period,respondent,respondent-name,fueltype,type-name,value,value-units
2025-01-01 00:00:00,CAL,California,OTH,Other,-3395,megawatthours
2025-01-01 01:00:00,CAL,California,OTH,Other,628,megawatthours
2025-01-01 02:00:00,CAL,California,OTH,Other,4791,megawatthours
2025-01-01 03:00:00,CAL,California,OTH,Other,6402,megawatthours
2025-01-01 04:00:00,CAL,California,OTH,Other,5240,megawatthours
2025-01-01 05:00:00,CAL,California,OTH,Other,3943,megawatthours
2025-01-01 06:00:00,CAL,California,OTH,Other,2892,megawatthours
2025-01-01 07:00:00,CAL,California,OTH,Other,2488,megawatthours
2025-01-01 08:00:00,CAL,California,OTH,Other,1968,megawatthours
2025-01-01 09:00:00,CAL,California,OTH,Other,1606,megawatthours
2025-01-01 10:00:00,CAL,California,OTH,Other,2152,megawatthours
2025-01-01 11:00:00,CAL,California,OTH,Other,2167,megawatthours
2025-01-01 12:00:00,CAL,California,OTH,Other,1658,megawatthours
2025-01-01 13:00:00,CAL,California,OTH,Other,1171,megawatthours
2025-01-01 14:00:00,CAL,California,OTH,Other,973,megawatthours
2025-01-01 15:00:00,CAL,California,OTH,Other,1165,megawatthours
2025-01-01 16:00:00,CAL,California,OTH,Other,1550,megawatthours
2025-01-01 17:00:00,CAL,California,OTH,Other,347,megawatthours
2025-01-01 18:00:00,CAL,California,OTH,Other,-2487,megawatthours
2025-01-01 19:00:00,CAL,California,OTH,Other,-5150,megawatthours
2025-01-01 20:00:00,CAL,California,OTH,Other,-5174,megawatthours
2025-01-01 21:00:00,CAL,California,OTH,Other,-5069,megawatthours
2025-01-01 22:00:00,CAL,California,OTH,Other,-5243,megawatthours
2025-01-01 23:00:00,CAL,California,OTH,Other,-4428,megawatthours
2025-01-02 00:00:00,CAL,California,OTH,Other,-2534,megawatthours
2025-01-02 00:00:00,CAL,California,OTH,Other,-2534,megawatthours
2025-01-02 01:00:00,CAL,California,OTH,Other,175,megawatthours
2025-01-02 02:00:00,CAL,California,OTH,Other,3441,megawatthours
2025-01-02 03:00:00,CAL,California,OTH,Other,5091,megawatthours
2025-01-02 04:00:00,CAL,California,OTH,Other,4739,megawatthours
2025-01-02 05:00:00,CAL,California,OTH,Other,3780,megawatthours
2025-01-02 06:00:00,CAL,California,OTH,Other,3374,megawatthours
2025-01-02 07:00:00,CAL,California,OTH,Other,3097,megawatthours
2025-01-02 08:00:00,CAL,California,OTH,Other,2325,megawatthours
2025-01-02 09:00:00,CAL,California,OTH,Other,1557,megawatthours
2025-01-02 10:00:00,CAL,California,OTH,Other,991,megawatthours
2025-01-02 11:00:00,CAL,California,OTH,Other,862,megawatthours
2025-01-02 12:00:00,CAL,California,OTH,Other,572,megawatthours
2025-01-02 13:00:00,CAL,California,OTH,Other,341,megawatthours
2025-01-02 14:00:00,CAL,California,OTH,Other,884,megawatthours
2025-01-02 15:00:00,CAL,California,OTH,Other,2013,megawatthours
2025-01-02 16:00:00,CAL,California,OTH,Other,3481,megawatthours
2025-01-02 17:00:00,CAL,California,OTH,Other,2200,megawatthours
2025-01-02 18:00:00,CAL,California,OTH,Other,-1909,megawatthours
2025-01-02 19:00:00,CAL,California,OTH,Other,-4295,megawatthours
2025-01-02 20:00:00,CAL,California,OTH,Other,-4769,megawatthours
2025-01-02 21:00:00,CAL,California,OTH,Other,-5786,megawatthours
2025-01-02 22:00:00,CAL,California,OTH,Other,-5410,megawatthours
2025-01-02 23:00:00,CAL,California,OTH,Other,-4368,megawatthours
2025-01-03 00:00:00,CAL,California,OTH,Other,-3091,megawatthours
2025-01-03 00:00:00,CAL,California,OTH,Other,-3091,megawatthours
2025-01-03 01:00:00,CAL,California,OTH,Other,537,megawatthours
2025-01-03 02:00:00,CAL,California,OTH,Other,4176,megawatthours
2025-01-03 03:00:00,CAL,California,OTH,Other,5588,megawatthours
2025-01-03 04:00:00,CAL,California,OTH,Other,5114,megawatthours
2025-01-03 05:00:00,CAL,California,OTH,Other,4742,megawatthours
2025-01-03 06:00:00,CAL,California,OTH,Other,3385,megawatthours
2025-01-03 07:00:00,CAL,California,OTH,Other,2884,megawatthours
2025-01-03 08:00:00,CAL,California,OTH,Other,2284,megawatthours
2025-01-03 09:00:00,CAL,California,OTH,Other,1152,megawatthours
2025-01-03 10:00:00,CAL,California,OTH,Other,219,megawatthours
2025-01-03 11:00:00,CAL,California,OTH,Other,-466,megawatthours
2025-01-03 12:00:00,CAL,California,OTH,Other,-609,megawatthours
2025-01-03 13:00:00,CAL,California,OTH,Other,-598,megawatthours
2025-01-03 14:00:00,CAL,California,OTH,Other,-121,megawatthours
2025-01-03 15:00:00,CAL,California,OTH,Other,962,megawatthours
2025-01-03 16:00:00,CAL,California,OTH,Other,2575,megawatthours
2025-01-03 17:00:00,CAL,California,OTH,Other,2493,megawatthours
2025-01-03 18:00:00,CAL,California,OTH,Other,680,megawatthours
2025-01-03 19:00:00,CAL,California,OTH,Other,-215,megawatthours
2025-01-03 20:00:00,CAL,California,OTH,Other,-1147,megawatthours
2025-01-03 21:00:00,CAL,California,OTH,Other,-2798,megawatthours
2025-01-03 22:00:00,CAL,California,OTH,Other,-3064,megawatthours
2025-01-03 23:00:00,CAL,California,OTH,Other,-2669,megawatthours
2025-01-04 00:00:00,CAL,California,OTH,Other,-2384,megawatthours
2025-01-04 00:00:00,CAL,California,OTH,Other,-2384,megawatthours
2025-01-04 01:00:00,CAL,California,OTH,Other,-320,megawatthours
2025-01-04 02:00:00,CAL,California,OTH,Other,2384,megawatthours
2025-01-04 03:00:00,CAL,California,OTH,Other,3315,megawatthours
2025-01-04 04:00:00,CAL,California,OTH,Other,2698,megawatthours
2025-01-04 05:00:00,CAL,California,OTH,Other,1695,megawatthours
2025-01-04 06:00:00,CAL,California,OTH,Other,1359,megawatthours
2025-01-04 07:00:00,CAL,California,OTH,Other,1108,megawatthours
2025-01-04 08:00:00,CAL,California,OTH,Other,891,megawatthours
2025-01-04 09:00:00,CAL,California,OTH,Other,232,megawatthours
2025-01-04 10:00:00,CAL,California,OTH,Other,2103,megawatthours
2025-01-04 11:00:00,CAL,California,OTH,Other,1752,megawatthours
2025-01-04 12:00:00,CAL,California,OTH,Other,1608,megawatthours
2025-01-04 13:00:00,CAL,California,OTH,Other,1228,megawatthours
2025-01-04 14:00:00,CAL,California,OTH,Other,988,megawatthours
2025-01-04 15:00:00,CAL,California,OTH,Other,1534,megawatthours
2025-01-04 16:00:00,CAL,California,OTH,Other,2328,megawatthours
2025-01-04 17:00:00,CAL,California,OTH,Other,1667,megawatthours
2025-01-04 18:00:00,CAL,California,OTH,Other,-2521,megawatthours
2025-01-04 19:00:00,CAL,California,OTH,Other,-4712,megawatthours
2025-01-04 20:00:00,CAL,California,OTH,Other,-4581,megawatthours
2025-01-04 21:00:00,CAL,California,OTH,Other,-4453,megawatthours
2025-01-04 22:00:00,CAL,California,OTH,Other,-4657,megawatthours
2025-01-04 23:00:00,CAL,California,OTH,Other,-3522,megawatthours
2025-01-05 00:00:00,CAL,California,OTH,Other,-2249,megawatthours
2025-01-05 00:00:00,CAL,California,OTH,Other,-2249,megawatthours
2025-01-05 01:00:00,CAL,California,OTH,Other,1703,megawatthours
2025-01-05 02:00:00,CAL,California,OTH,Other,4349,megawatthours
2025-01-05 03:00:00,CAL,California,OTH,Other,5973,megawatthours
2025-01-05 04:00:00,CAL,California,OTH,Other,5150,megawatthours
2025-01-05 05:00:00,CAL,California,OTH,Other,3840,megawatthours
2025-01-05 06:00:00,CAL,California,OTH,Other,3262,megawatthours
2025-01-05 07:00:00,CAL,California,OTH,Other,3298,megawatthours
2025-01-05 08:00:00,CAL,California,OTH,Other,2400,megawatthours
2025-01-05 09:00:00,CAL,California,OTH,Other,1239,megawatthours
2025-01-05 10:00:00,CAL,California,OTH,Other,1365,megawatthours
2025-01-05 11:00:00,CAL,California,OTH,Other,1073,megawatthours
2025-01-05 12:00:00,CAL,California,OTH,Other,647,megawatthours
2025-01-05 13:00:00,CAL,California,OTH,Other,711,megawatthours
2025-01-05 14:00:00,CAL,California,OTH,Other,733,megawatthours
2025-01-05 15:00:00,CAL,California,OTH,Other,1449,megawatthours
2025-01-05 16:00:00,CAL,California,OTH,Other,2262,megawatthours
2025-01-05 17:00:00,CAL,California,OTH,Other,862,megawatthours
2025-01-05 18:00:00,CAL,California,OTH,Other,-1678,megawatthours
2025-01-05 19:00:00,CAL,California,OTH,Other,-3617,megawatthours
2025-01-05 20:00:00,CAL,California,OTH,Other,-4727,megawatthours
2025-01-05 21:00:00,CAL,California,OTH,Other,-5281,megawatthours
2025-01-05 22:00:00,CAL,California,OTH,Other,-5985,megawatthours
2025-01-05 23:00:00,CAL,California,OTH,Other,-4995,megawatthours
2025-01-06 00:00:00,CAL,California,OTH,Other,-3345,megawatthours
2025-01-06 00:00:00,CAL,California,OTH,Other,-3345,megawatthours
2025-01-06 01:00:00,CAL,California,OTH,Other,563,megawatthours
2025-01-06 02:00:00,CAL,California,OTH,Other,4740,megawatthours
2025-01-06 03:00:00,CAL,California,OTH,Other,6127,megawatthours
2025-01-06 04:00:00,CAL,California,OTH,Other,5862,megawatthours
2025-01-06 05:00:00,CAL,California,OTH,Other,5589,megawatthours
2025-01-06 06:00:00,CAL,California,OTH,Other,4405,megawatthours
2025-01-06 07:00:00,CAL,California,OTH,Other,3324,megawatthours
2025-01-06 08:00:00,CAL,California,OTH,Other,2034,megawatthours
2025-01-06 09:00:00,CAL,California,OTH,Other,1077,megawatthours
2025-01-06 10:00:00,CAL,California,OTH,Other,1016,megawatthours
2025-01-06 11:00:00,CAL,California,OTH,Other,562,megawatthours
2025-01-06 12:00:00,CAL,California,OTH,Other,382,megawatthours
2025-01-06 13:00:00,CAL,California,OTH,Other,724,megawatthours
2025-01-06 14:00:00,CAL,California,OTH,Other,959,megawatthours
2025-01-06 15:00:00,CAL,California,OTH,Other,1521,megawatthours
2025-01-06 16:00:00,CAL,California,OTH,Other,1995,megawatthours
2025-01-06 17:00:00,CAL,California,OTH,Other,1220,megawatthours
2025-01-06 18:00:00,CAL,California,OTH,Other,-1565,megawatthours
2025-01-06 19:00:00,CAL,California,OTH,Other,-3381,megawatthours
2025-01-06 20:00:00,CAL,California,OTH,Other,-3903,megawatthours
2025-01-06 21:00:00,CAL,California,OTH,Other,-4869,megawatthours
2025-01-06 22:00:00,CAL,California,OTH,Other,-5281,megawatthours
2025-01-06 23:00:00,CAL,California,OTH,Other,-4196,megawatthours
2025-01-07 00:00:00,CAL,California,OTH,Other,-2697,megawatthours
2025-01-07 00:00:00,CAL,California,OTH,Other,-2697,megawatthours
2025-01-07 01:00:00,CAL,California,OTH,Other,715,megawatthours
2025-01-07 02:00:00,CAL,California,OTH,Other,4178,megawatthours
2025-01-07 03:00:00,CAL,California,OTH,Other,5953,megawatthours
2025-01-07 04:00:00,CAL,California,OTH,Other,4748,megawatthours
2025-01-07 05:00:00,CAL,California,OTH,Other,3475,megawatthours
2025-01-07 06:00:00,CAL,California,OTH,Other,1788,megawatthours
2025-01-07 07:00:00,CAL,California,OTH,Other,1440,megawatthours
2025-01-07 08:00:00,CAL,California,OTH,Other,55,megawatthours
2025-01-07 09:00:00,CAL,California,OTH,Other,-182,megawatthours
2025-01-07 10:00:00,CAL,California,OTH,Other,217,megawatthours
2025-01-07 11:00:00,CAL,California,OTH,Other,100,megawatthours
2025-01-07 12:00:00,CAL,California,OTH,Other,158,megawatthours
2025-01-07 13:00:00,CAL,California,OTH,Other,341,megawatthours
2025-01-07 14:00:00,CAL,California,OTH,Other,467,megawatthours
2025-01-07 15:00:00,CAL,California,OTH,Other,1420,megawatthours
2025-01-07 16:00:00,CAL,California,OTH,Other,2666,megawatthours
2025-01-07 17:00:00,CAL,California,OTH,Other,2843,megawatthours
2025-01-07 18:00:00,CAL,California,OTH,Other,976,megawatthours
2025-01-07 19:00:00,CAL,California,OTH,Other,-1368,megawatthours
2025-01-07 20:00:00,CAL,California,OTH,Other,-2808,megawatthours
2025-01-07 21:00:00,CAL,California,OTH,Other,-4179,megawatthours
2025-01-07 22:00:00,CAL,California,OTH,Other,-4081,megawatthours
2025-01-07 23:00:00,CAL,California,OTH,Other,-3585,megawatthours
2025-01-08 00:00:00,CAL,California,OTH,Other,-2411,megawatthours
2025-01-08 00:00:00,CAL,California,OTH,Other,-2411,megawatthours
2025-01-08 01:00:00,CAL,California,OTH,Other,330,megawatthours
2025-01-08 02:00:00,CAL,California,OTH,Other,3730,megawatthours
2025-01-08 03:00:00,CAL,California,OTH,Other,5068,megawatthours
2025-01-08 04:00:00,CAL,California,OTH,Other,4068,megawatthours
2025-01-08 05:00:00,CAL,California,OTH,Other,2846,megawatthours
2025-01-08 06:00:00,CAL,California,OTH,Other,2692,megawatthours
2025-01-08 07:00:00,CAL,California,OTH,Other,2168,megawatthours
2025-01-08 08:00:00,CAL,California,OTH,Other,1307,megawatthours
2025-01-08 09:00:00,CAL,California,OTH,Other,1028,megawatthours
2025-01-08 10:00:00,CAL,California,OTH,Other,368,megawatthours
2025-01-08 11:00:00,CAL,California,OTH,Other,129,megawatthours
2025-01-08 12:00:00,CAL,California,OTH,Other,-22,megawatthours
2025-01-08 13:00:00,CAL,California,OTH,Other,-163,megawatthours
2025-01-08 14:00:00,CAL,California,OTH,Other,370,megawatthours
2025-01-08 15:00:00,CAL,California,OTH,Other,1088,megawatthours
2025-01-08 16:00:00,CAL,California,OTH,Other,2788,megawatthours
2025-01-08 17:00:00,CAL,California,OTH,Other,3401,megawatthours
2025-01-08 18:00:00,CAL,California,OTH,Other,751,megawatthours
2025-01-08 19:00:00,CAL,California,OTH,Other,-1022,megawatthours
2025-01-08 20:00:00,CAL,California,OTH,Other,-3171,megawatthours
2025-01-08 21:00:00,CAL,California,OTH,Other,-4011,megawatthours
2025-01-08 22:00:00,CAL,California,OTH,Other,-4499,megawatthours
2025-01-08 23:00:00,CAL,California,OTH,Other,-4338,megawatthours
2025-01-09 00:00:00,CAL,California,OTH,Other,-3826,megawatthours
2025-01-09 00:00:00,CAL,California,OTH,Other,-3826,megawatthours
2025-01-09 01:00:00,CAL,California,OTH,Other,-1008,megawatthours
2025-01-09 02:00:00,CAL,California,OTH,Other,2126,megawatthours
2025-01-09 03:00:00,CAL,California,OTH,Other,4053,megawatthours
2025-01-09 04:00:00,CAL,California,OTH,Other,3787,megawatthours
2025-01-09 05:00:00,CAL,California,OTH,Other,3197,megawatthours
2025-01-09 06:00:00,CAL,California,OTH,Other,2768,megawatthours
2025-01-09 07:00:00,CAL,California,OTH,Other,1714,megawatthours
2025-01-09 08:00:00,CAL,California,OTH,Other,1486,megawatthours
2025-01-09 09:00:00,CAL,California,OTH,Other,544,megawatthours
2025-01-09 10:00:00,CAL,California,OTH,Other,589,megawatthours
2025-01-09 11:00:00,CAL,California,OTH,Other,512,megawatthours
2025-01-09 12:00:00,CAL,California,OTH,Other,198,megawatthours
2025-01-09 13:00:00,CAL,California,OTH,Other,325,megawatthours
2025-01-09 14:00:00,CAL,California,OTH,Other,612,megawatthours
2025-01-09 15:00:00,CAL,California,OTH,Other,1399,megawatthours
2025-01-09 16:00:00,CAL,California,OTH,Other,2861,megawatthours
2025-01-09 17:00:00,CAL,California,OTH,Other,2159,megawatthours
2025-01-09 18:00:00,CAL,California,OTH,Other,-1578,megawatthours
2025-01-09 19:00:00,CAL,California,OTH,Other,-2896,megawatthours
2025-01-09 20:00:00,CAL,California,OTH,Other,-3566,megawatthours
2025-01-09 21:00:00,CAL,California,OTH,Other,-4227,megawatthours
2025-01-09 22:00:00,CAL,California,OTH,Other,-4769,megawatthours
2025-01-09 23:00:00,CAL,California,OTH,Other,-4041,megawatthours
2025-01-10 00:00:00,CAL,California,OTH,Other,-2295,megawatthours
2025-01-10 00:00:00,CAL,California,OTH,Other,-2295,megawatthours
2025-01-10 01:00:00,CAL,California,OTH,Other,125,megawatthours
2025-01-10 02:00:00,CAL,California,OTH,Other,2549,megawatthours
2025-01-10 03:00:00,CAL,California,OTH,Other,4404,megawatthours
2025-01-10 04:00:00,CAL,California,OTH,Other,3699,megawatthours
2025-01-10 05:00:00,CAL,California,OTH,Other,3170,megawatthours
2025-01-10 06:00:00,CAL,California,OTH,Other,2889,megawatthours
2025-01-10 07:00:00,CAL,California,OTH,Other,2237,megawatthours
2025-01-10 08:00:00,CAL,California,OTH,Other,1326,megawatthours
2025-01-10 09:00:00,CAL,California,OTH,Other,699,megawatthours
2025-01-10 10:00:00,CAL,California,OTH,Other,1909,megawatthours
2025-01-10 11:00:00,CAL,California,OTH,Other,2170,megawatthours
2025-01-10 12:00:00,CAL,California,OTH,Other,1965,megawatthours
2025-01-10 13:00:00,CAL,California,OTH,Other,1598,megawatthours
2025-01-10 14:00:00,CAL,California,OTH,Other,1346,megawatthours
2025-01-10 15:00:00,CAL,California,OTH,Other,1962,megawatthours
2025-01-10 16:00:00,CAL,California,OTH,Other,3898,megawatthours
2025-01-10 17:00:00,CAL,California,OTH,Other,2667,megawatthours
2025-01-10 18:00:00,CAL,California,OTH,Other,-1176,megawatthours
2025-01-10 19:00:00,CAL,California,OTH,Other,-3704,megawatthours
2025-01-10 20:00:00,CAL,California,OTH,Other,-4542,megawatthours
2025-01-10 21:00:00,CAL,California,OTH,Other,-4888,megawatthours
2025-01-10 22:00:00,CAL,California,OTH,Other,-5087,megawatthours
2025-01-10 23:00:00,CAL,California,OTH,Other,-4212,megawatthours
2025-01-11 00:00:00,CAL,California,OTH,Other,-3214,megawatthours
2025-01-11 00:00:00,CAL,California,OTH,Other,-3214,megawatthours
2025-01-11 01:00:00,CAL,California,OTH,Other,-300,megawatthours
2025-01-11 02:00:00,CAL,California,OTH,Other,3257,megawatthours
2025-01-11 03:00:00,CAL,California,OTH,Other,6396,megawatthours
2025-01-11 04:00:00,CAL,California,OTH,Other,5554,megawatthours
2025-01-11 05:00:00,CAL,California,OTH,Other,4226,megawatthours
2025-01-11 06:00:00,CAL,California,OTH,Other,3968,megawatthours
2025-01-11 07:00:00,CAL,California,OTH,Other,3129,megawatthours
2025-01-11 08:00:00,CAL,California,OTH,Other,2513,megawatthours
2025-01-11 09:00:00,CAL,California,OTH,Other,1486,megawatthours
2025-01-11 10:00:00,CAL,California,OTH,Other,1778,megawatthours
2025-01-11 11:00:00,CAL,California,OTH,Other,1215,megawatthours
2025-01-11 12:00:00,CAL,California,OTH,Other,823,megawatthours
2025-01-11 13:00:00,CAL,California,OTH,Other,665,megawatthours
2025-01-11 14:00:00,CAL,California,OTH,Other,630,megawatthours
2025-01-11 15:00:00,CAL,California,OTH,Other,1225,megawatthours
2025-01-11 16:00:00,CAL,California,OTH,Other,2771,megawatthours
2025-01-11 17:00:00,CAL,California,OTH,Other,1708,megawatthours
2025-01-11 18:00:00,CAL,California,OTH,Other,-1437,megawatthours
2025-01-11 19:00:00,CAL,California,OTH,Other,-4839,megawatthours
2025-01-11 20:00:00,CAL,California,OTH,Other,-6208,megawatthours
2025-01-11 21:00:00,CAL,California,OTH,Other,-6855,megawatthours
2025-01-11 22:00:00,CAL,California,OTH,Other,-5884,megawatthours
2025-01-11 23:00:00,CAL,California,OTH,Other,-5116,megawatthours
2025-01-12 00:00:00,CAL,California,OTH,Other,-3350,megawatthours
2025-01-12 00:00:00,CAL,California,OTH,Other,-3350,megawatthours
2025-01-12 01:00:00,CAL,California,OTH,Other,49,megawatthours
2025-01-12 02:00:00,CAL,California,OTH,Other,3744,megawatthours
2025-01-12 03:00:00,CAL,California,OTH,Other,6061,megawatthours
2025-01-12 04:00:00,CAL,California,OTH,Other,5846,megawatthours
2025-01-12 05:00:00,CAL,California,OTH,Other,5418,megawatthours
2025-01-12 06:00:00,CAL,California,OTH,Other,5094,megawatthours
2025-01-12 07:00:00,CAL,California,OTH,Other,3910,megawatthours
2025-01-12 08:00:00,CAL,California,OTH,Other,2799,megawatthours
2025-01-12 09:00:00,CAL,California,OTH,Other,1699,megawatthours
2025-01-12 10:00:00,CAL,California,OTH,Other,1993,megawatthours
2025-01-12 11:00:00,CAL,California,OTH,Other,874,megawatthours
2025-01-12 12:00:00,CAL,California,OTH,Other,237,megawatthours
2025-01-12 13:00:00,CAL,California,OTH,Other,192,megawatthours
2025-01-12 14:00:00,CAL,California,OTH,Other,543,megawatthours
2025-01-12 15:00:00,CAL,California,OTH,Other,1466,megawatthours
2025-01-12 16:00:00,CAL,California,OTH,Other,2527,megawatthours
2025-01-12 17:00:00,CAL,California,OTH,Other,1223,megawatthours
2025-01-12 18:00:00,CAL,California,OTH,Other,-1675,megawatthours
2025-01-12 19:00:00,CAL,California,OTH,Other,-3902,megawatthours
2025-01-12 20:00:00,CAL,California,OTH,Other,-4795,megawatthours
2025-01-12 21:00:00,CAL,California,OTH,Other,-5405,megawatthours
2025-01-12 22:00:00,CAL,California,OTH,Other,-5475,megawatthours
2025-01-12 23:00:00,CAL,California,OTH,Other,-5166,megawatthours
2025-01-13 00:00:00,CAL,California,OTH,Other,-4264,megawatthours
2025-01-13 00:00:00,CAL,California,OTH,Other,-4264,megawatthours
2025-01-13 01:00:00,CAL,California,OTH,Other,-722,megawatthours
2025-01-13 02:00:00,CAL,California,OTH,Other,4068,megawatthours
2025-01-13 03:00:00,CAL,California,OTH,Other,6747,megawatthours
2025-01-13 04:00:00,CAL,California,OTH,Other,6704,megawatthours
2025-01-13 05:00:00,CAL,California,OTH,Other,5145,megawatthours
2025-01-13 06:00:00,CAL,California,OTH,Other,3880,megawatthours
2025-01-13 07:00:00,CAL,California,OTH,Other,3264,megawatthours
2025-01-13 08:00:00,CAL,California,OTH,Other,1581,megawatthours
2025-01-13 09:00:00,CAL,California,OTH,Other,322,megawatthours
2025-01-13 10:00:00,CAL,California,OTH,Other,392,megawatthours
2025-01-13 11:00:00,CAL,California,OTH,Other,223,megawatthours
2025-01-13 12:00:00,CAL,California,OTH,Other,-280,megawatthours
2025-01-13 13:00:00,CAL,California,OTH,Other,-267,megawatthours
2025-01-13 14:00:00,CAL,California,OTH,Other,328,megawatthours
2025-01-13 15:00:00,CAL,California,OTH,Other,1063,megawatthours
2025-01-13 16:00:00,CAL,California,OTH,Other,2990,megawatthours
2025-01-13 17:00:00,CAL,California,OTH,Other,1947,megawatthours
2025-01-13 18:00:00,CAL,California,OTH,Other,-1300,megawatthours
2025-01-13 19:00:00,CAL,California,OTH,Other,-3287,megawatthours
2025-01-13 20:00:00,CAL,California,OTH,Other,-3979,megawatthours
2025-01-13 21:00:00,CAL,California,OTH,Other,-4761,megawatthours
2025-01-13 22:00:00,CAL,California,OTH,Other,-4493,megawatthours
2025-01-13 23:00:00,CAL,California,OTH,Other,-4591,megawatthours
2025-01-14 00:00:00,CAL,California,OTH,Other,-3726,megawatthours
2025-01-14 00:00:00,CAL,California,OTH,Other,-3726,megawatthours
2025-01-14 01:00:00,CAL,California,OTH,Other,-301,megawatthours
2025-01-14 02:00:00,CAL,California,OTH,Other,3804,megawatthours
2025-01-14 03:00:00,CAL,California,OTH,Other,6696,megawatthours
2025-01-14 04:00:00,CAL,California,OTH,Other,5919,megawatthours
2025-01-14 05:00:00,CAL,California,OTH,Other,5011,megawatthours
2025-01-14 06:00:00,CAL,California,OTH,Other,4354,megawatthours
2025-01-14 07:00:00,CAL,California,OTH,Other,2971,megawatthours
2025-01-14 08:00:00,CAL,California,OTH,Other,2102,megawatthours
2025-01-14 09:00:00,CAL,California,OTH,Other,1305,megawatthours
2025-01-14 10:00:00,CAL,California,OTH,Other,652,megawatthours
2025-01-14 11:00:00,CAL,California,OTH,Other,535,megawatthours
2025-01-14 12:00:00,CAL,California,OTH,Other,73,megawatthours
2025-01-14 13:00:00,CAL,California,OTH,Other,98,megawatthours
2025-01-14 14:00:00,CAL,California,OTH,Other,558,megawatthours
2025-01-14 15:00:00,CAL,California,OTH,Other,1423,megawatthours
2025-01-14 16:00:00,CAL,California,OTH,Other,2214,megawatthours
2025-01-14 17:00:00,CAL,California,OTH,Other,1125,megawatthours
2025-01-14 18:00:00,CAL,California,OTH,Other,-2095,megawatthours
2025-01-14 19:00:00,CAL,California,OTH,Other,-3949,megawatthours
2025-01-14 20:00:00,CAL,California,OTH,Other,-4785,megawatthours
2025-01-14 21:00:00,CAL,California,OTH,Other,-5080,megawatthours
2025-01-14 22:00:00,CAL,California,OTH,Other,-5259,megawatthours
2025-01-14 23:00:00,CAL,California,OTH,Other,-5416,megawatthours
2025-01-15 00:00:00,CAL,California,OTH,Other,-4369,megawatthours
2025-01-15 00:00:00,CAL,California,OTH,Other,-4369,megawatthours
2025-01-15 01:00:00,CAL,California,OTH,Other,-936,megawatthours
2025-01-15 02:00:00,CAL,California,OTH,Other,3039,megawatthours
2025-01-15 03:00:00,CAL,California,OTH,Other,4559,megawatthours
2025-01-15 04:00:00,CAL,California,OTH,Other,4941,megawatthours
2025-01-15 05:00:00,CAL,California,OTH,Other,4538,megawatthours
2025-01-15 06:00:00,CAL,California,OTH,Other,4027,megawatthours
2025-01-15 07:00:00,CAL,California,OTH,Other,2905,megawatthours
2025-01-15 08:00:00,CAL,California,OTH,Other,1926,megawatthours
2025-01-15 09:00:00,CAL,California,OTH,Other,1082,megawatthours
2025-01-15 10:00:00,CAL,California,OTH,Other,692,megawatthours
2025-01-15 11:00:00,CAL,California,OTH,Other,410,megawatthours
2025-01-15 12:00:00,CAL,California,OTH,Other,-478,megawatthours
2025-01-15 13:00:00,CAL,California,OTH,Other,-326,megawatthours
2025-01-15 14:00:00,CAL,California,OTH,Other,456,megawatthours
2025-01-15 15:00:00,CAL,California,OTH,Other,1551,megawatthours
2025-01-15 16:00:00,CAL,California,OTH,Other,3693,megawatthours
2025-01-15 17:00:00,CAL,California,OTH,Other,2520,megawatthours
2025-01-15 18:00:00,CAL,California,OTH,Other,-1609,megawatthours
2025-01-15 19:00:00,CAL,California,OTH,Other,-3348,megawatthours
2025-01-15 20:00:00,CAL,California,OTH,Other,-4104,megawatthours
2025-01-15 21:00:00,CAL,California,OTH,Other,-4291,megawatthours
2025-01-15 22:00:00,CAL,California,OTH,Other,-4680,megawatthours
2025-01-15 23:00:00,CAL,California,OTH,Other,-4834,megawatthours
2025-01-16 00:00:00,CAL,California,OTH,Other,-3802,megawatthours
2025-01-16 00:00:00,CAL,California,OTH,Other,-3802,megawatthours
2025-01-16 01:00:00,CAL,California,OTH,Other,-450,megawatthours
2025-01-16 02:00:00,CAL,California,OTH,Other,2535,megawatthours
2025-01-16 03:00:00,CAL,California,OTH,Other,5193,megawatthours
2025-01-16 04:00:00,CAL,California,OTH,Other,5304,megawatthours
2025-01-16 05:00:00,CAL,California,OTH,Other,4703,megawatthours
2025-01-16 06:00:00,CAL,California,OTH,Other,4056,megawatthours
2025-01-16 07:00:00,CAL,California,OTH,Other,3237,megawatthours
2025-01-16 08:00:00,CAL,California,OTH,Other,2090,megawatthours
2025-01-16 09:00:00,CAL,California,OTH,Other,1187,megawatthours
2025-01-16 10:00:00,CAL,California,OTH,Other,618,megawatthours
2025-01-16 11:00:00,CAL,California,OTH,Other,562,megawatthours
2025-01-16 12:00:00,CAL,California,OTH,Other,357,megawatthours
2025-01-16 13:00:00,CAL,California,OTH,Other,563,megawatthours
2025-01-16 14:00:00,CAL,California,OTH,Other,859,megawatthours
2025-01-16 15:00:00,CAL,California,OTH,Other,1831,megawatthours
2025-01-16 16:00:00,CAL,California,OTH,Other,3619,megawatthours
2025-01-16 17:00:00,CAL,California,OTH,Other,2218,megawatthours
2025-01-16 18:00:00,CAL,California,OTH,Other,-688,megawatthours
2025-01-16 19:00:00,CAL,California,OTH,Other,-2221,megawatthours
2025-01-16 20:00:00,CAL,California,OTH,Other,-3325,megawatthours
2025-01-16 21:00:00,CAL,California,OTH,Other,-3814,megawatthours
2025-01-16 22:00:00,CAL,California,OTH,Other,-3547,megawatthours
2025-01-16 23:00:00,CAL,California,OTH,Other,-3618,megawatthours
2025-01-17 00:00:00,CAL,California,OTH,Other,-3092,megawatthours
2025-01-17 00:00:00,CAL,California,OTH,Other,-3092,megawatthours
2025-01-17 01:00:00,CAL,California,OTH,Other,-1118,megawatthours
2025-01-17 02:00:00,CAL,California,OTH,Other,2571,megawatthours
2025-01-17 03:00:00,CAL,California,OTH,Other,4228,megawatthours
2025-01-17 04:00:00,CAL,California,OTH,Other,4030,megawatthours
2025-01-17 05:00:00,CAL,California,OTH,Other,3465,megawatthours
2025-01-17 06:00:00,CAL,California,OTH,Other,2910,megawatthours
2025-01-17 07:00:00,CAL,California,OTH,Other,2226,megawatthours
2025-01-17 08:00:00,CAL,California,OTH,Other,1264,megawatthours
2025-01-17 09:00:00,CAL,California,OTH,Other,776,megawatthours
2025-01-17 10:00:00,CAL,California,OTH,Other,934,megawatthours
2025-01-17 11:00:00,CAL,California,OTH,Other,533,megawatthours
2025-01-17 12:00:00,CAL,California,OTH,Other,265,megawatthours
2025-01-17 13:00:00,CAL,California,OTH,Other,272,megawatthours
2025-01-17 14:00:00,CAL,California,OTH,Other,513,megawatthours
2025-01-17 15:00:00,CAL,California,OTH,Other,1256,megawatthours
2025-01-17 16:00:00,CAL,California,OTH,Other,3190,megawatthours
2025-01-17 17:00:00,CAL,California,OTH,Other,2221,megawatthours
2025-01-17 18:00:00,CAL,California,OTH,Other,-1493,megawatthours
2025-01-17 19:00:00,CAL,California,OTH,Other,-3432,megawatthours
2025-01-17 20:00:00,CAL,California,OTH,Other,-4576,megawatthours
2025-01-17 21:00:00,CAL,California,OTH,Other,-4763,megawatthours
2025-01-17 22:00:00,CAL,California,OTH,Other,-4906,megawatthours
2025-01-17 23:00:00,CAL,California,OTH,Other,-4299,megawatthours
2025-01-18 00:00:00,CAL,California,OTH,Other,-2815,megawatthours
2025-01-18 00:00:00,CAL,California,OTH,Other,-2815,megawatthours
2025-01-18 01:00:00,CAL,California,OTH,Other,-619,megawatthours
2025-01-18 02:00:00,CAL,California,OTH,Other,3669,megawatthours
2025-01-18 03:00:00,CAL,California,OTH,Other,5667,megawatthours
2025-01-18 04:00:00,CAL,California,OTH,Other,4528,megawatthours
2025-01-18 05:00:00,CAL,California,OTH,Other,3886,megawatthours
2025-01-18 06:00:00,CAL,California,OTH,Other,2900,megawatthours
2025-01-18 07:00:00,CAL,California,OTH,Other,2366,megawatthours
2025-01-18 08:00:00,CAL,California,OTH,Other,1453,megawatthours
2025-01-18 09:00:00,CAL,California,OTH,Other,971,megawatthours
2025-01-18 10:00:00,CAL,California,OTH,Other,606,megawatthours
2025-01-18 11:00:00,CAL,California,OTH,Other,510,megawatthours
2025-01-18 12:00:00,CAL,California,OTH,Other,342,megawatthours
2025-01-18 13:00:00,CAL,California,OTH,Other,361,megawatthours
2025-01-18 14:00:00,CAL,California,OTH,Other,817,megawatthours
2025-01-18 15:00:00,CAL,California,OTH,Other,2066,megawatthours
2025-01-18 16:00:00,CAL,California,OTH,Other,3863,megawatthours
2025-01-18 17:00:00,CAL,California,OTH,Other,2802,megawatthours
2025-01-18 18:00:00,CAL,California,OTH,Other,-185,megawatthours
2025-01-18 19:00:00,CAL,California,OTH,Other,-2129,megawatthours
2025-01-18 20:00:00,CAL,California,OTH,Other,-3015,megawatthours
2025-01-18 21:00:00,CAL,California,OTH,Other,-3583,megawatthours
2025-01-18 22:00:00,CAL,California,OTH,Other,-4140,megawatthours
2025-01-18 23:00:00,CAL,California,OTH,Other,-4383,megawatthours
2025-01-19 00:00:00,CAL,California,OTH,Other,-3943,megawatthours
2025-01-19 00:00:00,CAL,California,OTH,Other,-3943,megawatthours
2025-01-19 01:00:00,CAL,California,OTH,Other,-820,megawatthours
2025-01-19 02:00:00,CAL,California,OTH,Other,2943,megawatthours
2025-01-19 03:00:00,CAL,California,OTH,Other,5194,megawatthours
2025-01-19 04:00:00,CAL,California,OTH,Other,4856,megawatthours
2025-01-19 05:00:00,CAL,California,OTH,Other,4898,megawatthours
2025-01-19 06:00:00,CAL,California,OTH,Other,3776,megawatthours
2025-01-19 07:00:00,CAL,California,OTH,Other,3560,megawatthours
2025-01-19 08:00:00,CAL,California,OTH,Other,2765,megawatthours
2025-01-19 09:00:00,CAL,California,OTH,Other,2081,megawatthours
2025-01-19 10:00:00,CAL,California,OTH,Other,1673,megawatthours
2025-01-19 11:00:00,CAL,California,OTH,Other,1266,megawatthours
2025-01-19 12:00:00,CAL,California,OTH,Other,681,megawatthours
2025-01-19 13:00:00,CAL,California,OTH,Other,601,megawatthours
2025-01-19 14:00:00,CAL,California,OTH,Other,586,megawatthours
2025-01-19 15:00:00,CAL,California,OTH,Other,1060,megawatthours
2025-01-19 16:00:00,CAL,California,OTH,Other,1632,megawatthours
2025-01-19 17:00:00,CAL,California,OTH,Other,751,megawatthours
2025-01-19 18:00:00,CAL,California,OTH,Other,-666,megawatthours
2025-01-19 19:00:00,CAL,California,OTH,Other,-2177,megawatthours
2025-01-19 20:00:00,CAL,California,OTH,Other,-2686,megawatthours
2025-01-19 21:00:00,CAL,California,OTH,Other,-4210,megawatthours
2025-01-19 22:00:00,CAL,California,OTH,Other,-4965,megawatthours
2025-01-19 23:00:00,CAL,California,OTH,Other,-5342,megawatthours
2025-01-20 00:00:00,CAL,California,OTH,Other,-4919,megawatthours
2025-01-20 00:00:00,CAL,California,OTH,Other,-4919,megawatthours
2025-01-20 01:00:00,CAL,California,OTH,Other,-1943,megawatthours
2025-01-20 02:00:00,CAL,California,OTH,Other,2107,megawatthours
2025-01-20 03:00:00,CAL,California,OTH,Other,4681,megawatthours
2025-01-20 04:00:00,CAL,California,OTH,Other,4856,megawatthours
2025-01-20 05:00:00,CAL,California,OTH,Other,4094,megawatthours
2025-01-20 06:00:00,CAL,California,OTH,Other,3215,megawatthours
2025-01-20 07:00:00,CAL,California,OTH,Other,2601,megawatthours
2025-01-20 08:00:00,CAL,California,OTH,Other,1715,megawatthours
2025-01-20 09:00:00,CAL,California,OTH,Other,1328,megawatthours
2025-01-20 10:00:00,CAL,California,OTH,Other,1179,megawatthours
2025-01-20 11:00:00,CAL,California,OTH,Other,1045,megawatthours
2025-01-20 12:00:00,CAL,California,OTH,Other,479,megawatthours
2025-01-20 13:00:00,CAL,California,OTH,Other,510,megawatthours
2025-01-20 14:00:00,CAL,California,OTH,Other,1146,megawatthours
2025-01-20 15:00:00,CAL,California,OTH,Other,2185,megawatthours
2025-01-20 16:00:00,CAL,California,OTH,Other,3429,megawatthours
2025-01-20 17:00:00,CAL,California,OTH,Other,1928,megawatthours
2025-01-20 18:00:00,CAL,California,OTH,Other,-877,megawatthours
2025-01-20 19:00:00,CAL,California,OTH,Other,-2908,megawatthours
2025-01-20 20:00:00,CAL,California,OTH,Other,-2902,megawatthours
2025-01-20 21:00:00,CAL,California,OTH,Other,-3743,megawatthours
2025-01-20 22:00:00,CAL,California,OTH,Other,-4879,megawatthours
2025-01-20 23:00:00,CAL,California,OTH,Other,-5196,megawatthours
2025-01-21 00:00:00,CAL,California,OTH,Other,-4935,megawatthours
2025-01-21 00:00:00,CAL,California,OTH,Other,-4935,megawatthours
2025-01-21 01:00:00,CAL,California,OTH,Other,-1401,megawatthours
2025-01-21 02:00:00,CAL,California,OTH,Other,3117,megawatthours
2025-01-21 03:00:00,CAL,California,OTH,Other,5513,megawatthours
2025-01-21 04:00:00,CAL,California,OTH,Other,4840,megawatthours
2025-01-21 05:00:00,CAL,California,OTH,Other,4082,megawatthours
2025-01-21 06:00:00,CAL,California,OTH,Other,3202,megawatthours
2025-01-21 07:00:00,CAL,California,OTH,Other,2672,megawatthours
2025-01-21 08:00:00,CAL,California,OTH,Other,1879,megawatthours
2025-01-21 09:00:00,CAL,California,OTH,Other,870,megawatthours
2025-01-21 10:00:00,CAL,California,OTH,Other,617,megawatthours
2025-01-21 11:00:00,CAL,California,OTH,Other,186,megawatthours
2025-01-21 12:00:00,CAL,California,OTH,Other,-335,megawatthours
2025-01-21 13:00:00,CAL,California,OTH,Other,34,megawatthours
2025-01-21 14:00:00,CAL,California,OTH,Other,574,megawatthours
2025-01-21 15:00:00,CAL,California,OTH,Other,1413,megawatthours
2025-01-21 16:00:00,CAL,California,OTH,Other,3566,megawatthours
2025-01-21 17:00:00,CAL,California,OTH,Other,2282,megawatthours
2025-01-21 18:00:00,CAL,California,OTH,Other,-1148,megawatthours
2025-01-21 19:00:00,CAL,California,OTH,Other,-3334,megawatthours
2025-01-21 20:00:00,CAL,California,OTH,Other,-4930,megawatthours
2025-01-21 21:00:00,CAL,California,OTH,Other,-5009,megawatthours
2025-01-21 22:00:00,CAL,California,OTH,Other,-5195,megawatthours
2025-01-21 23:00:00,CAL,California,OTH,Other,-4802,megawatthours
2025-01-22 00:00:00,CAL,California,OTH,Other,-3700,megawatthours
2025-01-22 00:00:00,CAL,California,OTH,Other,-3700,megawatthours
2025-01-22 01:00:00,CAL,California,OTH,Other,-346,megawatthours
2025-01-22 02:00:00,CAL,California,OTH,Other,3326,megawatthours
2025-01-22 03:00:00,CAL,California,OTH,Other,6078,megawatthours
2025-01-22 04:00:00,CAL,California,OTH,Other,6370,megawatthours
2025-01-22 05:00:00,CAL,California,OTH,Other,5241,megawatthours
2025-01-22 06:00:00,CAL,California,OTH,Other,4201,megawatthours
2025-01-22 07:00:00,CAL,California,OTH,Other,3109,megawatthours
2025-01-22 08:00:00,CAL,California,OTH,Other,2253,megawatthours
2025-01-22 09:00:00,CAL,California,OTH,Other,1104,megawatthours
2025-01-22 10:00:00,CAL,California,OTH,Other,754,megawatthours
2025-01-22 11:00:00,CAL,California,OTH,Other,397,megawatthours
2025-01-22 12:00:00,CAL,California,OTH,Other,324,megawatthours
2025-01-22 13:00:00,CAL,California,OTH,Other,262,megawatthours
2025-01-22 14:00:00,CAL,California,OTH,Other,513,megawatthours
2025-01-22 15:00:00,CAL,California,OTH,Other,1708,megawatthours
2025-01-22 16:00:00,CAL,California,OTH,Other,3033,megawatthours
2025-01-22 17:00:00,CAL,California,OTH,Other,2076,megawatthours
2025-01-22 18:00:00,CAL,California,OTH,Other,-961,megawatthours
2025-01-22 19:00:00,CAL,California,OTH,Other,-1719,megawatthours
2025-01-22 20:00:00,CAL,California,OTH,Other,-2723,megawatthours
2025-01-22 21:00:00,CAL,California,OTH,Other,-4006,megawatthours
2025-01-22 22:00:00,CAL,California,OTH,Other,-5591,megawatthours
2025-01-22 23:00:00,CAL,California,OTH,Other,-5256,megawatthours
2025-01-23 00:00:00,CAL,California,OTH,Other,-4154,megawatthours
2025-01-23 00:00:00,CAL,California,OTH,Other,-4154,megawatthours
2025-01-23 01:00:00,CAL,California,OTH,Other,-1183,megawatthours
2025-01-23 02:00:00,CAL,California,OTH,Other,2563,megawatthours
2025-01-23 03:00:00,CAL,California,OTH,Other,4899,megawatthours
2025-01-23 04:00:00,CAL,California,OTH,Other,4683,megawatthours
2025-01-23 05:00:00,CAL,California,OTH,Other,3999,megawatthours
2025-01-23 06:00:00,CAL,California,OTH,Other,3635,megawatthours
2025-01-23 07:00:00,CAL,California,OTH,Other,2497,megawatthours
2025-01-23 08:00:00,CAL,California,OTH,Other,2287,megawatthours
2025-01-23 09:00:00,CAL,California,OTH,Other,1499,megawatthours
2025-01-23 10:00:00,CAL,California,OTH,Other,769,megawatthours
2025-01-23 11:00:00,CAL,California,OTH,Other,681,megawatthours
2025-01-23 12:00:00,CAL,California,OTH,Other,461,megawatthours
2025-01-23 13:00:00,CAL,California,OTH,Other,353,megawatthours
2025-01-23 14:00:00,CAL,California,OTH,Other,749,megawatthours
2025-01-23 15:00:00,CAL,California,OTH,Other,1296,megawatthours
2025-01-23 16:00:00,CAL,California,OTH,Other,2967,megawatthours
2025-01-23 17:00:00,CAL,California,OTH,Other,1430,megawatthours
2025-01-23 18:00:00,CAL,California,OTH,Other,-1092,megawatthours
2025-01-23 19:00:00,CAL,California,OTH,Other,-3262,megawatthours
2025-01-23 20:00:00,CAL,California,OTH,Other,-4341,megawatthours
2025-01-23 21:00:00,CAL,California,OTH,Other,-4671,megawatthours
2025-01-23 22:00:00,CAL,California,OTH,Other,-4048,megawatthours
2025-01-23 23:00:00,CAL,California,OTH,Other,-4145,megawatthours
2025-01-24 00:00:00,CAL,California,OTH,Other,-3081,megawatthours
2025-01-24 00:00:00,CAL,California,OTH,Other,-3081,megawatthours
2025-01-24 01:00:00,CAL,California,OTH,Other,-368,megawatthours
2025-01-24 02:00:00,CAL,California,OTH,Other,2386,megawatthours
2025-01-24 03:00:00,CAL,California,OTH,Other,4577,megawatthours
2025-01-24 04:00:00,CAL,California,OTH,Other,4423,megawatthours
2025-01-24 05:00:00,CAL,California,OTH,Other,3974,megawatthours
2025-01-24 06:00:00,CAL,California,OTH,Other,2933,megawatthours
2025-01-24 07:00:00,CAL,California,OTH,Other,2156,megawatthours
2025-01-24 08:00:00,CAL,California,OTH,Other,1434,megawatthours
2025-01-24 09:00:00,CAL,California,OTH,Other,937,megawatthours
2025-01-24 10:00:00,CAL,California,OTH,Other,531,megawatthours
2025-01-24 11:00:00,CAL,California,OTH,Other,395,megawatthours
2025-01-24 12:00:00,CAL,California,OTH,Other,173,megawatthours
2025-01-24 13:00:00,CAL,California,OTH,Other,225,megawatthours
2025-01-24 14:00:00,CAL,California,OTH,Other,807,megawatthours
2025-01-24 15:00:00,CAL,California,OTH,Other,2097,megawatthours
2025-01-24 16:00:00,CAL,California,OTH,Other,3491,megawatthours
2025-01-24 17:00:00,CAL,California,OTH,Other,2307,megawatthours
2025-01-24 18:00:00,CAL,California,OTH,Other,-1141,megawatthours
2025-01-24 19:00:00,CAL,California,OTH,Other,-3257,megawatthours
2025-01-24 20:00:00,CAL,California,OTH,Other,-3360,megawatthours
2025-01-24 21:00:00,CAL,California,OTH,Other,-3307,megawatthours
2025-01-24 22:00:00,CAL,California,OTH,Other,-3932,megawatthours
2025-01-24 23:00:00,CAL,California,OTH,Other,-3872,megawatthours
2025-01-25 00:00:00,CAL,California,OTH,Other,-2781,megawatthours
2025-01-25 00:00:00,CAL,California,OTH,Other,-2781,megawatthours
2025-01-25 01:00:00,CAL,California,OTH,Other,-585,megawatthours
2025-01-25 02:00:00,CAL,California,OTH,Other,1861,megawatthours
2025-01-25 03:00:00,CAL,California,OTH,Other,4522,megawatthours
2025-01-25 04:00:00,CAL,California,OTH,Other,4165,megawatthours
2025-01-25 05:00:00,CAL,California,OTH,Other,3933,megawatthours
2025-01-25 06:00:00,CAL,California,OTH,Other,3532,megawatthours
2025-01-25 07:00:00,CAL,California,OTH,Other,3332,megawatthours
2025-01-25 08:00:00,CAL,California,OTH,Other,2540,megawatthours
2025-01-25 09:00:00,CAL,California,OTH,Other,1469,megawatthours
2025-01-25 10:00:00,CAL,California,OTH,Other,1229,megawatthours
2025-01-25 11:00:00,CAL,California,OTH,Other,830,megawatthours
2025-01-25 12:00:00,CAL,California,OTH,Other,573,megawatthours
2025-01-25 13:00:00,CAL,California,OTH,Other,536,megawatthours
2025-01-25 14:00:00,CAL,California,OTH,Other,490,megawatthours
2025-01-25 15:00:00,CAL,California,OTH,Other,1038,megawatthours
2025-01-25 16:00:00,CAL,California,OTH,Other,1969,megawatthours
2025-01-25 17:00:00,CAL,California,OTH,Other,2212,megawatthours
2025-01-25 18:00:00,CAL,California,OTH,Other,1163,megawatthours
2025-01-25 19:00:00,CAL,California,OTH,Other,-950,megawatthours
2025-01-25 20:00:00,CAL,California,OTH,Other,-1424,megawatthours
2025-01-25 21:00:00,CAL,California,OTH,Other,-2204,megawatthours
2025-01-25 22:00:00,CAL,California,OTH,Other,-2667,megawatthours
2025-01-25 23:00:00,CAL,California,OTH,Other,-1764,megawatthours
2025-01-26 00:00:00,CAL,California,OTH,Other,-1662,megawatthours
2025-01-26 00:00:00,CAL,California,OTH,Other,-1662,megawatthours
2025-01-26 01:00:00,CAL,California,OTH,Other,-194,megawatthours
2025-01-26 02:00:00,CAL,California,OTH,Other,1939,megawatthours
2025-01-26 03:00:00,CAL,California,OTH,Other,3061,megawatthours
2025-01-26 04:00:00,CAL,California,OTH,Other,2588,megawatthours
2025-01-26 05:00:00,CAL,California,OTH,Other,2419,megawatthours
2025-01-26 06:00:00,CAL,California,OTH,Other,2423,megawatthours
2025-01-26 07:00:00,CAL,California,OTH,Other,2159,megawatthours
2025-01-26 08:00:00,CAL,California,OTH,Other,1807,megawatthours
2025-01-26 09:00:00,CAL,California,OTH,Other,864,megawatthours
2025-01-26 10:00:00,CAL,California,OTH,Other,1121,megawatthours
2025-01-26 11:00:00,CAL,California,OTH,Other,480,megawatthours
2025-01-26 12:00:00,CAL,California,OTH,Other,15,megawatthours
2025-01-26 13:00:00,CAL,California,OTH,Other,16,megawatthours
2025-01-26 14:00:00,CAL,California,OTH,Other,152,megawatthours
2025-01-26 15:00:00,CAL,California,OTH,Other,213,megawatthours
2025-01-26 16:00:00,CAL,California,OTH,Other,939,megawatthours
2025-01-26 17:00:00,CAL,California,OTH,Other,861,megawatthours
2025-01-26 18:00:00,CAL,California,OTH,Other,-12,megawatthours
2025-01-26 19:00:00,CAL,California,OTH,Other,-1264,megawatthours
2025-01-26 20:00:00,CAL,California,OTH,Other,-2983,megawatthours
2025-01-26 21:00:00,CAL,California,OTH,Other,-3029,megawatthours
2025-01-26 22:00:00,CAL,California,OTH,Other,-2821,megawatthours
2025-01-26 23:00:00,CAL,California,OTH,Other,-2739,megawatthours
2025-01-27 00:00:00,CAL,California,OTH,Other,-1424,megawatthours
2025-01-27 00:00:00,CAL,California,OTH,Other,-1424,megawatthours
2025-01-27 01:00:00,CAL,California,OTH,Other,-27,megawatthours
2025-01-27 02:00:00,CAL,California,OTH,Other,1557,megawatthours
2025-01-27 03:00:00,CAL,California,OTH,Other,2996,megawatthours
2025-01-27 04:00:00,CAL,California,OTH,Other,2734,megawatthours
2025-01-27 05:00:00,CAL,California,OTH,Other,2488,megawatthours
2025-01-27 06:00:00,CAL,California,OTH,Other,2228,megawatthours
2025-01-27 07:00:00,CAL,California,OTH,Other,1573,megawatthours
2025-01-27 08:00:00,CAL,California,OTH,Other,756,megawatthours
2025-01-27 09:00:00,CAL,California,OTH,Other,315,megawatthours
2025-01-27 10:00:00,CAL,California,OTH,Other,63,megawatthours
2025-01-27 11:00:00,CAL,California,OTH,Other,-109,megawatthours
2025-01-27 12:00:00,CAL,California,OTH,Other,-15,megawatthours
2025-01-27 13:00:00,CAL,California,OTH,Other,146,megawatthours
2025-01-27 14:00:00,CAL,California,OTH,Other,412,megawatthours
2025-01-27 15:00:00,CAL,California,OTH,Other,1993,megawatthours
2025-01-27 16:00:00,CAL,California,OTH,Other,3313,megawatthours
2025-01-27 17:00:00,CAL,California,OTH,Other,2374,megawatthours
2025-01-27 18:00:00,CAL,California,OTH,Other,57,megawatthours
2025-01-27 19:00:00,CAL,California,OTH,Other,-2591,megawatthours
2025-01-27 20:00:00,CAL,California,OTH,Other,-3951,megawatthours
2025-01-27 21:00:00,CAL,California,OTH,Other,-4784,megawatthours
2025-01-27 22:00:00,CAL,California,OTH,Other,-3853,megawatthours
2025-01-27 23:00:00,CAL,California,OTH,Other,-3384,megawatthours
2025-01-28 00:00:00,CAL,California,OTH,Other,-2045,megawatthours
2025-01-28 00:00:00,CAL,California,OTH,Other,-2045,megawatthours
2025-01-28 01:00:00,CAL,California,OTH,Other,-498,megawatthours
2025-01-28 02:00:00,CAL,California,OTH,Other,1443,megawatthours
2025-01-28 03:00:00,CAL,California,OTH,Other,3380,megawatthours
2025-01-28 04:00:00,CAL,California,OTH,Other,3093,megawatthours
2025-01-28 05:00:00,CAL,California,OTH,Other,3599,megawatthours
2025-01-28 06:00:00,CAL,California,OTH,Other,3077,megawatthours
2025-01-28 07:00:00,CAL,California,OTH,Other,2433,megawatthours
2025-01-28 08:00:00,CAL,California,OTH,Other,1906,megawatthours
2025-01-28 09:00:00,CAL,California,OTH,Other,752,megawatthours
2025-01-28 10:00:00,CAL,California,OTH,Other,525,megawatthours
2025-01-28 11:00:00,CAL,California,OTH,Other,323,megawatthours
2025-01-28 12:00:00,CAL,California,OTH,Other,-124,megawatthours
2025-01-28 13:00:00,CAL,California,OTH,Other,406,megawatthours
2025-01-28 14:00:00,CAL,California,OTH,Other,1343,megawatthours
2025-01-28 15:00:00,CAL,California,OTH,Other,2218,megawatthours
2025-01-28 16:00:00,CAL,California,OTH,Other,3592,megawatthours
2025-01-28 17:00:00,CAL,California,OTH,Other,2271,megawatthours
2025-01-28 18:00:00,CAL,California,OTH,Other,-1394,megawatthours
2025-01-28 19:00:00,CAL,California,OTH,Other,-2342,megawatthours
2025-01-28 20:00:00,CAL,California,OTH,Other,-3103,megawatthours
2025-01-28 21:00:00,CAL,California,OTH,Other,-3575,megawatthours
2025-01-28 22:00:00,CAL,California,OTH,Other,-3465,megawatthours
2025-01-28 23:00:00,CAL,California,OTH,Other,-3167,megawatthours
2025-01-29 00:00:00,CAL,California,OTH,Other,-2189,megawatthours
2025-01-29 00:00:00,CAL,California,OTH,Other,-2189,megawatthours
2025-01-29 01:00:00,CAL,California,OTH,Other,-215,megawatthours
2025-01-29 02:00:00,CAL,California,OTH,Other,1832,megawatthours
2025-01-29 03:00:00,CAL,California,OTH,Other,3368,megawatthours
2025-01-29 04:00:00,CAL,California,OTH,Other,3712,megawatthours
2025-01-29 05:00:00,CAL,California,OTH,Other,3156,megawatthours
2025-01-29 06:00:00,CAL,California,OTH,Other,2914,megawatthours
2025-01-29 07:00:00,CAL,California,OTH,Other,1927,megawatthours
2025-01-29 08:00:00,CAL,California,OTH,Other,1399,megawatthours
2025-01-29 09:00:00,CAL,California,OTH,Other,728,megawatthours
2025-01-29 10:00:00,CAL,California,OTH,Other,618,megawatthours
2025-01-29 11:00:00,CAL,California,OTH,Other,373,megawatthours
2025-01-29 12:00:00,CAL,California,OTH,Other,-13,megawatthours
2025-01-29 13:00:00,CAL,California,OTH,Other,118,megawatthours
2025-01-29 14:00:00,CAL,California,OTH,Other,809,megawatthours
2025-01-29 15:00:00,CAL,California,OTH,Other,1661,megawatthours
2025-01-29 16:00:00,CAL,California,OTH,Other,3343,megawatthours
2025-01-29 17:00:00,CAL,California,OTH,Other,2231,megawatthours
2025-01-29 18:00:00,CAL,California,OTH,Other,-876,megawatthours
2025-01-29 19:00:00,CAL,California,OTH,Other,-1705,megawatthours
2025-01-29 20:00:00,CAL,California,OTH,Other,-3058,megawatthours
2025-01-29 21:00:00,CAL,California,OTH,Other,-3657,megawatthours
2025-01-29 22:00:00,CAL,California,OTH,Other,-5154,megawatthours
2025-01-29 23:00:00,CAL,California,OTH,Other,-4152,megawatthours
2025-01-30 00:00:00,CAL,California,OTH,Other,-3241,megawatthours
2025-01-30 00:00:00,CAL,California,OTH,Other,-3241,megawatthours
2025-01-30 01:00:00,CAL,California,OTH,Other,-389,megawatthours
2025-01-30 02:00:00,CAL,California,OTH,Other,2137,megawatthours
2025-01-30 03:00:00,CAL,California,OTH,Other,4270,megawatthours
2025-01-30 04:00:00,CAL,California,OTH,Other,4280,megawatthours
2025-01-30 05:00:00,CAL,California,OTH,Other,4080,megawatthours
2025-01-30 06:00:00,CAL,California,OTH,Other,3517,megawatthours
2025-01-30 07:00:00,CAL,California,OTH,Other,3015,megawatthours
2025-01-30 08:00:00,CAL,California,OTH,Other,1954,megawatthours
2025-01-30 09:00:00,CAL,California,OTH,Other,673,megawatthours
2025-01-30 10:00:00,CAL,California,OTH,Other,745,megawatthours
2025-01-30 11:00:00,CAL,California,OTH,Other,312,megawatthours
2025-01-30 12:00:00,CAL,California,OTH,Other,-120,megawatthours
2025-01-30 13:00:00,CAL,California,OTH,Other,147,megawatthours
2025-01-30 14:00:00,CAL,California,OTH,Other,893,megawatthours
2025-01-30 15:00:00,CAL,California,OTH,Other,1858,megawatthours
2025-01-30 16:00:00,CAL,California,OTH,Other,3276,megawatthours
2025-01-30 17:00:00,CAL,California,OTH,Other,1782,megawatthours
2025-01-30 18:00:00,CAL,California,OTH,Other,-1376,megawatthours
2025-01-30 19:00:00,CAL,California,OTH,Other,-2614,megawatthours
2025-01-30 20:00:00,CAL,California,OTH,Other,-3171,megawatthours
2025-01-30 21:00:00,CAL,California,OTH,Other,-3916,megawatthours
2025-01-30 22:00:00,CAL,California,OTH,Other,-4141,megawatthours
2025-01-30 23:00:00,CAL,California,OTH,Other,-3663,megawatthours
2025-01-31 00:00:00,CAL,California,OTH,Other,-2655,megawatthours
2025-01-31 00:00:00,CAL,California,OTH,Other,-2655,megawatthours
2025-01-31 01:00:00,CAL,California,OTH,Other,-1237,megawatthours
2025-01-31 02:00:00,CAL,California,OTH,Other,1806,megawatthours
2025-01-31 03:00:00,CAL,California,OTH,Other,4417,megawatthours
2025-01-31 04:00:00,CAL,California,OTH,Other,5075,megawatthours
2025-01-31 05:00:00,CAL,California,OTH,Other,4822,megawatthours
2025-01-31 06:00:00,CAL,California,OTH,Other,4442,megawatthours
2025-01-31 07:00:00,CAL,California,OTH,Other,3382,megawatthours
2025-01-31 08:00:00,CAL,California,OTH,Other,2367,megawatthours
2025-01-31 09:00:00,CAL,California,OTH,Other,622,megawatthours
2025-01-31 10:00:00,CAL,California,OTH,Other,420,megawatthours
2025-01-31 11:00:00,CAL,California,OTH,Other,101,megawatthours
2025-01-31 12:00:00,CAL,California,OTH,Other,-66,megawatthours
2025-01-31 13:00:00,CAL,California,OTH,Other,28,megawatthours
2025-01-31 14:00:00,CAL,California,OTH,Other,400,megawatthours
2025-01-31 15:00:00,CAL,California,OTH,Other,1109,megawatthours
2025-01-31 16:00:00,CAL,California,OTH,Other,2015,megawatthours
2025-01-31 17:00:00,CAL,California,OTH,Other,797,megawatthours
2025-01-31 18:00:00,CAL,California,OTH,Other,-1802,megawatthours
2025-01-31 19:00:00,CAL,California,OTH,Other,-2885,megawatthours
2025-01-31 20:00:00,CAL,California,OTH,Other,-3397,megawatthours
2025-01-31 21:00:00,CAL,California,OTH,Other,-3754,megawatthours
2025-01-31 22:00:00,CAL,California,OTH,Other,-4547,megawatthours
2025-01-31 23:00:00,CAL,California,OTH,Other,-4027,megawatthours
2025-02-01 00:00:00,CAL,California,OTH,Other,-2993,megawatthours
2025-02-01 00:00:00,CAL,California,OTH,Other,-2993,megawatthours
2025-02-01 01:00:00,CAL,California,OTH,Other,-431,megawatthours
2025-02-01 02:00:00,CAL,California,OTH,Other,3162,megawatthours
2025-02-01 03:00:00,CAL,California,OTH,Other,4288,megawatthours
2025-02-01 04:00:00,CAL,California,OTH,Other,3795,megawatthours
2025-02-01 05:00:00,CAL,California,OTH,Other,3231,megawatthours
2025-02-01 06:00:00,CAL,California,OTH,Other,2584,megawatthours
2025-02-01 07:00:00,CAL,California,OTH,Other,1844,megawatthours
2025-02-01 08:00:00,CAL,California,OTH,Other,1076,megawatthours
2025-02-01 09:00:00,CAL,California,OTH,Other,904,megawatthours
2025-02-01 10:00:00,CAL,California,OTH,Other,810,megawatthours
2025-02-01 11:00:00,CAL,California,OTH,Other,361,megawatthours
2025-02-01 12:00:00,CAL,California,OTH,Other,-9,megawatthours
2025-02-01 13:00:00,CAL,California,OTH,Other,-186,megawatthours
2025-02-01 14:00:00,CAL,California,OTH,Other,277,megawatthours
2025-02-01 15:00:00,CAL,California,OTH,Other,547,megawatthours
2025-02-01 16:00:00,CAL,California,OTH,Other,1546,megawatthours
2025-02-01 17:00:00,CAL,California,OTH,Other,489,megawatthours
2025-02-01 18:00:00,CAL,California,OTH,Other,-1172,megawatthours
2025-02-01 19:00:00,CAL,California,OTH,Other,-2895,megawatthours
2025-02-01 20:00:00,CAL,California,OTH,Other,-3574,megawatthours
2025-02-01 21:00:00,CAL,California,OTH,Other,-4060,megawatthours
2025-02-01 22:00:00,CAL,California,OTH,Other,-4226,megawatthours
2025-02-01 23:00:00,CAL,California,OTH,Other,-3677,megawatthours
2025-02-02 00:00:00,CAL,California,OTH,Other,-2138,megawatthours
2025-02-02 00:00:00,CAL,California,OTH,Other,-2138,megawatthours
2025-02-02 01:00:00,CAL,California,OTH,Other,508,megawatthours
2025-02-02 02:00:00,CAL,California,OTH,Other,2968,megawatthours
2025-02-02 03:00:00,CAL,California,OTH,Other,5007,megawatthours
2025-02-02 04:00:00,CAL,California,OTH,Other,4594,megawatthours
2025-02-02 05:00:00,CAL,California,OTH,Other,4205,megawatthours
2025-02-02 06:00:00,CAL,California,OTH,Other,3597,megawatthours
2025-02-02 07:00:00,CAL,California,OTH,Other,3531,megawatthours
2025-02-02 08:00:00,CAL,California,OTH,Other,2180,megawatthours
2025-02-02 09:00:00,CAL,California,OTH,Other,1321,megawatthours
2025-02-02 10:00:00,CAL,California,OTH,Other,1417,megawatthours
2025-02-02 11:00:00,CAL,California,OTH,Other,572,megawatthours
2025-02-02 12:00:00,CAL,California,OTH,Other,291,megawatthours
2025-02-02 13:00:00,CAL,California,OTH,Other,352,megawatthours
2025-02-02 14:00:00,CAL,California,OTH,Other,443,megawatthours
2025-02-02 15:00:00,CAL,California,OTH,Other,466,megawatthours
2025-02-02 16:00:00,CAL,California,OTH,Other,1309,megawatthours
2025-02-02 17:00:00,CAL,California,OTH,Other,198,megawatthours
2025-02-02 18:00:00,CAL,California,OTH,Other,-3082,megawatthours
2025-02-02 19:00:00,CAL,California,OTH,Other,-4701,megawatthours
2025-02-02 20:00:00,CAL,California,OTH,Other,-5274,megawatthours
2025-02-02 21:00:00,CAL,California,OTH,Other,-5409,megawatthours
2025-02-02 22:00:00,CAL,California,OTH,Other,-4361,megawatthours
2025-02-02 23:00:00,CAL,California,OTH,Other,-3369,megawatthours
2025-02-03 00:00:00,CAL,California,OTH,Other,-1549,megawatthours
2025-02-03 00:00:00,CAL,California,OTH,Other,-1549,megawatthours
2025-02-03 01:00:00,CAL,California,OTH,Other,-50,megawatthours
2025-02-03 02:00:00,CAL,California,OTH,Other,2054,megawatthours
2025-02-03 03:00:00,CAL,California,OTH,Other,4434,megawatthours
2025-02-03 04:00:00,CAL,California,OTH,Other,4560,megawatthours
2025-02-03 05:00:00,CAL,California,OTH,Other,4028,megawatthours
2025-02-03 06:00:00,CAL,California,OTH,Other,3568,megawatthours
2025-02-03 07:00:00,CAL,California,OTH,Other,3001,megawatthours
2025-02-03 08:00:00,CAL,California,OTH,Other,1470,megawatthours
2025-02-03 09:00:00,CAL,California,OTH,Other,722,megawatthours
2025-02-03 10:00:00,CAL,California,OTH,Other,322,megawatthours
2025-02-03 11:00:00,CAL,California,OTH,Other,543,megawatthours
2025-02-03 12:00:00,CAL,California,OTH,Other,16,megawatthours
2025-02-03 13:00:00,CAL,California,OTH,Other,183,megawatthours
2025-02-03 14:00:00,CAL,California,OTH,Other,720,megawatthours
2025-02-03 15:00:00,CAL,California,OTH,Other,1670,megawatthours
2025-02-03 16:00:00,CAL,California,OTH,Other,4734,megawatthours
2025-02-03 17:00:00,CAL,California,OTH,Other,2162,megawatthours
2025-02-03 18:00:00,CAL,California,OTH,Other,-1536,megawatthours
2025-02-03 19:00:00,CAL,California,OTH,Other,-2116,megawatthours
2025-02-03 20:00:00,CAL,California,OTH,Other,-3106,megawatthours
2025-02-03 21:00:00,CAL,California,OTH,Other,-3718,megawatthours
2025-02-03 22:00:00,CAL,California,OTH,Other,-3745,megawatthours
2025-02-03 23:00:00,CAL,California,OTH,Other,-3608,megawatthours
2025-02-04 00:00:00,CAL,California,OTH,Other,-2431,megawatthours
2025-02-04 00:00:00,CAL,California,OTH,Other,-2431,megawatthours
2025-02-04 01:00:00,CAL,California,OTH,Other,-850,megawatthours
2025-02-04 02:00:00,CAL,California,OTH,Other,2529,megawatthours
2025-02-04 03:00:00,CAL,California,OTH,Other,5459,megawatthours
2025-02-04 04:00:00,CAL,California,OTH,Other,5680,megawatthours
2025-02-04 05:00:00,CAL,California,OTH,Other,5826,megawatthours
2025-02-04 06:00:00,CAL,California,OTH,Other,4367,megawatthours
2025-02-04 07:00:00,CAL,California,OTH,Other,2940,megawatthours
2025-02-04 08:00:00,CAL,California,OTH,Other,876,megawatthours
2025-02-04 09:00:00,CAL,California,OTH,Other,-24,megawatthours
2025-02-04 10:00:00,CAL,California,OTH,Other,802,megawatthours
2025-02-04 11:00:00,CAL,California,OTH,Other,-133,megawatthours
2025-02-04 12:00:00,CAL,California,OTH,Other,-877,megawatthours
2025-02-04 13:00:00,CAL,California,OTH,Other,-839,megawatthours
2025-02-04 14:00:00,CAL,California,OTH,Other,11,megawatthours
2025-02-04 15:00:00,CAL,California,OTH,Other,1550,megawatthours
2025-02-04 16:00:00,CAL,California,OTH,Other,3044,megawatthours
2025-02-04 17:00:00,CAL,California,OTH,Other,1584,megawatthours
2025-02-04 18:00:00,CAL,California,OTH,Other,-2279,megawatthours
2025-02-04 19:00:00,CAL,California,OTH,Other,-3062,megawatthours
2025-02-04 20:00:00,CAL,California,OTH,Other,-3712,megawatthours
2025-02-04 21:00:00,CAL,California,OTH,Other,-4611,megawatthours
2025-02-04 22:00:00,CAL,California,OTH,Other,-4708,megawatthours
2025-02-04 23:00:00,CAL,California,OTH,Other,-3722,megawatthours
2025-02-05 00:00:00,CAL,California,OTH,Other,-2451,megawatthours
2025-02-05 00:00:00,CAL,California,OTH,Other,-2451,megawatthours
2025-02-05 01:00:00,CAL,California,OTH,Other,-768,megawatthours
2025-02-05 02:00:00,CAL,California,OTH,Other,1785,megawatthours
2025-02-05 03:00:00,CAL,California,OTH,Other,3694,megawatthours
2025-02-05 04:00:00,CAL,California,OTH,Other,4004,megawatthours
2025-02-05 05:00:00,CAL,California,OTH,Other,4065,megawatthours
2025-02-05 06:00:00,CAL,California,OTH,Other,3544,megawatthours
2025-02-05 07:00:00,CAL,California,OTH,Other,3038,megawatthours
2025-02-05 08:00:00,CAL,California,OTH,Other,2132,megawatthours
2025-02-05 09:00:00,CAL,California,OTH,Other,1106,megawatthours
2025-02-05 10:00:00,CAL,California,OTH,Other,483,megawatthours
2025-02-05 11:00:00,CAL,California,OTH,Other,166,megawatthours
2025-02-05 12:00:00,CAL,California,OTH,Other,-92,megawatthours
2025-02-05 13:00:00,CAL,California,OTH,Other,88,megawatthours
2025-02-05 14:00:00,CAL,California,OTH,Other,610,megawatthours
2025-02-05 15:00:00,CAL,California,OTH,Other,1749,megawatthours
2025-02-05 16:00:00,CAL,California,OTH,Other,3388,megawatthours
2025-02-05 17:00:00,CAL,California,OTH,Other,1691,megawatthours
2025-02-05 18:00:00,CAL,California,OTH,Other,-1432,megawatthours
2025-02-05 19:00:00,CAL,California,OTH,Other,-2871,megawatthours
2025-02-05 20:00:00,CAL,California,OTH,Other,-3555,megawatthours
2025-02-05 21:00:00,CAL,California,OTH,Other,-4358,megawatthours
2025-02-05 22:00:00,CAL,California,OTH,Other,-4978,megawatthours
2025-02-05 23:00:00,CAL,California,OTH,Other,-4402,megawatthours
2025-02-06 00:00:00,CAL,California,OTH,Other,-2871,megawatthours
2025-02-06 00:00:00,CAL,California,OTH,Other,-2871,megawatthours
2025-02-06 01:00:00,CAL,California,OTH,Other,-884,megawatthours
2025-02-06 02:00:00,CAL,California,OTH,Other,2193,megawatthours
2025-02-06 03:00:00,CAL,California,OTH,Other,5026,megawatthours
2025-02-06 04:00:00,CAL,California,OTH,Other,4975,megawatthours
2025-02-06 05:00:00,CAL,California,OTH,Other,4795,megawatthours
2025-02-06 06:00:00,CAL,California,OTH,Other,4240,megawatthours
2025-02-06 07:00:00,CAL,California,OTH,Other,2805,megawatthours
2025-02-06 08:00:00,CAL,California,OTH,Other,1355,megawatthours
2025-02-06 09:00:00,CAL,California,OTH,Other,153,megawatthours
2025-02-06 10:00:00,CAL,California,OTH,Other,609,megawatthours
2025-02-06 11:00:00,CAL,California,OTH,Other,366,megawatthours
2025-02-06 12:00:00,CAL,California,OTH,Other,-3,megawatthours
2025-02-06 13:00:00,CAL,California,OTH,Other,-94,megawatthours
2025-02-06 14:00:00,CAL,California,OTH,Other,616,megawatthours
2025-02-06 15:00:00,CAL,California,OTH,Other,1387,megawatthours
2025-02-06 16:00:00,CAL,California,OTH,Other,3531,megawatthours
2025-02-06 17:00:00,CAL,California,OTH,Other,1571,megawatthours
2025-02-06 18:00:00,CAL,California,OTH,Other,-1184,megawatthours
2025-02-06 19:00:00,CAL,California,OTH,Other,-2056,megawatthours
2025-02-06 20:00:00,CAL,California,OTH,Other,-2750,megawatthours
2025-02-06 21:00:00,CAL,California,OTH,Other,-3541,megawatthours
2025-02-06 22:00:00,CAL,California,OTH,Other,-3551,megawatthours
2025-02-06 23:00:00,CAL,California,OTH,Other,-3284,megawatthours
2025-02-07 00:00:00,CAL,California,OTH,Other,-2799,megawatthours
2025-02-07 00:00:00,CAL,California,OTH,Other,-2799,megawatthours
2025-02-07 01:00:00,CAL,California,OTH,Other,-1175,megawatthours
2025-02-07 02:00:00,CAL,California,OTH,Other,1423,megawatthours
2025-02-07 03:00:00,CAL,California,OTH,Other,3875,megawatthours
2025-02-07 04:00:00,CAL,California,OTH,Other,4228,megawatthours
2025-02-07 05:00:00,CAL,California,OTH,Other,4079,megawatthours
2025-02-07 06:00:00,CAL,California,OTH,Other,3572,megawatthours
2025-02-07 07:00:00,CAL,California,OTH,Other,3105,megawatthours
2025-02-07 08:00:00,CAL,California,OTH,Other,1985,megawatthours
2025-02-07 09:00:00,CAL,California,OTH,Other,1072,megawatthours
2025-02-07 10:00:00,CAL,California,OTH,Other,710,megawatthours
2025-02-07 11:00:00,CAL,California,OTH,Other,296,megawatthours
2025-02-07 12:00:00,CAL,California,OTH,Other,8,megawatthours
2025-02-07 13:00:00,CAL,California,OTH,Other,-6,megawatthours
2025-02-07 14:00:00,CAL,California,OTH,Other,540,megawatthours
2025-02-07 15:00:00,CAL,California,OTH,Other,1391,megawatthours
2025-02-07 16:00:00,CAL,California,OTH,Other,3393,megawatthours
2025-02-07 17:00:00,CAL,California,OTH,Other,1665,megawatthours
2025-02-07 18:00:00,CAL,California,OTH,Other,-1263,megawatthours
2025-02-07 19:00:00,CAL,California,OTH,Other,-1611,megawatthours
2025-02-07 20:00:00,CAL,California,OTH,Other,-2539,megawatthours
2025-02-07 21:00:00,CAL,California,OTH,Other,-3479,megawatthours
2025-02-07 22:00:00,CAL,California,OTH,Other,-4333,megawatthours
2025-02-07 23:00:00,CAL,California,OTH,Other,-3965,megawatthours
2025-02-08 00:00:00,CAL,California,OTH,Other,-4047,megawatthours
2025-02-08 00:00:00,CAL,California,OTH,Other,-4047,megawatthours
2025-02-08 01:00:00,CAL,California,OTH,Other,-2234,megawatthours
2025-02-08 02:00:00,CAL,California,OTH,Other,1345,megawatthours
2025-02-08 03:00:00,CAL,California,OTH,Other,4691,megawatthours
2025-02-08 04:00:00,CAL,California,OTH,Other,5043,megawatthours
2025-02-08 05:00:00,CAL,California,OTH,Other,4805,megawatthours
2025-02-08 06:00:00,CAL,California,OTH,Other,3774,megawatthours
2025-02-08 07:00:00,CAL,California,OTH,Other,3226,megawatthours
2025-02-08 08:00:00,CAL,California,OTH,Other,2342,megawatthours
2025-02-08 09:00:00,CAL,California,OTH,Other,1160,megawatthours
2025-02-08 10:00:00,CAL,California,OTH,Other,547,megawatthours
2025-02-08 11:00:00,CAL,California,OTH,Other,620,megawatthours
2025-02-08 12:00:00,CAL,California,OTH,Other,535,megawatthours
2025-02-08 13:00:00,CAL,California,OTH,Other,579,megawatthours
2025-02-08 14:00:00,CAL,California,OTH,Other,772,megawatthours
2025-02-08 15:00:00,CAL,California,OTH,Other,1310,megawatthours
2025-02-08 16:00:00,CAL,California,OTH,Other,1977,megawatthours
2025-02-08 17:00:00,CAL,California,OTH,Other,311,megawatthours
2025-02-08 18:00:00,CAL,California,OTH,Other,-3241,megawatthours
2025-02-08 19:00:00,CAL,California,OTH,Other,-4650,megawatthours
2025-02-08 20:00:00,CAL,California,OTH,Other,-4981,megawatthours
2025-02-08 21:00:00,CAL,California,OTH,Other,-5107,megawatthours
2025-02-08 22:00:00,CAL,California,OTH,Other,-4315,megawatthours
2025-02-08 23:00:00,CAL,California,OTH,Other,-3752,megawatthours
2025-02-09 00:00:00,CAL,California,OTH,Other,-2205,megawatthours
2025-02-09 00:00:00,CAL,California,OTH,Other,-2205,megawatthours
2025-02-09 01:00:00,CAL,California,OTH,Other,-1128,megawatthours
2025-02-09 02:00:00,CAL,California,OTH,Other,1439,megawatthours
2025-02-09 03:00:00,CAL,California,OTH,Other,4314,megawatthours
2025-02-09 04:00:00,CAL,California,OTH,Other,4458,megawatthours
2025-02-09 05:00:00,CAL,California,OTH,Other,4368,megawatthours
2025-02-09 06:00:00,CAL,California,OTH,Other,4715,megawatthours
2025-02-09 07:00:00,CAL,California,OTH,Other,4814,megawatthours
2025-02-09 08:00:00,CAL,California,OTH,Other,3277,megawatthours
2025-02-09 09:00:00,CAL,California,OTH,Other,1846,megawatthours
2025-02-09 10:00:00,CAL,California,OTH,Other,1709,megawatthours
2025-02-09 11:00:00,CAL,California,OTH,Other,1034,megawatthours
2025-02-09 12:00:00,CAL,California,OTH,Other,853,megawatthours
2025-02-09 13:00:00,CAL,California,OTH,Other,685,megawatthours
2025-02-09 14:00:00,CAL,California,OTH,Other,837,megawatthours
2025-02-09 15:00:00,CAL,California,OTH,Other,1143,megawatthours
2025-02-09 16:00:00,CAL,California,OTH,Other,2034,megawatthours
2025-02-09 17:00:00,CAL,California,OTH,Other,506,megawatthours
2025-02-09 18:00:00,CAL,California,OTH,Other,-1885,megawatthours
2025-02-09 19:00:00,CAL,California,OTH,Other,-3842,megawatthours
2025-02-09 20:00:00,CAL,California,OTH,Other,-4064,megawatthours
2025-02-09 21:00:00,CAL,California,OTH,Other,-4814,megawatthours
2025-02-09 22:00:00,CAL,California,OTH,Other,-4999,megawatthours
2025-02-09 23:00:00,CAL,California,OTH,Other,-3944,megawatthours
2025-02-10 00:00:00,CAL,California,OTH,Other,-2401,megawatthours
2025-02-10 00:00:00,CAL,California,OTH,Other,-2401,megawatthours
2025-02-10 01:00:00,CAL,California,OTH,Other,-529,megawatthours
2025-02-10 02:00:00,CAL,California,OTH,Other,1254,megawatthours
2025-02-10 03:00:00,CAL,California,OTH,Other,4031,megawatthours
2025-02-10 04:00:00,CAL,California,OTH,Other,4332,megawatthours
2025-02-10 05:00:00,CAL,California,OTH,Other,3820,megawatthours
2025-02-10 06:00:00,CAL,California,OTH,Other,3768,megawatthours
2025-02-10 07:00:00,CAL,California,OTH,Other,2740,megawatthours
2025-02-10 08:00:00,CAL,California,OTH,Other,1456,megawatthours
2025-02-10 09:00:00,CAL,California,OTH,Other,613,megawatthours
2025-02-10 10:00:00,CAL,California,OTH,Other,1428,megawatthours
2025-02-10 11:00:00,CAL,California,OTH,Other,1006,megawatthours
2025-02-10 12:00:00,CAL,California,OTH,Other,393,megawatthours
2025-02-10 13:00:00,CAL,California,OTH,Other,322,megawatthours
2025-02-10 14:00:00,CAL,California,OTH,Other,1183,megawatthours
2025-02-10 15:00:00,CAL,California,OTH,Other,2663,megawatthours
2025-02-10 16:00:00,CAL,California,OTH,Other,4178,megawatthours
2025-02-10 17:00:00,CAL,California,OTH,Other,1950,megawatthours
2025-02-10 18:00:00,CAL,California,OTH,Other,-647,megawatthours
2025-02-10 19:00:00,CAL,California,OTH,Other,-1717,megawatthours
2025-02-10 20:00:00,CAL,California,OTH,Other,-2708,megawatthours
2025-02-10 21:00:00,CAL,California,OTH,Other,-4167,megawatthours
2025-02-10 22:00:00,CAL,California,OTH,Other,-4754,megawatthours
2025-02-10 23:00:00,CAL,California,OTH,Other,-4535,megawatthours
2025-02-11 00:00:00,CAL,California,OTH,Other,-4559,megawatthours
2025-02-11 00:00:00,CAL,California,OTH,Other,-4559,megawatthours
2025-02-11 01:00:00,CAL,California,OTH,Other,-2521,megawatthours
2025-02-11 02:00:00,CAL,California,OTH,Other,1151,megawatthours
2025-02-11 03:00:00,CAL,California,OTH,Other,4397,megawatthours
2025-02-11 04:00:00,CAL,California,OTH,Other,4938,megawatthours
2025-02-11 05:00:00,CAL,California,OTH,Other,3938,megawatthours
2025-02-11 06:00:00,CAL,California,OTH,Other,3098,megawatthours
2025-02-11 07:00:00,CAL,California,OTH,Other,2617,megawatthours
2025-02-11 08:00:00,CAL,California,OTH,Other,1630,megawatthours
2025-02-11 09:00:00,CAL,California,OTH,Other,545,megawatthours
2025-02-11 10:00:00,CAL,California,OTH,Other,1259,megawatthours
2025-02-11 11:00:00,CAL,California,OTH,Other,567,megawatthours
2025-02-11 12:00:00,CAL,California,OTH,Other,296,megawatthours
2025-02-11 13:00:00,CAL,California,OTH,Other,195,megawatthours
2025-02-11 14:00:00,CAL,California,OTH,Other,1143,megawatthours
2025-02-11 15:00:00,CAL,California,OTH,Other,2434,megawatthours
2025-02-11 16:00:00,CAL,California,OTH,Other,4165,megawatthours
2025-02-11 17:00:00,CAL,California,OTH,Other,2743,megawatthours
2025-02-11 18:00:00,CAL,California,OTH,Other,-297,megawatthours
2025-02-11 19:00:00,CAL,California,OTH,Other,-2070,megawatthours
2025-02-11 20:00:00,CAL,California,OTH,Other,-3880,megawatthours
2025-02-11 21:00:00,CAL,California,OTH,Other,-4691,megawatthours
2025-02-11 22:00:00,CAL,California,OTH,Other,-4915,megawatthours
2025-02-11 23:00:00,CAL,California,OTH,Other,-5449,megawatthours
2025-02-12 00:00:00,CAL,California,OTH,Other,-4123,megawatthours
2025-02-12 00:00:00,CAL,California,OTH,Other,-4123,megawatthours
2025-02-12 01:00:00,CAL,California,OTH,Other,-1866,megawatthours
2025-02-12 02:00:00,CAL,California,OTH,Other,2555,megawatthours
2025-02-12 03:00:00,CAL,California,OTH,Other,6161,megawatthours
2025-02-12 04:00:00,CAL,California,OTH,Other,6111,megawatthours
2025-02-12 05:00:00,CAL,California,OTH,Other,5396,megawatthours
2025-02-12 06:00:00,CAL,California,OTH,Other,4392,megawatthours
2025-02-12 07:00:00,CAL,California,OTH,Other,3740,megawatthours
2025-02-12 08:00:00,CAL,California,OTH,Other,2096,megawatthours
2025-02-12 09:00:00,CAL,California,OTH,Other,340,megawatthours
2025-02-12 10:00:00,CAL,California,OTH,Other,-652,megawatthours
2025-02-12 11:00:00,CAL,California,OTH,Other,-1684,megawatthours
2025-02-12 12:00:00,CAL,California,OTH,Other,-1726,megawatthours
2025-02-12 13:00:00,CAL,California,OTH,Other,-1530,megawatthours
2025-02-12 14:00:00,CAL,California,OTH,Other,-346,megawatthours
2025-02-12 15:00:00,CAL,California,OTH,Other,1725,megawatthours
2025-02-12 16:00:00,CAL,California,OTH,Other,3036,megawatthours
2025-02-12 17:00:00,CAL,California,OTH,Other,1501,megawatthours
2025-02-12 18:00:00,CAL,California,OTH,Other,-1789,megawatthours
2025-02-12 19:00:00,CAL,California,OTH,Other,-3033,megawatthours
2025-02-12 20:00:00,CAL,California,OTH,Other,-3789,megawatthours
2025-02-12 21:00:00,CAL,California,OTH,Other,-3738,megawatthours
2025-02-12 22:00:00,CAL,California,OTH,Other,-4092,megawatthours
2025-02-12 23:00:00,CAL,California,OTH,Other,-3458,megawatthours
2025-02-13 00:00:00,CAL,California,OTH,Other,-1009,megawatthours
2025-02-13 00:00:00,CAL,California,OTH,Other,-1009,megawatthours
2025-02-13 01:00:00,CAL,California,OTH,Other,135,megawatthours
2025-02-13 02:00:00,CAL,California,OTH,Other,2035,megawatthours
2025-02-13 03:00:00,CAL,California,OTH,Other,3817,megawatthours
2025-02-13 04:00:00,CAL,California,OTH,Other,3874,megawatthours
2025-02-13 05:00:00,CAL,California,OTH,Other,3344,megawatthours
2025-02-13 06:00:00,CAL,California,OTH,Other,3019,megawatthours
2025-02-13 07:00:00,CAL,California,OTH,Other,2432,megawatthours
2025-02-13 08:00:00,CAL,California,OTH,Other,847,megawatthours
2025-02-13 09:00:00,CAL,California,OTH,Other,-689,megawatthours
2025-02-13 10:00:00,CAL,California,OTH,Other,-1055,megawatthours
2025-02-13 11:00:00,CAL,California,OTH,Other,-1211,megawatthours
2025-02-13 12:00:00,CAL,California,OTH,Other,-1448,megawatthours
2025-02-13 13:00:00,CAL,California,OTH,Other,-1080,megawatthours
2025-02-13 14:00:00,CAL,California,OTH,Other,-1092,megawatthours
2025-02-13 15:00:00,CAL,California,OTH,Other,128,megawatthours
2025-02-13 16:00:00,CAL,California,OTH,Other,1526,megawatthours
2025-02-13 17:00:00,CAL,California,OTH,Other,1975,megawatthours
2025-02-13 18:00:00,CAL,California,OTH,Other,1825,megawatthours
2025-02-13 19:00:00,CAL,California,OTH,Other,1074,megawatthours
2025-02-13 20:00:00,CAL,California,OTH,Other,923,megawatthours
2025-02-13 21:00:00,CAL,California,OTH,Other,220,megawatthours
2025-02-13 22:00:00,CAL,California,OTH,Other,-175,megawatthours
2025-02-13 23:00:00,CAL,California,OTH,Other,-1574,megawatthours
2025-02-14 00:00:00,CAL,California,OTH,Other,-305,megawatthours
2025-02-14 00:00:00,CAL,California,OTH,Other,-305,megawatthours
2025-02-14 01:00:00,CAL,California,OTH,Other,423,megawatthours
2025-02-14 02:00:00,CAL,California,OTH,Other,1431,megawatthours
2025-02-14 03:00:00,CAL,California,OTH,Other,1875,megawatthours
2025-02-14 04:00:00,CAL,California,OTH,Other,1467,megawatthours
2025-02-14 05:00:00,CAL,California,OTH,Other,930,megawatthours
2025-02-14 06:00:00,CAL,California,OTH,Other,676,megawatthours
2025-02-14 07:00:00,CAL,California,OTH,Other,393,megawatthours
2025-02-14 08:00:00,CAL,California,OTH,Other,85,megawatthours
2025-02-14 09:00:00,CAL,California,OTH,Other,-64,megawatthours
2025-02-14 10:00:00,CAL,California,OTH,Other,-58,megawatthours
2025-02-14 11:00:00,CAL,California,OTH,Other,-114,megawatthours
2025-02-14 12:00:00,CAL,California,OTH,Other,-453,megawatthours
2025-02-14 13:00:00,CAL,California,OTH,Other,-589,megawatthours
2025-02-14 14:00:00,CAL,California,OTH,Other,-6,megawatthours
2025-02-14 15:00:00,CAL,California,OTH,Other,714,megawatthours
2025-02-14 16:00:00,CAL,California,OTH,Other,1875,megawatthours
2025-02-14 17:00:00,CAL,California,OTH,Other,133,megawatthours
2025-02-14 18:00:00,CAL,California,OTH,Other,-1762,megawatthours
2025-02-14 19:00:00,CAL,California,OTH,Other,-3158,megawatthours
2025-02-14 20:00:00,CAL,California,OTH,Other,-4089,megawatthours
2025-02-14 21:00:00,CAL,California,OTH,Other,-4353,megawatthours
2025-02-14 22:00:00,CAL,California,OTH,Other,-4699,megawatthours
2025-02-14 23:00:00,CAL,California,OTH,Other,-4250,megawatthours
2025-02-15 00:00:00,CAL,California,OTH,Other,-2856,megawatthours
2025-02-15 00:00:00,CAL,California,OTH,Other,-2856,megawatthours
2025-02-15 01:00:00,CAL,California,OTH,Other,-1137,megawatthours
2025-02-15 02:00:00,CAL,California,OTH,Other,753,megawatthours
2025-02-15 03:00:00,CAL,California,OTH,Other,3505,megawatthours
2025-02-15 04:00:00,CAL,California,OTH,Other,4235,megawatthours
2025-02-15 05:00:00,CAL,California,OTH,Other,3315,megawatthours
2025-02-15 06:00:00,CAL,California,OTH,Other,2873,megawatthours
2025-02-15 07:00:00,CAL,California,OTH,Other,1958,megawatthours
2025-02-15 08:00:00,CAL,California,OTH,Other,1333,megawatthours
2025-02-15 09:00:00,CAL,California,OTH,Other,531,megawatthours
2025-02-15 10:00:00,CAL,California,OTH,Other,1064,megawatthours
2025-02-15 11:00:00,CAL,California,OTH,Other,799,megawatthours
2025-02-15 12:00:00,CAL,California,OTH,Other,654,megawatthours
2025-02-15 13:00:00,CAL,California,OTH,Other,229,megawatthours
2025-02-15 14:00:00,CAL,California,OTH,Other,1341,megawatthours
2025-02-15 15:00:00,CAL,California,OTH,Other,2056,megawatthours
2025-02-15 16:00:00,CAL,California,OTH,Other,3066,megawatthours
2025-02-15 17:00:00,CAL,California,OTH,Other,822,megawatthours
2025-02-15 18:00:00,CAL,California,OTH,Other,-2251,megawatthours
2025-02-15 19:00:00,CAL,California,OTH,Other,-4262,megawatthours
2025-02-15 20:00:00,CAL,California,OTH,Other,-4510,megawatthours
2025-02-15 21:00:00,CAL,California,OTH,Other,-5131,megawatthours
2025-02-15 22:00:00,CAL,California,OTH,Other,-5232,megawatthours
2025-02-15 23:00:00,CAL,California,OTH,Other,-4245,megawatthours
2025-02-16 00:00:00,CAL,California,OTH,Other,-3119,megawatthours
2025-02-16 00:00:00,CAL,California,OTH,Other,-3119,megawatthours
2025-02-16 01:00:00,CAL,California,OTH,Other,-911,megawatthours
2025-02-16 02:00:00,CAL,California,OTH,Other,1471,megawatthours
2025-02-16 03:00:00,CAL,California,OTH,Other,4472,megawatthours
2025-02-16 04:00:00,CAL,California,OTH,Other,4734,megawatthours
2025-02-16 05:00:00,CAL,California,OTH,Other,4035,megawatthours
2025-02-16 06:00:00,CAL,California,OTH,Other,3389,megawatthours
2025-02-16 07:00:00,CAL,California,OTH,Other,2729,megawatthours
2025-02-16 08:00:00,CAL,California,OTH,Other,1803,megawatthours
2025-02-16 09:00:00,CAL,California,OTH,Other,1669,megawatthours
2025-02-16 10:00:00,CAL,California,OTH,Other,1651,megawatthours
2025-02-16 11:00:00,CAL,California,OTH,Other,1262,megawatthours
2025-02-16 12:00:00,CAL,California,OTH,Other,533,megawatthours
2025-02-16 13:00:00,CAL,California,OTH,Other,60,megawatthours
2025-02-16 14:00:00,CAL,California,OTH,Other,345,megawatthours
2025-02-16 15:00:00,CAL,California,OTH,Other,1509,megawatthours
2025-02-16 16:00:00,CAL,California,OTH,Other,2525,megawatthours
2025-02-16 17:00:00,CAL,California,OTH,Other,443,megawatthours
2025-02-16 18:00:00,CAL,California,OTH,Other,-1863,megawatthours
2025-02-16 19:00:00,CAL,California,OTH,Other,-3182,megawatthours
2025-02-16 20:00:00,CAL,California,OTH,Other,-4509,megawatthours
2025-02-16 21:00:00,CAL,California,OTH,Other,-5134,megawatthours
2025-02-16 22:00:00,CAL,California,OTH,Other,-4421,megawatthours
2025-02-16 23:00:00,CAL,California,OTH,Other,-4529,megawatthours
2025-02-17 00:00:00,CAL,California,OTH,Other,-3749,megawatthours
2025-02-17 00:00:00,CAL,California,OTH,Other,-3749,megawatthours
2025-02-17 01:00:00,CAL,California,OTH,Other,-1673,megawatthours
2025-02-17 02:00:00,CAL,California,OTH,Other,1438,megawatthours
2025-02-17 03:00:00,CAL,California,OTH,Other,4997,megawatthours
2025-02-17 04:00:00,CAL,California,OTH,Other,5385,megawatthours
2025-02-17 05:00:00,CAL,California,OTH,Other,4557,megawatthours
2025-02-17 06:00:00,CAL,California,OTH,Other,3621,megawatthours
2025-02-17 07:00:00,CAL,California,OTH,Other,2659,megawatthours
2025-02-17 08:00:00,CAL,California,OTH,Other,1120,megawatthours
2025-02-17 09:00:00,CAL,California,OTH,Other,628,megawatthours
2025-02-17 10:00:00,CAL,California,OTH,Other,347,megawatthours
2025-02-17 11:00:00,CAL,California,OTH,Other,-215,megawatthours
2025-02-17 12:00:00,CAL,California,OTH,Other,-491,megawatthours
2025-02-17 13:00:00,CAL,California,OTH,Other,-68,megawatthours
2025-02-17 14:00:00,CAL,California,OTH,Other,489,megawatthours
2025-02-17 15:00:00,CAL,California,OTH,Other,1493,megawatthours
2025-02-17 16:00:00,CAL,California,OTH,Other,2816,megawatthours
2025-02-17 17:00:00,CAL,California,OTH,Other,629,megawatthours
2025-02-17 18:00:00,CAL,California,OTH,Other,-2070,megawatthours
2025-02-17 19:00:00,CAL,California,OTH,Other,-3497,megawatthours
2025-02-17 20:00:00,CAL,California,OTH,Other,-4506,megawatthours
2025-02-17 21:00:00,CAL,California,OTH,Other,-5160,megawatthours
2025-02-17 22:00:00,CAL,California,OTH,Other,-5362,megawatthours
2025-02-17 23:00:00,CAL,California,OTH,Other,-4411,megawatthours
2025-02-18 00:00:00,CAL,California,OTH,Other,-3378,megawatthours
2025-02-18 00:00:00,CAL,California,OTH,Other,-3378,megawatthours
2025-02-18 01:00:00,CAL,California,OTH,Other,-1249,megawatthours
2025-02-18 02:00:00,CAL,California,OTH,Other,1414,megawatthours
2025-02-18 03:00:00,CAL,California,OTH,Other,5002,megawatthours
2025-02-18 04:00:00,CAL,California,OTH,Other,6183,megawatthours
2025-02-18 05:00:00,CAL,California,OTH,Other,5170,megawatthours
2025-02-18 06:00:00,CAL,California,OTH,Other,4082,megawatthours
2025-02-18 07:00:00,CAL,California,OTH,Other,3227,megawatthours
2025-02-18 08:00:00,CAL,California,OTH,Other,1770,megawatthours
2025-02-18 09:00:00,CAL,California,OTH,Other,667,megawatthours
2025-02-18 10:00:00,CAL,California,OTH,Other,324,megawatthours
2025-02-18 11:00:00,CAL,California,OTH,Other,147,megawatthours
2025-02-18 12:00:00,CAL,California,OTH,Other,-151,megawatthours
2025-02-18 13:00:00,CAL,California,OTH,Other,32,megawatthours
2025-02-18 14:00:00,CAL,California,OTH,Other,168,megawatthours
2025-02-18 15:00:00,CAL,California,OTH,Other,1097,megawatthours
2025-02-18 16:00:00,CAL,California,OTH,Other,2501,megawatthours
2025-02-18 17:00:00,CAL,California,OTH,Other,-56,megawatthours
2025-02-18 18:00:00,CAL,California,OTH,Other,-2453,megawatthours
2025-02-18 19:00:00,CAL,California,OTH,Other,-4076,megawatthours
2025-02-18 20:00:00,CAL,California,OTH,Other,-4986,megawatthours
2025-02-18 21:00:00,CAL,California,OTH,Other,-5607,megawatthours
2025-02-18 22:00:00,CAL,California,OTH,Other,-5476,megawatthours
2025-02-18 23:00:00,CAL,California,OTH,Other,-4657,megawatthours
2025-02-19 00:00:00,CAL,California,OTH,Other,-2883,megawatthours
2025-02-19 00:00:00,CAL,California,OTH,Other,-2883,megawatthours
2025-02-19 01:00:00,CAL,California,OTH,Other,-1392,megawatthours
2025-02-19 02:00:00,CAL,California,OTH,Other,1788,megawatthours
2025-02-19 03:00:00,CAL,California,OTH,Other,5151,megawatthours
2025-02-19 04:00:00,CAL,California,OTH,Other,5765,megawatthours
2025-02-19 05:00:00,CAL,California,OTH,Other,5183,megawatthours
2025-02-19 06:00:00,CAL,California,OTH,Other,4643,megawatthours
2025-02-19 07:00:00,CAL,California,OTH,Other,3194,megawatthours
2025-02-19 08:00:00,CAL,California,OTH,Other,1999,megawatthours
2025-02-19 09:00:00,CAL,California,OTH,Other,795,megawatthours
2025-02-19 10:00:00,CAL,California,OTH,Other,614,megawatthours
2025-02-19 11:00:00,CAL,California,OTH,Other,440,megawatthours
2025-02-19 12:00:00,CAL,California,OTH,Other,147,megawatthours
2025-02-19 13:00:00,CAL,California,OTH,Other,46,megawatthours
2025-02-19 14:00:00,CAL,California,OTH,Other,280,megawatthours
2025-02-19 15:00:00,CAL,California,OTH,Other,267,megawatthours
2025-02-19 16:00:00,CAL,California,OTH,Other,1296,megawatthours
2025-02-19 17:00:00,CAL,California,OTH,Other,-421,megawatthours
2025-02-19 18:00:00,CAL,California,OTH,Other,-1412,megawatthours
2025-02-19 19:00:00,CAL,California,OTH,Other,-3547,megawatthours
2025-02-19 20:00:00,CAL,California,OTH,Other,-4383,megawatthours
2025-02-19 21:00:00,CAL,California,OTH,Other,-5144,megawatthours
2025-02-19 22:00:00,CAL,California,OTH,Other,-5453,megawatthours
2025-02-19 23:00:00,CAL,California,OTH,Other,-4654,megawatthours
2025-02-20 00:00:00,CAL,California,OTH,Other,-3439,megawatthours
2025-02-20 00:00:00,CAL,California,OTH,Other,-3439,megawatthours
2025-02-20 01:00:00,CAL,California,OTH,Other,-2100,megawatthours
2025-02-20 02:00:00,CAL,California,OTH,Other,1167,megawatthours
2025-02-20 03:00:00,CAL,California,OTH,Other,4896,megawatthours
2025-02-20 04:00:00,CAL,California,OTH,Other,5462,megawatthours
2025-02-20 05:00:00,CAL,California,OTH,Other,4528,megawatthours
2025-02-20 06:00:00,CAL,California,OTH,Other,3910,megawatthours
2025-02-20 07:00:00,CAL,California,OTH,Other,2871,megawatthours
2025-02-20 08:00:00,CAL,California,OTH,Other,1153,megawatthours
2025-02-20 09:00:00,CAL,California,OTH,Other,168,megawatthours
2025-02-20 10:00:00,CAL,California,OTH,Other,294,megawatthours
2025-02-20 11:00:00,CAL,California,OTH,Other,-403,megawatthours
2025-02-20 12:00:00,CAL,California,OTH,Other,-753,megawatthours
2025-02-20 13:00:00,CAL,California,OTH,Other,-254,megawatthours
2025-02-20 14:00:00,CAL,California,OTH,Other,336,megawatthours
2025-02-20 15:00:00,CAL,California,OTH,Other,1732,megawatthours
2025-02-20 16:00:00,CAL,California,OTH,Other,3432,megawatthours
2025-02-20 17:00:00,CAL,California,OTH,Other,549,megawatthours
2025-02-20 18:00:00,CAL,California,OTH,Other,-1560,megawatthours
2025-02-20 19:00:00,CAL,California,OTH,Other,-3306,megawatthours
2025-02-20 20:00:00,CAL,California,OTH,Other,-4923,megawatthours
2025-02-20 21:00:00,CAL,California,OTH,Other,-5327,megawatthours
2025-02-20 22:00:00,CAL,California,OTH,Other,-5444,megawatthours
2025-02-20 23:00:00,CAL,California,OTH,Other,-5175,megawatthours
2025-02-21 00:00:00,CAL,California,OTH,Other,-3722,megawatthours
2025-02-21 00:00:00,CAL,California,OTH,Other,-3722,megawatthours
2025-02-21 01:00:00,CAL,California,OTH,Other,-2193,megawatthours
2025-02-21 02:00:00,CAL,California,OTH,Other,821,megawatthours
2025-02-21 03:00:00,CAL,California,OTH,Other,4569,megawatthours
2025-02-21 04:00:00,CAL,California,OTH,Other,4983,megawatthours
2025-02-21 05:00:00,CAL,California,OTH,Other,4576,megawatthours
2025-02-21 06:00:00,CAL,California,OTH,Other,3959,megawatthours
2025-02-21 07:00:00,CAL,California,OTH,Other,3444,megawatthours
2025-02-21 08:00:00,CAL,California,OTH,Other,2247,megawatthours
2025-02-21 09:00:00,CAL,California,OTH,Other,1402,megawatthours
2025-02-21 10:00:00,CAL,California,OTH,Other,1044,megawatthours
2025-02-21 11:00:00,CAL,California,OTH,Other,303,megawatthours
2025-02-21 12:00:00,CAL,California,OTH,Other,24,megawatthours
2025-02-21 13:00:00,CAL,California,OTH,Other,-72,megawatthours
2025-02-21 14:00:00,CAL,California,OTH,Other,1166,megawatthours
2025-02-21 15:00:00,CAL,California,OTH,Other,2047,megawatthours
2025-02-21 16:00:00,CAL,California,OTH,Other,3209,megawatthours
2025-02-21 17:00:00,CAL,California,OTH,Other,-36,megawatthours
2025-02-21 18:00:00,CAL,California,OTH,Other,-2873,megawatthours
2025-02-21 19:00:00,CAL,California,OTH,Other,-4048,megawatthours
2025-02-21 20:00:00,CAL,California,OTH,Other,-5150,megawatthours
2025-02-21 21:00:00,CAL,California,OTH,Other,-5470,megawatthours
2025-02-21 22:00:00,CAL,California,OTH,Other,-6088,megawatthours
2025-02-21 23:00:00,CAL,California,OTH,Other,-5033,megawatthours
2025-02-22 00:00:00,CAL,California,OTH,Other,-3644,megawatthours
2025-02-22 00:00:00,CAL,California,OTH,Other,-3644,megawatthours
2025-02-22 01:00:00,CAL,California,OTH,Other,-2020,megawatthours
2025-02-22 02:00:00,CAL,California,OTH,Other,859,megawatthours
2025-02-22 03:00:00,CAL,California,OTH,Other,4509,megawatthours
2025-02-22 04:00:00,CAL,California,OTH,Other,5034,megawatthours
2025-02-22 05:00:00,CAL,California,OTH,Other,4686,megawatthours
2025-02-22 06:00:00,CAL,California,OTH,Other,3933,megawatthours
2025-02-22 07:00:00,CAL,California,OTH,Other,3489,megawatthours
2025-02-22 08:00:00,CAL,California,OTH,Other,2301,megawatthours
2025-02-22 09:00:00,CAL,California,OTH,Other,1702,megawatthours
2025-02-22 10:00:00,CAL,California,OTH,Other,1647,megawatthours
2025-02-22 11:00:00,CAL,California,OTH,Other,961,megawatthours
2025-02-22 12:00:00,CAL,California,OTH,Other,309,megawatthours
2025-02-22 13:00:00,CAL,California,OTH,Other,305,megawatthours
2025-02-22 14:00:00,CAL,California,OTH,Other,558,megawatthours
2025-02-22 15:00:00,CAL,California,OTH,Other,1418,megawatthours
2025-02-22 16:00:00,CAL,California,OTH,Other,2211,megawatthours
2025-02-22 17:00:00,CAL,California,OTH,Other,-721,megawatthours
2025-02-22 18:00:00,CAL,California,OTH,Other,-3803,megawatthours
2025-02-22 19:00:00,CAL,California,OTH,Other,-4332,megawatthours
2025-02-22 20:00:00,CAL,California,OTH,Other,-5351,megawatthours
2025-02-22 21:00:00,CAL,California,OTH,Other,-5726,megawatthours
2025-02-22 22:00:00,CAL,California,OTH,Other,-5130,megawatthours
2025-02-22 23:00:00,CAL,California,OTH,Other,-4543,megawatthours
2025-02-23 00:00:00,CAL,California,OTH,Other,-3066,megawatthours
2025-02-23 00:00:00,CAL,California,OTH,Other,-3066,megawatthours
2025-02-23 01:00:00,CAL,California,OTH,Other,-1337,megawatthours
2025-02-23 02:00:00,CAL,California,OTH,Other,920,megawatthours
2025-02-23 03:00:00,CAL,California,OTH,Other,4331,megawatthours
2025-02-23 04:00:00,CAL,California,OTH,Other,4948,megawatthours
2025-02-23 05:00:00,CAL,California,OTH,Other,4516,megawatthours
2025-02-23 06:00:00,CAL,California,OTH,Other,4171,megawatthours
2025-02-23 07:00:00,CAL,California,OTH,Other,3644,megawatthours
2025-02-23 08:00:00,CAL,California,OTH,Other,2198,megawatthours
2025-02-23 09:00:00,CAL,California,OTH,Other,1498,megawatthours
2025-02-23 10:00:00,CAL,California,OTH,Other,1008,megawatthours
2025-02-23 11:00:00,CAL,California,OTH,Other,626,megawatthours
2025-02-23 12:00:00,CAL,California,OTH,Other,481,megawatthours
2025-02-23 13:00:00,CAL,California,OTH,Other,149,megawatthours
2025-02-23 14:00:00,CAL,California,OTH,Other,548,megawatthours
2025-02-23 15:00:00,CAL,California,OTH,Other,1530,megawatthours
2025-02-23 16:00:00,CAL,California,OTH,Other,1628,megawatthours
2025-02-23 17:00:00,CAL,California,OTH,Other,-988,megawatthours
2025-02-23 18:00:00,CAL,California,OTH,Other,-3818,megawatthours
2025-02-23 19:00:00,CAL,California,OTH,Other,-5477,megawatthours
2025-02-23 20:00:00,CAL,California,OTH,Other,-5419,megawatthours
2025-02-23 21:00:00,CAL,California,OTH,Other,-5811,megawatthours
2025-02-23 22:00:00,CAL,California,OTH,Other,-5097,megawatthours
2025-02-23 23:00:00,CAL,California,OTH,Other,-3486,megawatthours
2025-02-24 00:00:00,CAL,California,OTH,Other,-2511,megawatthours
2025-02-24 00:00:00,CAL,California,OTH,Other,-2511,megawatthours
2025-02-24 01:00:00,CAL,California,OTH,Other,-549,megawatthours
2025-02-24 02:00:00,CAL,California,OTH,Other,563,megawatthours
2025-02-24 03:00:00,CAL,California,OTH,Other,3171,megawatthours
2025-02-24 04:00:00,CAL,California,OTH,Other,4448,megawatthours
2025-02-24 05:00:00,CAL,California,OTH,Other,4633,megawatthours
2025-02-24 06:00:00,CAL,California,OTH,Other,4176,megawatthours
2025-02-24 07:00:00,CAL,California,OTH,Other,3388,megawatthours
2025-02-24 08:00:00,CAL,California,OTH,Other,1727,megawatthours
2025-02-24 09:00:00,CAL,California,OTH,Other,863,megawatthours
2025-02-24 10:00:00,CAL,California,OTH,Other,374,megawatthours
2025-02-24 11:00:00,CAL,California,OTH,Other,192,megawatthours
2025-02-24 12:00:00,CAL,California,OTH,Other,214,megawatthours
2025-02-24 13:00:00,CAL,California,OTH,Other,935,megawatthours
2025-02-24 14:00:00,CAL,California,OTH,Other,1903,megawatthours
2025-02-24 15:00:00,CAL,California,OTH,Other,2542,megawatthours
2025-02-24 16:00:00,CAL,California,OTH,Other,3012,megawatthours
2025-02-24 17:00:00,CAL,California,OTH,Other,-111,megawatthours
2025-02-24 18:00:00,CAL,California,OTH,Other,-2682,megawatthours
2025-02-24 19:00:00,CAL,California,OTH,Other,-4616,megawatthours
2025-02-24 20:00:00,CAL,California,OTH,Other,-4885,megawatthours
2025-02-24 21:00:00,CAL,California,OTH,Other,-5869,megawatthours
2025-02-24 22:00:00,CAL,California,OTH,Other,-4589,megawatthours
2025-02-24 23:00:00,CAL,California,OTH,Other,-3772,megawatthours
2025-02-25 00:00:00,CAL,California,OTH,Other,-3347,megawatthours
2025-02-25 00:00:00,CAL,California,OTH,Other,-3347,megawatthours
2025-02-25 01:00:00,CAL,California,OTH,Other,-1336,megawatthours
2025-02-25 02:00:00,CAL,California,OTH,Other,431,megawatthours
2025-02-25 03:00:00,CAL,California,OTH,Other,5063,megawatthours
2025-02-25 04:00:00,CAL,California,OTH,Other,5622,megawatthours
2025-02-25 05:00:00,CAL,California,OTH,Other,4815,megawatthours
2025-02-25 06:00:00,CAL,California,OTH,Other,3985,megawatthours
2025-02-25 07:00:00,CAL,California,OTH,Other,2838,megawatthours
2025-02-25 08:00:00,CAL,California,OTH,Other,1390,megawatthours
2025-02-25 09:00:00,CAL,California,OTH,Other,199,megawatthours
2025-02-25 10:00:00,CAL,California,OTH,Other,281,megawatthours
2025-02-25 11:00:00,CAL,California,OTH,Other,-14,megawatthours
2025-02-25 12:00:00,CAL,California,OTH,Other,184,megawatthours
2025-02-25 13:00:00,CAL,California,OTH,Other,411,megawatthours
2025-02-25 14:00:00,CAL,California,OTH,Other,1326,megawatthours
2025-02-25 15:00:00,CAL,California,OTH,Other,2161,megawatthours
2025-02-25 16:00:00,CAL,California,OTH,Other,3030,megawatthours
2025-02-25 17:00:00,CAL,California,OTH,Other,-440,megawatthours
2025-02-25 18:00:00,CAL,California,OTH,Other,-2836,megawatthours
2025-02-25 19:00:00,CAL,California,OTH,Other,-3606,megawatthours
2025-02-25 20:00:00,CAL,California,OTH,Other,-4881,megawatthours
2025-02-25 21:00:00,CAL,California,OTH,Other,-5593,megawatthours
2025-02-25 22:00:00,CAL,California,OTH,Other,-5856,megawatthours
2025-02-25 23:00:00,CAL,California,OTH,Other,-4570,megawatthours
2025-02-26 00:00:00,CAL,California,OTH,Other,-3386,megawatthours
2025-02-26 00:00:00,CAL,California,OTH,Other,-3386,megawatthours
2025-02-26 01:00:00,CAL,California,OTH,Other,-2080,megawatthours
2025-02-26 02:00:00,CAL,California,OTH,Other,834,megawatthours
2025-02-26 03:00:00,CAL,California,OTH,Other,4643,megawatthours
2025-02-26 04:00:00,CAL,California,OTH,Other,5216,megawatthours
2025-02-26 05:00:00,CAL,California,OTH,Other,4622,megawatthours
2025-02-26 06:00:00,CAL,California,OTH,Other,4189,megawatthours
2025-02-26 07:00:00,CAL,California,OTH,Other,2796,megawatthours
2025-02-26 08:00:00,CAL,California,OTH,Other,1330,megawatthours
2025-02-26 09:00:00,CAL,California,OTH,Other,575,megawatthours
2025-02-26 10:00:00,CAL,California,OTH,Other,1009,megawatthours
2025-02-26 11:00:00,CAL,California,OTH,Other,394,megawatthours
2025-02-26 12:00:00,CAL,California,OTH,Other,7,megawatthours
2025-02-26 13:00:00,CAL,California,OTH,Other,181,megawatthours
2025-02-26 14:00:00,CAL,California,OTH,Other,1309,megawatthours
2025-02-26 15:00:00,CAL,California,OTH,Other,2287,megawatthours
2025-02-26 16:00:00,CAL,California,OTH,Other,2847,megawatthours
2025-02-26 17:00:00,CAL,California,OTH,Other,-253,megawatthours
2025-02-26 18:00:00,CAL,California,OTH,Other,-2702,megawatthours
2025-02-26 19:00:00,CAL,California,OTH,Other,-3926,megawatthours
2025-02-26 20:00:00,CAL,California,OTH,Other,-4537,megawatthours
2025-02-26 21:00:00,CAL,California,OTH,Other,-4894,megawatthours
2025-02-26 22:00:00,CAL,California,OTH,Other,-5374,megawatthours
2025-02-26 23:00:00,CAL,California,OTH,Other,-4274,megawatthours
2025-02-27 00:00:00,CAL,California,OTH,Other,-3363,megawatthours
2025-02-27 00:00:00,CAL,California,OTH,Other,-3363,megawatthours
2025-02-27 01:00:00,CAL,California,OTH,Other,-2194,megawatthours
2025-02-27 02:00:00,CAL,California,OTH,Other,381,megawatthours
2025-02-27 03:00:00,CAL,California,OTH,Other,4037,megawatthours
2025-02-27 04:00:00,CAL,California,OTH,Other,4695,megawatthours
2025-02-27 05:00:00,CAL,California,OTH,Other,4509,megawatthours
2025-02-27 06:00:00,CAL,California,OTH,Other,4274,megawatthours
2025-02-27 07:00:00,CAL,California,OTH,Other,3508,megawatthours
2025-02-27 08:00:00,CAL,California,OTH,Other,2151,megawatthours
2025-02-27 09:00:00,CAL,California,OTH,Other,1131,megawatthours
2025-02-27 10:00:00,CAL,California,OTH,Other,564,megawatthours
2025-02-27 11:00:00,CAL,California,OTH,Other,291,megawatthours
2025-02-27 12:00:00,CAL,California,OTH,Other,113,megawatthours
2025-02-27 13:00:00,CAL,California,OTH,Other,300,megawatthours
2025-02-27 14:00:00,CAL,California,OTH,Other,689,megawatthours
2025-02-27 15:00:00,CAL,California,OTH,Other,1980,megawatthours
2025-02-27 16:00:00,CAL,California,OTH,Other,2877,megawatthours
2025-02-27 17:00:00,CAL,California,OTH,Other,-209,megawatthours
2025-02-27 18:00:00,CAL,California,OTH,Other,-3035,megawatthours
2025-02-27 19:00:00,CAL,California,OTH,Other,-4227,megawatthours
2025-02-27 20:00:00,CAL,California,OTH,Other,-4987,megawatthours
2025-02-27 21:00:00,CAL,California,OTH,Other,-5387,megawatthours
2025-02-27 22:00:00,CAL,California,OTH,Other,-4476,megawatthours
2025-02-27 23:00:00,CAL,California,OTH,Other,-2964,megawatthours
2025-02-28 00:00:00,CAL,California,OTH,Other,-1843,megawatthours
2025-02-28 00:00:00,CAL,California,OTH,Other,-1843,megawatthours
2025-02-28 01:00:00,CAL,California,OTH,Other,-493,megawatthours
2025-02-28 02:00:00,CAL,California,OTH,Other,1883,megawatthours
2025-02-28 03:00:00,CAL,California,OTH,Other,4704,megawatthours
2025-02-28 04:00:00,CAL,California,OTH,Other,4961,megawatthours
2025-02-28 05:00:00,CAL,California,OTH,Other,3716,megawatthours
2025-02-28 06:00:00,CAL,California,OTH,Other,3043,megawatthours
2025-02-28 07:00:00,CAL,California,OTH,Other,3007,megawatthours
2025-02-28 08:00:00,CAL,California,OTH,Other,1842,megawatthours
2025-02-28 09:00:00,CAL,California,OTH,Other,751,megawatthours
2025-02-28 10:00:00,CAL,California,OTH,Other,367,megawatthours
2025-02-28 11:00:00,CAL,California,OTH,Other,79,megawatthours
2025-02-28 12:00:00,CAL,California,OTH,Other,-99,megawatthours
2025-02-28 13:00:00,CAL,California,OTH,Other,-44,megawatthours
2025-02-28 14:00:00,CAL,California,OTH,Other,435,megawatthours
2025-02-28 15:00:00,CAL,California,OTH,Other,1591,megawatthours
2025-02-28 16:00:00,CAL,California,OTH,Other,2628,megawatthours
2025-02-28 17:00:00,CAL,California,OTH,Other,507,megawatthours
2025-02-28 18:00:00,CAL,California,OTH,Other,-302,megawatthours
2025-02-28 19:00:00,CAL,California,OTH,Other,-1811,megawatthours
2025-02-28 20:00:00,CAL,California,OTH,Other,-2846,megawatthours
2025-02-28 21:00:00,CAL,California,OTH,Other,-4167,megawatthours
2025-02-28 22:00:00,CAL,California,OTH,Other,-4692,megawatthours
2025-02-28 23:00:00,CAL,California,OTH,Other,-3591,megawatthours
2025-03-01 00:00:00,CAL,California,OTH,Other,-2545,megawatthours
2025-03-01 00:00:00,CAL,California,OTH,Other,-2545,megawatthours
2025-03-01 01:00:00,CAL,California,OTH,Other,-2095,megawatthours
2025-03-01 02:00:00,CAL,California,OTH,Other,1133,megawatthours
2025-03-01 03:00:00,CAL,California,OTH,Other,4079,megawatthours
2025-03-01 04:00:00,CAL,California,OTH,Other,4406,megawatthours
2025-03-01 05:00:00,CAL,California,OTH,Other,2867,megawatthours
2025-03-01 06:00:00,CAL,California,OTH,Other,2045,megawatthours
2025-03-01 07:00:00,CAL,California,OTH,Other,2001,megawatthours
2025-03-01 08:00:00,CAL,California,OTH,Other,1010,megawatthours
2025-03-01 09:00:00,CAL,California,OTH,Other,464,megawatthours
2025-03-01 10:00:00,CAL,California,OTH,Other,1025,megawatthours
2025-03-01 11:00:00,CAL,California,OTH,Other,547,megawatthours
2025-03-01 12:00:00,CAL,California,OTH,Other,-141,megawatthours
2025-03-01 13:00:00,CAL,California,OTH,Other,-116,megawatthours
2025-03-01 14:00:00,CAL,California,OTH,Other,21,megawatthours
2025-03-01 15:00:00,CAL,California,OTH,Other,584,megawatthours
2025-03-01 16:00:00,CAL,California,OTH,Other,1235,megawatthours
2025-03-01 17:00:00,CAL,California,OTH,Other,-306,megawatthours
2025-03-01 18:00:00,CAL,California,OTH,Other,-1667,megawatthours
2025-03-01 19:00:00,CAL,California,OTH,Other,-2505,megawatthours
2025-03-01 20:00:00,CAL,California,OTH,Other,-3772,megawatthours
2025-03-01 21:00:00,CAL,California,OTH,Other,-5183,megawatthours
2025-03-01 22:00:00,CAL,California,OTH,Other,-5780,megawatthours
2025-03-01 23:00:00,CAL,California,OTH,Other,-5651,megawatthours
2025-03-02 00:00:00,CAL,California,OTH,Other,-4297,megawatthours
2025-03-02 00:00:00,CAL,California,OTH,Other,-4297,megawatthours
2025-03-02 01:00:00,CAL,California,OTH,Other,-2745,megawatthours
2025-03-02 02:00:00,CAL,California,OTH,Other,1169,megawatthours
2025-03-02 03:00:00,CAL,California,OTH,Other,3902,megawatthours
2025-03-02 04:00:00,CAL,California,OTH,Other,4273,megawatthours
2025-03-02 05:00:00,CAL,California,OTH,Other,3984,megawatthours
2025-03-02 06:00:00,CAL,California,OTH,Other,3578,megawatthours
2025-03-02 07:00:00,CAL,California,OTH,Other,3483,megawatthours
2025-03-02 08:00:00,CAL,California,OTH,Other,1685,megawatthours
2025-03-02 09:00:00,CAL,California,OTH,Other,832,megawatthours
2025-03-02 10:00:00,CAL,California,OTH,Other,779,megawatthours
2025-03-02 11:00:00,CAL,California,OTH,Other,284,megawatthours
2025-03-02 12:00:00,CAL,California,OTH,Other,-162,megawatthours
2025-03-02 13:00:00,CAL,California,OTH,Other,26,megawatthours
2025-03-02 14:00:00,CAL,California,OTH,Other,254,megawatthours
2025-03-02 15:00:00,CAL,California,OTH,Other,737,megawatthours
2025-03-02 16:00:00,CAL,California,OTH,Other,1410,megawatthours
2025-03-02 17:00:00,CAL,California,OTH,Other,-1220,megawatthours
2025-03-02 18:00:00,CAL,California,OTH,Other,-4210,megawatthours
2025-03-02 19:00:00,CAL,California,OTH,Other,-4725,megawatthours
2025-03-02 20:00:00,CAL,California,OTH,Other,-5275,megawatthours
2025-03-02 21:00:00,CAL,California,OTH,Other,-5451,megawatthours
2025-03-02 22:00:00,CAL,California,OTH,Other,-4677,megawatthours
2025-03-02 23:00:00,CAL,California,OTH,Other,-4602,megawatthours
2025-03-03 00:00:00,CAL,California,OTH,Other,-2616,megawatthours
2025-03-03 00:00:00,CAL,California,OTH,Other,-2616,megawatthours
2025-03-03 01:00:00,CAL,California,OTH,Other,-1416,megawatthours
2025-03-03 02:00:00,CAL,California,OTH,Other,650,megawatthours
2025-03-03 03:00:00,CAL,California,OTH,Other,2945,megawatthours
2025-03-03 04:00:00,CAL,California,OTH,Other,4730,megawatthours
2025-03-03 05:00:00,CAL,California,OTH,Other,4515,megawatthours
2025-03-03 06:00:00,CAL,California,OTH,Other,4060,megawatthours
2025-03-03 07:00:00,CAL,California,OTH,Other,2884,megawatthours
2025-03-03 08:00:00,CAL,California,OTH,Other,1353,megawatthours
2025-03-03 09:00:00,CAL,California,OTH,Other,626,megawatthours
2025-03-03 10:00:00,CAL,California,OTH,Other,560,megawatthours
2025-03-03 11:00:00,CAL,California,OTH,Other,264,megawatthours
2025-03-03 12:00:00,CAL,California,OTH,Other,331,megawatthours
2025-03-03 13:00:00,CAL,California,OTH,Other,-116,megawatthours
2025-03-03 14:00:00,CAL,California,OTH,Other,617,megawatthours
2025-03-03 15:00:00,CAL,California,OTH,Other,2209,megawatthours
2025-03-03 16:00:00,CAL,California,OTH,Other,3161,megawatthours
2025-03-03 17:00:00,CAL,California,OTH,Other,-145,megawatthours
2025-03-03 18:00:00,CAL,California,OTH,Other,-2506,megawatthours
2025-03-03 19:00:00,CAL,California,OTH,Other,-3280,megawatthours
2025-03-03 20:00:00,CAL,California,OTH,Other,-4709,megawatthours
2025-03-03 21:00:00,CAL,California,OTH,Other,-4789,megawatthours
2025-03-03 22:00:00,CAL,California,OTH,Other,-5173,megawatthours
2025-03-03 23:00:00,CAL,California,OTH,Other,-4980,megawatthours
2025-03-04 00:00:00,CAL,California,OTH,Other,-4342,megawatthours
2025-03-04 00:00:00,CAL,California,OTH,Other,-4342,megawatthours
2025-03-04 01:00:00,CAL,California,OTH,Other,-2416,megawatthours
2025-03-04 02:00:00,CAL,California,OTH,Other,420,megawatthours
2025-03-04 03:00:00,CAL,California,OTH,Other,5125,megawatthours
2025-03-04 04:00:00,CAL,California,OTH,Other,6669,megawatthours
2025-03-04 05:00:00,CAL,California,OTH,Other,6339,megawatthours
2025-03-04 06:00:00,CAL,California,OTH,Other,4873,megawatthours
2025-03-04 07:00:00,CAL,California,OTH,Other,3742,megawatthours
2025-03-04 08:00:00,CAL,California,OTH,Other,1874,megawatthours
2025-03-04 09:00:00,CAL,California,OTH,Other,306,megawatthours
2025-03-04 10:00:00,CAL,California,OTH,Other,113,megawatthours
2025-03-04 11:00:00,CAL,California,OTH,Other,-375,megawatthours
2025-03-04 12:00:00,CAL,California,OTH,Other,-548,megawatthours
2025-03-04 13:00:00,CAL,California,OTH,Other,-499,megawatthours
2025-03-04 14:00:00,CAL,California,OTH,Other,233,megawatthours
2025-03-04 15:00:00,CAL,California,OTH,Other,810,megawatthours
2025-03-04 16:00:00,CAL,California,OTH,Other,1180,megawatthours
2025-03-04 17:00:00,CAL,California,OTH,Other,-1315,megawatthours
2025-03-04 18:00:00,CAL,California,OTH,Other,-3645,megawatthours
2025-03-04 19:00:00,CAL,California,OTH,Other,-4895,megawatthours
2025-03-04 20:00:00,CAL,California,OTH,Other,-5388,megawatthours
2025-03-04 21:00:00,CAL,California,OTH,Other,-5795,megawatthours
2025-03-04 22:00:00,CAL,California,OTH,Other,-4869,megawatthours
2025-03-04 23:00:00,CAL,California,OTH,Other,-4149,megawatthours
2025-03-05 00:00:00,CAL,California,OTH,Other,-3492,megawatthours
2025-03-05 00:00:00,CAL,California,OTH,Other,-3492,megawatthours
2025-03-05 01:00:00,CAL,California,OTH,Other,-1858,megawatthours
2025-03-05 02:00:00,CAL,California,OTH,Other,593,megawatthours
2025-03-05 03:00:00,CAL,California,OTH,Other,4548,megawatthours
2025-03-05 04:00:00,CAL,California,OTH,Other,4931,megawatthours
2025-03-05 05:00:00,CAL,California,OTH,Other,4413,megawatthours
2025-03-05 06:00:00,CAL,California,OTH,Other,3755,megawatthours
2025-03-05 07:00:00,CAL,California,OTH,Other,3205,megawatthours
2025-03-05 08:00:00,CAL,California,OTH,Other,2340,megawatthours
2025-03-05 09:00:00,CAL,California,OTH,Other,1358,megawatthours
2025-03-05 10:00:00,CAL,California,OTH,Other,1389,megawatthours
2025-03-05 11:00:00,CAL,California,OTH,Other,658,megawatthours
2025-03-05 12:00:00,CAL,California,OTH,Other,15,megawatthours
2025-03-05 13:00:00,CAL,California,OTH,Other,120,megawatthours
2025-03-05 14:00:00,CAL,California,OTH,Other,59,megawatthours
2025-03-05 15:00:00,CAL,California,OTH,Other,844,megawatthours
2025-03-05 16:00:00,CAL,California,OTH,Other,808,megawatthours
2025-03-05 17:00:00,CAL,California,OTH,Other,36,megawatthours
2025-03-05 18:00:00,CAL,California,OTH,Other,-631,megawatthours
2025-03-05 19:00:00,CAL,California,OTH,Other,-757,megawatthours
2025-03-05 20:00:00,CAL,California,OTH,Other,-1221,megawatthours
2025-03-05 21:00:00,CAL,California,OTH,Other,-2288,megawatthours
2025-03-05 22:00:00,CAL,California,OTH,Other,-1211,megawatthours
2025-03-05 23:00:00,CAL,California,OTH,Other,-190,megawatthours
2025-03-06 00:00:00,CAL,California,OTH,Other,-1078,megawatthours
2025-03-06 00:00:00,CAL,California,OTH,Other,-1078,megawatthours
2025-03-06 01:00:00,CAL,California,OTH,Other,-1684,megawatthours
2025-03-06 02:00:00,CAL,California,OTH,Other,-752,megawatthours
2025-03-06 03:00:00,CAL,California,OTH,Other,1236,megawatthours
2025-03-06 04:00:00,CAL,California,OTH,Other,1960,megawatthours
2025-03-06 05:00:00,CAL,California,OTH,Other,1168,megawatthours
2025-03-06 06:00:00,CAL,California,OTH,Other,1250,megawatthours
2025-03-06 07:00:00,CAL,California,OTH,Other,678,megawatthours
2025-03-06 08:00:00,CAL,California,OTH,Other,-301,megawatthours
2025-03-06 09:00:00,CAL,California,OTH,Other,-761,megawatthours
2025-03-06 10:00:00,CAL,California,OTH,Other,-50,megawatthours
2025-03-06 11:00:00,CAL,California,OTH,Other,-627,megawatthours
2025-03-06 12:00:00,CAL,California,OTH,Other,-996,megawatthours
2025-03-06 13:00:00,CAL,California,OTH,Other,-547,megawatthours
2025-03-06 14:00:00,CAL,California,OTH,Other,161,megawatthours
2025-03-06 15:00:00,CAL,California,OTH,Other,1329,megawatthours
2025-03-06 16:00:00,CAL,California,OTH,Other,2524,megawatthours
2025-03-06 17:00:00,CAL,California,OTH,Other,-1141,megawatthours
2025-03-06 18:00:00,CAL,California,OTH,Other,-3376,megawatthours
2025-03-06 19:00:00,CAL,California,OTH,Other,-3986,megawatthours
2025-03-06 20:00:00,CAL,California,OTH,Other,-4765,megawatthours
2025-03-06 21:00:00,CAL,California,OTH,Other,-5049,megawatthours
2025-03-06 22:00:00,CAL,California,OTH,Other,-4490,megawatthours
2025-03-06 23:00:00,CAL,California,OTH,Other,-2521,megawatthours
2025-03-07 00:00:00,CAL,California,OTH,Other,-2161,megawatthours
2025-03-07 00:00:00,CAL,California,OTH,Other,-2161,megawatthours
2025-03-07 01:00:00,CAL,California,OTH,Other,-1431,megawatthours
2025-03-07 02:00:00,CAL,California,OTH,Other,-310,megawatthours
2025-03-07 03:00:00,CAL,California,OTH,Other,2447,megawatthours
2025-03-07 04:00:00,CAL,California,OTH,Other,3230,megawatthours
2025-03-07 05:00:00,CAL,California,OTH,Other,3888,megawatthours
2025-03-07 06:00:00,CAL,California,OTH,Other,3951,megawatthours
2025-03-07 07:00:00,CAL,California,OTH,Other,3708,megawatthours
2025-03-07 08:00:00,CAL,California,OTH,Other,2783,megawatthours
2025-03-07 09:00:00,CAL,California,OTH,Other,747,megawatthours
2025-03-07 10:00:00,CAL,California,OTH,Other,921,megawatthours
2025-03-07 11:00:00,CAL,California,OTH,Other,536,megawatthours
2025-03-07 12:00:00,CAL,California,OTH,Other,359,megawatthours
2025-03-07 13:00:00,CAL,California,OTH,Other,183,megawatthours
2025-03-07 14:00:00,CAL,California,OTH,Other,1019,megawatthours
2025-03-07 15:00:00,CAL,California,OTH,Other,1830,megawatthours
2025-03-07 16:00:00,CAL,California,OTH,Other,2295,megawatthours
2025-03-07 17:00:00,CAL,California,OTH,Other,169,megawatthours
2025-03-07 18:00:00,CAL,California,OTH,Other,-1734,megawatthours
2025-03-07 19:00:00,CAL,California,OTH,Other,-3688,megawatthours
2025-03-07 20:00:00,CAL,California,OTH,Other,-4460,megawatthours
2025-03-07 21:00:00,CAL,California,OTH,Other,-6426,megawatthours
2025-03-07 22:00:00,CAL,California,OTH,Other,-7198,megawatthours
2025-03-07 23:00:00,CAL,California,OTH,Other,-6061,megawatthours
2025-03-08 00:00:00,CAL,California,OTH,Other,-4767,megawatthours
2025-03-08 00:00:00,CAL,California,OTH,Other,-4767,megawatthours
2025-03-08 01:00:00,CAL,California,OTH,Other,-2083,megawatthours
2025-03-08 02:00:00,CAL,California,OTH,Other,-128,megawatthours
2025-03-08 03:00:00,CAL,California,OTH,Other,3479,megawatthours
2025-03-08 04:00:00,CAL,California,OTH,Other,5013,megawatthours
2025-03-08 05:00:00,CAL,California,OTH,Other,4386,megawatthours
2025-03-08 06:00:00,CAL,California,OTH,Other,3723,megawatthours
2025-03-08 07:00:00,CAL,California,OTH,Other,3855,megawatthours
2025-03-08 08:00:00,CAL,California,OTH,Other,3073,megawatthours
2025-03-08 09:00:00,CAL,California,OTH,Other,3072,megawatthours
2025-03-08 10:00:00,CAL,California,OTH,Other,922,megawatthours
2025-03-08 11:00:00,CAL,California,OTH,Other,540,megawatthours
2025-03-08 12:00:00,CAL,California,OTH,Other,359,megawatthours
2025-03-08 13:00:00,CAL,California,OTH,Other,186,megawatthours
2025-03-08 14:00:00,CAL,California,OTH,Other,1019,megawatthours
2025-03-08 15:00:00,CAL,California,OTH,Other,1834,megawatthours
2025-03-08 16:00:00,CAL,California,OTH,Other,2295,megawatthours
2025-03-08 17:00:00,CAL,California,OTH,Other,171,megawatthours
2025-03-08 18:00:00,CAL,California,OTH,Other,-1732,megawatthours
2025-03-08 19:00:00,CAL,California,OTH,Other,-3686,megawatthours
2025-03-08 20:00:00,CAL,California,OTH,Other,-4459,megawatthours
2025-03-08 21:00:00,CAL,California,OTH,Other,-6425,megawatthours
2025-03-08 22:00:00,CAL,California,OTH,Other,-7195,megawatthours
2025-03-08 23:00:00,CAL,California,OTH,Other,-6062,megawatthours
2025-03-09 00:00:00,CAL,California,OTH,Other,-4768,megawatthours
2025-03-09 00:00:00,CAL,California,OTH,Other,-4768,megawatthours
2025-03-09 01:00:00,CAL,California,OTH,Other,-2083,megawatthours
2025-03-09 02:00:00,CAL,California,OTH,Other,-127,megawatthours
2025-03-09 03:00:00,CAL,California,OTH,Other,3479,megawatthours
2025-03-09 04:00:00,CAL,California,OTH,Other,5010,megawatthours
2025-03-09 05:00:00,CAL,California,OTH,Other,4389,megawatthours
2025-03-09 06:00:00,CAL,California,OTH,Other,3720,megawatthours
2025-03-09 07:00:00,CAL,California,OTH,Other,3856,megawatthours
2025-03-09 08:00:00,CAL,California,OTH,Other,3073,megawatthours
2025-03-09 09:00:00,CAL,California,OTH,Other,587,megawatthours
2025-03-09 10:00:00,CAL,California,OTH,Other,901,megawatthours
2025-03-09 11:00:00,CAL,California,OTH,Other,695,megawatthours
2025-03-09 12:00:00,CAL,California,OTH,Other,377,megawatthours
2025-03-09 13:00:00,CAL,California,OTH,Other,332,megawatthours
2025-03-09 14:00:00,CAL,California,OTH,Other,554,megawatthours
2025-03-09 15:00:00,CAL,California,OTH,Other,1799,megawatthours
2025-03-09 16:00:00,CAL,California,OTH,Other,1818,megawatthours
2025-03-09 17:00:00,CAL,California,OTH,Other,-1257,megawatthours
2025-03-09 18:00:00,CAL,California,OTH,Other,-4323,megawatthours
2025-03-09 19:00:00,CAL,California,OTH,Other,-5189,megawatthours
2025-03-09 20:00:00,CAL,California,OTH,Other,-5991,megawatthours
2025-03-09 21:00:00,CAL,California,OTH,Other,-5871,megawatthours
2025-03-09 22:00:00,CAL,California,OTH,Other,-4868,megawatthours
2025-03-09 23:00:00,CAL,California,OTH,Other,-4050,megawatthours
2025-03-10 00:00:00,CAL,California,OTH,Other,-2827,megawatthours
2025-03-10 00:00:00,CAL,California,OTH,Other,-2827,megawatthours
2025-03-10 01:00:00,CAL,California,OTH,Other,-1286,megawatthours
2025-03-10 02:00:00,CAL,California,OTH,Other,242,megawatthours
2025-03-10 03:00:00,CAL,California,OTH,Other,4560,megawatthours
2025-03-10 04:00:00,CAL,California,OTH,Other,6606,megawatthours
2025-03-10 05:00:00,CAL,California,OTH,Other,5577,megawatthours
2025-03-10 06:00:00,CAL,California,OTH,Other,4567,megawatthours
2025-03-10 07:00:00,CAL,California,OTH,Other,2890,megawatthours
2025-03-10 08:00:00,CAL,California,OTH,Other,849,megawatthours
2025-03-10 09:00:00,CAL,California,OTH,Other,281,megawatthours
2025-03-10 10:00:00,CAL,California,OTH,Other,-282,megawatthours
2025-03-10 11:00:00,CAL,California,OTH,Other,-667,megawatthours
2025-03-10 12:00:00,CAL,California,OTH,Other,-628,megawatthours
2025-03-10 13:00:00,CAL,California,OTH,Other,-85,megawatthours
2025-03-10 14:00:00,CAL,California,OTH,Other,1052,megawatthours
2025-03-10 15:00:00,CAL,California,OTH,Other,3098,megawatthours
2025-03-10 16:00:00,CAL,California,OTH,Other,2493,megawatthours
2025-03-10 17:00:00,CAL,California,OTH,Other,-1497,megawatthours
2025-03-10 18:00:00,CAL,California,OTH,Other,-4104,megawatthours
2025-03-10 19:00:00,CAL,California,OTH,Other,-5094,megawatthours
2025-03-10 20:00:00,CAL,California,OTH,Other,-5792,megawatthours
2025-03-10 21:00:00,CAL,California,OTH,Other,-5252,megawatthours
2025-03-10 22:00:00,CAL,California,OTH,Other,-4540,megawatthours
2025-03-10 23:00:00,CAL,California,OTH,Other,-3956,megawatthours
2025-03-11 00:00:00,CAL,California,OTH,Other,-2655,megawatthours
2025-03-11 00:00:00,CAL,California,OTH,Other,-2655,megawatthours
2025-03-11 01:00:00,CAL,California,OTH,Other,-1771,megawatthours
2025-03-11 02:00:00,CAL,California,OTH,Other,307,megawatthours
2025-03-11 03:00:00,CAL,California,OTH,Other,3590,megawatthours
2025-03-11 04:00:00,CAL,California,OTH,Other,4480,megawatthours
2025-03-11 05:00:00,CAL,California,OTH,Other,3747,megawatthours
2025-03-11 06:00:00,CAL,California,OTH,Other,3417,megawatthours
2025-03-11 07:00:00,CAL,California,OTH,Other,2224,megawatthours
2025-03-11 08:00:00,CAL,California,OTH,Other,1130,megawatthours
2025-03-11 09:00:00,CAL,California,OTH,Other,160,megawatthours
2025-03-11 10:00:00,CAL,California,OTH,Other,-31,megawatthours
2025-03-11 11:00:00,CAL,California,OTH,Other,-693,megawatthours
2025-03-11 12:00:00,CAL,California,OTH,Other,-773,megawatthours
2025-03-11 13:00:00,CAL,California,OTH,Other,-13,megawatthours
2025-03-11 14:00:00,CAL,California,OTH,Other,954,megawatthours
2025-03-11 15:00:00,CAL,California,OTH,Other,2354,megawatthours
2025-03-11 16:00:00,CAL,California,OTH,Other,2968,megawatthours
2025-03-11 17:00:00,CAL,California,OTH,Other,1667,megawatthours
2025-03-11 18:00:00,CAL,California,OTH,Other,321,megawatthours
2025-03-11 19:00:00,CAL,California,OTH,Other,-1062,megawatthours
2025-03-11 20:00:00,CAL,California,OTH,Other,-2840,megawatthours
2025-03-11 21:00:00,CAL,California,OTH,Other,-3323,megawatthours
2025-03-11 22:00:00,CAL,California,OTH,Other,-3758,megawatthours
2025-03-11 23:00:00,CAL,California,OTH,Other,-2687,megawatthours
2025-03-12 00:00:00,CAL,California,OTH,Other,-3028,megawatthours
2025-03-12 00:00:00,CAL,California,OTH,Other,-3028,megawatthours
2025-03-12 01:00:00,CAL,California,OTH,Other,-2331,megawatthours
2025-03-12 02:00:00,CAL,California,OTH,Other,-543,megawatthours
2025-03-12 03:00:00,CAL,California,OTH,Other,2220,megawatthours
2025-03-12 04:00:00,CAL,California,OTH,Other,4069,megawatthours
2025-03-12 05:00:00,CAL,California,OTH,Other,3494,megawatthours
2025-03-12 06:00:00,CAL,California,OTH,Other,2557,megawatthours
2025-03-12 07:00:00,CAL,California,OTH,Other,1728,megawatthours
2025-03-12 08:00:00,CAL,California,OTH,Other,607,megawatthours
2025-03-12 09:00:00,CAL,California,OTH,Other,445,megawatthours
2025-03-12 10:00:00,CAL,California,OTH,Other,-118,megawatthours
2025-03-12 11:00:00,CAL,California,OTH,Other,-788,megawatthours
2025-03-12 12:00:00,CAL,California,OTH,Other,-965,megawatthours
2025-03-12 13:00:00,CAL,California,OTH,Other,-293,megawatthours
2025-03-12 14:00:00,CAL,California,OTH,Other,568,megawatthours
2025-03-12 15:00:00,CAL,California,OTH,Other,1962,megawatthours
2025-03-12 16:00:00,CAL,California,OTH,Other,2185,megawatthours
2025-03-12 17:00:00,CAL,California,OTH,Other,-649,megawatthours
2025-03-12 18:00:00,CAL,California,OTH,Other,-1713,megawatthours
2025-03-12 19:00:00,CAL,California,OTH,Other,-2868,megawatthours
2025-03-12 20:00:00,CAL,California,OTH,Other,-3810,megawatthours
2025-03-12 21:00:00,CAL,California,OTH,Other,-3909,megawatthours
2025-03-12 22:00:00,CAL,California,OTH,Other,-3075,megawatthours
2025-03-12 23:00:00,CAL,California,OTH,Other,-2797,megawatthours
2025-03-13 00:00:00,CAL,California,OTH,Other,-1748,megawatthours
2025-03-13 00:00:00,CAL,California,OTH,Other,-1748,megawatthours
2025-03-13 01:00:00,CAL,California,OTH,Other,-1444,megawatthours
2025-03-13 02:00:00,CAL,California,OTH,Other,1465,megawatthours
2025-03-13 03:00:00,CAL,California,OTH,Other,3866,megawatthours
2025-03-13 04:00:00,CAL,California,OTH,Other,3875,megawatthours
2025-03-13 05:00:00,CAL,California,OTH,Other,3423,megawatthours
2025-03-13 06:00:00,CAL,California,OTH,Other,2818,megawatthours
2025-03-13 07:00:00,CAL,California,OTH,Other,2158,megawatthours
2025-03-13 08:00:00,CAL,California,OTH,Other,959,megawatthours
2025-03-13 09:00:00,CAL,California,OTH,Other,304,megawatthours
2025-03-13 10:00:00,CAL,California,OTH,Other,-907,megawatthours
2025-03-13 11:00:00,CAL,California,OTH,Other,-871,megawatthours
2025-03-13 12:00:00,CAL,California,OTH,Other,-1325,megawatthours
2025-03-13 13:00:00,CAL,California,OTH,Other,-197,megawatthours
2025-03-13 14:00:00,CAL,California,OTH,Other,238,megawatthours
2025-03-13 15:00:00,CAL,California,OTH,Other,1763,megawatthours
2025-03-13 16:00:00,CAL,California,OTH,Other,2457,megawatthours
2025-03-13 17:00:00,CAL,California,OTH,Other,853,megawatthours
2025-03-13 18:00:00,CAL,California,OTH,Other,-225,megawatthours
2025-03-13 19:00:00,CAL,California,OTH,Other,-1714,megawatthours
2025-03-13 20:00:00,CAL,California,OTH,Other,-3558,megawatthours
2025-03-13 21:00:00,CAL,California,OTH,Other,-4251,megawatthours
2025-03-13 22:00:00,CAL,California,OTH,Other,-4690,megawatthours
2025-03-13 23:00:00,CAL,California,OTH,Other,-5057,megawatthours
2025-03-14 00:00:00,CAL,California,OTH,Other,-4252,megawatthours
2025-03-14 00:00:00,CAL,California,OTH,Other,-4252,megawatthours
2025-03-14 01:00:00,CAL,California,OTH,Other,-2942,megawatthours
2025-03-14 02:00:00,CAL,California,OTH,Other,-928,megawatthours
2025-03-14 03:00:00,CAL,California,OTH,Other,2282,megawatthours
2025-03-14 04:00:00,CAL,California,OTH,Other,3402,megawatthours
2025-03-14 05:00:00,CAL,California,OTH,Other,2910,megawatthours
2025-03-14 06:00:00,CAL,California,OTH,Other,2600,megawatthours
2025-03-14 07:00:00,CAL,California,OTH,Other,1264,megawatthours
2025-03-14 08:00:00,CAL,California,OTH,Other,302,megawatthours
2025-03-14 09:00:00,CAL,California,OTH,Other,558,megawatthours
2025-03-14 10:00:00,CAL,California,OTH,Other,-331,megawatthours
2025-03-14 11:00:00,CAL,California,OTH,Other,-930,megawatthours
2025-03-14 12:00:00,CAL,California,OTH,Other,-911,megawatthours
2025-03-14 13:00:00,CAL,California,OTH,Other,-563,megawatthours
2025-03-14 14:00:00,CAL,California,OTH,Other,200,megawatthours
2025-03-14 15:00:00,CAL,California,OTH,Other,1908,megawatthours
2025-03-14 16:00:00,CAL,California,OTH,Other,2899,megawatthours
2025-03-14 17:00:00,CAL,California,OTH,Other,2404,megawatthours
2025-03-14 18:00:00,CAL,California,OTH,Other,1558,megawatthours
2025-03-14 19:00:00,CAL,California,OTH,Other,-1503,megawatthours
2025-03-14 20:00:00,CAL,California,OTH,Other,-2856,megawatthours
2025-03-14 21:00:00,CAL,California,OTH,Other,-2969,megawatthours
2025-03-14 22:00:00,CAL,California,OTH,Other,-3591,megawatthours
2025-03-14 23:00:00,CAL,California,OTH,Other,-3743,megawatthours
2025-03-15 00:00:00,CAL,California,OTH,Other,-2949,megawatthours
2025-03-15 00:00:00,CAL,California,OTH,Other,-2949,megawatthours
2025-03-15 01:00:00,CAL,California,OTH,Other,-1874,megawatthours
2025-03-15 02:00:00,CAL,California,OTH,Other,-143,megawatthours
2025-03-15 03:00:00,CAL,California,OTH,Other,2605,megawatthours
2025-03-15 04:00:00,CAL,California,OTH,Other,3629,megawatthours
2025-03-15 05:00:00,CAL,California,OTH,Other,2763,megawatthours
2025-03-15 06:00:00,CAL,California,OTH,Other,2532,megawatthours
2025-03-15 07:00:00,CAL,California,OTH,Other,1709,megawatthours
2025-03-15 08:00:00,CAL,California,OTH,Other,1139,megawatthours
2025-03-15 09:00:00,CAL,California,OTH,Other,1944,megawatthours
2025-03-15 10:00:00,CAL,California,OTH,Other,1149,megawatthours
2025-03-15 11:00:00,CAL,California,OTH,Other,731,megawatthours
2025-03-15 12:00:00,CAL,California,OTH,Other,144,megawatthours
2025-03-15 13:00:00,CAL,California,OTH,Other,141,megawatthours
2025-03-15 14:00:00,CAL,California,OTH,Other,349,megawatthours
2025-03-15 15:00:00,CAL,California,OTH,Other,1205,megawatthours
2025-03-15 16:00:00,CAL,California,OTH,Other,512,megawatthours
2025-03-15 17:00:00,CAL,California,OTH,Other,-1737,megawatthours
2025-03-15 18:00:00,CAL,California,OTH,Other,-3632,megawatthours
2025-03-15 19:00:00,CAL,California,OTH,Other,-3908,megawatthours
2025-03-15 20:00:00,CAL,California,OTH,Other,-4776,megawatthours
2025-03-15 21:00:00,CAL,California,OTH,Other,-6050,megawatthours
2025-03-15 22:00:00,CAL,California,OTH,Other,-5441,megawatthours
2025-03-15 23:00:00,CAL,California,OTH,Other,-4810,megawatthours
2025-03-16 00:00:00,CAL,California,OTH,Other,-2702,megawatthours
2025-03-16 00:00:00,CAL,California,OTH,Other,-2702,megawatthours
2025-03-16 01:00:00,CAL,California,OTH,Other,-1134,megawatthours
2025-03-16 02:00:00,CAL,California,OTH,Other,-178,megawatthours
2025-03-16 03:00:00,CAL,California,OTH,Other,2767,megawatthours
2025-03-16 04:00:00,CAL,California,OTH,Other,5353,megawatthours
2025-03-16 05:00:00,CAL,California,OTH,Other,5000,megawatthours
2025-03-16 06:00:00,CAL,California,OTH,Other,4478,megawatthours
2025-03-16 07:00:00,CAL,California,OTH,Other,2878,megawatthours
2025-03-16 08:00:00,CAL,California,OTH,Other,1655,megawatthours
2025-03-16 09:00:00,CAL,California,OTH,Other,1124,megawatthours
2025-03-16 10:00:00,CAL,California,OTH,Other,235,megawatthours
2025-03-16 11:00:00,CAL,California,OTH,Other,9,megawatthours
2025-03-16 12:00:00,CAL,California,OTH,Other,-33,megawatthours
2025-03-16 13:00:00,CAL,California,OTH,Other,251,megawatthours
2025-03-16 14:00:00,CAL,California,OTH,Other,1551,megawatthours
2025-03-16 15:00:00,CAL,California,OTH,Other,2634,megawatthours
2025-03-16 16:00:00,CAL,California,OTH,Other,1770,megawatthours
2025-03-16 17:00:00,CAL,California,OTH,Other,-1562,megawatthours
2025-03-16 18:00:00,CAL,California,OTH,Other,-3832,megawatthours
2025-03-16 19:00:00,CAL,California,OTH,Other,-4483,megawatthours
2025-03-16 20:00:00,CAL,California,OTH,Other,-5895,megawatthours
2025-03-16 21:00:00,CAL,California,OTH,Other,-6182,megawatthours
2025-03-16 22:00:00,CAL,California,OTH,Other,-5184,megawatthours
2025-03-16 23:00:00,CAL,California,OTH,Other,-4621,megawatthours
2025-03-17 00:00:00,CAL,California,OTH,Other,-2509,megawatthours
2025-03-17 00:00:00,CAL,California,OTH,Other,-2509,megawatthours
2025-03-17 01:00:00,CAL,California,OTH,Other,-1053,megawatthours
2025-03-17 02:00:00,CAL,California,OTH,Other,663,megawatthours
2025-03-17 03:00:00,CAL,California,OTH,Other,3252,megawatthours
2025-03-17 04:00:00,CAL,California,OTH,Other,5054,megawatthours
2025-03-17 05:00:00,CAL,California,OTH,Other,4658,megawatthours
2025-03-17 06:00:00,CAL,California,OTH,Other,3882,megawatthours
2025-03-17 07:00:00,CAL,California,OTH,Other,2621,megawatthours
2025-03-17 08:00:00,CAL,California,OTH,Other,1666,megawatthours
2025-03-17 09:00:00,CAL,California,OTH,Other,801,megawatthours
2025-03-17 10:00:00,CAL,California,OTH,Other,9,megawatthours
2025-03-17 11:00:00,CAL,California,OTH,Other,-457,megawatthours
2025-03-17 12:00:00,CAL,California,OTH,Other,-842,megawatthours
2025-03-17 13:00:00,CAL,California,OTH,Other,-297,megawatthours
2025-03-17 14:00:00,CAL,California,OTH,Other,1291,megawatthours
2025-03-17 15:00:00,CAL,California,OTH,Other,2717,megawatthours
2025-03-17 16:00:00,CAL,California,OTH,Other,3239,megawatthours
2025-03-17 17:00:00,CAL,California,OTH,Other,1349,megawatthours
2025-03-17 18:00:00,CAL,California,OTH,Other,-1459,megawatthours
2025-03-17 19:00:00,CAL,California,OTH,Other,-3029,megawatthours
2025-03-17 20:00:00,CAL,California,OTH,Other,-5180,megawatthours
2025-03-17 21:00:00,CAL,California,OTH,Other,-5379,megawatthours
2025-03-17 22:00:00,CAL,California,OTH,Other,-5676,megawatthours
2025-03-17 23:00:00,CAL,California,OTH,Other,-5542,megawatthours
2025-03-18 00:00:00,CAL,California,OTH,Other,-3579,megawatthours
2025-03-18 00:00:00,CAL,California,OTH,Other,-3579,megawatthours
2025-03-18 01:00:00,CAL,California,OTH,Other,-2164,megawatthours
2025-03-18 02:00:00,CAL,California,OTH,Other,-619,megawatthours
2025-03-18 03:00:00,CAL,California,OTH,Other,1730,megawatthours
2025-03-18 04:00:00,CAL,California,OTH,Other,4398,megawatthours
2025-03-18 05:00:00,CAL,California,OTH,Other,4336,megawatthours
2025-03-18 06:00:00,CAL,California,OTH,Other,3903,megawatthours
2025-03-18 07:00:00,CAL,California,OTH,Other,2261,megawatthours
2025-03-18 08:00:00,CAL,California,OTH,Other,1024,megawatthours
2025-03-18 09:00:00,CAL,California,OTH,Other,1238,megawatthours
2025-03-18 10:00:00,CAL,California,OTH,Other,602,megawatthours
2025-03-18 11:00:00,CAL,California,OTH,Other,108,megawatthours
2025-03-18 12:00:00,CAL,California,OTH,Other,-63,megawatthours
2025-03-18 13:00:00,CAL,California,OTH,Other,651,megawatthours
2025-03-18 14:00:00,CAL,California,OTH,Other,1201,megawatthours
2025-03-18 15:00:00,CAL,California,OTH,Other,2863,megawatthours
2025-03-18 16:00:00,CAL,California,OTH,Other,2191,megawatthours
2025-03-18 17:00:00,CAL,California,OTH,Other,-820,megawatthours
2025-03-18 18:00:00,CAL,California,OTH,Other,-3308,megawatthours
2025-03-18 19:00:00,CAL,California,OTH,Other,-3477,megawatthours
2025-03-18 20:00:00,CAL,California,OTH,Other,-4327,megawatthours
2025-03-18 21:00:00,CAL,California,OTH,Other,-5251,megawatthours
2025-03-18 22:00:00,CAL,California,OTH,Other,-4889,megawatthours
2025-03-18 23:00:00,CAL,California,OTH,Other,-4119,megawatthours
2025-03-19 00:00:00,CAL,California,OTH,Other,-3548,megawatthours
2025-03-19 00:00:00,CAL,California,OTH,Other,-3548,megawatthours
2025-03-19 01:00:00,CAL,California,OTH,Other,-1634,megawatthours
2025-03-19 02:00:00,CAL,California,OTH,Other,-467,megawatthours
2025-03-19 03:00:00,CAL,California,OTH,Other,2935,megawatthours
2025-03-19 04:00:00,CAL,California,OTH,Other,4981,megawatthours
2025-03-19 05:00:00,CAL,California,OTH,Other,4410,megawatthours
2025-03-19 06:00:00,CAL,California,OTH,Other,4359,megawatthours
2025-03-19 07:00:00,CAL,California,OTH,Other,2651,megawatthours
2025-03-19 08:00:00,CAL,California,OTH,Other,1162,megawatthours
2025-03-19 09:00:00,CAL,California,OTH,Other,1019,megawatthours
2025-03-19 10:00:00,CAL,California,OTH,Other,635,megawatthours
2025-03-19 11:00:00,CAL,California,OTH,Other,228,megawatthours
2025-03-19 12:00:00,CAL,California,OTH,Other,283,megawatthours
2025-03-19 13:00:00,CAL,California,OTH,Other,736,megawatthours
2025-03-19 14:00:00,CAL,California,OTH,Other,1567,megawatthours
2025-03-19 15:00:00,CAL,California,OTH,Other,2875,megawatthours
2025-03-19 16:00:00,CAL,California,OTH,Other,1991,megawatthours
2025-03-19 17:00:00,CAL,California,OTH,Other,-1889,megawatthours
2025-03-19 18:00:00,CAL,California,OTH,Other,-2892,megawatthours
2025-03-19 19:00:00,CAL,California,OTH,Other,-4442,megawatthours
2025-03-19 20:00:00,CAL,California,OTH,Other,-5483,megawatthours
2025-03-19 21:00:00,CAL,California,OTH,Other,-5385,megawatthours
2025-03-19 22:00:00,CAL,California,OTH,Other,-4965,megawatthours
2025-03-19 23:00:00,CAL,California,OTH,Other,-4623,megawatthours
2025-03-20 00:00:00,CAL,California,OTH,Other,-2591,megawatthours
2025-03-20 00:00:00,CAL,California,OTH,Other,-2591,megawatthours
2025-03-20 01:00:00,CAL,California,OTH,Other,-1027,megawatthours
2025-03-20 02:00:00,CAL,California,OTH,Other,819,megawatthours
2025-03-20 03:00:00,CAL,California,OTH,Other,3990,megawatthours
2025-03-20 04:00:00,CAL,California,OTH,Other,6095,megawatthours
2025-03-20 05:00:00,CAL,California,OTH,Other,5880,megawatthours
2025-03-20 06:00:00,CAL,California,OTH,Other,4866,megawatthours
2025-03-20 07:00:00,CAL,California,OTH,Other,2994,megawatthours
2025-03-20 08:00:00,CAL,California,OTH,Other,1046,megawatthours
2025-03-20 09:00:00,CAL,California,OTH,Other,627,megawatthours
2025-03-20 10:00:00,CAL,California,OTH,Other,-179,megawatthours
2025-03-20 11:00:00,CAL,California,OTH,Other,-621,megawatthours
2025-03-20 12:00:00,CAL,California,OTH,Other,-950,megawatthours
2025-03-20 13:00:00,CAL,California,OTH,Other,-248,megawatthours
2025-03-20 14:00:00,CAL,California,OTH,Other,1085,megawatthours
2025-03-20 15:00:00,CAL,California,OTH,Other,2140,megawatthours
2025-03-20 16:00:00,CAL,California,OTH,Other,782,megawatthours
2025-03-20 17:00:00,CAL,California,OTH,Other,-1236,megawatthours
2025-03-20 18:00:00,CAL,California,OTH,Other,-3720,megawatthours
2025-03-20 19:00:00,CAL,California,OTH,Other,-4622,megawatthours
2025-03-20 20:00:00,CAL,California,OTH,Other,-5104,megawatthours
2025-03-20 21:00:00,CAL,California,OTH,Other,-6119,megawatthours
2025-03-20 22:00:00,CAL,California,OTH,Other,-5424,megawatthours
2025-03-20 23:00:00,CAL,California,OTH,Other,-3764,megawatthours
2025-03-21 00:00:00,CAL,California,OTH,Other,-3350,megawatthours
2025-03-21 00:00:00,CAL,California,OTH,Other,-3350,megawatthours
2025-03-21 01:00:00,CAL,California,OTH,Other,-1446,megawatthours
2025-03-21 02:00:00,CAL,California,OTH,Other,-143,megawatthours
2025-03-21 03:00:00,CAL,California,OTH,Other,2545,megawatthours
2025-03-21 04:00:00,CAL,California,OTH,Other,5932,megawatthours
2025-03-21 05:00:00,CAL,California,OTH,Other,5868,megawatthours
2025-03-21 06:00:00,CAL,California,OTH,Other,3722,megawatthours
2025-03-21 07:00:00,CAL,California,OTH,Other,2270,megawatthours
2025-03-21 08:00:00,CAL,California,OTH,Other,915,megawatthours
2025-03-21 09:00:00,CAL,California,OTH,Other,19,megawatthours
2025-03-21 10:00:00,CAL,California,OTH,Other,-214,megawatthours
2025-03-21 11:00:00,CAL,California,OTH,Other,-618,megawatthours
2025-03-21 12:00:00,CAL,California,OTH,Other,-489,megawatthours
2025-03-21 13:00:00,CAL,California,OTH,Other,164,megawatthours
2025-03-21 14:00:00,CAL,California,OTH,Other,1142,megawatthours
2025-03-21 15:00:00,CAL,California,OTH,Other,3233,megawatthours
2025-03-21 16:00:00,CAL,California,OTH,Other,1899,megawatthours
2025-03-21 17:00:00,CAL,California,OTH,Other,-663,megawatthours
2025-03-21 18:00:00,CAL,California,OTH,Other,-2123,megawatthours
2025-03-21 19:00:00,CAL,California,OTH,Other,-3424,megawatthours
2025-03-21 20:00:00,CAL,California,OTH,Other,-3901,megawatthours
2025-03-21 21:00:00,CAL,California,OTH,Other,-5008,megawatthours
2025-03-21 22:00:00,CAL,California,OTH,Other,-5414,megawatthours
2025-03-21 23:00:00,CAL,California,OTH,Other,-4716,megawatthours
2025-03-22 00:00:00,CAL,California,OTH,Other,-3790,megawatthours
2025-03-22 00:00:00,CAL,California,OTH,Other,-3790,megawatthours
2025-03-22 01:00:00,CAL,California,OTH,Other,-2082,megawatthours
2025-03-22 02:00:00,CAL,California,OTH,Other,-193,megawatthours
2025-03-22 03:00:00,CAL,California,OTH,Other,2735,megawatthours
2025-03-22 04:00:00,CAL,California,OTH,Other,5273,megawatthours
2025-03-22 05:00:00,CAL,California,OTH,Other,5099,megawatthours
2025-03-22 06:00:00,CAL,California,OTH,Other,4700,megawatthours
2025-03-22 07:00:00,CAL,California,OTH,Other,3009,megawatthours
2025-03-22 08:00:00,CAL,California,OTH,Other,1911,megawatthours
2025-03-22 09:00:00,CAL,California,OTH,Other,1300,megawatthours
2025-03-22 10:00:00,CAL,California,OTH,Other,443,megawatthours
2025-03-22 11:00:00,CAL,California,OTH,Other,-169,megawatthours
2025-03-22 12:00:00,CAL,California,OTH,Other,-39,megawatthours
2025-03-22 13:00:00,CAL,California,OTH,Other,-20,megawatthours
2025-03-22 14:00:00,CAL,California,OTH,Other,1020,megawatthours
2025-03-22 15:00:00,CAL,California,OTH,Other,2362,megawatthours
2025-03-22 16:00:00,CAL,California,OTH,Other,676,megawatthours
2025-03-22 17:00:00,CAL,California,OTH,Other,-1343,megawatthours
2025-03-22 18:00:00,CAL,California,OTH,Other,-3084,megawatthours
2025-03-22 19:00:00,CAL,California,OTH,Other,-4160,megawatthours
2025-03-22 20:00:00,CAL,California,OTH,Other,-4850,megawatthours
2025-03-22 21:00:00,CAL,California,OTH,Other,-5573,megawatthours
2025-03-22 22:00:00,CAL,California,OTH,Other,-4899,megawatthours
2025-03-22 23:00:00,CAL,California,OTH,Other,-4001,megawatthours
2025-03-23 00:00:00,CAL,California,OTH,Other,-2943,megawatthours
2025-03-23 00:00:00,CAL,California,OTH,Other,-2943,megawatthours
2025-03-23 01:00:00,CAL,California,OTH,Other,-1492,megawatthours
2025-03-23 02:00:00,CAL,California,OTH,Other,-103,megawatthours
2025-03-23 03:00:00,CAL,California,OTH,Other,2224,megawatthours
2025-03-23 04:00:00,CAL,California,OTH,Other,4960,megawatthours
2025-03-23 05:00:00,CAL,California,OTH,Other,4284,megawatthours
2025-03-23 06:00:00,CAL,California,OTH,Other,3852,megawatthours
2025-03-23 07:00:00,CAL,California,OTH,Other,2682,megawatthours
2025-03-23 08:00:00,CAL,California,OTH,Other,1390,megawatthours
2025-03-23 09:00:00,CAL,California,OTH,Other,929,megawatthours
2025-03-23 10:00:00,CAL,California,OTH,Other,350,megawatthours
2025-03-23 11:00:00,CAL,California,OTH,Other,36,megawatthours
2025-03-23 12:00:00,CAL,California,OTH,Other,-75,megawatthours
2025-03-23 13:00:00,CAL,California,OTH,Other,762,megawatthours
2025-03-23 14:00:00,CAL,California,OTH,Other,2039,megawatthours
2025-03-23 15:00:00,CAL,California,OTH,Other,2988,megawatthours
2025-03-23 16:00:00,CAL,California,OTH,Other,1051,megawatthours
2025-03-23 17:00:00,CAL,California,OTH,Other,-1253,megawatthours
2025-03-23 18:00:00,CAL,California,OTH,Other,-2814,megawatthours
2025-03-23 19:00:00,CAL,California,OTH,Other,-3978,megawatthours
2025-03-23 20:00:00,CAL,California,OTH,Other,-4726,megawatthours
2025-03-23 21:00:00,CAL,California,OTH,Other,-5003,megawatthours
2025-03-23 22:00:00,CAL,California,OTH,Other,-5082,megawatthours
2025-03-23 23:00:00,CAL,California,OTH,Other,-4131,megawatthours
2025-03-24 00:00:00,CAL,California,OTH,Other,-3587,megawatthours
2025-03-24 00:00:00,CAL,California,OTH,Other,-3587,megawatthours
2025-03-24 01:00:00,CAL,California,OTH,Other,-2224,megawatthours
2025-03-24 02:00:00,CAL,California,OTH,Other,-582,megawatthours
2025-03-24 03:00:00,CAL,California,OTH,Other,2861,megawatthours
2025-03-24 04:00:00,CAL,California,OTH,Other,5850,megawatthours
2025-03-24 05:00:00,CAL,California,OTH,Other,4928,megawatthours
2025-03-24 06:00:00,CAL,California,OTH,Other,4111,megawatthours
2025-03-24 07:00:00,CAL,California,OTH,Other,2463,megawatthours
2025-03-24 08:00:00,CAL,California,OTH,Other,968,megawatthours
2025-03-24 09:00:00,CAL,California,OTH,Other,605,megawatthours
2025-03-24 10:00:00,CAL,California,OTH,Other,-13,megawatthours
2025-03-24 11:00:00,CAL,California,OTH,Other,-399,megawatthours
2025-03-24 12:00:00,CAL,California,OTH,Other,-383,megawatthours
2025-03-24 13:00:00,CAL,California,OTH,Other,385,megawatthours
2025-03-24 14:00:00,CAL,California,OTH,Other,1784,megawatthours
2025-03-24 15:00:00,CAL,California,OTH,Other,3566,megawatthours
2025-03-24 16:00:00,CAL,California,OTH,Other,1507,megawatthours
2025-03-24 17:00:00,CAL,California,OTH,Other,-1659,megawatthours
2025-03-24 18:00:00,CAL,California,OTH,Other,-3101,megawatthours
2025-03-24 19:00:00,CAL,California,OTH,Other,-3903,megawatthours
2025-03-24 20:00:00,CAL,California,OTH,Other,-4182,megawatthours
2025-03-24 21:00:00,CAL,California,OTH,Other,-4103,megawatthours
2025-03-24 22:00:00,CAL,California,OTH,Other,-4156,megawatthours
2025-03-24 23:00:00,CAL,California,OTH,Other,-3098,megawatthours
2025-03-25 00:00:00,CAL,California,OTH,Other,-2581,megawatthours
2025-03-25 00:00:00,CAL,California,OTH,Other,-2581,megawatthours
2025-03-25 01:00:00,CAL,California,OTH,Other,-2391,megawatthours
2025-03-25 02:00:00,CAL,California,OTH,Other,-384,megawatthours
2025-03-25 03:00:00,CAL,California,OTH,Other,3196,megawatthours
2025-03-25 04:00:00,CAL,California,OTH,Other,5371,megawatthours
2025-03-25 05:00:00,CAL,California,OTH,Other,4512,megawatthours
2025-03-25 06:00:00,CAL,California,OTH,Other,3822,megawatthours
2025-03-25 07:00:00,CAL,California,OTH,Other,2436,megawatthours
2025-03-25 08:00:00,CAL,California,OTH,Other,1198,megawatthours
2025-03-25 09:00:00,CAL,California,OTH,Other,548,megawatthours
2025-03-25 10:00:00,CAL,California,OTH,Other,102,megawatthours
2025-03-25 11:00:00,CAL,California,OTH,Other,12,megawatthours
2025-03-25 12:00:00,CAL,California,OTH,Other,24,megawatthours
2025-03-25 13:00:00,CAL,California,OTH,Other,46,megawatthours
2025-03-25 14:00:00,CAL,California,OTH,Other,1624,megawatthours
2025-03-25 15:00:00,CAL,California,OTH,Other,2572,megawatthours
2025-03-25 16:00:00,CAL,California,OTH,Other,711,megawatthours
2025-03-25 17:00:00,CAL,California,OTH,Other,-1163,megawatthours
2025-03-25 18:00:00,CAL,California,OTH,Other,-2847,megawatthours
2025-03-25 19:00:00,CAL,California,OTH,Other,-2754,megawatthours
2025-03-25 20:00:00,CAL,California,OTH,Other,-4012,megawatthours
2025-03-25 21:00:00,CAL,California,OTH,Other,-3807,megawatthours
2025-03-25 22:00:00,CAL,California,OTH,Other,-3710,megawatthours
2025-03-25 23:00:00,CAL,California,OTH,Other,-3797,megawatthours
2025-03-26 00:00:00,CAL,California,OTH,Other,-3399,megawatthours
2025-03-26 00:00:00,CAL,California,OTH,Other,-3399,megawatthours
2025-03-26 01:00:00,CAL,California,OTH,Other,-2648,megawatthours
2025-03-26 02:00:00,CAL,California,OTH,Other,-520,megawatthours
2025-03-26 03:00:00,CAL,California,OTH,Other,3261,megawatthours
2025-03-26 04:00:00,CAL,California,OTH,Other,4870,megawatthours
2025-03-26 05:00:00,CAL,California,OTH,Other,4657,megawatthours
2025-03-26 06:00:00,CAL,California,OTH,Other,3723,megawatthours
2025-03-26 07:00:00,CAL,California,OTH,Other,2074,megawatthours
2025-03-26 08:00:00,CAL,California,OTH,Other,1112,megawatthours
2025-03-26 09:00:00,CAL,California,OTH,Other,934,megawatthours
2025-03-26 10:00:00,CAL,California,OTH,Other,654,megawatthours
2025-03-26 11:00:00,CAL,California,OTH,Other,266,megawatthours
2025-03-26 12:00:00,CAL,California,OTH,Other,-271,megawatthours
2025-03-26 13:00:00,CAL,California,OTH,Other,95,megawatthours
2025-03-26 14:00:00,CAL,California,OTH,Other,881,megawatthours
2025-03-26 15:00:00,CAL,California,OTH,Other,2873,megawatthours
2025-03-26 16:00:00,CAL,California,OTH,Other,1688,megawatthours
2025-03-26 17:00:00,CAL,California,OTH,Other,-338,megawatthours
2025-03-26 18:00:00,CAL,California,OTH,Other,-1187,megawatthours
2025-03-26 19:00:00,CAL,California,OTH,Other,-2079,megawatthours
2025-03-26 20:00:00,CAL,California,OTH,Other,-2063,megawatthours
2025-03-26 21:00:00,CAL,California,OTH,Other,-3080,megawatthours
2025-03-26 22:00:00,CAL,California,OTH,Other,-4039,megawatthours
2025-03-26 23:00:00,CAL,California,OTH,Other,-4472,megawatthours
2025-03-27 00:00:00,CAL,California,OTH,Other,-4570,megawatthours
2025-03-27 00:00:00,CAL,California,OTH,Other,-4570,megawatthours
2025-03-27 01:00:00,CAL,California,OTH,Other,-3878,megawatthours
2025-03-27 02:00:00,CAL,California,OTH,Other,-950,megawatthours
2025-03-27 03:00:00,CAL,California,OTH,Other,3112,megawatthours
2025-03-27 04:00:00,CAL,California,OTH,Other,4831,megawatthours
2025-03-27 05:00:00,CAL,California,OTH,Other,4887,megawatthours
2025-03-27 06:00:00,CAL,California,OTH,Other,3582,megawatthours
2025-03-27 07:00:00,CAL,California,OTH,Other,1388,megawatthours
2025-03-27 08:00:00,CAL,California,OTH,Other,75,megawatthours
2025-03-27 09:00:00,CAL,California,OTH,Other,463,megawatthours
2025-03-27 10:00:00,CAL,California,OTH,Other,-135,megawatthours
2025-03-27 11:00:00,CAL,California,OTH,Other,-412,megawatthours
2025-03-27 12:00:00,CAL,California,OTH,Other,-437,megawatthours
2025-03-27 13:00:00,CAL,California,OTH,Other,-144,megawatthours
2025-03-27 14:00:00,CAL,California,OTH,Other,1073,megawatthours
2025-03-27 15:00:00,CAL,California,OTH,Other,2870,megawatthours
2025-03-27 16:00:00,CAL,California,OTH,Other,1697,megawatthours
2025-03-27 17:00:00,CAL,California,OTH,Other,-845,megawatthours
2025-03-27 18:00:00,CAL,California,OTH,Other,-2400,megawatthours
2025-03-27 19:00:00,CAL,California,OTH,Other,-3314,megawatthours
2025-03-27 20:00:00,CAL,California,OTH,Other,-5460,megawatthours
2025-03-27 21:00:00,CAL,California,OTH,Other,-6380,megawatthours
2025-03-27 22:00:00,CAL,California,OTH,Other,-6084,megawatthours
2025-03-27 23:00:00,CAL,California,OTH,Other,-5292,megawatthours
2025-03-28 00:00:00,CAL,California,OTH,Other,-3383,megawatthours
2025-03-28 00:00:00,CAL,California,OTH,Other,-3383,megawatthours
2025-03-28 01:00:00,CAL,California,OTH,Other,-1796,megawatthours
2025-03-28 02:00:00,CAL,California,OTH,Other,-220,megawatthours
2025-03-28 03:00:00,CAL,California,OTH,Other,3177,megawatthours
2025-03-28 04:00:00,CAL,California,OTH,Other,6368,megawatthours
2025-03-28 05:00:00,CAL,California,OTH,Other,5450,megawatthours
2025-03-28 06:00:00,CAL,California,OTH,Other,4641,megawatthours
2025-03-28 07:00:00,CAL,California,OTH,Other,2984,megawatthours
2025-03-28 08:00:00,CAL,California,OTH,Other,1285,megawatthours
2025-03-28 09:00:00,CAL,California,OTH,Other,688,megawatthours
2025-03-28 10:00:00,CAL,California,OTH,Other,114,megawatthours
2025-03-28 11:00:00,CAL,California,OTH,Other,-162,megawatthours
2025-03-28 12:00:00,CAL,California,OTH,Other,-558,megawatthours
2025-03-28 13:00:00,CAL,California,OTH,Other,-354,megawatthours
2025-03-28 14:00:00,CAL,California,OTH,Other,677,megawatthours
2025-03-28 15:00:00,CAL,California,OTH,Other,3719,megawatthours
2025-03-28 16:00:00,CAL,California,OTH,Other,2450,megawatthours
2025-03-28 17:00:00,CAL,California,OTH,Other,391,megawatthours
2025-03-28 18:00:00,CAL,California,OTH,Other,-1026,megawatthours
2025-03-28 19:00:00,CAL,California,OTH,Other,-2398,megawatthours
2025-03-28 20:00:00,CAL,California,OTH,Other,-2980,megawatthours
2025-03-28 21:00:00,CAL,California,OTH,Other,-5066,megawatthours
2025-03-28 22:00:00,CAL,California,OTH,Other,-5562,megawatthours
2025-03-28 23:00:00,CAL,California,OTH,Other,-6450,megawatthours
2025-03-29 00:00:00,CAL,California,OTH,Other,-5057,megawatthours
2025-03-29 00:00:00,CAL,California,OTH,Other,-5057,megawatthours
2025-03-29 01:00:00,CAL,California,OTH,Other,-3535,megawatthours
2025-03-29 02:00:00,CAL,California,OTH,Other,-1130,megawatthours
2025-03-29 03:00:00,CAL,California,OTH,Other,1605,megawatthours
2025-03-29 04:00:00,CAL,California,OTH,Other,4574,megawatthours
2025-03-29 05:00:00,CAL,California,OTH,Other,4065,megawatthours
2025-03-29 06:00:00,CAL,California,OTH,Other,4409,megawatthours
2025-03-29 07:00:00,CAL,California,OTH,Other,3245,megawatthours
2025-03-29 08:00:00,CAL,California,OTH,Other,2153,megawatthours
2025-03-29 09:00:00,CAL,California,OTH,Other,2463,megawatthours
2025-03-29 10:00:00,CAL,California,OTH,Other,1727,megawatthours
2025-03-29 11:00:00,CAL,California,OTH,Other,669,megawatthours
2025-03-29 12:00:00,CAL,California,OTH,Other,-55,megawatthours
2025-03-29 13:00:00,CAL,California,OTH,Other,468,megawatthours
2025-03-29 14:00:00,CAL,California,OTH,Other,1108,megawatthours
2025-03-29 15:00:00,CAL,California,OTH,Other,2623,megawatthours
2025-03-29 16:00:00,CAL,California,OTH,Other,614,megawatthours
2025-03-29 17:00:00,CAL,California,OTH,Other,-1552,megawatthours
2025-03-29 18:00:00,CAL,California,OTH,Other,-3404,megawatthours
2025-03-29 19:00:00,CAL,California,OTH,Other,-4168,megawatthours
2025-03-29 20:00:00,CAL,California,OTH,Other,-5427,megawatthours
2025-03-29 21:00:00,CAL,California,OTH,Other,-5735,megawatthours
2025-03-29 22:00:00,CAL,California,OTH,Other,-5052,megawatthours
2025-03-29 23:00:00,CAL,California,OTH,Other,-4484,megawatthours
2025-03-30 00:00:00,CAL,California,OTH,Other,-3215,megawatthours
2025-03-30 00:00:00,CAL,California,OTH,Other,-3215,megawatthours
2025-03-30 01:00:00,CAL,California,OTH,Other,-1624,megawatthours
2025-03-30 02:00:00,CAL,California,OTH,Other,791,megawatthours
2025-03-30 03:00:00,CAL,California,OTH,Other,3228,megawatthours
2025-03-30 04:00:00,CAL,California,OTH,Other,5259,megawatthours
2025-03-30 05:00:00,CAL,California,OTH,Other,5612,megawatthours
2025-03-30 06:00:00,CAL,California,OTH,Other,4670,megawatthours
2025-03-30 07:00:00,CAL,California,OTH,Other,3268,megawatthours
2025-03-30 08:00:00,CAL,California,OTH,Other,1946,megawatthours
2025-03-30 09:00:00,CAL,California,OTH,Other,2014,megawatthours
2025-03-30 10:00:00,CAL,California,OTH,Other,1435,megawatthours
2025-03-30 11:00:00,CAL,California,OTH,Other,638,megawatthours
2025-03-30 12:00:00,CAL,California,OTH,Other,-62,megawatthours
2025-03-30 13:00:00,CAL,California,OTH,Other,126,megawatthours
2025-03-30 14:00:00,CAL,California,OTH,Other,594,megawatthours
2025-03-30 15:00:00,CAL,California,OTH,Other,1400,megawatthours
2025-03-30 16:00:00,CAL,California,OTH,Other,-238,megawatthours
2025-03-30 17:00:00,CAL,California,OTH,Other,-513,megawatthours
2025-03-30 18:00:00,CAL,California,OTH,Other,-2807,megawatthours
2025-03-30 19:00:00,CAL,California,OTH,Other,-3395,megawatthours
2025-03-30 20:00:00,CAL,California,OTH,Other,-5379,megawatthours
2025-03-30 21:00:00,CAL,California,OTH,Other,-5971,megawatthours
2025-03-30 22:00:00,CAL,California,OTH,Other,-6009,megawatthours
2025-03-30 23:00:00,CAL,California,OTH,Other,-5289,megawatthours
2025-03-31 00:00:00,CAL,California,OTH,Other,-3740,megawatthours
2025-03-31 00:00:00,CAL,California,OTH,Other,-3740,megawatthours
2025-03-31 01:00:00,CAL,California,OTH,Other,-2504,megawatthours
2025-03-31 02:00:00,CAL,California,OTH,Other,-25,megawatthours
2025-03-31 03:00:00,CAL,California,OTH,Other,3227,megawatthours
2025-03-31 04:00:00,CAL,California,OTH,Other,6219,megawatthours
2025-03-31 05:00:00,CAL,California,OTH,Other,5387,megawatthours
2025-03-31 06:00:00,CAL,California,OTH,Other,4812,megawatthours
2025-03-31 07:00:00,CAL,California,OTH,Other,2064,megawatthours
2025-03-31 08:00:00,CAL,California,OTH,Other,513,megawatthours
2025-03-31 09:00:00,CAL,California,OTH,Other,384,megawatthours
2025-03-31 10:00:00,CAL,California,OTH,Other,-143,megawatthours
2025-03-31 11:00:00,CAL,California,OTH,Other,-152,megawatthours
2025-03-31 12:00:00,CAL,California,OTH,Other,29,megawatthours
2025-03-31 13:00:00,CAL,California,OTH,Other,508,megawatthours
2025-03-31 14:00:00,CAL,California,OTH,Other,1725,megawatthours
2025-03-31 15:00:00,CAL,California,OTH,Other,3542,megawatthours
2025-03-31 16:00:00,CAL,California,OTH,Other,1687,megawatthours
2025-03-31 17:00:00,CAL,California,OTH,Other,501,megawatthours
2025-03-31 18:00:00,CAL,California,OTH,Other,-1457,megawatthours
2025-03-31 19:00:00,CAL,California,OTH,Other,-2165,megawatthours
2025-03-31 20:00:00,CAL,California,OTH,Other,-4439,megawatthours
2025-03-31 21:00:00,CAL,California,OTH,Other,-5339,megawatthours
2025-03-31 22:00:00,CAL,California,OTH,Other,-5384,megawatthours
2025-03-31 23:00:00,CAL,California,OTH,Other,-5913,megawatthours
2025-04-01 00:00:00,CAL,California,OTH,Other,-4243,megawatthours
2025-04-01 00:00:00,CAL,California,OTH,Other,-4243,megawatthours
2025-04-01 01:00:00,CAL,California,OTH,Other,-2962,megawatthours
2025-04-01 02:00:00,CAL,California,OTH,Other,-66,megawatthours
2025-04-01 03:00:00,CAL,California,OTH,Other,2973,megawatthours
2025-04-01 04:00:00,CAL,California,OTH,Other,5159,megawatthours
2025-04-01 05:00:00,CAL,California,OTH,Other,5054,megawatthours
2025-04-01 06:00:00,CAL,California,OTH,Other,4157,megawatthours
2025-04-01 07:00:00,CAL,California,OTH,Other,2706,megawatthours
2025-04-01 08:00:00,CAL,California,OTH,Other,1210,megawatthours
2025-04-01 09:00:00,CAL,California,OTH,Other,656,megawatthours
2025-04-01 10:00:00,CAL,California,OTH,Other,349,megawatthours
2025-04-01 11:00:00,CAL,California,OTH,Other,545,megawatthours
2025-04-01 12:00:00,CAL,California,OTH,Other,543,megawatthours
2025-04-01 13:00:00,CAL,California,OTH,Other,334,megawatthours
2025-04-01 14:00:00,CAL,California,OTH,Other,1341,megawatthours
2025-04-01 15:00:00,CAL,California,OTH,Other,2789,megawatthours
2025-04-01 16:00:00,CAL,California,OTH,Other,544,megawatthours
2025-04-01 17:00:00,CAL,California,OTH,Other,-1992,megawatthours
2025-04-01 18:00:00,CAL,California,OTH,Other,-2976,megawatthours
2025-04-01 19:00:00,CAL,California,OTH,Other,545,megawatthours
2025-04-01 20:00:00,CAL,California,OTH,Other,-4867,megawatthours
2025-04-01 21:00:00,CAL,California,OTH,Other,-4163,megawatthours
2025-04-01 22:00:00,CAL,California,OTH,Other,-4915,megawatthours
2025-04-01 23:00:00,CAL,California,OTH,Other,-4959,megawatthours
2025-04-02 00:00:00,CAL,California,OTH,Other,-3910,megawatthours
2025-04-02 00:00:00,CAL,California,OTH,Other,-3910,megawatthours
2025-04-02 01:00:00,CAL,California,OTH,Other,-1969,megawatthours
2025-04-02 02:00:00,CAL,California,OTH,Other,372,megawatthours
2025-04-02 03:00:00,CAL,California,OTH,Other,3586,megawatthours
2025-04-02 04:00:00,CAL,California,OTH,Other,6229,megawatthours
2025-04-02 05:00:00,CAL,California,OTH,Other,5723,megawatthours
2025-04-02 06:00:00,CAL,California,OTH,Other,4358,megawatthours
2025-04-02 07:00:00,CAL,California,OTH,Other,2034,megawatthours
2025-04-02 08:00:00,CAL,California,OTH,Other,602,megawatthours
2025-04-02 09:00:00,CAL,California,OTH,Other,1268,megawatthours
2025-04-02 10:00:00,CAL,California,OTH,Other,608,megawatthours
2025-04-02 11:00:00,CAL,California,OTH,Other,83,megawatthours
2025-04-02 12:00:00,CAL,California,OTH,Other,144,megawatthours
2025-04-02 13:00:00,CAL,California,OTH,Other,165,megawatthours
2025-04-02 14:00:00,CAL,California,OTH,Other,1491,megawatthours
2025-04-02 15:00:00,CAL,California,OTH,Other,2971,megawatthours
2025-04-02 16:00:00,CAL,California,OTH,Other,864,megawatthours
2025-04-02 17:00:00,CAL,California,OTH,Other,-16,megawatthours
2025-04-02 18:00:00,CAL,California,OTH,Other,-2154,megawatthours
2025-04-02 19:00:00,CAL,California,OTH,Other,-3439,megawatthours
2025-04-02 20:00:00,CAL,California,OTH,Other,-5196,megawatthours
2025-04-02 21:00:00,CAL,California,OTH,Other,-5337,megawatthours
2025-04-02 22:00:00,CAL,California,OTH,Other,-5921,megawatthours
2025-04-02 23:00:00,CAL,California,OTH,Other,-5478,megawatthours
2025-04-03 00:00:00,CAL,California,OTH,Other,-4737,megawatthours
2025-04-03 00:00:00,CAL,California,OTH,Other,-4737,megawatthours
2025-04-03 01:00:00,CAL,California,OTH,Other,-2943,megawatthours
2025-04-03 02:00:00,CAL,California,OTH,Other,-165,megawatthours
2025-04-03 03:00:00,CAL,California,OTH,Other,2139,megawatthours
2025-04-03 04:00:00,CAL,California,OTH,Other,5623,megawatthours
2025-04-03 05:00:00,CAL,California,OTH,Other,5672,megawatthours
2025-04-03 06:00:00,CAL,California,OTH,Other,4608,megawatthours
2025-04-03 07:00:00,CAL,California,OTH,Other,2252,megawatthours
2025-04-03 08:00:00,CAL,California,OTH,Other,654,megawatthours
2025-04-03 09:00:00,CAL,California,OTH,Other,673,megawatthours
2025-04-03 10:00:00,CAL,California,OTH,Other,18,megawatthours
2025-04-03 11:00:00,CAL,California,OTH,Other,14,megawatthours
2025-04-03 12:00:00,CAL,California,OTH,Other,365,megawatthours
2025-04-03 13:00:00,CAL,California,OTH,Other,751,megawatthours
2025-04-03 14:00:00,CAL,California,OTH,Other,1742,megawatthours
2025-04-03 15:00:00,CAL,California,OTH,Other,3220,megawatthours
2025-04-03 16:00:00,CAL,California,OTH,Other,759,megawatthours
2025-04-03 17:00:00,CAL,California,OTH,Other,-1636,megawatthours
2025-04-03 18:00:00,CAL,California,OTH,Other,-4104,megawatthours
2025-04-03 19:00:00,CAL,California,OTH,Other,-4486,megawatthours
2025-04-03 20:00:00,CAL,California,OTH,Other,-5479,megawatthours
2025-04-03 21:00:00,CAL,California,OTH,Other,-4606,megawatthours
2025-04-03 22:00:00,CAL,California,OTH,Other,-4207,megawatthours
2025-04-03 23:00:00,CAL,California,OTH,Other,-3507,megawatthours
2025-04-04 00:00:00,CAL,California,OTH,Other,-3073,megawatthours
2025-04-04 00:00:00,CAL,California,OTH,Other,-3073,megawatthours
2025-04-04 01:00:00,CAL,California,OTH,Other,-2291,megawatthours
2025-04-04 02:00:00,CAL,California,OTH,Other,-464,megawatthours
2025-04-04 03:00:00,CAL,California,OTH,Other,2618,megawatthours
2025-04-04 04:00:00,CAL,California,OTH,Other,5800,megawatthours
2025-04-04 05:00:00,CAL,California,OTH,Other,5670,megawatthours
2025-04-04 06:00:00,CAL,California,OTH,Other,4765,megawatthours
2025-04-04 07:00:00,CAL,California,OTH,Other,2655,megawatthours
2025-04-04 08:00:00,CAL,California,OTH,Other,1177,megawatthours
2025-04-04 09:00:00,CAL,California,OTH,Other,1208,megawatthours
2025-04-04 10:00:00,CAL,California,OTH,Other,185,megawatthours
2025-04-04 11:00:00,CAL,California,OTH,Other,-303,megawatthours
2025-04-04 12:00:00,CAL,California,OTH,Other,-7,megawatthours
2025-04-04 13:00:00,CAL,California,OTH,Other,244,megawatthours
2025-04-04 14:00:00,CAL,California,OTH,Other,1924,megawatthours
2025-04-04 15:00:00,CAL,California,OTH,Other,3621,megawatthours
2025-04-04 16:00:00,CAL,California,OTH,Other,943,megawatthours
2025-04-04 17:00:00,CAL,California,OTH,Other,-1293,megawatthours
2025-04-04 18:00:00,CAL,California,OTH,Other,-3595,megawatthours
2025-04-04 19:00:00,CAL,California,OTH,Other,-4682,megawatthours
2025-04-04 20:00:00,CAL,California,OTH,Other,-5213,megawatthours
2025-04-04 21:00:00,CAL,California,OTH,Other,-5177,megawatthours
2025-04-04 22:00:00,CAL,California,OTH,Other,-4694,megawatthours
2025-04-04 23:00:00,CAL,California,OTH,Other,-4814,megawatthours
2025-04-05 00:00:00,CAL,California,OTH,Other,-4029,megawatthours
2025-04-05 00:00:00,CAL,California,OTH,Other,-4029,megawatthours
2025-04-05 01:00:00,CAL,California,OTH,Other,-2152,megawatthours
2025-04-05 02:00:00,CAL,California,OTH,Other,-402,megawatthours
2025-04-05 03:00:00,CAL,California,OTH,Other,2866,megawatthours
2025-04-05 04:00:00,CAL,California,OTH,Other,6146,megawatthours
2025-04-05 05:00:00,CAL,California,OTH,Other,5211,megawatthours
2025-04-05 06:00:00,CAL,California,OTH,Other,4521,megawatthours
2025-04-05 07:00:00,CAL,California,OTH,Other,3245,megawatthours
2025-04-05 08:00:00,CAL,California,OTH,Other,1266,megawatthours
2025-04-05 09:00:00,CAL,California,OTH,Other,1980,megawatthours
2025-04-05 10:00:00,CAL,California,OTH,Other,825,megawatthours
2025-04-05 11:00:00,CAL,California,OTH,Other,518,megawatthours
2025-04-05 12:00:00,CAL,California,OTH,Other,524,megawatthours
2025-04-05 13:00:00,CAL,California,OTH,Other,1009,megawatthours
2025-04-05 14:00:00,CAL,California,OTH,Other,1716,megawatthours
2025-04-05 15:00:00,CAL,California,OTH,Other,3010,megawatthours
2025-04-05 16:00:00,CAL,California,OTH,Other,148,megawatthours
2025-04-05 17:00:00,CAL,California,OTH,Other,-1904,megawatthours
2025-04-05 18:00:00,CAL,California,OTH,Other,-3830,megawatthours
2025-04-05 19:00:00,CAL,California,OTH,Other,-4579,megawatthours
2025-04-05 20:00:00,CAL,California,OTH,Other,-5585,megawatthours
2025-04-05 21:00:00,CAL,California,OTH,Other,-5586,megawatthours
2025-04-05 22:00:00,CAL,California,OTH,Other,-5587,megawatthours
2025-04-05 23:00:00,CAL,California,OTH,Other,-4359,megawatthours
2025-04-06 00:00:00,CAL,California,OTH,Other,-3493,megawatthours
2025-04-06 00:00:00,CAL,California,OTH,Other,-3493,megawatthours
2025-04-06 01:00:00,CAL,California,OTH,Other,-2116,megawatthours
2025-04-06 02:00:00,CAL,California,OTH,Other,103,megawatthours
2025-04-06 03:00:00,CAL,California,OTH,Other,3589,megawatthours
2025-04-06 04:00:00,CAL,California,OTH,Other,6999,megawatthours
2025-04-06 05:00:00,CAL,California,OTH,Other,5439,megawatthours
2025-04-06 06:00:00,CAL,California,OTH,Other,4689,megawatthours
2025-04-06 07:00:00,CAL,California,OTH,Other,3466,megawatthours
2025-04-06 08:00:00,CAL,California,OTH,Other,2160,megawatthours
2025-04-06 09:00:00,CAL,California,OTH,Other,1922,megawatthours
2025-04-06 10:00:00,CAL,California,OTH,Other,686,megawatthours
2025-04-06 11:00:00,CAL,California,OTH,Other,-90,megawatthours
2025-04-06 12:00:00,CAL,California,OTH,Other,185,megawatthours
2025-04-06 13:00:00,CAL,California,OTH,Other,222,megawatthours
2025-04-06 14:00:00,CAL,California,OTH,Other,915,megawatthours
2025-04-06 15:00:00,CAL,California,OTH,Other,2063,megawatthours
2025-04-06 16:00:00,CAL,California,OTH,Other,-124,megawatthours
2025-04-06 17:00:00,CAL,California,OTH,Other,-2554,megawatthours
2025-04-06 18:00:00,CAL,California,OTH,Other,-4060,megawatthours
2025-04-06 19:00:00,CAL,California,OTH,Other,-4509,megawatthours
2025-04-06 20:00:00,CAL,California,OTH,Other,-5203,megawatthours
2025-04-06 21:00:00,CAL,California,OTH,Other,-5196,megawatthours
2025-04-06 22:00:00,CAL,California,OTH,Other,-4872,megawatthours
2025-04-06 23:00:00,CAL,California,OTH,Other,-4493,megawatthours
2025-04-07 00:00:00,CAL,California,OTH,Other,-3129,megawatthours
2025-04-07 00:00:00,CAL,California,OTH,Other,-3129,megawatthours
2025-04-07 01:00:00,CAL,California,OTH,Other,-1887,megawatthours
2025-04-07 02:00:00,CAL,California,OTH,Other,196,megawatthours
2025-04-07 03:00:00,CAL,California,OTH,Other,4013,megawatthours
2025-04-07 04:00:00,CAL,California,OTH,Other,7037,megawatthours
2025-04-07 05:00:00,CAL,California,OTH,Other,6021,megawatthours
2025-04-07 06:00:00,CAL,California,OTH,Other,4639,megawatthours
2025-04-07 07:00:00,CAL,California,OTH,Other,2784,megawatthours
2025-04-07 08:00:00,CAL,California,OTH,Other,1210,megawatthours
2025-04-07 09:00:00,CAL,California,OTH,Other,622,megawatthours
2025-04-07 10:00:00,CAL,California,OTH,Other,152,megawatthours
2025-04-07 11:00:00,CAL,California,OTH,Other,135,megawatthours
2025-04-07 12:00:00,CAL,California,OTH,Other,96,megawatthours
2025-04-07 13:00:00,CAL,California,OTH,Other,461,megawatthours
2025-04-07 14:00:00,CAL,California,OTH,Other,1384,megawatthours
2025-04-07 15:00:00,CAL,California,OTH,Other,3293,megawatthours
2025-04-07 16:00:00,CAL,California,OTH,Other,376,megawatthours
2025-04-07 17:00:00,CAL,California,OTH,Other,-1285,megawatthours
2025-04-07 18:00:00,CAL,California,OTH,Other,-3082,megawatthours
2025-04-07 19:00:00,CAL,California,OTH,Other,-4905,megawatthours
2025-04-07 20:00:00,CAL,California,OTH,Other,-5116,megawatthours
2025-04-07 21:00:00,CAL,California,OTH,Other,-5605,megawatthours
2025-04-07 22:00:00,CAL,California,OTH,Other,-4953,megawatthours
2025-04-07 23:00:00,CAL,California,OTH,Other,-4760,megawatthours
2025-04-08 00:00:00,CAL,California,OTH,Other,-3761,megawatthours
2025-04-08 00:00:00,CAL,California,OTH,Other,-3761,megawatthours
2025-04-08 01:00:00,CAL,California,OTH,Other,-1903,megawatthours
2025-04-08 02:00:00,CAL,California,OTH,Other,558,megawatthours
2025-04-08 03:00:00,CAL,California,OTH,Other,3740,megawatthours
2025-04-08 04:00:00,CAL,California,OTH,Other,6683,megawatthours
2025-04-08 05:00:00,CAL,California,OTH,Other,6239,megawatthours
2025-04-08 06:00:00,CAL,California,OTH,Other,4550,megawatthours
2025-04-08 07:00:00,CAL,California,OTH,Other,3012,megawatthours
2025-04-08 08:00:00,CAL,California,OTH,Other,762,megawatthours
2025-04-08 09:00:00,CAL,California,OTH,Other,624,megawatthours
2025-04-08 10:00:00,CAL,California,OTH,Other,63,megawatthours
2025-04-08 11:00:00,CAL,California,OTH,Other,-165,megawatthours
2025-04-08 12:00:00,CAL,California,OTH,Other,-149,megawatthours
2025-04-08 13:00:00,CAL,California,OTH,Other,459,megawatthours
2025-04-08 14:00:00,CAL,California,OTH,Other,1340,megawatthours
2025-04-08 15:00:00,CAL,California,OTH,Other,2891,megawatthours
2025-04-08 16:00:00,CAL,California,OTH,Other,139,megawatthours
2025-04-08 17:00:00,CAL,California,OTH,Other,-1668,megawatthours
2025-04-08 18:00:00,CAL,California,OTH,Other,-4031,megawatthours
2025-04-08 19:00:00,CAL,California,OTH,Other,-5448,megawatthours
2025-04-08 20:00:00,CAL,California,OTH,Other,-5796,megawatthours
2025-04-08 21:00:00,CAL,California,OTH,Other,-5402,megawatthours
2025-04-08 22:00:00,CAL,California,OTH,Other,-5341,megawatthours
2025-04-08 23:00:00,CAL,California,OTH,Other,-4173,megawatthours
2025-04-09 00:00:00,CAL,California,OTH,Other,-3365,megawatthours
2025-04-09 00:00:00,CAL,California,OTH,Other,-3365,megawatthours
2025-04-09 01:00:00,CAL,California,OTH,Other,-2150,megawatthours
2025-04-09 02:00:00,CAL,California,OTH,Other,-144,megawatthours
2025-04-09 03:00:00,CAL,California,OTH,Other,2733,megawatthours
2025-04-09 04:00:00,CAL,California,OTH,Other,6323,megawatthours
2025-04-09 05:00:00,CAL,California,OTH,Other,5858,megawatthours
2025-04-09 06:00:00,CAL,California,OTH,Other,4479,megawatthours
2025-04-09 07:00:00,CAL,California,OTH,Other,2914,megawatthours
2025-04-09 08:00:00,CAL,California,OTH,Other,1436,megawatthours
2025-04-09 09:00:00,CAL,California,OTH,Other,1204,megawatthours
2025-04-09 10:00:00,CAL,California,OTH,Other,467,megawatthours
2025-04-09 11:00:00,CAL,California,OTH,Other,-143,megawatthours
2025-04-09 12:00:00,CAL,California,OTH,Other,279,megawatthours
2025-04-09 13:00:00,CAL,California,OTH,Other,303,megawatthours
2025-04-09 14:00:00,CAL,California,OTH,Other,1536,megawatthours
2025-04-09 15:00:00,CAL,California,OTH,Other,3293,megawatthours
2025-04-09 16:00:00,CAL,California,OTH,Other,516,megawatthours
2025-04-09 17:00:00,CAL,California,OTH,Other,-2077,megawatthours
2025-04-09 18:00:00,CAL,California,OTH,Other,-3604,megawatthours
2025-04-09 19:00:00,CAL,California,OTH,Other,-4838,megawatthours
2025-04-09 20:00:00,CAL,California,OTH,Other,-5829,megawatthours
2025-04-09 21:00:00,CAL,California,OTH,Other,-5091,megawatthours
2025-04-09 22:00:00,CAL,California,OTH,Other,-4607,megawatthours
2025-04-09 23:00:00,CAL,California,OTH,Other,-3903,megawatthours
2025-04-10 00:00:00,CAL,California,OTH,Other,-3111,megawatthours
2025-04-10 00:00:00,CAL,California,OTH,Other,-3111,megawatthours
2025-04-10 01:00:00,CAL,California,OTH,Other,-1398,megawatthours
2025-04-10 02:00:00,CAL,California,OTH,Other,383,megawatthours
2025-04-10 03:00:00,CAL,California,OTH,Other,3646,megawatthours
2025-04-10 04:00:00,CAL,California,OTH,Other,6847,megawatthours
2025-04-10 05:00:00,CAL,California,OTH,Other,5812,megawatthours
2025-04-10 06:00:00,CAL,California,OTH,Other,4731,megawatthours
2025-04-10 07:00:00,CAL,California,OTH,Other,3638,megawatthours
2025-04-10 08:00:00,CAL,California,OTH,Other,1761,megawatthours
2025-04-10 09:00:00,CAL,California,OTH,Other,1207,megawatthours
2025-04-10 10:00:00,CAL,California,OTH,Other,492,megawatthours
2025-04-10 11:00:00,CAL,California,OTH,Other,-189,megawatthours
2025-04-10 12:00:00,CAL,California,OTH,Other,-158,megawatthours
2025-04-10 13:00:00,CAL,California,OTH,Other,133,megawatthours
2025-04-10 14:00:00,CAL,California,OTH,Other,1221,megawatthours
2025-04-10 15:00:00,CAL,California,OTH,Other,2323,megawatthours
2025-04-10 16:00:00,CAL,California,OTH,Other,-281,megawatthours
2025-04-10 17:00:00,CAL,California,OTH,Other,-2014,megawatthours
2025-04-10 18:00:00,CAL,California,OTH,Other,-4129,megawatthours
2025-04-10 19:00:00,CAL,California,OTH,Other,-4656,megawatthours
2025-04-10 20:00:00,CAL,California,OTH,Other,-3877,megawatthours
2025-04-10 21:00:00,CAL,California,OTH,Other,-2912,megawatthours
2025-04-10 22:00:00,CAL,California,OTH,Other,-2509,megawatthours
2025-04-10 23:00:00,CAL,California,OTH,Other,-2051,megawatthours
2025-04-11 00:00:00,CAL,California,OTH,Other,-1268,megawatthours
2025-04-11 00:00:00,CAL,California,OTH,Other,-1268,megawatthours
2025-04-11 01:00:00,CAL,California,OTH,Other,-1344,megawatthours
2025-04-11 02:00:00,CAL,California,OTH,Other,668,megawatthours
2025-04-11 03:00:00,CAL,California,OTH,Other,4006,megawatthours
2025-04-11 04:00:00,CAL,California,OTH,Other,5823,megawatthours
2025-04-11 05:00:00,CAL,California,OTH,Other,4389,megawatthours
2025-04-11 06:00:00,CAL,California,OTH,Other,2666,megawatthours
2025-04-11 07:00:00,CAL,California,OTH,Other,1221,megawatthours
2025-04-11 08:00:00,CAL,California,OTH,Other,231,megawatthours
2025-04-11 09:00:00,CAL,California,OTH,Other,133,megawatthours
2025-04-11 10:00:00,CAL,California,OTH,Other,-296,megawatthours
2025-04-11 11:00:00,CAL,California,OTH,Other,-835,megawatthours
2025-04-11 12:00:00,CAL,California,OTH,Other,-789,megawatthours
2025-04-11 13:00:00,CAL,California,OTH,Other,38,megawatthours
2025-04-11 14:00:00,CAL,California,OTH,Other,833,megawatthours
2025-04-11 15:00:00,CAL,California,OTH,Other,2344,megawatthours
2025-04-11 16:00:00,CAL,California,OTH,Other,-506,megawatthours
2025-04-11 17:00:00,CAL,California,OTH,Other,-2137,megawatthours
2025-04-11 18:00:00,CAL,California,OTH,Other,-3380,megawatthours
2025-04-11 19:00:00,CAL,California,OTH,Other,-5222,megawatthours
2025-04-11 20:00:00,CAL,California,OTH,Other,-5656,megawatthours
2025-04-11 21:00:00,CAL,California,OTH,Other,-4256,megawatthours
2025-04-11 22:00:00,CAL,California,OTH,Other,-4866,megawatthours
2025-04-11 23:00:00,CAL,California,OTH,Other,-4123,megawatthours
2025-04-12 00:00:00,CAL,California,OTH,Other,-2949,megawatthours
2025-04-12 00:00:00,CAL,California,OTH,Other,-2949,megawatthours
2025-04-12 01:00:00,CAL,California,OTH,Other,-1759,megawatthours
2025-04-12 02:00:00,CAL,California,OTH,Other,370,megawatthours
2025-04-12 03:00:00,CAL,California,OTH,Other,4940,megawatthours
2025-04-12 04:00:00,CAL,California,OTH,Other,7301,megawatthours
2025-04-12 05:00:00,CAL,California,OTH,Other,6575,megawatthours
2025-04-12 06:00:00,CAL,California,OTH,Other,5385,megawatthours
2025-04-12 07:00:00,CAL,California,OTH,Other,3452,megawatthours
2025-04-12 08:00:00,CAL,California,OTH,Other,1593,megawatthours
2025-04-12 09:00:00,CAL,California,OTH,Other,703,megawatthours
2025-04-12 10:00:00,CAL,California,OTH,Other,282,megawatthours
2025-04-12 11:00:00,CAL,California,OTH,Other,-442,megawatthours
2025-04-12 12:00:00,CAL,California,OTH,Other,-648,megawatthours
2025-04-12 13:00:00,CAL,California,OTH,Other,-195,megawatthours
2025-04-12 14:00:00,CAL,California,OTH,Other,316,megawatthours
2025-04-12 15:00:00,CAL,California,OTH,Other,1631,megawatthours
2025-04-12 16:00:00,CAL,California,OTH,Other,-623,megawatthours
2025-04-12 17:00:00,CAL,California,OTH,Other,-2641,megawatthours
2025-04-12 18:00:00,CAL,California,OTH,Other,-4310,megawatthours
2025-04-12 19:00:00,CAL,California,OTH,Other,-4469,megawatthours
2025-04-12 20:00:00,CAL,California,OTH,Other,-6283,megawatthours
2025-04-12 21:00:00,CAL,California,OTH,Other,-6186,megawatthours
2025-04-12 22:00:00,CAL,California,OTH,Other,-5653,megawatthours
2025-04-12 23:00:00,CAL,California,OTH,Other,-4142,megawatthours
2025-04-13 00:00:00,CAL,California,OTH,Other,-2452,megawatthours
2025-04-13 00:00:00,CAL,California,OTH,Other,-2452,megawatthours
2025-04-13 01:00:00,CAL,California,OTH,Other,-1536,megawatthours
2025-04-13 02:00:00,CAL,California,OTH,Other,-363,megawatthours
2025-04-13 03:00:00,CAL,California,OTH,Other,2284,megawatthours
2025-04-13 04:00:00,CAL,California,OTH,Other,5678,megawatthours
2025-04-13 05:00:00,CAL,California,OTH,Other,5497,megawatthours
2025-04-13 06:00:00,CAL,California,OTH,Other,5078,megawatthours
2025-04-13 07:00:00,CAL,California,OTH,Other,3611,megawatthours
2025-04-13 08:00:00,CAL,California,OTH,Other,2474,megawatthours
2025-04-13 09:00:00,CAL,California,OTH,Other,1955,megawatthours
2025-04-13 10:00:00,CAL,California,OTH,Other,1080,megawatthours
2025-04-13 11:00:00,CAL,California,OTH,Other,63,megawatthours
2025-04-13 12:00:00,CAL,California,OTH,Other,555,megawatthours
2025-04-13 13:00:00,CAL,California,OTH,Other,631,megawatthours
2025-04-13 14:00:00,CAL,California,OTH,Other,1941,megawatthours
2025-04-13 15:00:00,CAL,California,OTH,Other,2066,megawatthours
2025-04-13 16:00:00,CAL,California,OTH,Other,350,megawatthours
2025-04-13 17:00:00,CAL,California,OTH,Other,-2155,megawatthours
2025-04-13 18:00:00,CAL,California,OTH,Other,-4491,megawatthours
2025-04-13 19:00:00,CAL,California,OTH,Other,-5390,megawatthours
2025-04-13 20:00:00,CAL,California,OTH,Other,-6004,megawatthours
2025-04-13 21:00:00,CAL,California,OTH,Other,-6268,megawatthours
2025-04-13 22:00:00,CAL,California,OTH,Other,-5352,megawatthours
2025-04-13 23:00:00,CAL,California,OTH,Other,-3903,megawatthours
2025-04-14 00:00:00,CAL,California,OTH,Other,-2321,megawatthours
2025-04-14 00:00:00,CAL,California,OTH,Other,-2321,megawatthours
2025-04-14 01:00:00,CAL,California,OTH,Other,-1210,megawatthours
2025-04-14 02:00:00,CAL,California,OTH,Other,86,megawatthours
2025-04-14 03:00:00,CAL,California,OTH,Other,2719,megawatthours
2025-04-14 04:00:00,CAL,California,OTH,Other,6567,megawatthours
2025-04-14 05:00:00,CAL,California,OTH,Other,6099,megawatthours
2025-04-14 06:00:00,CAL,California,OTH,Other,5421,megawatthours
2025-04-14 07:00:00,CAL,California,OTH,Other,2833,megawatthours
2025-04-14 08:00:00,CAL,California,OTH,Other,1077,megawatthours
2025-04-14 09:00:00,CAL,California,OTH,Other,978,megawatthours
2025-04-14 10:00:00,CAL,California,OTH,Other,535,megawatthours
2025-04-14 11:00:00,CAL,California,OTH,Other,-178,megawatthours
2025-04-14 12:00:00,CAL,California,OTH,Other,-256,megawatthours
2025-04-14 13:00:00,CAL,California,OTH,Other,115,megawatthours
2025-04-14 14:00:00,CAL,California,OTH,Other,1951,megawatthours
2025-04-14 15:00:00,CAL,California,OTH,Other,3029,megawatthours
2025-04-14 16:00:00,CAL,California,OTH,Other,1383,megawatthours
2025-04-14 17:00:00,CAL,California,OTH,Other,-977,megawatthours
2025-04-14 18:00:00,CAL,California,OTH,Other,-2204,megawatthours
2025-04-14 19:00:00,CAL,California,OTH,Other,-4765,megawatthours
2025-04-14 20:00:00,CAL,California,OTH,Other,-4828,megawatthours
2025-04-14 21:00:00,CAL,California,OTH,Other,-4784,megawatthours
2025-04-14 22:00:00,CAL,California,OTH,Other,-5120,megawatthours
2025-04-14 23:00:00,CAL,California,OTH,Other,-4800,megawatthours
2025-04-15 00:00:00,CAL,California,OTH,Other,-2474,megawatthours
2025-04-15 00:00:00,CAL,California,OTH,Other,-2474,megawatthours
2025-04-15 01:00:00,CAL,California,OTH,Other,-1838,megawatthours
2025-04-15 02:00:00,CAL,California,OTH,Other,-1044,megawatthours
2025-04-15 03:00:00,CAL,California,OTH,Other,3177,megawatthours
2025-04-15 04:00:00,CAL,California,OTH,Other,6023,megawatthours
2025-04-15 05:00:00,CAL,California,OTH,Other,5605,megawatthours
2025-04-15 06:00:00,CAL,California,OTH,Other,4484,megawatthours
2025-04-15 07:00:00,CAL,California,OTH,Other,2786,megawatthours
2025-04-15 08:00:00,CAL,California,OTH,Other,1186,megawatthours
2025-04-15 09:00:00,CAL,California,OTH,Other,645,megawatthours
2025-04-15 10:00:00,CAL,California,OTH,Other,115,megawatthours
2025-04-15 11:00:00,CAL,California,OTH,Other,-358,megawatthours
2025-04-15 12:00:00,CAL,California,OTH,Other,-131,megawatthours
2025-04-15 13:00:00,CAL,California,OTH,Other,290,megawatthours
2025-04-15 14:00:00,CAL,California,OTH,Other,1253,megawatthours
2025-04-15 15:00:00,CAL,California,OTH,Other,3038,megawatthours
2025-04-15 16:00:00,CAL,California,OTH,Other,223,megawatthours
2025-04-15 17:00:00,CAL,California,OTH,Other,-2171,megawatthours
2025-04-15 18:00:00,CAL,California,OTH,Other,-2775,megawatthours
2025-04-15 19:00:00,CAL,California,OTH,Other,-2950,megawatthours
2025-04-15 20:00:00,CAL,California,OTH,Other,-3683,megawatthours
2025-04-15 21:00:00,CAL,California,OTH,Other,-3482,megawatthours
2025-04-15 22:00:00,CAL,California,OTH,Other,-3552,megawatthours
2025-04-15 23:00:00,CAL,California,OTH,Other,-3972,megawatthours
2025-04-16 00:00:00,CAL,California,OTH,Other,-3164,megawatthours
2025-04-16 00:00:00,CAL,California,OTH,Other,-3164,megawatthours
2025-04-16 01:00:00,CAL,California,OTH,Other,-2763,megawatthours
2025-04-16 02:00:00,CAL,California,OTH,Other,30,megawatthours
2025-04-16 03:00:00,CAL,California,OTH,Other,3615,megawatthours
2025-04-16 04:00:00,CAL,California,OTH,Other,5845,megawatthours
2025-04-16 05:00:00,CAL,California,OTH,Other,4848,megawatthours
2025-04-16 06:00:00,CAL,California,OTH,Other,4108,megawatthours
2025-04-16 07:00:00,CAL,California,OTH,Other,2792,megawatthours
2025-04-16 08:00:00,CAL,California,OTH,Other,944,megawatthours
2025-04-16 09:00:00,CAL,California,OTH,Other,126,megawatthours
2025-04-16 10:00:00,CAL,California,OTH,Other,12,megawatthours
2025-04-16 11:00:00,CAL,California,OTH,Other,-187,megawatthours
2025-04-16 12:00:00,CAL,California,OTH,Other,-359,megawatthours
2025-04-16 13:00:00,CAL,California,OTH,Other,-540,megawatthours
2025-04-16 14:00:00,CAL,California,OTH,Other,760,megawatthours
2025-04-16 15:00:00,CAL,California,OTH,Other,2769,megawatthours
2025-04-16 16:00:00,CAL,California,OTH,Other,183,megawatthours
2025-04-16 17:00:00,CAL,California,OTH,Other,-1417,megawatthours
2025-04-16 18:00:00,CAL,California,OTH,Other,-2691,megawatthours
2025-04-16 19:00:00,CAL,California,OTH,Other,-4315,megawatthours
2025-04-16 20:00:00,CAL,California,OTH,Other,-5296,megawatthours
2025-04-16 21:00:00,CAL,California,OTH,Other,-6594,megawatthours
2025-04-16 22:00:00,CAL,California,OTH,Other,-6455,megawatthours
2025-04-16 23:00:00,CAL,California,OTH,Other,-5350,megawatthours
2025-04-17 00:00:00,CAL,California,OTH,Other,-3736,megawatthours
2025-04-17 00:00:00,CAL,California,OTH,Other,-3736,megawatthours
2025-04-17 01:00:00,CAL,California,OTH,Other,-1945,megawatthours
2025-04-17 02:00:00,CAL,California,OTH,Other,-207,megawatthours
2025-04-17 03:00:00,CAL,California,OTH,Other,1809,megawatthours
2025-04-17 04:00:00,CAL,California,OTH,Other,5760,megawatthours
2025-04-17 05:00:00,CAL,California,OTH,Other,5971,megawatthours
2025-04-17 06:00:00,CAL,California,OTH,Other,4649,megawatthours
2025-04-17 07:00:00,CAL,California,OTH,Other,3141,megawatthours
2025-04-17 08:00:00,CAL,California,OTH,Other,1411,megawatthours
2025-04-17 09:00:00,CAL,California,OTH,Other,804,megawatthours
2025-04-17 10:00:00,CAL,California,OTH,Other,322,megawatthours
2025-04-17 11:00:00,CAL,California,OTH,Other,50,megawatthours
2025-04-17 12:00:00,CAL,California,OTH,Other,-112,megawatthours
2025-04-17 13:00:00,CAL,California,OTH,Other,462,megawatthours
2025-04-17 14:00:00,CAL,California,OTH,Other,2100,megawatthours
2025-04-17 15:00:00,CAL,California,OTH,Other,2853,megawatthours
2025-04-17 16:00:00,CAL,California,OTH,Other,-710,megawatthours
2025-04-17 17:00:00,CAL,California,OTH,Other,-2809,megawatthours
2025-04-17 18:00:00,CAL,California,OTH,Other,-4058,megawatthours
2025-04-17 19:00:00,CAL,California,OTH,Other,-3991,megawatthours
2025-04-17 20:00:00,CAL,California,OTH,Other,-4055,megawatthours
2025-04-17 21:00:00,CAL,California,OTH,Other,-3990,megawatthours
2025-04-17 22:00:00,CAL,California,OTH,Other,-3517,megawatthours
2025-04-17 23:00:00,CAL,California,OTH,Other,-3293,megawatthours
2025-04-18 00:00:00,CAL,California,OTH,Other,-2531,megawatthours
2025-04-18 00:00:00,CAL,California,OTH,Other,-2531,megawatthours
2025-04-18 01:00:00,CAL,California,OTH,Other,-1670,megawatthours
2025-04-18 02:00:00,CAL,California,OTH,Other,-390,megawatthours
2025-04-18 03:00:00,CAL,California,OTH,Other,2434,megawatthours
2025-04-18 04:00:00,CAL,California,OTH,Other,5846,megawatthours
2025-04-18 05:00:00,CAL,California,OTH,Other,5517,megawatthours
2025-04-18 06:00:00,CAL,California,OTH,Other,4666,megawatthours
2025-04-18 07:00:00,CAL,California,OTH,Other,3097,megawatthours
2025-04-18 08:00:00,CAL,California,OTH,Other,1718,megawatthours
2025-04-18 09:00:00,CAL,California,OTH,Other,1594,megawatthours
2025-04-18 10:00:00,CAL,California,OTH,Other,839,megawatthours
2025-04-18 11:00:00,CAL,California,OTH,Other,322,megawatthours
2025-04-18 12:00:00,CAL,California,OTH,Other,292,megawatthours
2025-04-18 13:00:00,CAL,California,OTH,Other,409,megawatthours
2025-04-18 14:00:00,CAL,California,OTH,Other,1280,megawatthours
2025-04-18 15:00:00,CAL,California,OTH,Other,2394,megawatthours
2025-04-18 16:00:00,CAL,California,OTH,Other,-472,megawatthours
2025-04-18 17:00:00,CAL,California,OTH,Other,-1879,megawatthours
2025-04-18 18:00:00,CAL,California,OTH,Other,-1626,megawatthours
2025-04-18 19:00:00,CAL,California,OTH,Other,-2966,megawatthours
2025-04-18 20:00:00,CAL,California,OTH,Other,-3083,megawatthours
2025-04-18 21:00:00,CAL,California,OTH,Other,-3761,megawatthours
2025-04-18 22:00:00,CAL,California,OTH,Other,-3428,megawatthours
2025-04-18 23:00:00,CAL,California,OTH,Other,-3527,megawatthours
2025-04-19 00:00:00,CAL,California,OTH,Other,-1724,megawatthours
2025-04-19 00:00:00,CAL,California,OTH,Other,-1724,megawatthours
2025-04-19 01:00:00,CAL,California,OTH,Other,-1161,megawatthours
2025-04-19 02:00:00,CAL,California,OTH,Other,-1758,megawatthours
2025-04-19 03:00:00,CAL,California,OTH,Other,1777,megawatthours
2025-04-19 04:00:00,CAL,California,OTH,Other,4853,megawatthours
2025-04-19 05:00:00,CAL,California,OTH,Other,4836,megawatthours
2025-04-19 06:00:00,CAL,California,OTH,Other,4367,megawatthours
2025-04-19 07:00:00,CAL,California,OTH,Other,2132,megawatthours
2025-04-19 08:00:00,CAL,California,OTH,Other,926,megawatthours
2025-04-19 09:00:00,CAL,California,OTH,Other,602,megawatthours
2025-04-19 10:00:00,CAL,California,OTH,Other,574,megawatthours
2025-04-19 11:00:00,CAL,California,OTH,Other,-267,megawatthours
2025-04-19 12:00:00,CAL,California,OTH,Other,-319,megawatthours
2025-04-19 13:00:00,CAL,California,OTH,Other,-2,megawatthours
2025-04-19 14:00:00,CAL,California,OTH,Other,882,megawatthours
2025-04-19 15:00:00,CAL,California,OTH,Other,1966,megawatthours
2025-04-19 16:00:00,CAL,California,OTH,Other,-1401,megawatthours
2025-04-19 17:00:00,CAL,California,OTH,Other,-3172,megawatthours
2025-04-19 18:00:00,CAL,California,OTH,Other,-4001,megawatthours
2025-04-19 19:00:00,CAL,California,OTH,Other,-4438,megawatthours
2025-04-19 20:00:00,CAL,California,OTH,Other,-5021,megawatthours
2025-04-19 21:00:00,CAL,California,OTH,Other,-5378,megawatthours
2025-04-19 22:00:00,CAL,California,OTH,Other,-5305,megawatthours
2025-04-19 23:00:00,CAL,California,OTH,Other,-4009,megawatthours
2025-04-20 00:00:00,CAL,California,OTH,Other,-2952,megawatthours
2025-04-20 00:00:00,CAL,California,OTH,Other,-2952,megawatthours
2025-04-20 01:00:00,CAL,California,OTH,Other,-1737,megawatthours
2025-04-20 02:00:00,CAL,California,OTH,Other,-726,megawatthours
2025-04-20 03:00:00,CAL,California,OTH,Other,1966,megawatthours
2025-04-20 04:00:00,CAL,California,OTH,Other,6583,megawatthours
2025-04-20 05:00:00,CAL,California,OTH,Other,6270,megawatthours
2025-04-20 06:00:00,CAL,California,OTH,Other,5000,megawatthours
2025-04-20 07:00:00,CAL,California,OTH,Other,3851,megawatthours
2025-04-20 08:00:00,CAL,California,OTH,Other,1978,megawatthours
2025-04-20 09:00:00,CAL,California,OTH,Other,1864,megawatthours
2025-04-20 10:00:00,CAL,California,OTH,Other,751,megawatthours
2025-04-20 11:00:00,CAL,California,OTH,Other,-213,megawatthours
2025-04-20 12:00:00,CAL,California,OTH,Other,-268,megawatthours
2025-04-20 13:00:00,CAL,California,OTH,Other,377,megawatthours
2025-04-20 14:00:00,CAL,California,OTH,Other,1651,megawatthours
2025-04-20 15:00:00,CAL,California,OTH,Other,1892,megawatthours
2025-04-20 16:00:00,CAL,California,OTH,Other,-1565,megawatthours
2025-04-20 17:00:00,CAL,California,OTH,Other,-3174,megawatthours
2025-04-20 18:00:00,CAL,California,OTH,Other,-4081,megawatthours
2025-04-20 19:00:00,CAL,California,OTH,Other,-4987,megawatthours
2025-04-20 20:00:00,CAL,California,OTH,Other,-5074,megawatthours
2025-04-20 21:00:00,CAL,California,OTH,Other,-5041,megawatthours
2025-04-20 22:00:00,CAL,California,OTH,Other,-4594,megawatthours
2025-04-20 23:00:00,CAL,California,OTH,Other,-3449,megawatthours
2025-04-21 00:00:00,CAL,California,OTH,Other,-2214,megawatthours
2025-04-21 00:00:00,CAL,California,OTH,Other,-2214,megawatthours
2025-04-21 01:00:00,CAL,California,OTH,Other,-1483,megawatthours
2025-04-21 02:00:00,CAL,California,OTH,Other,-222,megawatthours
2025-04-21 03:00:00,CAL,California,OTH,Other,2876,megawatthours
2025-04-21 04:00:00,CAL,California,OTH,Other,6977,megawatthours
2025-04-21 05:00:00,CAL,California,OTH,Other,6811,megawatthours
2025-04-21 06:00:00,CAL,California,OTH,Other,5536,megawatthours
2025-04-21 07:00:00,CAL,California,OTH,Other,3067,megawatthours
2025-04-21 08:00:00,CAL,California,OTH,Other,1224,megawatthours
2025-04-21 09:00:00,CAL,California,OTH,Other,813,megawatthours
2025-04-21 10:00:00,CAL,California,OTH,Other,-148,megawatthours
2025-04-21 11:00:00,CAL,California,OTH,Other,-266,megawatthours
2025-04-21 12:00:00,CAL,California,OTH,Other,254,megawatthours
2025-04-21 13:00:00,CAL,California,OTH,Other,436,megawatthours
2025-04-21 14:00:00,CAL,California,OTH,Other,2535,megawatthours
2025-04-21 15:00:00,CAL,California,OTH,Other,3186,megawatthours
2025-04-21 16:00:00,CAL,California,OTH,Other,-515,megawatthours
2025-04-21 17:00:00,CAL,California,OTH,Other,-2499,megawatthours
2025-04-21 18:00:00,CAL,California,OTH,Other,-3373,megawatthours
2025-04-21 19:00:00,CAL,California,OTH,Other,-5139,megawatthours
2025-04-21 20:00:00,CAL,California,OTH,Other,-5416,megawatthours
2025-04-21 21:00:00,CAL,California,OTH,Other,-5491,megawatthours
2025-04-21 22:00:00,CAL,California,OTH,Other,-5621,megawatthours
2025-04-21 23:00:00,CAL,California,OTH,Other,-4551,megawatthours
2025-04-22 00:00:00,CAL,California,OTH,Other,-3036,megawatthours
2025-04-22 00:00:00,CAL,California,OTH,Other,-3036,megawatthours
2025-04-22 01:00:00,CAL,California,OTH,Other,-1481,megawatthours
2025-04-22 02:00:00,CAL,California,OTH,Other,-15,megawatthours
2025-04-22 03:00:00,CAL,California,OTH,Other,3566,megawatthours
2025-04-22 04:00:00,CAL,California,OTH,Other,8472,megawatthours
2025-04-22 05:00:00,CAL,California,OTH,Other,8089,megawatthours
2025-04-22 06:00:00,CAL,California,OTH,Other,6137,megawatthours
2025-04-22 07:00:00,CAL,California,OTH,Other,3720,megawatthours
2025-04-22 08:00:00,CAL,California,OTH,Other,1083,megawatthours
2025-04-22 09:00:00,CAL,California,OTH,Other,889,megawatthours
2025-04-22 10:00:00,CAL,California,OTH,Other,207,megawatthours
2025-04-22 11:00:00,CAL,California,OTH,Other,-443,megawatthours
2025-04-22 12:00:00,CAL,California,OTH,Other,-364,megawatthours
2025-04-22 13:00:00,CAL,California,OTH,Other,228,megawatthours
2025-04-22 14:00:00,CAL,California,OTH,Other,982,megawatthours
2025-04-22 15:00:00,CAL,California,OTH,Other,1395,megawatthours
2025-04-22 16:00:00,CAL,California,OTH,Other,-608,megawatthours
2025-04-22 17:00:00,CAL,California,OTH,Other,-870,megawatthours
2025-04-22 18:00:00,CAL,California,OTH,Other,-2068,megawatthours
2025-04-22 19:00:00,CAL,California,OTH,Other,-3295,megawatthours
2025-04-22 20:00:00,CAL,California,OTH,Other,-3966,megawatthours
2025-04-22 21:00:00,CAL,California,OTH,Other,-3879,megawatthours
2025-04-22 22:00:00,CAL,California,OTH,Other,-4852,megawatthours
2025-04-22 23:00:00,CAL,California,OTH,Other,-4402,megawatthours
2025-04-23 00:00:00,CAL,California,OTH,Other,-3876,megawatthours
2025-04-23 00:00:00,CAL,California,OTH,Other,-3876,megawatthours
2025-04-23 01:00:00,CAL,California,OTH,Other,-2822,megawatthours
2025-04-23 02:00:00,CAL,California,OTH,Other,-71,megawatthours
2025-04-23 03:00:00,CAL,California,OTH,Other,3141,megawatthours
2025-04-23 04:00:00,CAL,California,OTH,Other,7340,megawatthours
2025-04-23 05:00:00,CAL,California,OTH,Other,6107,megawatthours
2025-04-23 06:00:00,CAL,California,OTH,Other,4060,megawatthours
2025-04-23 07:00:00,CAL,California,OTH,Other,2262,megawatthours
2025-04-23 08:00:00,CAL,California,OTH,Other,988,megawatthours
2025-04-23 09:00:00,CAL,California,OTH,Other,876,megawatthours
2025-04-23 10:00:00,CAL,California,OTH,Other,115,megawatthours
2025-04-23 11:00:00,CAL,California,OTH,Other,-535,megawatthours
2025-04-23 12:00:00,CAL,California,OTH,Other,-320,megawatthours
2025-04-23 13:00:00,CAL,California,OTH,Other,-170,megawatthours
2025-04-23 14:00:00,CAL,California,OTH,Other,535,megawatthours
2025-04-23 15:00:00,CAL,California,OTH,Other,1918,megawatthours
2025-04-23 16:00:00,CAL,California,OTH,Other,-344,megawatthours
2025-04-23 17:00:00,CAL,California,OTH,Other,-2226,megawatthours
2025-04-23 18:00:00,CAL,California,OTH,Other,-2846,megawatthours
2025-04-23 19:00:00,CAL,California,OTH,Other,-4052,megawatthours
2025-04-23 20:00:00,CAL,California,OTH,Other,-5475,megawatthours
2025-04-23 21:00:00,CAL,California,OTH,Other,-5470,megawatthours
2025-04-23 22:00:00,CAL,California,OTH,Other,-6142,megawatthours
2025-04-23 23:00:00,CAL,California,OTH,Other,-5306,megawatthours
2025-04-24 00:00:00,CAL,California,OTH,Other,-3215,megawatthours
2025-04-24 00:00:00,CAL,California,OTH,Other,-3215,megawatthours
2025-04-24 01:00:00,CAL,California,OTH,Other,-1818,megawatthours
2025-04-24 02:00:00,CAL,California,OTH,Other,-238,megawatthours
2025-04-24 03:00:00,CAL,California,OTH,Other,2384,megawatthours
2025-04-24 04:00:00,CAL,California,OTH,Other,6179,megawatthours
2025-04-24 05:00:00,CAL,California,OTH,Other,6240,megawatthours
2025-04-24 06:00:00,CAL,California,OTH,Other,4759,megawatthours
2025-04-24 07:00:00,CAL,California,OTH,Other,2593,megawatthours
2025-04-24 08:00:00,CAL,California,OTH,Other,980,megawatthours
2025-04-24 09:00:00,CAL,California,OTH,Other,774,megawatthours
2025-04-24 10:00:00,CAL,California,OTH,Other,496,megawatthours
2025-04-24 11:00:00,CAL,California,OTH,Other,-193,megawatthours
2025-04-24 12:00:00,CAL,California,OTH,Other,-26,megawatthours
2025-04-24 13:00:00,CAL,California,OTH,Other,687,megawatthours
2025-04-24 14:00:00,CAL,California,OTH,Other,1914,megawatthours
2025-04-24 15:00:00,CAL,California,OTH,Other,3004,megawatthours
2025-04-24 16:00:00,CAL,California,OTH,Other,-421,megawatthours
2025-04-24 17:00:00,CAL,California,OTH,Other,-1848,megawatthours
2025-04-24 18:00:00,CAL,California,OTH,Other,-2860,megawatthours
2025-04-24 19:00:00,CAL,California,OTH,Other,-4181,megawatthours
2025-04-24 20:00:00,CAL,California,OTH,Other,-4527,megawatthours
2025-04-24 21:00:00,CAL,California,OTH,Other,-4763,megawatthours
2025-04-24 22:00:00,CAL,California,OTH,Other,-4692,megawatthours
2025-04-24 23:00:00,CAL,California,OTH,Other,-3713,megawatthours
2025-04-25 00:00:00,CAL,California,OTH,Other,-2658,megawatthours
2025-04-25 00:00:00,CAL,California,OTH,Other,-2658,megawatthours
2025-04-25 01:00:00,CAL,California,OTH,Other,-2313,megawatthours
2025-04-25 02:00:00,CAL,California,OTH,Other,-130,megawatthours
2025-04-25 03:00:00,CAL,California,OTH,Other,3242,megawatthours
2025-04-25 04:00:00,CAL,California,OTH,Other,5516,megawatthours
2025-04-25 05:00:00,CAL,California,OTH,Other,5457,megawatthours
2025-04-25 06:00:00,CAL,California,OTH,Other,4542,megawatthours
2025-04-25 07:00:00,CAL,California,OTH,Other,2402,megawatthours
2025-04-25 08:00:00,CAL,California,OTH,Other,1148,megawatthours
2025-04-25 09:00:00,CAL,California,OTH,Other,824,megawatthours
2025-04-25 10:00:00,CAL,California,OTH,Other,680,megawatthours
2025-04-25 11:00:00,CAL,California,OTH,Other,-56,megawatthours
2025-04-25 12:00:00,CAL,California,OTH,Other,-95,megawatthours
2025-04-25 13:00:00,CAL,California,OTH,Other,772,megawatthours
2025-04-25 14:00:00,CAL,California,OTH,Other,2011,megawatthours
2025-04-25 15:00:00,CAL,California,OTH,Other,2286,megawatthours
2025-04-25 16:00:00,CAL,California,OTH,Other,42,megawatthours
2025-04-25 17:00:00,CAL,California,OTH,Other,-2403,megawatthours
2025-04-25 18:00:00,CAL,California,OTH,Other,-2881,megawatthours
2025-04-25 19:00:00,CAL,California,OTH,Other,-2539,megawatthours
2025-04-25 20:00:00,CAL,California,OTH,Other,-4337,megawatthours
2025-04-25 21:00:00,CAL,California,OTH,Other,-4950,megawatthours
2025-04-25 22:00:00,CAL,California,OTH,Other,-4111,megawatthours
2025-04-25 23:00:00,CAL,California,OTH,Other,-5116,megawatthours
2025-04-26 00:00:00,CAL,California,OTH,Other,-4146,megawatthours
2025-04-26 00:00:00,CAL,California,OTH,Other,-4146,megawatthours
2025-04-26 01:00:00,CAL,California,OTH,Other,-2356,megawatthours
2025-04-26 02:00:00,CAL,California,OTH,Other,-743,megawatthours
2025-04-26 03:00:00,CAL,California,OTH,Other,2063,megawatthours
2025-04-26 04:00:00,CAL,California,OTH,Other,6282,megawatthours
2025-04-26 05:00:00,CAL,California,OTH,Other,6379,megawatthours
2025-04-26 06:00:00,CAL,California,OTH,Other,5268,megawatthours
2025-04-26 07:00:00,CAL,California,OTH,Other,3420,megawatthours
2025-04-26 08:00:00,CAL,California,OTH,Other,1782,megawatthours
2025-04-26 09:00:00,CAL,California,OTH,Other,1345,megawatthours
2025-04-26 10:00:00,CAL,California,OTH,Other,513,megawatthours
2025-04-26 11:00:00,CAL,California,OTH,Other,88,megawatthours
2025-04-26 12:00:00,CAL,California,OTH,Other,203,megawatthours
2025-04-26 13:00:00,CAL,California,OTH,Other,0,megawatthours
2025-04-26 14:00:00,CAL,California,OTH,Other,631,megawatthours
2025-04-26 15:00:00,CAL,California,OTH,Other,1759,megawatthours
2025-04-26 16:00:00,CAL,California,OTH,Other,-1325,megawatthours
2025-04-26 17:00:00,CAL,California,OTH,Other,-2642,megawatthours
2025-04-26 18:00:00,CAL,California,OTH,Other,-2118,megawatthours
2025-04-26 19:00:00,CAL,California,OTH,Other,-2078,megawatthours
2025-04-26 20:00:00,CAL,California,OTH,Other,-3716,megawatthours
2025-04-26 21:00:00,CAL,California,OTH,Other,-4569,megawatthours
2025-04-26 22:00:00,CAL,California,OTH,Other,-4477,megawatthours
2025-04-26 23:00:00,CAL,California,OTH,Other,-3464,megawatthours
2025-04-27 00:00:00,CAL,California,OTH,Other,-3209,megawatthours
2025-04-27 00:00:00,CAL,California,OTH,Other,-3209,megawatthours
2025-04-27 01:00:00,CAL,California,OTH,Other,-1494,megawatthours
2025-04-27 02:00:00,CAL,California,OTH,Other,-558,megawatthours
2025-04-27 03:00:00,CAL,California,OTH,Other,2100,megawatthours
2025-04-27 04:00:00,CAL,California,OTH,Other,5447,megawatthours
2025-04-27 05:00:00,CAL,California,OTH,Other,5501,megawatthours
2025-04-27 06:00:00,CAL,California,OTH,Other,4970,megawatthours
2025-04-27 07:00:00,CAL,California,OTH,Other,3957,megawatthours
2025-04-27 08:00:00,CAL,California,OTH,Other,2321,megawatthours
2025-04-27 09:00:00,CAL,California,OTH,Other,2372,megawatthours
2025-04-27 10:00:00,CAL,California,OTH,Other,1667,megawatthours
2025-04-27 11:00:00,CAL,California,OTH,Other,655,megawatthours
2025-04-27 12:00:00,CAL,California,OTH,Other,549,megawatthours
2025-04-27 13:00:00,CAL,California,OTH,Other,435,megawatthours
2025-04-27 14:00:00,CAL,California,OTH,Other,772,megawatthours
2025-04-27 15:00:00,CAL,California,OTH,Other,780,megawatthours
2025-04-27 16:00:00,CAL,California,OTH,Other,-987,megawatthours
2025-04-27 17:00:00,CAL,California,OTH,Other,-2541,megawatthours
2025-04-27 18:00:00,CAL,California,OTH,Other,-2644,megawatthours
2025-04-27 19:00:00,CAL,California,OTH,Other,-3414,megawatthours
2025-04-27 20:00:00,CAL,California,OTH,Other,-4039,megawatthours
2025-04-27 21:00:00,CAL,California,OTH,Other,-4336,megawatthours
2025-04-27 22:00:00,CAL,California,OTH,Other,-4253,megawatthours
2025-04-27 23:00:00,CAL,California,OTH,Other,-3260,megawatthours
2025-04-28 00:00:00,CAL,California,OTH,Other,-2943,megawatthours
2025-04-28 00:00:00,CAL,California,OTH,Other,-2943,megawatthours
2025-04-28 01:00:00,CAL,California,OTH,Other,-1551,megawatthours
2025-04-28 02:00:00,CAL,California,OTH,Other,-331,megawatthours
2025-04-28 03:00:00,CAL,California,OTH,Other,2139,megawatthours
2025-04-28 04:00:00,CAL,California,OTH,Other,5274,megawatthours
2025-04-28 05:00:00,CAL,California,OTH,Other,5640,megawatthours
2025-04-28 06:00:00,CAL,California,OTH,Other,5040,megawatthours
2025-04-28 07:00:00,CAL,California,OTH,Other,2537,megawatthours
2025-04-28 08:00:00,CAL,California,OTH,Other,1290,megawatthours
2025-04-28 09:00:00,CAL,California,OTH,Other,694,megawatthours
2025-04-28 10:00:00,CAL,California,OTH,Other,311,megawatthours
2025-04-28 11:00:00,CAL,California,OTH,Other,-87,megawatthours
2025-04-28 12:00:00,CAL,California,OTH,Other,105,megawatthours
2025-04-28 13:00:00,CAL,California,OTH,Other,1165,megawatthours
2025-04-28 14:00:00,CAL,California,OTH,Other,2154,megawatthours
2025-04-28 15:00:00,CAL,California,OTH,Other,2567,megawatthours
2025-04-28 16:00:00,CAL,California,OTH,Other,-236,megawatthours
2025-04-28 17:00:00,CAL,California,OTH,Other,-1756,megawatthours
2025-04-28 18:00:00,CAL,California,OTH,Other,-2522,megawatthours
2025-04-28 19:00:00,CAL,California,OTH,Other,-4493,megawatthours
2025-04-28 20:00:00,CAL,California,OTH,Other,-5226,megawatthours
2025-04-28 21:00:00,CAL,California,OTH,Other,-5795,megawatthours
2025-04-28 22:00:00,CAL,California,OTH,Other,-5765,megawatthours
2025-04-28 23:00:00,CAL,California,OTH,Other,-4267,megawatthours
2025-04-29 00:00:00,CAL,California,OTH,Other,-3092,megawatthours
2025-04-29 00:00:00,CAL,California,OTH,Other,-3092,megawatthours
2025-04-29 01:00:00,CAL,California,OTH,Other,-1956,megawatthours
2025-04-29 02:00:00,CAL,California,OTH,Other,-541,megawatthours
2025-04-29 03:00:00,CAL,California,OTH,Other,2201,megawatthours
2025-04-29 04:00:00,CAL,California,OTH,Other,5923,megawatthours
2025-04-29 05:00:00,CAL,California,OTH,Other,6265,megawatthours
2025-04-29 06:00:00,CAL,California,OTH,Other,5055,megawatthours
2025-04-29 07:00:00,CAL,California,OTH,Other,2970,megawatthours
2025-04-29 08:00:00,CAL,California,OTH,Other,1576,megawatthours
2025-04-29 09:00:00,CAL,California,OTH,Other,1515,megawatthours
2025-04-29 10:00:00,CAL,California,OTH,Other,533,megawatthours
2025-04-29 11:00:00,CAL,California,OTH,Other,490,megawatthours
2025-04-29 12:00:00,CAL,California,OTH,Other,765,megawatthours
2025-04-29 13:00:00,CAL,California,OTH,Other,1385,megawatthours
2025-04-29 14:00:00,CAL,California,OTH,Other,3260,megawatthours
2025-04-29 15:00:00,CAL,California,OTH,Other,3054,megawatthours
2025-04-29 16:00:00,CAL,California,OTH,Other,-134,megawatthours
2025-04-29 17:00:00,CAL,California,OTH,Other,-2065,megawatthours
2025-04-29 18:00:00,CAL,California,OTH,Other,-4312,megawatthours
2025-04-29 19:00:00,CAL,California,OTH,Other,-5186,megawatthours
2025-04-29 20:00:00,CAL,California,OTH,Other,-6219,megawatthours
2025-04-29 21:00:00,CAL,California,OTH,Other,-5827,megawatthours
2025-04-29 22:00:00,CAL,California,OTH,Other,-5712,megawatthours
2025-04-29 23:00:00,CAL,California,OTH,Other,-3604,megawatthours
2025-04-30 00:00:00,CAL,California,OTH,Other,-2721,megawatthours
2025-04-30 00:00:00,CAL,California,OTH,Other,-2721,megawatthours
2025-04-30 01:00:00,CAL,California,OTH,Other,-857,megawatthours
2025-04-30 02:00:00,CAL,California,OTH,Other,336,megawatthours
2025-04-30 03:00:00,CAL,California,OTH,Other,2581,megawatthours
2025-04-30 04:00:00,CAL,California,OTH,Other,7092,megawatthours
2025-04-30 05:00:00,CAL,California,OTH,Other,7486,megawatthours
2025-04-30 06:00:00,CAL,California,OTH,Other,6122,megawatthours
2025-04-30 07:00:00,CAL,California,OTH,Other,3556,megawatthours
2025-04-30 08:00:00,CAL,California,OTH,Other,1308,megawatthours
2025-04-30 09:00:00,CAL,California,OTH,Other,432,megawatthours
2025-04-30 10:00:00,CAL,California,OTH,Other,276,megawatthours
2025-04-30 11:00:00,CAL,California,OTH,Other,-75,megawatthours
2025-04-30 12:00:00,CAL,California,OTH,Other,189,megawatthours
2025-04-30 13:00:00,CAL,California,OTH,Other,693,megawatthours
2025-04-30 14:00:00,CAL,California,OTH,Other,2515,megawatthours
2025-04-30 15:00:00,CAL,California,OTH,Other,2916,megawatthours
2025-04-30 16:00:00,CAL,California,OTH,Other,182,megawatthours
2025-04-30 17:00:00,CAL,California,OTH,Other,-1076,megawatthours
2025-04-30 18:00:00,CAL,California,OTH,Other,-1651,megawatthours
2025-04-30 19:00:00,CAL,California,OTH,Other,-3297,megawatthours
2025-04-30 20:00:00,CAL,California,OTH,Other,-3764,megawatthours
2025-04-30 21:00:00,CAL,California,OTH,Other,-4931,megawatthours
2025-04-30 22:00:00,CAL,California,OTH,Other,-5381,megawatthours
2025-04-30 23:00:00,CAL,California,OTH,Other,-3599,megawatthours
2025-05-01 00:00:00,CAL,California,OTH,Other,-2956,megawatthours
2025-05-01 00:00:00,CAL,California,OTH,Other,-2956,megawatthours
2025-05-01 01:00:00,CAL,California,OTH,Other,-1492,megawatthours
2025-05-01 02:00:00,CAL,California,OTH,Other,260,megawatthours
2025-05-01 03:00:00,CAL,California,OTH,Other,3238,megawatthours
2025-05-01 04:00:00,CAL,California,OTH,Other,6803,megawatthours
2025-05-01 05:00:00,CAL,California,OTH,Other,6612,megawatthours
2025-05-01 06:00:00,CAL,California,OTH,Other,5063,megawatthours
2025-05-01 07:00:00,CAL,California,OTH,Other,3407,megawatthours
2025-05-01 08:00:00,CAL,California,OTH,Other,1201,megawatthours
2025-05-01 09:00:00,CAL,California,OTH,Other,739,megawatthours
2025-05-01 10:00:00,CAL,California,OTH,Other,372,megawatthours
2025-05-01 11:00:00,CAL,California,OTH,Other,205,megawatthours
2025-05-01 12:00:00,CAL,California,OTH,Other,15,megawatthours
2025-05-01 13:00:00,CAL,California,OTH,Other,-71,megawatthours
2025-05-01 14:00:00,CAL,California,OTH,Other,1250,megawatthours
2025-05-01 15:00:00,CAL,California,OTH,Other,1235,megawatthours
2025-05-01 16:00:00,CAL,California,OTH,Other,-833,megawatthours
2025-05-01 17:00:00,CAL,California,OTH,Other,-1790,megawatthours
2025-05-01 18:00:00,CAL,California,OTH,Other,-3542,megawatthours
2025-05-01 19:00:00,CAL,California,OTH,Other,-5693,megawatthours
2025-05-01 20:00:00,CAL,California,OTH,Other,-7300,megawatthours
2025-05-01 21:00:00,CAL,California,OTH,Other,-6906,megawatthours
2025-05-01 22:00:00,CAL,California,OTH,Other,-5558,megawatthours
2025-05-01 23:00:00,CAL,California,OTH,Other,-2875,megawatthours
2025-05-02 00:00:00,CAL,California,OTH,Other,-2151,megawatthours
2025-05-02 00:00:00,CAL,California,OTH,Other,-2151,megawatthours
2025-05-02 01:00:00,CAL,California,OTH,Other,-765,megawatthours
2025-05-02 02:00:00,CAL,California,OTH,Other,340,megawatthours
2025-05-02 03:00:00,CAL,California,OTH,Other,4044,megawatthours
2025-05-02 04:00:00,CAL,California,OTH,Other,8198,megawatthours
2025-05-02 05:00:00,CAL,California,OTH,Other,7990,megawatthours
2025-05-02 06:00:00,CAL,California,OTH,Other,5978,megawatthours
2025-05-02 07:00:00,CAL,California,OTH,Other,3935,megawatthours
2025-05-02 08:00:00,CAL,California,OTH,Other,1421,megawatthours
2025-05-02 09:00:00,CAL,California,OTH,Other,769,megawatthours
2025-05-02 10:00:00,CAL,California,OTH,Other,363,megawatthours
2025-05-02 11:00:00,CAL,California,OTH,Other,13,megawatthours
2025-05-02 12:00:00,CAL,California,OTH,Other,-94,megawatthours
2025-05-02 13:00:00,CAL,California,OTH,Other,84,megawatthours
2025-05-02 14:00:00,CAL,California,OTH,Other,1260,megawatthours
2025-05-02 15:00:00,CAL,California,OTH,Other,1349,megawatthours
2025-05-02 16:00:00,CAL,California,OTH,Other,-59,megawatthours
2025-05-02 17:00:00,CAL,California,OTH,Other,-1181,megawatthours
2025-05-02 18:00:00,CAL,California,OTH,Other,-2289,megawatthours
2025-05-02 19:00:00,CAL,California,OTH,Other,-3276,megawatthours
2025-05-02 20:00:00,CAL,California,OTH,Other,-4833,megawatthours
2025-05-02 21:00:00,CAL,California,OTH,Other,-6131,megawatthours
2025-05-02 22:00:00,CAL,California,OTH,Other,-6840,megawatthours
2025-05-02 23:00:00,CAL,California,OTH,Other,-5522,megawatthours
2025-05-03 00:00:00,CAL,California,OTH,Other,-3408,megawatthours
2025-05-03 00:00:00,CAL,California,OTH,Other,-3408,megawatthours
2025-05-03 01:00:00,CAL,California,OTH,Other,-2150,megawatthours
2025-05-03 02:00:00,CAL,California,OTH,Other,-222,megawatthours
2025-05-03 03:00:00,CAL,California,OTH,Other,2981,megawatthours
2025-05-03 04:00:00,CAL,California,OTH,Other,7061,megawatthours
2025-05-03 05:00:00,CAL,California,OTH,Other,7241,megawatthours
2025-05-03 06:00:00,CAL,California,OTH,Other,5813,megawatthours
2025-05-03 07:00:00,CAL,California,OTH,Other,3772,megawatthours
2025-05-03 08:00:00,CAL,California,OTH,Other,1997,megawatthours
2025-05-03 09:00:00,CAL,California,OTH,Other,1700,megawatthours
2025-05-03 10:00:00,CAL,California,OTH,Other,980,megawatthours
2025-05-03 11:00:00,CAL,California,OTH,Other,617,megawatthours
2025-05-03 12:00:00,CAL,California,OTH,Other,296,megawatthours
2025-05-03 13:00:00,CAL,California,OTH,Other,519,megawatthours
2025-05-03 14:00:00,CAL,California,OTH,Other,1322,megawatthours
2025-05-03 15:00:00,CAL,California,OTH,Other,1048,megawatthours
2025-05-03 16:00:00,CAL,California,OTH,Other,-709,megawatthours
2025-05-03 17:00:00,CAL,California,OTH,Other,-1384,megawatthours
2025-05-03 18:00:00,CAL,California,OTH,Other,-1671,megawatthours
2025-05-03 19:00:00,CAL,California,OTH,Other,-1845,megawatthours
2025-05-03 20:00:00,CAL,California,OTH,Other,-2996,megawatthours
2025-05-03 21:00:00,CAL,California,OTH,Other,-3271,megawatthours
2025-05-03 22:00:00,CAL,California,OTH,Other,-4441,megawatthours
2025-05-03 23:00:00,CAL,California,OTH,Other,-4488,megawatthours
2025-05-04 00:00:00,CAL,California,OTH,Other,-3742,megawatthours
2025-05-04 00:00:00,CAL,California,OTH,Other,-3742,megawatthours
2025-05-04 01:00:00,CAL,California,OTH,Other,-1842,megawatthours
2025-05-04 02:00:00,CAL,California,OTH,Other,-780,megawatthours
2025-05-04 03:00:00,CAL,California,OTH,Other,2636,megawatthours
2025-05-04 04:00:00,CAL,California,OTH,Other,5664,megawatthours
2025-05-04 05:00:00,CAL,California,OTH,Other,5209,megawatthours
2025-05-04 06:00:00,CAL,California,OTH,Other,4241,megawatthours
2025-05-04 07:00:00,CAL,California,OTH,Other,2802,megawatthours
2025-05-04 08:00:00,CAL,California,OTH,Other,1161,megawatthours
2025-05-04 09:00:00,CAL,California,OTH,Other,1264,megawatthours
2025-05-04 10:00:00,CAL,California,OTH,Other,602,megawatthours
2025-05-04 11:00:00,CAL,California,OTH,Other,239,megawatthours
2025-05-04 12:00:00,CAL,California,OTH,Other,298,megawatthours
2025-05-04 13:00:00,CAL,California,OTH,Other,452,megawatthours
2025-05-04 14:00:00,CAL,California,OTH,Other,1276,megawatthours
2025-05-04 15:00:00,CAL,California,OTH,Other,1113,megawatthours
2025-05-04 16:00:00,CAL,California,OTH,Other,-158,megawatthours
2025-05-04 17:00:00,CAL,California,OTH,Other,-1016,megawatthours
2025-05-04 18:00:00,CAL,California,OTH,Other,-1878,megawatthours
2025-05-04 19:00:00,CAL,California,OTH,Other,-5366,megawatthours
2025-05-04 20:00:00,CAL,California,OTH,Other,-6426,megawatthours
2025-05-04 21:00:00,CAL,California,OTH,Other,-5461,megawatthours
2025-05-04 22:00:00,CAL,California,OTH,Other,-2913,megawatthours
2025-05-04 23:00:00,CAL,California,OTH,Other,-1630,megawatthours
2025-05-05 00:00:00,CAL,California,OTH,Other,-1273,megawatthours
2025-05-05 00:00:00,CAL,California,OTH,Other,-1273,megawatthours
2025-05-05 01:00:00,CAL,California,OTH,Other,-309,megawatthours
2025-05-05 02:00:00,CAL,California,OTH,Other,129,megawatthours
2025-05-05 03:00:00,CAL,California,OTH,Other,2264,megawatthours
2025-05-05 04:00:00,CAL,California,OTH,Other,4581,megawatthours
2025-05-05 05:00:00,CAL,California,OTH,Other,4588,megawatthours
2025-05-05 06:00:00,CAL,California,OTH,Other,3757,megawatthours
2025-05-05 07:00:00,CAL,California,OTH,Other,2419,megawatthours
2025-05-05 08:00:00,CAL,California,OTH,Other,1131,megawatthours
2025-05-05 09:00:00,CAL,California,OTH,Other,615,megawatthours
2025-05-05 10:00:00,CAL,California,OTH,Other,284,megawatthours
2025-05-05 11:00:00,CAL,California,OTH,Other,-266,megawatthours
2025-05-05 12:00:00,CAL,California,OTH,Other,-173,megawatthours
2025-05-05 13:00:00,CAL,California,OTH,Other,309,megawatthours
2025-05-05 14:00:00,CAL,California,OTH,Other,1660,megawatthours
2025-05-05 15:00:00,CAL,California,OTH,Other,2557,megawatthours
2025-05-05 16:00:00,CAL,California,OTH,Other,864,megawatthours
2025-05-05 17:00:00,CAL,California,OTH,Other,-130,megawatthours
2025-05-05 18:00:00,CAL,California,OTH,Other,-2592,megawatthours
2025-05-05 19:00:00,CAL,California,OTH,Other,-4172,megawatthours
2025-05-05 20:00:00,CAL,California,OTH,Other,-5394,megawatthours
2025-05-05 21:00:00,CAL,California,OTH,Other,-5341,megawatthours
2025-05-05 22:00:00,CAL,California,OTH,Other,-3814,megawatthours
2025-05-05 23:00:00,CAL,California,OTH,Other,-1735,megawatthours
2025-05-06 00:00:00,CAL,California,OTH,Other,154,megawatthours
2025-05-06 00:00:00,CAL,California,OTH,Other,154,megawatthours
2025-05-06 01:00:00,CAL,California,OTH,Other,-1175,megawatthours
2025-05-06 02:00:00,CAL,California,OTH,Other,-454,megawatthours
2025-05-06 03:00:00,CAL,California,OTH,Other,1872,megawatthours
2025-05-06 04:00:00,CAL,California,OTH,Other,5157,megawatthours
2025-05-06 05:00:00,CAL,California,OTH,Other,5326,megawatthours
2025-05-06 06:00:00,CAL,California,OTH,Other,4467,megawatthours
2025-05-06 07:00:00,CAL,California,OTH,Other,2712,megawatthours
2025-05-06 08:00:00,CAL,California,OTH,Other,728,megawatthours
2025-05-06 09:00:00,CAL,California,OTH,Other,1086,megawatthours
2025-05-06 10:00:00,CAL,California,OTH,Other,277,megawatthours
2025-05-06 11:00:00,CAL,California,OTH,Other,265,megawatthours
2025-05-06 12:00:00,CAL,California,OTH,Other,93,megawatthours
2025-05-06 13:00:00,CAL,California,OTH,Other,571,megawatthours
2025-05-06 14:00:00,CAL,California,OTH,Other,1881,megawatthours
2025-05-06 15:00:00,CAL,California,OTH,Other,1520,megawatthours
2025-05-06 16:00:00,CAL,California,OTH,Other,15,megawatthours
2025-05-06 17:00:00,CAL,California,OTH,Other,-779,megawatthours
2025-05-06 18:00:00,CAL,California,OTH,Other,-1400,megawatthours
2025-05-06 19:00:00,CAL,California,OTH,Other,-1984,megawatthours
2025-05-06 20:00:00,CAL,California,OTH,Other,-3108,megawatthours
2025-05-06 21:00:00,CAL,California,OTH,Other,-3573,megawatthours
2025-05-06 22:00:00,CAL,California,OTH,Other,-4163,megawatthours
2025-05-06 23:00:00,CAL,California,OTH,Other,-4262,megawatthours
2025-05-07 00:00:00,CAL,California,OTH,Other,-3456,megawatthours
2025-05-07 00:00:00,CAL,California,OTH,Other,-3456,megawatthours
2025-05-07 01:00:00,CAL,California,OTH,Other,-2318,megawatthours
2025-05-07 02:00:00,CAL,California,OTH,Other,-887,megawatthours
2025-05-07 03:00:00,CAL,California,OTH,Other,2070,megawatthours
2025-05-07 04:00:00,CAL,California,OTH,Other,5336,megawatthours
2025-05-07 05:00:00,CAL,California,OTH,Other,5667,megawatthours
2025-05-07 06:00:00,CAL,California,OTH,Other,4768,megawatthours
2025-05-07 07:00:00,CAL,California,OTH,Other,3072,megawatthours
2025-05-07 08:00:00,CAL,California,OTH,Other,1057,megawatthours
2025-05-07 09:00:00,CAL,California,OTH,Other,603,megawatthours
2025-05-07 10:00:00,CAL,California,OTH,Other,280,megawatthours
2025-05-07 11:00:00,CAL,California,OTH,Other,101,megawatthours
2025-05-07 12:00:00,CAL,California,OTH,Other,3,megawatthours
2025-05-07 13:00:00,CAL,California,OTH,Other,251,megawatthours
2025-05-07 14:00:00,CAL,California,OTH,Other,1381,megawatthours
2025-05-07 15:00:00,CAL,California,OTH,Other,2313,megawatthours
2025-05-07 16:00:00,CAL,California,OTH,Other,-742,megawatthours
2025-05-07 17:00:00,CAL,California,OTH,Other,-488,megawatthours
2025-05-07 18:00:00,CAL,California,OTH,Other,-2639,megawatthours
2025-05-07 19:00:00,CAL,California,OTH,Other,-4760,megawatthours
2025-05-07 20:00:00,CAL,California,OTH,Other,-6666,megawatthours
2025-05-07 21:00:00,CAL,California,OTH,Other,-6213,megawatthours
2025-05-07 22:00:00,CAL,California,OTH,Other,-5982,megawatthours
2025-05-07 23:00:00,CAL,California,OTH,Other,-4728,megawatthours
2025-05-08 00:00:00,CAL,California,OTH,Other,-3049,megawatthours
2025-05-08 00:00:00,CAL,California,OTH,Other,-3049,megawatthours
2025-05-08 01:00:00,CAL,California,OTH,Other,-1881,megawatthours
2025-05-08 02:00:00,CAL,California,OTH,Other,-417,megawatthours
2025-05-08 03:00:00,CAL,California,OTH,Other,1408,megawatthours
2025-05-08 04:00:00,CAL,California,OTH,Other,6330,megawatthours
2025-05-08 05:00:00,CAL,California,OTH,Other,6925,megawatthours
2025-05-08 06:00:00,CAL,California,OTH,Other,5989,megawatthours
2025-05-08 07:00:00,CAL,California,OTH,Other,4146,megawatthours
2025-05-08 08:00:00,CAL,California,OTH,Other,2244,megawatthours
2025-05-08 09:00:00,CAL,California,OTH,Other,1870,megawatthours
2025-05-08 10:00:00,CAL,California,OTH,Other,1249,megawatthours
2025-05-08 11:00:00,CAL,California,OTH,Other,658,megawatthours
2025-05-08 12:00:00,CAL,California,OTH,Other,358,megawatthours
2025-05-08 13:00:00,CAL,California,OTH,Other,681,megawatthours
2025-05-08 14:00:00,CAL,California,OTH,Other,2005,megawatthours
2025-05-08 15:00:00,CAL,California,OTH,Other,2265,megawatthours
2025-05-08 16:00:00,CAL,California,OTH,Other,-1558,megawatthours
2025-05-08 17:00:00,CAL,California,OTH,Other,-1869,megawatthours
2025-05-08 18:00:00,CAL,California,OTH,Other,-3534,megawatthours
2025-05-08 19:00:00,CAL,California,OTH,Other,-4554,megawatthours
2025-05-08 20:00:00,CAL,California,OTH,Other,-4476,megawatthours
2025-05-08 21:00:00,CAL,California,OTH,Other,-4248,megawatthours
2025-05-08 22:00:00,CAL,California,OTH,Other,-3800,megawatthours
2025-05-08 23:00:00,CAL,California,OTH,Other,-2569,megawatthours
2025-05-09 00:00:00,CAL,California,OTH,Other,-2241,megawatthours
2025-05-09 00:00:00,CAL,California,OTH,Other,-2241,megawatthours
2025-05-09 01:00:00,CAL,California,OTH,Other,-1447,megawatthours
2025-05-09 02:00:00,CAL,California,OTH,Other,-203,megawatthours
2025-05-09 03:00:00,CAL,California,OTH,Other,2778,megawatthours
2025-05-09 04:00:00,CAL,California,OTH,Other,7161,megawatthours
2025-05-09 05:00:00,CAL,California,OTH,Other,7020,megawatthours
2025-05-09 06:00:00,CAL,California,OTH,Other,5626,megawatthours
2025-05-09 07:00:00,CAL,California,OTH,Other,3723,megawatthours
2025-05-09 08:00:00,CAL,California,OTH,Other,1218,megawatthours
2025-05-09 09:00:00,CAL,California,OTH,Other,1430,megawatthours
2025-05-09 10:00:00,CAL,California,OTH,Other,689,megawatthours
2025-05-09 11:00:00,CAL,California,OTH,Other,105,megawatthours
2025-05-09 12:00:00,CAL,California,OTH,Other,-86,megawatthours
2025-05-09 13:00:00,CAL,California,OTH,Other,323,megawatthours
2025-05-09 14:00:00,CAL,California,OTH,Other,720,megawatthours
2025-05-09 15:00:00,CAL,California,OTH,Other,536,megawatthours
2025-05-09 16:00:00,CAL,California,OTH,Other,-2189,megawatthours
2025-05-09 17:00:00,CAL,California,OTH,Other,-3398,megawatthours
2025-05-09 18:00:00,CAL,California,OTH,Other,-4763,megawatthours
2025-05-09 19:00:00,CAL,California,OTH,Other,-5262,megawatthours
2025-05-09 20:00:00,CAL,California,OTH,Other,-5745,megawatthours
2025-05-09 21:00:00,CAL,California,OTH,Other,-5727,megawatthours
2025-05-09 22:00:00,CAL,California,OTH,Other,-4726,megawatthours
2025-05-09 23:00:00,CAL,California,OTH,Other,-2639,megawatthours
2025-05-10 00:00:00,CAL,California,OTH,Other,-1355,megawatthours
2025-05-10 00:00:00,CAL,California,OTH,Other,-1355,megawatthours
2025-05-10 01:00:00,CAL,California,OTH,Other,-71,megawatthours
2025-05-10 02:00:00,CAL,California,OTH,Other,246,megawatthours
2025-05-10 03:00:00,CAL,California,OTH,Other,4481,megawatthours
2025-05-10 04:00:00,CAL,California,OTH,Other,8683,megawatthours
2025-05-10 05:00:00,CAL,California,OTH,Other,7974,megawatthours
2025-05-10 06:00:00,CAL,California,OTH,Other,6850,megawatthours
2025-05-10 07:00:00,CAL,California,OTH,Other,4112,megawatthours
2025-05-10 08:00:00,CAL,California,OTH,Other,1191,megawatthours
2025-05-10 09:00:00,CAL,California,OTH,Other,717,megawatthours
2025-05-10 10:00:00,CAL,California,OTH,Other,344,megawatthours
2025-05-10 11:00:00,CAL,California,OTH,Other,-205,megawatthours
2025-05-10 12:00:00,CAL,California,OTH,Other,-123,megawatthours
2025-05-10 13:00:00,CAL,California,OTH,Other,147,megawatthours
2025-05-10 14:00:00,CAL,California,OTH,Other,454,megawatthours
2025-05-10 15:00:00,CAL,California,OTH,Other,-222,megawatthours
2025-05-10 16:00:00,CAL,California,OTH,Other,-3596,megawatthours
2025-05-10 17:00:00,CAL,California,OTH,Other,-4655,megawatthours
2025-05-10 18:00:00,CAL,California,OTH,Other,-5500,megawatthours
2025-05-10 19:00:00,CAL,California,OTH,Other,-5673,megawatthours
2025-05-10 20:00:00,CAL,California,OTH,Other,-4841,megawatthours
2025-05-10 21:00:00,CAL,California,OTH,Other,-3987,megawatthours
2025-05-10 22:00:00,CAL,California,OTH,Other,-3608,megawatthours
2025-05-10 23:00:00,CAL,California,OTH,Other,-2134,megawatthours
2025-05-11 00:00:00,CAL,California,OTH,Other,-1213,megawatthours
2025-05-11 00:00:00,CAL,California,OTH,Other,-1213,megawatthours
2025-05-11 01:00:00,CAL,California,OTH,Other,-559,megawatthours
2025-05-11 02:00:00,CAL,California,OTH,Other,582,megawatthours
2025-05-11 03:00:00,CAL,California,OTH,Other,5447,megawatthours
2025-05-11 04:00:00,CAL,California,OTH,Other,8748,megawatthours
2025-05-11 05:00:00,CAL,California,OTH,Other,7422,megawatthours
2025-05-11 06:00:00,CAL,California,OTH,Other,6176,megawatthours
2025-05-11 07:00:00,CAL,California,OTH,Other,4022,megawatthours
2025-05-11 08:00:00,CAL,California,OTH,Other,852,megawatthours
2025-05-11 09:00:00,CAL,California,OTH,Other,1056,megawatthours
2025-05-11 10:00:00,CAL,California,OTH,Other,263,megawatthours
2025-05-11 11:00:00,CAL,California,OTH,Other,29,megawatthours
2025-05-11 12:00:00,CAL,California,OTH,Other,160,megawatthours
2025-05-11 13:00:00,CAL,California,OTH,Other,51,megawatthours
2025-05-11 14:00:00,CAL,California,OTH,Other,524,megawatthours
2025-05-11 15:00:00,CAL,California,OTH,Other,240,megawatthours
2025-05-11 16:00:00,CAL,California,OTH,Other,-1064,megawatthours
2025-05-11 17:00:00,CAL,California,OTH,Other,-1943,megawatthours
2025-05-11 18:00:00,CAL,California,OTH,Other,-3283,megawatthours
2025-05-11 19:00:00,CAL,California,OTH,Other,-5180,megawatthours
2025-05-11 20:00:00,CAL,California,OTH,Other,-4489,megawatthours
2025-05-11 21:00:00,CAL,California,OTH,Other,-3644,megawatthours
2025-05-11 22:00:00,CAL,California,OTH,Other,-3471,megawatthours
2025-05-11 23:00:00,CAL,California,OTH,Other,-2310,megawatthours
2025-05-12 00:00:00,CAL,California,OTH,Other,-1338,megawatthours
2025-05-12 00:00:00,CAL,California,OTH,Other,-1338,megawatthours
2025-05-12 01:00:00,CAL,California,OTH,Other,-1335,megawatthours
2025-05-12 02:00:00,CAL,California,OTH,Other,633,megawatthours
2025-05-12 03:00:00,CAL,California,OTH,Other,1958,megawatthours
2025-05-12 04:00:00,CAL,California,OTH,Other,6300,megawatthours
2025-05-12 05:00:00,CAL,California,OTH,Other,6227,megawatthours
2025-05-12 06:00:00,CAL,California,OTH,Other,4904,megawatthours
2025-05-12 07:00:00,CAL,California,OTH,Other,3056,megawatthours
2025-05-12 08:00:00,CAL,California,OTH,Other,1012,megawatthours
2025-05-12 09:00:00,CAL,California,OTH,Other,332,megawatthours
2025-05-12 10:00:00,CAL,California,OTH,Other,383,megawatthours
2025-05-12 11:00:00,CAL,California,OTH,Other,200,megawatthours
2025-05-12 12:00:00,CAL,California,OTH,Other,-200,megawatthours
2025-05-12 13:00:00,CAL,California,OTH,Other,334,megawatthours
2025-05-12 14:00:00,CAL,California,OTH,Other,1603,megawatthours
2025-05-12 15:00:00,CAL,California,OTH,Other,1458,megawatthours
2025-05-12 16:00:00,CAL,California,OTH,Other,-1457,megawatthours
2025-05-12 17:00:00,CAL,California,OTH,Other,-2032,megawatthours
2025-05-12 18:00:00,CAL,California,OTH,Other,-3770,megawatthours
2025-05-12 19:00:00,CAL,California,OTH,Other,-4857,megawatthours
2025-05-12 20:00:00,CAL,California,OTH,Other,-5758,megawatthours
2025-05-12 21:00:00,CAL,California,OTH,Other,-6082,megawatthours
2025-05-12 22:00:00,CAL,California,OTH,Other,-5290,megawatthours
2025-05-12 23:00:00,CAL,California,OTH,Other,-4090,megawatthours
2025-05-13 00:00:00,CAL,California,OTH,Other,-1689,megawatthours
2025-05-13 00:00:00,CAL,California,OTH,Other,-1689,megawatthours
2025-05-13 01:00:00,CAL,California,OTH,Other,-536,megawatthours
2025-05-13 02:00:00,CAL,California,OTH,Other,250,megawatthours
2025-05-13 03:00:00,CAL,California,OTH,Other,1218,megawatthours
2025-05-13 04:00:00,CAL,California,OTH,Other,5681,megawatthours
2025-05-13 05:00:00,CAL,California,OTH,Other,6598,megawatthours
2025-05-13 06:00:00,CAL,California,OTH,Other,5486,megawatthours
2025-05-13 07:00:00,CAL,California,OTH,Other,3524,megawatthours
2025-05-13 08:00:00,CAL,California,OTH,Other,1316,megawatthours
2025-05-13 09:00:00,CAL,California,OTH,Other,1021,megawatthours
2025-05-13 10:00:00,CAL,California,OTH,Other,515,megawatthours
2025-05-13 11:00:00,CAL,California,OTH,Other,353,megawatthours
2025-05-13 12:00:00,CAL,California,OTH,Other,458,megawatthours
2025-05-13 13:00:00,CAL,California,OTH,Other,931,megawatthours
2025-05-13 14:00:00,CAL,California,OTH,Other,3045,megawatthours
2025-05-13 15:00:00,CAL,California,OTH,Other,2424,megawatthours
2025-05-13 16:00:00,CAL,California,OTH,Other,-819,megawatthours
2025-05-13 17:00:00,CAL,California,OTH,Other,-2479,megawatthours
2025-05-13 18:00:00,CAL,California,OTH,Other,-3756,megawatthours
2025-05-13 19:00:00,CAL,California,OTH,Other,-4121,megawatthours
2025-05-13 20:00:00,CAL,California,OTH,Other,-4398,megawatthours
2025-05-13 21:00:00,CAL,California,OTH,Other,-5045,megawatthours
2025-05-13 22:00:00,CAL,California,OTH,Other,-4385,megawatthours
2025-05-13 23:00:00,CAL,California,OTH,Other,-4170,megawatthours
2025-05-14 00:00:00,CAL,California,OTH,Other,-3067,megawatthours
2025-05-14 00:00:00,CAL,California,OTH,Other,-3067,megawatthours
2025-05-14 01:00:00,CAL,California,OTH,Other,-2173,megawatthours
2025-05-14 02:00:00,CAL,California,OTH,Other,-588,megawatthours
2025-05-14 03:00:00,CAL,California,OTH,Other,1761,megawatthours
2025-05-14 04:00:00,CAL,California,OTH,Other,6387,megawatthours
2025-05-14 05:00:00,CAL,California,OTH,Other,7786,megawatthours
2025-05-14 06:00:00,CAL,California,OTH,Other,6948,megawatthours
2025-05-14 07:00:00,CAL,California,OTH,Other,4309,megawatthours
2025-05-14 08:00:00,CAL,California,OTH,Other,2768,megawatthours
2025-05-14 09:00:00,CAL,California,OTH,Other,1254,megawatthours
2025-05-14 10:00:00,CAL,California,OTH,Other,1071,megawatthours
2025-05-14 11:00:00,CAL,California,OTH,Other,313,megawatthours
2025-05-14 12:00:00,CAL,California,OTH,Other,69,megawatthours
2025-05-14 13:00:00,CAL,California,OTH,Other,702,megawatthours
2025-05-14 14:00:00,CAL,California,OTH,Other,1844,megawatthours
2025-05-14 15:00:00,CAL,California,OTH,Other,1536,megawatthours
2025-05-14 16:00:00,CAL,California,OTH,Other,-1557,megawatthours
2025-05-14 17:00:00,CAL,California,OTH,Other,-3367,megawatthours
2025-05-14 18:00:00,CAL,California,OTH,Other,-4382,megawatthours
2025-05-14 19:00:00,CAL,California,OTH,Other,-5195,megawatthours
2025-05-14 20:00:00,CAL,California,OTH,Other,-5211,megawatthours
2025-05-14 21:00:00,CAL,California,OTH,Other,-5319,megawatthours
2025-05-14 22:00:00,CAL,California,OTH,Other,-4902,megawatthours
2025-05-14 23:00:00,CAL,California,OTH,Other,-3504,megawatthours
2025-05-15 00:00:00,CAL,California,OTH,Other,-2410,megawatthours
2025-05-15 00:00:00,CAL,California,OTH,Other,-2410,megawatthours
2025-05-15 01:00:00,CAL,California,OTH,Other,-1566,megawatthours
2025-05-15 02:00:00,CAL,California,OTH,Other,-324,megawatthours
2025-05-15 03:00:00,CAL,California,OTH,Other,1241,megawatthours
2025-05-15 04:00:00,CAL,California,OTH,Other,5932,megawatthours
2025-05-15 05:00:00,CAL,California,OTH,Other,6983,megawatthours
2025-05-15 06:00:00,CAL,California,OTH,Other,6726,megawatthours
2025-05-15 07:00:00,CAL,California,OTH,Other,3592,megawatthours
2025-05-15 08:00:00,CAL,California,OTH,Other,1589,megawatthours
2025-05-15 09:00:00,CAL,California,OTH,Other,1296,megawatthours
2025-05-15 10:00:00,CAL,California,OTH,Other,579,megawatthours
2025-05-15 11:00:00,CAL,California,OTH,Other,206,megawatthours
2025-05-15 12:00:00,CAL,California,OTH,Other,119,megawatthours
2025-05-15 13:00:00,CAL,California,OTH,Other,871,megawatthours
2025-05-15 14:00:00,CAL,California,OTH,Other,3052,megawatthours
2025-05-15 15:00:00,CAL,California,OTH,Other,2614,megawatthours
2025-05-15 16:00:00,CAL,California,OTH,Other,-1214,megawatthours
2025-05-15 17:00:00,CAL,California,OTH,Other,-3117,megawatthours
2025-05-15 18:00:00,CAL,California,OTH,Other,-4360,megawatthours
2025-05-15 19:00:00,CAL,California,OTH,Other,-5057,megawatthours
2025-05-15 20:00:00,CAL,California,OTH,Other,-4832,megawatthours
2025-05-15 21:00:00,CAL,California,OTH,Other,-4445,megawatthours
2025-05-15 22:00:00,CAL,California,OTH,Other,-3934,megawatthours
2025-05-15 23:00:00,CAL,California,OTH,Other,-2883,megawatthours
2025-05-16 00:00:00,CAL,California,OTH,Other,-2569,megawatthours
2025-05-16 00:00:00,CAL,California,OTH,Other,-2569,megawatthours
2025-05-16 01:00:00,CAL,California,OTH,Other,-1175,megawatthours
2025-05-16 02:00:00,CAL,California,OTH,Other,13,megawatthours
2025-05-16 03:00:00,CAL,California,OTH,Other,1805,megawatthours
2025-05-16 04:00:00,CAL,California,OTH,Other,6787,megawatthours
2025-05-16 05:00:00,CAL,California,OTH,Other,7202,megawatthours
2025-05-16 06:00:00,CAL,California,OTH,Other,6553,megawatthours
2025-05-16 07:00:00,CAL,California,OTH,Other,4105,megawatthours
2025-05-16 08:00:00,CAL,California,OTH,Other,2211,megawatthours
2025-05-16 09:00:00,CAL,California,OTH,Other,1449,megawatthours
2025-05-16 10:00:00,CAL,California,OTH,Other,384,megawatthours
2025-05-16 11:00:00,CAL,California,OTH,Other,781,megawatthours
2025-05-16 12:00:00,CAL,California,OTH,Other,651,megawatthours
2025-05-16 13:00:00,CAL,California,OTH,Other,1113,megawatthours
2025-05-16 14:00:00,CAL,California,OTH,Other,2000,megawatthours
2025-05-16 15:00:00,CAL,California,OTH,Other,1100,megawatthours
2025-05-16 16:00:00,CAL,California,OTH,Other,-1227,megawatthours
2025-05-16 17:00:00,CAL,California,OTH,Other,-3030,megawatthours
2025-05-16 18:00:00,CAL,California,OTH,Other,-3505,megawatthours
2025-05-16 19:00:00,CAL,California,OTH,Other,-4597,megawatthours
2025-05-16 20:00:00,CAL,California,OTH,Other,-5469,megawatthours
2025-05-16 21:00:00,CAL,California,OTH,Other,-5756,megawatthours
2025-05-16 22:00:00,CAL,California,OTH,Other,-5088,megawatthours
2025-05-16 23:00:00,CAL,California,OTH,Other,-3671,megawatthours
2025-05-17 00:00:00,CAL,California,OTH,Other,-2778,megawatthours
2025-05-17 00:00:00,CAL,California,OTH,Other,-2778,megawatthours
2025-05-17 01:00:00,CAL,California,OTH,Other,-814,megawatthours
2025-05-17 02:00:00,CAL,California,OTH,Other,-204,megawatthours
2025-05-17 03:00:00,CAL,California,OTH,Other,3122,megawatthours
2025-05-17 04:00:00,CAL,California,OTH,Other,7283,megawatthours
2025-05-17 05:00:00,CAL,California,OTH,Other,8338,megawatthours
2025-05-17 06:00:00,CAL,California,OTH,Other,6576,megawatthours
2025-05-17 07:00:00,CAL,California,OTH,Other,4440,megawatthours
2025-05-17 08:00:00,CAL,California,OTH,Other,2936,megawatthours
2025-05-17 09:00:00,CAL,California,OTH,Other,1804,megawatthours
2025-05-17 10:00:00,CAL,California,OTH,Other,1014,megawatthours
2025-05-17 11:00:00,CAL,California,OTH,Other,165,megawatthours
2025-05-17 12:00:00,CAL,California,OTH,Other,82,megawatthours
2025-05-17 13:00:00,CAL,California,OTH,Other,199,megawatthours
2025-05-17 14:00:00,CAL,California,OTH,Other,358,megawatthours
2025-05-17 15:00:00,CAL,California,OTH,Other,232,megawatthours
2025-05-17 16:00:00,CAL,California,OTH,Other,-811,megawatthours
2025-05-17 17:00:00,CAL,California,OTH,Other,-1004,megawatthours
2025-05-17 18:00:00,CAL,California,OTH,Other,-1919,megawatthours
2025-05-17 19:00:00,CAL,California,OTH,Other,-3308,megawatthours
2025-05-17 20:00:00,CAL,California,OTH,Other,-3945,megawatthours
2025-05-17 21:00:00,CAL,California,OTH,Other,-4605,megawatthours
2025-05-17 22:00:00,CAL,California,OTH,Other,-5434,megawatthours
2025-05-17 23:00:00,CAL,California,OTH,Other,-4991,megawatthours
2025-05-18 00:00:00,CAL,California,OTH,Other,-3804,megawatthours
2025-05-18 00:00:00,CAL,California,OTH,Other,-3804,megawatthours
2025-05-18 01:00:00,CAL,California,OTH,Other,-2432,megawatthours
2025-05-18 02:00:00,CAL,California,OTH,Other,-1418,megawatthours
2025-05-18 03:00:00,CAL,California,OTH,Other,1352,megawatthours
2025-05-18 04:00:00,CAL,California,OTH,Other,5911,megawatthours
2025-05-18 05:00:00,CAL,California,OTH,Other,7156,megawatthours
2025-05-18 06:00:00,CAL,California,OTH,Other,6047,megawatthours
2025-05-18 07:00:00,CAL,California,OTH,Other,3691,megawatthours
2025-05-18 08:00:00,CAL,California,OTH,Other,2060,megawatthours
2025-05-18 09:00:00,CAL,California,OTH,Other,1455,megawatthours
2025-05-18 10:00:00,CAL,California,OTH,Other,778,megawatthours
2025-05-18 11:00:00,CAL,California,OTH,Other,319,megawatthours
2025-05-18 12:00:00,CAL,California,OTH,Other,473,megawatthours
2025-05-18 13:00:00,CAL,California,OTH,Other,641,megawatthours
2025-05-18 14:00:00,CAL,California,OTH,Other,1545,megawatthours
2025-05-18 15:00:00,CAL,California,OTH,Other,277,megawatthours
2025-05-18 16:00:00,CAL,California,OTH,Other,-2063,megawatthours
2025-05-18 17:00:00,CAL,California,OTH,Other,-3705,megawatthours
2025-05-18 18:00:00,CAL,California,OTH,Other,-4259,megawatthours
2025-05-18 19:00:00,CAL,California,OTH,Other,-5130,megawatthours
2025-05-18 20:00:00,CAL,California,OTH,Other,-5008,megawatthours
2025-05-18 21:00:00,CAL,California,OTH,Other,-4941,megawatthours
2025-05-18 22:00:00,CAL,California,OTH,Other,-4970,megawatthours
2025-05-18 23:00:00,CAL,California,OTH,Other,-3501,megawatthours
2025-05-19 00:00:00,CAL,California,OTH,Other,-2534,megawatthours
2025-05-19 00:00:00,CAL,California,OTH,Other,-2534,megawatthours
2025-05-19 01:00:00,CAL,California,OTH,Other,-1372,megawatthours
2025-05-19 02:00:00,CAL,California,OTH,Other,-297,megawatthours
2025-05-19 03:00:00,CAL,California,OTH,Other,1553,megawatthours
2025-05-19 04:00:00,CAL,California,OTH,Other,6188,megawatthours
2025-05-19 05:00:00,CAL,California,OTH,Other,7536,megawatthours
2025-05-19 06:00:00,CAL,California,OTH,Other,6900,megawatthours
2025-05-19 07:00:00,CAL,California,OTH,Other,4149,megawatthours
2025-05-19 08:00:00,CAL,California,OTH,Other,2081,megawatthours
2025-05-19 09:00:00,CAL,California,OTH,Other,1353,megawatthours
2025-05-19 10:00:00,CAL,California,OTH,Other,753,megawatthours
2025-05-19 11:00:00,CAL,California,OTH,Other,970,megawatthours
2025-05-19 12:00:00,CAL,California,OTH,Other,512,megawatthours
2025-05-19 13:00:00,CAL,California,OTH,Other,1302,megawatthours
2025-05-19 14:00:00,CAL,California,OTH,Other,2609,megawatthours
2025-05-19 15:00:00,CAL,California,OTH,Other,1357,megawatthours
2025-05-19 16:00:00,CAL,California,OTH,Other,-1884,megawatthours
2025-05-19 17:00:00,CAL,California,OTH,Other,-3982,megawatthours
2025-05-19 18:00:00,CAL,California,OTH,Other,-5034,megawatthours
2025-05-19 19:00:00,CAL,California,OTH,Other,-5406,megawatthours
2025-05-19 20:00:00,CAL,California,OTH,Other,-5395,megawatthours
2025-05-19 21:00:00,CAL,California,OTH,Other,-4776,megawatthours
2025-05-19 22:00:00,CAL,California,OTH,Other,-3960,megawatthours
2025-05-19 23:00:00,CAL,California,OTH,Other,-3393,megawatthours
2025-05-20 00:00:00,CAL,California,OTH,Other,-2136,megawatthours
2025-05-20 00:00:00,CAL,California,OTH,Other,-2136,megawatthours
2025-05-20 01:00:00,CAL,California,OTH,Other,-1003,megawatthours
2025-05-20 02:00:00,CAL,California,OTH,Other,-464,megawatthours
2025-05-20 03:00:00,CAL,California,OTH,Other,1986,megawatthours
2025-05-20 04:00:00,CAL,California,OTH,Other,7227,megawatthours
2025-05-20 05:00:00,CAL,California,OTH,Other,7820,megawatthours
2025-05-20 06:00:00,CAL,California,OTH,Other,7224,megawatthours
2025-05-20 07:00:00,CAL,California,OTH,Other,4866,megawatthours
2025-05-20 08:00:00,CAL,California,OTH,Other,3070,megawatthours
2025-05-20 09:00:00,CAL,California,OTH,Other,1839,megawatthours
2025-05-20 10:00:00,CAL,California,OTH,Other,628,megawatthours
2025-05-20 11:00:00,CAL,California,OTH,Other,272,megawatthours
2025-05-20 12:00:00,CAL,California,OTH,Other,232,megawatthours
2025-05-20 13:00:00,CAL,California,OTH,Other,474,megawatthours
2025-05-20 14:00:00,CAL,California,OTH,Other,1013,megawatthours
2025-05-20 15:00:00,CAL,California,OTH,Other,315,megawatthours
2025-05-20 16:00:00,CAL,California,OTH,Other,-3105,megawatthours
2025-05-20 17:00:00,CAL,California,OTH,Other,-4401,megawatthours
2025-05-20 18:00:00,CAL,California,OTH,Other,-5098,megawatthours
2025-05-20 19:00:00,CAL,California,OTH,Other,-6102,megawatthours
2025-05-20 20:00:00,CAL,California,OTH,Other,-5503,megawatthours
2025-05-20 21:00:00,CAL,California,OTH,Other,-4950,megawatthours
2025-05-20 22:00:00,CAL,California,OTH,Other,-3933,megawatthours
2025-05-20 23:00:00,CAL,California,OTH,Other,-2723,megawatthours
2025-05-21 00:00:00,CAL,California,OTH,Other,-1639,megawatthours
2025-05-21 00:00:00,CAL,California,OTH,Other,-1639,megawatthours
2025-05-21 01:00:00,CAL,California,OTH,Other,-756,megawatthours
2025-05-21 02:00:00,CAL,California,OTH,Other,228,megawatthours
2025-05-21 03:00:00,CAL,California,OTH,Other,3130,megawatthours
2025-05-21 04:00:00,CAL,California,OTH,Other,9075,megawatthours
2025-05-21 05:00:00,CAL,California,OTH,Other,8761,megawatthours
2025-05-21 06:00:00,CAL,California,OTH,Other,6883,megawatthours
2025-05-21 07:00:00,CAL,California,OTH,Other,3472,megawatthours
2025-05-21 08:00:00,CAL,California,OTH,Other,1513,megawatthours
2025-05-21 09:00:00,CAL,California,OTH,Other,1359,megawatthours
2025-05-21 10:00:00,CAL,California,OTH,Other,-16,megawatthours
2025-05-21 11:00:00,CAL,California,OTH,Other,-252,megawatthours
2025-05-21 12:00:00,CAL,California,OTH,Other,-80,megawatthours
2025-05-21 13:00:00,CAL,California,OTH,Other,559,megawatthours
2025-05-21 14:00:00,CAL,California,OTH,Other,2016,megawatthours
2025-05-21 15:00:00,CAL,California,OTH,Other,953,megawatthours
2025-05-21 16:00:00,CAL,California,OTH,Other,-2296,megawatthours
2025-05-21 17:00:00,CAL,California,OTH,Other,-3879,megawatthours
2025-05-21 18:00:00,CAL,California,OTH,Other,-4633,megawatthours
2025-05-21 19:00:00,CAL,California,OTH,Other,-4729,megawatthours
2025-05-21 20:00:00,CAL,California,OTH,Other,-4847,megawatthours
2025-05-21 21:00:00,CAL,California,OTH,Other,-4659,megawatthours
2025-05-21 22:00:00,CAL,California,OTH,Other,-3911,megawatthours
2025-05-21 23:00:00,CAL,California,OTH,Other,-3421,megawatthours
2025-05-22 00:00:00,CAL,California,OTH,Other,-2104,megawatthours
2025-05-22 00:00:00,CAL,California,OTH,Other,-2104,megawatthours
2025-05-22 01:00:00,CAL,California,OTH,Other,-1542,megawatthours
2025-05-22 02:00:00,CAL,California,OTH,Other,200,megawatthours
2025-05-22 03:00:00,CAL,California,OTH,Other,2920,megawatthours
2025-05-22 04:00:00,CAL,California,OTH,Other,7619,megawatthours
2025-05-22 05:00:00,CAL,California,OTH,Other,7430,megawatthours
2025-05-22 06:00:00,CAL,California,OTH,Other,6178,megawatthours
2025-05-22 07:00:00,CAL,California,OTH,Other,3679,megawatthours
2025-05-22 08:00:00,CAL,California,OTH,Other,1520,megawatthours
2025-05-22 09:00:00,CAL,California,OTH,Other,960,megawatthours
2025-05-22 10:00:00,CAL,California,OTH,Other,530,megawatthours
2025-05-22 11:00:00,CAL,California,OTH,Other,67,megawatthours
2025-05-22 12:00:00,CAL,California,OTH,Other,52,megawatthours
2025-05-22 13:00:00,CAL,California,OTH,Other,537,megawatthours
2025-05-22 14:00:00,CAL,California,OTH,Other,1530,megawatthours
2025-05-22 15:00:00,CAL,California,OTH,Other,774,megawatthours
2025-05-22 16:00:00,CAL,California,OTH,Other,-1565,megawatthours
2025-05-22 17:00:00,CAL,California,OTH,Other,-3409,megawatthours
2025-05-22 18:00:00,CAL,California,OTH,Other,-4779,megawatthours
2025-05-22 19:00:00,CAL,California,OTH,Other,-5368,megawatthours
2025-05-22 20:00:00,CAL,California,OTH,Other,-5502,megawatthours
2025-05-22 21:00:00,CAL,California,OTH,Other,-5709,megawatthours
2025-05-22 22:00:00,CAL,California,OTH,Other,-4920,megawatthours
2025-05-22 23:00:00,CAL,California,OTH,Other,-3012,megawatthours
2025-05-23 00:00:00,CAL,California,OTH,Other,-2537,megawatthours
2025-05-23 00:00:00,CAL,California,OTH,Other,-2537,megawatthours
2025-05-23 01:00:00,CAL,California,OTH,Other,-1607,megawatthours
2025-05-23 02:00:00,CAL,California,OTH,Other,-481,megawatthours
2025-05-23 03:00:00,CAL,California,OTH,Other,2035,megawatthours
2025-05-23 04:00:00,CAL,California,OTH,Other,6836,megawatthours
2025-05-23 05:00:00,CAL,California,OTH,Other,7508,megawatthours
2025-05-23 06:00:00,CAL,California,OTH,Other,6799,megawatthours
2025-05-23 07:00:00,CAL,California,OTH,Other,4649,megawatthours
2025-05-23 08:00:00,CAL,California,OTH,Other,1563,megawatthours
2025-05-23 09:00:00,CAL,California,OTH,Other,1805,megawatthours
2025-05-23 10:00:00,CAL,California,OTH,Other,733,megawatthours
2025-05-23 11:00:00,CAL,California,OTH,Other,192,megawatthours
2025-05-23 12:00:00,CAL,California,OTH,Other,106,megawatthours
2025-05-23 13:00:00,CAL,California,OTH,Other,485,megawatthours
2025-05-23 14:00:00,CAL,California,OTH,Other,1222,megawatthours
2025-05-23 15:00:00,CAL,California,OTH,Other,364,megawatthours
2025-05-23 16:00:00,CAL,California,OTH,Other,-1672,megawatthours
2025-05-23 17:00:00,CAL,California,OTH,Other,-2180,megawatthours
2025-05-23 18:00:00,CAL,California,OTH,Other,-2578,megawatthours
2025-05-23 19:00:00,CAL,California,OTH,Other,-5749,megawatthours
2025-05-23 20:00:00,CAL,California,OTH,Other,-5120,megawatthours
2025-05-23 21:00:00,CAL,California,OTH,Other,-5610,megawatthours
2025-05-23 22:00:00,CAL,California,OTH,Other,-4708,megawatthours
2025-05-23 23:00:00,CAL,California,OTH,Other,-3771,megawatthours
2025-05-24 00:00:00,CAL,California,OTH,Other,-2188,megawatthours
2025-05-24 00:00:00,CAL,California,OTH,Other,-2188,megawatthours
2025-05-24 01:00:00,CAL,California,OTH,Other,-1028,megawatthours
2025-05-24 02:00:00,CAL,California,OTH,Other,196,megawatthours
2025-05-24 03:00:00,CAL,California,OTH,Other,2443,megawatthours
2025-05-24 04:00:00,CAL,California,OTH,Other,7168,megawatthours
2025-05-24 05:00:00,CAL,California,OTH,Other,7638,megawatthours
2025-05-24 06:00:00,CAL,California,OTH,Other,6325,megawatthours
2025-05-24 07:00:00,CAL,California,OTH,Other,3715,megawatthours
2025-05-24 08:00:00,CAL,California,OTH,Other,1419,megawatthours
2025-05-24 09:00:00,CAL,California,OTH,Other,1693,megawatthours
2025-05-24 10:00:00,CAL,California,OTH,Other,904,megawatthours
2025-05-24 11:00:00,CAL,California,OTH,Other,248,megawatthours
2025-05-24 12:00:00,CAL,California,OTH,Other,138,megawatthours
2025-05-24 13:00:00,CAL,California,OTH,Other,229,megawatthours
2025-05-24 14:00:00,CAL,California,OTH,Other,649,megawatthours
2025-05-24 15:00:00,CAL,California,OTH,Other,307,megawatthours
2025-05-24 16:00:00,CAL,California,OTH,Other,-1084,megawatthours
2025-05-24 17:00:00,CAL,California,OTH,Other,-2630,megawatthours
2025-05-24 18:00:00,CAL,California,OTH,Other,-3452,megawatthours
2025-05-24 19:00:00,CAL,California,OTH,Other,-4739,megawatthours
2025-05-24 20:00:00,CAL,California,OTH,Other,-5321,megawatthours
2025-05-24 21:00:00,CAL,California,OTH,Other,-5418,megawatthours
2025-05-24 22:00:00,CAL,California,OTH,Other,-5722,megawatthours
2025-05-24 23:00:00,CAL,California,OTH,Other,-4385,megawatthours
2025-05-25 00:00:00,CAL,California,OTH,Other,-3392,megawatthours
2025-05-25 00:00:00,CAL,California,OTH,Other,-3392,megawatthours
2025-05-25 01:00:00,CAL,California,OTH,Other,-2021,megawatthours
2025-05-25 02:00:00,CAL,California,OTH,Other,-495,megawatthours
2025-05-25 03:00:00,CAL,California,OTH,Other,2849,megawatthours
2025-05-25 04:00:00,CAL,California,OTH,Other,7033,megawatthours
2025-05-25 05:00:00,CAL,California,OTH,Other,7468,megawatthours
2025-05-25 06:00:00,CAL,California,OTH,Other,6846,megawatthours
2025-05-25 07:00:00,CAL,California,OTH,Other,4288,megawatthours
2025-05-25 08:00:00,CAL,California,OTH,Other,3250,megawatthours
2025-05-25 09:00:00,CAL,California,OTH,Other,2077,megawatthours
2025-05-25 10:00:00,CAL,California,OTH,Other,1481,megawatthours
2025-05-25 11:00:00,CAL,California,OTH,Other,659,megawatthours
2025-05-25 12:00:00,CAL,California,OTH,Other,293,megawatthours
2025-05-25 13:00:00,CAL,California,OTH,Other,293,megawatthours
2025-05-25 14:00:00,CAL,California,OTH,Other,782,megawatthours
2025-05-25 15:00:00,CAL,California,OTH,Other,214,megawatthours
2025-05-25 16:00:00,CAL,California,OTH,Other,-2046,megawatthours
2025-05-25 17:00:00,CAL,California,OTH,Other,-3323,megawatthours
2025-05-25 18:00:00,CAL,California,OTH,Other,-4639,megawatthours
2025-05-25 19:00:00,CAL,California,OTH,Other,-5000,megawatthours
2025-05-25 20:00:00,CAL,California,OTH,Other,-4976,megawatthours
2025-05-25 21:00:00,CAL,California,OTH,Other,-5269,megawatthours
2025-05-25 22:00:00,CAL,California,OTH,Other,-4923,megawatthours
2025-05-25 23:00:00,CAL,California,OTH,Other,-3781,megawatthours
2025-05-26 00:00:00,CAL,California,OTH,Other,-2547,megawatthours
2025-05-26 00:00:00,CAL,California,OTH,Other,-2547,megawatthours
2025-05-26 01:00:00,CAL,California,OTH,Other,-1794,megawatthours
2025-05-26 02:00:00,CAL,California,OTH,Other,-256,megawatthours
2025-05-26 03:00:00,CAL,California,OTH,Other,1660,megawatthours
2025-05-26 04:00:00,CAL,California,OTH,Other,6739,megawatthours
2025-05-26 05:00:00,CAL,California,OTH,Other,6943,megawatthours
2025-05-26 06:00:00,CAL,California,OTH,Other,6394,megawatthours
2025-05-26 07:00:00,CAL,California,OTH,Other,4077,megawatthours
2025-05-26 08:00:00,CAL,California,OTH,Other,2585,megawatthours
2025-05-26 09:00:00,CAL,California,OTH,Other,1625,megawatthours
2025-05-26 10:00:00,CAL,California,OTH,Other,802,megawatthours
2025-05-26 11:00:00,CAL,California,OTH,Other,567,megawatthours
2025-05-26 12:00:00,CAL,California,OTH,Other,630,megawatthours
2025-05-26 13:00:00,CAL,California,OTH,Other,1112,megawatthours
2025-05-26 14:00:00,CAL,California,OTH,Other,2167,megawatthours
2025-05-26 15:00:00,CAL,California,OTH,Other,352,megawatthours
2025-05-26 16:00:00,CAL,California,OTH,Other,-2345,megawatthours
2025-05-26 17:00:00,CAL,California,OTH,Other,-3186,megawatthours
2025-05-26 18:00:00,CAL,California,OTH,Other,-4128,megawatthours
2025-05-26 19:00:00,CAL,California,OTH,Other,-4603,megawatthours
2025-05-26 20:00:00,CAL,California,OTH,Other,-4622,megawatthours
2025-05-26 21:00:00,CAL,California,OTH,Other,-4760,megawatthours
2025-05-26 22:00:00,CAL,California,OTH,Other,-4671,megawatthours
2025-05-26 23:00:00,CAL,California,OTH,Other,-3578,megawatthours
2025-05-27 00:00:00,CAL,California,OTH,Other,-2330,megawatthours
2025-05-27 00:00:00,CAL,California,OTH,Other,-2330,megawatthours
2025-05-27 01:00:00,CAL,California,OTH,Other,-1593,megawatthours
2025-05-27 02:00:00,CAL,California,OTH,Other,-301,megawatthours
2025-05-27 03:00:00,CAL,California,OTH,Other,1797,megawatthours
2025-05-27 04:00:00,CAL,California,OTH,Other,6561,megawatthours
2025-05-27 05:00:00,CAL,California,OTH,Other,7462,megawatthours
2025-05-27 06:00:00,CAL,California,OTH,Other,6376,megawatthours
2025-05-27 07:00:00,CAL,California,OTH,Other,4045,megawatthours
2025-05-27 08:00:00,CAL,California,OTH,Other,2211,megawatthours
2025-05-27 09:00:00,CAL,California,OTH,Other,1512,megawatthours
2025-05-27 10:00:00,CAL,California,OTH,Other,926,megawatthours
2025-05-27 11:00:00,CAL,California,OTH,Other,287,megawatthours
2025-05-27 12:00:00,CAL,California,OTH,Other,317,megawatthours
2025-05-27 13:00:00,CAL,California,OTH,Other,821,megawatthours
2025-05-27 14:00:00,CAL,California,OTH,Other,2184,megawatthours
2025-05-27 15:00:00,CAL,California,OTH,Other,1011,megawatthours
2025-05-27 16:00:00,CAL,California,OTH,Other,-1165,megawatthours
2025-05-27 17:00:00,CAL,California,OTH,Other,-2609,megawatthours
2025-05-27 18:00:00,CAL,California,OTH,Other,-3412,megawatthours
2025-05-27 19:00:00,CAL,California,OTH,Other,-4391,megawatthours
2025-05-27 20:00:00,CAL,California,OTH,Other,-4785,megawatthours
2025-05-27 21:00:00,CAL,California,OTH,Other,-5220,megawatthours
2025-05-27 22:00:00,CAL,California,OTH,Other,-4340,megawatthours
2025-05-27 23:00:00,CAL,California,OTH,Other,-3272,megawatthours
2025-05-28 00:00:00,CAL,California,OTH,Other,-1350,megawatthours
2025-05-28 00:00:00,CAL,California,OTH,Other,-1350,megawatthours
2025-05-28 01:00:00,CAL,California,OTH,Other,-779,megawatthours
2025-05-28 02:00:00,CAL,California,OTH,Other,88,megawatthours
2025-05-28 03:00:00,CAL,California,OTH,Other,1941,megawatthours
2025-05-28 04:00:00,CAL,California,OTH,Other,6969,megawatthours
2025-05-28 05:00:00,CAL,California,OTH,Other,7769,megawatthours
2025-05-28 06:00:00,CAL,California,OTH,Other,6653,megawatthours
2025-05-28 07:00:00,CAL,California,OTH,Other,3751,megawatthours
2025-05-28 08:00:00,CAL,California,OTH,Other,1501,megawatthours
2025-05-28 09:00:00,CAL,California,OTH,Other,1123,megawatthours
2025-05-28 10:00:00,CAL,California,OTH,Other,351,megawatthours
2025-05-28 11:00:00,CAL,California,OTH,Other,244,megawatthours
2025-05-28 12:00:00,CAL,California,OTH,Other,418,megawatthours
2025-05-28 13:00:00,CAL,California,OTH,Other,318,megawatthours
2025-05-28 14:00:00,CAL,California,OTH,Other,1430,megawatthours
2025-05-28 15:00:00,CAL,California,OTH,Other,636,megawatthours
2025-05-28 16:00:00,CAL,California,OTH,Other,-1707,megawatthours
2025-05-28 17:00:00,CAL,California,OTH,Other,-3280,megawatthours
2025-05-28 18:00:00,CAL,California,OTH,Other,-3971,megawatthours
2025-05-28 19:00:00,CAL,California,OTH,Other,-5052,megawatthours
2025-05-28 20:00:00,CAL,California,OTH,Other,-5078,megawatthours
2025-05-28 21:00:00,CAL,California,OTH,Other,-3929,megawatthours
2025-05-28 22:00:00,CAL,California,OTH,Other,-2418,megawatthours
2025-05-28 23:00:00,CAL,California,OTH,Other,-857,megawatthours
2025-05-29 00:00:00,CAL,California,OTH,Other,-599,megawatthours
2025-05-29 00:00:00,CAL,California,OTH,Other,-599,megawatthours
2025-05-29 01:00:00,CAL,California,OTH,Other,-676,megawatthours
2025-05-29 02:00:00,CAL,California,OTH,Other,-314,megawatthours
2025-05-29 03:00:00,CAL,California,OTH,Other,2738,megawatthours
2025-05-29 04:00:00,CAL,California,OTH,Other,6606,megawatthours
2025-05-29 05:00:00,CAL,California,OTH,Other,6611,megawatthours
2025-05-29 06:00:00,CAL,California,OTH,Other,4799,megawatthours
2025-05-29 07:00:00,CAL,California,OTH,Other,2850,megawatthours
2025-05-29 08:00:00,CAL,California,OTH,Other,931,megawatthours
2025-05-29 09:00:00,CAL,California,OTH,Other,973,megawatthours
2025-05-29 10:00:00,CAL,California,OTH,Other,73,megawatthours
2025-05-29 11:00:00,CAL,California,OTH,Other,33,megawatthours
2025-05-29 12:00:00,CAL,California,OTH,Other,-46,megawatthours
2025-05-29 13:00:00,CAL,California,OTH,Other,361,megawatthours
2025-05-29 14:00:00,CAL,California,OTH,Other,965,megawatthours
2025-05-29 15:00:00,CAL,California,OTH,Other,214,megawatthours
2025-05-29 16:00:00,CAL,California,OTH,Other,-2320,megawatthours
2025-05-29 17:00:00,CAL,California,OTH,Other,-3128,megawatthours
2025-05-29 18:00:00,CAL,California,OTH,Other,-3827,megawatthours
2025-05-29 19:00:00,CAL,California,OTH,Other,-4327,megawatthours
2025-05-29 20:00:00,CAL,California,OTH,Other,-4514,megawatthours
2025-05-29 21:00:00,CAL,California,OTH,Other,-4533,megawatthours
2025-05-29 22:00:00,CAL,California,OTH,Other,-3429,megawatthours
2025-05-29 23:00:00,CAL,California,OTH,Other,-3569,megawatthours
2025-05-30 00:00:00,CAL,California,OTH,Other,-2327,megawatthours
2025-05-30 00:00:00,CAL,California,OTH,Other,-2327,megawatthours
2025-05-30 01:00:00,CAL,California,OTH,Other,-2107,megawatthours
2025-05-30 02:00:00,CAL,California,OTH,Other,-566,megawatthours
2025-05-30 03:00:00,CAL,California,OTH,Other,1244,megawatthours
2025-05-30 04:00:00,CAL,California,OTH,Other,5386,megawatthours
2025-05-30 05:00:00,CAL,California,OTH,Other,6414,megawatthours
2025-05-30 06:00:00,CAL,California,OTH,Other,5606,megawatthours
2025-05-30 07:00:00,CAL,California,OTH,Other,3495,megawatthours
2025-05-30 08:00:00,CAL,California,OTH,Other,1561,megawatthours
2025-05-30 09:00:00,CAL,California,OTH,Other,1278,megawatthours
2025-05-30 10:00:00,CAL,California,OTH,Other,355,megawatthours
2025-05-30 11:00:00,CAL,California,OTH,Other,19,megawatthours
2025-05-30 12:00:00,CAL,California,OTH,Other,411,megawatthours
2025-05-30 13:00:00,CAL,California,OTH,Other,541,megawatthours
2025-05-30 14:00:00,CAL,California,OTH,Other,1232,megawatthours
2025-05-30 15:00:00,CAL,California,OTH,Other,-500,megawatthours
2025-05-30 16:00:00,CAL,California,OTH,Other,-3518,megawatthours
2025-05-30 17:00:00,CAL,California,OTH,Other,-4871,megawatthours
2025-05-30 18:00:00,CAL,California,OTH,Other,-6098,megawatthours
2025-05-30 19:00:00,CAL,California,OTH,Other,-5750,megawatthours
2025-05-30 20:00:00,CAL,California,OTH,Other,-4490,megawatthours
2025-05-30 21:00:00,CAL,California,OTH,Other,-3700,megawatthours
2025-05-30 22:00:00,CAL,California,OTH,Other,-2727,megawatthours
2025-05-30 23:00:00,CAL,California,OTH,Other,-1404,megawatthours
2025-05-31 00:00:00,CAL,California,OTH,Other,-410,megawatthours
2025-05-31 00:00:00,CAL,California,OTH,Other,-410,megawatthours
2025-05-31 01:00:00,CAL,California,OTH,Other,-371,megawatthours
2025-05-31 02:00:00,CAL,California,OTH,Other,452,megawatthours
2025-05-31 03:00:00,CAL,California,OTH,Other,3498,megawatthours
2025-05-31 04:00:00,CAL,California,OTH,Other,7672,megawatthours
2025-05-31 05:00:00,CAL,California,OTH,Other,7322,megawatthours
2025-05-31 06:00:00,CAL,California,OTH,Other,5805,megawatthours
2025-05-31 07:00:00,CAL,California,OTH,Other,4079,megawatthours
2025-05-31 08:00:00,CAL,California,OTH,Other,1779,megawatthours
2025-05-31 09:00:00,CAL,California,OTH,Other,645,megawatthours
2025-05-31 10:00:00,CAL,California,OTH,Other,67,megawatthours
2025-05-31 11:00:00,CAL,California,OTH,Other,-434,megawatthours
2025-05-31 12:00:00,CAL,California,OTH,Other,-1116,megawatthours
2025-05-31 13:00:00,CAL,California,OTH,Other,-1037,megawatthours
2025-05-31 14:00:00,CAL,California,OTH,Other,-550,megawatthours
2025-05-31 15:00:00,CAL,California,OTH,Other,-672,megawatthours
2025-05-31 16:00:00,CAL,California,OTH,Other,-2523,megawatthours
2025-05-31 17:00:00,CAL,California,OTH,Other,-4599,megawatthours
2025-05-31 18:00:00,CAL,California,OTH,Other,-5545,megawatthours
2025-05-31 19:00:00,CAL,California,OTH,Other,-5504,megawatthours
2025-05-31 20:00:00,CAL,California,OTH,Other,-5082,megawatthours
2025-05-31 21:00:00,CAL,California,OTH,Other,-3713,megawatthours
2025-05-31 22:00:00,CAL,California,OTH,Other,-3338,megawatthours
2025-05-31 23:00:00,CAL,California,OTH,Other,-2021,megawatthours
2025-06-01 00:00:00,CAL,California,OTH,Other,706,megawatthours
2025-06-01 00:00:00,CAL,California,OTH,Other,706,megawatthours
2025-06-01 01:00:00,CAL,California,OTH,Other,467,megawatthours
2025-06-01 02:00:00,CAL,California,OTH,Other,1065,megawatthours
2025-06-01 03:00:00,CAL,California,OTH,Other,4241,megawatthours
2025-06-01 04:00:00,CAL,California,OTH,Other,6687,megawatthours
2025-06-01 05:00:00,CAL,California,OTH,Other,5101,megawatthours
2025-06-01 06:00:00,CAL,California,OTH,Other,4130,megawatthours
2025-06-01 07:00:00,CAL,California,OTH,Other,2611,megawatthours
2025-06-01 08:00:00,CAL,California,OTH,Other,731,megawatthours
2025-06-01 09:00:00,CAL,California,OTH,Other,1169,megawatthours
2025-06-01 10:00:00,CAL,California,OTH,Other,-85,megawatthours
2025-06-01 11:00:00,CAL,California,OTH,Other,-307,megawatthours
2025-06-01 12:00:00,CAL,California,OTH,Other,-60,megawatthours
2025-06-01 13:00:00,CAL,California,OTH,Other,40,megawatthours
2025-06-01 14:00:00,CAL,California,OTH,Other,199,megawatthours
2025-06-01 15:00:00,CAL,California,OTH,Other,-655,megawatthours
2025-06-01 16:00:00,CAL,California,OTH,Other,-1730,megawatthours
2025-06-01 17:00:00,CAL,California,OTH,Other,-2957,megawatthours
2025-06-01 18:00:00,CAL,California,OTH,Other,-3588,megawatthours
2025-06-01 19:00:00,CAL,California,OTH,Other,-4043,megawatthours
2025-06-01 20:00:00,CAL,California,OTH,Other,-4854,megawatthours
2025-06-01 21:00:00,CAL,California,OTH,Other,-4012,megawatthours
2025-06-01 22:00:00,CAL,California,OTH,Other,-1429,megawatthours
2025-06-01 23:00:00,CAL,California,OTH,Other,-493,megawatthours
2025-06-02 00:00:00,CAL,California,OTH,Other,-997,megawatthours
2025-06-02 00:00:00,CAL,California,OTH,Other,-997,megawatthours
2025-06-02 01:00:00,CAL,California,OTH,Other,-1359,megawatthours
2025-06-02 02:00:00,CAL,California,OTH,Other,-375,megawatthours
2025-06-02 03:00:00,CAL,California,OTH,Other,1567,megawatthours
2025-06-02 04:00:00,CAL,California,OTH,Other,5555,megawatthours
2025-06-02 05:00:00,CAL,California,OTH,Other,6160,megawatthours
2025-06-02 06:00:00,CAL,California,OTH,Other,4792,megawatthours
2025-06-02 07:00:00,CAL,California,OTH,Other,2372,megawatthours
2025-06-02 08:00:00,CAL,California,OTH,Other,495,megawatthours
2025-06-02 09:00:00,CAL,California,OTH,Other,1695,megawatthours
2025-06-02 10:00:00,CAL,California,OTH,Other,1281,megawatthours
2025-06-02 11:00:00,CAL,California,OTH,Other,1251,megawatthours
2025-06-02 12:00:00,CAL,California,OTH,Other,424,megawatthours
2025-06-02 13:00:00,CAL,California,OTH,Other,501,megawatthours
2025-06-02 14:00:00,CAL,California,OTH,Other,1272,megawatthours
2025-06-02 15:00:00,CAL,California,OTH,Other,304,megawatthours
2025-06-02 16:00:00,CAL,California,OTH,Other,-1085,megawatthours
2025-06-02 17:00:00,CAL,California,OTH,Other,-1242,megawatthours
2025-06-02 18:00:00,CAL,California,OTH,Other,-2690,megawatthours
2025-06-02 19:00:00,CAL,California,OTH,Other,-3779,megawatthours
2025-06-02 20:00:00,CAL,California,OTH,Other,-4644,megawatthours
2025-06-02 21:00:00,CAL,California,OTH,Other,-5136,megawatthours
2025-06-02 22:00:00,CAL,California,OTH,Other,-4117,megawatthours
2025-06-02 23:00:00,CAL,California,OTH,Other,-3975,megawatthours
2025-06-03 00:00:00,CAL,California,OTH,Other,-2299,megawatthours
2025-06-03 00:00:00,CAL,California,OTH,Other,-2299,megawatthours
2025-06-03 01:00:00,CAL,California,OTH,Other,-1759,megawatthours
2025-06-03 02:00:00,CAL,California,OTH,Other,-384,megawatthours
2025-06-03 03:00:00,CAL,California,OTH,Other,1959,megawatthours
2025-06-03 04:00:00,CAL,California,OTH,Other,7028,megawatthours
2025-06-03 05:00:00,CAL,California,OTH,Other,6157,megawatthours
2025-06-03 06:00:00,CAL,California,OTH,Other,5437,megawatthours
2025-06-03 07:00:00,CAL,California,OTH,Other,3196,megawatthours
2025-06-03 08:00:00,CAL,California,OTH,Other,914,megawatthours
2025-06-03 09:00:00,CAL,California,OTH,Other,659,megawatthours
2025-06-03 10:00:00,CAL,California,OTH,Other,366,megawatthours
2025-06-03 11:00:00,CAL,California,OTH,Other,-228,megawatthours
2025-06-03 12:00:00,CAL,California,OTH,Other,-329,megawatthours
2025-06-03 13:00:00,CAL,California,OTH,Other,-40,megawatthours
2025-06-03 14:00:00,CAL,California,OTH,Other,1073,megawatthours
2025-06-03 15:00:00,CAL,California,OTH,Other,259,megawatthours
2025-06-03 16:00:00,CAL,California,OTH,Other,-648,megawatthours
2025-06-03 17:00:00,CAL,California,OTH,Other,-2777,megawatthours
2025-06-03 18:00:00,CAL,California,OTH,Other,-4604,megawatthours
2025-06-03 19:00:00,CAL,California,OTH,Other,-5825,megawatthours
2025-06-03 20:00:00,CAL,California,OTH,Other,-5564,megawatthours
2025-06-03 21:00:00,CAL,California,OTH,Other,-3707,megawatthours
2025-06-03 22:00:00,CAL,California,OTH,Other,-2160,megawatthours
2025-06-03 23:00:00,CAL,California,OTH,Other,-232,megawatthours
2025-06-04 00:00:00,CAL,California,OTH,Other,374,megawatthours
2025-06-04 00:00:00,CAL,California,OTH,Other,374,megawatthours
2025-06-04 01:00:00,CAL,California,OTH,Other,-52,megawatthours
2025-06-04 02:00:00,CAL,California,OTH,Other,-370,megawatthours
2025-06-04 03:00:00,CAL,California,OTH,Other,1298,megawatthours
2025-06-04 04:00:00,CAL,California,OTH,Other,5129,megawatthours
2025-06-04 05:00:00,CAL,California,OTH,Other,4976,megawatthours
2025-06-04 06:00:00,CAL,California,OTH,Other,4448,megawatthours
2025-06-04 07:00:00,CAL,California,OTH,Other,2867,megawatthours
2025-06-04 08:00:00,CAL,California,OTH,Other,1297,megawatthours
2025-06-04 09:00:00,CAL,California,OTH,Other,983,megawatthours
2025-06-04 10:00:00,CAL,California,OTH,Other,622,megawatthours
2025-06-04 11:00:00,CAL,California,OTH,Other,42,megawatthours
2025-06-04 12:00:00,CAL,California,OTH,Other,-116,megawatthours
2025-06-04 13:00:00,CAL,California,OTH,Other,351,megawatthours
2025-06-04 14:00:00,CAL,California,OTH,Other,1063,megawatthours
2025-06-04 15:00:00,CAL,California,OTH,Other,265,megawatthours
2025-06-04 16:00:00,CAL,California,OTH,Other,-2424,megawatthours
2025-06-04 17:00:00,CAL,California,OTH,Other,-4170,megawatthours
2025-06-04 18:00:00,CAL,California,OTH,Other,-5630,megawatthours
2025-06-04 19:00:00,CAL,California,OTH,Other,-6274,megawatthours
2025-06-04 20:00:00,CAL,California,OTH,Other,-6244,megawatthours
2025-06-04 21:00:00,CAL,California,OTH,Other,-5280,megawatthours
2025-06-04 22:00:00,CAL,California,OTH,Other,-4302,megawatthours
2025-06-04 23:00:00,CAL,California,OTH,Other,-2595,megawatthours
2025-06-05 00:00:00,CAL,California,OTH,Other,-1172,megawatthours
2025-06-05 00:00:00,CAL,California,OTH,Other,-1172,megawatthours
2025-06-05 01:00:00,CAL,California,OTH,Other,-797,megawatthours
2025-06-05 02:00:00,CAL,California,OTH,Other,-234,megawatthours
2025-06-05 03:00:00,CAL,California,OTH,Other,1618,megawatthours
2025-06-05 04:00:00,CAL,California,OTH,Other,6693,megawatthours
2025-06-05 05:00:00,CAL,California,OTH,Other,7918,megawatthours
2025-06-05 06:00:00,CAL,California,OTH,Other,7641,megawatthours
2025-06-05 07:00:00,CAL,California,OTH,Other,5125,megawatthours
2025-06-05 08:00:00,CAL,California,OTH,Other,2410,megawatthours
2025-06-05 09:00:00,CAL,California,OTH,Other,1675,megawatthours
2025-06-05 10:00:00,CAL,California,OTH,Other,1164,megawatthours
2025-06-05 11:00:00,CAL,California,OTH,Other,214,megawatthours
2025-06-05 12:00:00,CAL,California,OTH,Other,61,megawatthours
2025-06-05 13:00:00,CAL,California,OTH,Other,606,megawatthours
2025-06-05 14:00:00,CAL,California,OTH,Other,1404,megawatthours
2025-06-05 15:00:00,CAL,California,OTH,Other,-146,megawatthours
2025-06-05 16:00:00,CAL,California,OTH,Other,-3091,megawatthours
2025-06-05 17:00:00,CAL,California,OTH,Other,-4841,megawatthours
2025-06-05 18:00:00,CAL,California,OTH,Other,-5444,megawatthours
2025-06-05 19:00:00,CAL,California,OTH,Other,-5753,megawatthours
2025-06-05 20:00:00,CAL,California,OTH,Other,-5034,megawatthours
2025-06-05 21:00:00,CAL,California,OTH,Other,-5135,megawatthours
2025-06-05 22:00:00,CAL,California,OTH,Other,-3378,megawatthours
2025-06-05 23:00:00,CAL,California,OTH,Other,-2548,megawatthours
2025-06-06 00:00:00,CAL,California,OTH,Other,-1729,megawatthours
2025-06-06 00:00:00,CAL,California,OTH,Other,-1729,megawatthours
2025-06-06 01:00:00,CAL,California,OTH,Other,-805,megawatthours
2025-06-06 02:00:00,CAL,California,OTH,Other,-237,megawatthours
2025-06-06 03:00:00,CAL,California,OTH,Other,2071,megawatthours
2025-06-06 04:00:00,CAL,California,OTH,Other,7784,megawatthours
2025-06-06 05:00:00,CAL,California,OTH,Other,8803,megawatthours
2025-06-06 06:00:00,CAL,California,OTH,Other,7928,megawatthours
2025-06-06 07:00:00,CAL,California,OTH,Other,4561,megawatthours
2025-06-06 08:00:00,CAL,California,OTH,Other,2711,megawatthours
2025-06-06 09:00:00,CAL,California,OTH,Other,1912,megawatthours
2025-06-06 10:00:00,CAL,California,OTH,Other,743,megawatthours
2025-06-06 11:00:00,CAL,California,OTH,Other,241,megawatthours
2025-06-06 12:00:00,CAL,California,OTH,Other,73,megawatthours
2025-06-06 13:00:00,CAL,California,OTH,Other,126,megawatthours
2025-06-06 14:00:00,CAL,California,OTH,Other,891,megawatthours
2025-06-06 15:00:00,CAL,California,OTH,Other,-343,megawatthours
2025-06-06 16:00:00,CAL,California,OTH,Other,-2846,megawatthours
2025-06-06 17:00:00,CAL,California,OTH,Other,-3723,megawatthours
2025-06-06 18:00:00,CAL,California,OTH,Other,-5300,megawatthours
2025-06-06 19:00:00,CAL,California,OTH,Other,-5454,megawatthours
2025-06-06 20:00:00,CAL,California,OTH,Other,-5397,megawatthours
2025-06-06 21:00:00,CAL,California,OTH,Other,-5677,megawatthours
2025-06-06 22:00:00,CAL,California,OTH,Other,-3902,megawatthours
2025-06-06 23:00:00,CAL,California,OTH,Other,-2576,megawatthours
2025-06-07 00:00:00,CAL,California,OTH,Other,-1453,megawatthours
2025-06-07 00:00:00,CAL,California,OTH,Other,-1453,megawatthours
2025-06-07 01:00:00,CAL,California,OTH,Other,-890,megawatthours
2025-06-07 02:00:00,CAL,California,OTH,Other,-145,megawatthours
2025-06-07 03:00:00,CAL,California,OTH,Other,2032,megawatthours
2025-06-07 04:00:00,CAL,California,OTH,Other,7014,megawatthours
2025-06-07 05:00:00,CAL,California,OTH,Other,7938,megawatthours
2025-06-07 06:00:00,CAL,California,OTH,Other,6572,megawatthours
2025-06-07 07:00:00,CAL,California,OTH,Other,3896,megawatthours
2025-06-07 08:00:00,CAL,California,OTH,Other,2536,megawatthours
2025-06-07 09:00:00,CAL,California,OTH,Other,1900,megawatthours
2025-06-07 10:00:00,CAL,California,OTH,Other,932,megawatthours
2025-06-07 11:00:00,CAL,California,OTH,Other,478,megawatthours
2025-06-07 12:00:00,CAL,California,OTH,Other,317,megawatthours
2025-06-07 13:00:00,CAL,California,OTH,Other,610,megawatthours
2025-06-07 14:00:00,CAL,California,OTH,Other,1510,megawatthours
2025-06-07 15:00:00,CAL,California,OTH,Other,-98,megawatthours
2025-06-07 16:00:00,CAL,California,OTH,Other,-3933,megawatthours
2025-06-07 17:00:00,CAL,California,OTH,Other,-4689,megawatthours
2025-06-07 18:00:00,CAL,California,OTH,Other,-5384,megawatthours
2025-06-07 19:00:00,CAL,California,OTH,Other,-5169,megawatthours
2025-06-07 20:00:00,CAL,California,OTH,Other,-5007,megawatthours
2025-06-07 21:00:00,CAL,California,OTH,Other,-4797,megawatthours
2025-06-07 22:00:00,CAL,California,OTH,Other,-3980,megawatthours
2025-06-07 23:00:00,CAL,California,OTH,Other,-3129,megawatthours
2025-06-08 00:00:00,CAL,California,OTH,Other,-962,megawatthours
2025-06-08 00:00:00,CAL,California,OTH,Other,-962,megawatthours
2025-06-08 01:00:00,CAL,California,OTH,Other,-246,megawatthours
2025-06-08 02:00:00,CAL,California,OTH,Other,240,megawatthours
2025-06-08 03:00:00,CAL,California,OTH,Other,2771,megawatthours
2025-06-08 04:00:00,CAL,California,OTH,Other,8270,megawatthours
2025-06-08 05:00:00,CAL,California,OTH,Other,8519,megawatthours
2025-06-08 06:00:00,CAL,California,OTH,Other,7487,megawatthours
2025-06-08 07:00:00,CAL,California,OTH,Other,3915,megawatthours
2025-06-08 08:00:00,CAL,California,OTH,Other,1924,megawatthours
2025-06-08 09:00:00,CAL,California,OTH,Other,2204,megawatthours
2025-06-08 10:00:00,CAL,California,OTH,Other,958,megawatthours
2025-06-08 11:00:00,CAL,California,OTH,Other,243,megawatthours
2025-06-08 12:00:00,CAL,California,OTH,Other,76,megawatthours
2025-06-08 13:00:00,CAL,California,OTH,Other,94,megawatthours
2025-06-08 14:00:00,CAL,California,OTH,Other,501,megawatthours
2025-06-08 15:00:00,CAL,California,OTH,Other,-481,megawatthours
2025-06-08 16:00:00,CAL,California,OTH,Other,-3901,megawatthours
2025-06-08 17:00:00,CAL,California,OTH,Other,-4281,megawatthours
2025-06-08 18:00:00,CAL,California,OTH,Other,-3857,megawatthours
2025-06-08 19:00:00,CAL,California,OTH,Other,-4641,megawatthours
2025-06-08 20:00:00,CAL,California,OTH,Other,-5570,megawatthours
2025-06-08 21:00:00,CAL,California,OTH,Other,-5191,megawatthours
2025-06-08 22:00:00,CAL,California,OTH,Other,-4623,megawatthours
2025-06-08 23:00:00,CAL,California,OTH,Other,-2695,megawatthours
2025-06-09 00:00:00,CAL,California,OTH,Other,-1432,megawatthours
2025-06-09 00:00:00,CAL,California,OTH,Other,-1432,megawatthours
2025-06-09 01:00:00,CAL,California,OTH,Other,-635,megawatthours
2025-06-09 02:00:00,CAL,California,OTH,Other,215,megawatthours
2025-06-09 03:00:00,CAL,California,OTH,Other,3196,megawatthours
2025-06-09 04:00:00,CAL,California,OTH,Other,8608,megawatthours
2025-06-09 05:00:00,CAL,California,OTH,Other,8342,megawatthours
2025-06-09 06:00:00,CAL,California,OTH,Other,6776,megawatthours
2025-06-09 07:00:00,CAL,California,OTH,Other,3302,megawatthours
2025-06-09 08:00:00,CAL,California,OTH,Other,1565,megawatthours
2025-06-09 09:00:00,CAL,California,OTH,Other,603,megawatthours
2025-06-09 10:00:00,CAL,California,OTH,Other,393,megawatthours
2025-06-09 11:00:00,CAL,California,OTH,Other,152,megawatthours
2025-06-09 12:00:00,CAL,California,OTH,Other,10,megawatthours
2025-06-09 13:00:00,CAL,California,OTH,Other,235,megawatthours
2025-06-09 14:00:00,CAL,California,OTH,Other,1325,megawatthours
2025-06-09 15:00:00,CAL,California,OTH,Other,-549,megawatthours
2025-06-09 16:00:00,CAL,California,OTH,Other,-3652,megawatthours
2025-06-09 17:00:00,CAL,California,OTH,Other,-4942,megawatthours
2025-06-09 18:00:00,CAL,California,OTH,Other,-5274,megawatthours
2025-06-09 19:00:00,CAL,California,OTH,Other,-5361,megawatthours
2025-06-09 20:00:00,CAL,California,OTH,Other,-4571,megawatthours
2025-06-09 21:00:00,CAL,California,OTH,Other,-3934,megawatthours
2025-06-09 22:00:00,CAL,California,OTH,Other,-3131,megawatthours
2025-06-09 23:00:00,CAL,California,OTH,Other,-2385,megawatthours
2025-06-10 00:00:00,CAL,California,OTH,Other,-1425,megawatthours
2025-06-10 00:00:00,CAL,California,OTH,Other,-1425,megawatthours
2025-06-10 01:00:00,CAL,California,OTH,Other,-469,megawatthours
2025-06-10 02:00:00,CAL,California,OTH,Other,252,megawatthours
2025-06-10 03:00:00,CAL,California,OTH,Other,2768,megawatthours
2025-06-10 04:00:00,CAL,California,OTH,Other,8702,megawatthours
2025-06-10 05:00:00,CAL,California,OTH,Other,8284,megawatthours
2025-06-10 06:00:00,CAL,California,OTH,Other,6527,megawatthours
2025-06-10 07:00:00,CAL,California,OTH,Other,3866,megawatthours
2025-06-10 08:00:00,CAL,California,OTH,Other,1396,megawatthours
2025-06-10 09:00:00,CAL,California,OTH,Other,1064,megawatthours
2025-06-10 10:00:00,CAL,California,OTH,Other,505,megawatthours
2025-06-10 11:00:00,CAL,California,OTH,Other,75,megawatthours
2025-06-10 12:00:00,CAL,California,OTH,Other,-202,megawatthours
2025-06-10 13:00:00,CAL,California,OTH,Other,9,megawatthours
2025-06-10 14:00:00,CAL,California,OTH,Other,931,megawatthours
2025-06-10 15:00:00,CAL,California,OTH,Other,-239,megawatthours
2025-06-10 16:00:00,CAL,California,OTH,Other,-2877,megawatthours
2025-06-10 17:00:00,CAL,California,OTH,Other,-4672,megawatthours
2025-06-10 18:00:00,CAL,California,OTH,Other,-5504,megawatthours
2025-06-10 19:00:00,CAL,California,OTH,Other,-5776,megawatthours
2025-06-10 20:00:00,CAL,California,OTH,Other,-5449,megawatthours
2025-06-10 21:00:00,CAL,California,OTH,Other,-4628,megawatthours
2025-06-10 22:00:00,CAL,California,OTH,Other,-3922,megawatthours
2025-06-10 23:00:00,CAL,California,OTH,Other,-2727,megawatthours
2025-06-11 00:00:00,CAL,California,OTH,Other,-1246,megawatthours
2025-06-11 00:00:00,CAL,California,OTH,Other,-1246,megawatthours
2025-06-11 01:00:00,CAL,California,OTH,Other,-163,megawatthours
2025-06-11 02:00:00,CAL,California,OTH,Other,491,megawatthours
2025-06-11 03:00:00,CAL,California,OTH,Other,3678,megawatthours
2025-06-11 04:00:00,CAL,California,OTH,Other,7927,megawatthours
2025-06-11 05:00:00,CAL,California,OTH,Other,7405,megawatthours
2025-06-11 06:00:00,CAL,California,OTH,Other,5811,megawatthours
2025-06-11 07:00:00,CAL,California,OTH,Other,3191,megawatthours
2025-06-11 08:00:00,CAL,California,OTH,Other,1344,megawatthours
2025-06-11 09:00:00,CAL,California,OTH,Other,1903,megawatthours
2025-06-11 10:00:00,CAL,California,OTH,Other,788,megawatthours
2025-06-11 11:00:00,CAL,California,OTH,Other,610,megawatthours
2025-06-11 12:00:00,CAL,California,OTH,Other,531,megawatthours
2025-06-11 13:00:00,CAL,California,OTH,Other,374,megawatthours
2025-06-11 14:00:00,CAL,California,OTH,Other,646,megawatthours
2025-06-11 15:00:00,CAL,California,OTH,Other,-124,megawatthours
2025-06-11 16:00:00,CAL,California,OTH,Other,-2934,megawatthours
2025-06-11 17:00:00,CAL,California,OTH,Other,-4283,megawatthours
2025-06-11 18:00:00,CAL,California,OTH,Other,-5504,megawatthours
2025-06-11 19:00:00,CAL,California,OTH,Other,-5412,megawatthours
2025-06-11 20:00:00,CAL,California,OTH,Other,-5637,megawatthours
2025-06-11 21:00:00,CAL,California,OTH,Other,-5311,megawatthours
2025-06-11 22:00:00,CAL,California,OTH,Other,-4157,megawatthours
2025-06-11 23:00:00,CAL,California,OTH,Other,-2496,megawatthours
2025-06-12 00:00:00,CAL,California,OTH,Other,-1384,megawatthours
2025-06-12 00:00:00,CAL,California,OTH,Other,-1384,megawatthours
2025-06-12 01:00:00,CAL,California,OTH,Other,-757,megawatthours
2025-06-12 02:00:00,CAL,California,OTH,Other,57,megawatthours
2025-06-12 03:00:00,CAL,California,OTH,Other,1683,megawatthours
2025-06-12 04:00:00,CAL,California,OTH,Other,6754,megawatthours
2025-06-12 05:00:00,CAL,California,OTH,Other,8057,megawatthours
2025-06-12 06:00:00,CAL,California,OTH,Other,7146,megawatthours
2025-06-12 07:00:00,CAL,California,OTH,Other,4417,megawatthours
2025-06-12 08:00:00,CAL,California,OTH,Other,1954,megawatthours
2025-06-12 09:00:00,CAL,California,OTH,Other,1716,megawatthours
2025-06-12 10:00:00,CAL,California,OTH,Other,723,megawatthours
2025-06-12 11:00:00,CAL,California,OTH,Other,125,megawatthours
2025-06-12 12:00:00,CAL,California,OTH,Other,-107,megawatthours
2025-06-12 13:00:00,CAL,California,OTH,Other,345,megawatthours
2025-06-12 14:00:00,CAL,California,OTH,Other,1438,megawatthours
2025-06-12 15:00:00,CAL,California,OTH,Other,568,megawatthours
2025-06-12 16:00:00,CAL,California,OTH,Other,-2543,megawatthours
2025-06-12 17:00:00,CAL,California,OTH,Other,-4130,megawatthours
2025-06-12 18:00:00,CAL,California,OTH,Other,-5169,megawatthours
2025-06-12 19:00:00,CAL,California,OTH,Other,-5638,megawatthours
2025-06-12 20:00:00,CAL,California,OTH,Other,-5893,megawatthours
2025-06-12 21:00:00,CAL,California,OTH,Other,-5694,megawatthours
2025-06-12 22:00:00,CAL,California,OTH,Other,-4042,megawatthours
2025-06-12 23:00:00,CAL,California,OTH,Other,-2629,megawatthours
2025-06-13 00:00:00,CAL,California,OTH,Other,-1517,megawatthours
2025-06-13 00:00:00,CAL,California,OTH,Other,-1517,megawatthours
2025-06-13 01:00:00,CAL,California,OTH,Other,-396,megawatthours
2025-06-13 02:00:00,CAL,California,OTH,Other,3,megawatthours
2025-06-13 03:00:00,CAL,California,OTH,Other,1615,megawatthours
2025-06-13 04:00:00,CAL,California,OTH,Other,7021,megawatthours
2025-06-13 05:00:00,CAL,California,OTH,Other,8430,megawatthours
2025-06-13 06:00:00,CAL,California,OTH,Other,8363,megawatthours
2025-06-13 07:00:00,CAL,California,OTH,Other,4850,megawatthours
2025-06-13 08:00:00,CAL,California,OTH,Other,2579,megawatthours
2025-06-13 09:00:00,CAL,California,OTH,Other,1595,megawatthours
2025-06-13 10:00:00,CAL,California,OTH,Other,698,megawatthours
2025-06-13 11:00:00,CAL,California,OTH,Other,46,megawatthours
2025-06-13 12:00:00,CAL,California,OTH,Other,75,megawatthours
2025-06-13 13:00:00,CAL,California,OTH,Other,508,megawatthours
2025-06-13 14:00:00,CAL,California,OTH,Other,1127,megawatthours
2025-06-13 15:00:00,CAL,California,OTH,Other,230,megawatthours
2025-06-13 16:00:00,CAL,California,OTH,Other,-1699,megawatthours
2025-06-13 17:00:00,CAL,California,OTH,Other,-3927,megawatthours
2025-06-13 18:00:00,CAL,California,OTH,Other,-5064,megawatthours
2025-06-13 19:00:00,CAL,California,OTH,Other,-5778,megawatthours
2025-06-13 20:00:00,CAL,California,OTH,Other,-6630,megawatthours
2025-06-13 21:00:00,CAL,California,OTH,Other,-5587,megawatthours
2025-06-13 22:00:00,CAL,California,OTH,Other,-4144,megawatthours
2025-06-13 23:00:00,CAL,California,OTH,Other,-2515,megawatthours
2025-06-14 00:00:00,CAL,California,OTH,Other,-1260,megawatthours
2025-06-14 00:00:00,CAL,California,OTH,Other,-1260,megawatthours
2025-06-14 01:00:00,CAL,California,OTH,Other,-709,megawatthours
2025-06-14 02:00:00,CAL,California,OTH,Other,153,megawatthours
2025-06-14 03:00:00,CAL,California,OTH,Other,1749,megawatthours
2025-06-14 04:00:00,CAL,California,OTH,Other,6831,megawatthours
2025-06-14 05:00:00,CAL,California,OTH,Other,7639,megawatthours
2025-06-14 06:00:00,CAL,California,OTH,Other,6930,megawatthours
2025-06-14 07:00:00,CAL,California,OTH,Other,4615,megawatthours
2025-06-14 08:00:00,CAL,California,OTH,Other,2583,megawatthours
2025-06-14 09:00:00,CAL,California,OTH,Other,1991,megawatthours
2025-06-14 10:00:00,CAL,California,OTH,Other,887,megawatthours
2025-06-14 11:00:00,CAL,California,OTH,Other,174,megawatthours
2025-06-14 12:00:00,CAL,California,OTH,Other,27,megawatthours
2025-06-14 13:00:00,CAL,California,OTH,Other,1135,megawatthours
2025-06-14 14:00:00,CAL,California,OTH,Other,1536,megawatthours
2025-06-14 15:00:00,CAL,California,OTH,Other,-212,megawatthours
2025-06-14 16:00:00,CAL,California,OTH,Other,-3359,megawatthours
2025-06-14 17:00:00,CAL,California,OTH,Other,-5310,megawatthours
2025-06-14 18:00:00,CAL,California,OTH,Other,-5760,megawatthours
2025-06-14 19:00:00,CAL,California,OTH,Other,-6282,megawatthours
2025-06-14 20:00:00,CAL,California,OTH,Other,-5615,megawatthours
2025-06-14 21:00:00,CAL,California,OTH,Other,-3896,megawatthours
2025-06-14 22:00:00,CAL,California,OTH,Other,-2997,megawatthours
2025-06-14 23:00:00,CAL,California,OTH,Other,-1825,megawatthours
2025-06-15 00:00:00,CAL,California,OTH,Other,-1275,megawatthours
2025-06-15 00:00:00,CAL,California,OTH,Other,-1275,megawatthours
2025-06-15 01:00:00,CAL,California,OTH,Other,-60,megawatthours
2025-06-15 02:00:00,CAL,California,OTH,Other,629,megawatthours
2025-06-15 03:00:00,CAL,California,OTH,Other,3580,megawatthours
2025-06-15 04:00:00,CAL,California,OTH,Other,7759,megawatthours
2025-06-15 05:00:00,CAL,California,OTH,Other,8087,megawatthours
2025-06-15 06:00:00,CAL,California,OTH,Other,6483,megawatthours
2025-06-15 07:00:00,CAL,California,OTH,Other,3574,megawatthours
2025-06-15 08:00:00,CAL,California,OTH,Other,1773,megawatthours
2025-06-15 09:00:00,CAL,California,OTH,Other,1136,megawatthours
2025-06-15 10:00:00,CAL,California,OTH,Other,184,megawatthours
2025-06-15 11:00:00,CAL,California,OTH,Other,-1,megawatthours
2025-06-15 12:00:00,CAL,California,OTH,Other,-95,megawatthours
2025-06-15 13:00:00,CAL,California,OTH,Other,400,megawatthours
2025-06-15 14:00:00,CAL,California,OTH,Other,744,megawatthours
2025-06-15 15:00:00,CAL,California,OTH,Other,-916,megawatthours
2025-06-15 16:00:00,CAL,California,OTH,Other,-3994,megawatthours
2025-06-15 17:00:00,CAL,California,OTH,Other,-4796,megawatthours
2025-06-15 18:00:00,CAL,California,OTH,Other,-5401,megawatthours
2025-06-15 19:00:00,CAL,California,OTH,Other,-5407,megawatthours
2025-06-15 20:00:00,CAL,California,OTH,Other,-4944,megawatthours
2025-06-15 21:00:00,CAL,California,OTH,Other,-4278,megawatthours
2025-06-15 22:00:00,CAL,California,OTH,Other,-3023,megawatthours
2025-06-15 23:00:00,CAL,California,OTH,Other,-1514,megawatthours
2025-06-16 00:00:00,CAL,California,OTH,Other,-1069,megawatthours
2025-06-16 00:00:00,CAL,California,OTH,Other,-1069,megawatthours
2025-06-16 01:00:00,CAL,California,OTH,Other,-616,megawatthours
2025-06-16 02:00:00,CAL,California,OTH,Other,657,megawatthours
2025-06-16 03:00:00,CAL,California,OTH,Other,3412,megawatthours
2025-06-16 04:00:00,CAL,California,OTH,Other,8484,megawatthours
2025-06-16 05:00:00,CAL,California,OTH,Other,8617,megawatthours
2025-06-16 06:00:00,CAL,California,OTH,Other,7451,megawatthours
2025-06-16 07:00:00,CAL,California,OTH,Other,3632,megawatthours
2025-06-16 08:00:00,CAL,California,OTH,Other,1254,megawatthours
2025-06-16 09:00:00,CAL,California,OTH,Other,470,megawatthours
2025-06-16 10:00:00,CAL,California,OTH,Other,174,megawatthours
2025-06-16 11:00:00,CAL,California,OTH,Other,48,megawatthours
2025-06-16 12:00:00,CAL,California,OTH,Other,136,megawatthours
2025-06-16 13:00:00,CAL,California,OTH,Other,316,megawatthours
2025-06-16 14:00:00,CAL,California,OTH,Other,559,megawatthours
2025-06-16 15:00:00,CAL,California,OTH,Other,-534,megawatthours
2025-06-16 16:00:00,CAL,California,OTH,Other,-3101,megawatthours
2025-06-16 17:00:00,CAL,California,OTH,Other,-4237,megawatthours
2025-06-16 18:00:00,CAL,California,OTH,Other,-5308,megawatthours
2025-06-16 19:00:00,CAL,California,OTH,Other,-5922,megawatthours
2025-06-16 20:00:00,CAL,California,OTH,Other,-5302,megawatthours
2025-06-16 21:00:00,CAL,California,OTH,Other,-4489,megawatthours
2025-06-16 22:00:00,CAL,California,OTH,Other,-3443,megawatthours
2025-06-16 23:00:00,CAL,California,OTH,Other,-2151,megawatthours
2025-06-17 00:00:00,CAL,California,OTH,Other,-784,megawatthours
2025-06-17 00:00:00,CAL,California,OTH,Other,-784,megawatthours
2025-06-17 01:00:00,CAL,California,OTH,Other,-635,megawatthours
2025-06-17 02:00:00,CAL,California,OTH,Other,177,megawatthours
2025-06-17 03:00:00,CAL,California,OTH,Other,3843,megawatthours
2025-06-17 04:00:00,CAL,California,OTH,Other,8721,megawatthours
2025-06-17 05:00:00,CAL,California,OTH,Other,8618,megawatthours
2025-06-17 06:00:00,CAL,California,OTH,Other,7281,megawatthours
2025-06-17 07:00:00,CAL,California,OTH,Other,3949,megawatthours
2025-06-17 08:00:00,CAL,California,OTH,Other,1349,megawatthours
2025-06-17 09:00:00,CAL,California,OTH,Other,668,megawatthours
2025-06-17 10:00:00,CAL,California,OTH,Other,172,megawatthours
2025-06-17 11:00:00,CAL,California,OTH,Other,-16,megawatthours
2025-06-17 12:00:00,CAL,California,OTH,Other,-130,megawatthours
2025-06-17 13:00:00,CAL,California,OTH,Other,-145,megawatthours
2025-06-17 14:00:00,CAL,California,OTH,Other,241,megawatthours
2025-06-17 15:00:00,CAL,California,OTH,Other,-610,megawatthours
2025-06-17 16:00:00,CAL,California,OTH,Other,-4230,megawatthours
2025-06-17 17:00:00,CAL,California,OTH,Other,-6183,megawatthours
2025-06-17 18:00:00,CAL,California,OTH,Other,-6364,megawatthours
2025-06-17 19:00:00,CAL,California,OTH,Other,-6019,megawatthours
2025-06-17 20:00:00,CAL,California,OTH,Other,-4894,megawatthours
2025-06-17 21:00:00,CAL,California,OTH,Other,-3529,megawatthours
2025-06-17 22:00:00,CAL,California,OTH,Other,-2474,megawatthours
2025-06-17 23:00:00,CAL,California,OTH,Other,-1330,megawatthours
2025-06-18 00:00:00,CAL,California,OTH,Other,-477,megawatthours
2025-06-18 00:00:00,CAL,California,OTH,Other,-477,megawatthours
2025-06-18 01:00:00,CAL,California,OTH,Other,-445,megawatthours
2025-06-18 02:00:00,CAL,California,OTH,Other,-30,megawatthours
2025-06-18 03:00:00,CAL,California,OTH,Other,3725,megawatthours
2025-06-18 04:00:00,CAL,California,OTH,Other,9276,megawatthours
2025-06-18 05:00:00,CAL,California,OTH,Other,9672,megawatthours
2025-06-18 06:00:00,CAL,California,OTH,Other,7886,megawatthours
2025-06-18 07:00:00,CAL,California,OTH,Other,3635,megawatthours
2025-06-18 08:00:00,CAL,California,OTH,Other,769,megawatthours
2025-06-18 09:00:00,CAL,California,OTH,Other,683,megawatthours
2025-06-18 10:00:00,CAL,California,OTH,Other,41,megawatthours
2025-06-18 11:00:00,CAL,California,OTH,Other,-724,megawatthours
2025-06-18 12:00:00,CAL,California,OTH,Other,-914,megawatthours
2025-06-18 13:00:00,CAL,California,OTH,Other,-609,megawatthours
2025-06-18 14:00:00,CAL,California,OTH,Other,-12,megawatthours
2025-06-18 15:00:00,CAL,California,OTH,Other,-896,megawatthours
2025-06-18 16:00:00,CAL,California,OTH,Other,-4229,megawatthours
2025-06-18 17:00:00,CAL,California,OTH,Other,-5627,megawatthours
2025-06-18 18:00:00,CAL,California,OTH,Other,-5760,megawatthours
2025-06-18 19:00:00,CAL,California,OTH,Other,-5572,megawatthours
2025-06-18 20:00:00,CAL,California,OTH,Other,-5158,megawatthours
2025-06-18 21:00:00,CAL,California,OTH,Other,-4085,megawatthours
2025-06-18 22:00:00,CAL,California,OTH,Other,-2785,megawatthours
2025-06-18 23:00:00,CAL,California,OTH,Other,-985,megawatthours
2025-06-19 00:00:00,CAL,California,OTH,Other,-266,megawatthours
2025-06-19 00:00:00,CAL,California,OTH,Other,-266,megawatthours
2025-06-19 01:00:00,CAL,California,OTH,Other,-75,megawatthours
2025-06-19 02:00:00,CAL,California,OTH,Other,337,megawatthours
2025-06-19 03:00:00,CAL,California,OTH,Other,3999,megawatthours
2025-06-19 04:00:00,CAL,California,OTH,Other,8196,megawatthours
2025-06-19 05:00:00,CAL,California,OTH,Other,8241,megawatthours
2025-06-19 06:00:00,CAL,California,OTH,Other,6363,megawatthours
2025-06-19 07:00:00,CAL,California,OTH,Other,2801,megawatthours
2025-06-19 08:00:00,CAL,California,OTH,Other,1663,megawatthours
2025-06-19 09:00:00,CAL,California,OTH,Other,1496,megawatthours
2025-06-19 10:00:00,CAL,California,OTH,Other,453,megawatthours
2025-06-19 11:00:00,CAL,California,OTH,Other,-14,megawatthours
2025-06-19 12:00:00,CAL,California,OTH,Other,2,megawatthours
2025-06-19 13:00:00,CAL,California,OTH,Other,218,megawatthours
2025-06-19 14:00:00,CAL,California,OTH,Other,920,megawatthours
2025-06-19 15:00:00,CAL,California,OTH,Other,-463,megawatthours
2025-06-19 16:00:00,CAL,California,OTH,Other,-3389,megawatthours
2025-06-19 17:00:00,CAL,California,OTH,Other,-4531,megawatthours
2025-06-19 18:00:00,CAL,California,OTH,Other,-4789,megawatthours
2025-06-19 19:00:00,CAL,California,OTH,Other,-5096,megawatthours
2025-06-19 20:00:00,CAL,California,OTH,Other,-5017,megawatthours
2025-06-19 21:00:00,CAL,California,OTH,Other,-4291,megawatthours
2025-06-19 22:00:00,CAL,California,OTH,Other,-3307,megawatthours
2025-06-19 23:00:00,CAL,California,OTH,Other,-2458,megawatthours
2025-06-20 00:00:00,CAL,California,OTH,Other,-1263,megawatthours
2025-06-20 00:00:00,CAL,California,OTH,Other,-1263,megawatthours
2025-06-20 01:00:00,CAL,California,OTH,Other,-510,megawatthours
2025-06-20 02:00:00,CAL,California,OTH,Other,309,megawatthours
2025-06-20 03:00:00,CAL,California,OTH,Other,2814,megawatthours
2025-06-20 04:00:00,CAL,California,OTH,Other,6947,megawatthours
2025-06-20 05:00:00,CAL,California,OTH,Other,7805,megawatthours
2025-06-20 06:00:00,CAL,California,OTH,Other,6339,megawatthours
2025-06-20 07:00:00,CAL,California,OTH,Other,3030,megawatthours
2025-06-20 08:00:00,CAL,California,OTH,Other,1522,megawatthours
2025-06-20 09:00:00,CAL,California,OTH,Other,2071,megawatthours
2025-06-20 10:00:00,CAL,California,OTH,Other,1122,megawatthours
2025-06-20 11:00:00,CAL,California,OTH,Other,663,megawatthours
2025-06-20 12:00:00,CAL,California,OTH,Other,428,megawatthours
2025-06-20 13:00:00,CAL,California,OTH,Other,503,megawatthours
2025-06-20 14:00:00,CAL,California,OTH,Other,953,megawatthours
2025-06-20 15:00:00,CAL,California,OTH,Other,62,megawatthours
2025-06-20 16:00:00,CAL,California,OTH,Other,-2337,megawatthours
2025-06-20 17:00:00,CAL,California,OTH,Other,-4699,megawatthours
2025-06-20 18:00:00,CAL,California,OTH,Other,-5774,megawatthours
2025-06-20 19:00:00,CAL,California,OTH,Other,-6078,megawatthours
2025-06-20 20:00:00,CAL,California,OTH,Other,-6420,megawatthours
2025-06-20 21:00:00,CAL,California,OTH,Other,-4817,megawatthours
2025-06-20 22:00:00,CAL,California,OTH,Other,-3706,megawatthours
2025-06-20 23:00:00,CAL,California,OTH,Other,-2081,megawatthours
2025-06-21 00:00:00,CAL,California,OTH,Other,-893,megawatthours
2025-06-21 00:00:00,CAL,California,OTH,Other,-893,megawatthours
2025-06-21 01:00:00,CAL,California,OTH,Other,-454,megawatthours
2025-06-21 02:00:00,CAL,California,OTH,Other,-14,megawatthours
2025-06-21 03:00:00,CAL,California,OTH,Other,1348,megawatthours
2025-06-21 04:00:00,CAL,California,OTH,Other,6719,megawatthours
2025-06-21 05:00:00,CAL,California,OTH,Other,8255,megawatthours
2025-06-21 06:00:00,CAL,California,OTH,Other,7826,megawatthours
2025-06-21 07:00:00,CAL,California,OTH,Other,4702,megawatthours
2025-06-21 08:00:00,CAL,California,OTH,Other,2786,megawatthours
2025-06-21 09:00:00,CAL,California,OTH,Other,1959,megawatthours
2025-06-21 10:00:00,CAL,California,OTH,Other,1045,megawatthours
2025-06-21 11:00:00,CAL,California,OTH,Other,259,megawatthours
2025-06-21 12:00:00,CAL,California,OTH,Other,552,megawatthours
2025-06-21 13:00:00,CAL,California,OTH,Other,817,megawatthours
2025-06-21 14:00:00,CAL,California,OTH,Other,866,megawatthours
2025-06-21 15:00:00,CAL,California,OTH,Other,85,megawatthours
2025-06-21 16:00:00,CAL,California,OTH,Other,-2510,megawatthours
2025-06-21 17:00:00,CAL,California,OTH,Other,-3872,megawatthours
2025-06-21 18:00:00,CAL,California,OTH,Other,-4692,megawatthours
2025-06-21 19:00:00,CAL,California,OTH,Other,-5203,megawatthours
2025-06-21 20:00:00,CAL,California,OTH,Other,-6116,megawatthours
2025-06-21 21:00:00,CAL,California,OTH,Other,-5882,megawatthours
2025-06-21 22:00:00,CAL,California,OTH,Other,-4998,megawatthours
2025-06-21 23:00:00,CAL,California,OTH,Other,-3453,megawatthours
2025-06-22 00:00:00,CAL,California,OTH,Other,-2065,megawatthours
2025-06-22 00:00:00,CAL,California,OTH,Other,-2065,megawatthours
2025-06-22 01:00:00,CAL,California,OTH,Other,-609,megawatthours
2025-06-22 02:00:00,CAL,California,OTH,Other,287,megawatthours
2025-06-22 03:00:00,CAL,California,OTH,Other,1749,megawatthours
2025-06-22 04:00:00,CAL,California,OTH,Other,6053,megawatthours
2025-06-22 05:00:00,CAL,California,OTH,Other,7965,megawatthours
2025-06-22 06:00:00,CAL,California,OTH,Other,7117,megawatthours
2025-06-22 07:00:00,CAL,California,OTH,Other,5403,megawatthours
2025-06-22 08:00:00,CAL,California,OTH,Other,3466,megawatthours
2025-06-22 09:00:00,CAL,California,OTH,Other,2440,megawatthours
2025-06-22 10:00:00,CAL,California,OTH,Other,1409,megawatthours
2025-06-22 11:00:00,CAL,California,OTH,Other,215,megawatthours
2025-06-22 12:00:00,CAL,California,OTH,Other,160,megawatthours
2025-06-22 13:00:00,CAL,California,OTH,Other,824,megawatthours
2025-06-22 14:00:00,CAL,California,OTH,Other,1397,megawatthours
2025-06-22 15:00:00,CAL,California,OTH,Other,187,megawatthours
2025-06-22 16:00:00,CAL,California,OTH,Other,-2338,megawatthours
2025-06-22 17:00:00,CAL,California,OTH,Other,-4791,megawatthours
2025-06-22 18:00:00,CAL,California,OTH,Other,-6110,megawatthours
2025-06-22 19:00:00,CAL,California,OTH,Other,-5923,megawatthours
2025-06-22 20:00:00,CAL,California,OTH,Other,-5865,megawatthours
2025-06-22 21:00:00,CAL,California,OTH,Other,-5636,megawatthours
2025-06-22 22:00:00,CAL,California,OTH,Other,-4297,megawatthours
2025-06-22 23:00:00,CAL,California,OTH,Other,-3029,megawatthours
2025-06-23 00:00:00,CAL,California,OTH,Other,-1299,megawatthours
2025-06-23 00:00:00,CAL,California,OTH,Other,-1299,megawatthours
2025-06-23 01:00:00,CAL,California,OTH,Other,-437,megawatthours
2025-06-23 02:00:00,CAL,California,OTH,Other,-19,megawatthours
2025-06-23 03:00:00,CAL,California,OTH,Other,1208,megawatthours
2025-06-23 04:00:00,CAL,California,OTH,Other,6645,megawatthours
2025-06-23 05:00:00,CAL,California,OTH,Other,8218,megawatthours
2025-06-23 06:00:00,CAL,California,OTH,Other,7318,megawatthours
2025-06-23 07:00:00,CAL,California,OTH,Other,4372,megawatthours
2025-06-23 08:00:00,CAL,California,OTH,Other,2263,megawatthours
2025-06-23 09:00:00,CAL,California,OTH,Other,2057,megawatthours
2025-06-23 10:00:00,CAL,California,OTH,Other,722,megawatthours
2025-06-23 11:00:00,CAL,California,OTH,Other,232,megawatthours
2025-06-23 12:00:00,CAL,California,OTH,Other,445,megawatthours
2025-06-23 13:00:00,CAL,California,OTH,Other,763,megawatthours
2025-06-23 14:00:00,CAL,California,OTH,Other,1436,megawatthours
2025-06-23 15:00:00,CAL,California,OTH,Other,263,megawatthours
2025-06-23 16:00:00,CAL,California,OTH,Other,-1644,megawatthours
2025-06-23 17:00:00,CAL,California,OTH,Other,-3346,megawatthours
2025-06-23 18:00:00,CAL,California,OTH,Other,-4630,megawatthours
2025-06-23 19:00:00,CAL,California,OTH,Other,-5533,megawatthours
2025-06-23 20:00:00,CAL,California,OTH,Other,-5781,megawatthours
2025-06-23 21:00:00,CAL,California,OTH,Other,-5493,megawatthours
2025-06-23 22:00:00,CAL,California,OTH,Other,-4946,megawatthours
2025-06-23 23:00:00,CAL,California,OTH,Other,-3467,megawatthours
2025-06-24 00:00:00,CAL,California,OTH,Other,-2129,megawatthours
2025-06-24 00:00:00,CAL,California,OTH,Other,-2129,megawatthours
2025-06-24 01:00:00,CAL,California,OTH,Other,-981,megawatthours
2025-06-24 02:00:00,CAL,California,OTH,Other,4,megawatthours
2025-06-24 03:00:00,CAL,California,OTH,Other,2114,megawatthours
2025-06-24 04:00:00,CAL,California,OTH,Other,7065,megawatthours
2025-06-24 05:00:00,CAL,California,OTH,Other,8173,megawatthours
2025-06-24 06:00:00,CAL,California,OTH,Other,7088,megawatthours
2025-06-24 07:00:00,CAL,California,OTH,Other,4664,megawatthours
2025-06-24 08:00:00,CAL,California,OTH,Other,2166,megawatthours
2025-06-24 09:00:00,CAL,California,OTH,Other,1680,megawatthours
2025-06-24 10:00:00,CAL,California,OTH,Other,625,megawatthours
2025-06-24 11:00:00,CAL,California,OTH,Other,-67,megawatthours
2025-06-24 12:00:00,CAL,California,OTH,Other,4,megawatthours
2025-06-24 13:00:00,CAL,California,OTH,Other,112,megawatthours
2025-06-24 14:00:00,CAL,California,OTH,Other,773,megawatthours
2025-06-24 15:00:00,CAL,California,OTH,Other,-124,megawatthours
2025-06-24 16:00:00,CAL,California,OTH,Other,-1786,megawatthours
2025-06-24 17:00:00,CAL,California,OTH,Other,-3987,megawatthours
2025-06-24 18:00:00,CAL,California,OTH,Other,-4971,megawatthours
2025-06-24 19:00:00,CAL,California,OTH,Other,-6229,megawatthours
2025-06-24 20:00:00,CAL,California,OTH,Other,-6250,megawatthours
2025-06-24 21:00:00,CAL,California,OTH,Other,-5422,megawatthours
2025-06-24 22:00:00,CAL,California,OTH,Other,-4995,megawatthours
2025-06-24 23:00:00,CAL,California,OTH,Other,-3510,megawatthours
2025-06-25 00:00:00,CAL,California,OTH,Other,-1980,megawatthours
2025-06-25 00:00:00,CAL,California,OTH,Other,-1980,megawatthours
2025-06-25 01:00:00,CAL,California,OTH,Other,-609,megawatthours
2025-06-25 02:00:00,CAL,California,OTH,Other,285,megawatthours
2025-06-25 03:00:00,CAL,California,OTH,Other,1758,megawatthours
2025-06-25 04:00:00,CAL,California,OTH,Other,6951,megawatthours
2025-06-25 05:00:00,CAL,California,OTH,Other,8187,megawatthours
2025-06-25 06:00:00,CAL,California,OTH,Other,7770,megawatthours
2025-06-25 07:00:00,CAL,California,OTH,Other,4550,megawatthours
2025-06-25 08:00:00,CAL,California,OTH,Other,2942,megawatthours
2025-06-25 09:00:00,CAL,California,OTH,Other,1321,megawatthours
2025-06-25 10:00:00,CAL,California,OTH,Other,486,megawatthours
2025-06-25 11:00:00,CAL,California,OTH,Other,92,megawatthours
2025-06-25 12:00:00,CAL,California,OTH,Other,-61,megawatthours
2025-06-25 13:00:00,CAL,California,OTH,Other,82,megawatthours
2025-06-25 14:00:00,CAL,California,OTH,Other,1447,megawatthours
2025-06-25 15:00:00,CAL,California,OTH,Other,57,megawatthours
2025-06-25 16:00:00,CAL,California,OTH,Other,-2240,megawatthours
2025-06-25 17:00:00,CAL,California,OTH,Other,-4797,megawatthours
2025-06-25 18:00:00,CAL,California,OTH,Other,-6045,megawatthours
2025-06-25 19:00:00,CAL,California,OTH,Other,-6250,megawatthours
2025-06-25 20:00:00,CAL,California,OTH,Other,-6521,megawatthours
2025-06-25 21:00:00,CAL,California,OTH,Other,-5389,megawatthours
2025-06-25 22:00:00,CAL,California,OTH,Other,-3227,megawatthours
2025-06-25 23:00:00,CAL,California,OTH,Other,-1733,megawatthours
2025-06-26 00:00:00,CAL,California,OTH,Other,-985,megawatthours
2025-06-26 00:00:00,CAL,California,OTH,Other,-985,megawatthours
2025-06-26 01:00:00,CAL,California,OTH,Other,-403,megawatthours
2025-06-26 02:00:00,CAL,California,OTH,Other,129,megawatthours
2025-06-26 03:00:00,CAL,California,OTH,Other,2259,megawatthours
2025-06-26 04:00:00,CAL,California,OTH,Other,8197,megawatthours
2025-06-26 05:00:00,CAL,California,OTH,Other,8900,megawatthours
2025-06-26 06:00:00,CAL,California,OTH,Other,7195,megawatthours
2025-06-26 07:00:00,CAL,California,OTH,Other,4029,megawatthours
2025-06-26 08:00:00,CAL,California,OTH,Other,1678,megawatthours
2025-06-26 09:00:00,CAL,California,OTH,Other,1011,megawatthours
2025-06-26 10:00:00,CAL,California,OTH,Other,105,megawatthours
2025-06-26 11:00:00,CAL,California,OTH,Other,-41,megawatthours
2025-06-26 12:00:00,CAL,California,OTH,Other,-63,megawatthours
2025-06-26 13:00:00,CAL,California,OTH,Other,218,megawatthours
2025-06-26 14:00:00,CAL,California,OTH,Other,1412,megawatthours
2025-06-26 15:00:00,CAL,California,OTH,Other,349,megawatthours
2025-06-26 16:00:00,CAL,California,OTH,Other,-2652,megawatthours
2025-06-26 17:00:00,CAL,California,OTH,Other,-4477,megawatthours
2025-06-26 18:00:00,CAL,California,OTH,Other,-5943,megawatthours
2025-06-26 19:00:00,CAL,California,OTH,Other,-5568,megawatthours
2025-06-26 20:00:00,CAL,California,OTH,Other,-5816,megawatthours
2025-06-26 21:00:00,CAL,California,OTH,Other,-4386,megawatthours
2025-06-26 22:00:00,CAL,California,OTH,Other,-4030,megawatthours
2025-06-26 23:00:00,CAL,California,OTH,Other,-2224,megawatthours
2025-06-27 00:00:00,CAL,California,OTH,Other,-1337,megawatthours
2025-06-27 00:00:00,CAL,California,OTH,Other,-1337,megawatthours
2025-06-27 01:00:00,CAL,California,OTH,Other,-389,megawatthours
2025-06-27 02:00:00,CAL,California,OTH,Other,484,megawatthours
2025-06-27 03:00:00,CAL,California,OTH,Other,1962,megawatthours
2025-06-27 04:00:00,CAL,California,OTH,Other,7499,megawatthours
2025-06-27 05:00:00,CAL,California,OTH,Other,8782,megawatthours
2025-06-27 06:00:00,CAL,California,OTH,Other,7555,megawatthours
2025-06-27 07:00:00,CAL,California,OTH,Other,4245,megawatthours
2025-06-27 08:00:00,CAL,California,OTH,Other,2164,megawatthours
2025-06-27 09:00:00,CAL,California,OTH,Other,1339,megawatthours
2025-06-27 10:00:00,CAL,California,OTH,Other,373,megawatthours
2025-06-27 11:00:00,CAL,California,OTH,Other,155,megawatthours
2025-06-27 12:00:00,CAL,California,OTH,Other,139,megawatthours
2025-06-27 13:00:00,CAL,California,OTH,Other,279,megawatthours
2025-06-27 14:00:00,CAL,California,OTH,Other,1242,megawatthours
2025-06-27 15:00:00,CAL,California,OTH,Other,137,megawatthours
2025-06-27 16:00:00,CAL,California,OTH,Other,-2349,megawatthours
2025-06-27 17:00:00,CAL,California,OTH,Other,-4734,megawatthours
2025-06-27 18:00:00,CAL,California,OTH,Other,-5882,megawatthours
2025-06-27 19:00:00,CAL,California,OTH,Other,-5870,megawatthours
2025-06-27 20:00:00,CAL,California,OTH,Other,-6277,megawatthours
2025-06-27 21:00:00,CAL,California,OTH,Other,-4911,megawatthours
2025-06-27 22:00:00,CAL,California,OTH,Other,-3290,megawatthours
2025-06-27 23:00:00,CAL,California,OTH,Other,-1385,megawatthours
2025-06-28 00:00:00,CAL,California,OTH,Other,-979,megawatthours
2025-06-28 00:00:00,CAL,California,OTH,Other,-979,megawatthours
2025-06-28 01:00:00,CAL,California,OTH,Other,-643,megawatthours
2025-06-28 02:00:00,CAL,California,OTH,Other,496,megawatthours
2025-06-28 03:00:00,CAL,California,OTH,Other,2857,megawatthours
2025-06-28 04:00:00,CAL,California,OTH,Other,7558,megawatthours
2025-06-28 05:00:00,CAL,California,OTH,Other,7848,megawatthours
2025-06-28 06:00:00,CAL,California,OTH,Other,6762,megawatthours
2025-06-28 07:00:00,CAL,California,OTH,Other,3944,megawatthours
2025-06-28 08:00:00,CAL,California,OTH,Other,2459,megawatthours
2025-06-28 09:00:00,CAL,California,OTH,Other,1629,megawatthours
2025-06-28 10:00:00,CAL,California,OTH,Other,683,megawatthours
2025-06-28 11:00:00,CAL,California,OTH,Other,172,megawatthours
2025-06-28 12:00:00,CAL,California,OTH,Other,306,megawatthours
2025-06-28 13:00:00,CAL,California,OTH,Other,237,megawatthours
2025-06-28 14:00:00,CAL,California,OTH,Other,489,megawatthours
2025-06-28 15:00:00,CAL,California,OTH,Other,-978,megawatthours
2025-06-28 16:00:00,CAL,California,OTH,Other,-3530,megawatthours
2025-06-28 17:00:00,CAL,California,OTH,Other,-5838,megawatthours
2025-06-28 18:00:00,CAL,California,OTH,Other,-6183,megawatthours
2025-06-28 19:00:00,CAL,California,OTH,Other,-5404,megawatthours
2025-06-28 20:00:00,CAL,California,OTH,Other,-5338,megawatthours
2025-06-28 21:00:00,CAL,California,OTH,Other,-3921,megawatthours
2025-06-28 22:00:00,CAL,California,OTH,Other,-2939,megawatthours
2025-06-28 23:00:00,CAL,California,OTH,Other,-1296,megawatthours
2025-06-29 00:00:00,CAL,California,OTH,Other,-814,megawatthours
2025-06-29 00:00:00,CAL,California,OTH,Other,-814,megawatthours
2025-06-29 01:00:00,CAL,California,OTH,Other,-271,megawatthours
2025-06-29 02:00:00,CAL,California,OTH,Other,622,megawatthours
2025-06-29 03:00:00,CAL,California,OTH,Other,3232,megawatthours
2025-06-29 04:00:00,CAL,California,OTH,Other,8790,megawatthours
2025-06-29 05:00:00,CAL,California,OTH,Other,8091,megawatthours
2025-06-29 06:00:00,CAL,California,OTH,Other,6823,megawatthours
2025-06-29 07:00:00,CAL,California,OTH,Other,3988,megawatthours
2025-06-29 08:00:00,CAL,California,OTH,Other,1839,megawatthours
2025-06-29 09:00:00,CAL,California,OTH,Other,1418,megawatthours
2025-06-29 10:00:00,CAL,California,OTH,Other,284,megawatthours
2025-06-29 11:00:00,CAL,California,OTH,Other,76,megawatthours
2025-06-29 12:00:00,CAL,California,OTH,Other,-60,megawatthours
2025-06-29 13:00:00,CAL,California,OTH,Other,-33,megawatthours
2025-06-29 14:00:00,CAL,California,OTH,Other,446,megawatthours
2025-06-29 15:00:00,CAL,California,OTH,Other,-575,megawatthours
2025-06-29 16:00:00,CAL,California,OTH,Other,-4110,megawatthours
2025-06-29 17:00:00,CAL,California,OTH,Other,-5755,megawatthours
2025-06-29 18:00:00,CAL,California,OTH,Other,-6359,megawatthours
2025-06-29 19:00:00,CAL,California,OTH,Other,-6193,megawatthours
2025-06-29 20:00:00,CAL,California,OTH,Other,-5160,megawatthours
2025-06-29 21:00:00,CAL,California,OTH,Other,-4039,megawatthours
2025-06-29 22:00:00,CAL,California,OTH,Other,-2815,megawatthours
2025-06-29 23:00:00,CAL,California,OTH,Other,-1785,megawatthours
2025-06-30 00:00:00,CAL,California,OTH,Other,545,megawatthours
2025-06-30 00:00:00,CAL,California,OTH,Other,545,megawatthours
2025-06-30 01:00:00,CAL,California,OTH,Other,705,megawatthours
2025-06-30 02:00:00,CAL,California,OTH,Other,147,megawatthours
2025-06-30 03:00:00,CAL,California,OTH,Other,2954,megawatthours
2025-06-30 04:00:00,CAL,California,OTH,Other,8168,megawatthours
2025-06-30 05:00:00,CAL,California,OTH,Other,8547,megawatthours
2025-06-30 06:00:00,CAL,California,OTH,Other,7132,megawatthours
2025-06-30 07:00:00,CAL,California,OTH,Other,3918,megawatthours
2025-06-30 08:00:00,CAL,California,OTH,Other,1717,megawatthours
2025-06-30 09:00:00,CAL,California,OTH,Other,211,megawatthours
2025-06-30 10:00:00,CAL,California,OTH,Other,-762,megawatthours
2025-06-30 11:00:00,CAL,California,OTH,Other,-794,megawatthours
2025-06-30 12:00:00,CAL,California,OTH,Other,-511,megawatthours
2025-06-30 13:00:00,CAL,California,OTH,Other,-161,megawatthours
2025-06-30 14:00:00,CAL,California,OTH,Other,222,megawatthours
2025-06-30 15:00:00,CAL,California,OTH,Other,-367,megawatthours
2025-06-30 16:00:00,CAL,California,OTH,Other,-3307,megawatthours
2025-06-30 17:00:00,CAL,California,OTH,Other,-5661,megawatthours
2025-06-30 18:00:00,CAL,California,OTH,Other,-5816,megawatthours
2025-06-30 19:00:00,CAL,California,OTH,Other,-5810,megawatthours
2025-06-30 20:00:00,CAL,California,OTH,Other,-4493,megawatthours
2025-06-30 21:00:00,CAL,California,OTH,Other,-3413,megawatthours
2025-06-30 22:00:00,CAL,California,OTH,Other,-2110,megawatthours
2025-06-30 23:00:00,CAL,California,OTH,Other,-592,megawatthours
2025-07-01 00:00:00,CAL,California,OTH,Other,368,megawatthours
2025-07-01 00:00:00,CAL,California,OTH,Other,368,megawatthours
2025-07-01 01:00:00,CAL,California,OTH,Other,6,megawatthours
2025-07-01 02:00:00,CAL,California,OTH,Other,936,megawatthours
2025-07-01 03:00:00,CAL,California,OTH,Other,4019,megawatthours
2025-07-01 04:00:00,CAL,California,OTH,Other,8327,megawatthours
2025-07-01 05:00:00,CAL,California,OTH,Other,8571,megawatthours
2025-07-01 06:00:00,CAL,California,OTH,Other,7255,megawatthours
2025-07-01 07:00:00,CAL,California,OTH,Other,3657,megawatthours
2025-07-01 08:00:00,CAL,California,OTH,Other,486,megawatthours
2025-07-01 09:00:00,CAL,California,OTH,Other,351,megawatthours
2025-07-01 10:00:00,CAL,California,OTH,Other,135,megawatthours
2025-07-01 11:00:00,CAL,California,OTH,Other,-100,megawatthours
2025-07-01 12:00:00,CAL,California,OTH,Other,-40,megawatthours
2025-07-01 13:00:00,CAL,California,OTH,Other,30,megawatthours
2025-07-01 14:00:00,CAL,California,OTH,Other,563,megawatthours
2025-07-01 15:00:00,CAL,California,OTH,Other,641,megawatthours
2025-07-01 16:00:00,CAL,California,OTH,Other,-1851,megawatthours
2025-07-01 17:00:00,CAL,California,OTH,Other,-3775,megawatthours
2025-07-01 18:00:00,CAL,California,OTH,Other,-4097,megawatthours
2025-07-01 19:00:00,CAL,California,OTH,Other,-4549,megawatthours
2025-07-01 20:00:00,CAL,California,OTH,Other,-3729,megawatthours
2025-07-01 21:00:00,CAL,California,OTH,Other,-2477,megawatthours
2025-07-01 22:00:00,CAL,California,OTH,Other,-1006,megawatthours
2025-07-01 23:00:00,CAL,California,OTH,Other,-1039,megawatthours
2025-07-02 00:00:00,CAL,California,OTH,Other,-793,megawatthours
2025-07-02 00:00:00,CAL,California,OTH,Other,-793,megawatthours
2025-07-02 01:00:00,CAL,California,OTH,Other,-198,megawatthours
2025-07-02 02:00:00,CAL,California,OTH,Other,-581,megawatthours
2025-07-02 03:00:00,CAL,California,OTH,Other,2017,megawatthours
2025-07-02 04:00:00,CAL,California,OTH,Other,6433,megawatthours
2025-07-02 05:00:00,CAL,California,OTH,Other,6186,megawatthours
2025-07-02 06:00:00,CAL,California,OTH,Other,4972,megawatthours
2025-07-02 07:00:00,CAL,California,OTH,Other,2507,megawatthours
2025-07-02 08:00:00,CAL,California,OTH,Other,1593,megawatthours
2025-07-02 09:00:00,CAL,California,OTH,Other,961,megawatthours
2025-07-02 10:00:00,CAL,California,OTH,Other,-305,megawatthours
2025-07-02 11:00:00,CAL,California,OTH,Other,-816,megawatthours
2025-07-02 12:00:00,CAL,California,OTH,Other,-857,megawatthours
2025-07-02 13:00:00,CAL,California,OTH,Other,-837,megawatthours
2025-07-02 14:00:00,CAL,California,OTH,Other,226,megawatthours
2025-07-02 15:00:00,CAL,California,OTH,Other,212,megawatthours
2025-07-02 16:00:00,CAL,California,OTH,Other,-1787,megawatthours
2025-07-02 17:00:00,CAL,California,OTH,Other,-4491,megawatthours
2025-07-02 18:00:00,CAL,California,OTH,Other,-4850,megawatthours
2025-07-02 19:00:00,CAL,California,OTH,Other,-4748,megawatthours
2025-07-02 20:00:00,CAL,California,OTH,Other,-5672,megawatthours
2025-07-02 21:00:00,CAL,California,OTH,Other,-4799,megawatthours
2025-07-02 22:00:00,CAL,California,OTH,Other,-3203,megawatthours
2025-07-02 23:00:00,CAL,California,OTH,Other,-2543,megawatthours
2025-07-03 00:00:00,CAL,California,OTH,Other,-1395,megawatthours
2025-07-03 00:00:00,CAL,California,OTH,Other,-1395,megawatthours
2025-07-03 01:00:00,CAL,California,OTH,Other,-510,megawatthours
2025-07-03 02:00:00,CAL,California,OTH,Other,-626,megawatthours
2025-07-03 03:00:00,CAL,California,OTH,Other,1616,megawatthours
2025-07-03 04:00:00,CAL,California,OTH,Other,6595,megawatthours
2025-07-03 05:00:00,CAL,California,OTH,Other,7399,megawatthours
2025-07-03 06:00:00,CAL,California,OTH,Other,6664,megawatthours
2025-07-03 07:00:00,CAL,California,OTH,Other,3555,megawatthours
2025-07-03 08:00:00,CAL,California,OTH,Other,2281,megawatthours
2025-07-03 09:00:00,CAL,California,OTH,Other,1301,megawatthours
2025-07-03 10:00:00,CAL,California,OTH,Other,872,megawatthours
2025-07-03 11:00:00,CAL,California,OTH,Other,344,megawatthours
2025-07-03 12:00:00,CAL,California,OTH,Other,301,megawatthours
2025-07-03 13:00:00,CAL,California,OTH,Other,740,megawatthours
2025-07-03 14:00:00,CAL,California,OTH,Other,1599,megawatthours
2025-07-03 15:00:00,CAL,California,OTH,Other,837,megawatthours
2025-07-03 16:00:00,CAL,California,OTH,Other,-2305,megawatthours
2025-07-03 17:00:00,CAL,California,OTH,Other,-4376,megawatthours
2025-07-03 18:00:00,CAL,California,OTH,Other,-5490,megawatthours
2025-07-03 19:00:00,CAL,California,OTH,Other,-6315,megawatthours
2025-07-03 20:00:00,CAL,California,OTH,Other,-5960,megawatthours
2025-07-03 21:00:00,CAL,California,OTH,Other,-4089,megawatthours
2025-07-03 22:00:00,CAL,California,OTH,Other,-2638,megawatthours
2025-07-03 23:00:00,CAL,California,OTH,Other,-1182,megawatthours
2025-07-04 00:00:00,CAL,California,OTH,Other,-874,megawatthours
2025-07-04 00:00:00,CAL,California,OTH,Other,-874,megawatthours
2025-07-04 01:00:00,CAL,California,OTH,Other,-260,megawatthours
2025-07-04 02:00:00,CAL,California,OTH,Other,-398,megawatthours
2025-07-04 03:00:00,CAL,California,OTH,Other,1472,megawatthours
2025-07-04 04:00:00,CAL,California,OTH,Other,6262,megawatthours
2025-07-04 05:00:00,CAL,California,OTH,Other,7552,megawatthours
2025-07-04 06:00:00,CAL,California,OTH,Other,6817,megawatthours
2025-07-04 07:00:00,CAL,California,OTH,Other,3293,megawatthours
2025-07-04 08:00:00,CAL,California,OTH,Other,2050,megawatthours
2025-07-04 09:00:00,CAL,California,OTH,Other,2681,megawatthours
2025-07-04 10:00:00,CAL,California,OTH,Other,2027,megawatthours
2025-07-04 11:00:00,CAL,California,OTH,Other,862,megawatthours
2025-07-04 12:00:00,CAL,California,OTH,Other,545,megawatthours
2025-07-04 13:00:00,CAL,California,OTH,Other,308,megawatthours
2025-07-04 14:00:00,CAL,California,OTH,Other,788,megawatthours
2025-07-04 15:00:00,CAL,California,OTH,Other,-12,megawatthours
2025-07-04 16:00:00,CAL,California,OTH,Other,-3080,megawatthours
2025-07-04 17:00:00,CAL,California,OTH,Other,-5531,megawatthours
2025-07-04 18:00:00,CAL,California,OTH,Other,-6297,megawatthours
2025-07-04 19:00:00,CAL,California,OTH,Other,-5388,megawatthours
2025-07-04 20:00:00,CAL,California,OTH,Other,-5568,megawatthours
2025-07-04 21:00:00,CAL,California,OTH,Other,-4681,megawatthours
2025-07-04 22:00:00,CAL,California,OTH,Other,-3844,megawatthours
2025-07-04 23:00:00,CAL,California,OTH,Other,-2017,megawatthours
2025-07-05 00:00:00,CAL,California,OTH,Other,-1034,megawatthours
2025-07-05 00:00:00,CAL,California,OTH,Other,-1034,megawatthours
2025-07-05 01:00:00,CAL,California,OTH,Other,-234,megawatthours
2025-07-05 02:00:00,CAL,California,OTH,Other,117,megawatthours
2025-07-05 03:00:00,CAL,California,OTH,Other,1737,megawatthours
2025-07-05 04:00:00,CAL,California,OTH,Other,7737,megawatthours
2025-07-05 05:00:00,CAL,California,OTH,Other,8553,megawatthours
2025-07-05 06:00:00,CAL,California,OTH,Other,8007,megawatthours
2025-07-05 07:00:00,CAL,California,OTH,Other,4984,megawatthours
2025-07-05 08:00:00,CAL,California,OTH,Other,3503,megawatthours
2025-07-05 09:00:00,CAL,California,OTH,Other,1891,megawatthours
2025-07-05 10:00:00,CAL,California,OTH,Other,595,megawatthours
2025-07-05 11:00:00,CAL,California,OTH,Other,179,megawatthours
2025-07-05 12:00:00,CAL,California,OTH,Other,24,megawatthours
2025-07-05 13:00:00,CAL,California,OTH,Other,-53,megawatthours
2025-07-05 14:00:00,CAL,California,OTH,Other,525,megawatthours
2025-07-05 15:00:00,CAL,California,OTH,Other,-445,megawatthours
2025-07-05 16:00:00,CAL,California,OTH,Other,-2417,megawatthours
2025-07-05 17:00:00,CAL,California,OTH,Other,-4853,megawatthours
2025-07-05 18:00:00,CAL,California,OTH,Other,-5499,megawatthours
2025-07-05 19:00:00,CAL,California,OTH,Other,-5850,megawatthours
2025-07-05 20:00:00,CAL,California,OTH,Other,-5541,megawatthours
2025-07-05 21:00:00,CAL,California,OTH,Other,-5195,megawatthours
2025-07-05 22:00:00,CAL,California,OTH,Other,-4105,megawatthours
2025-07-05 23:00:00,CAL,California,OTH,Other,-1984,megawatthours
2025-07-06 00:00:00,CAL,California,OTH,Other,-917,megawatthours
2025-07-06 00:00:00,CAL,California,OTH,Other,-917,megawatthours
2025-07-06 01:00:00,CAL,California,OTH,Other,-62,megawatthours
2025-07-06 02:00:00,CAL,California,OTH,Other,1195,megawatthours
2025-07-06 03:00:00,CAL,California,OTH,Other,3222,megawatthours
2025-07-06 04:00:00,CAL,California,OTH,Other,8088,megawatthours
2025-07-06 05:00:00,CAL,California,OTH,Other,8239,megawatthours
2025-07-06 06:00:00,CAL,California,OTH,Other,7341,megawatthours
2025-07-06 07:00:00,CAL,California,OTH,Other,3964,megawatthours
2025-07-06 08:00:00,CAL,California,OTH,Other,2194,megawatthours
2025-07-06 09:00:00,CAL,California,OTH,Other,1508,megawatthours
2025-07-06 10:00:00,CAL,California,OTH,Other,555,megawatthours
2025-07-06 11:00:00,CAL,California,OTH,Other,-8,megawatthours
2025-07-06 12:00:00,CAL,California,OTH,Other,7,megawatthours
2025-07-06 13:00:00,CAL,California,OTH,Other,180,megawatthours
2025-07-06 14:00:00,CAL,California,OTH,Other,319,megawatthours
2025-07-06 15:00:00,CAL,California,OTH,Other,-771,megawatthours
2025-07-06 16:00:00,CAL,California,OTH,Other,-2697,megawatthours
2025-07-06 17:00:00,CAL,California,OTH,Other,-4485,megawatthours
2025-07-06 18:00:00,CAL,California,OTH,Other,-5877,megawatthours
2025-07-06 19:00:00,CAL,California,OTH,Other,-6564,megawatthours
2025-07-06 20:00:00,CAL,California,OTH,Other,-5844,megawatthours
2025-07-06 21:00:00,CAL,California,OTH,Other,-4895,megawatthours
2025-07-06 22:00:00,CAL,California,OTH,Other,-2953,megawatthours
2025-07-06 23:00:00,CAL,California,OTH,Other,-1600,megawatthours
2025-07-07 00:00:00,CAL,California,OTH,Other,-574,megawatthours
2025-07-07 00:00:00,CAL,California,OTH,Other,-574,megawatthours
2025-07-07 01:00:00,CAL,California,OTH,Other,-197,megawatthours
2025-07-07 02:00:00,CAL,California,OTH,Other,413,megawatthours
2025-07-07 03:00:00,CAL,California,OTH,Other,2407,megawatthours
2025-07-07 04:00:00,CAL,California,OTH,Other,8292,megawatthours
2025-07-07 05:00:00,CAL,California,OTH,Other,8927,megawatthours
2025-07-07 06:00:00,CAL,California,OTH,Other,7566,megawatthours
2025-07-07 07:00:00,CAL,California,OTH,Other,4073,megawatthours
2025-07-07 08:00:00,CAL,California,OTH,Other,1682,megawatthours
2025-07-07 09:00:00,CAL,California,OTH,Other,622,megawatthours
2025-07-07 10:00:00,CAL,California,OTH,Other,-238,megawatthours
2025-07-07 11:00:00,CAL,California,OTH,Other,-877,megawatthours
2025-07-07 12:00:00,CAL,California,OTH,Other,-980,megawatthours
2025-07-07 13:00:00,CAL,California,OTH,Other,-618,megawatthours
2025-07-07 14:00:00,CAL,California,OTH,Other,97,megawatthours
2025-07-07 15:00:00,CAL,California,OTH,Other,128,megawatthours
2025-07-07 16:00:00,CAL,California,OTH,Other,-2926,megawatthours
2025-07-07 17:00:00,CAL,California,OTH,Other,-5205,megawatthours
2025-07-07 18:00:00,CAL,California,OTH,Other,-5984,megawatthours
2025-07-07 19:00:00,CAL,California,OTH,Other,-6089,megawatthours
2025-07-07 20:00:00,CAL,California,OTH,Other,-4551,megawatthours
2025-07-07 21:00:00,CAL,California,OTH,Other,-3739,megawatthours
2025-07-07 22:00:00,CAL,California,OTH,Other,-3011,megawatthours
2025-07-07 23:00:00,CAL,California,OTH,Other,-1231,megawatthours
2025-07-08 00:00:00,CAL,California,OTH,Other,-318,megawatthours
2025-07-08 00:00:00,CAL,California,OTH,Other,-318,megawatthours
2025-07-08 01:00:00,CAL,California,OTH,Other,49,megawatthours
2025-07-08 02:00:00,CAL,California,OTH,Other,321,megawatthours
2025-07-08 03:00:00,CAL,California,OTH,Other,3821,megawatthours
2025-07-08 04:00:00,CAL,California,OTH,Other,8922,megawatthours
2025-07-08 05:00:00,CAL,California,OTH,Other,9310,megawatthours
2025-07-08 06:00:00,CAL,California,OTH,Other,7806,megawatthours
2025-07-08 07:00:00,CAL,California,OTH,Other,3874,megawatthours
2025-07-08 08:00:00,CAL,California,OTH,Other,1499,megawatthours
2025-07-08 09:00:00,CAL,California,OTH,Other,998,megawatthours
2025-07-08 10:00:00,CAL,California,OTH,Other,221,megawatthours
2025-07-08 11:00:00,CAL,California,OTH,Other,46,megawatthours
2025-07-08 12:00:00,CAL,California,OTH,Other,-369,megawatthours
2025-07-08 13:00:00,CAL,California,OTH,Other,-335,megawatthours
2025-07-08 14:00:00,CAL,California,OTH,Other,148,megawatthours
2025-07-08 15:00:00,CAL,California,OTH,Other,-170,megawatthours
2025-07-08 16:00:00,CAL,California,OTH,Other,-2744,megawatthours
2025-07-08 17:00:00,CAL,California,OTH,Other,-5536,megawatthours
2025-07-08 18:00:00,CAL,California,OTH,Other,-6195,megawatthours
2025-07-08 19:00:00,CAL,California,OTH,Other,-6546,megawatthours
2025-07-08 20:00:00,CAL,California,OTH,Other,-6812,megawatthours
2025-07-08 21:00:00,CAL,California,OTH,Other,-4729,megawatthours
2025-07-08 22:00:00,CAL,California,OTH,Other,-3060,megawatthours
2025-07-08 23:00:00,CAL,California,OTH,Other,-813,megawatthours
2025-07-09 00:00:00,CAL,California,OTH,Other,25,megawatthours
2025-07-09 00:00:00,CAL,California,OTH,Other,25,megawatthours
2025-07-09 01:00:00,CAL,California,OTH,Other,53,megawatthours
2025-07-09 02:00:00,CAL,California,OTH,Other,862,megawatthours
2025-07-09 03:00:00,CAL,California,OTH,Other,4260,megawatthours
2025-07-09 04:00:00,CAL,California,OTH,Other,8464,megawatthours
2025-07-09 05:00:00,CAL,California,OTH,Other,8514,megawatthours
2025-07-09 06:00:00,CAL,California,OTH,Other,7017,megawatthours
2025-07-09 07:00:00,CAL,California,OTH,Other,3045,megawatthours
2025-07-09 08:00:00,CAL,California,OTH,Other,1340,megawatthours
2025-07-09 09:00:00,CAL,California,OTH,Other,776,megawatthours
2025-07-09 10:00:00,CAL,California,OTH,Other,51,megawatthours
2025-07-09 11:00:00,CAL,California,OTH,Other,-21,megawatthours
2025-07-09 12:00:00,CAL,California,OTH,Other,-397,megawatthours
2025-07-09 13:00:00,CAL,California,OTH,Other,-307,megawatthours
2025-07-09 14:00:00,CAL,California,OTH,Other,167,megawatthours
2025-07-09 15:00:00,CAL,California,OTH,Other,-340,megawatthours
2025-07-09 16:00:00,CAL,California,OTH,Other,-4069,megawatthours
2025-07-09 17:00:00,CAL,California,OTH,Other,-5726,megawatthours
2025-07-09 18:00:00,CAL,California,OTH,Other,-6053,megawatthours
2025-07-09 19:00:00,CAL,California,OTH,Other,-5089,megawatthours
2025-07-09 20:00:00,CAL,California,OTH,Other,-4894,megawatthours
2025-07-09 21:00:00,CAL,California,OTH,Other,-4403,megawatthours
2025-07-09 22:00:00,CAL,California,OTH,Other,-2010,megawatthours
2025-07-09 23:00:00,CAL,California,OTH,Other,-849,megawatthours
2025-07-10 00:00:00,CAL,California,OTH,Other,209,megawatthours
2025-07-10 00:00:00,CAL,California,OTH,Other,209,megawatthours
2025-07-10 01:00:00,CAL,California,OTH,Other,-24,megawatthours
2025-07-10 02:00:00,CAL,California,OTH,Other,376,megawatthours
2025-07-10 03:00:00,CAL,California,OTH,Other,4078,megawatthours
2025-07-10 04:00:00,CAL,California,OTH,Other,8198,megawatthours
2025-07-10 05:00:00,CAL,California,OTH,Other,8234,megawatthours
2025-07-10 06:00:00,CAL,California,OTH,Other,6686,megawatthours
2025-07-10 07:00:00,CAL,California,OTH,Other,2979,megawatthours
2025-07-10 08:00:00,CAL,California,OTH,Other,1508,megawatthours
2025-07-10 09:00:00,CAL,California,OTH,Other,799,megawatthours
2025-07-10 10:00:00,CAL,California,OTH,Other,57,megawatthours
2025-07-10 11:00:00,CAL,California,OTH,Other,0,megawatthours
2025-07-10 12:00:00,CAL,California,OTH,Other,-517,megawatthours
2025-07-10 13:00:00,CAL,California,OTH,Other,-323,megawatthours
2025-07-10 14:00:00,CAL,California,OTH,Other,526,megawatthours
2025-07-10 15:00:00,CAL,California,OTH,Other,-457,megawatthours
2025-07-10 16:00:00,CAL,California,OTH,Other,-4417,megawatthours
2025-07-10 17:00:00,CAL,California,OTH,Other,-6486,megawatthours
2025-07-10 18:00:00,CAL,California,OTH,Other,-6636,megawatthours
2025-07-10 19:00:00,CAL,California,OTH,Other,-5449,megawatthours
2025-07-10 20:00:00,CAL,California,OTH,Other,-4711,megawatthours
2025-07-10 21:00:00,CAL,California,OTH,Other,-3807,megawatthours
2025-07-10 22:00:00,CAL,California,OTH,Other,-2137,megawatthours
2025-07-10 23:00:00,CAL,California,OTH,Other,-393,megawatthours
2025-07-11 00:00:00,CAL,California,OTH,Other,557,megawatthours
2025-07-11 00:00:00,CAL,California,OTH,Other,557,megawatthours
2025-07-11 01:00:00,CAL,California,OTH,Other,143,megawatthours
2025-07-11 02:00:00,CAL,California,OTH,Other,519,megawatthours
2025-07-11 03:00:00,CAL,California,OTH,Other,3934,megawatthours
2025-07-11 04:00:00,CAL,California,OTH,Other,8247,megawatthours
2025-07-11 05:00:00,CAL,California,OTH,Other,8425,megawatthours
2025-07-11 06:00:00,CAL,California,OTH,Other,7153,megawatthours
2025-07-11 07:00:00,CAL,California,OTH,Other,3377,megawatthours
2025-07-11 08:00:00,CAL,California,OTH,Other,1627,megawatthours
2025-07-11 09:00:00,CAL,California,OTH,Other,864,megawatthours
2025-07-11 10:00:00,CAL,California,OTH,Other,123,megawatthours
2025-07-11 11:00:00,CAL,California,OTH,Other,4,megawatthours
2025-07-11 12:00:00,CAL,California,OTH,Other,-92,megawatthours
2025-07-11 13:00:00,CAL,California,OTH,Other,200,megawatthours
2025-07-11 14:00:00,CAL,California,OTH,Other,961,megawatthours
2025-07-11 15:00:00,CAL,California,OTH,Other,292,megawatthours
2025-07-11 16:00:00,CAL,California,OTH,Other,-2767,megawatthours
2025-07-11 17:00:00,CAL,California,OTH,Other,-5225,megawatthours
2025-07-11 18:00:00,CAL,California,OTH,Other,-5466,megawatthours
2025-07-11 19:00:00,CAL,California,OTH,Other,-4752,megawatthours
2025-07-11 20:00:00,CAL,California,OTH,Other,-4051,megawatthours
2025-07-11 21:00:00,CAL,California,OTH,Other,-3224,megawatthours
2025-07-11 22:00:00,CAL,California,OTH,Other,-1999,megawatthours
2025-07-11 23:00:00,CAL,California,OTH,Other,-615,megawatthours
2025-07-12 00:00:00,CAL,California,OTH,Other,-196,megawatthours
2025-07-12 00:00:00,CAL,California,OTH,Other,-196,megawatthours
2025-07-12 01:00:00,CAL,California,OTH,Other,-343,megawatthours
2025-07-12 02:00:00,CAL,California,OTH,Other,-781,megawatthours
2025-07-12 03:00:00,CAL,California,OTH,Other,3472,megawatthours
2025-07-12 04:00:00,CAL,California,OTH,Other,7672,megawatthours
2025-07-12 05:00:00,CAL,California,OTH,Other,7377,megawatthours
2025-07-12 06:00:00,CAL,California,OTH,Other,5965,megawatthours
2025-07-12 07:00:00,CAL,California,OTH,Other,2588,megawatthours
2025-07-12 08:00:00,CAL,California,OTH,Other,1140,megawatthours
2025-07-12 09:00:00,CAL,California,OTH,Other,800,megawatthours
2025-07-12 10:00:00,CAL,California,OTH,Other,340,megawatthours
2025-07-12 11:00:00,CAL,California,OTH,Other,237,megawatthours
2025-07-12 12:00:00,CAL,California,OTH,Other,73,megawatthours
2025-07-12 13:00:00,CAL,California,OTH,Other,-62,megawatthours
2025-07-12 14:00:00,CAL,California,OTH,Other,394,megawatthours
2025-07-12 15:00:00,CAL,California,OTH,Other,-343,megawatthours
2025-07-12 16:00:00,CAL,California,OTH,Other,-2949,megawatthours
2025-07-12 17:00:00,CAL,California,OTH,Other,-4543,megawatthours
2025-07-12 18:00:00,CAL,California,OTH,Other,-5556,megawatthours
2025-07-12 19:00:00,CAL,California,OTH,Other,-5544,megawatthours
2025-07-12 20:00:00,CAL,California,OTH,Other,-5668,megawatthours
2025-07-12 21:00:00,CAL,California,OTH,Other,-4580,megawatthours
2025-07-12 22:00:00,CAL,California,OTH,Other,-3323,megawatthours
2025-07-12 23:00:00,CAL,California,OTH,Other,-1658,megawatthours
2025-07-13 00:00:00,CAL,California,OTH,Other,-506,megawatthours
2025-07-13 00:00:00,CAL,California,OTH,Other,-506,megawatthours
2025-07-13 01:00:00,CAL,California,OTH,Other,-137,megawatthours
2025-07-13 02:00:00,CAL,California,OTH,Other,-22,megawatthours
2025-07-13 03:00:00,CAL,California,OTH,Other,3233,megawatthours
2025-07-13 04:00:00,CAL,California,OTH,Other,7948,megawatthours
2025-07-13 05:00:00,CAL,California,OTH,Other,7981,megawatthours
2025-07-13 06:00:00,CAL,California,OTH,Other,7462,megawatthours
2025-07-13 07:00:00,CAL,California,OTH,Other,3419,megawatthours
2025-07-13 08:00:00,CAL,California,OTH,Other,2045,megawatthours
2025-07-13 09:00:00,CAL,California,OTH,Other,1136,megawatthours
2025-07-13 10:00:00,CAL,California,OTH,Other,945,megawatthours
2025-07-13 11:00:00,CAL,California,OTH,Other,306,megawatthours
2025-07-13 12:00:00,CAL,California,OTH,Other,63,megawatthours
2025-07-13 13:00:00,CAL,California,OTH,Other,30,megawatthours
2025-07-13 14:00:00,CAL,California,OTH,Other,193,megawatthours
2025-07-13 15:00:00,CAL,California,OTH,Other,-265,megawatthours
2025-07-13 16:00:00,CAL,California,OTH,Other,-2852,megawatthours
2025-07-13 17:00:00,CAL,California,OTH,Other,-5117,megawatthours
2025-07-13 18:00:00,CAL,California,OTH,Other,-6201,megawatthours
2025-07-13 19:00:00,CAL,California,OTH,Other,-6476,megawatthours
2025-07-13 20:00:00,CAL,California,OTH,Other,-5939,megawatthours
2025-07-13 21:00:00,CAL,California,OTH,Other,-4329,megawatthours
2025-07-13 22:00:00,CAL,California,OTH,Other,-2463,megawatthours
2025-07-13 23:00:00,CAL,California,OTH,Other,-891,megawatthours
2025-07-14 00:00:00,CAL,California,OTH,Other,498,megawatthours
2025-07-14 00:00:00,CAL,California,OTH,Other,498,megawatthours
2025-07-14 01:00:00,CAL,California,OTH,Other,953,megawatthours
2025-07-14 02:00:00,CAL,California,OTH,Other,1770,megawatthours
2025-07-14 03:00:00,CAL,California,OTH,Other,4699,megawatthours
2025-07-14 04:00:00,CAL,California,OTH,Other,8331,megawatthours
2025-07-14 05:00:00,CAL,California,OTH,Other,8140,megawatthours
2025-07-14 06:00:00,CAL,California,OTH,Other,6380,megawatthours
2025-07-14 07:00:00,CAL,California,OTH,Other,1979,megawatthours
2025-07-14 08:00:00,CAL,California,OTH,Other,128,megawatthours
2025-07-14 09:00:00,CAL,California,OTH,Other,335,megawatthours
2025-07-14 10:00:00,CAL,California,OTH,Other,-114,megawatthours
2025-07-14 11:00:00,CAL,California,OTH,Other,-281,megawatthours
2025-07-14 12:00:00,CAL,California,OTH,Other,-481,megawatthours
2025-07-14 13:00:00,CAL,California,OTH,Other,-198,megawatthours
2025-07-14 14:00:00,CAL,California,OTH,Other,934,megawatthours
2025-07-14 15:00:00,CAL,California,OTH,Other,677,megawatthours
2025-07-14 16:00:00,CAL,California,OTH,Other,-1878,megawatthours
2025-07-14 17:00:00,CAL,California,OTH,Other,-4047,megawatthours
2025-07-14 18:00:00,CAL,California,OTH,Other,-5662,megawatthours
2025-07-14 19:00:00,CAL,California,OTH,Other,-6144,megawatthours
2025-07-14 20:00:00,CAL,California,OTH,Other,-5962,megawatthours
2025-07-14 21:00:00,CAL,California,OTH,Other,-4709,megawatthours
2025-07-14 22:00:00,CAL,California,OTH,Other,-3453,megawatthours
2025-07-14 23:00:00,CAL,California,OTH,Other,-2240,megawatthours
2025-07-15 00:00:00,CAL,California,OTH,Other,-1017,megawatthours
2025-07-15 00:00:00,CAL,California,OTH,Other,-1017,megawatthours
2025-07-15 01:00:00,CAL,California,OTH,Other,-739,megawatthours
2025-07-15 02:00:00,CAL,California,OTH,Other,-103,megawatthours
2025-07-15 03:00:00,CAL,California,OTH,Other,3979,megawatthours
2025-07-15 04:00:00,CAL,California,OTH,Other,7819,megawatthours
2025-07-15 05:00:00,CAL,California,OTH,Other,7993,megawatthours
2025-07-15 06:00:00,CAL,California,OTH,Other,6954,megawatthours
2025-07-15 07:00:00,CAL,California,OTH,Other,3571,megawatthours
2025-07-15 08:00:00,CAL,California,OTH,Other,1536,megawatthours
2025-07-15 09:00:00,CAL,California,OTH,Other,716,megawatthours
2025-07-15 10:00:00,CAL,California,OTH,Other,324,megawatthours
2025-07-15 11:00:00,CAL,California,OTH,Other,-144,megawatthours
2025-07-15 12:00:00,CAL,California,OTH,Other,-675,megawatthours
2025-07-15 13:00:00,CAL,California,OTH,Other,162,megawatthours
2025-07-15 14:00:00,CAL,California,OTH,Other,387,megawatthours
2025-07-15 15:00:00,CAL,California,OTH,Other,774,megawatthours
2025-07-15 16:00:00,CAL,California,OTH,Other,-1435,megawatthours
2025-07-15 17:00:00,CAL,California,OTH,Other,-4401,megawatthours
2025-07-15 18:00:00,CAL,California,OTH,Other,-5585,megawatthours
2025-07-15 19:00:00,CAL,California,OTH,Other,-6615,megawatthours
2025-07-15 20:00:00,CAL,California,OTH,Other,-6191,megawatthours
2025-07-15 21:00:00,CAL,California,OTH,Other,-5444,megawatthours
2025-07-15 22:00:00,CAL,California,OTH,Other,-4144,megawatthours
2025-07-15 23:00:00,CAL,California,OTH,Other,-1999,megawatthours
2025-07-16 00:00:00,CAL,California,OTH,Other,-169,megawatthours
2025-07-16 00:00:00,CAL,California,OTH,Other,-169,megawatthours
2025-07-16 01:00:00,CAL,California,OTH,Other,-109,megawatthours
2025-07-16 02:00:00,CAL,California,OTH,Other,663,megawatthours
2025-07-16 03:00:00,CAL,California,OTH,Other,3559,megawatthours
2025-07-16 04:00:00,CAL,California,OTH,Other,7908,megawatthours
2025-07-16 05:00:00,CAL,California,OTH,Other,8377,megawatthours
2025-07-16 06:00:00,CAL,California,OTH,Other,8044,megawatthours
2025-07-16 07:00:00,CAL,California,OTH,Other,4275,megawatthours
2025-07-16 08:00:00,CAL,California,OTH,Other,2346,megawatthours
2025-07-16 09:00:00,CAL,California,OTH,Other,893,megawatthours
2025-07-16 10:00:00,CAL,California,OTH,Other,783,megawatthours
2025-07-16 11:00:00,CAL,California,OTH,Other,147,megawatthours
2025-07-16 12:00:00,CAL,California,OTH,Other,-221,megawatthours
2025-07-16 13:00:00,CAL,California,OTH,Other,-14,megawatthours
2025-07-16 14:00:00,CAL,California,OTH,Other,1123,megawatthours
2025-07-16 15:00:00,CAL,California,OTH,Other,1111,megawatthours
2025-07-16 16:00:00,CAL,California,OTH,Other,-853,megawatthours
2025-07-16 17:00:00,CAL,California,OTH,Other,-2727,megawatthours
2025-07-16 18:00:00,CAL,California,OTH,Other,-4162,megawatthours
2025-07-16 19:00:00,CAL,California,OTH,Other,-5040,megawatthours
2025-07-16 20:00:00,CAL,California,OTH,Other,-5706,megawatthours
2025-07-16 21:00:00,CAL,California,OTH,Other,-5719,megawatthours
2025-07-16 22:00:00,CAL,California,OTH,Other,-5159,megawatthours
2025-07-16 23:00:00,CAL,California,OTH,Other,-3610,megawatthours
2025-07-17 00:00:00,CAL,California,OTH,Other,-2215,megawatthours
2025-07-17 00:00:00,CAL,California,OTH,Other,-2215,megawatthours
2025-07-17 01:00:00,CAL,California,OTH,Other,-1037,megawatthours
2025-07-17 02:00:00,CAL,California,OTH,Other,-221,megawatthours
2025-07-17 03:00:00,CAL,California,OTH,Other,2853,megawatthours
2025-07-17 04:00:00,CAL,California,OTH,Other,7638,megawatthours
2025-07-17 05:00:00,CAL,California,OTH,Other,8518,megawatthours
2025-07-17 06:00:00,CAL,California,OTH,Other,7461,megawatthours
2025-07-17 07:00:00,CAL,California,OTH,Other,3566,megawatthours
2025-07-17 08:00:00,CAL,California,OTH,Other,1595,megawatthours
2025-07-17 09:00:00,CAL,California,OTH,Other,1319,megawatthours
2025-07-17 10:00:00,CAL,California,OTH,Other,433,megawatthours
2025-07-17 11:00:00,CAL,California,OTH,Other,37,megawatthours
2025-07-17 12:00:00,CAL,California,OTH,Other,-348,megawatthours
2025-07-17 13:00:00,CAL,California,OTH,Other,26,megawatthours
2025-07-17 14:00:00,CAL,California,OTH,Other,908,megawatthours
2025-07-17 15:00:00,CAL,California,OTH,Other,873,megawatthours
2025-07-17 16:00:00,CAL,California,OTH,Other,-934,megawatthours
2025-07-17 17:00:00,CAL,California,OTH,Other,-2474,megawatthours
2025-07-17 18:00:00,CAL,California,OTH,Other,-4161,megawatthours
2025-07-17 19:00:00,CAL,California,OTH,Other,-6052,megawatthours
2025-07-17 20:00:00,CAL,California,OTH,Other,-5838,megawatthours
2025-07-17 21:00:00,CAL,California,OTH,Other,-5079,megawatthours
2025-07-17 22:00:00,CAL,California,OTH,Other,-3479,megawatthours
2025-07-17 23:00:00,CAL,California,OTH,Other,-2734,megawatthours
2025-07-18 00:00:00,CAL,California,OTH,Other,-340,megawatthours
2025-07-18 00:00:00,CAL,California,OTH,Other,-340,megawatthours
2025-07-18 01:00:00,CAL,California,OTH,Other,294,megawatthours
2025-07-18 02:00:00,CAL,California,OTH,Other,947,megawatthours
2025-07-18 03:00:00,CAL,California,OTH,Other,2622,megawatthours
2025-07-18 04:00:00,CAL,California,OTH,Other,6555,megawatthours
2025-07-18 05:00:00,CAL,California,OTH,Other,7302,megawatthours
2025-07-18 06:00:00,CAL,California,OTH,Other,5766,megawatthours
2025-07-18 07:00:00,CAL,California,OTH,Other,3068,megawatthours
2025-07-18 08:00:00,CAL,California,OTH,Other,711,megawatthours
2025-07-18 09:00:00,CAL,California,OTH,Other,971,megawatthours
2025-07-18 10:00:00,CAL,California,OTH,Other,240,megawatthours
2025-07-18 11:00:00,CAL,California,OTH,Other,468,megawatthours
2025-07-18 12:00:00,CAL,California,OTH,Other,377,megawatthours
2025-07-18 13:00:00,CAL,California,OTH,Other,477,megawatthours
2025-07-18 14:00:00,CAL,California,OTH,Other,1130,megawatthours
2025-07-18 15:00:00,CAL,California,OTH,Other,740,megawatthours
2025-07-18 16:00:00,CAL,California,OTH,Other,-1850,megawatthours
2025-07-18 17:00:00,CAL,California,OTH,Other,-3749,megawatthours
2025-07-18 18:00:00,CAL,California,OTH,Other,-4317,megawatthours
2025-07-18 19:00:00,CAL,California,OTH,Other,-6139,megawatthours
2025-07-18 20:00:00,CAL,California,OTH,Other,-7023,megawatthours
2025-07-18 21:00:00,CAL,California,OTH,Other,-5916,megawatthours
2025-07-18 22:00:00,CAL,California,OTH,Other,-4613,megawatthours
2025-07-18 23:00:00,CAL,California,OTH,Other,-2979,megawatthours
2025-07-19 00:00:00,CAL,California,OTH,Other,-1296,megawatthours
2025-07-19 00:00:00,CAL,California,OTH,Other,-1296,megawatthours
2025-07-19 01:00:00,CAL,California,OTH,Other,-302,megawatthours
2025-07-19 02:00:00,CAL,California,OTH,Other,229,megawatthours
2025-07-19 03:00:00,CAL,California,OTH,Other,3188,megawatthours
2025-07-19 04:00:00,CAL,California,OTH,Other,8263,megawatthours
2025-07-19 05:00:00,CAL,California,OTH,Other,8103,megawatthours
2025-07-19 06:00:00,CAL,California,OTH,Other,6726,megawatthours
2025-07-19 07:00:00,CAL,California,OTH,Other,3860,megawatthours
2025-07-19 08:00:00,CAL,California,OTH,Other,2822,megawatthours
2025-07-19 09:00:00,CAL,California,OTH,Other,1846,megawatthours
2025-07-19 10:00:00,CAL,California,OTH,Other,453,megawatthours
2025-07-19 11:00:00,CAL,California,OTH,Other,-136,megawatthours
2025-07-19 12:00:00,CAL,California,OTH,Other,-293,megawatthours
2025-07-19 13:00:00,CAL,California,OTH,Other,-151,megawatthours
2025-07-19 14:00:00,CAL,California,OTH,Other,188,megawatthours
2025-07-19 15:00:00,CAL,California,OTH,Other,-200,megawatthours
2025-07-19 16:00:00,CAL,California,OTH,Other,-2604,megawatthours
2025-07-19 17:00:00,CAL,California,OTH,Other,-5263,megawatthours
2025-07-19 18:00:00,CAL,California,OTH,Other,-6610,megawatthours
2025-07-19 19:00:00,CAL,California,OTH,Other,-7099,megawatthours
2025-07-19 20:00:00,CAL,California,OTH,Other,-7393,megawatthours
2025-07-19 21:00:00,CAL,California,OTH,Other,-6094,megawatthours
2025-07-19 22:00:00,CAL,California,OTH,Other,-4039,megawatthours
2025-07-19 23:00:00,CAL,California,OTH,Other,-1796,megawatthours
2025-07-20 00:00:00,CAL,California,OTH,Other,-658,megawatthours
2025-07-20 00:00:00,CAL,California,OTH,Other,-658,megawatthours
2025-07-20 01:00:00,CAL,California,OTH,Other,620,megawatthours
2025-07-20 02:00:00,CAL,California,OTH,Other,611,megawatthours
2025-07-20 03:00:00,CAL,California,OTH,Other,2557,megawatthours
2025-07-20 04:00:00,CAL,California,OTH,Other,7610,megawatthours
2025-07-20 05:00:00,CAL,California,OTH,Other,7878,megawatthours
2025-07-20 06:00:00,CAL,California,OTH,Other,6996,megawatthours
2025-07-20 07:00:00,CAL,California,OTH,Other,4131,megawatthours
2025-07-20 08:00:00,CAL,California,OTH,Other,2767,megawatthours
2025-07-20 09:00:00,CAL,California,OTH,Other,1615,megawatthours
2025-07-20 10:00:00,CAL,California,OTH,Other,837,megawatthours
2025-07-20 11:00:00,CAL,California,OTH,Other,423,megawatthours
2025-07-20 12:00:00,CAL,California,OTH,Other,-194,megawatthours
2025-07-20 13:00:00,CAL,California,OTH,Other,-164,megawatthours
2025-07-20 14:00:00,CAL,California,OTH,Other,275,megawatthours
2025-07-20 15:00:00,CAL,California,OTH,Other,-94,megawatthours
2025-07-20 16:00:00,CAL,California,OTH,Other,-2224,megawatthours
2025-07-20 17:00:00,CAL,California,OTH,Other,-4378,megawatthours
2025-07-20 18:00:00,CAL,California,OTH,Other,-6594,megawatthours
2025-07-20 19:00:00,CAL,California,OTH,Other,-7122,megawatthours
2025-07-20 20:00:00,CAL,California,OTH,Other,-7109,megawatthours
2025-07-20 21:00:00,CAL,California,OTH,Other,-6546,megawatthours
2025-07-20 22:00:00,CAL,California,OTH,Other,-4456,megawatthours
2025-07-20 23:00:00,CAL,California,OTH,Other,-2695,megawatthours
2025-07-21 00:00:00,CAL,California,OTH,Other,-852,megawatthours
2025-07-21 00:00:00,CAL,California,OTH,Other,-852,megawatthours
2025-07-21 01:00:00,CAL,California,OTH,Other,678,megawatthours
2025-07-21 02:00:00,CAL,California,OTH,Other,426,megawatthours
2025-07-21 03:00:00,CAL,California,OTH,Other,2175,megawatthours
2025-07-21 04:00:00,CAL,California,OTH,Other,6249,megawatthours
2025-07-21 05:00:00,CAL,California,OTH,Other,7377,megawatthours
2025-07-21 06:00:00,CAL,California,OTH,Other,6771,megawatthours
2025-07-21 07:00:00,CAL,California,OTH,Other,3728,megawatthours
2025-07-21 08:00:00,CAL,California,OTH,Other,2592,megawatthours
2025-07-21 09:00:00,CAL,California,OTH,Other,1923,megawatthours
2025-07-21 10:00:00,CAL,California,OTH,Other,737,megawatthours
2025-07-21 11:00:00,CAL,California,OTH,Other,529,megawatthours
2025-07-21 12:00:00,CAL,California,OTH,Other,260,megawatthours
2025-07-21 13:00:00,CAL,California,OTH,Other,575,megawatthours
2025-07-21 14:00:00,CAL,California,OTH,Other,1059,megawatthours
2025-07-21 15:00:00,CAL,California,OTH,Other,968,megawatthours
2025-07-21 16:00:00,CAL,California,OTH,Other,-1640,megawatthours
2025-07-21 17:00:00,CAL,California,OTH,Other,-3412,megawatthours
2025-07-21 18:00:00,CAL,California,OTH,Other,-4766,megawatthours
2025-07-21 19:00:00,CAL,California,OTH,Other,-5721,megawatthours
2025-07-21 20:00:00,CAL,California,OTH,Other,-5772,megawatthours
2025-07-21 21:00:00,CAL,California,OTH,Other,-6080,megawatthours
2025-07-21 22:00:00,CAL,California,OTH,Other,-5375,megawatthours
2025-07-21 23:00:00,CAL,California,OTH,Other,-3083,megawatthours
2025-07-22 00:00:00,CAL,California,OTH,Other,-1633,megawatthours
2025-07-22 00:00:00,CAL,California,OTH,Other,-1633,megawatthours
2025-07-22 01:00:00,CAL,California,OTH,Other,-951,megawatthours
2025-07-22 02:00:00,CAL,California,OTH,Other,-23,megawatthours
2025-07-22 03:00:00,CAL,California,OTH,Other,2051,megawatthours
2025-07-22 04:00:00,CAL,California,OTH,Other,7336,megawatthours
2025-07-22 05:00:00,CAL,California,OTH,Other,8410,megawatthours
2025-07-22 06:00:00,CAL,California,OTH,Other,7809,megawatthours
2025-07-22 07:00:00,CAL,California,OTH,Other,3943,megawatthours
2025-07-22 08:00:00,CAL,California,OTH,Other,2208,megawatthours
2025-07-22 09:00:00,CAL,California,OTH,Other,1276,megawatthours
2025-07-22 10:00:00,CAL,California,OTH,Other,504,megawatthours
2025-07-22 11:00:00,CAL,California,OTH,Other,114,megawatthours
2025-07-22 12:00:00,CAL,California,OTH,Other,117,megawatthours
2025-07-22 13:00:00,CAL,California,OTH,Other,559,megawatthours
2025-07-22 14:00:00,CAL,California,OTH,Other,1354,megawatthours
2025-07-22 15:00:00,CAL,California,OTH,Other,1240,megawatthours
2025-07-22 16:00:00,CAL,California,OTH,Other,-1526,megawatthours
2025-07-22 17:00:00,CAL,California,OTH,Other,-2904,megawatthours
2025-07-22 18:00:00,CAL,California,OTH,Other,-3560,megawatthours
2025-07-22 19:00:00,CAL,California,OTH,Other,-4237,megawatthours
2025-07-22 20:00:00,CAL,California,OTH,Other,-4500,megawatthours
2025-07-22 21:00:00,CAL,California,OTH,Other,-5463,megawatthours
2025-07-22 22:00:00,CAL,California,OTH,Other,-4943,megawatthours
2025-07-22 23:00:00,CAL,California,OTH,Other,-4255,megawatthours
2025-07-23 00:00:00,CAL,California,OTH,Other,-2201,megawatthours
2025-07-23 00:00:00,CAL,California,OTH,Other,-2201,megawatthours
2025-07-23 01:00:00,CAL,California,OTH,Other,-1200,megawatthours
2025-07-23 02:00:00,CAL,California,OTH,Other,3,megawatthours
2025-07-23 03:00:00,CAL,California,OTH,Other,1091,megawatthours
2025-07-23 04:00:00,CAL,California,OTH,Other,6492,megawatthours
2025-07-23 05:00:00,CAL,California,OTH,Other,7632,megawatthours
2025-07-23 06:00:00,CAL,California,OTH,Other,6595,megawatthours
2025-07-23 07:00:00,CAL,California,OTH,Other,3975,megawatthours
2025-07-23 08:00:00,CAL,California,OTH,Other,2790,megawatthours
2025-07-23 09:00:00,CAL,California,OTH,Other,2267,megawatthours
2025-07-23 10:00:00,CAL,California,OTH,Other,899,megawatthours
2025-07-23 11:00:00,CAL,California,OTH,Other,355,megawatthours
2025-07-23 12:00:00,CAL,California,OTH,Other,142,megawatthours
2025-07-23 13:00:00,CAL,California,OTH,Other,240,megawatthours
2025-07-23 14:00:00,CAL,California,OTH,Other,1257,megawatthours
2025-07-23 15:00:00,CAL,California,OTH,Other,674,megawatthours
2025-07-23 16:00:00,CAL,California,OTH,Other,-2049,megawatthours
2025-07-23 17:00:00,CAL,California,OTH,Other,-4391,megawatthours
2025-07-23 18:00:00,CAL,California,OTH,Other,-4329,megawatthours
2025-07-23 19:00:00,CAL,California,OTH,Other,-4504,megawatthours
2025-07-23 20:00:00,CAL,California,OTH,Other,-5892,megawatthours
2025-07-23 21:00:00,CAL,California,OTH,Other,-5604,megawatthours
2025-07-23 22:00:00,CAL,California,OTH,Other,-4737,megawatthours
2025-07-23 23:00:00,CAL,California,OTH,Other,-2972,megawatthours
2025-07-24 00:00:00,CAL,California,OTH,Other,-1345,megawatthours
2025-07-24 00:00:00,CAL,California,OTH,Other,-1345,megawatthours
2025-07-24 01:00:00,CAL,California,OTH,Other,-803,megawatthours
2025-07-24 02:00:00,CAL,California,OTH,Other,-519,megawatthours
2025-07-24 03:00:00,CAL,California,OTH,Other,1810,megawatthours
2025-07-24 04:00:00,CAL,California,OTH,Other,7892,megawatthours
2025-07-24 05:00:00,CAL,California,OTH,Other,9015,megawatthours
2025-07-24 06:00:00,CAL,California,OTH,Other,7480,megawatthours
2025-07-24 07:00:00,CAL,California,OTH,Other,4525,megawatthours
2025-07-24 08:00:00,CAL,California,OTH,Other,2475,megawatthours
2025-07-24 09:00:00,CAL,California,OTH,Other,1394,megawatthours
2025-07-24 10:00:00,CAL,California,OTH,Other,969,megawatthours
2025-07-24 11:00:00,CAL,California,OTH,Other,66,megawatthours
2025-07-24 12:00:00,CAL,California,OTH,Other,-325,megawatthours
2025-07-24 13:00:00,CAL,California,OTH,Other,-14,megawatthours
2025-07-24 14:00:00,CAL,California,OTH,Other,721,megawatthours
2025-07-24 15:00:00,CAL,California,OTH,Other,-33,megawatthours
2025-07-24 16:00:00,CAL,California,OTH,Other,-2145,megawatthours
2025-07-24 17:00:00,CAL,California,OTH,Other,-4028,megawatthours
2025-07-24 18:00:00,CAL,California,OTH,Other,-5568,megawatthours
2025-07-24 19:00:00,CAL,California,OTH,Other,-6627,megawatthours
2025-07-24 20:00:00,CAL,California,OTH,Other,-6923,megawatthours
2025-07-24 21:00:00,CAL,California,OTH,Other,-6352,megawatthours
2025-07-24 22:00:00,CAL,California,OTH,Other,-4261,megawatthours
2025-07-24 23:00:00,CAL,California,OTH,Other,-2826,megawatthours
2025-07-25 00:00:00,CAL,California,OTH,Other,-947,megawatthours
2025-07-25 00:00:00,CAL,California,OTH,Other,-947,megawatthours
2025-07-25 01:00:00,CAL,California,OTH,Other,-180,megawatthours
2025-07-25 02:00:00,CAL,California,OTH,Other,-160,megawatthours
2025-07-25 03:00:00,CAL,California,OTH,Other,2218,megawatthours
2025-07-25 04:00:00,CAL,California,OTH,Other,8326,megawatthours
2025-07-25 05:00:00,CAL,California,OTH,Other,8965,megawatthours
2025-07-25 06:00:00,CAL,California,OTH,Other,8110,megawatthours
2025-07-25 07:00:00,CAL,California,OTH,Other,4762,megawatthours
2025-07-25 08:00:00,CAL,California,OTH,Other,2410,megawatthours
2025-07-25 09:00:00,CAL,California,OTH,Other,1799,megawatthours
2025-07-25 10:00:00,CAL,California,OTH,Other,864,megawatthours
2025-07-25 11:00:00,CAL,California,OTH,Other,69,megawatthours
2025-07-25 12:00:00,CAL,California,OTH,Other,-41,megawatthours
2025-07-25 13:00:00,CAL,California,OTH,Other,148,megawatthours
2025-07-25 14:00:00,CAL,California,OTH,Other,491,megawatthours
2025-07-25 15:00:00,CAL,California,OTH,Other,184,megawatthours
2025-07-25 16:00:00,CAL,California,OTH,Other,-2197,megawatthours
2025-07-25 17:00:00,CAL,California,OTH,Other,-4088,megawatthours
2025-07-25 18:00:00,CAL,California,OTH,Other,-5201,megawatthours
2025-07-25 19:00:00,CAL,California,OTH,Other,-6452,megawatthours
2025-07-25 20:00:00,CAL,California,OTH,Other,-6228,megawatthours
2025-07-25 21:00:00,CAL,California,OTH,Other,-5841,megawatthours
2025-07-25 22:00:00,CAL,California,OTH,Other,-4090,megawatthours
2025-07-25 23:00:00,CAL,California,OTH,Other,-2822,megawatthours
2025-07-26 00:00:00,CAL,California,OTH,Other,-1488,megawatthours
2025-07-26 00:00:00,CAL,California,OTH,Other,-1488,megawatthours
2025-07-26 01:00:00,CAL,California,OTH,Other,-901,megawatthours
2025-07-26 02:00:00,CAL,California,OTH,Other,-159,megawatthours
2025-07-26 03:00:00,CAL,California,OTH,Other,1608,megawatthours
2025-07-26 04:00:00,CAL,California,OTH,Other,7676,megawatthours
2025-07-26 05:00:00,CAL,California,OTH,Other,8402,megawatthours
2025-07-26 06:00:00,CAL,California,OTH,Other,7425,megawatthours
2025-07-26 07:00:00,CAL,California,OTH,Other,5685,megawatthours
2025-07-26 08:00:00,CAL,California,OTH,Other,4254,megawatthours
2025-07-26 09:00:00,CAL,California,OTH,Other,2687,megawatthours
2025-07-26 10:00:00,CAL,California,OTH,Other,1116,megawatthours
2025-07-26 11:00:00,CAL,California,OTH,Other,486,megawatthours
2025-07-26 12:00:00,CAL,California,OTH,Other,69,megawatthours
2025-07-26 13:00:00,CAL,California,OTH,Other,25,megawatthours
2025-07-26 14:00:00,CAL,California,OTH,Other,436,megawatthours
2025-07-26 15:00:00,CAL,California,OTH,Other,155,megawatthours
2025-07-26 16:00:00,CAL,California,OTH,Other,-1847,megawatthours
2025-07-26 17:00:00,CAL,California,OTH,Other,-3400,megawatthours
2025-07-26 18:00:00,CAL,California,OTH,Other,-4069,megawatthours
2025-07-26 19:00:00,CAL,California,OTH,Other,-5639,megawatthours
2025-07-26 20:00:00,CAL,California,OTH,Other,-6753,megawatthours
2025-07-26 21:00:00,CAL,California,OTH,Other,-6451,megawatthours
2025-07-26 22:00:00,CAL,California,OTH,Other,-5128,megawatthours
2025-07-26 23:00:00,CAL,California,OTH,Other,-3608,megawatthours
2025-07-27 00:00:00,CAL,California,OTH,Other,-2209,megawatthours
2025-07-27 00:00:00,CAL,California,OTH,Other,-2209,megawatthours
2025-07-27 01:00:00,CAL,California,OTH,Other,-1161,megawatthours
2025-07-27 02:00:00,CAL,California,OTH,Other,-145,megawatthours
2025-07-27 03:00:00,CAL,California,OTH,Other,2125,megawatthours
2025-07-27 04:00:00,CAL,California,OTH,Other,7340,megawatthours
2025-07-27 05:00:00,CAL,California,OTH,Other,8731,megawatthours
2025-07-27 06:00:00,CAL,California,OTH,Other,7541,megawatthours
2025-07-27 07:00:00,CAL,California,OTH,Other,4407,megawatthours
2025-07-27 08:00:00,CAL,California,OTH,Other,2942,megawatthours
2025-07-27 09:00:00,CAL,California,OTH,Other,1409,megawatthours
2025-07-27 10:00:00,CAL,California,OTH,Other,742,megawatthours
2025-07-27 11:00:00,CAL,California,OTH,Other,476,megawatthours
2025-07-27 12:00:00,CAL,California,OTH,Other,174,megawatthours
2025-07-27 13:00:00,CAL,California,OTH,Other,141,megawatthours
2025-07-27 14:00:00,CAL,California,OTH,Other,813,megawatthours
2025-07-27 15:00:00,CAL,California,OTH,Other,436,megawatthours
2025-07-27 16:00:00,CAL,California,OTH,Other,-2305,megawatthours
2025-07-27 17:00:00,CAL,California,OTH,Other,-4450,megawatthours
2025-07-27 18:00:00,CAL,California,OTH,Other,-4127,megawatthours
2025-07-27 19:00:00,CAL,California,OTH,Other,-5900,megawatthours
2025-07-27 20:00:00,CAL,California,OTH,Other,-6702,megawatthours
2025-07-27 21:00:00,CAL,California,OTH,Other,-6262,megawatthours
2025-07-27 22:00:00,CAL,California,OTH,Other,-4697,megawatthours
2025-07-27 23:00:00,CAL,California,OTH,Other,-2712,megawatthours
2025-07-28 00:00:00,CAL,California,OTH,Other,-1250,megawatthours
2025-07-28 00:00:00,CAL,California,OTH,Other,-1250,megawatthours
2025-07-28 01:00:00,CAL,California,OTH,Other,-437,megawatthours
2025-07-28 02:00:00,CAL,California,OTH,Other,74,megawatthours
2025-07-28 03:00:00,CAL,California,OTH,Other,2843,megawatthours
2025-07-28 04:00:00,CAL,California,OTH,Other,8351,megawatthours
2025-07-28 05:00:00,CAL,California,OTH,Other,9123,megawatthours
2025-07-28 06:00:00,CAL,California,OTH,Other,7606,megawatthours
2025-07-28 07:00:00,CAL,California,OTH,Other,3547,megawatthours
2025-07-28 08:00:00,CAL,California,OTH,Other,1885,megawatthours
2025-07-28 09:00:00,CAL,California,OTH,Other,1309,megawatthours
2025-07-28 10:00:00,CAL,California,OTH,Other,352,megawatthours
2025-07-28 11:00:00,CAL,California,OTH,Other,-722,megawatthours
2025-07-28 12:00:00,CAL,California,OTH,Other,-906,megawatthours
2025-07-28 13:00:00,CAL,California,OTH,Other,-202,megawatthours
2025-07-28 14:00:00,CAL,California,OTH,Other,683,megawatthours
2025-07-28 15:00:00,CAL,California,OTH,Other,1611,megawatthours
2025-07-28 16:00:00,CAL,California,OTH,Other,-2113,megawatthours
2025-07-28 17:00:00,CAL,California,OTH,Other,-4385,megawatthours
2025-07-28 18:00:00,CAL,California,OTH,Other,-5017,megawatthours
2025-07-28 19:00:00,CAL,California,OTH,Other,-5893,megawatthours
2025-07-28 20:00:00,CAL,California,OTH,Other,-5666,megawatthours
2025-07-28 21:00:00,CAL,California,OTH,Other,-4755,megawatthours
2025-07-28 22:00:00,CAL,California,OTH,Other,-3119,megawatthours
2025-07-28 23:00:00,CAL,California,OTH,Other,-1560,megawatthours
2025-07-29 00:00:00,CAL,California,OTH,Other,-65,megawatthours
2025-07-29 00:00:00,CAL,California,OTH,Other,-65,megawatthours
2025-07-29 01:00:00,CAL,California,OTH,Other,-424,megawatthours
2025-07-29 02:00:00,CAL,California,OTH,Other,-568,megawatthours
2025-07-29 03:00:00,CAL,California,OTH,Other,3440,megawatthours
2025-07-29 04:00:00,CAL,California,OTH,Other,8496,megawatthours
2025-07-29 05:00:00,CAL,California,OTH,Other,8610,megawatthours
2025-07-29 06:00:00,CAL,California,OTH,Other,6969,megawatthours
2025-07-29 07:00:00,CAL,California,OTH,Other,2527,megawatthours
2025-07-29 08:00:00,CAL,California,OTH,Other,1068,megawatthours
2025-07-29 09:00:00,CAL,California,OTH,Other,1257,megawatthours
2025-07-29 10:00:00,CAL,California,OTH,Other,326,megawatthours
2025-07-29 11:00:00,CAL,California,OTH,Other,214,megawatthours
2025-07-29 12:00:00,CAL,California,OTH,Other,-78,megawatthours
2025-07-29 13:00:00,CAL,California,OTH,Other,29,megawatthours
2025-07-29 14:00:00,CAL,California,OTH,Other,440,megawatthours
2025-07-29 15:00:00,CAL,California,OTH,Other,842,megawatthours
2025-07-29 16:00:00,CAL,California,OTH,Other,-2264,megawatthours
2025-07-29 17:00:00,CAL,California,OTH,Other,-4878,megawatthours
2025-07-29 18:00:00,CAL,California,OTH,Other,-6546,megawatthours
2025-07-29 19:00:00,CAL,California,OTH,Other,-6803,megawatthours
2025-07-29 20:00:00,CAL,California,OTH,Other,-6035,megawatthours
2025-07-29 21:00:00,CAL,California,OTH,Other,-4867,megawatthours
2025-07-29 22:00:00,CAL,California,OTH,Other,-3087,megawatthours
2025-07-29 23:00:00,CAL,California,OTH,Other,-1224,megawatthours
2025-07-30 00:00:00,CAL,California,OTH,Other,-549,megawatthours
2025-07-30 00:00:00,CAL,California,OTH,Other,-549,megawatthours
2025-07-30 01:00:00,CAL,California,OTH,Other,-70,megawatthours
2025-07-30 02:00:00,CAL,California,OTH,Other,147,megawatthours
2025-07-30 03:00:00,CAL,California,OTH,Other,3864,megawatthours
2025-07-30 04:00:00,CAL,California,OTH,Other,8591,megawatthours
2025-07-30 05:00:00,CAL,California,OTH,Other,8704,megawatthours
2025-07-30 06:00:00,CAL,California,OTH,Other,7385,megawatthours
2025-07-30 07:00:00,CAL,California,OTH,Other,3139,megawatthours
2025-07-30 08:00:00,CAL,California,OTH,Other,1213,megawatthours
2025-07-30 09:00:00,CAL,California,OTH,Other,1233,megawatthours
2025-07-30 10:00:00,CAL,California,OTH,Other,243,megawatthours
2025-07-30 11:00:00,CAL,California,OTH,Other,-328,megawatthours
2025-07-30 12:00:00,CAL,California,OTH,Other,-168,megawatthours
2025-07-30 13:00:00,CAL,California,OTH,Other,57,megawatthours
2025-07-30 14:00:00,CAL,California,OTH,Other,661,megawatthours
2025-07-30 15:00:00,CAL,California,OTH,Other,367,megawatthours
2025-07-30 16:00:00,CAL,California,OTH,Other,-1791,megawatthours
2025-07-30 17:00:00,CAL,California,OTH,Other,-4470,megawatthours
2025-07-30 18:00:00,CAL,California,OTH,Other,-5528,megawatthours
2025-07-30 19:00:00,CAL,California,OTH,Other,-6405,megawatthours
2025-07-30 20:00:00,CAL,California,OTH,Other,-6299,megawatthours
2025-07-30 21:00:00,CAL,California,OTH,Other,-5259,megawatthours
2025-07-30 22:00:00,CAL,California,OTH,Other,-3433,megawatthours
2025-07-30 23:00:00,CAL,California,OTH,Other,-2183,megawatthours
2025-07-31 00:00:00,CAL,California,OTH,Other,-811,megawatthours
2025-07-31 00:00:00,CAL,California,OTH,Other,-811,megawatthours
2025-07-31 01:00:00,CAL,California,OTH,Other,-306,megawatthours
2025-07-31 02:00:00,CAL,California,OTH,Other,266,megawatthours
2025-07-31 03:00:00,CAL,California,OTH,Other,3227,megawatthours
2025-07-31 04:00:00,CAL,California,OTH,Other,8292,megawatthours
2025-07-31 05:00:00,CAL,California,OTH,Other,8936,megawatthours
2025-07-31 06:00:00,CAL,California,OTH,Other,7632,megawatthours
2025-07-31 07:00:00,CAL,California,OTH,Other,3808,megawatthours
2025-07-31 08:00:00,CAL,California,OTH,Other,1565,megawatthours
2025-07-31 09:00:00,CAL,California,OTH,Other,964,megawatthours
2025-07-31 10:00:00,CAL,California,OTH,Other,412,megawatthours
2025-07-31 11:00:00,CAL,California,OTH,Other,368,megawatthours
2025-07-31 12:00:00,CAL,California,OTH,Other,6,megawatthours
2025-07-31 13:00:00,CAL,California,OTH,Other,221,megawatthours
2025-07-31 14:00:00,CAL,California,OTH,Other,769,megawatthours
2025-07-31 15:00:00,CAL,California,OTH,Other,419,megawatthours
2025-07-31 16:00:00,CAL,California,OTH,Other,-1987,megawatthours
2025-07-31 17:00:00,CAL,California,OTH,Other,-4794,megawatthours
2025-07-31 18:00:00,CAL,California,OTH,Other,-6238,megawatthours
2025-07-31 19:00:00,CAL,California,OTH,Other,-6195,megawatthours
2025-07-31 20:00:00,CAL,California,OTH,Other,-5732,megawatthours
2025-07-31 21:00:00,CAL,California,OTH,Other,-4948,megawatthours
2025-07-31 22:00:00,CAL,California,OTH,Other,-3270,megawatthours
2025-07-31 23:00:00,CAL,California,OTH,Other,-1893,megawatthours
2025-08-01 00:00:00,CAL,California,OTH,Other,-1152,megawatthours
2025-08-01 00:00:00,CAL,California,OTH,Other,-1152,megawatthours
2025-08-01 01:00:00,CAL,California,OTH,Other,-598,megawatthours
2025-08-01 02:00:00,CAL,California,OTH,Other,379,megawatthours
2025-08-01 03:00:00,CAL,California,OTH,Other,3570,megawatthours
2025-08-01 04:00:00,CAL,California,OTH,Other,9021,megawatthours
2025-08-01 05:00:00,CAL,California,OTH,Other,8641,megawatthours
2025-08-01 06:00:00,CAL,California,OTH,Other,7481,megawatthours
2025-08-01 07:00:00,CAL,California,OTH,Other,4174,megawatthours
2025-08-01 08:00:00,CAL,California,OTH,Other,1801,megawatthours
2025-08-01 09:00:00,CAL,California,OTH,Other,277,megawatthours
2025-08-01 10:00:00,CAL,California,OTH,Other,-87,megawatthours
2025-08-01 11:00:00,CAL,California,OTH,Other,-35,megawatthours
2025-08-01 12:00:00,CAL,California,OTH,Other,-104,megawatthours
2025-08-01 13:00:00,CAL,California,OTH,Other,104,megawatthours
2025-08-01 14:00:00,CAL,California,OTH,Other,439,megawatthours
2025-08-01 15:00:00,CAL,California,OTH,Other,472,megawatthours
2025-08-01 16:00:00,CAL,California,OTH,Other,-1627,megawatthours
2025-08-01 17:00:00,CAL,California,OTH,Other,-4640,megawatthours
2025-08-01 18:00:00,CAL,California,OTH,Other,-6112,megawatthours
2025-08-01 19:00:00,CAL,California,OTH,Other,-5539,megawatthours
2025-08-01 20:00:00,CAL,California,OTH,Other,-5606,megawatthours
2025-08-01 21:00:00,CAL,California,OTH,Other,-4583,megawatthours
2025-08-01 22:00:00,CAL,California,OTH,Other,-3630,megawatthours
2025-08-01 23:00:00,CAL,California,OTH,Other,-1794,megawatthours
2025-08-02 00:00:00,CAL,California,OTH,Other,-921,megawatthours
2025-08-02 00:00:00,CAL,California,OTH,Other,-921,megawatthours
2025-08-02 01:00:00,CAL,California,OTH,Other,-594,megawatthours
2025-08-02 02:00:00,CAL,California,OTH,Other,100,megawatthours
2025-08-02 03:00:00,CAL,California,OTH,Other,3888,megawatthours
2025-08-02 04:00:00,CAL,California,OTH,Other,9496,megawatthours
2025-08-02 05:00:00,CAL,California,OTH,Other,9107,megawatthours
2025-08-02 06:00:00,CAL,California,OTH,Other,7224,megawatthours
2025-08-02 07:00:00,CAL,California,OTH,Other,4109,megawatthours
2025-08-02 08:00:00,CAL,California,OTH,Other,1545,megawatthours
2025-08-02 09:00:00,CAL,California,OTH,Other,910,megawatthours
2025-08-02 10:00:00,CAL,California,OTH,Other,518,megawatthours
2025-08-02 11:00:00,CAL,California,OTH,Other,93,megawatthours
2025-08-02 12:00:00,CAL,California,OTH,Other,-101,megawatthours
2025-08-02 13:00:00,CAL,California,OTH,Other,-98,megawatthours
2025-08-02 14:00:00,CAL,California,OTH,Other,211,megawatthours
2025-08-02 15:00:00,CAL,California,OTH,Other,-134,megawatthours
2025-08-02 16:00:00,CAL,California,OTH,Other,-2316,megawatthours
2025-08-02 17:00:00,CAL,California,OTH,Other,-4830,megawatthours
2025-08-02 18:00:00,CAL,California,OTH,Other,-5977,megawatthours
2025-08-02 19:00:00,CAL,California,OTH,Other,-6747,megawatthours
2025-08-02 20:00:00,CAL,California,OTH,Other,-6460,megawatthours
2025-08-02 21:00:00,CAL,California,OTH,Other,-5541,megawatthours
2025-08-02 22:00:00,CAL,California,OTH,Other,-4086,megawatthours
2025-08-02 23:00:00,CAL,California,OTH,Other,-2618,megawatthours
2025-08-03 00:00:00,CAL,California,OTH,Other,-1283,megawatthours
2025-08-03 00:00:00,CAL,California,OTH,Other,-1283,megawatthours
2025-08-03 01:00:00,CAL,California,OTH,Other,-1213,megawatthours
2025-08-03 02:00:00,CAL,California,OTH,Other,-395,megawatthours
2025-08-03 03:00:00,CAL,California,OTH,Other,3329,megawatthours
2025-08-03 04:00:00,CAL,California,OTH,Other,8685,megawatthours
2025-08-03 05:00:00,CAL,California,OTH,Other,9096,megawatthours
2025-08-03 06:00:00,CAL,California,OTH,Other,7617,megawatthours
2025-08-03 07:00:00,CAL,California,OTH,Other,4018,megawatthours
2025-08-03 08:00:00,CAL,California,OTH,Other,2206,megawatthours
2025-08-03 09:00:00,CAL,California,OTH,Other,1523,megawatthours
2025-08-03 10:00:00,CAL,California,OTH,Other,705,megawatthours
2025-08-03 11:00:00,CAL,California,OTH,Other,113,megawatthours
2025-08-03 12:00:00,CAL,California,OTH,Other,-116,megawatthours
2025-08-03 13:00:00,CAL,California,OTH,Other,-95,megawatthours
2025-08-03 14:00:00,CAL,California,OTH,Other,392,megawatthours
2025-08-03 15:00:00,CAL,California,OTH,Other,603,megawatthours
2025-08-03 16:00:00,CAL,California,OTH,Other,-2695,megawatthours
2025-08-03 17:00:00,CAL,California,OTH,Other,-6266,megawatthours
2025-08-03 18:00:00,CAL,California,OTH,Other,-6949,megawatthours
2025-08-03 19:00:00,CAL,California,OTH,Other,-7596,megawatthours
2025-08-03 20:00:00,CAL,California,OTH,Other,-7268,megawatthours
2025-08-03 21:00:00,CAL,California,OTH,Other,-5755,megawatthours
2025-08-03 22:00:00,CAL,California,OTH,Other,-3076,megawatthours
2025-08-03 23:00:00,CAL,California,OTH,Other,-1392,megawatthours
2025-08-04 00:00:00,CAL,California,OTH,Other,-669,megawatthours
2025-08-04 00:00:00,CAL,California,OTH,Other,-669,megawatthours
2025-08-04 01:00:00,CAL,California,OTH,Other,173,megawatthours
2025-08-04 02:00:00,CAL,California,OTH,Other,245,megawatthours
2025-08-04 03:00:00,CAL,California,OTH,Other,4229,megawatthours
2025-08-04 04:00:00,CAL,California,OTH,Other,9757,megawatthours
2025-08-04 05:00:00,CAL,California,OTH,Other,9557,megawatthours
2025-08-04 06:00:00,CAL,California,OTH,Other,8022,megawatthours
2025-08-04 07:00:00,CAL,California,OTH,Other,3564,megawatthours
2025-08-04 08:00:00,CAL,California,OTH,Other,1744,megawatthours
2025-08-04 09:00:00,CAL,California,OTH,Other,790,megawatthours
2025-08-04 10:00:00,CAL,California,OTH,Other,320,megawatthours
2025-08-04 11:00:00,CAL,California,OTH,Other,-513,megawatthours
2025-08-04 12:00:00,CAL,California,OTH,Other,-895,megawatthours
2025-08-04 13:00:00,CAL,California,OTH,Other,-302,megawatthours
2025-08-04 14:00:00,CAL,California,OTH,Other,673,megawatthours
2025-08-04 15:00:00,CAL,California,OTH,Other,782,megawatthours
2025-08-04 16:00:00,CAL,California,OTH,Other,-1897,megawatthours
2025-08-04 17:00:00,CAL,California,OTH,Other,-4877,megawatthours
2025-08-04 18:00:00,CAL,California,OTH,Other,-5946,megawatthours
2025-08-04 19:00:00,CAL,California,OTH,Other,-6434,megawatthours
2025-08-04 20:00:00,CAL,California,OTH,Other,-5757,megawatthours
2025-08-04 21:00:00,CAL,California,OTH,Other,-5377,megawatthours
2025-08-04 22:00:00,CAL,California,OTH,Other,-4733,megawatthours
2025-08-04 23:00:00,CAL,California,OTH,Other,-1974,megawatthours
2025-08-05 00:00:00,CAL,California,OTH,Other,-441,megawatthours
2025-08-05 00:00:00,CAL,California,OTH,Other,-441,megawatthours
2025-08-05 01:00:00,CAL,California,OTH,Other,-84,megawatthours
2025-08-05 02:00:00,CAL,California,OTH,Other,572,megawatthours
2025-08-05 03:00:00,CAL,California,OTH,Other,4484,megawatthours
2025-08-05 04:00:00,CAL,California,OTH,Other,8337,megawatthours
2025-08-05 05:00:00,CAL,California,OTH,Other,8429,megawatthours
2025-08-05 06:00:00,CAL,California,OTH,Other,6301,megawatthours
2025-08-05 07:00:00,CAL,California,OTH,Other,3402,megawatthours
2025-08-05 08:00:00,CAL,California,OTH,Other,1565,megawatthours
2025-08-05 09:00:00,CAL,California,OTH,Other,1041,megawatthours
2025-08-05 10:00:00,CAL,California,OTH,Other,79,megawatthours
2025-08-05 11:00:00,CAL,California,OTH,Other,-202,megawatthours
2025-08-05 12:00:00,CAL,California,OTH,Other,-422,megawatthours
2025-08-05 13:00:00,CAL,California,OTH,Other,-68,megawatthours
2025-08-05 14:00:00,CAL,California,OTH,Other,1016,megawatthours
2025-08-05 15:00:00,CAL,California,OTH,Other,992,megawatthours
2025-08-05 16:00:00,CAL,California,OTH,Other,-1811,megawatthours
2025-08-05 17:00:00,CAL,California,OTH,Other,-5325,megawatthours
2025-08-05 18:00:00,CAL,California,OTH,Other,-7226,megawatthours
2025-08-05 19:00:00,CAL,California,OTH,Other,-6667,megawatthours
2025-08-05 20:00:00,CAL,California,OTH,Other,-6442,megawatthours
2025-08-05 21:00:00,CAL,California,OTH,Other,-4908,megawatthours
2025-08-05 22:00:00,CAL,California,OTH,Other,-2563,megawatthours
2025-08-05 23:00:00,CAL,California,OTH,Other,-1374,megawatthours
2025-08-06 00:00:00,CAL,California,OTH,Other,-473,megawatthours
2025-08-06 00:00:00,CAL,California,OTH,Other,-473,megawatthours
2025-08-06 01:00:00,CAL,California,OTH,Other,32,megawatthours
2025-08-06 02:00:00,CAL,California,OTH,Other,442,megawatthours
2025-08-06 03:00:00,CAL,California,OTH,Other,5740,megawatthours
2025-08-06 04:00:00,CAL,California,OTH,Other,9801,megawatthours
2025-08-06 05:00:00,CAL,California,OTH,Other,9318,megawatthours
2025-08-06 06:00:00,CAL,California,OTH,Other,7363,megawatthours
2025-08-06 07:00:00,CAL,California,OTH,Other,3117,megawatthours
2025-08-06 08:00:00,CAL,California,OTH,Other,1470,megawatthours
2025-08-06 09:00:00,CAL,California,OTH,Other,432,megawatthours
2025-08-06 10:00:00,CAL,California,OTH,Other,22,megawatthours
2025-08-06 11:00:00,CAL,California,OTH,Other,-246,megawatthours
2025-08-06 12:00:00,CAL,California,OTH,Other,-994,megawatthours
2025-08-06 13:00:00,CAL,California,OTH,Other,-746,megawatthours
2025-08-06 14:00:00,CAL,California,OTH,Other,144,megawatthours
2025-08-06 15:00:00,CAL,California,OTH,Other,632,megawatthours
2025-08-06 16:00:00,CAL,California,OTH,Other,-2493,megawatthours
2025-08-06 17:00:00,CAL,California,OTH,Other,-6300,megawatthours
2025-08-06 18:00:00,CAL,California,OTH,Other,-7868,megawatthours
2025-08-06 19:00:00,CAL,California,OTH,Other,-7751,megawatthours
2025-08-06 20:00:00,CAL,California,OTH,Other,-6527,megawatthours
2025-08-06 21:00:00,CAL,California,OTH,Other,-4597,megawatthours
2025-08-06 22:00:00,CAL,California,OTH,Other,-2739,megawatthours
2025-08-06 23:00:00,CAL,California,OTH,Other,-686,megawatthours
2025-08-07 00:00:00,CAL,California,OTH,Other,134,megawatthours
2025-08-07 00:00:00,CAL,California,OTH,Other,134,megawatthours
2025-08-07 01:00:00,CAL,California,OTH,Other,1085,megawatthours
2025-08-07 02:00:00,CAL,California,OTH,Other,2027,megawatthours
2025-08-07 03:00:00,CAL,California,OTH,Other,6993,megawatthours
2025-08-07 04:00:00,CAL,California,OTH,Other,9978,megawatthours
2025-08-07 05:00:00,CAL,California,OTH,Other,8977,megawatthours
2025-08-07 06:00:00,CAL,California,OTH,Other,6632,megawatthours
2025-08-07 07:00:00,CAL,California,OTH,Other,2254,megawatthours
2025-08-07 08:00:00,CAL,California,OTH,Other,495,megawatthours
2025-08-07 09:00:00,CAL,California,OTH,Other,714,megawatthours
2025-08-07 10:00:00,CAL,California,OTH,Other,28,megawatthours
2025-08-07 11:00:00,CAL,California,OTH,Other,-271,megawatthours
2025-08-07 12:00:00,CAL,California,OTH,Other,-898,megawatthours
2025-08-07 13:00:00,CAL,California,OTH,Other,-637,megawatthours
2025-08-07 14:00:00,CAL,California,OTH,Other,6,megawatthours
2025-08-07 15:00:00,CAL,California,OTH,Other,425,megawatthours
2025-08-07 16:00:00,CAL,California,OTH,Other,-2177,megawatthours
2025-08-07 17:00:00,CAL,California,OTH,Other,-6776,megawatthours
2025-08-07 18:00:00,CAL,California,OTH,Other,-8227,megawatthours
2025-08-07 19:00:00,CAL,California,OTH,Other,-7779,megawatthours
2025-08-07 20:00:00,CAL,California,OTH,Other,-6651,megawatthours
2025-08-07 21:00:00,CAL,California,OTH,Other,-3872,megawatthours
2025-08-07 22:00:00,CAL,California,OTH,Other,-1534,megawatthours
2025-08-07 23:00:00,CAL,California,OTH,Other,-757,megawatthours
2025-08-08 00:00:00,CAL,California,OTH,Other,-291,megawatthours
2025-08-08 00:00:00,CAL,California,OTH,Other,-291,megawatthours
2025-08-08 01:00:00,CAL,California,OTH,Other,165,megawatthours
2025-08-08 02:00:00,CAL,California,OTH,Other,1745,megawatthours
2025-08-08 03:00:00,CAL,California,OTH,Other,6619,megawatthours
2025-08-08 04:00:00,CAL,California,OTH,Other,9655,megawatthours
2025-08-08 05:00:00,CAL,California,OTH,Other,8943,megawatthours
2025-08-08 06:00:00,CAL,California,OTH,Other,7008,megawatthours
2025-08-08 07:00:00,CAL,California,OTH,Other,2552,megawatthours
2025-08-08 08:00:00,CAL,California,OTH,Other,378,megawatthours
2025-08-08 09:00:00,CAL,California,OTH,Other,304,megawatthours
2025-08-08 10:00:00,CAL,California,OTH,Other,-207,megawatthours
2025-08-08 11:00:00,CAL,California,OTH,Other,-534,megawatthours
2025-08-08 12:00:00,CAL,California,OTH,Other,-882,megawatthours
2025-08-08 13:00:00,CAL,California,OTH,Other,-548,megawatthours
2025-08-08 14:00:00,CAL,California,OTH,Other,99,megawatthours
2025-08-08 15:00:00,CAL,California,OTH,Other,316,megawatthours
2025-08-08 16:00:00,CAL,California,OTH,Other,-2864,megawatthours
2025-08-08 17:00:00,CAL,California,OTH,Other,-6285,megawatthours
2025-08-08 18:00:00,CAL,California,OTH,Other,-7565,megawatthours
2025-08-08 19:00:00,CAL,California,OTH,Other,-8019,megawatthours
2025-08-08 20:00:00,CAL,California,OTH,Other,-6864,megawatthours
2025-08-08 21:00:00,CAL,California,OTH,Other,-4554,megawatthours
2025-08-08 22:00:00,CAL,California,OTH,Other,-2654,megawatthours
2025-08-08 23:00:00,CAL,California,OTH,Other,-567,megawatthours
2025-08-09 00:00:00,CAL,California,OTH,Other,461,megawatthours
2025-08-09 00:00:00,CAL,California,OTH,Other,461,megawatthours
2025-08-09 01:00:00,CAL,California,OTH,Other,184,megawatthours
2025-08-09 02:00:00,CAL,California,OTH,Other,1014,megawatthours
2025-08-09 03:00:00,CAL,California,OTH,Other,5681,megawatthours
2025-08-09 04:00:00,CAL,California,OTH,Other,8205,megawatthours
2025-08-09 05:00:00,CAL,California,OTH,Other,8518,megawatthours
2025-08-09 06:00:00,CAL,California,OTH,Other,6690,megawatthours
2025-08-09 07:00:00,CAL,California,OTH,Other,3015,megawatthours
2025-08-09 08:00:00,CAL,California,OTH,Other,1785,megawatthours
2025-08-09 09:00:00,CAL,California,OTH,Other,1279,megawatthours
2025-08-09 10:00:00,CAL,California,OTH,Other,285,megawatthours
2025-08-09 11:00:00,CAL,California,OTH,Other,324,megawatthours
2025-08-09 12:00:00,CAL,California,OTH,Other,186,megawatthours
2025-08-09 13:00:00,CAL,California,OTH,Other,239,megawatthours
2025-08-09 14:00:00,CAL,California,OTH,Other,648,megawatthours
2025-08-09 15:00:00,CAL,California,OTH,Other,101,megawatthours
2025-08-09 16:00:00,CAL,California,OTH,Other,-2773,megawatthours
2025-08-09 17:00:00,CAL,California,OTH,Other,-4924,megawatthours
2025-08-09 18:00:00,CAL,California,OTH,Other,-6622,megawatthours
2025-08-09 19:00:00,CAL,California,OTH,Other,-7160,megawatthours
2025-08-09 20:00:00,CAL,California,OTH,Other,-6485,megawatthours
2025-08-09 21:00:00,CAL,California,OTH,Other,-5515,megawatthours
2025-08-09 22:00:00,CAL,California,OTH,Other,-3490,megawatthours
2025-08-09 23:00:00,CAL,California,OTH,Other,-1496,megawatthours
2025-08-10 00:00:00,CAL,California,OTH,Other,-180,megawatthours
2025-08-10 00:00:00,CAL,California,OTH,Other,-180,megawatthours
2025-08-10 01:00:00,CAL,California,OTH,Other,-117,megawatthours
2025-08-10 02:00:00,CAL,California,OTH,Other,561,megawatthours
2025-08-10 03:00:00,CAL,California,OTH,Other,5182,megawatthours
2025-08-10 04:00:00,CAL,California,OTH,Other,8306,megawatthours
2025-08-10 05:00:00,CAL,California,OTH,Other,7986,megawatthours
2025-08-10 06:00:00,CAL,California,OTH,Other,6662,megawatthours
2025-08-10 07:00:00,CAL,California,OTH,Other,3044,megawatthours
2025-08-10 08:00:00,CAL,California,OTH,Other,1450,megawatthours
2025-08-10 09:00:00,CAL,California,OTH,Other,1058,megawatthours
2025-08-10 10:00:00,CAL,California,OTH,Other,438,megawatthours
2025-08-10 11:00:00,CAL,California,OTH,Other,167,megawatthours
2025-08-10 12:00:00,CAL,California,OTH,Other,-25,megawatthours
2025-08-10 13:00:00,CAL,California,OTH,Other,-26,megawatthours
2025-08-10 14:00:00,CAL,California,OTH,Other,298,megawatthours
2025-08-10 15:00:00,CAL,California,OTH,Other,209,megawatthours
2025-08-10 16:00:00,CAL,California,OTH,Other,-2169,megawatthours
2025-08-10 17:00:00,CAL,California,OTH,Other,-5275,megawatthours
2025-08-10 18:00:00,CAL,California,OTH,Other,-6711,megawatthours
2025-08-10 19:00:00,CAL,California,OTH,Other,-6392,megawatthours
2025-08-10 20:00:00,CAL,California,OTH,Other,-5353,megawatthours
2025-08-10 21:00:00,CAL,California,OTH,Other,-5056,megawatthours
2025-08-10 22:00:00,CAL,California,OTH,Other,-3189,megawatthours
2025-08-10 23:00:00,CAL,California,OTH,Other,-1686,megawatthours
2025-08-11 00:00:00,CAL,California,OTH,Other,-789,megawatthours
2025-08-11 00:00:00,CAL,California,OTH,Other,-789,megawatthours
2025-08-11 01:00:00,CAL,California,OTH,Other,-75,megawatthours
2025-08-11 02:00:00,CAL,California,OTH,Other,879,megawatthours
2025-08-11 03:00:00,CAL,California,OTH,Other,6222,megawatthours
2025-08-11 04:00:00,CAL,California,OTH,Other,9413,megawatthours
2025-08-11 05:00:00,CAL,California,OTH,Other,8730,megawatthours
2025-08-11 06:00:00,CAL,California,OTH,Other,6987,megawatthours
2025-08-11 07:00:00,CAL,California,OTH,Other,2623,megawatthours
2025-08-11 08:00:00,CAL,California,OTH,Other,1036,megawatthours
2025-08-11 09:00:00,CAL,California,OTH,Other,401,megawatthours
2025-08-11 10:00:00,CAL,California,OTH,Other,-60,megawatthours
2025-08-11 11:00:00,CAL,California,OTH,Other,-359,megawatthours
2025-08-11 12:00:00,CAL,California,OTH,Other,-755,megawatthours
2025-08-11 13:00:00,CAL,California,OTH,Other,-323,megawatthours
2025-08-11 14:00:00,CAL,California,OTH,Other,648,megawatthours
2025-08-11 15:00:00,CAL,California,OTH,Other,1010,megawatthours
2025-08-11 16:00:00,CAL,California,OTH,Other,-2046,megawatthours
2025-08-11 17:00:00,CAL,California,OTH,Other,-5785,megawatthours
2025-08-11 18:00:00,CAL,California,OTH,Other,-6897,megawatthours
2025-08-11 19:00:00,CAL,California,OTH,Other,-6485,megawatthours
2025-08-11 20:00:00,CAL,California,OTH,Other,-5925,megawatthours
2025-08-11 21:00:00,CAL,California,OTH,Other,-4001,megawatthours
2025-08-11 22:00:00,CAL,California,OTH,Other,-2466,megawatthours
2025-08-11 23:00:00,CAL,California,OTH,Other,-1168,megawatthours
2025-08-12 00:00:00,CAL,California,OTH,Other,-567,megawatthours
2025-08-12 00:00:00,CAL,California,OTH,Other,-567,megawatthours
2025-08-12 01:00:00,CAL,California,OTH,Other,-497,megawatthours
2025-08-12 02:00:00,CAL,California,OTH,Other,747,megawatthours
2025-08-12 03:00:00,CAL,California,OTH,Other,6690,megawatthours
2025-08-12 04:00:00,CAL,California,OTH,Other,9340,megawatthours
2025-08-12 05:00:00,CAL,California,OTH,Other,8755,megawatthours
2025-08-12 06:00:00,CAL,California,OTH,Other,7092,megawatthours
2025-08-12 07:00:00,CAL,California,OTH,Other,3173,megawatthours
2025-08-12 08:00:00,CAL,California,OTH,Other,611,megawatthours
2025-08-12 09:00:00,CAL,California,OTH,Other,599,megawatthours
2025-08-12 10:00:00,CAL,California,OTH,Other,28,megawatthours
2025-08-12 11:00:00,CAL,California,OTH,Other,-271,megawatthours
2025-08-12 12:00:00,CAL,California,OTH,Other,-756,megawatthours
2025-08-12 13:00:00,CAL,California,OTH,Other,-376,megawatthours
2025-08-12 14:00:00,CAL,California,OTH,Other,396,megawatthours
2025-08-12 15:00:00,CAL,California,OTH,Other,951,megawatthours
2025-08-12 16:00:00,CAL,California,OTH,Other,-1818,megawatthours
2025-08-12 17:00:00,CAL,California,OTH,Other,-5134,megawatthours
2025-08-12 18:00:00,CAL,California,OTH,Other,-7195,megawatthours
2025-08-12 19:00:00,CAL,California,OTH,Other,-7315,megawatthours
2025-08-12 20:00:00,CAL,California,OTH,Other,-6702,megawatthours
2025-08-12 21:00:00,CAL,California,OTH,Other,-4989,megawatthours
2025-08-12 22:00:00,CAL,California,OTH,Other,-3337,megawatthours
2025-08-12 23:00:00,CAL,California,OTH,Other,-1062,megawatthours
2025-08-13 00:00:00,CAL,California,OTH,Other,646,megawatthours
2025-08-13 00:00:00,CAL,California,OTH,Other,646,megawatthours
2025-08-13 01:00:00,CAL,California,OTH,Other,679,megawatthours
2025-08-13 02:00:00,CAL,California,OTH,Other,1829,megawatthours
2025-08-13 03:00:00,CAL,California,OTH,Other,7441,megawatthours
2025-08-13 04:00:00,CAL,California,OTH,Other,9352,megawatthours
2025-08-13 05:00:00,CAL,California,OTH,Other,8352,megawatthours
2025-08-13 06:00:00,CAL,California,OTH,Other,5885,megawatthours
2025-08-13 07:00:00,CAL,California,OTH,Other,1647,megawatthours
2025-08-13 08:00:00,CAL,California,OTH,Other,601,megawatthours
2025-08-13 09:00:00,CAL,California,OTH,Other,318,megawatthours
2025-08-13 10:00:00,CAL,California,OTH,Other,50,megawatthours
2025-08-13 11:00:00,CAL,California,OTH,Other,-224,megawatthours
2025-08-13 12:00:00,CAL,California,OTH,Other,-504,megawatthours
2025-08-13 13:00:00,CAL,California,OTH,Other,-282,megawatthours
2025-08-13 14:00:00,CAL,California,OTH,Other,406,megawatthours
2025-08-13 15:00:00,CAL,California,OTH,Other,810,megawatthours
2025-08-13 16:00:00,CAL,California,OTH,Other,-2400,megawatthours
2025-08-13 17:00:00,CAL,California,OTH,Other,-5185,megawatthours
2025-08-13 18:00:00,CAL,California,OTH,Other,-6388,megawatthours
2025-08-13 19:00:00,CAL,California,OTH,Other,-6819,megawatthours
2025-08-13 20:00:00,CAL,California,OTH,Other,-6553,megawatthours
2025-08-13 21:00:00,CAL,California,OTH,Other,-5323,megawatthours
2025-08-13 22:00:00,CAL,California,OTH,Other,-3123,megawatthours
2025-08-13 23:00:00,CAL,California,OTH,Other,-1497,megawatthours
2025-08-14 00:00:00,CAL,California,OTH,Other,-477,megawatthours
2025-08-14 00:00:00,CAL,California,OTH,Other,-477,megawatthours
2025-08-14 01:00:00,CAL,California,OTH,Other,-497,megawatthours
2025-08-14 02:00:00,CAL,California,OTH,Other,824,megawatthours
2025-08-14 03:00:00,CAL,California,OTH,Other,5000,megawatthours
2025-08-14 04:00:00,CAL,California,OTH,Other,8198,megawatthours
2025-08-14 05:00:00,CAL,California,OTH,Other,7672,megawatthours
2025-08-14 06:00:00,CAL,California,OTH,Other,6160,megawatthours
2025-08-14 07:00:00,CAL,California,OTH,Other,2421,megawatthours
2025-08-14 08:00:00,CAL,California,OTH,Other,933,megawatthours
2025-08-14 09:00:00,CAL,California,OTH,Other,628,megawatthours
2025-08-14 10:00:00,CAL,California,OTH,Other,266,megawatthours
2025-08-14 11:00:00,CAL,California,OTH,Other,140,megawatthours
2025-08-14 12:00:00,CAL,California,OTH,Other,126,megawatthours
2025-08-14 13:00:00,CAL,California,OTH,Other,218,megawatthours
2025-08-14 14:00:00,CAL,California,OTH,Other,1354,megawatthours
2025-08-14 15:00:00,CAL,California,OTH,Other,1387,megawatthours
2025-08-14 16:00:00,CAL,California,OTH,Other,-1420,megawatthours
2025-08-14 17:00:00,CAL,California,OTH,Other,-4388,megawatthours
2025-08-14 18:00:00,CAL,California,OTH,Other,-5952,megawatthours
2025-08-14 19:00:00,CAL,California,OTH,Other,-6662,megawatthours
2025-08-14 20:00:00,CAL,California,OTH,Other,-6314,megawatthours
2025-08-14 21:00:00,CAL,California,OTH,Other,-5294,megawatthours
2025-08-14 22:00:00,CAL,California,OTH,Other,-2949,megawatthours
2025-08-14 23:00:00,CAL,California,OTH,Other,-1858,megawatthours
2025-08-15 00:00:00,CAL,California,OTH,Other,-918,megawatthours
2025-08-15 00:00:00,CAL,California,OTH,Other,-918,megawatthours
2025-08-15 01:00:00,CAL,California,OTH,Other,-54,megawatthours
2025-08-15 02:00:00,CAL,California,OTH,Other,102,megawatthours
2025-08-15 03:00:00,CAL,California,OTH,Other,4462,megawatthours
2025-08-15 04:00:00,CAL,California,OTH,Other,8490,megawatthours
2025-08-15 05:00:00,CAL,California,OTH,Other,7902,megawatthours
2025-08-15 06:00:00,CAL,California,OTH,Other,6663,megawatthours
2025-08-15 07:00:00,CAL,California,OTH,Other,2727,megawatthours
2025-08-15 08:00:00,CAL,California,OTH,Other,1121,megawatthours
2025-08-15 09:00:00,CAL,California,OTH,Other,615,megawatthours
2025-08-15 10:00:00,CAL,California,OTH,Other,-64,megawatthours
2025-08-15 11:00:00,CAL,California,OTH,Other,-347,megawatthours
2025-08-15 12:00:00,CAL,California,OTH,Other,-339,megawatthours
2025-08-15 13:00:00,CAL,California,OTH,Other,165,megawatthours
2025-08-15 14:00:00,CAL,California,OTH,Other,1396,megawatthours
2025-08-15 15:00:00,CAL,California,OTH,Other,2321,megawatthours
2025-08-15 16:00:00,CAL,California,OTH,Other,-605,megawatthours
2025-08-15 17:00:00,CAL,California,OTH,Other,-3389,megawatthours
2025-08-15 18:00:00,CAL,California,OTH,Other,-5412,megawatthours
2025-08-15 19:00:00,CAL,California,OTH,Other,-6288,megawatthours
2025-08-15 20:00:00,CAL,California,OTH,Other,-6132,megawatthours
2025-08-15 21:00:00,CAL,California,OTH,Other,-5551,megawatthours
2025-08-15 22:00:00,CAL,California,OTH,Other,-4073,megawatthours
2025-08-15 23:00:00,CAL,California,OTH,Other,-2523,megawatthours
2025-08-16 00:00:00,CAL,California,OTH,Other,-1180,megawatthours
2025-08-16 00:00:00,CAL,California,OTH,Other,-1180,megawatthours
2025-08-16 01:00:00,CAL,California,OTH,Other,-878,megawatthours
2025-08-16 02:00:00,CAL,California,OTH,Other,106,megawatthours
2025-08-16 03:00:00,CAL,California,OTH,Other,4233,megawatthours
2025-08-16 04:00:00,CAL,California,OTH,Other,7840,megawatthours
2025-08-16 05:00:00,CAL,California,OTH,Other,7785,megawatthours
2025-08-16 06:00:00,CAL,California,OTH,Other,6385,megawatthours
2025-08-16 07:00:00,CAL,California,OTH,Other,3800,megawatthours
2025-08-16 08:00:00,CAL,California,OTH,Other,2427,megawatthours
2025-08-16 09:00:00,CAL,California,OTH,Other,1952,megawatthours
2025-08-16 10:00:00,CAL,California,OTH,Other,1190,megawatthours
2025-08-16 11:00:00,CAL,California,OTH,Other,110,megawatthours
2025-08-16 12:00:00,CAL,California,OTH,Other,27,megawatthours
2025-08-16 13:00:00,CAL,California,OTH,Other,105,megawatthours
2025-08-16 14:00:00,CAL,California,OTH,Other,357,megawatthours
2025-08-16 15:00:00,CAL,California,OTH,Other,411,megawatthours
2025-08-16 16:00:00,CAL,California,OTH,Other,-1205,megawatthours
2025-08-16 17:00:00,CAL,California,OTH,Other,-3800,megawatthours
2025-08-16 18:00:00,CAL,California,OTH,Other,-5873,megawatthours
2025-08-16 19:00:00,CAL,California,OTH,Other,-6776,megawatthours
2025-08-16 20:00:00,CAL,California,OTH,Other,-6407,megawatthours
2025-08-16 21:00:00,CAL,California,OTH,Other,-5254,megawatthours
2025-08-16 22:00:00,CAL,California,OTH,Other,-4940,megawatthours
2025-08-16 23:00:00,CAL,California,OTH,Other,-3416,megawatthours
2025-08-17 00:00:00,CAL,California,OTH,Other,-1456,megawatthours
2025-08-17 00:00:00,CAL,California,OTH,Other,-1456,megawatthours
2025-08-17 01:00:00,CAL,California,OTH,Other,-1093,megawatthours
2025-08-17 02:00:00,CAL,California,OTH,Other,67,megawatthours
2025-08-17 03:00:00,CAL,California,OTH,Other,3615,megawatthours
2025-08-17 04:00:00,CAL,California,OTH,Other,7696,megawatthours
2025-08-17 05:00:00,CAL,California,OTH,Other,8376,megawatthours
2025-08-17 06:00:00,CAL,California,OTH,Other,6898,megawatthours
2025-08-17 07:00:00,CAL,California,OTH,Other,4461,megawatthours
2025-08-17 08:00:00,CAL,California,OTH,Other,3344,megawatthours
2025-08-17 09:00:00,CAL,California,OTH,Other,2118,megawatthours
2025-08-17 10:00:00,CAL,California,OTH,Other,1089,megawatthours
2025-08-17 11:00:00,CAL,California,OTH,Other,311,megawatthours
2025-08-17 12:00:00,CAL,California,OTH,Other,-179,megawatthours
2025-08-17 13:00:00,CAL,California,OTH,Other,-180,megawatthours
2025-08-17 14:00:00,CAL,California,OTH,Other,329,megawatthours
2025-08-17 15:00:00,CAL,California,OTH,Other,192,megawatthours
2025-08-17 16:00:00,CAL,California,OTH,Other,-1563,megawatthours
2025-08-17 17:00:00,CAL,California,OTH,Other,-3891,megawatthours
2025-08-17 18:00:00,CAL,California,OTH,Other,-4808,megawatthours
2025-08-17 19:00:00,CAL,California,OTH,Other,-5914,megawatthours
2025-08-17 20:00:00,CAL,California,OTH,Other,-6497,megawatthours
2025-08-17 21:00:00,CAL,California,OTH,Other,-5728,megawatthours
2025-08-17 22:00:00,CAL,California,OTH,Other,-4966,megawatthours
2025-08-17 23:00:00,CAL,California,OTH,Other,-2402,megawatthours
2025-08-18 00:00:00,CAL,California,OTH,Other,-659,megawatthours
2025-08-18 00:00:00,CAL,California,OTH,Other,-659,megawatthours
2025-08-18 01:00:00,CAL,California,OTH,Other,-288,megawatthours
2025-08-18 02:00:00,CAL,California,OTH,Other,53,megawatthours
2025-08-18 03:00:00,CAL,California,OTH,Other,5092,megawatthours
2025-08-18 04:00:00,CAL,California,OTH,Other,8243,megawatthours
2025-08-18 05:00:00,CAL,California,OTH,Other,7874,megawatthours
2025-08-18 06:00:00,CAL,California,OTH,Other,6581,megawatthours
2025-08-18 07:00:00,CAL,California,OTH,Other,3675,megawatthours
2025-08-18 08:00:00,CAL,California,OTH,Other,1963,megawatthours
2025-08-18 09:00:00,CAL,California,OTH,Other,900,megawatthours
2025-08-18 10:00:00,CAL,California,OTH,Other,-211,megawatthours
2025-08-18 11:00:00,CAL,California,OTH,Other,-730,megawatthours
2025-08-18 12:00:00,CAL,California,OTH,Other,-655,megawatthours
2025-08-18 13:00:00,CAL,California,OTH,Other,-88,megawatthours
2025-08-18 14:00:00,CAL,California,OTH,Other,539,megawatthours
2025-08-18 15:00:00,CAL,California,OTH,Other,719,megawatthours
2025-08-18 16:00:00,CAL,California,OTH,Other,-1407,megawatthours
2025-08-18 17:00:00,CAL,California,OTH,Other,-4463,megawatthours
2025-08-18 18:00:00,CAL,California,OTH,Other,-5711,megawatthours
2025-08-18 19:00:00,CAL,California,OTH,Other,-6047,megawatthours
2025-08-18 20:00:00,CAL,California,OTH,Other,-6407,megawatthours
2025-08-18 21:00:00,CAL,California,OTH,Other,-4657,megawatthours
2025-08-18 22:00:00,CAL,California,OTH,Other,-2553,megawatthours
2025-08-18 23:00:00,CAL,California,OTH,Other,-781,megawatthours
2025-08-19 00:00:00,CAL,California,OTH,Other,566,megawatthours
2025-08-19 00:00:00,CAL,California,OTH,Other,566,megawatthours
2025-08-19 01:00:00,CAL,California,OTH,Other,189,megawatthours
2025-08-19 02:00:00,CAL,California,OTH,Other,913,megawatthours
2025-08-19 03:00:00,CAL,California,OTH,Other,5300,megawatthours
2025-08-19 04:00:00,CAL,California,OTH,Other,8342,megawatthours
2025-08-19 05:00:00,CAL,California,OTH,Other,7096,megawatthours
2025-08-19 06:00:00,CAL,California,OTH,Other,5521,megawatthours
2025-08-19 07:00:00,CAL,California,OTH,Other,2208,megawatthours
2025-08-19 08:00:00,CAL,California,OTH,Other,175,megawatthours
2025-08-19 09:00:00,CAL,California,OTH,Other,328,megawatthours
2025-08-19 10:00:00,CAL,California,OTH,Other,-435,megawatthours
2025-08-19 11:00:00,CAL,California,OTH,Other,-730,megawatthours
2025-08-19 12:00:00,CAL,California,OTH,Other,-1088,megawatthours
2025-08-19 13:00:00,CAL,California,OTH,Other,-637,megawatthours
2025-08-19 14:00:00,CAL,California,OTH,Other,471,megawatthours
2025-08-19 15:00:00,CAL,California,OTH,Other,1669,megawatthours
2025-08-19 16:00:00,CAL,California,OTH,Other,-1181,megawatthours
2025-08-19 17:00:00,CAL,California,OTH,Other,-4239,megawatthours
2025-08-19 18:00:00,CAL,California,OTH,Other,-6777,megawatthours
2025-08-19 19:00:00,CAL,California,OTH,Other,-7005,megawatthours
2025-08-19 20:00:00,CAL,California,OTH,Other,-6871,megawatthours
2025-08-19 21:00:00,CAL,California,OTH,Other,-4999,megawatthours
2025-08-19 22:00:00,CAL,California,OTH,Other,-2575,megawatthours
2025-08-19 23:00:00,CAL,California,OTH,Other,-697,megawatthours
2025-08-20 00:00:00,CAL,California,OTH,Other,374,megawatthours
2025-08-20 00:00:00,CAL,California,OTH,Other,374,megawatthours
2025-08-20 01:00:00,CAL,California,OTH,Other,293,megawatthours
2025-08-20 02:00:00,CAL,California,OTH,Other,534,megawatthours
2025-08-20 03:00:00,CAL,California,OTH,Other,5935,megawatthours
2025-08-20 04:00:00,CAL,California,OTH,Other,8920,megawatthours
2025-08-20 05:00:00,CAL,California,OTH,Other,8072,megawatthours
2025-08-20 06:00:00,CAL,California,OTH,Other,6606,megawatthours
2025-08-20 07:00:00,CAL,California,OTH,Other,3013,megawatthours
2025-08-20 08:00:00,CAL,California,OTH,Other,891,megawatthours
2025-08-20 09:00:00,CAL,California,OTH,Other,211,megawatthours
2025-08-20 10:00:00,CAL,California,OTH,Other,-518,megawatthours
2025-08-20 11:00:00,CAL,California,OTH,Other,-914,megawatthours
2025-08-20 12:00:00,CAL,California,OTH,Other,-1451,megawatthours
2025-08-20 13:00:00,CAL,California,OTH,Other,-1012,megawatthours
2025-08-20 14:00:00,CAL,California,OTH,Other,-93,megawatthours
2025-08-20 15:00:00,CAL,California,OTH,Other,598,megawatthours
2025-08-20 16:00:00,CAL,California,OTH,Other,-2394,megawatthours
2025-08-20 17:00:00,CAL,California,OTH,Other,-5489,megawatthours
2025-08-20 18:00:00,CAL,California,OTH,Other,-7260,megawatthours
2025-08-20 19:00:00,CAL,California,OTH,Other,-6930,megawatthours
2025-08-20 20:00:00,CAL,California,OTH,Other,-5980,megawatthours
2025-08-20 21:00:00,CAL,California,OTH,Other,-3886,megawatthours
2025-08-20 22:00:00,CAL,California,OTH,Other,-1561,megawatthours
2025-08-20 23:00:00,CAL,California,OTH,Other,376,megawatthours
2025-08-21 00:00:00,CAL,California,OTH,Other,1366,megawatthours
2025-08-21 00:00:00,CAL,California,OTH,Other,1366,megawatthours
2025-08-21 01:00:00,CAL,California,OTH,Other,350,megawatthours
2025-08-21 02:00:00,CAL,California,OTH,Other,1392,megawatthours
2025-08-21 03:00:00,CAL,California,OTH,Other,6429,megawatthours
2025-08-21 04:00:00,CAL,California,OTH,Other,9121,megawatthours
2025-08-21 05:00:00,CAL,California,OTH,Other,8201,megawatthours
2025-08-21 06:00:00,CAL,California,OTH,Other,6249,megawatthours
2025-08-21 07:00:00,CAL,California,OTH,Other,2707,megawatthours
2025-08-21 08:00:00,CAL,California,OTH,Other,500,megawatthours
2025-08-21 09:00:00,CAL,California,OTH,Other,194,megawatthours
2025-08-21 10:00:00,CAL,California,OTH,Other,-411,megawatthours
2025-08-21 11:00:00,CAL,California,OTH,Other,-800,megawatthours
2025-08-21 12:00:00,CAL,California,OTH,Other,-791,megawatthours
2025-08-21 13:00:00,CAL,California,OTH,Other,-254,megawatthours
2025-08-21 14:00:00,CAL,California,OTH,Other,263,megawatthours
2025-08-21 15:00:00,CAL,California,OTH,Other,1122,megawatthours
2025-08-21 16:00:00,CAL,California,OTH,Other,-2241,megawatthours
2025-08-21 17:00:00,CAL,California,OTH,Other,-6218,megawatthours
2025-08-21 18:00:00,CAL,California,OTH,Other,-7113,megawatthours
2025-08-21 19:00:00,CAL,California,OTH,Other,-6657,megawatthours
2025-08-21 20:00:00,CAL,California,OTH,Other,-4557,megawatthours
2025-08-21 21:00:00,CAL,California,OTH,Other,-2878,megawatthours
2025-08-21 22:00:00,CAL,California,OTH,Other,-756,megawatthours
2025-08-21 23:00:00,CAL,California,OTH,Other,-91,megawatthours
2025-08-22 00:00:00,CAL,California,OTH,Other,1021,megawatthours
2025-08-22 00:00:00,CAL,California,OTH,Other,1021,megawatthours
2025-08-22 01:00:00,CAL,California,OTH,Other,1683,megawatthours
2025-08-22 02:00:00,CAL,California,OTH,Other,2537,megawatthours
2025-08-22 03:00:00,CAL,California,OTH,Other,6310,megawatthours
2025-08-22 04:00:00,CAL,California,OTH,Other,6750,megawatthours
2025-08-22 05:00:00,CAL,California,OTH,Other,5231,megawatthours
2025-08-22 06:00:00,CAL,California,OTH,Other,3555,megawatthours
2025-08-22 07:00:00,CAL,California,OTH,Other,851,megawatthours
2025-08-22 08:00:00,CAL,California,OTH,Other,42,megawatthours
2025-08-22 09:00:00,CAL,California,OTH,Other,329,megawatthours
2025-08-22 10:00:00,CAL,California,OTH,Other,-504,megawatthours
2025-08-22 11:00:00,CAL,California,OTH,Other,-1394,megawatthours
2025-08-22 12:00:00,CAL,California,OTH,Other,-1282,megawatthours
2025-08-22 13:00:00,CAL,California,OTH,Other,-830,megawatthours
2025-08-22 14:00:00,CAL,California,OTH,Other,-203,megawatthours
2025-08-22 15:00:00,CAL,California,OTH,Other,366,megawatthours
2025-08-22 16:00:00,CAL,California,OTH,Other,-2424,megawatthours
2025-08-22 17:00:00,CAL,California,OTH,Other,-4519,megawatthours
2025-08-22 18:00:00,CAL,California,OTH,Other,-6812,megawatthours
2025-08-22 19:00:00,CAL,California,OTH,Other,-6662,megawatthours
2025-08-22 20:00:00,CAL,California,OTH,Other,-5100,megawatthours
2025-08-22 21:00:00,CAL,California,OTH,Other,-3022,megawatthours
2025-08-22 22:00:00,CAL,California,OTH,Other,-1211,megawatthours
2025-08-22 23:00:00,CAL,California,OTH,Other,289,megawatthours
2025-08-23 00:00:00,CAL,California,OTH,Other,1802,megawatthours
2025-08-23 00:00:00,CAL,California,OTH,Other,1802,megawatthours
2025-08-23 01:00:00,CAL,California,OTH,Other,1098,megawatthours
2025-08-23 02:00:00,CAL,California,OTH,Other,2658,megawatthours
2025-08-23 03:00:00,CAL,California,OTH,Other,6410,megawatthours
2025-08-23 04:00:00,CAL,California,OTH,Other,6625,megawatthours
2025-08-23 05:00:00,CAL,California,OTH,Other,6435,megawatthours
2025-08-23 06:00:00,CAL,California,OTH,Other,5207,megawatthours
2025-08-23 07:00:00,CAL,California,OTH,Other,2402,megawatthours
2025-08-23 08:00:00,CAL,California,OTH,Other,963,megawatthours
2025-08-23 09:00:00,CAL,California,OTH,Other,678,megawatthours
2025-08-23 10:00:00,CAL,California,OTH,Other,-26,megawatthours
2025-08-23 11:00:00,CAL,California,OTH,Other,-98,megawatthours
2025-08-23 12:00:00,CAL,California,OTH,Other,-732,megawatthours
2025-08-23 13:00:00,CAL,California,OTH,Other,-710,megawatthours
2025-08-23 14:00:00,CAL,California,OTH,Other,-889,megawatthours
2025-08-23 15:00:00,CAL,California,OTH,Other,-251,megawatthours
2025-08-23 16:00:00,CAL,California,OTH,Other,-3675,megawatthours
2025-08-23 17:00:00,CAL,California,OTH,Other,-6126,megawatthours
2025-08-23 18:00:00,CAL,California,OTH,Other,-5381,megawatthours
2025-08-23 19:00:00,CAL,California,OTH,Other,-4647,megawatthours
2025-08-23 20:00:00,CAL,California,OTH,Other,-3316,megawatthours
2025-08-23 21:00:00,CAL,California,OTH,Other,-2971,megawatthours
2025-08-23 22:00:00,CAL,California,OTH,Other,-2480,megawatthours
2025-08-23 23:00:00,CAL,California,OTH,Other,-194,megawatthours
2025-08-24 00:00:00,CAL,California,OTH,Other,1164,megawatthours
2025-08-24 00:00:00,CAL,California,OTH,Other,1164,megawatthours
2025-08-24 01:00:00,CAL,California,OTH,Other,266,megawatthours
2025-08-24 02:00:00,CAL,California,OTH,Other,2220,megawatthours
2025-08-24 03:00:00,CAL,California,OTH,Other,6086,megawatthours
2025-08-24 04:00:00,CAL,California,OTH,Other,6815,megawatthours
2025-08-24 05:00:00,CAL,California,OTH,Other,5927,megawatthours
2025-08-24 06:00:00,CAL,California,OTH,Other,4529,megawatthours
2025-08-24 07:00:00,CAL,California,OTH,Other,2016,megawatthours
2025-08-24 08:00:00,CAL,California,OTH,Other,907,megawatthours
2025-08-24 09:00:00,CAL,California,OTH,Other,902,megawatthours
2025-08-24 10:00:00,CAL,California,OTH,Other,262,megawatthours
2025-08-24 11:00:00,CAL,California,OTH,Other,-230,megawatthours
2025-08-24 12:00:00,CAL,California,OTH,Other,-723,megawatthours
2025-08-24 13:00:00,CAL,California,OTH,Other,-847,megawatthours
2025-08-24 14:00:00,CAL,California,OTH,Other,-910,megawatthours
2025-08-24 15:00:00,CAL,California,OTH,Other,-666,megawatthours
2025-08-24 16:00:00,CAL,California,OTH,Other,-2497,megawatthours
2025-08-24 17:00:00,CAL,California,OTH,Other,-6302,megawatthours
2025-08-24 18:00:00,CAL,California,OTH,Other,-7708,megawatthours
2025-08-24 19:00:00,CAL,California,OTH,Other,-7319,megawatthours
2025-08-24 20:00:00,CAL,California,OTH,Other,-6412,megawatthours
2025-08-24 21:00:00,CAL,California,OTH,Other,-4208,megawatthours
2025-08-24 22:00:00,CAL,California,OTH,Other,-1772,megawatthours
2025-08-24 23:00:00,CAL,California,OTH,Other,-672,megawatthours
2025-08-25 00:00:00,CAL,California,OTH,Other,-690,megawatthours
2025-08-25 00:00:00,CAL,California,OTH,Other,-690,megawatthours
2025-08-25 01:00:00,CAL,California,OTH,Other,338,megawatthours
2025-08-25 02:00:00,CAL,California,OTH,Other,3810,megawatthours
2025-08-25 03:00:00,CAL,California,OTH,Other,7465,megawatthours
2025-08-25 04:00:00,CAL,California,OTH,Other,7812,megawatthours
2025-08-25 05:00:00,CAL,California,OTH,Other,7180,megawatthours
2025-08-25 06:00:00,CAL,California,OTH,Other,5917,megawatthours
2025-08-25 07:00:00,CAL,California,OTH,Other,3038,megawatthours
2025-08-25 08:00:00,CAL,California,OTH,Other,872,megawatthours
2025-08-25 09:00:00,CAL,California,OTH,Other,290,megawatthours
2025-08-25 10:00:00,CAL,California,OTH,Other,-640,megawatthours
2025-08-25 11:00:00,CAL,California,OTH,Other,-1601,megawatthours
2025-08-25 12:00:00,CAL,California,OTH,Other,-1933,megawatthours
2025-08-25 13:00:00,CAL,California,OTH,Other,-1552,megawatthours
2025-08-25 14:00:00,CAL,California,OTH,Other,-414,megawatthours
2025-08-25 15:00:00,CAL,California,OTH,Other,1570,megawatthours
2025-08-25 16:00:00,CAL,California,OTH,Other,-553,megawatthours
2025-08-25 17:00:00,CAL,California,OTH,Other,-4834,megawatthours
2025-08-25 18:00:00,CAL,California,OTH,Other,-5604,megawatthours
2025-08-25 19:00:00,CAL,California,OTH,Other,-5707,megawatthours
2025-08-25 20:00:00,CAL,California,OTH,Other,-5112,megawatthours
2025-08-25 21:00:00,CAL,California,OTH,Other,-3863,megawatthours
2025-08-25 22:00:00,CAL,California,OTH,Other,-2133,megawatthours
2025-08-25 23:00:00,CAL,California,OTH,Other,-615,megawatthours
2025-08-26 00:00:00,CAL,California,OTH,Other,2772,megawatthours
2025-08-26 00:00:00,CAL,California,OTH,Other,2772,megawatthours
2025-08-26 01:00:00,CAL,California,OTH,Other,4097,megawatthours
2025-08-26 02:00:00,CAL,California,OTH,Other,3851,megawatthours
2025-08-26 03:00:00,CAL,California,OTH,Other,5854,megawatthours
2025-08-26 04:00:00,CAL,California,OTH,Other,5707,megawatthours
2025-08-26 05:00:00,CAL,California,OTH,Other,5139,megawatthours
2025-08-26 06:00:00,CAL,California,OTH,Other,3746,megawatthours
2025-08-26 07:00:00,CAL,California,OTH,Other,1371,megawatthours
2025-08-26 08:00:00,CAL,California,OTH,Other,596,megawatthours
2025-08-26 09:00:00,CAL,California,OTH,Other,510,megawatthours
2025-08-26 10:00:00,CAL,California,OTH,Other,-13,megawatthours
2025-08-26 11:00:00,CAL,California,OTH,Other,-703,megawatthours
2025-08-26 12:00:00,CAL,California,OTH,Other,-1176,megawatthours
2025-08-26 13:00:00,CAL,California,OTH,Other,-724,megawatthours
2025-08-26 14:00:00,CAL,California,OTH,Other,-16,megawatthours
2025-08-26 15:00:00,CAL,California,OTH,Other,1766,megawatthours
2025-08-26 16:00:00,CAL,California,OTH,Other,152,megawatthours
2025-08-26 17:00:00,CAL,California,OTH,Other,-4087,megawatthours
2025-08-26 18:00:00,CAL,California,OTH,Other,-6871,megawatthours
2025-08-26 19:00:00,CAL,California,OTH,Other,-7981,megawatthours
2025-08-26 20:00:00,CAL,California,OTH,Other,-6585,megawatthours
2025-08-26 21:00:00,CAL,California,OTH,Other,-5099,megawatthours
2025-08-26 22:00:00,CAL,California,OTH,Other,-2870,megawatthours
2025-08-26 23:00:00,CAL,California,OTH,Other,-678,megawatthours
2025-08-27 00:00:00,CAL,California,OTH,Other,101,megawatthours
2025-08-27 00:00:00,CAL,California,OTH,Other,101,megawatthours
2025-08-27 01:00:00,CAL,California,OTH,Other,74,megawatthours
2025-08-27 02:00:00,CAL,California,OTH,Other,897,megawatthours
2025-08-27 03:00:00,CAL,California,OTH,Other,5692,megawatthours
2025-08-27 04:00:00,CAL,California,OTH,Other,8336,megawatthours
2025-08-27 05:00:00,CAL,California,OTH,Other,7213,megawatthours
2025-08-27 06:00:00,CAL,California,OTH,Other,5847,megawatthours
2025-08-27 07:00:00,CAL,California,OTH,Other,1976,megawatthours
2025-08-27 08:00:00,CAL,California,OTH,Other,740,megawatthours
2025-08-27 09:00:00,CAL,California,OTH,Other,367,megawatthours
2025-08-27 10:00:00,CAL,California,OTH,Other,-97,megawatthours
2025-08-27 11:00:00,CAL,California,OTH,Other,-366,megawatthours
2025-08-27 12:00:00,CAL,California,OTH,Other,-527,megawatthours
2025-08-27 13:00:00,CAL,California,OTH,Other,-98,megawatthours
2025-08-27 14:00:00,CAL,California,OTH,Other,232,megawatthours
2025-08-27 15:00:00,CAL,California,OTH,Other,809,megawatthours
2025-08-27 16:00:00,CAL,California,OTH,Other,-1354,megawatthours
2025-08-27 17:00:00,CAL,California,OTH,Other,-5462,megawatthours
2025-08-27 18:00:00,CAL,California,OTH,Other,-6795,megawatthours
2025-08-27 19:00:00,CAL,California,OTH,Other,-7193,megawatthours
2025-08-27 20:00:00,CAL,California,OTH,Other,-6387,megawatthours
2025-08-27 21:00:00,CAL,California,OTH,Other,-4452,megawatthours
2025-08-27 22:00:00,CAL,California,OTH,Other,-2100,megawatthours
2025-08-27 23:00:00,CAL,California,OTH,Other,-509,megawatthours
2025-08-28 00:00:00,CAL,California,OTH,Other,957,megawatthours
2025-08-28 00:00:00,CAL,California,OTH,Other,957,megawatthours
2025-08-28 01:00:00,CAL,California,OTH,Other,260,megawatthours
2025-08-28 02:00:00,CAL,California,OTH,Other,1603,megawatthours
2025-08-28 03:00:00,CAL,California,OTH,Other,5302,megawatthours
2025-08-28 04:00:00,CAL,California,OTH,Other,7180,megawatthours
2025-08-28 05:00:00,CAL,California,OTH,Other,6256,megawatthours
2025-08-28 06:00:00,CAL,California,OTH,Other,4681,megawatthours
2025-08-28 07:00:00,CAL,California,OTH,Other,2260,megawatthours
2025-08-28 08:00:00,CAL,California,OTH,Other,668,megawatthours
2025-08-28 09:00:00,CAL,California,OTH,Other,145,megawatthours
2025-08-28 10:00:00,CAL,California,OTH,Other,-484,megawatthours
2025-08-28 11:00:00,CAL,California,OTH,Other,-1224,megawatthours
2025-08-28 12:00:00,CAL,California,OTH,Other,-1411,megawatthours
2025-08-28 13:00:00,CAL,California,OTH,Other,-952,megawatthours
2025-08-28 14:00:00,CAL,California,OTH,Other,55,megawatthours
2025-08-28 15:00:00,CAL,California,OTH,Other,286,megawatthours
2025-08-28 16:00:00,CAL,California,OTH,Other,-530,megawatthours
2025-08-28 17:00:00,CAL,California,OTH,Other,-3007,megawatthours
2025-08-28 18:00:00,CAL,California,OTH,Other,-4017,megawatthours
2025-08-28 19:00:00,CAL,California,OTH,Other,-4748,megawatthours
2025-08-28 20:00:00,CAL,California,OTH,Other,-4767,megawatthours
2025-08-28 21:00:00,CAL,California,OTH,Other,-4202,megawatthours
2025-08-28 22:00:00,CAL,California,OTH,Other,-2089,megawatthours
2025-08-28 23:00:00,CAL,California,OTH,Other,-239,megawatthours
2025-08-29 00:00:00,CAL,California,OTH,Other,570,megawatthours
2025-08-29 00:00:00,CAL,California,OTH,Other,570,megawatthours
2025-08-29 01:00:00,CAL,California,OTH,Other,608,megawatthours
2025-08-29 02:00:00,CAL,California,OTH,Other,1619,megawatthours
2025-08-29 03:00:00,CAL,California,OTH,Other,5602,megawatthours
2025-08-29 04:00:00,CAL,California,OTH,Other,7226,megawatthours
2025-08-29 05:00:00,CAL,California,OTH,Other,6498,megawatthours
2025-08-29 06:00:00,CAL,California,OTH,Other,5197,megawatthours
2025-08-29 07:00:00,CAL,California,OTH,Other,2599,megawatthours
2025-08-29 08:00:00,CAL,California,OTH,Other,1048,megawatthours
2025-08-29 09:00:00,CAL,California,OTH,Other,365,megawatthours
2025-08-29 10:00:00,CAL,California,OTH,Other,-162,megawatthours
2025-08-29 11:00:00,CAL,California,OTH,Other,-609,megawatthours
2025-08-29 12:00:00,CAL,California,OTH,Other,-1051,megawatthours
2025-08-29 13:00:00,CAL,California,OTH,Other,-741,megawatthours
2025-08-29 14:00:00,CAL,California,OTH,Other,-128,megawatthours
2025-08-29 15:00:00,CAL,California,OTH,Other,674,megawatthours
2025-08-29 16:00:00,CAL,California,OTH,Other,-1721,megawatthours
2025-08-29 17:00:00,CAL,California,OTH,Other,-5186,megawatthours
2025-08-29 18:00:00,CAL,California,OTH,Other,-7006,megawatthours
2025-08-29 19:00:00,CAL,California,OTH,Other,-7098,megawatthours
2025-08-29 20:00:00,CAL,California,OTH,Other,-6093,megawatthours
2025-08-29 21:00:00,CAL,California,OTH,Other,-4636,megawatthours
2025-08-29 22:00:00,CAL,California,OTH,Other,-3025,megawatthours
2025-08-29 23:00:00,CAL,California,OTH,Other,-1254,megawatthours
2025-08-30 00:00:00,CAL,California,OTH,Other,31,megawatthours
2025-08-30 00:00:00,CAL,California,OTH,Other,31,megawatthours
2025-08-30 01:00:00,CAL,California,OTH,Other,257,megawatthours
2025-08-30 02:00:00,CAL,California,OTH,Other,934,megawatthours
2025-08-30 03:00:00,CAL,California,OTH,Other,6089,megawatthours
2025-08-30 04:00:00,CAL,California,OTH,Other,8013,megawatthours
2025-08-30 05:00:00,CAL,California,OTH,Other,7959,megawatthours
2025-08-30 06:00:00,CAL,California,OTH,Other,6412,megawatthours
2025-08-30 07:00:00,CAL,California,OTH,Other,3851,megawatthours
2025-08-30 08:00:00,CAL,California,OTH,Other,1117,megawatthours
2025-08-30 09:00:00,CAL,California,OTH,Other,427,megawatthours
2025-08-30 10:00:00,CAL,California,OTH,Other,-92,megawatthours
2025-08-30 11:00:00,CAL,California,OTH,Other,-227,megawatthours
2025-08-30 12:00:00,CAL,California,OTH,Other,-33,megawatthours
2025-08-30 13:00:00,CAL,California,OTH,Other,-61,megawatthours
2025-08-30 14:00:00,CAL,California,OTH,Other,320,megawatthours
2025-08-30 15:00:00,CAL,California,OTH,Other,515,megawatthours
2025-08-30 16:00:00,CAL,California,OTH,Other,-2174,megawatthours
2025-08-30 17:00:00,CAL,California,OTH,Other,-6598,megawatthours
2025-08-30 18:00:00,CAL,California,OTH,Other,-8145,megawatthours
2025-08-30 19:00:00,CAL,California,OTH,Other,-7763,megawatthours
2025-08-30 20:00:00,CAL,California,OTH,Other,-6030,megawatthours
2025-08-30 21:00:00,CAL,California,OTH,Other,-4119,megawatthours
2025-08-30 22:00:00,CAL,California,OTH,Other,-2110,megawatthours
2025-08-30 23:00:00,CAL,California,OTH,Other,-216,megawatthours
2025-08-31 00:00:00,CAL,California,OTH,Other,34,megawatthours
2025-08-31 00:00:00,CAL,California,OTH,Other,34,megawatthours
2025-08-31 01:00:00,CAL,California,OTH,Other,104,megawatthours
2025-08-31 02:00:00,CAL,California,OTH,Other,1675,megawatthours
2025-08-31 03:00:00,CAL,California,OTH,Other,8310,megawatthours
2025-08-31 04:00:00,CAL,California,OTH,Other,9046,megawatthours
2025-08-31 05:00:00,CAL,California,OTH,Other,7460,megawatthours
2025-08-31 06:00:00,CAL,California,OTH,Other,5795,megawatthours
2025-08-31 07:00:00,CAL,California,OTH,Other,2754,megawatthours
2025-08-31 08:00:00,CAL,California,OTH,Other,1448,megawatthours
2025-08-31 09:00:00,CAL,California,OTH,Other,942,megawatthours
2025-08-31 10:00:00,CAL,California,OTH,Other,471,megawatthours
2025-08-31 11:00:00,CAL,California,OTH,Other,-80,megawatthours
2025-08-31 12:00:00,CAL,California,OTH,Other,-106,megawatthours
2025-08-31 13:00:00,CAL,California,OTH,Other,47,megawatthours
2025-08-31 14:00:00,CAL,California,OTH,Other,99,megawatthours
2025-08-31 15:00:00,CAL,California,OTH,Other,154,megawatthours
2025-08-31 16:00:00,CAL,California,OTH,Other,-2338,megawatthours
2025-08-31 17:00:00,CAL,California,OTH,Other,-6859,megawatthours
2025-08-31 18:00:00,CAL,California,OTH,Other,-8380,megawatthours
2025-08-31 19:00:00,CAL,California,OTH,Other,-8174,megawatthours
2025-08-31 20:00:00,CAL,California,OTH,Other,-6936,megawatthours
2025-08-31 21:00:00,CAL,California,OTH,Other,-4109,megawatthours
2025-08-31 22:00:00,CAL,California,OTH,Other,-1762,megawatthours
2025-08-31 23:00:00,CAL,California,OTH,Other,-354,megawatthours
2025-09-01 00:00:00,CAL,California,OTH,Other,2,megawatthours
2025-09-01 00:00:00,CAL,California,OTH,Other,2,megawatthours
2025-09-01 01:00:00,CAL,California,OTH,Other,126,megawatthours
2025-09-01 02:00:00,CAL,California,OTH,Other,1334,megawatthours
2025-09-01 03:00:00,CAL,California,OTH,Other,7883,megawatthours
2025-09-01 04:00:00,CAL,California,OTH,Other,9045,megawatthours
2025-09-01 05:00:00,CAL,California,OTH,Other,7993,megawatthours
2025-09-01 06:00:00,CAL,California,OTH,Other,6171,megawatthours
2025-09-01 07:00:00,CAL,California,OTH,Other,2875,megawatthours
2025-09-01 08:00:00,CAL,California,OTH,Other,1262,megawatthours
2025-09-01 09:00:00,CAL,California,OTH,Other,847,megawatthours
2025-09-01 10:00:00,CAL,California,OTH,Other,-162,megawatthours
2025-09-01 11:00:00,CAL,California,OTH,Other,-374,megawatthours
2025-09-01 12:00:00,CAL,California,OTH,Other,-194,megawatthours
2025-09-01 13:00:00,CAL,California,OTH,Other,-54,megawatthours
2025-09-01 14:00:00,CAL,California,OTH,Other,242,megawatthours
2025-09-01 15:00:00,CAL,California,OTH,Other,99,megawatthours
2025-09-01 16:00:00,CAL,California,OTH,Other,-2432,megawatthours
2025-09-01 17:00:00,CAL,California,OTH,Other,-6532,megawatthours
2025-09-01 18:00:00,CAL,California,OTH,Other,-7558,megawatthours
2025-09-01 19:00:00,CAL,California,OTH,Other,-6969,megawatthours
2025-09-01 20:00:00,CAL,California,OTH,Other,-6321,megawatthours
2025-09-01 21:00:00,CAL,California,OTH,Other,-4282,megawatthours
2025-09-01 22:00:00,CAL,California,OTH,Other,-2360,megawatthours
2025-09-01 23:00:00,CAL,California,OTH,Other,-259,megawatthours
2025-09-02 00:00:00,CAL,California,OTH,Other,177,megawatthours
2025-09-02 00:00:00,CAL,California,OTH,Other,177,megawatthours
2025-09-02 01:00:00,CAL,California,OTH,Other,83,megawatthours
2025-09-02 02:00:00,CAL,California,OTH,Other,3161,megawatthours
2025-09-02 03:00:00,CAL,California,OTH,Other,7040,megawatthours
2025-09-02 04:00:00,CAL,California,OTH,Other,7423,megawatthours
2025-09-02 05:00:00,CAL,California,OTH,Other,7391,megawatthours
2025-09-02 06:00:00,CAL,California,OTH,Other,5426,megawatthours
2025-09-02 07:00:00,CAL,California,OTH,Other,2508,megawatthours
2025-09-02 08:00:00,CAL,California,OTH,Other,588,megawatthours
2025-09-02 09:00:00,CAL,California,OTH,Other,619,megawatthours
2025-09-02 10:00:00,CAL,California,OTH,Other,-790,megawatthours
2025-09-02 11:00:00,CAL,California,OTH,Other,-1776,megawatthours
2025-09-02 12:00:00,CAL,California,OTH,Other,-2288,megawatthours
2025-09-02 13:00:00,CAL,California,OTH,Other,-1933,megawatthours
2025-09-02 14:00:00,CAL,California,OTH,Other,-322,megawatthours
2025-09-02 15:00:00,CAL,California,OTH,Other,1159,megawatthours
2025-09-02 16:00:00,CAL,California,OTH,Other,-580,megawatthours
2025-09-02 17:00:00,CAL,California,OTH,Other,-2275,megawatthours
2025-09-02 18:00:00,CAL,California,OTH,Other,-2361,megawatthours
2025-09-02 19:00:00,CAL,California,OTH,Other,-4324,megawatthours
2025-09-02 20:00:00,CAL,California,OTH,Other,-5004,megawatthours
2025-09-02 21:00:00,CAL,California,OTH,Other,-3639,megawatthours
2025-09-02 22:00:00,CAL,California,OTH,Other,-2203,megawatthours
2025-09-02 23:00:00,CAL,California,OTH,Other,-1613,megawatthours
2025-09-03 00:00:00,CAL,California,OTH,Other,-536,megawatthours
2025-09-03 00:00:00,CAL,California,OTH,Other,-536,megawatthours
2025-09-03 01:00:00,CAL,California,OTH,Other,1511,megawatthours
2025-09-03 02:00:00,CAL,California,OTH,Other,4286,megawatthours
2025-09-03 03:00:00,CAL,California,OTH,Other,7012,megawatthours
2025-09-03 04:00:00,CAL,California,OTH,Other,6340,megawatthours
2025-09-03 05:00:00,CAL,California,OTH,Other,5510,megawatthours
2025-09-03 06:00:00,CAL,California,OTH,Other,4065,megawatthours
2025-09-03 07:00:00,CAL,California,OTH,Other,2280,megawatthours
2025-09-03 08:00:00,CAL,California,OTH,Other,1412,megawatthours
2025-09-03 09:00:00,CAL,California,OTH,Other,473,megawatthours
2025-09-03 10:00:00,CAL,California,OTH,Other,-8,megawatthours
2025-09-03 11:00:00,CAL,California,OTH,Other,22,megawatthours
2025-09-03 12:00:00,CAL,California,OTH,Other,-1111,megawatthours
2025-09-03 13:00:00,CAL,California,OTH,Other,-898,megawatthours
2025-09-03 14:00:00,CAL,California,OTH,Other,161,megawatthours
2025-09-03 15:00:00,CAL,California,OTH,Other,1324,megawatthours
2025-09-03 16:00:00,CAL,California,OTH,Other,-1506,megawatthours
2025-09-03 17:00:00,CAL,California,OTH,Other,-6211,megawatthours
2025-09-03 18:00:00,CAL,California,OTH,Other,-7337,megawatthours
2025-09-03 19:00:00,CAL,California,OTH,Other,-7678,megawatthours
2025-09-03 20:00:00,CAL,California,OTH,Other,-6933,megawatthours
2025-09-03 21:00:00,CAL,California,OTH,Other,-4760,megawatthours
2025-09-03 22:00:00,CAL,California,OTH,Other,-2703,megawatthours
2025-09-03 23:00:00,CAL,California,OTH,Other,-722,megawatthours
2025-09-04 00:00:00,CAL,California,OTH,Other,281,megawatthours
2025-09-04 00:00:00,CAL,California,OTH,Other,281,megawatthours
2025-09-04 01:00:00,CAL,California,OTH,Other,853,megawatthours
2025-09-04 02:00:00,CAL,California,OTH,Other,3992,megawatthours
2025-09-04 03:00:00,CAL,California,OTH,Other,8564,megawatthours
2025-09-04 04:00:00,CAL,California,OTH,Other,8608,megawatthours
2025-09-04 05:00:00,CAL,California,OTH,Other,7560,megawatthours
2025-09-04 06:00:00,CAL,California,OTH,Other,4600,megawatthours
2025-09-04 07:00:00,CAL,California,OTH,Other,1695,megawatthours
2025-09-04 08:00:00,CAL,California,OTH,Other,911,megawatthours
2025-09-04 09:00:00,CAL,California,OTH,Other,543,megawatthours
2025-09-04 10:00:00,CAL,California,OTH,Other,-209,megawatthours
2025-09-04 11:00:00,CAL,California,OTH,Other,-742,megawatthours
2025-09-04 12:00:00,CAL,California,OTH,Other,-860,megawatthours
2025-09-04 13:00:00,CAL,California,OTH,Other,-850,megawatthours
2025-09-04 14:00:00,CAL,California,OTH,Other,577,megawatthours
2025-09-04 15:00:00,CAL,California,OTH,Other,2160,megawatthours
2025-09-04 16:00:00,CAL,California,OTH,Other,-662,megawatthours
2025-09-04 17:00:00,CAL,California,OTH,Other,-4817,megawatthours
2025-09-04 18:00:00,CAL,California,OTH,Other,-7361,megawatthours
2025-09-04 19:00:00,CAL,California,OTH,Other,-8084,megawatthours
2025-09-04 20:00:00,CAL,California,OTH,Other,-7651,megawatthours
2025-09-04 21:00:00,CAL,California,OTH,Other,-6389,megawatthours
2025-09-04 22:00:00,CAL,California,OTH,Other,-2980,megawatthours
2025-09-04 23:00:00,CAL,California,OTH,Other,-727,megawatthours
2025-09-05 00:00:00,CAL,California,OTH,Other,782,megawatthours
2025-09-05 00:00:00,CAL,California,OTH,Other,782,megawatthours
2025-09-05 01:00:00,CAL,California,OTH,Other,772,megawatthours
2025-09-05 02:00:00,CAL,California,OTH,Other,2728,megawatthours
2025-09-05 03:00:00,CAL,California,OTH,Other,6624,megawatthours
2025-09-05 04:00:00,CAL,California,OTH,Other,7151,megawatthours
2025-09-05 05:00:00,CAL,California,OTH,Other,5963,megawatthours
2025-09-05 06:00:00,CAL,California,OTH,Other,4944,megawatthours
2025-09-05 07:00:00,CAL,California,OTH,Other,2377,megawatthours
2025-09-05 08:00:00,CAL,California,OTH,Other,919,megawatthours
2025-09-05 09:00:00,CAL,California,OTH,Other,1147,megawatthours
2025-09-05 10:00:00,CAL,California,OTH,Other,481,megawatthours
2025-09-05 11:00:00,CAL,California,OTH,Other,-435,megawatthours
2025-09-05 12:00:00,CAL,California,OTH,Other,-263,megawatthours
2025-09-05 13:00:00,CAL,California,OTH,Other,250,megawatthours
2025-09-05 14:00:00,CAL,California,OTH,Other,1051,megawatthours
2025-09-05 15:00:00,CAL,California,OTH,Other,3151,megawatthours
2025-09-05 16:00:00,CAL,California,OTH,Other,629,megawatthours
2025-09-05 17:00:00,CAL,California,OTH,Other,-3489,megawatthours
2025-09-05 18:00:00,CAL,California,OTH,Other,-5229,megawatthours
2025-09-05 19:00:00,CAL,California,OTH,Other,-6796,megawatthours
2025-09-05 20:00:00,CAL,California,OTH,Other,-7133,megawatthours
2025-09-05 21:00:00,CAL,California,OTH,Other,-6047,megawatthours
2025-09-05 22:00:00,CAL,California,OTH,Other,-4706,megawatthours
2025-09-05 23:00:00,CAL,California,OTH,Other,-2063,megawatthours
2025-09-06 00:00:00,CAL,California,OTH,Other,-317,megawatthours
2025-09-06 00:00:00,CAL,California,OTH,Other,-317,megawatthours
2025-09-06 01:00:00,CAL,California,OTH,Other,-564,megawatthours
2025-09-06 02:00:00,CAL,California,OTH,Other,2135,megawatthours
2025-09-06 03:00:00,CAL,California,OTH,Other,7065,megawatthours
2025-09-06 04:00:00,CAL,California,OTH,Other,8311,megawatthours
2025-09-06 05:00:00,CAL,California,OTH,Other,7662,megawatthours
2025-09-06 06:00:00,CAL,California,OTH,Other,6225,megawatthours
2025-09-06 07:00:00,CAL,California,OTH,Other,3981,megawatthours
2025-09-06 08:00:00,CAL,California,OTH,Other,2160,megawatthours
2025-09-06 09:00:00,CAL,California,OTH,Other,1153,megawatthours
2025-09-06 10:00:00,CAL,California,OTH,Other,310,megawatthours
2025-09-06 11:00:00,CAL,California,OTH,Other,-151,megawatthours
2025-09-06 12:00:00,CAL,California,OTH,Other,-254,megawatthours
2025-09-06 13:00:00,CAL,California,OTH,Other,-101,megawatthours
2025-09-06 14:00:00,CAL,California,OTH,Other,27,megawatthours
2025-09-06 15:00:00,CAL,California,OTH,Other,250,megawatthours
2025-09-06 16:00:00,CAL,California,OTH,Other,-1798,megawatthours
2025-09-06 17:00:00,CAL,California,OTH,Other,-4627,megawatthours
2025-09-06 18:00:00,CAL,California,OTH,Other,-6267,megawatthours
2025-09-06 19:00:00,CAL,California,OTH,Other,-7483,megawatthours
2025-09-06 20:00:00,CAL,California,OTH,Other,-7369,megawatthours
2025-09-06 21:00:00,CAL,California,OTH,Other,-6405,megawatthours
2025-09-06 22:00:00,CAL,California,OTH,Other,-4113,megawatthours
2025-09-06 23:00:00,CAL,California,OTH,Other,-1803,megawatthours
2025-09-07 00:00:00,CAL,California,OTH,Other,-103,megawatthours
2025-09-07 00:00:00,CAL,California,OTH,Other,-103,megawatthours
2025-09-07 01:00:00,CAL,California,OTH,Other,-23,megawatthours
2025-09-07 02:00:00,CAL,California,OTH,Other,901,megawatthours
2025-09-07 03:00:00,CAL,California,OTH,Other,7074,megawatthours
2025-09-07 04:00:00,CAL,California,OTH,Other,8278,megawatthours
2025-09-07 05:00:00,CAL,California,OTH,Other,7867,megawatthours
2025-09-07 06:00:00,CAL,California,OTH,Other,6341,megawatthours
2025-09-07 07:00:00,CAL,California,OTH,Other,3848,megawatthours
2025-09-07 08:00:00,CAL,California,OTH,Other,2198,megawatthours
2025-09-07 09:00:00,CAL,California,OTH,Other,1734,megawatthours
2025-09-07 10:00:00,CAL,California,OTH,Other,436,megawatthours
2025-09-07 11:00:00,CAL,California,OTH,Other,9,megawatthours
2025-09-07 12:00:00,CAL,California,OTH,Other,-198,megawatthours
2025-09-07 13:00:00,CAL,California,OTH,Other,-117,megawatthours
2025-09-07 14:00:00,CAL,California,OTH,Other,458,megawatthours
2025-09-07 15:00:00,CAL,California,OTH,Other,414,megawatthours
2025-09-07 16:00:00,CAL,California,OTH,Other,-2103,megawatthours
2025-09-07 17:00:00,CAL,California,OTH,Other,-5525,megawatthours
2025-09-07 18:00:00,CAL,California,OTH,Other,-7722,megawatthours
2025-09-07 19:00:00,CAL,California,OTH,Other,-8313,megawatthours
2025-09-07 20:00:00,CAL,California,OTH,Other,-7379,megawatthours
2025-09-07 21:00:00,CAL,California,OTH,Other,-5370,megawatthours
2025-09-07 22:00:00,CAL,California,OTH,Other,-2599,megawatthours
2025-09-07 23:00:00,CAL,California,OTH,Other,-1695,megawatthours
2025-09-08 00:00:00,CAL,California,OTH,Other,65,megawatthours
2025-09-08 00:00:00,CAL,California,OTH,Other,65,megawatthours
2025-09-08 01:00:00,CAL,California,OTH,Other,158,megawatthours
2025-09-08 02:00:00,CAL,California,OTH,Other,2751,megawatthours
2025-09-08 03:00:00,CAL,California,OTH,Other,8341,megawatthours
2025-09-08 04:00:00,CAL,California,OTH,Other,9165,megawatthours
2025-09-08 05:00:00,CAL,California,OTH,Other,8440,megawatthours
2025-09-08 06:00:00,CAL,California,OTH,Other,6098,megawatthours
2025-09-08 07:00:00,CAL,California,OTH,Other,3232,megawatthours
2025-09-08 08:00:00,CAL,California,OTH,Other,1062,megawatthours
2025-09-08 09:00:00,CAL,California,OTH,Other,376,megawatthours
2025-09-08 10:00:00,CAL,California,OTH,Other,-440,megawatthours
2025-09-08 11:00:00,CAL,California,OTH,Other,-1117,megawatthours
2025-09-08 12:00:00,CAL,California,OTH,Other,-1119,megawatthours
2025-09-08 13:00:00,CAL,California,OTH,Other,-469,megawatthours
2025-09-08 14:00:00,CAL,California,OTH,Other,586,megawatthours
2025-09-08 15:00:00,CAL,California,OTH,Other,2275,megawatthours
2025-09-08 16:00:00,CAL,California,OTH,Other,-957,megawatthours
2025-09-08 17:00:00,CAL,California,OTH,Other,-4593,megawatthours
2025-09-08 18:00:00,CAL,California,OTH,Other,-6314,megawatthours
2025-09-08 19:00:00,CAL,California,OTH,Other,-7498,megawatthours
2025-09-08 20:00:00,CAL,California,OTH,Other,-7165,megawatthours
2025-09-08 21:00:00,CAL,California,OTH,Other,-5550,megawatthours
2025-09-08 22:00:00,CAL,California,OTH,Other,-3729,megawatthours
2025-09-08 23:00:00,CAL,California,OTH,Other,-1986,megawatthours
2025-09-09 00:00:00,CAL,California,OTH,Other,17,megawatthours
2025-09-09 00:00:00,CAL,California,OTH,Other,17,megawatthours
2025-09-09 01:00:00,CAL,California,OTH,Other,-158,megawatthours
2025-09-09 02:00:00,CAL,California,OTH,Other,1801,megawatthours
2025-09-09 03:00:00,CAL,California,OTH,Other,8900,megawatthours
2025-09-09 04:00:00,CAL,California,OTH,Other,9458,megawatthours
2025-09-09 05:00:00,CAL,California,OTH,Other,8332,megawatthours
2025-09-09 06:00:00,CAL,California,OTH,Other,5777,megawatthours
2025-09-09 07:00:00,CAL,California,OTH,Other,2685,megawatthours
2025-09-09 08:00:00,CAL,California,OTH,Other,760,megawatthours
2025-09-09 09:00:00,CAL,California,OTH,Other,365,megawatthours
2025-09-09 10:00:00,CAL,California,OTH,Other,-83,megawatthours
2025-09-09 11:00:00,CAL,California,OTH,Other,-632,megawatthours
2025-09-09 12:00:00,CAL,California,OTH,Other,-689,megawatthours
2025-09-09 13:00:00,CAL,California,OTH,Other,-193,megawatthours
2025-09-09 14:00:00,CAL,California,OTH,Other,854,megawatthours
2025-09-09 15:00:00,CAL,California,OTH,Other,2007,megawatthours
2025-09-09 16:00:00,CAL,California,OTH,Other,-1181,megawatthours
2025-09-09 17:00:00,CAL,California,OTH,Other,-5013,megawatthours
2025-09-09 18:00:00,CAL,California,OTH,Other,-5681,megawatthours
2025-09-09 19:00:00,CAL,California,OTH,Other,-7072,megawatthours
2025-09-09 20:00:00,CAL,California,OTH,Other,-6935,megawatthours
2025-09-09 21:00:00,CAL,California,OTH,Other,-6186,megawatthours
2025-09-09 22:00:00,CAL,California,OTH,Other,-3967,megawatthours
2025-09-09 23:00:00,CAL,California,OTH,Other,-1896,megawatthours
2025-09-10 00:00:00,CAL,California,OTH,Other,-751,megawatthours
2025-09-10 00:00:00,CAL,California,OTH,Other,-751,megawatthours
2025-09-10 01:00:00,CAL,California,OTH,Other,-486,megawatthours
2025-09-10 02:00:00,CAL,California,OTH,Other,355,megawatthours
2025-09-10 03:00:00,CAL,California,OTH,Other,6430,megawatthours
2025-09-10 04:00:00,CAL,California,OTH,Other,8193,megawatthours
2025-09-10 05:00:00,CAL,California,OTH,Other,7844,megawatthours
2025-09-10 06:00:00,CAL,California,OTH,Other,6425,megawatthours
2025-09-10 07:00:00,CAL,California,OTH,Other,3593,megawatthours
2025-09-10 08:00:00,CAL,California,OTH,Other,1724,megawatthours
2025-09-10 09:00:00,CAL,California,OTH,Other,1256,megawatthours
2025-09-10 10:00:00,CAL,California,OTH,Other,403,megawatthours
2025-09-10 11:00:00,CAL,California,OTH,Other,-201,megawatthours
2025-09-10 12:00:00,CAL,California,OTH,Other,-555,megawatthours
2025-09-10 13:00:00,CAL,California,OTH,Other,-194,megawatthours
2025-09-10 14:00:00,CAL,California,OTH,Other,866,megawatthours
2025-09-10 15:00:00,CAL,California,OTH,Other,2562,megawatthours
2025-09-10 16:00:00,CAL,California,OTH,Other,-350,megawatthours
2025-09-10 17:00:00,CAL,California,OTH,Other,-3836,megawatthours
2025-09-10 18:00:00,CAL,California,OTH,Other,-5160,megawatthours
2025-09-10 19:00:00,CAL,California,OTH,Other,-6405,megawatthours
2025-09-10 20:00:00,CAL,California,OTH,Other,-6350,megawatthours
2025-09-10 21:00:00,CAL,California,OTH,Other,-6153,megawatthours
2025-09-10 22:00:00,CAL,California,OTH,Other,-5007,megawatthours
2025-09-10 23:00:00,CAL,California,OTH,Other,-3950,megawatthours
2025-09-11 00:00:00,CAL,California,OTH,Other,-2224,megawatthours
2025-09-11 00:00:00,CAL,California,OTH,Other,-2224,megawatthours
2025-09-11 01:00:00,CAL,California,OTH,Other,-801,megawatthours
2025-09-11 02:00:00,CAL,California,OTH,Other,932,megawatthours
2025-09-11 03:00:00,CAL,California,OTH,Other,6995,megawatthours
2025-09-11 04:00:00,CAL,California,OTH,Other,8183,megawatthours
2025-09-11 05:00:00,CAL,California,OTH,Other,7672,megawatthours
2025-09-11 06:00:00,CAL,California,OTH,Other,6433,megawatthours
2025-09-11 07:00:00,CAL,California,OTH,Other,3015,megawatthours
2025-09-11 08:00:00,CAL,California,OTH,Other,1131,megawatthours
2025-09-11 09:00:00,CAL,California,OTH,Other,804,megawatthours
2025-09-11 10:00:00,CAL,California,OTH,Other,246,megawatthours
2025-09-11 11:00:00,CAL,California,OTH,Other,-448,megawatthours
2025-09-11 12:00:00,CAL,California,OTH,Other,-800,megawatthours
2025-09-11 13:00:00,CAL,California,OTH,Other,-81,megawatthours
2025-09-11 14:00:00,CAL,California,OTH,Other,812,megawatthours
2025-09-11 15:00:00,CAL,California,OTH,Other,2660,megawatthours
2025-09-11 16:00:00,CAL,California,OTH,Other,-260,megawatthours
2025-09-11 17:00:00,CAL,California,OTH,Other,-2959,megawatthours
2025-09-11 18:00:00,CAL,California,OTH,Other,-4705,megawatthours
2025-09-11 19:00:00,CAL,California,OTH,Other,-4991,megawatthours
2025-09-11 20:00:00,CAL,California,OTH,Other,-5394,megawatthours
2025-09-11 21:00:00,CAL,California,OTH,Other,-6109,megawatthours
2025-09-11 22:00:00,CAL,California,OTH,Other,-4827,megawatthours
2025-09-11 23:00:00,CAL,California,OTH,Other,-3402,megawatthours
2025-09-12 00:00:00,CAL,California,OTH,Other,-2508,megawatthours
2025-09-12 00:00:00,CAL,California,OTH,Other,-2508,megawatthours
2025-09-12 01:00:00,CAL,California,OTH,Other,-1874,megawatthours
2025-09-12 02:00:00,CAL,California,OTH,Other,390,megawatthours
2025-09-12 03:00:00,CAL,California,OTH,Other,6161,megawatthours
2025-09-12 04:00:00,CAL,California,OTH,Other,8119,megawatthours
2025-09-12 05:00:00,CAL,California,OTH,Other,7742,megawatthours
2025-09-12 06:00:00,CAL,California,OTH,Other,6570,megawatthours
2025-09-12 07:00:00,CAL,California,OTH,Other,3947,megawatthours
2025-09-12 08:00:00,CAL,California,OTH,Other,1895,megawatthours
2025-09-12 09:00:00,CAL,California,OTH,Other,1332,megawatthours
2025-09-12 10:00:00,CAL,California,OTH,Other,604,megawatthours
2025-09-12 11:00:00,CAL,California,OTH,Other,33,megawatthours
2025-09-12 12:00:00,CAL,California,OTH,Other,-339,megawatthours
2025-09-12 13:00:00,CAL,California,OTH,Other,32,megawatthours
2025-09-12 14:00:00,CAL,California,OTH,Other,773,megawatthours
2025-09-12 15:00:00,CAL,California,OTH,Other,2035,megawatthours
2025-09-12 16:00:00,CAL,California,OTH,Other,-359,megawatthours
2025-09-12 17:00:00,CAL,California,OTH,Other,-3538,megawatthours
2025-09-12 18:00:00,CAL,California,OTH,Other,-4918,megawatthours
2025-09-12 19:00:00,CAL,California,OTH,Other,-6211,megawatthours
2025-09-12 20:00:00,CAL,California,OTH,Other,-6899,megawatthours
2025-09-12 21:00:00,CAL,California,OTH,Other,-6282,megawatthours
2025-09-12 22:00:00,CAL,California,OTH,Other,-5489,megawatthours
2025-09-12 23:00:00,CAL,California,OTH,Other,-3419,megawatthours
2025-09-13 00:00:00,CAL,California,OTH,Other,-1559,megawatthours
2025-09-13 00:00:00,CAL,California,OTH,Other,-1559,megawatthours
2025-09-13 01:00:00,CAL,California,OTH,Other,-506,megawatthours
2025-09-13 02:00:00,CAL,California,OTH,Other,599,megawatthours
2025-09-13 03:00:00,CAL,California,OTH,Other,6748,megawatthours
2025-09-13 04:00:00,CAL,California,OTH,Other,7588,megawatthours
2025-09-13 05:00:00,CAL,California,OTH,Other,7689,megawatthours
2025-09-13 06:00:00,CAL,California,OTH,Other,6692,megawatthours
2025-09-13 07:00:00,CAL,California,OTH,Other,3352,megawatthours
2025-09-13 08:00:00,CAL,California,OTH,Other,2092,megawatthours
2025-09-13 09:00:00,CAL,California,OTH,Other,1833,megawatthours
2025-09-13 10:00:00,CAL,California,OTH,Other,920,megawatthours
2025-09-13 11:00:00,CAL,California,OTH,Other,-34,megawatthours
2025-09-13 12:00:00,CAL,California,OTH,Other,-186,megawatthours
2025-09-13 13:00:00,CAL,California,OTH,Other,-6,megawatthours
2025-09-13 14:00:00,CAL,California,OTH,Other,435,megawatthours
2025-09-13 15:00:00,CAL,California,OTH,Other,1316,megawatthours
2025-09-13 16:00:00,CAL,California,OTH,Other,-993,megawatthours
2025-09-13 17:00:00,CAL,California,OTH,Other,-3762,megawatthours
2025-09-13 18:00:00,CAL,California,OTH,Other,-4868,megawatthours
2025-09-13 19:00:00,CAL,California,OTH,Other,-6605,megawatthours
2025-09-13 20:00:00,CAL,California,OTH,Other,-7523,megawatthours
2025-09-13 21:00:00,CAL,California,OTH,Other,-6902,megawatthours
2025-09-13 22:00:00,CAL,California,OTH,Other,-5954,megawatthours
2025-09-13 23:00:00,CAL,California,OTH,Other,-3185,megawatthours
2025-09-14 00:00:00,CAL,California,OTH,Other,-1326,megawatthours
2025-09-14 00:00:00,CAL,California,OTH,Other,-1326,megawatthours
2025-09-14 01:00:00,CAL,California,OTH,Other,-288,megawatthours
2025-09-14 02:00:00,CAL,California,OTH,Other,1382,megawatthours
2025-09-14 03:00:00,CAL,California,OTH,Other,6990,megawatthours
2025-09-14 04:00:00,CAL,California,OTH,Other,7526,megawatthours
2025-09-14 05:00:00,CAL,California,OTH,Other,7025,megawatthours
2025-09-14 06:00:00,CAL,California,OTH,Other,5515,megawatthours
2025-09-14 07:00:00,CAL,California,OTH,Other,3305,megawatthours
2025-09-14 08:00:00,CAL,California,OTH,Other,2332,megawatthours
2025-09-14 09:00:00,CAL,California,OTH,Other,1339,megawatthours
2025-09-14 10:00:00,CAL,California,OTH,Other,782,megawatthours
2025-09-14 11:00:00,CAL,California,OTH,Other,278,megawatthours
2025-09-14 12:00:00,CAL,California,OTH,Other,-131,megawatthours
2025-09-14 13:00:00,CAL,California,OTH,Other,238,megawatthours
2025-09-14 14:00:00,CAL,California,OTH,Other,955,megawatthours
2025-09-14 15:00:00,CAL,California,OTH,Other,1324,megawatthours
2025-09-14 16:00:00,CAL,California,OTH,Other,-706,megawatthours
2025-09-14 17:00:00,CAL,California,OTH,Other,-4458,megawatthours
2025-09-14 18:00:00,CAL,California,OTH,Other,-6022,megawatthours
2025-09-14 19:00:00,CAL,California,OTH,Other,-7563,megawatthours
2025-09-14 20:00:00,CAL,California,OTH,Other,-7430,megawatthours
2025-09-14 21:00:00,CAL,California,OTH,Other,-6172,megawatthours
2025-09-14 22:00:00,CAL,California,OTH,Other,-4990,megawatthours
2025-09-14 23:00:00,CAL,California,OTH,Other,-2249,megawatthours
2025-09-15 00:00:00,CAL,California,OTH,Other,-990,megawatthours
2025-09-15 00:00:00,CAL,California,OTH,Other,-990,megawatthours
2025-09-15 01:00:00,CAL,California,OTH,Other,-90,megawatthours
2025-09-15 02:00:00,CAL,California,OTH,Other,1239,megawatthours
2025-09-15 03:00:00,CAL,California,OTH,Other,6794,megawatthours
2025-09-15 04:00:00,CAL,California,OTH,Other,8031,megawatthours
2025-09-15 05:00:00,CAL,California,OTH,Other,6911,megawatthours
2025-09-15 06:00:00,CAL,California,OTH,Other,5277,megawatthours
2025-09-15 07:00:00,CAL,California,OTH,Other,3199,megawatthours
2025-09-15 08:00:00,CAL,California,OTH,Other,1186,megawatthours
2025-09-15 09:00:00,CAL,California,OTH,Other,714,megawatthours
2025-09-15 10:00:00,CAL,California,OTH,Other,-103,megawatthours
2025-09-15 11:00:00,CAL,California,OTH,Other,-1018,megawatthours
2025-09-15 12:00:00,CAL,California,OTH,Other,-757,megawatthours
2025-09-15 13:00:00,CAL,California,OTH,Other,497,megawatthours
2025-09-15 14:00:00,CAL,California,OTH,Other,1698,megawatthours
2025-09-15 15:00:00,CAL,California,OTH,Other,3127,megawatthours
2025-09-15 16:00:00,CAL,California,OTH,Other,-512,megawatthours
2025-09-15 17:00:00,CAL,California,OTH,Other,-4580,megawatthours
2025-09-15 18:00:00,CAL,California,OTH,Other,-7191,megawatthours
2025-09-15 19:00:00,CAL,California,OTH,Other,-7739,megawatthours
2025-09-15 20:00:00,CAL,California,OTH,Other,-7118,megawatthours
2025-09-15 21:00:00,CAL,California,OTH,Other,-5618,megawatthours
2025-09-15 22:00:00,CAL,California,OTH,Other,-3122,megawatthours
2025-09-15 23:00:00,CAL,California,OTH,Other,-1005,megawatthours
2025-09-16 00:00:00,CAL,California,OTH,Other,247,megawatthours
2025-09-16 00:00:00,CAL,California,OTH,Other,247,megawatthours
2025-09-16 01:00:00,CAL,California,OTH,Other,294,megawatthours
2025-09-16 02:00:00,CAL,California,OTH,Other,2753,megawatthours
2025-09-16 03:00:00,CAL,California,OTH,Other,8134,megawatthours
2025-09-16 04:00:00,CAL,California,OTH,Other,7722,megawatthours
2025-09-16 05:00:00,CAL,California,OTH,Other,6468,megawatthours
2025-09-16 06:00:00,CAL,California,OTH,Other,3904,megawatthours
2025-09-16 07:00:00,CAL,California,OTH,Other,2738,megawatthours
2025-09-16 08:00:00,CAL,California,OTH,Other,1124,megawatthours
2025-09-16 09:00:00,CAL,California,OTH,Other,441,megawatthours
2025-09-16 10:00:00,CAL,California,OTH,Other,-10,megawatthours
2025-09-16 11:00:00,CAL,California,OTH,Other,-688,megawatthours
2025-09-16 12:00:00,CAL,California,OTH,Other,-1043,megawatthours
2025-09-16 13:00:00,CAL,California,OTH,Other,-128,megawatthours
2025-09-16 14:00:00,CAL,California,OTH,Other,89,megawatthours
2025-09-16 15:00:00,CAL,California,OTH,Other,1331,megawatthours
2025-09-16 16:00:00,CAL,California,OTH,Other,-835,megawatthours
2025-09-16 17:00:00,CAL,California,OTH,Other,-4919,megawatthours
2025-09-16 18:00:00,CAL,California,OTH,Other,-6813,megawatthours
2025-09-16 19:00:00,CAL,California,OTH,Other,-5926,megawatthours
2025-09-16 20:00:00,CAL,California,OTH,Other,-5286,megawatthours
2025-09-16 21:00:00,CAL,California,OTH,Other,-3504,megawatthours
2025-09-16 22:00:00,CAL,California,OTH,Other,-2566,megawatthours
2025-09-16 23:00:00,CAL,California,OTH,Other,-1936,megawatthours
2025-09-17 00:00:00,CAL,California,OTH,Other,-1051,megawatthours
2025-09-17 00:00:00,CAL,California,OTH,Other,-1051,megawatthours
2025-09-17 01:00:00,CAL,California,OTH,Other,173,megawatthours
2025-09-17 02:00:00,CAL,California,OTH,Other,2400,megawatthours
2025-09-17 03:00:00,CAL,California,OTH,Other,7629,megawatthours
2025-09-17 04:00:00,CAL,California,OTH,Other,7671,megawatthours
2025-09-17 05:00:00,CAL,California,OTH,Other,7274,megawatthours
2025-09-17 06:00:00,CAL,California,OTH,Other,5839,megawatthours
2025-09-17 07:00:00,CAL,California,OTH,Other,3157,megawatthours
2025-09-17 08:00:00,CAL,California,OTH,Other,1644,megawatthours
2025-09-17 09:00:00,CAL,California,OTH,Other,637,megawatthours
2025-09-17 10:00:00,CAL,California,OTH,Other,-121,megawatthours
2025-09-17 11:00:00,CAL,California,OTH,Other,-636,megawatthours
2025-09-17 12:00:00,CAL,California,OTH,Other,-1019,megawatthours
2025-09-17 13:00:00,CAL,California,OTH,Other,-957,megawatthours
2025-09-17 14:00:00,CAL,California,OTH,Other,184,megawatthours
2025-09-17 15:00:00,CAL,California,OTH,Other,1069,megawatthours
2025-09-17 16:00:00,CAL,California,OTH,Other,-835,megawatthours
2025-09-17 17:00:00,CAL,California,OTH,Other,-4814,megawatthours
2025-09-17 18:00:00,CAL,California,OTH,Other,-6637,megawatthours
2025-09-17 19:00:00,CAL,California,OTH,Other,-6892,megawatthours
2025-09-17 20:00:00,CAL,California,OTH,Other,-6089,megawatthours
2025-09-17 21:00:00,CAL,California,OTH,Other,-4732,megawatthours
2025-09-17 22:00:00,CAL,California,OTH,Other,-2382,megawatthours
2025-09-17 23:00:00,CAL,California,OTH,Other,-558,megawatthours
2025-09-18 00:00:00,CAL,California,OTH,Other,356,megawatthours
2025-09-18 00:00:00,CAL,California,OTH,Other,356,megawatthours
2025-09-18 01:00:00,CAL,California,OTH,Other,1165,megawatthours
2025-09-18 02:00:00,CAL,California,OTH,Other,3546,megawatthours
2025-09-18 03:00:00,CAL,California,OTH,Other,5105,megawatthours
2025-09-18 04:00:00,CAL,California,OTH,Other,4600,megawatthours
2025-09-18 05:00:00,CAL,California,OTH,Other,3599,megawatthours
2025-09-18 06:00:00,CAL,California,OTH,Other,2898,megawatthours
2025-09-18 07:00:00,CAL,California,OTH,Other,977,megawatthours
2025-09-18 08:00:00,CAL,California,OTH,Other,315,megawatthours
2025-09-18 09:00:00,CAL,California,OTH,Other,240,megawatthours
2025-09-18 10:00:00,CAL,California,OTH,Other,-489,megawatthours
2025-09-18 11:00:00,CAL,California,OTH,Other,-1104,megawatthours
2025-09-18 12:00:00,CAL,California,OTH,Other,-1164,megawatthours
2025-09-18 13:00:00,CAL,California,OTH,Other,-738,megawatthours
2025-09-18 14:00:00,CAL,California,OTH,Other,-206,megawatthours
2025-09-18 15:00:00,CAL,California,OTH,Other,841,megawatthours
2025-09-18 16:00:00,CAL,California,OTH,Other,2100,megawatthours
2025-09-18 17:00:00,CAL,California,OTH,Other,1179,megawatthours
2025-09-18 18:00:00,CAL,California,OTH,Other,-821,megawatthours
2025-09-18 19:00:00,CAL,California,OTH,Other,-1405,megawatthours
2025-09-18 20:00:00,CAL,California,OTH,Other,-1992,megawatthours
2025-09-18 21:00:00,CAL,California,OTH,Other,-1870,megawatthours
2025-09-18 22:00:00,CAL,California,OTH,Other,-2064,megawatthours
2025-09-18 23:00:00,CAL,California,OTH,Other,-454,megawatthours
2025-09-19 00:00:00,CAL,California,OTH,Other,-13,megawatthours
2025-09-19 00:00:00,CAL,California,OTH,Other,-13,megawatthours
2025-09-19 01:00:00,CAL,California,OTH,Other,1590,megawatthours
2025-09-19 02:00:00,CAL,California,OTH,Other,2666,megawatthours
2025-09-19 03:00:00,CAL,California,OTH,Other,3504,megawatthours
2025-09-19 04:00:00,CAL,California,OTH,Other,3222,megawatthours
2025-09-19 05:00:00,CAL,California,OTH,Other,2847,megawatthours
2025-09-19 06:00:00,CAL,California,OTH,Other,2448,megawatthours
2025-09-19 07:00:00,CAL,California,OTH,Other,867,megawatthours
2025-09-19 08:00:00,CAL,California,OTH,Other,23,megawatthours
2025-09-19 09:00:00,CAL,California,OTH,Other,345,megawatthours
2025-09-19 10:00:00,CAL,California,OTH,Other,73,megawatthours
2025-09-19 11:00:00,CAL,California,OTH,Other,-180,megawatthours
2025-09-19 12:00:00,CAL,California,OTH,Other,-456,megawatthours
2025-09-19 13:00:00,CAL,California,OTH,Other,54,megawatthours
2025-09-19 14:00:00,CAL,California,OTH,Other,524,megawatthours
2025-09-19 15:00:00,CAL,California,OTH,Other,1390,megawatthours
2025-09-19 16:00:00,CAL,California,OTH,Other,723,megawatthours
2025-09-19 17:00:00,CAL,California,OTH,Other,-659,megawatthours
2025-09-19 18:00:00,CAL,California,OTH,Other,-2337,megawatthours
2025-09-19 19:00:00,CAL,California,OTH,Other,-3896,megawatthours
2025-09-19 20:00:00,CAL,California,OTH,Other,-4623,megawatthours
2025-09-19 21:00:00,CAL,California,OTH,Other,-4254,megawatthours
2025-09-19 22:00:00,CAL,California,OTH,Other,-3734,megawatthours
2025-09-19 23:00:00,CAL,California,OTH,Other,-2392,megawatthours
2025-09-20 00:00:00,CAL,California,OTH,Other,-1264,megawatthours
2025-09-20 00:00:00,CAL,California,OTH,Other,-1264,megawatthours
2025-09-20 01:00:00,CAL,California,OTH,Other,-961,megawatthours
2025-09-20 02:00:00,CAL,California,OTH,Other,1852,megawatthours
2025-09-20 03:00:00,CAL,California,OTH,Other,5388,megawatthours
2025-09-20 04:00:00,CAL,California,OTH,Other,5654,megawatthours
2025-09-20 05:00:00,CAL,California,OTH,Other,5048,megawatthours
2025-09-20 06:00:00,CAL,California,OTH,Other,3683,megawatthours
2025-09-20 07:00:00,CAL,California,OTH,Other,2324,megawatthours
2025-09-20 08:00:00,CAL,California,OTH,Other,1192,megawatthours
2025-09-20 09:00:00,CAL,California,OTH,Other,822,megawatthours
2025-09-20 10:00:00,CAL,California,OTH,Other,532,megawatthours
2025-09-20 11:00:00,CAL,California,OTH,Other,181,megawatthours
2025-09-20 12:00:00,CAL,California,OTH,Other,-211,megawatthours
2025-09-20 13:00:00,CAL,California,OTH,Other,-94,megawatthours
2025-09-20 14:00:00,CAL,California,OTH,Other,-24,megawatthours
2025-09-20 15:00:00,CAL,California,OTH,Other,427,megawatthours
2025-09-20 16:00:00,CAL,California,OTH,Other,-1100,megawatthours
2025-09-20 17:00:00,CAL,California,OTH,Other,-3921,megawatthours
2025-09-20 18:00:00,CAL,California,OTH,Other,-5302,megawatthours
2025-09-20 19:00:00,CAL,California,OTH,Other,-6533,megawatthours
2025-09-20 20:00:00,CAL,California,OTH,Other,-6267,megawatthours
2025-09-20 21:00:00,CAL,California,OTH,Other,-5447,megawatthours
2025-09-20 22:00:00,CAL,California,OTH,Other,-3602,megawatthours
2025-09-20 23:00:00,CAL,California,OTH,Other,-2108,megawatthours
2025-09-21 00:00:00,CAL,California,OTH,Other,-1446,megawatthours
2025-09-21 00:00:00,CAL,California,OTH,Other,-1446,megawatthours
2025-09-21 01:00:00,CAL,California,OTH,Other,-561,megawatthours
2025-09-21 02:00:00,CAL,California,OTH,Other,2887,megawatthours
2025-09-21 03:00:00,CAL,California,OTH,Other,7577,megawatthours
2025-09-21 04:00:00,CAL,California,OTH,Other,7023,megawatthours
2025-09-21 05:00:00,CAL,California,OTH,Other,6157,megawatthours
2025-09-21 06:00:00,CAL,California,OTH,Other,4961,megawatthours
2025-09-21 07:00:00,CAL,California,OTH,Other,3372,megawatthours
2025-09-21 08:00:00,CAL,California,OTH,Other,2050,megawatthours
2025-09-21 09:00:00,CAL,California,OTH,Other,1041,megawatthours
2025-09-21 10:00:00,CAL,California,OTH,Other,319,megawatthours
2025-09-21 11:00:00,CAL,California,OTH,Other,14,megawatthours
2025-09-21 12:00:00,CAL,California,OTH,Other,-248,megawatthours
2025-09-21 13:00:00,CAL,California,OTH,Other,-144,megawatthours
2025-09-21 14:00:00,CAL,California,OTH,Other,138,megawatthours
2025-09-21 15:00:00,CAL,California,OTH,Other,268,megawatthours
2025-09-21 16:00:00,CAL,California,OTH,Other,-1581,megawatthours
2025-09-21 17:00:00,CAL,California,OTH,Other,-4050,megawatthours
2025-09-21 18:00:00,CAL,California,OTH,Other,-6070,megawatthours
2025-09-21 19:00:00,CAL,California,OTH,Other,-6510,megawatthours
2025-09-21 20:00:00,CAL,California,OTH,Other,-6000,megawatthours
2025-09-21 21:00:00,CAL,California,OTH,Other,-4338,megawatthours
2025-09-21 22:00:00,CAL,California,OTH,Other,-3755,megawatthours
2025-09-21 23:00:00,CAL,California,OTH,Other,-1749,megawatthours
2025-09-22 00:00:00,CAL,California,OTH,Other,-606,megawatthours
2025-09-22 00:00:00,CAL,California,OTH,Other,-606,megawatthours
2025-09-22 01:00:00,CAL,California,OTH,Other,-430,megawatthours
2025-09-22 02:00:00,CAL,California,OTH,Other,2339,megawatthours
2025-09-22 03:00:00,CAL,California,OTH,Other,5431,megawatthours
2025-09-22 04:00:00,CAL,California,OTH,Other,5768,megawatthours
2025-09-22 05:00:00,CAL,California,OTH,Other,4663,megawatthours
2025-09-22 06:00:00,CAL,California,OTH,Other,3594,megawatthours
2025-09-22 07:00:00,CAL,California,OTH,Other,1930,megawatthours
2025-09-22 08:00:00,CAL,California,OTH,Other,980,megawatthours
2025-09-22 09:00:00,CAL,California,OTH,Other,584,megawatthours
2025-09-22 10:00:00,CAL,California,OTH,Other,192,megawatthours
2025-09-22 11:00:00,CAL,California,OTH,Other,-577,megawatthours
2025-09-22 12:00:00,CAL,California,OTH,Other,-691,megawatthours
2025-09-22 13:00:00,CAL,California,OTH,Other,-34,megawatthours
2025-09-22 14:00:00,CAL,California,OTH,Other,983,megawatthours
2025-09-22 15:00:00,CAL,California,OTH,Other,2997,megawatthours
2025-09-22 16:00:00,CAL,California,OTH,Other,1943,megawatthours
2025-09-22 17:00:00,CAL,California,OTH,Other,-1456,megawatthours
2025-09-22 18:00:00,CAL,California,OTH,Other,-4491,megawatthours
2025-09-22 19:00:00,CAL,California,OTH,Other,-5475,megawatthours
2025-09-22 20:00:00,CAL,California,OTH,Other,-6097,megawatthours
2025-09-22 21:00:00,CAL,California,OTH,Other,-5804,megawatthours
2025-09-22 22:00:00,CAL,California,OTH,Other,-4919,megawatthours
2025-09-22 23:00:00,CAL,California,OTH,Other,-2812,megawatthours
2025-09-23 00:00:00,CAL,California,OTH,Other,-1381,megawatthours
2025-09-23 00:00:00,CAL,California,OTH,Other,-1381,megawatthours
2025-09-23 01:00:00,CAL,California,OTH,Other,-795,megawatthours
2025-09-23 02:00:00,CAL,California,OTH,Other,3016,megawatthours
2025-09-23 03:00:00,CAL,California,OTH,Other,7837,megawatthours
2025-09-23 04:00:00,CAL,California,OTH,Other,7245,megawatthours
2025-09-23 05:00:00,CAL,California,OTH,Other,5782,megawatthours
2025-09-23 06:00:00,CAL,California,OTH,Other,4908,megawatthours
2025-09-23 07:00:00,CAL,California,OTH,Other,2619,megawatthours
2025-09-23 08:00:00,CAL,California,OTH,Other,710,megawatthours
2025-09-23 09:00:00,CAL,California,OTH,Other,526,megawatthours
2025-09-23 10:00:00,CAL,California,OTH,Other,227,megawatthours
2025-09-23 11:00:00,CAL,California,OTH,Other,-456,megawatthours
2025-09-23 12:00:00,CAL,California,OTH,Other,-306,megawatthours
2025-09-23 13:00:00,CAL,California,OTH,Other,-119,megawatthours
2025-09-23 14:00:00,CAL,California,OTH,Other,586,megawatthours
2025-09-23 15:00:00,CAL,California,OTH,Other,2379,megawatthours
2025-09-23 16:00:00,CAL,California,OTH,Other,-715,megawatthours
2025-09-23 17:00:00,CAL,California,OTH,Other,-4397,megawatthours
2025-09-23 18:00:00,CAL,California,OTH,Other,-6294,megawatthours
2025-09-23 19:00:00,CAL,California,OTH,Other,-6905,megawatthours
2025-09-23 20:00:00,CAL,California,OTH,Other,-5906,megawatthours
2025-09-23 21:00:00,CAL,California,OTH,Other,-4633,megawatthours
2025-09-23 22:00:00,CAL,California,OTH,Other,-3276,megawatthours
2025-09-23 23:00:00,CAL,California,OTH,Other,-1523,megawatthours
2025-09-24 00:00:00,CAL,California,OTH,Other,-512,megawatthours
2025-09-24 00:00:00,CAL,California,OTH,Other,-512,megawatthours
2025-09-24 01:00:00,CAL,California,OTH,Other,-97,megawatthours
2025-09-24 02:00:00,CAL,California,OTH,Other,3134,megawatthours
2025-09-24 03:00:00,CAL,California,OTH,Other,7559,megawatthours
2025-09-24 04:00:00,CAL,California,OTH,Other,7294,megawatthours
2025-09-24 05:00:00,CAL,California,OTH,Other,6806,megawatthours
2025-09-24 06:00:00,CAL,California,OTH,Other,5520,megawatthours
2025-09-24 07:00:00,CAL,California,OTH,Other,3370,megawatthours
2025-09-24 08:00:00,CAL,California,OTH,Other,1225,megawatthours
2025-09-24 09:00:00,CAL,California,OTH,Other,621,megawatthours
2025-09-24 10:00:00,CAL,California,OTH,Other,131,megawatthours
2025-09-24 11:00:00,CAL,California,OTH,Other,-173,megawatthours
2025-09-24 12:00:00,CAL,California,OTH,Other,-650,megawatthours
2025-09-24 13:00:00,CAL,California,OTH,Other,20,megawatthours
2025-09-24 14:00:00,CAL,California,OTH,Other,614,megawatthours
2025-09-24 15:00:00,CAL,California,OTH,Other,2256,megawatthours
2025-09-24 16:00:00,CAL,California,OTH,Other,46,megawatthours
2025-09-24 17:00:00,CAL,California,OTH,Other,-1977,megawatthours
2025-09-24 18:00:00,CAL,California,OTH,Other,-4032,megawatthours
2025-09-24 19:00:00,CAL,California,OTH,Other,-4419,megawatthours
2025-09-24 20:00:00,CAL,California,OTH,Other,-4913,megawatthours
2025-09-24 21:00:00,CAL,California,OTH,Other,-4965,megawatthours
2025-09-24 22:00:00,CAL,California,OTH,Other,-4030,megawatthours
2025-09-24 23:00:00,CAL,California,OTH,Other,-3785,megawatthours
2025-09-25 00:00:00,CAL,California,OTH,Other,-1411,megawatthours
2025-09-25 00:00:00,CAL,California,OTH,Other,-1411,megawatthours
2025-09-25 01:00:00,CAL,California,OTH,Other,-741,megawatthours
2025-09-25 02:00:00,CAL,California,OTH,Other,3769,megawatthours
2025-09-25 03:00:00,CAL,California,OTH,Other,7801,megawatthours
2025-09-25 04:00:00,CAL,California,OTH,Other,6598,megawatthours
2025-09-25 05:00:00,CAL,California,OTH,Other,5518,megawatthours
2025-09-25 06:00:00,CAL,California,OTH,Other,4033,megawatthours
2025-09-25 07:00:00,CAL,California,OTH,Other,1878,megawatthours
2025-09-25 08:00:00,CAL,California,OTH,Other,343,megawatthours
2025-09-25 09:00:00,CAL,California,OTH,Other,271,megawatthours
2025-09-25 10:00:00,CAL,California,OTH,Other,-162,megawatthours
2025-09-25 11:00:00,CAL,California,OTH,Other,-138,megawatthours
2025-09-25 12:00:00,CAL,California,OTH,Other,-301,megawatthours
2025-09-25 13:00:00,CAL,California,OTH,Other,-46,megawatthours
2025-09-25 14:00:00,CAL,California,OTH,Other,241,megawatthours
2025-09-25 15:00:00,CAL,California,OTH,Other,1273,megawatthours
2025-09-25 16:00:00,CAL,California,OTH,Other,-433,megawatthours
2025-09-25 17:00:00,CAL,California,OTH,Other,-2493,megawatthours
2025-09-25 18:00:00,CAL,California,OTH,Other,-5335,megawatthours
2025-09-25 19:00:00,CAL,California,OTH,Other,-6070,megawatthours
2025-09-25 20:00:00,CAL,California,OTH,Other,-6650,megawatthours
2025-09-25 21:00:00,CAL,California,OTH,Other,-6061,megawatthours
2025-09-25 22:00:00,CAL,California,OTH,Other,-5029,megawatthours
2025-09-25 23:00:00,CAL,California,OTH,Other,-3780,megawatthours
2025-09-26 00:00:00,CAL,California,OTH,Other,-2333,megawatthours
2025-09-26 00:00:00,CAL,California,OTH,Other,-2333,megawatthours
2025-09-26 01:00:00,CAL,California,OTH,Other,-877,megawatthours
2025-09-26 02:00:00,CAL,California,OTH,Other,3336,megawatthours
2025-09-26 03:00:00,CAL,California,OTH,Other,7024,megawatthours
2025-09-26 04:00:00,CAL,California,OTH,Other,6871,megawatthours
2025-09-26 05:00:00,CAL,California,OTH,Other,6144,megawatthours
2025-09-26 06:00:00,CAL,California,OTH,Other,4530,megawatthours
2025-09-26 07:00:00,CAL,California,OTH,Other,2499,megawatthours
2025-09-26 08:00:00,CAL,California,OTH,Other,1571,megawatthours
2025-09-26 09:00:00,CAL,California,OTH,Other,413,megawatthours
2025-09-26 10:00:00,CAL,California,OTH,Other,56,megawatthours
2025-09-26 11:00:00,CAL,California,OTH,Other,-959,megawatthours
2025-09-26 12:00:00,CAL,California,OTH,Other,-1111,megawatthours
2025-09-26 13:00:00,CAL,California,OTH,Other,-370,megawatthours
2025-09-26 14:00:00,CAL,California,OTH,Other,349,megawatthours
2025-09-26 15:00:00,CAL,California,OTH,Other,2593,megawatthours
2025-09-26 16:00:00,CAL,California,OTH,Other,558,megawatthours
2025-09-26 17:00:00,CAL,California,OTH,Other,-3349,megawatthours
2025-09-26 18:00:00,CAL,California,OTH,Other,-5479,megawatthours
2025-09-26 19:00:00,CAL,California,OTH,Other,-6472,megawatthours
2025-09-26 20:00:00,CAL,California,OTH,Other,-7064,megawatthours
2025-09-26 21:00:00,CAL,California,OTH,Other,-6615,megawatthours
2025-09-26 22:00:00,CAL,California,OTH,Other,-4911,megawatthours
2025-09-26 23:00:00,CAL,California,OTH,Other,-2614,megawatthours
2025-09-27 00:00:00,CAL,California,OTH,Other,-682,megawatthours
2025-09-27 00:00:00,CAL,California,OTH,Other,-682,megawatthours
2025-09-27 01:00:00,CAL,California,OTH,Other,-721,megawatthours
2025-09-27 02:00:00,CAL,California,OTH,Other,2181,megawatthours
2025-09-27 03:00:00,CAL,California,OTH,Other,5950,megawatthours
2025-09-27 04:00:00,CAL,California,OTH,Other,5976,megawatthours
2025-09-27 05:00:00,CAL,California,OTH,Other,5864,megawatthours
2025-09-27 06:00:00,CAL,California,OTH,Other,5454,megawatthours
2025-09-27 07:00:00,CAL,California,OTH,Other,4348,megawatthours
2025-09-27 08:00:00,CAL,California,OTH,Other,2632,megawatthours
2025-09-27 09:00:00,CAL,California,OTH,Other,1284,megawatthours
2025-09-27 10:00:00,CAL,California,OTH,Other,706,megawatthours
2025-09-27 11:00:00,CAL,California,OTH,Other,158,megawatthours
2025-09-27 12:00:00,CAL,California,OTH,Other,15,megawatthours
2025-09-27 13:00:00,CAL,California,OTH,Other,-93,megawatthours
2025-09-27 14:00:00,CAL,California,OTH,Other,708,megawatthours
2025-09-27 15:00:00,CAL,California,OTH,Other,1486,megawatthours
2025-09-27 16:00:00,CAL,California,OTH,Other,326,megawatthours
2025-09-27 17:00:00,CAL,California,OTH,Other,-2854,megawatthours
2025-09-27 18:00:00,CAL,California,OTH,Other,-4633,megawatthours
2025-09-27 19:00:00,CAL,California,OTH,Other,-5917,megawatthours
2025-09-27 20:00:00,CAL,California,OTH,Other,-6147,megawatthours
2025-09-27 21:00:00,CAL,California,OTH,Other,-5577,megawatthours
2025-09-27 22:00:00,CAL,California,OTH,Other,-5574,megawatthours
2025-09-27 23:00:00,CAL,California,OTH,Other,-3315,megawatthours
2025-09-28 00:00:00,CAL,California,OTH,Other,-1712,megawatthours
2025-09-28 00:00:00,CAL,California,OTH,Other,-1712,megawatthours
2025-09-28 01:00:00,CAL,California,OTH,Other,-484,megawatthours
2025-09-28 02:00:00,CAL,California,OTH,Other,2690,megawatthours
2025-09-28 03:00:00,CAL,California,OTH,Other,5650,megawatthours
2025-09-28 04:00:00,CAL,California,OTH,Other,5874,megawatthours
2025-09-28 05:00:00,CAL,California,OTH,Other,6263,megawatthours
2025-09-28 06:00:00,CAL,California,OTH,Other,5167,megawatthours
2025-09-28 07:00:00,CAL,California,OTH,Other,3869,megawatthours
2025-09-28 08:00:00,CAL,California,OTH,Other,3209,megawatthours
2025-09-28 09:00:00,CAL,California,OTH,Other,2136,megawatthours
2025-09-28 10:00:00,CAL,California,OTH,Other,1116,megawatthours
2025-09-28 11:00:00,CAL,California,OTH,Other,615,megawatthours
2025-09-28 12:00:00,CAL,California,OTH,Other,124,megawatthours
2025-09-28 13:00:00,CAL,California,OTH,Other,80,megawatthours
2025-09-28 14:00:00,CAL,California,OTH,Other,106,megawatthours
2025-09-28 15:00:00,CAL,California,OTH,Other,822,megawatthours
2025-09-28 16:00:00,CAL,California,OTH,Other,-442,megawatthours
2025-09-28 17:00:00,CAL,California,OTH,Other,-3561,megawatthours
2025-09-28 18:00:00,CAL,California,OTH,Other,-5514,megawatthours
2025-09-28 19:00:00,CAL,California,OTH,Other,-6418,megawatthours
2025-09-28 20:00:00,CAL,California,OTH,Other,-7347,megawatthours
2025-09-28 21:00:00,CAL,California,OTH,Other,-6148,megawatthours
2025-09-28 22:00:00,CAL,California,OTH,Other,-5184,megawatthours
2025-09-28 23:00:00,CAL,California,OTH,Other,-3349,megawatthours
2025-09-29 00:00:00,CAL,California,OTH,Other,-1448,megawatthours
2025-09-29 00:00:00,CAL,California,OTH,Other,-1448,megawatthours
2025-09-29 01:00:00,CAL,California,OTH,Other,-684,megawatthours
2025-09-29 02:00:00,CAL,California,OTH,Other,1489,megawatthours
2025-09-29 03:00:00,CAL,California,OTH,Other,6311,megawatthours
2025-09-29 04:00:00,CAL,California,OTH,Other,6594,megawatthours
2025-09-29 05:00:00,CAL,California,OTH,Other,6544,megawatthours
2025-09-29 06:00:00,CAL,California,OTH,Other,5764,megawatthours
2025-09-29 07:00:00,CAL,California,OTH,Other,3826,megawatthours
2025-09-29 08:00:00,CAL,California,OTH,Other,2481,megawatthours
2025-09-29 09:00:00,CAL,California,OTH,Other,913,megawatthours
2025-09-29 10:00:00,CAL,California,OTH,Other,-14,megawatthours
2025-09-29 11:00:00,CAL,California,OTH,Other,-596,megawatthours
2025-09-29 12:00:00,CAL,California,OTH,Other,-628,megawatthours
2025-09-29 13:00:00,CAL,California,OTH,Other,-26,megawatthours
2025-09-29 14:00:00,CAL,California,OTH,Other,1071,megawatthours
2025-09-29 15:00:00,CAL,California,OTH,Other,2709,megawatthours
2025-09-29 16:00:00,CAL,California,OTH,Other,40,megawatthours
2025-09-29 17:00:00,CAL,California,OTH,Other,-2684,megawatthours
2025-09-29 18:00:00,CAL,California,OTH,Other,-4515,megawatthours
2025-09-29 19:00:00,CAL,California,OTH,Other,-5342,megawatthours
2025-09-29 20:00:00,CAL,California,OTH,Other,-5270,megawatthours
2025-09-29 21:00:00,CAL,California,OTH,Other,-5226,megawatthours
2025-09-29 22:00:00,CAL,California,OTH,Other,-4782,megawatthours
2025-09-29 23:00:00,CAL,California,OTH,Other,-3057,megawatthours
2025-09-30 00:00:00,CAL,California,OTH,Other,-2129,megawatthours
2025-09-30 00:00:00,CAL,California,OTH,Other,-2129,megawatthours
2025-09-30 01:00:00,CAL,California,OTH,Other,-1031,megawatthours
2025-09-30 02:00:00,CAL,California,OTH,Other,2078,megawatthours
2025-09-30 03:00:00,CAL,California,OTH,Other,6480,megawatthours
2025-09-30 04:00:00,CAL,California,OTH,Other,6203,megawatthours
2025-09-30 05:00:00,CAL,California,OTH,Other,5777,megawatthours
2025-09-30 06:00:00,CAL,California,OTH,Other,5060,megawatthours
2025-09-30 07:00:00,CAL,California,OTH,Other,2977,megawatthours
2025-09-30 08:00:00,CAL,California,OTH,Other,2248,megawatthours
2025-09-30 09:00:00,CAL,California,OTH,Other,886,megawatthours
2025-09-30 10:00:00,CAL,California,OTH,Other,554,megawatthours
2025-09-30 11:00:00,CAL,California,OTH,Other,-125,megawatthours
2025-09-30 12:00:00,CAL,California,OTH,Other,-296,megawatthours
2025-09-30 13:00:00,CAL,California,OTH,Other,-74,megawatthours
2025-09-30 14:00:00,CAL,California,OTH,Other,646,megawatthours
2025-09-30 15:00:00,CAL,California,OTH,Other,2588,megawatthours
2025-09-30 16:00:00,CAL,California,OTH,Other,43,megawatthours
2025-09-30 17:00:00,CAL,California,OTH,Other,-3653,megawatthours
2025-09-30 18:00:00,CAL,California,OTH,Other,-5740,megawatthours
2025-09-30 19:00:00,CAL,California,OTH,Other,-5625,megawatthours
2025-09-30 20:00:00,CAL,California,OTH,Other,-6015,megawatthours
2025-09-30 21:00:00,CAL,California,OTH,Other,-5924,megawatthours
2025-09-30 22:00:00,CAL,California,OTH,Other,-5366,megawatthours
2025-09-30 23:00:00,CAL,California,OTH,Other,-4047,megawatthours
2025-10-01 00:00:00,CAL,California,OTH,Other,-2352,megawatthours
2025-10-01 00:00:00,CAL,California,OTH,Other,-2352,megawatthours
2025-10-01 01:00:00,CAL,California,OTH,Other,-1111,megawatthours
2025-10-01 02:00:00,CAL,California,OTH,Other,2511,megawatthours
2025-10-01 03:00:00,CAL,California,OTH,Other,6380,megawatthours
2025-10-01 04:00:00,CAL,California,OTH,Other,6603,megawatthours
2025-10-01 05:00:00,CAL,California,OTH,Other,6470,megawatthours
2025-10-01 06:00:00,CAL,California,OTH,Other,5980,megawatthours
2025-10-01 07:00:00,CAL,California,OTH,Other,4512,megawatthours
2025-10-01 08:00:00,CAL,California,OTH,Other,2327,megawatthours
2025-10-01 09:00:00,CAL,California,OTH,Other,1395,megawatthours
2025-10-01 10:00:00,CAL,California,OTH,Other,306,megawatthours
2025-10-01 11:00:00,CAL,California,OTH,Other,-780,megawatthours
2025-10-01 12:00:00,CAL,California,OTH,Other,-646,megawatthours
2025-10-01 13:00:00,CAL,California,OTH,Other,109,megawatthours
2025-10-01 14:00:00,CAL,California,OTH,Other,600,megawatthours
2025-10-01 15:00:00,CAL,California,OTH,Other,1847,megawatthours
2025-10-01 16:00:00,CAL,California,OTH,Other,-17,megawatthours
2025-10-01 17:00:00,CAL,California,OTH,Other,-3422,megawatthours
2025-10-01 18:00:00,CAL,California,OTH,Other,-5848,megawatthours
2025-10-01 19:00:00,CAL,California,OTH,Other,-6319,megawatthours
2025-10-01 20:00:00,CAL,California,OTH,Other,-6542,megawatthours
2025-10-01 21:00:00,CAL,California,OTH,Other,-5783,megawatthours
2025-10-01 22:00:00,CAL,California,OTH,Other,-4776,megawatthours
2025-10-01 23:00:00,CAL,California,OTH,Other,-3537,megawatthours
2025-10-02 00:00:00,CAL,California,OTH,Other,-1907,megawatthours
2025-10-02 00:00:00,CAL,California,OTH,Other,-1907,megawatthours
2025-10-02 01:00:00,CAL,California,OTH,Other,-393,megawatthours
2025-10-02 02:00:00,CAL,California,OTH,Other,4513,megawatthours
2025-10-02 03:00:00,CAL,California,OTH,Other,8584,megawatthours
2025-10-02 04:00:00,CAL,California,OTH,Other,7906,megawatthours
2025-10-02 05:00:00,CAL,California,OTH,Other,6511,megawatthours
2025-10-02 06:00:00,CAL,California,OTH,Other,5283,megawatthours
2025-10-02 07:00:00,CAL,California,OTH,Other,2791,megawatthours
2025-10-02 08:00:00,CAL,California,OTH,Other,1307,megawatthours
2025-10-02 09:00:00,CAL,California,OTH,Other,576,megawatthours
2025-10-02 10:00:00,CAL,California,OTH,Other,291,megawatthours
2025-10-02 11:00:00,CAL,California,OTH,Other,-663,megawatthours
2025-10-02 12:00:00,CAL,California,OTH,Other,-716,megawatthours
2025-10-02 13:00:00,CAL,California,OTH,Other,-322,megawatthours
2025-10-02 14:00:00,CAL,California,OTH,Other,329,megawatthours
2025-10-02 15:00:00,CAL,California,OTH,Other,2164,megawatthours
2025-10-02 16:00:00,CAL,California,OTH,Other,-130,megawatthours
2025-10-02 17:00:00,CAL,California,OTH,Other,-2807,megawatthours
2025-10-02 18:00:00,CAL,California,OTH,Other,-4561,megawatthours
2025-10-02 19:00:00,CAL,California,OTH,Other,-5388,megawatthours
2025-10-02 20:00:00,CAL,California,OTH,Other,-5856,megawatthours
2025-10-02 21:00:00,CAL,California,OTH,Other,-4951,megawatthours
2025-10-02 22:00:00,CAL,California,OTH,Other,-4301,megawatthours
2025-10-02 23:00:00,CAL,California,OTH,Other,-3473,megawatthours
2025-10-03 00:00:00,CAL,California,OTH,Other,-1621,megawatthours
2025-10-03 00:00:00,CAL,California,OTH,Other,-1621,megawatthours
2025-10-03 01:00:00,CAL,California,OTH,Other,-561,megawatthours
2025-10-03 02:00:00,CAL,California,OTH,Other,3017,megawatthours
2025-10-03 03:00:00,CAL,California,OTH,Other,7421,megawatthours
2025-10-03 04:00:00,CAL,California,OTH,Other,6535,megawatthours
2025-10-03 05:00:00,CAL,California,OTH,Other,5767,megawatthours
2025-10-03 06:00:00,CAL,California,OTH,Other,4367,megawatthours
2025-10-03 07:00:00,CAL,California,OTH,Other,1757,megawatthours
2025-10-03 08:00:00,CAL,California,OTH,Other,937,megawatthours
2025-10-03 09:00:00,CAL,California,OTH,Other,408,megawatthours
2025-10-03 10:00:00,CAL,California,OTH,Other,287,megawatthours
2025-10-03 11:00:00,CAL,California,OTH,Other,-178,megawatthours
2025-10-03 12:00:00,CAL,California,OTH,Other,-701,megawatthours
2025-10-03 13:00:00,CAL,California,OTH,Other,-115,megawatthours
2025-10-03 14:00:00,CAL,California,OTH,Other,-37,megawatthours
2025-10-03 15:00:00,CAL,California,OTH,Other,1698,megawatthours
2025-10-03 16:00:00,CAL,California,OTH,Other,-10,megawatthours
2025-10-03 17:00:00,CAL,California,OTH,Other,-2577,megawatthours
2025-10-03 18:00:00,CAL,California,OTH,Other,-4690,megawatthours
2025-10-03 19:00:00,CAL,California,OTH,Other,-5623,megawatthours
2025-10-03 20:00:00,CAL,California,OTH,Other,-6146,megawatthours
2025-10-03 21:00:00,CAL,California,OTH,Other,-6374,megawatthours
2025-10-03 22:00:00,CAL,California,OTH,Other,-5905,megawatthours
2025-10-03 23:00:00,CAL,California,OTH,Other,-5353,megawatthours
2025-10-04 00:00:00,CAL,California,OTH,Other,-3336,megawatthours
2025-10-04 00:00:00,CAL,California,OTH,Other,-3336,megawatthours
2025-10-04 01:00:00,CAL,California,OTH,Other,-1278,megawatthours
2025-10-04 02:00:00,CAL,California,OTH,Other,1449,megawatthours
2025-10-04 03:00:00,CAL,California,OTH,Other,6496,megawatthours
2025-10-04 04:00:00,CAL,California,OTH,Other,5894,megawatthours
2025-10-04 05:00:00,CAL,California,OTH,Other,5507,megawatthours
2025-10-04 06:00:00,CAL,California,OTH,Other,4711,megawatthours
2025-10-04 07:00:00,CAL,California,OTH,Other,3019,megawatthours
2025-10-04 08:00:00,CAL,California,OTH,Other,2128,megawatthours
2025-10-04 09:00:00,CAL,California,OTH,Other,1321,megawatthours
2025-10-04 10:00:00,CAL,California,OTH,Other,746,megawatthours
2025-10-04 11:00:00,CAL,California,OTH,Other,47,megawatthours
2025-10-04 12:00:00,CAL,California,OTH,Other,-3,megawatthours
2025-10-04 13:00:00,CAL,California,OTH,Other,61,megawatthours
2025-10-04 14:00:00,CAL,California,OTH,Other,979,megawatthours
2025-10-04 15:00:00,CAL,California,OTH,Other,2169,megawatthours
2025-10-04 16:00:00,CAL,California,OTH,Other,579,megawatthours
2025-10-04 17:00:00,CAL,California,OTH,Other,-2386,megawatthours
2025-10-04 18:00:00,CAL,California,OTH,Other,-4211,megawatthours
2025-10-04 19:00:00,CAL,California,OTH,Other,-4893,megawatthours
2025-10-04 20:00:00,CAL,California,OTH,Other,-5779,megawatthours
2025-10-04 21:00:00,CAL,California,OTH,Other,-5843,megawatthours
2025-10-04 22:00:00,CAL,California,OTH,Other,-5371,megawatthours
2025-10-04 23:00:00,CAL,California,OTH,Other,-3605,megawatthours
2025-10-05 00:00:00,CAL,California,OTH,Other,-2550,megawatthours
2025-10-05 00:00:00,CAL,California,OTH,Other,-2550,megawatthours
2025-10-05 01:00:00,CAL,California,OTH,Other,-936,megawatthours
2025-10-05 02:00:00,CAL,California,OTH,Other,1706,megawatthours
2025-10-05 03:00:00,CAL,California,OTH,Other,5842,megawatthours
2025-10-05 04:00:00,CAL,California,OTH,Other,5970,megawatthours
2025-10-05 05:00:00,CAL,California,OTH,Other,5407,megawatthours
2025-10-05 06:00:00,CAL,California,OTH,Other,5117,megawatthours
2025-10-05 07:00:00,CAL,California,OTH,Other,3833,megawatthours
2025-10-05 08:00:00,CAL,California,OTH,Other,2949,megawatthours
2025-10-05 09:00:00,CAL,California,OTH,Other,2181,megawatthours
2025-10-05 10:00:00,CAL,California,OTH,Other,1108,megawatthours
2025-10-05 11:00:00,CAL,California,OTH,Other,715,megawatthours
2025-10-05 12:00:00,CAL,California,OTH,Other,633,megawatthours
2025-10-05 13:00:00,CAL,California,OTH,Other,957,megawatthours
2025-10-05 14:00:00,CAL,California,OTH,Other,1019,megawatthours
2025-10-05 15:00:00,CAL,California,OTH,Other,1459,megawatthours
2025-10-05 16:00:00,CAL,California,OTH,Other,-197,megawatthours
2025-10-05 17:00:00,CAL,California,OTH,Other,-2783,megawatthours
2025-10-05 18:00:00,CAL,California,OTH,Other,-4732,megawatthours
2025-10-05 19:00:00,CAL,California,OTH,Other,-5750,megawatthours
2025-10-05 20:00:00,CAL,California,OTH,Other,-7126,megawatthours
2025-10-05 21:00:00,CAL,California,OTH,Other,-7217,megawatthours
2025-10-05 22:00:00,CAL,California,OTH,Other,-6528,megawatthours
2025-10-05 23:00:00,CAL,California,OTH,Other,-4406,megawatthours
2025-10-06 00:00:00,CAL,California,OTH,Other,-2069,megawatthours
2025-10-06 00:00:00,CAL,California,OTH,Other,-2069,megawatthours
2025-10-06 01:00:00,CAL,California,OTH,Other,-234,megawatthours
2025-10-06 02:00:00,CAL,California,OTH,Other,3595,megawatthours
2025-10-06 03:00:00,CAL,California,OTH,Other,8452,megawatthours
2025-10-06 04:00:00,CAL,California,OTH,Other,8394,megawatthours
2025-10-06 05:00:00,CAL,California,OTH,Other,7242,megawatthours
2025-10-06 06:00:00,CAL,California,OTH,Other,5043,megawatthours
2025-10-06 07:00:00,CAL,California,OTH,Other,3325,megawatthours
2025-10-06 08:00:00,CAL,California,OTH,Other,1155,megawatthours
2025-10-06 09:00:00,CAL,California,OTH,Other,898,megawatthours
2025-10-06 10:00:00,CAL,California,OTH,Other,783,megawatthours
2025-10-06 11:00:00,CAL,California,OTH,Other,339,megawatthours
2025-10-06 12:00:00,CAL,California,OTH,Other,54,megawatthours
2025-10-06 13:00:00,CAL,California,OTH,Other,-377,megawatthours
2025-10-06 14:00:00,CAL,California,OTH,Other,509,megawatthours
2025-10-06 15:00:00,CAL,California,OTH,Other,1188,megawatthours
2025-10-06 16:00:00,CAL,California,OTH,Other,-170,megawatthours
2025-10-06 17:00:00,CAL,California,OTH,Other,-3473,megawatthours
2025-10-06 18:00:00,CAL,California,OTH,Other,-5367,megawatthours
2025-10-06 19:00:00,CAL,California,OTH,Other,-6537,megawatthours
2025-10-06 20:00:00,CAL,California,OTH,Other,-7513,megawatthours
2025-10-06 21:00:00,CAL,California,OTH,Other,-6709,megawatthours
2025-10-06 22:00:00,CAL,California,OTH,Other,-5144,megawatthours
2025-10-06 23:00:00,CAL,California,OTH,Other,-3536,megawatthours
2025-10-07 00:00:00,CAL,California,OTH,Other,-1923,megawatthours
2025-10-07 00:00:00,CAL,California,OTH,Other,-1923,megawatthours
2025-10-07 01:00:00,CAL,California,OTH,Other,-494,megawatthours
2025-10-07 02:00:00,CAL,California,OTH,Other,4280,megawatthours
2025-10-07 03:00:00,CAL,California,OTH,Other,8742,megawatthours
2025-10-07 04:00:00,CAL,California,OTH,Other,8358,megawatthours
2025-10-07 05:00:00,CAL,California,OTH,Other,6645,megawatthours
2025-10-07 06:00:00,CAL,California,OTH,Other,4643,megawatthours
2025-10-07 07:00:00,CAL,California,OTH,Other,2185,megawatthours
2025-10-07 08:00:00,CAL,California,OTH,Other,1013,megawatthours
2025-10-07 09:00:00,CAL,California,OTH,Other,380,megawatthours
2025-10-07 10:00:00,CAL,California,OTH,Other,94,megawatthours
2025-10-07 11:00:00,CAL,California,OTH,Other,-483,megawatthours
2025-10-07 12:00:00,CAL,California,OTH,Other,-775,megawatthours
2025-10-07 13:00:00,CAL,California,OTH,Other,45,megawatthours
2025-10-07 14:00:00,CAL,California,OTH,Other,314,megawatthours
2025-10-07 15:00:00,CAL,California,OTH,Other,2325,megawatthours
2025-10-07 16:00:00,CAL,California,OTH,Other,131,megawatthours
2025-10-07 17:00:00,CAL,California,OTH,Other,-3994,megawatthours
2025-10-07 18:00:00,CAL,California,OTH,Other,-5645,megawatthours
2025-10-07 19:00:00,CAL,California,OTH,Other,-6512,megawatthours
2025-10-07 20:00:00,CAL,California,OTH,Other,-7328,megawatthours
2025-10-07 21:00:00,CAL,California,OTH,Other,-6292,megawatthours
2025-10-07 22:00:00,CAL,California,OTH,Other,-4877,megawatthours
2025-10-07 23:00:00,CAL,California,OTH,Other,-4008,megawatthours
2025-10-08 00:00:00,CAL,California,OTH,Other,-1696,megawatthours
2025-10-08 00:00:00,CAL,California,OTH,Other,-1696,megawatthours
2025-10-08 01:00:00,CAL,California,OTH,Other,-608,megawatthours
2025-10-08 02:00:00,CAL,California,OTH,Other,3873,megawatthours
2025-10-08 03:00:00,CAL,California,OTH,Other,8663,megawatthours
2025-10-08 04:00:00,CAL,California,OTH,Other,8076,megawatthours
2025-10-08 05:00:00,CAL,California,OTH,Other,6780,megawatthours
2025-10-08 06:00:00,CAL,California,OTH,Other,4750,megawatthours
2025-10-08 07:00:00,CAL,California,OTH,Other,3094,megawatthours
2025-10-08 08:00:00,CAL,California,OTH,Other,1250,megawatthours
2025-10-08 09:00:00,CAL,California,OTH,Other,853,megawatthours
2025-10-08 10:00:00,CAL,California,OTH,Other,303,megawatthours
2025-10-08 11:00:00,CAL,California,OTH,Other,-414,megawatthours
2025-10-08 12:00:00,CAL,California,OTH,Other,-882,megawatthours
2025-10-08 13:00:00,CAL,California,OTH,Other,-733,megawatthours
2025-10-08 14:00:00,CAL,California,OTH,Other,416,megawatthours
2025-10-08 15:00:00,CAL,California,OTH,Other,2574,megawatthours
2025-10-08 16:00:00,CAL,California,OTH,Other,758,megawatthours
2025-10-08 17:00:00,CAL,California,OTH,Other,-2796,megawatthours
2025-10-08 18:00:00,CAL,California,OTH,Other,-5882,megawatthours
2025-10-08 19:00:00,CAL,California,OTH,Other,-7243,megawatthours
2025-10-08 20:00:00,CAL,California,OTH,Other,-7941,megawatthours
2025-10-08 21:00:00,CAL,California,OTH,Other,-7081,megawatthours
2025-10-08 22:00:00,CAL,California,OTH,Other,-5589,megawatthours
2025-10-08 23:00:00,CAL,California,OTH,Other,-3581,megawatthours
2025-10-09 00:00:00,CAL,California,OTH,Other,-1807,megawatthours
2025-10-09 00:00:00,CAL,California,OTH,Other,-1807,megawatthours
2025-10-09 01:00:00,CAL,California,OTH,Other,-535,megawatthours
2025-10-09 02:00:00,CAL,California,OTH,Other,2739,megawatthours
2025-10-09 03:00:00,CAL,California,OTH,Other,7556,megawatthours
2025-10-09 04:00:00,CAL,California,OTH,Other,7406,megawatthours
2025-10-09 05:00:00,CAL,California,OTH,Other,6814,megawatthours
2025-10-09 06:00:00,CAL,California,OTH,Other,5855,megawatthours
2025-10-09 07:00:00,CAL,California,OTH,Other,3195,megawatthours
2025-10-09 08:00:00,CAL,California,OTH,Other,1610,megawatthours
2025-10-09 09:00:00,CAL,California,OTH,Other,669,megawatthours
2025-10-09 10:00:00,CAL,California,OTH,Other,132,megawatthours
2025-10-09 11:00:00,CAL,California,OTH,Other,-522,megawatthours
2025-10-09 12:00:00,CAL,California,OTH,Other,-697,megawatthours
2025-10-09 13:00:00,CAL,California,OTH,Other,-461,megawatthours
2025-10-09 14:00:00,CAL,California,OTH,Other,921,megawatthours
2025-10-09 15:00:00,CAL,California,OTH,Other,3336,megawatthours
2025-10-09 16:00:00,CAL,California,OTH,Other,1712,megawatthours
2025-10-09 17:00:00,CAL,California,OTH,Other,-1990,megawatthours
2025-10-09 18:00:00,CAL,California,OTH,Other,-4551,megawatthours
2025-10-09 19:00:00,CAL,California,OTH,Other,-5685,megawatthours
2025-10-09 20:00:00,CAL,California,OTH,Other,-5640,megawatthours
2025-10-09 21:00:00,CAL,California,OTH,Other,-4252,megawatthours
2025-10-09 22:00:00,CAL,California,OTH,Other,-3393,megawatthours
2025-10-09 23:00:00,CAL,California,OTH,Other,-2294,megawatthours
2025-10-10 00:00:00,CAL,California,OTH,Other,-767,megawatthours
2025-10-10 00:00:00,CAL,California,OTH,Other,-767,megawatthours
2025-10-10 01:00:00,CAL,California,OTH,Other,207,megawatthours
2025-10-10 02:00:00,CAL,California,OTH,Other,2854,megawatthours
2025-10-10 03:00:00,CAL,California,OTH,Other,6437,megawatthours
2025-10-10 04:00:00,CAL,California,OTH,Other,5943,megawatthours
2025-10-10 05:00:00,CAL,California,OTH,Other,4949,megawatthours
2025-10-10 06:00:00,CAL,California,OTH,Other,3720,megawatthours
2025-10-10 07:00:00,CAL,California,OTH,Other,1545,megawatthours
2025-10-10 08:00:00,CAL,California,OTH,Other,603,megawatthours
2025-10-10 09:00:00,CAL,California,OTH,Other,409,megawatthours
2025-10-10 10:00:00,CAL,California,OTH,Other,-191,megawatthours
2025-10-10 11:00:00,CAL,California,OTH,Other,-492,megawatthours
2025-10-10 12:00:00,CAL,California,OTH,Other,-872,megawatthours
2025-10-10 13:00:00,CAL,California,OTH,Other,-604,megawatthours
2025-10-10 14:00:00,CAL,California,OTH,Other,-272,megawatthours
2025-10-10 15:00:00,CAL,California,OTH,Other,1461,megawatthours
2025-10-10 16:00:00,CAL,California,OTH,Other,863,megawatthours
2025-10-10 17:00:00,CAL,California,OTH,Other,-749,megawatthours
2025-10-10 18:00:00,CAL,California,OTH,Other,-2709,megawatthours
2025-10-10 19:00:00,CAL,California,OTH,Other,-4701,megawatthours
2025-10-10 20:00:00,CAL,California,OTH,Other,-5516,megawatthours
2025-10-10 21:00:00,CAL,California,OTH,Other,-4909,megawatthours
2025-10-10 22:00:00,CAL,California,OTH,Other,-2785,megawatthours
2025-10-10 23:00:00,CAL,California,OTH,Other,-1563,megawatthours
2025-10-11 00:00:00,CAL,California,OTH,Other,163,megawatthours
2025-10-11 00:00:00,CAL,California,OTH,Other,163,megawatthours
2025-10-11 01:00:00,CAL,California,OTH,Other,-136,megawatthours
2025-10-11 02:00:00,CAL,California,OTH,Other,2733,megawatthours
2025-10-11 03:00:00,CAL,California,OTH,Other,4386,megawatthours
2025-10-11 04:00:00,CAL,California,OTH,Other,4008,megawatthours
2025-10-11 05:00:00,CAL,California,OTH,Other,3739,megawatthours
2025-10-11 06:00:00,CAL,California,OTH,Other,2177,megawatthours
2025-10-11 07:00:00,CAL,California,OTH,Other,666,megawatthours
2025-10-11 08:00:00,CAL,California,OTH,Other,577,megawatthours
2025-10-11 09:00:00,CAL,California,OTH,Other,1464,megawatthours
2025-10-11 10:00:00,CAL,California,OTH,Other,617,megawatthours
2025-10-11 11:00:00,CAL,California,OTH,Other,-137,megawatthours
2025-10-11 12:00:00,CAL,California,OTH,Other,134,megawatthours
2025-10-11 13:00:00,CAL,California,OTH,Other,-492,megawatthours
2025-10-11 14:00:00,CAL,California,OTH,Other,190,megawatthours
2025-10-11 15:00:00,CAL,California,OTH,Other,1780,megawatthours
2025-10-11 16:00:00,CAL,California,OTH,Other,228,megawatthours
2025-10-11 17:00:00,CAL,California,OTH,Other,-1342,megawatthours
2025-10-11 18:00:00,CAL,California,OTH,Other,-3450,megawatthours
2025-10-11 19:00:00,CAL,California,OTH,Other,-5183,megawatthours
2025-10-11 20:00:00,CAL,California,OTH,Other,-6313,megawatthours
2025-10-11 21:00:00,CAL,California,OTH,Other,-6402,megawatthours
2025-10-11 22:00:00,CAL,California,OTH,Other,-5822,megawatthours
2025-10-11 23:00:00,CAL,California,OTH,Other,-5012,megawatthours
2025-10-12 00:00:00,CAL,California,OTH,Other,-3536,megawatthours
2025-10-12 00:00:00,CAL,California,OTH,Other,-3536,megawatthours
2025-10-12 01:00:00,CAL,California,OTH,Other,-1123,megawatthours
2025-10-12 02:00:00,CAL,California,OTH,Other,2798,megawatthours
2025-10-12 03:00:00,CAL,California,OTH,Other,6758,megawatthours
2025-10-12 04:00:00,CAL,California,OTH,Other,6928,megawatthours
2025-10-12 05:00:00,CAL,California,OTH,Other,6690,megawatthours
2025-10-12 06:00:00,CAL,California,OTH,Other,5680,megawatthours
2025-10-12 07:00:00,CAL,California,OTH,Other,3267,megawatthours
2025-10-12 08:00:00,CAL,California,OTH,Other,1644,megawatthours
2025-10-12 09:00:00,CAL,California,OTH,Other,1585,megawatthours
2025-10-12 10:00:00,CAL,California,OTH,Other,533,megawatthours
2025-10-12 11:00:00,CAL,California,OTH,Other,429,megawatthours
2025-10-12 12:00:00,CAL,California,OTH,Other,62,megawatthours
2025-10-12 13:00:00,CAL,California,OTH,Other,74,megawatthours
2025-10-12 14:00:00,CAL,California,OTH,Other,874,megawatthours
2025-10-12 15:00:00,CAL,California,OTH,Other,2164,megawatthours
2025-10-12 16:00:00,CAL,California,OTH,Other,1080,megawatthours
2025-10-12 17:00:00,CAL,California,OTH,Other,-2390,megawatthours
2025-10-12 18:00:00,CAL,California,OTH,Other,-6122,megawatthours
2025-10-12 19:00:00,CAL,California,OTH,Other,-7453,megawatthours
2025-10-12 20:00:00,CAL,California,OTH,Other,-7396,megawatthours
2025-10-12 21:00:00,CAL,California,OTH,Other,-6728,megawatthours
2025-10-12 22:00:00,CAL,California,OTH,Other,-6203,megawatthours
2025-10-12 23:00:00,CAL,California,OTH,Other,-4628,megawatthours
2025-10-13 00:00:00,CAL,California,OTH,Other,-1856,megawatthours
2025-10-13 00:00:00,CAL,California,OTH,Other,-1856,megawatthours
2025-10-13 01:00:00,CAL,California,OTH,Other,-159,megawatthours
2025-10-13 02:00:00,CAL,California,OTH,Other,4428,megawatthours
2025-10-13 03:00:00,CAL,California,OTH,Other,8966,megawatthours
2025-10-13 04:00:00,CAL,California,OTH,Other,7930,megawatthours
2025-10-13 05:00:00,CAL,California,OTH,Other,5950,megawatthours
2025-10-13 06:00:00,CAL,California,OTH,Other,4983,megawatthours
2025-10-13 07:00:00,CAL,California,OTH,Other,3509,megawatthours
2025-10-13 08:00:00,CAL,California,OTH,Other,1256,megawatthours
2025-10-13 09:00:00,CAL,California,OTH,Other,596,megawatthours
2025-10-13 10:00:00,CAL,California,OTH,Other,51,megawatthours
2025-10-13 11:00:00,CAL,California,OTH,Other,-252,megawatthours
2025-10-13 12:00:00,CAL,California,OTH,Other,-488,megawatthours
2025-10-13 13:00:00,CAL,California,OTH,Other,-402,megawatthours
2025-10-13 14:00:00,CAL,California,OTH,Other,303,megawatthours
2025-10-13 15:00:00,CAL,California,OTH,Other,1948,megawatthours
2025-10-13 16:00:00,CAL,California,OTH,Other,637,megawatthours
2025-10-13 17:00:00,CAL,California,OTH,Other,-2641,megawatthours
2025-10-13 18:00:00,CAL,California,OTH,Other,-2936,megawatthours
2025-10-13 19:00:00,CAL,California,OTH,Other,-4003,megawatthours
2025-10-13 20:00:00,CAL,California,OTH,Other,-4281,megawatthours
2025-10-13 21:00:00,CAL,California,OTH,Other,-4859,megawatthours
2025-10-13 22:00:00,CAL,California,OTH,Other,-3722,megawatthours
2025-10-13 23:00:00,CAL,California,OTH,Other,-3181,megawatthours
2025-10-14 00:00:00,CAL,California,OTH,Other,-1257,megawatthours
2025-10-14 00:00:00,CAL,California,OTH,Other,-1257,megawatthours
2025-10-14 01:00:00,CAL,California,OTH,Other,101,megawatthours
2025-10-14 02:00:00,CAL,California,OTH,Other,4164,megawatthours
2025-10-14 03:00:00,CAL,California,OTH,Other,5507,megawatthours
2025-10-14 04:00:00,CAL,California,OTH,Other,4334,megawatthours
2025-10-14 05:00:00,CAL,California,OTH,Other,3379,megawatthours
2025-10-14 06:00:00,CAL,California,OTH,Other,2616,megawatthours
2025-10-14 07:00:00,CAL,California,OTH,Other,1907,megawatthours
2025-10-14 08:00:00,CAL,California,OTH,Other,475,megawatthours
2025-10-14 09:00:00,CAL,California,OTH,Other,466,megawatthours
2025-10-14 10:00:00,CAL,California,OTH,Other,-10,megawatthours
2025-10-14 11:00:00,CAL,California,OTH,Other,-441,megawatthours
2025-10-14 12:00:00,CAL,California,OTH,Other,-553,megawatthours
2025-10-14 13:00:00,CAL,California,OTH,Other,-395,megawatthours
2025-10-14 14:00:00,CAL,California,OTH,Other,862,megawatthours
2025-10-14 15:00:00,CAL,California,OTH,Other,2400,megawatthours
2025-10-14 16:00:00,CAL,California,OTH,Other,1293,megawatthours
2025-10-14 17:00:00,CAL,California,OTH,Other,-581,megawatthours
2025-10-14 18:00:00,CAL,California,OTH,Other,-600,megawatthours
2025-10-14 19:00:00,CAL,California,OTH,Other,-1864,megawatthours
2025-10-14 20:00:00,CAL,California,OTH,Other,-2350,megawatthours
2025-10-14 21:00:00,CAL,California,OTH,Other,-4076,megawatthours
2025-10-14 22:00:00,CAL,California,OTH,Other,-4566,megawatthours
2025-10-14 23:00:00,CAL,California,OTH,Other,-5624,megawatthours
2025-10-15 00:00:00,CAL,California,OTH,Other,-4636,megawatthours
2025-10-15 00:00:00,CAL,California,OTH,Other,-4636,megawatthours
2025-10-15 01:00:00,CAL,California,OTH,Other,-2129,megawatthours
2025-10-15 02:00:00,CAL,California,OTH,Other,2414,megawatthours
2025-10-15 03:00:00,CAL,California,OTH,Other,5177,megawatthours
2025-10-15 04:00:00,CAL,California,OTH,Other,4699,megawatthours
2025-10-15 05:00:00,CAL,California,OTH,Other,3766,megawatthours
2025-10-15 06:00:00,CAL,California,OTH,Other,2795,megawatthours
2025-10-15 07:00:00,CAL,California,OTH,Other,1101,megawatthours
2025-10-15 08:00:00,CAL,California,OTH,Other,97,megawatthours
2025-10-15 09:00:00,CAL,California,OTH,Other,228,megawatthours
2025-10-15 10:00:00,CAL,California,OTH,Other,-182,megawatthours
2025-10-15 11:00:00,CAL,California,OTH,Other,-865,megawatthours
2025-10-15 12:00:00,CAL,California,OTH,Other,-1189,megawatthours
2025-10-15 13:00:00,CAL,California,OTH,Other,-206,megawatthours
2025-10-15 14:00:00,CAL,California,OTH,Other,874,megawatthours
2025-10-15 15:00:00,CAL,California,OTH,Other,3769,megawatthours
2025-10-15 16:00:00,CAL,California,OTH,Other,2171,megawatthours
2025-10-15 17:00:00,CAL,California,OTH,Other,-1408,megawatthours
2025-10-15 18:00:00,CAL,California,OTH,Other,-3833,megawatthours
2025-10-15 19:00:00,CAL,California,OTH,Other,-4983,megawatthours
2025-10-15 20:00:00,CAL,California,OTH,Other,-6158,megawatthours
2025-10-15 21:00:00,CAL,California,OTH,Other,-5919,megawatthours
2025-10-15 22:00:00,CAL,California,OTH,Other,-5586,megawatthours
2025-10-15 23:00:00,CAL,California,OTH,Other,-4808,megawatthours
2025-10-16 00:00:00,CAL,California,OTH,Other,-3302,megawatthours
2025-10-16 00:00:00,CAL,California,OTH,Other,-3302,megawatthours
2025-10-16 01:00:00,CAL,California,OTH,Other,-1062,megawatthours
2025-10-16 02:00:00,CAL,California,OTH,Other,3184,megawatthours
2025-10-16 03:00:00,CAL,California,OTH,Other,6610,megawatthours
2025-10-16 04:00:00,CAL,California,OTH,Other,6179,megawatthours
2025-10-16 05:00:00,CAL,California,OTH,Other,5987,megawatthours
2025-10-16 06:00:00,CAL,California,OTH,Other,4688,megawatthours
2025-10-16 07:00:00,CAL,California,OTH,Other,3333,megawatthours
2025-10-16 08:00:00,CAL,California,OTH,Other,2183,megawatthours
2025-10-16 09:00:00,CAL,California,OTH,Other,1351,megawatthours
2025-10-16 10:00:00,CAL,California,OTH,Other,1134,megawatthours
2025-10-16 11:00:00,CAL,California,OTH,Other,617,megawatthours
2025-10-16 12:00:00,CAL,California,OTH,Other,306,megawatthours
2025-10-16 13:00:00,CAL,California,OTH,Other,582,megawatthours
2025-10-16 14:00:00,CAL,California,OTH,Other,1074,megawatthours
2025-10-16 15:00:00,CAL,California,OTH,Other,2424,megawatthours
2025-10-16 16:00:00,CAL,California,OTH,Other,1116,megawatthours
2025-10-16 17:00:00,CAL,California,OTH,Other,-2308,megawatthours
2025-10-16 18:00:00,CAL,California,OTH,Other,-4489,megawatthours
2025-10-16 19:00:00,CAL,California,OTH,Other,-5575,megawatthours
2025-10-16 20:00:00,CAL,California,OTH,Other,-7157,megawatthours
2025-10-16 21:00:00,CAL,California,OTH,Other,-7865,megawatthours
2025-10-16 22:00:00,CAL,California,OTH,Other,-6818,megawatthours
2025-10-16 23:00:00,CAL,California,OTH,Other,-5782,megawatthours
2025-10-17 00:00:00,CAL,California,OTH,Other,-3489,megawatthours
2025-10-17 00:00:00,CAL,California,OTH,Other,-3489,megawatthours
2025-10-17 01:00:00,CAL,California,OTH,Other,-185,megawatthours
2025-10-17 02:00:00,CAL,California,OTH,Other,3130,megawatthours
2025-10-17 03:00:00,CAL,California,OTH,Other,6158,megawatthours
2025-10-17 04:00:00,CAL,California,OTH,Other,5495,megawatthours
2025-10-17 05:00:00,CAL,California,OTH,Other,4909,megawatthours
2025-10-17 06:00:00,CAL,California,OTH,Other,4420,megawatthours
2025-10-17 07:00:00,CAL,California,OTH,Other,2579,megawatthours
2025-10-17 08:00:00,CAL,California,OTH,Other,1366,megawatthours
2025-10-17 09:00:00,CAL,California,OTH,Other,899,megawatthours
2025-10-17 10:00:00,CAL,California,OTH,Other,459,megawatthours
2025-10-17 11:00:00,CAL,California,OTH,Other,-103,megawatthours
2025-10-17 12:00:00,CAL,California,OTH,Other,-349,megawatthours
2025-10-17 13:00:00,CAL,California,OTH,Other,554,megawatthours
2025-10-17 14:00:00,CAL,California,OTH,Other,1646,megawatthours
2025-10-17 15:00:00,CAL,California,OTH,Other,3584,megawatthours
2025-10-17 16:00:00,CAL,California,OTH,Other,2556,megawatthours
2025-10-17 17:00:00,CAL,California,OTH,Other,-1942,megawatthours
2025-10-17 18:00:00,CAL,California,OTH,Other,-4874,megawatthours
2025-10-17 19:00:00,CAL,California,OTH,Other,-6612,megawatthours
2025-10-17 20:00:00,CAL,California,OTH,Other,-7145,megawatthours
2025-10-17 21:00:00,CAL,California,OTH,Other,-6942,megawatthours
2025-10-17 22:00:00,CAL,California,OTH,Other,-6005,megawatthours
2025-10-17 23:00:00,CAL,California,OTH,Other,-4348,megawatthours
2025-10-18 00:00:00,CAL,California,OTH,Other,-2334,megawatthours
2025-10-18 00:00:00,CAL,California,OTH,Other,-2334,megawatthours
2025-10-18 01:00:00,CAL,California,OTH,Other,-161,megawatthours
2025-10-18 02:00:00,CAL,California,OTH,Other,3664,megawatthours
2025-10-18 03:00:00,CAL,California,OTH,Other,6694,megawatthours
2025-10-18 04:00:00,CAL,California,OTH,Other,6056,megawatthours
2025-10-18 05:00:00,CAL,California,OTH,Other,5180,megawatthours
2025-10-18 06:00:00,CAL,California,OTH,Other,4977,megawatthours
2025-10-18 07:00:00,CAL,California,OTH,Other,4143,megawatthours
2025-10-18 08:00:00,CAL,California,OTH,Other,3120,megawatthours
2025-10-18 09:00:00,CAL,California,OTH,Other,2112,megawatthours
2025-10-18 10:00:00,CAL,California,OTH,Other,979,megawatthours
2025-10-18 11:00:00,CAL,California,OTH,Other,27,megawatthours
2025-10-18 12:00:00,CAL,California,OTH,Other,-37,megawatthours
2025-10-18 13:00:00,CAL,California,OTH,Other,146,megawatthours
2025-10-18 14:00:00,CAL,California,OTH,Other,250,megawatthours
2025-10-18 15:00:00,CAL,California,OTH,Other,1345,megawatthours
2025-10-18 16:00:00,CAL,California,OTH,Other,212,megawatthours
2025-10-18 17:00:00,CAL,California,OTH,Other,-3517,megawatthours
2025-10-18 18:00:00,CAL,California,OTH,Other,-5704,megawatthours
2025-10-18 19:00:00,CAL,California,OTH,Other,-6140,megawatthours
2025-10-18 20:00:00,CAL,California,OTH,Other,-7162,megawatthours
2025-10-18 21:00:00,CAL,California,OTH,Other,-7252,megawatthours
2025-10-18 22:00:00,CAL,California,OTH,Other,-6999,megawatthours
2025-10-18 23:00:00,CAL,California,OTH,Other,-4844,megawatthours
2025-10-19 00:00:00,CAL,California,OTH,Other,-2561,megawatthours
2025-10-19 00:00:00,CAL,California,OTH,Other,-2561,megawatthours
2025-10-19 01:00:00,CAL,California,OTH,Other,27,megawatthours
2025-10-19 02:00:00,CAL,California,OTH,Other,5731,megawatthours
2025-10-19 03:00:00,CAL,California,OTH,Other,8199,megawatthours
2025-10-19 04:00:00,CAL,California,OTH,Other,7042,megawatthours
2025-10-19 05:00:00,CAL,California,OTH,Other,6140,megawatthours
2025-10-19 06:00:00,CAL,California,OTH,Other,5449,megawatthours
2025-10-19 07:00:00,CAL,California,OTH,Other,3301,megawatthours
2025-10-19 08:00:00,CAL,California,OTH,Other,1538,megawatthours
2025-10-19 09:00:00,CAL,California,OTH,Other,1033,megawatthours
2025-10-19 10:00:00,CAL,California,OTH,Other,312,megawatthours
2025-10-19 11:00:00,CAL,California,OTH,Other,94,megawatthours
2025-10-19 12:00:00,CAL,California,OTH,Other,-252,megawatthours
2025-10-19 13:00:00,CAL,California,OTH,Other,-195,megawatthours
2025-10-19 14:00:00,CAL,California,OTH,Other,-136,megawatthours
2025-10-19 15:00:00,CAL,California,OTH,Other,701,megawatthours
2025-10-19 16:00:00,CAL,California,OTH,Other,-90,megawatthours
2025-10-19 17:00:00,CAL,California,OTH,Other,-3329,megawatthours
2025-10-19 18:00:00,CAL,California,OTH,Other,-6006,megawatthours
2025-10-19 19:00:00,CAL,California,OTH,Other,-7083,megawatthours
2025-10-19 20:00:00,CAL,California,OTH,Other,-8075,megawatthours
2025-10-19 21:00:00,CAL,California,OTH,Other,-8307,megawatthours
2025-10-19 22:00:00,CAL,California,OTH,Other,-5798,megawatthours
2025-10-19 23:00:00,CAL,California,OTH,Other,-4488,megawatthours
2025-10-20 00:00:00,CAL,California,OTH,Other,-2280,megawatthours
2025-10-20 00:00:00,CAL,California,OTH,Other,-2280,megawatthours
2025-10-20 01:00:00,CAL,California,OTH,Other,-240,megawatthours
2025-10-20 02:00:00,CAL,California,OTH,Other,4386,megawatthours
2025-10-20 03:00:00,CAL,California,OTH,Other,6410,megawatthours
2025-10-20 04:00:00,CAL,California,OTH,Other,5150,megawatthours
2025-10-20 05:00:00,CAL,California,OTH,Other,4070,megawatthours
2025-10-20 06:00:00,CAL,California,OTH,Other,2939,megawatthours
2025-10-20 07:00:00,CAL,California,OTH,Other,1556,megawatthours
2025-10-20 08:00:00,CAL,California,OTH,Other,795,megawatthours
2025-10-20 09:00:00,CAL,California,OTH,Other,343,megawatthours
2025-10-20 10:00:00,CAL,California,OTH,Other,-739,megawatthours
2025-10-20 11:00:00,CAL,California,OTH,Other,-1198,megawatthours
2025-10-20 12:00:00,CAL,California,OTH,Other,-1374,megawatthours
2025-10-20 13:00:00,CAL,California,OTH,Other,70,megawatthours
2025-10-20 14:00:00,CAL,California,OTH,Other,1951,megawatthours
2025-10-20 15:00:00,CAL,California,OTH,Other,4711,megawatthours
2025-10-20 16:00:00,CAL,California,OTH,Other,3933,megawatthours
2025-10-20 17:00:00,CAL,California,OTH,Other,-2038,megawatthours
2025-10-20 18:00:00,CAL,California,OTH,Other,-5871,megawatthours
2025-10-20 19:00:00,CAL,California,OTH,Other,-6805,megawatthours
2025-10-20 20:00:00,CAL,California,OTH,Other,-7370,megawatthours
2025-10-20 21:00:00,CAL,California,OTH,Other,-6765,megawatthours
2025-10-20 22:00:00,CAL,California,OTH,Other,-4795,megawatthours
2025-10-20 23:00:00,CAL,California,OTH,Other,-2698,megawatthours
2025-10-21 00:00:00,CAL,California,OTH,Other,-601,megawatthours
2025-10-21 00:00:00,CAL,California,OTH,Other,-601,megawatthours
2025-10-21 01:00:00,CAL,California,OTH,Other,563,megawatthours
2025-10-21 02:00:00,CAL,California,OTH,Other,5940,megawatthours
2025-10-21 03:00:00,CAL,California,OTH,Other,7681,megawatthours
2025-10-21 04:00:00,CAL,California,OTH,Other,6518,megawatthours
2025-10-21 05:00:00,CAL,California,OTH,Other,5198,megawatthours
2025-10-21 06:00:00,CAL,California,OTH,Other,4239,megawatthours
2025-10-21 07:00:00,CAL,California,OTH,Other,2674,megawatthours
2025-10-21 08:00:00,CAL,California,OTH,Other,1091,megawatthours
2025-10-21 09:00:00,CAL,California,OTH,Other,994,megawatthours
2025-10-21 10:00:00,CAL,California,OTH,Other,505,megawatthours
2025-10-21 11:00:00,CAL,California,OTH,Other,250,megawatthours
2025-10-21 12:00:00,CAL,California,OTH,Other,211,megawatthours
2025-10-21 13:00:00,CAL,California,OTH,Other,250,megawatthours
2025-10-21 14:00:00,CAL,California,OTH,Other,1122,megawatthours
2025-10-21 15:00:00,CAL,California,OTH,Other,2910,megawatthours
2025-10-21 16:00:00,CAL,California,OTH,Other,1688,megawatthours
2025-10-21 17:00:00,CAL,California,OTH,Other,-2558,megawatthours
2025-10-21 18:00:00,CAL,California,OTH,Other,-5033,megawatthours
2025-10-21 19:00:00,CAL,California,OTH,Other,-5602,megawatthours
2025-10-21 20:00:00,CAL,California,OTH,Other,-6591,megawatthours
2025-10-21 21:00:00,CAL,California,OTH,Other,-5347,megawatthours
2025-10-21 22:00:00,CAL,California,OTH,Other,-4513,megawatthours
2025-10-21 23:00:00,CAL,California,OTH,Other,-3299,megawatthours
2025-10-22 00:00:00,CAL,California,OTH,Other,-1929,megawatthours
2025-10-22 00:00:00,CAL,California,OTH,Other,-1929,megawatthours
2025-10-22 01:00:00,CAL,California,OTH,Other,780,megawatthours
2025-10-22 02:00:00,CAL,California,OTH,Other,6566,megawatthours
2025-10-22 03:00:00,CAL,California,OTH,Other,7507,megawatthours
2025-10-22 04:00:00,CAL,California,OTH,Other,6219,megawatthours
2025-10-22 05:00:00,CAL,California,OTH,Other,5341,megawatthours
2025-10-22 06:00:00,CAL,California,OTH,Other,3314,megawatthours
2025-10-22 07:00:00,CAL,California,OTH,Other,1736,megawatthours
2025-10-22 08:00:00,CAL,California,OTH,Other,361,megawatthours
2025-10-22 09:00:00,CAL,California,OTH,Other,146,megawatthours
2025-10-22 10:00:00,CAL,California,OTH,Other,122,megawatthours
2025-10-22 11:00:00,CAL,California,OTH,Other,-902,megawatthours
2025-10-22 12:00:00,CAL,California,OTH,Other,-1345,megawatthours
2025-10-22 13:00:00,CAL,California,OTH,Other,-863,megawatthours
2025-10-22 14:00:00,CAL,California,OTH,Other,297,megawatthours
2025-10-22 15:00:00,CAL,California,OTH,Other,2353,megawatthours
2025-10-22 16:00:00,CAL,California,OTH,Other,2344,megawatthours
2025-10-22 17:00:00,CAL,California,OTH,Other,-615,megawatthours
2025-10-22 18:00:00,CAL,California,OTH,Other,-2388,megawatthours
2025-10-22 19:00:00,CAL,California,OTH,Other,-4285,megawatthours
2025-10-22 20:00:00,CAL,California,OTH,Other,-5721,megawatthours
2025-10-22 21:00:00,CAL,California,OTH,Other,-5741,megawatthours
2025-10-22 22:00:00,CAL,California,OTH,Other,-5971,megawatthours
2025-10-22 23:00:00,CAL,California,OTH,Other,-6942,megawatthours
2025-10-23 00:00:00,CAL,California,OTH,Other,-5659,megawatthours
2025-10-23 00:00:00,CAL,California,OTH,Other,-5659,megawatthours
2025-10-23 01:00:00,CAL,California,OTH,Other,-401,megawatthours
2025-10-23 02:00:00,CAL,California,OTH,Other,4792,megawatthours
2025-10-23 03:00:00,CAL,California,OTH,Other,5966,megawatthours
2025-10-23 04:00:00,CAL,California,OTH,Other,6033,megawatthours
2025-10-23 05:00:00,CAL,California,OTH,Other,4850,megawatthours
2025-10-23 06:00:00,CAL,California,OTH,Other,3774,megawatthours
2025-10-23 07:00:00,CAL,California,OTH,Other,2005,megawatthours
2025-10-23 08:00:00,CAL,California,OTH,Other,808,megawatthours
2025-10-23 09:00:00,CAL,California,OTH,Other,655,megawatthours
2025-10-23 10:00:00,CAL,California,OTH,Other,-174,megawatthours
2025-10-23 11:00:00,CAL,California,OTH,Other,-364,megawatthours
2025-10-23 12:00:00,CAL,California,OTH,Other,-186,megawatthours
2025-10-23 13:00:00,CAL,California,OTH,Other,432,megawatthours
2025-10-23 14:00:00,CAL,California,OTH,Other,1946,megawatthours
2025-10-23 15:00:00,CAL,California,OTH,Other,4019,megawatthours
2025-10-23 16:00:00,CAL,California,OTH,Other,2891,megawatthours
2025-10-23 17:00:00,CAL,California,OTH,Other,-1976,megawatthours
2025-10-23 18:00:00,CAL,California,OTH,Other,-4734,megawatthours
2025-10-23 19:00:00,CAL,California,OTH,Other,-5023,megawatthours
2025-10-23 20:00:00,CAL,California,OTH,Other,-6221,megawatthours
2025-10-23 21:00:00,CAL,California,OTH,Other,-6536,megawatthours
2025-10-23 22:00:00,CAL,California,OTH,Other,-6618,megawatthours
2025-10-23 23:00:00,CAL,California,OTH,Other,-5310,megawatthours
2025-10-24 00:00:00,CAL,California,OTH,Other,-3602,megawatthours
2025-10-24 00:00:00,CAL,California,OTH,Other,-3602,megawatthours
2025-10-24 01:00:00,CAL,California,OTH,Other,-380,megawatthours
2025-10-24 02:00:00,CAL,California,OTH,Other,4309,megawatthours
2025-10-24 03:00:00,CAL,California,OTH,Other,6067,megawatthours
2025-10-24 04:00:00,CAL,California,OTH,Other,5872,megawatthours
2025-10-24 05:00:00,CAL,California,OTH,Other,5189,megawatthours
2025-10-24 06:00:00,CAL,California,OTH,Other,4325,megawatthours
2025-10-24 07:00:00,CAL,California,OTH,Other,3354,megawatthours
2025-10-24 08:00:00,CAL,California,OTH,Other,2240,megawatthours
2025-10-24 09:00:00,CAL,California,OTH,Other,1369,megawatthours
2025-10-24 10:00:00,CAL,California,OTH,Other,649,megawatthours
2025-10-24 11:00:00,CAL,California,OTH,Other,-117,megawatthours
2025-10-24 12:00:00,CAL,California,OTH,Other,-301,megawatthours
2025-10-24 13:00:00,CAL,California,OTH,Other,-21,megawatthours
2025-10-24 14:00:00,CAL,California,OTH,Other,730,megawatthours
2025-10-24 15:00:00,CAL,California,OTH,Other,3373,megawatthours
2025-10-24 16:00:00,CAL,California,OTH,Other,1734,megawatthours
2025-10-24 17:00:00,CAL,California,OTH,Other,-1634,megawatthours
2025-10-24 18:00:00,CAL,California,OTH,Other,-4594,megawatthours
2025-10-24 19:00:00,CAL,California,OTH,Other,-5628,megawatthours
2025-10-24 20:00:00,CAL,California,OTH,Other,-6259,megawatthours
2025-10-24 21:00:00,CAL,California,OTH,Other,-5975,megawatthours
2025-10-24 22:00:00,CAL,California,OTH,Other,-5959,megawatthours
2025-10-24 23:00:00,CAL,California,OTH,Other,-5245,megawatthours
2025-10-25 00:00:00,CAL,California,OTH,Other,-3188,megawatthours
2025-10-25 00:00:00,CAL,California,OTH,Other,-3188,megawatthours
2025-10-25 01:00:00,CAL,California,OTH,Other,-436,megawatthours
2025-10-25 02:00:00,CAL,California,OTH,Other,5027,megawatthours
2025-10-25 03:00:00,CAL,California,OTH,Other,5969,megawatthours
2025-10-25 04:00:00,CAL,California,OTH,Other,4702,megawatthours
2025-10-25 05:00:00,CAL,California,OTH,Other,4513,megawatthours
2025-10-25 06:00:00,CAL,California,OTH,Other,3896,megawatthours
2025-10-25 07:00:00,CAL,California,OTH,Other,2387,megawatthours
2025-10-25 08:00:00,CAL,California,OTH,Other,1543,megawatthours
2025-10-25 09:00:00,CAL,California,OTH,Other,1536,megawatthours
2025-10-25 10:00:00,CAL,California,OTH,Other,1685,megawatthours
2025-10-25 11:00:00,CAL,California,OTH,Other,825,megawatthours
2025-10-25 12:00:00,CAL,California,OTH,Other,312,megawatthours
2025-10-25 13:00:00,CAL,California,OTH,Other,320,megawatthours
2025-10-25 14:00:00,CAL,California,OTH,Other,1196,megawatthours
2025-10-25 15:00:00,CAL,California,OTH,Other,2561,megawatthours
2025-10-25 16:00:00,CAL,California,OTH,Other,776,megawatthours
2025-10-25 17:00:00,CAL,California,OTH,Other,-1593,megawatthours
2025-10-25 18:00:00,CAL,California,OTH,Other,-3546,megawatthours
2025-10-25 19:00:00,CAL,California,OTH,Other,-4799,megawatthours
2025-10-25 20:00:00,CAL,California,OTH,Other,-5496,megawatthours
2025-10-25 21:00:00,CAL,California,OTH,Other,-6898,megawatthours
2025-10-25 22:00:00,CAL,California,OTH,Other,-6276,megawatthours
2025-10-25 23:00:00,CAL,California,OTH,Other,-4745,megawatthours
2025-10-26 00:00:00,CAL,California,OTH,Other,-3556,megawatthours
2025-10-26 00:00:00,CAL,California,OTH,Other,-3556,megawatthours
2025-10-26 01:00:00,CAL,California,OTH,Other,-236,megawatthours
2025-10-26 02:00:00,CAL,California,OTH,Other,3444,megawatthours
2025-10-26 03:00:00,CAL,California,OTH,Other,5227,megawatthours
2025-10-26 04:00:00,CAL,California,OTH,Other,5235,megawatthours
2025-10-26 05:00:00,CAL,California,OTH,Other,5320,megawatthours
2025-10-26 06:00:00,CAL,California,OTH,Other,4612,megawatthours
2025-10-26 07:00:00,CAL,California,OTH,Other,2341,megawatthours
2025-10-26 08:00:00,CAL,California,OTH,Other,1157,megawatthours
2025-10-26 09:00:00,CAL,California,OTH,Other,1117,megawatthours
2025-10-26 10:00:00,CAL,California,OTH,Other,670,megawatthours
2025-10-26 11:00:00,CAL,California,OTH,Other,315,megawatthours
2025-10-26 12:00:00,CAL,California,OTH,Other,347,megawatthours
2025-10-26 13:00:00,CAL,California,OTH,Other,100,megawatthours
2025-10-26 14:00:00,CAL,California,OTH,Other,1125,megawatthours
2025-10-26 15:00:00,CAL,California,OTH,Other,2147,megawatthours
2025-10-26 16:00:00,CAL,California,OTH,Other,1198,megawatthours
2025-10-26 17:00:00,CAL,California,OTH,Other,-1804,megawatthours
2025-10-26 18:00:00,CAL,California,OTH,Other,-4286,megawatthours
2025-10-26 19:00:00,CAL,California,OTH,Other,-5513,megawatthours
2025-10-26 20:00:00,CAL,California,OTH,Other,-6879,megawatthours
2025-10-26 21:00:00,CAL,California,OTH,Other,-7000,megawatthours
2025-10-26 22:00:00,CAL,California,OTH,Other,-6380,megawatthours
2025-10-26 23:00:00,CAL,California,OTH,Other,-5000,megawatthours
2025-10-27 00:00:00,CAL,California,OTH,Other,-3248,megawatthours
2025-10-27 00:00:00,CAL,California,OTH,Other,-3248,megawatthours
2025-10-27 01:00:00,CAL,California,OTH,Other,-365,megawatthours
2025-10-27 02:00:00,CAL,California,OTH,Other,4186,megawatthours
2025-10-27 03:00:00,CAL,California,OTH,Other,5625,megawatthours
2025-10-27 04:00:00,CAL,California,OTH,Other,4838,megawatthours
2025-10-27 05:00:00,CAL,California,OTH,Other,4588,megawatthours
2025-10-27 06:00:00,CAL,California,OTH,Other,3726,megawatthours
2025-10-27 07:00:00,CAL,California,OTH,Other,2622,megawatthours
2025-10-27 08:00:00,CAL,California,OTH,Other,996,megawatthours
2025-10-27 09:00:00,CAL,California,OTH,Other,861,megawatthours
2025-10-27 10:00:00,CAL,California,OTH,Other,74,megawatthours
2025-10-27 11:00:00,CAL,California,OTH,Other,-696,megawatthours
2025-10-27 12:00:00,CAL,California,OTH,Other,-1070,megawatthours
2025-10-27 13:00:00,CAL,California,OTH,Other,246,megawatthours
2025-10-27 14:00:00,CAL,California,OTH,Other,1827,megawatthours
2025-10-27 15:00:00,CAL,California,OTH,Other,5185,megawatthours
2025-10-27 16:00:00,CAL,California,OTH,Other,4446,megawatthours
2025-10-27 17:00:00,CAL,California,OTH,Other,-1094,megawatthours
2025-10-27 18:00:00,CAL,California,OTH,Other,-5213,megawatthours
2025-10-27 19:00:00,CAL,California,OTH,Other,-6199,megawatthours
2025-10-27 20:00:00,CAL,California,OTH,Other,-6415,megawatthours
2025-10-27 21:00:00,CAL,California,OTH,Other,-6983,megawatthours
2025-10-27 22:00:00,CAL,California,OTH,Other,-5684,megawatthours
2025-10-27 23:00:00,CAL,California,OTH,Other,-4983,megawatthours
2025-10-28 00:00:00,CAL,California,OTH,Other,-3369,megawatthours
2025-10-28 00:00:00,CAL,California,OTH,Other,-3369,megawatthours
2025-10-28 01:00:00,CAL,California,OTH,Other,-245,megawatthours
2025-10-28 02:00:00,CAL,California,OTH,Other,4618,megawatthours
2025-10-28 03:00:00,CAL,California,OTH,Other,6675,megawatthours
2025-10-28 04:00:00,CAL,California,OTH,Other,6287,megawatthours
2025-10-28 05:00:00,CAL,California,OTH,Other,5570,megawatthours
2025-10-28 06:00:00,CAL,California,OTH,Other,4935,megawatthours
2025-10-28 07:00:00,CAL,California,OTH,Other,2511,megawatthours
2025-10-28 08:00:00,CAL,California,OTH,Other,1162,megawatthours
2025-10-28 09:00:00,CAL,California,OTH,Other,674,megawatthours
2025-10-28 10:00:00,CAL,California,OTH,Other,81,megawatthours
2025-10-28 11:00:00,CAL,California,OTH,Other,-496,megawatthours
2025-10-28 12:00:00,CAL,California,OTH,Other,-979,megawatthours
2025-10-28 13:00:00,CAL,California,OTH,Other,-369,megawatthours
2025-10-28 14:00:00,CAL,California,OTH,Other,1255,megawatthours
2025-10-28 15:00:00,CAL,California,OTH,Other,3948,megawatthours
2025-10-28 16:00:00,CAL,California,OTH,Other,3486,megawatthours
2025-10-28 17:00:00,CAL,California,OTH,Other,-2170,megawatthours
2025-10-28 18:00:00,CAL,California,OTH,Other,-5373,megawatthours
2025-10-28 19:00:00,CAL,California,OTH,Other,-6831,megawatthours
2025-10-28 20:00:00,CAL,California,OTH,Other,-7107,megawatthours
2025-10-28 21:00:00,CAL,California,OTH,Other,-7152,megawatthours
2025-10-28 22:00:00,CAL,California,OTH,Other,-5860,megawatthours
2025-10-28 23:00:00,CAL,California,OTH,Other,-4781,megawatthours
2025-10-29 00:00:00,CAL,California,OTH,Other,-2195,megawatthours
2025-10-29 00:00:00,CAL,California,OTH,Other,-2195,megawatthours
2025-10-29 01:00:00,CAL,California,OTH,Other,440,megawatthours
2025-10-29 02:00:00,CAL,California,OTH,Other,5265,megawatthours
2025-10-29 03:00:00,CAL,California,OTH,Other,7053,megawatthours
2025-10-29 04:00:00,CAL,California,OTH,Other,6693,megawatthours
2025-10-29 05:00:00,CAL,California,OTH,Other,6473,megawatthours
2025-10-29 06:00:00,CAL,California,OTH,Other,4660,megawatthours
2025-10-29 07:00:00,CAL,California,OTH,Other,2581,megawatthours
2025-10-29 08:00:00,CAL,California,OTH,Other,1492,megawatthours
2025-10-29 09:00:00,CAL,California,OTH,Other,794,megawatthours
2025-10-29 10:00:00,CAL,California,OTH,Other,291,megawatthours
2025-10-29 11:00:00,CAL,California,OTH,Other,-575,megawatthours
2025-10-29 12:00:00,CAL,California,OTH,Other,-669,megawatthours
2025-10-29 13:00:00,CAL,California,OTH,Other,-488,megawatthours
2025-10-29 14:00:00,CAL,California,OTH,Other,531,megawatthours
2025-10-29 15:00:00,CAL,California,OTH,Other,3556,megawatthours
2025-10-29 16:00:00,CAL,California,OTH,Other,2580,megawatthours
2025-10-29 17:00:00,CAL,California,OTH,Other,-2797,megawatthours
2025-10-29 18:00:00,CAL,California,OTH,Other,-6206,megawatthours
2025-10-29 19:00:00,CAL,California,OTH,Other,-6517,megawatthours
2025-10-29 20:00:00,CAL,California,OTH,Other,-7618,megawatthours
2025-10-29 21:00:00,CAL,California,OTH,Other,-7064,megawatthours
2025-10-29 22:00:00,CAL,California,OTH,Other,-5372,megawatthours
2025-10-29 23:00:00,CAL,California,OTH,Other,-4326,megawatthours
2025-10-30 00:00:00,CAL,California,OTH,Other,-2055,megawatthours
2025-10-30 00:00:00,CAL,California,OTH,Other,-2055,megawatthours
2025-10-30 01:00:00,CAL,California,OTH,Other,492,megawatthours
2025-10-30 02:00:00,CAL,California,OTH,Other,5819,megawatthours
2025-10-30 03:00:00,CAL,California,OTH,Other,7529,megawatthours
2025-10-30 04:00:00,CAL,California,OTH,Other,7039,megawatthours
2025-10-30 05:00:00,CAL,California,OTH,Other,5941,megawatthours
2025-10-30 06:00:00,CAL,California,OTH,Other,4360,megawatthours
2025-10-30 07:00:00,CAL,California,OTH,Other,2391,megawatthours
2025-10-30 08:00:00,CAL,California,OTH,Other,995,megawatthours
2025-10-30 09:00:00,CAL,California,OTH,Other,799,megawatthours
2025-10-30 10:00:00,CAL,California,OTH,Other,346,megawatthours
2025-10-30 11:00:00,CAL,California,OTH,Other,-207,megawatthours
2025-10-30 12:00:00,CAL,California,OTH,Other,-608,megawatthours
2025-10-30 13:00:00,CAL,California,OTH,Other,-20,megawatthours
2025-10-30 14:00:00,CAL,California,OTH,Other,1066,megawatthours
2025-10-30 15:00:00,CAL,California,OTH,Other,3042,megawatthours
2025-10-30 16:00:00,CAL,California,OTH,Other,2771,megawatthours
2025-10-30 17:00:00,CAL,California,OTH,Other,-1986,megawatthours
2025-10-30 18:00:00,CAL,California,OTH,Other,-5347,megawatthours
2025-10-30 19:00:00,CAL,California,OTH,Other,-6692,megawatthours
2025-10-30 20:00:00,CAL,California,OTH,Other,-6781,megawatthours
2025-10-30 21:00:00,CAL,California,OTH,Other,-6265,megawatthours
2025-10-30 22:00:00,CAL,California,OTH,Other,-5845,megawatthours
2025-10-30 23:00:00,CAL,California,OTH,Other,-5029,megawatthours
2025-10-31 00:00:00,CAL,California,OTH,Other,-3148,megawatthours
2025-10-31 00:00:00,CAL,California,OTH,Other,-3148,megawatthours
2025-10-31 01:00:00,CAL,California,OTH,Other,947,megawatthours
2025-10-31 02:00:00,CAL,California,OTH,Other,6852,megawatthours
2025-10-31 03:00:00,CAL,California,OTH,Other,7842,megawatthours
2025-10-31 04:00:00,CAL,California,OTH,Other,7200,megawatthours
2025-10-31 05:00:00,CAL,California,OTH,Other,5558,megawatthours
2025-10-31 06:00:00,CAL,California,OTH,Other,4566,megawatthours
2025-10-31 07:00:00,CAL,California,OTH,Other,2624,megawatthours
2025-10-31 08:00:00,CAL,California,OTH,Other,1109,megawatthours
2025-10-31 09:00:00,CAL,California,OTH,Other,958,megawatthours
2025-10-31 10:00:00,CAL,California,OTH,Other,202,megawatthours
2025-10-31 11:00:00,CAL,California,OTH,Other,-42,megawatthours
2025-10-31 12:00:00,CAL,California,OTH,Other,-161,megawatthours
2025-10-31 13:00:00,CAL,California,OTH,Other,-21,megawatthours
2025-10-31 14:00:00,CAL,California,OTH,Other,431,megawatthours
2025-10-31 15:00:00,CAL,California,OTH,Other,1794,megawatthours
2025-10-31 16:00:00,CAL,California,OTH,Other,1346,megawatthours
2025-10-31 17:00:00,CAL,California,OTH,Other,-2004,megawatthours
2025-10-31 18:00:00,CAL,California,OTH,Other,-3965,megawatthours
2025-10-31 19:00:00,CAL,California,OTH,Other,-6189,megawatthours
2025-10-31 20:00:00,CAL,California,OTH,Other,-7195,megawatthours
2025-10-31 21:00:00,CAL,California,OTH,Other,-7676,megawatthours
2025-10-31 22:00:00,CAL,California,OTH,Other,-6698,megawatthours
2025-10-31 23:00:00,CAL,California,OTH,Other,-5995,megawatthours
2025-11-01 00:00:00,CAL,California,OTH,Other,-3817,megawatthours
2025-11-01 00:00:00,CAL,California,OTH,Other,-3817,megawatthours
2025-11-01 01:00:00,CAL,California,OTH,Other,636,megawatthours
2025-11-01 02:00:00,CAL,California,OTH,Other,5722,megawatthours
2025-11-01 03:00:00,CAL,California,OTH,Other,5950,megawatthours
2025-11-01 04:00:00,CAL,California,OTH,Other,5062,megawatthours
2025-11-01 05:00:00,CAL,California,OTH,Other,4650,megawatthours
2025-11-01 06:00:00,CAL,California,OTH,Other,4364,megawatthours
2025-11-01 07:00:00,CAL,California,OTH,Other,3583,megawatthours
2025-11-01 08:00:00,CAL,California,OTH,Other,3581,megawatthours
2025-11-01 09:00:00,CAL,California,OTH,Other,966,megawatthours
2025-11-01 10:00:00,CAL,California,OTH,Other,204,megawatthours
2025-11-01 11:00:00,CAL,California,OTH,Other,-39,megawatthours
2025-11-01 12:00:00,CAL,California,OTH,Other,-162,megawatthours
2025-11-01 13:00:00,CAL,California,OTH,Other,-27,megawatthours
2025-11-01 14:00:00,CAL,California,OTH,Other,399,megawatthours
2025-11-01 15:00:00,CAL,California,OTH,Other,1756,megawatthours
2025-11-01 16:00:00,CAL,California,OTH,Other,1304,megawatthours
2025-11-01 17:00:00,CAL,California,OTH,Other,-2028,megawatthours
2025-11-01 18:00:00,CAL,California,OTH,Other,-3977,megawatthours
2025-11-01 19:00:00,CAL,California,OTH,Other,-6201,megawatthours
2025-11-01 20:00:00,CAL,California,OTH,Other,-7210,megawatthours
2025-11-01 21:00:00,CAL,California,OTH,Other,-7689,megawatthours
2025-11-01 22:00:00,CAL,California,OTH,Other,-6713,megawatthours
2025-11-01 23:00:00,CAL,California,OTH,Other,-6029,megawatthours
2025-11-02 00:00:00,CAL,California,OTH,Other,-3864,megawatthours
2025-11-02 00:00:00,CAL,California,OTH,Other,-3864,megawatthours
2025-11-02 01:00:00,CAL,California,OTH,Other,593,megawatthours
2025-11-02 02:00:00,CAL,California,OTH,Other,5683,megawatthours
2025-11-02 03:00:00,CAL,California,OTH,Other,5908,megawatthours
2025-11-02 04:00:00,CAL,California,OTH,Other,5021,megawatthours
2025-11-02 05:00:00,CAL,California,OTH,Other,4627,megawatthours
2025-11-02 06:00:00,CAL,California,OTH,Other,4359,megawatthours
2025-11-02 07:00:00,CAL,California,OTH,Other,3573,megawatthours
2025-11-02 08:00:00,CAL,California,OTH,Other,1381,megawatthours
2025-11-02 09:00:00,CAL,California,OTH,Other,1092,megawatthours
2025-11-02 10:00:00,CAL,California,OTH,Other,424,megawatthours
2025-11-02 11:00:00,CAL,California,OTH,Other,-261,megawatthours
2025-11-02 12:00:00,CAL,California,OTH,Other,11,megawatthours
2025-11-02 13:00:00,CAL,California,OTH,Other,6,megawatthours
2025-11-02 14:00:00,CAL,California,OTH,Other,397,megawatthours
2025-11-02 15:00:00,CAL,California,OTH,Other,985,megawatthours
2025-11-02 16:00:00,CAL,California,OTH,Other,754,megawatthours
2025-11-02 17:00:00,CAL,California,OTH,Other,-2038,megawatthours
2025-11-02 18:00:00,CAL,California,OTH,Other,-6117,megawatthours
2025-11-02 19:00:00,CAL,California,OTH,Other,-7592,megawatthours
2025-11-02 20:00:00,CAL,California,OTH,Other,-8335,megawatthours
2025-11-02 21:00:00,CAL,California,OTH,Other,-8020,megawatthours
2025-11-02 22:00:00,CAL,California,OTH,Other,-6071,megawatthours
2025-11-02 23:00:00,CAL,California,OTH,Other,-4133,megawatthours
2025-11-03 00:00:00,CAL,California,OTH,Other,-2058,megawatthours
2025-11-03 00:00:00,CAL,California,OTH,Other,-2058,megawatthours
2025-11-03 01:00:00,CAL,California,OTH,Other,849,megawatthours
2025-11-03 02:00:00,CAL,California,OTH,Other,6657,megawatthours
2025-11-03 03:00:00,CAL,California,OTH,Other,7228,megawatthours
2025-11-03 04:00:00,CAL,California,OTH,Other,5809,megawatthours
2025-11-03 05:00:00,CAL,California,OTH,Other,4390,megawatthours
2025-11-03 06:00:00,CAL,California,OTH,Other,4314,megawatthours
2025-11-03 07:00:00,CAL,California,OTH,Other,4091,megawatthours
2025-11-03 08:00:00,CAL,California,OTH,Other,2394,megawatthours
2025-11-03 09:00:00,CAL,California,OTH,Other,1463,megawatthours
2025-11-03 10:00:00,CAL,California,OTH,Other,392,megawatthours
2025-11-03 11:00:00,CAL,California,OTH,Other,341,megawatthours
2025-11-03 12:00:00,CAL,California,OTH,Other,-584,megawatthours
2025-11-03 13:00:00,CAL,California,OTH,Other,-232,megawatthours
2025-11-03 14:00:00,CAL,California,OTH,Other,346,megawatthours
2025-11-03 15:00:00,CAL,California,OTH,Other,1896,megawatthours
2025-11-03 16:00:00,CAL,California,OTH,Other,3094,megawatthours
2025-11-03 17:00:00,CAL,California,OTH,Other,-602,megawatthours
2025-11-03 18:00:00,CAL,California,OTH,Other,-3996,megawatthours
2025-11-03 19:00:00,CAL,California,OTH,Other,-4998,megawatthours
2025-11-03 20:00:00,CAL,California,OTH,Other,-6402,megawatthours
2025-11-03 21:00:00,CAL,California,OTH,Other,-7032,megawatthours
2025-11-03 22:00:00,CAL,California,OTH,Other,-7130,megawatthours
2025-11-03 23:00:00,CAL,California,OTH,Other,-5875,megawatthours
2025-11-04 00:00:00,CAL,California,OTH,Other,-3908,megawatthours
2025-11-04 00:00:00,CAL,California,OTH,Other,-3908,megawatthours
2025-11-04 01:00:00,CAL,California,OTH,Other,173,megawatthours
2025-11-04 02:00:00,CAL,California,OTH,Other,6065,megawatthours
2025-11-04 03:00:00,CAL,California,OTH,Other,6767,megawatthours
2025-11-04 04:00:00,CAL,California,OTH,Other,5991,megawatthours
2025-11-04 05:00:00,CAL,California,OTH,Other,4931,megawatthours
2025-11-04 06:00:00,CAL,California,OTH,Other,4018,megawatthours
2025-11-04 07:00:00,CAL,California,OTH,Other,3391,megawatthours
2025-11-04 08:00:00,CAL,California,OTH,Other,1424,megawatthours
2025-11-04 09:00:00,CAL,California,OTH,Other,715,megawatthours
2025-11-04 10:00:00,CAL,California,OTH,Other,525,megawatthours
2025-11-04 11:00:00,CAL,California,OTH,Other,26,megawatthours
2025-11-04 12:00:00,CAL,California,OTH,Other,-529,megawatthours
2025-11-04 13:00:00,CAL,California,OTH,Other,-221,megawatthours
2025-11-04 14:00:00,CAL,California,OTH,Other,238,megawatthours
2025-11-04 15:00:00,CAL,California,OTH,Other,1391,megawatthours
2025-11-04 16:00:00,CAL,California,OTH,Other,2893,megawatthours
2025-11-04 17:00:00,CAL,California,OTH,Other,-1051,megawatthours
2025-11-04 18:00:00,CAL,California,OTH,Other,-5103,megawatthours
2025-11-04 19:00:00,CAL,California,OTH,Other,-6736,megawatthours
2025-11-04 20:00:00,CAL,California,OTH,Other,-7288,megawatthours
2025-11-04 21:00:00,CAL,California,OTH,Other,-7089,megawatthours
2025-11-04 22:00:00,CAL,California,OTH,Other,-7312,megawatthours
2025-11-04 23:00:00,CAL,California,OTH,Other,-5843,megawatthours
2025-11-05 00:00:00,CAL,California,OTH,Other,-3082,megawatthours
2025-11-05 00:00:00,CAL,California,OTH,Other,-3082,megawatthours
2025-11-05 01:00:00,CAL,California,OTH,Other,427,megawatthours
2025-11-05 02:00:00,CAL,California,OTH,Other,6026,megawatthours
2025-11-05 03:00:00,CAL,California,OTH,Other,7540,megawatthours
2025-11-05 04:00:00,CAL,California,OTH,Other,6275,megawatthours
2025-11-05 05:00:00,CAL,California,OTH,Other,5776,megawatthours
2025-11-05 06:00:00,CAL,California,OTH,Other,3732,megawatthours
2025-11-05 07:00:00,CAL,California,OTH,Other,3052,megawatthours
2025-11-05 08:00:00,CAL,California,OTH,Other,1436,megawatthours
2025-11-05 09:00:00,CAL,California,OTH,Other,658,megawatthours
2025-11-05 10:00:00,CAL,California,OTH,Other,410,megawatthours
2025-11-05 11:00:00,CAL,California,OTH,Other,34,megawatthours
2025-11-05 12:00:00,CAL,California,OTH,Other,-82,megawatthours
2025-11-05 13:00:00,CAL,California,OTH,Other,-361,megawatthours
2025-11-05 14:00:00,CAL,California,OTH,Other,220,megawatthours
2025-11-05 15:00:00,CAL,California,OTH,Other,976,megawatthours
2025-11-05 16:00:00,CAL,California,OTH,Other,3005,megawatthours
2025-11-05 17:00:00,CAL,California,OTH,Other,-645,megawatthours
2025-11-05 18:00:00,CAL,California,OTH,Other,-3747,megawatthours
2025-11-05 19:00:00,CAL,California,OTH,Other,-4799,megawatthours
2025-11-05 20:00:00,CAL,California,OTH,Other,-5600,megawatthours
2025-11-05 21:00:00,CAL,California,OTH,Other,-6417,megawatthours
2025-11-05 22:00:00,CAL,California,OTH,Other,-5782,megawatthours
2025-11-05 23:00:00,CAL,California,OTH,Other,-4337,megawatthours
2025-11-06 00:00:00,CAL,California,OTH,Other,-2895,megawatthours
2025-11-06 00:00:00,CAL,California,OTH,Other,-2895,megawatthours
2025-11-06 01:00:00,CAL,California,OTH,Other,2038,megawatthours
2025-11-06 02:00:00,CAL,California,OTH,Other,6375,megawatthours
2025-11-06 03:00:00,CAL,California,OTH,Other,6399,megawatthours
2025-11-06 04:00:00,CAL,California,OTH,Other,5095,megawatthours
2025-11-06 05:00:00,CAL,California,OTH,Other,3830,megawatthours
2025-11-06 06:00:00,CAL,California,OTH,Other,3537,megawatthours
2025-11-06 07:00:00,CAL,California,OTH,Other,2996,megawatthours
2025-11-06 08:00:00,CAL,California,OTH,Other,1320,megawatthours
2025-11-06 09:00:00,CAL,California,OTH,Other,701,megawatthours
2025-11-06 10:00:00,CAL,California,OTH,Other,692,megawatthours
2025-11-06 11:00:00,CAL,California,OTH,Other,354,megawatthours
2025-11-06 12:00:00,CAL,California,OTH,Other,-303,megawatthours
2025-11-06 13:00:00,CAL,California,OTH,Other,-394,megawatthours
2025-11-06 14:00:00,CAL,California,OTH,Other,252,megawatthours
2025-11-06 15:00:00,CAL,California,OTH,Other,913,megawatthours
2025-11-06 16:00:00,CAL,California,OTH,Other,2701,megawatthours
2025-11-06 17:00:00,CAL,California,OTH,Other,-1426,megawatthours
2025-11-06 18:00:00,CAL,California,OTH,Other,-5465,megawatthours
2025-11-06 19:00:00,CAL,California,OTH,Other,-7307,megawatthours
2025-11-06 20:00:00,CAL,California,OTH,Other,-7194,megawatthours
2025-11-06 21:00:00,CAL,California,OTH,Other,-6757,megawatthours
2025-11-06 22:00:00,CAL,California,OTH,Other,-5944,megawatthours
2025-11-06 23:00:00,CAL,California,OTH,Other,-5663,megawatthours
2025-11-07 00:00:00,CAL,California,OTH,Other,-3267,megawatthours
2025-11-07 00:00:00,CAL,California,OTH,Other,-3267,megawatthours
2025-11-07 01:00:00,CAL,California,OTH,Other,733,megawatthours
2025-11-07 02:00:00,CAL,California,OTH,Other,5580,megawatthours
2025-11-07 03:00:00,CAL,California,OTH,Other,7262,megawatthours
2025-11-07 04:00:00,CAL,California,OTH,Other,6019,megawatthours
2025-11-07 05:00:00,CAL,California,OTH,Other,5388,megawatthours
2025-11-07 06:00:00,CAL,California,OTH,Other,4090,megawatthours
2025-11-07 07:00:00,CAL,California,OTH,Other,4024,megawatthours
2025-11-07 08:00:00,CAL,California,OTH,Other,2384,megawatthours
2025-11-07 09:00:00,CAL,California,OTH,Other,799,megawatthours
2025-11-07 10:00:00,CAL,California,OTH,Other,539,megawatthours
2025-11-07 11:00:00,CAL,California,OTH,Other,49,megawatthours
2025-11-07 12:00:00,CAL,California,OTH,Other,-272,megawatthours
2025-11-07 13:00:00,CAL,California,OTH,Other,-540,megawatthours
2025-11-07 14:00:00,CAL,California,OTH,Other,449,megawatthours
2025-11-07 15:00:00,CAL,California,OTH,Other,2152,megawatthours
2025-11-07 16:00:00,CAL,California,OTH,Other,3101,megawatthours
2025-11-07 17:00:00,CAL,California,OTH,Other,-1099,megawatthours
2025-11-07 18:00:00,CAL,California,OTH,Other,-4638,megawatthours
2025-11-07 19:00:00,CAL,California,OTH,Other,-6023,megawatthours
2025-11-07 20:00:00,CAL,California,OTH,Other,-6034,megawatthours
2025-11-07 21:00:00,CAL,California,OTH,Other,-6372,megawatthours
2025-11-07 22:00:00,CAL,California,OTH,Other,-6823,megawatthours
2025-11-07 23:00:00,CAL,California,OTH,Other,-6648,megawatthours
2025-11-08 00:00:00,CAL,California,OTH,Other,-4713,megawatthours
2025-11-08 00:00:00,CAL,California,OTH,Other,-4713,megawatthours
2025-11-08 01:00:00,CAL,California,OTH,Other,300,megawatthours
2025-11-08 02:00:00,CAL,California,OTH,Other,5921,megawatthours
2025-11-08 03:00:00,CAL,California,OTH,Other,6850,megawatthours
2025-11-08 04:00:00,CAL,California,OTH,Other,5376,megawatthours
2025-11-08 05:00:00,CAL,California,OTH,Other,4262,megawatthours
2025-11-08 06:00:00,CAL,California,OTH,Other,4797,megawatthours
2025-11-08 07:00:00,CAL,California,OTH,Other,4768,megawatthours
2025-11-08 08:00:00,CAL,California,OTH,Other,3267,megawatthours
2025-11-08 09:00:00,CAL,California,OTH,Other,1741,megawatthours
2025-11-08 10:00:00,CAL,California,OTH,Other,1244,megawatthours
2025-11-08 11:00:00,CAL,California,OTH,Other,607,megawatthours
2025-11-08 12:00:00,CAL,California,OTH,Other,357,megawatthours
2025-11-08 13:00:00,CAL,California,OTH,Other,189,megawatthours
2025-11-08 14:00:00,CAL,California,OTH,Other,211,megawatthours
2025-11-08 15:00:00,CAL,California,OTH,Other,874,megawatthours
2025-11-08 16:00:00,CAL,California,OTH,Other,925,megawatthours
2025-11-08 17:00:00,CAL,California,OTH,Other,-1590,megawatthours
2025-11-08 18:00:00,CAL,California,OTH,Other,-4274,megawatthours
2025-11-08 19:00:00,CAL,California,OTH,Other,-6121,megawatthours
2025-11-08 20:00:00,CAL,California,OTH,Other,-6562,megawatthours
2025-11-08 21:00:00,CAL,California,OTH,Other,-6378,megawatthours
2025-11-08 22:00:00,CAL,California,OTH,Other,-5802,megawatthours
2025-11-08 23:00:00,CAL,California,OTH,Other,-5649,megawatthours
2025-11-09 00:00:00,CAL,California,OTH,Other,-3440,megawatthours
2025-11-09 00:00:00,CAL,California,OTH,Other,-3440,megawatthours
2025-11-09 01:00:00,CAL,California,OTH,Other,405,megawatthours
2025-11-09 02:00:00,CAL,California,OTH,Other,5641,megawatthours
2025-11-09 03:00:00,CAL,California,OTH,Other,6253,megawatthours
2025-11-09 04:00:00,CAL,California,OTH,Other,5586,megawatthours
2025-11-09 05:00:00,CAL,California,OTH,Other,4408,megawatthours
2025-11-09 06:00:00,CAL,California,OTH,Other,3988,megawatthours
2025-11-09 07:00:00,CAL,California,OTH,Other,4127,megawatthours
2025-11-09 08:00:00,CAL,California,OTH,Other,2403,megawatthours
2025-11-09 09:00:00,CAL,California,OTH,Other,994,megawatthours
2025-11-09 10:00:00,CAL,California,OTH,Other,878,megawatthours
2025-11-09 11:00:00,CAL,California,OTH,Other,865,megawatthours
2025-11-09 12:00:00,CAL,California,OTH,Other,283,megawatthours
2025-11-09 13:00:00,CAL,California,OTH,Other,320,megawatthours
2025-11-09 14:00:00,CAL,California,OTH,Other,383,megawatthours
2025-11-09 15:00:00,CAL,California,OTH,Other,770,megawatthours
2025-11-09 16:00:00,CAL,California,OTH,Other,316,megawatthours
2025-11-09 17:00:00,CAL,California,OTH,Other,-1497,megawatthours
2025-11-09 18:00:00,CAL,California,OTH,Other,-4347,megawatthours
2025-11-09 19:00:00,CAL,California,OTH,Other,-6694,megawatthours
2025-11-09 20:00:00,CAL,California,OTH,Other,-6928,megawatthours
2025-11-09 21:00:00,CAL,California,OTH,Other,-6775,megawatthours
2025-11-09 22:00:00,CAL,California,OTH,Other,-6397,megawatthours
2025-11-09 23:00:00,CAL,California,OTH,Other,-4831,megawatthours
2025-11-10 00:00:00,CAL,California,OTH,Other,-2713,megawatthours
2025-11-10 00:00:00,CAL,California,OTH,Other,-2713,megawatthours
2025-11-10 01:00:00,CAL,California,OTH,Other,871,megawatthours
2025-11-10 02:00:00,CAL,California,OTH,Other,6358,megawatthours
2025-11-10 03:00:00,CAL,California,OTH,Other,6542,megawatthours
2025-11-10 04:00:00,CAL,California,OTH,Other,6017,megawatthours
2025-11-10 05:00:00,CAL,California,OTH,Other,4398,megawatthours
2025-11-10 06:00:00,CAL,California,OTH,Other,3869,megawatthours
2025-11-10 07:00:00,CAL,California,OTH,Other,3206,megawatthours
2025-11-10 08:00:00,CAL,California,OTH,Other,1776,megawatthours
2025-11-10 09:00:00,CAL,California,OTH,Other,842,megawatthours
2025-11-10 10:00:00,CAL,California,OTH,Other,570,megawatthours
2025-11-10 11:00:00,CAL,California,OTH,Other,344,megawatthours
2025-11-10 12:00:00,CAL,California,OTH,Other,-204,megawatthours
2025-11-10 13:00:00,CAL,California,OTH,Other,-106,megawatthours
2025-11-10 14:00:00,CAL,California,OTH,Other,258,megawatthours
2025-11-10 15:00:00,CAL,California,OTH,Other,1052,megawatthours
2025-11-10 16:00:00,CAL,California,OTH,Other,2041,megawatthours
2025-11-10 17:00:00,CAL,California,OTH,Other,-2062,megawatthours
2025-11-10 18:00:00,CAL,California,OTH,Other,-6107,megawatthours
2025-11-10 19:00:00,CAL,California,OTH,Other,-7293,megawatthours
2025-11-10 20:00:00,CAL,California,OTH,Other,-7146,megawatthours
2025-11-10 21:00:00,CAL,California,OTH,Other,-5901,megawatthours
2025-11-10 22:00:00,CAL,California,OTH,Other,-5499,megawatthours
2025-11-10 23:00:00,CAL,California,OTH,Other,-3616,megawatthours
2025-11-11 00:00:00,CAL,California,OTH,Other,-1838,megawatthours
2025-11-11 00:00:00,CAL,California,OTH,Other,-1838,megawatthours
2025-11-11 01:00:00,CAL,California,OTH,Other,1731,megawatthours
2025-11-11 02:00:00,CAL,California,OTH,Other,6258,megawatthours
2025-11-11 03:00:00,CAL,California,OTH,Other,6751,megawatthours
2025-11-11 04:00:00,CAL,California,OTH,Other,5389,megawatthours
2025-11-11 05:00:00,CAL,California,OTH,Other,3845,megawatthours
2025-11-11 06:00:00,CAL,California,OTH,Other,2767,megawatthours
2025-11-11 07:00:00,CAL,California,OTH,Other,2524,megawatthours
2025-11-11 08:00:00,CAL,California,OTH,Other,1121,megawatthours
2025-11-11 09:00:00,CAL,California,OTH,Other,432,megawatthours
2025-11-11 10:00:00,CAL,California,OTH,Other,432,megawatthours
2025-11-11 11:00:00,CAL,California,OTH,Other,111,megawatthours
2025-11-11 12:00:00,CAL,California,OTH,Other,-22,megawatthours
2025-11-11 13:00:00,CAL,California,OTH,Other,103,megawatthours
2025-11-11 14:00:00,CAL,California,OTH,Other,776,megawatthours
2025-11-11 15:00:00,CAL,California,OTH,Other,1329,megawatthours
2025-11-11 16:00:00,CAL,California,OTH,Other,2011,megawatthours
2025-11-11 17:00:00,CAL,California,OTH,Other,-2259,megawatthours
2025-11-11 18:00:00,CAL,California,OTH,Other,-5233,megawatthours
2025-11-11 19:00:00,CAL,California,OTH,Other,-5935,megawatthours
2025-11-11 20:00:00,CAL,California,OTH,Other,-6133,megawatthours
2025-11-11 21:00:00,CAL,California,OTH,Other,-5942,megawatthours
2025-11-11 22:00:00,CAL,California,OTH,Other,-4230,megawatthours
2025-11-11 23:00:00,CAL,California,OTH,Other,-2356,megawatthours
2025-11-12 00:00:00,CAL,California,OTH,Other,-873,megawatthours
2025-11-12 00:00:00,CAL,California,OTH,Other,-873,megawatthours
2025-11-12 01:00:00,CAL,California,OTH,Other,2496,megawatthours
2025-11-12 02:00:00,CAL,California,OTH,Other,5528,megawatthours
2025-11-12 03:00:00,CAL,California,OTH,Other,6539,megawatthours
2025-11-12 04:00:00,CAL,California,OTH,Other,5510,megawatthours
2025-11-12 05:00:00,CAL,California,OTH,Other,4172,megawatthours
2025-11-12 06:00:00,CAL,California,OTH,Other,3641,megawatthours
2025-11-12 07:00:00,CAL,California,OTH,Other,2698,megawatthours
2025-11-12 08:00:00,CAL,California,OTH,Other,917,megawatthours
2025-11-12 09:00:00,CAL,California,OTH,Other,481,megawatthours
2025-11-12 10:00:00,CAL,California,OTH,Other,110,megawatthours
2025-11-12 11:00:00,CAL,California,OTH,Other,-366,megawatthours
2025-11-12 12:00:00,CAL,California,OTH,Other,-724,megawatthours
2025-11-12 13:00:00,CAL,California,OTH,Other,-802,megawatthours
2025-11-12 14:00:00,CAL,California,OTH,Other,52,megawatthours
2025-11-12 15:00:00,CAL,California,OTH,Other,739,megawatthours
2025-11-12 16:00:00,CAL,California,OTH,Other,1881,megawatthours
2025-11-12 17:00:00,CAL,California,OTH,Other,453,megawatthours
2025-11-12 18:00:00,CAL,California,OTH,Other,-1768,megawatthours
2025-11-12 19:00:00,CAL,California,OTH,Other,-2909,megawatthours
2025-11-12 20:00:00,CAL,California,OTH,Other,-3566,megawatthours
2025-11-12 21:00:00,CAL,California,OTH,Other,-5076,megawatthours
2025-11-12 22:00:00,CAL,California,OTH,Other,-4846,megawatthours
2025-11-12 23:00:00,CAL,California,OTH,Other,-2380,megawatthours
2025-11-13 00:00:00,CAL,California,OTH,Other,-86,megawatthours
2025-11-13 00:00:00,CAL,California,OTH,Other,-86,megawatthours
2025-11-13 01:00:00,CAL,California,OTH,Other,1627,megawatthours
2025-11-13 02:00:00,CAL,California,OTH,Other,3951,megawatthours
2025-11-13 03:00:00,CAL,California,OTH,Other,4379,megawatthours
2025-11-13 04:00:00,CAL,California,OTH,Other,3605,megawatthours
2025-11-13 05:00:00,CAL,California,OTH,Other,3043,megawatthours
2025-11-13 06:00:00,CAL,California,OTH,Other,2649,megawatthours
2025-11-13 07:00:00,CAL,California,OTH,Other,1641,megawatthours
2025-11-13 08:00:00,CAL,California,OTH,Other,126,megawatthours
2025-11-13 09:00:00,CAL,California,OTH,Other,-407,megawatthours
2025-11-13 10:00:00,CAL,California,OTH,Other,95,megawatthours
2025-11-13 11:00:00,CAL,California,OTH,Other,-465,megawatthours
2025-11-13 12:00:00,CAL,California,OTH,Other,-567,megawatthours
2025-11-13 13:00:00,CAL,California,OTH,Other,-686,megawatthours
2025-11-13 14:00:00,CAL,California,OTH,Other,-167,megawatthours
2025-11-13 15:00:00,CAL,California,OTH,Other,460,megawatthours
2025-11-13 16:00:00,CAL,California,OTH,Other,1504,megawatthours
2025-11-13 17:00:00,CAL,California,OTH,Other,-789,megawatthours
2025-11-13 18:00:00,CAL,California,OTH,Other,-4358,megawatthours
2025-11-13 19:00:00,CAL,California,OTH,Other,-5853,megawatthours
2025-11-13 20:00:00,CAL,California,OTH,Other,-6156,megawatthours
2025-11-13 21:00:00,CAL,California,OTH,Other,-6032,megawatthours
2025-11-13 22:00:00,CAL,California,OTH,Other,-4556,megawatthours
2025-11-13 23:00:00,CAL,California,OTH,Other,-2927,megawatthours
2025-11-14 00:00:00,CAL,California,OTH,Other,-1397,megawatthours
2025-11-14 00:00:00,CAL,California,OTH,Other,-1397,megawatthours
2025-11-14 01:00:00,CAL,California,OTH,Other,498,megawatthours
2025-11-14 02:00:00,CAL,California,OTH,Other,4529,megawatthours
2025-11-14 03:00:00,CAL,California,OTH,Other,5035,megawatthours
2025-11-14 04:00:00,CAL,California,OTH,Other,3677,megawatthours
2025-11-14 05:00:00,CAL,California,OTH,Other,2503,megawatthours
2025-11-14 06:00:00,CAL,California,OTH,Other,2310,megawatthours
2025-11-14 07:00:00,CAL,California,OTH,Other,2172,megawatthours
2025-11-14 08:00:00,CAL,California,OTH,Other,859,megawatthours
2025-11-14 09:00:00,CAL,California,OTH,Other,280,megawatthours
2025-11-14 10:00:00,CAL,California,OTH,Other,-246,megawatthours
2025-11-14 11:00:00,CAL,California,OTH,Other,-776,megawatthours
2025-11-14 12:00:00,CAL,California,OTH,Other,-1582,megawatthours
2025-11-14 13:00:00,CAL,California,OTH,Other,-1489,megawatthours
2025-11-14 14:00:00,CAL,California,OTH,Other,-550,megawatthours
2025-11-14 15:00:00,CAL,California,OTH,Other,35,megawatthours
2025-11-14 16:00:00,CAL,California,OTH,Other,1628,megawatthours
2025-11-14 17:00:00,CAL,California,OTH,Other,1240,megawatthours
2025-11-14 18:00:00,CAL,California,OTH,Other,313,megawatthours
2025-11-14 19:00:00,CAL,California,OTH,Other,-212,megawatthours
2025-11-14 20:00:00,CAL,California,OTH,Other,-1229,megawatthours
2025-11-14 21:00:00,CAL,California,OTH,Other,-2080,megawatthours
2025-11-14 22:00:00,CAL,California,OTH,Other,-2437,megawatthours
2025-11-14 23:00:00,CAL,California,OTH,Other,-2090,megawatthours
2025-11-15 00:00:00,CAL,California,OTH,Other,-426,megawatthours
2025-11-15 00:00:00,CAL,California,OTH,Other,-426,megawatthours
2025-11-15 01:00:00,CAL,California,OTH,Other,2043,megawatthours
2025-11-15 02:00:00,CAL,California,OTH,Other,3857,megawatthours
2025-11-15 03:00:00,CAL,California,OTH,Other,4030,megawatthours
2025-11-15 04:00:00,CAL,California,OTH,Other,2836,megawatthours
2025-11-15 05:00:00,CAL,California,OTH,Other,1212,megawatthours
2025-11-15 06:00:00,CAL,California,OTH,Other,1489,megawatthours
2025-11-15 07:00:00,CAL,California,OTH,Other,637,megawatthours
2025-11-15 08:00:00,CAL,California,OTH,Other,136,megawatthours
2025-11-15 09:00:00,CAL,California,OTH,Other,-220,megawatthours
2025-11-15 10:00:00,CAL,California,OTH,Other,-164,megawatthours
2025-11-15 11:00:00,CAL,California,OTH,Other,-749,megawatthours
2025-11-15 12:00:00,CAL,California,OTH,Other,-1653,megawatthours
2025-11-15 13:00:00,CAL,California,OTH,Other,-2161,megawatthours
2025-11-15 14:00:00,CAL,California,OTH,Other,-1903,megawatthours
2025-11-15 15:00:00,CAL,California,OTH,Other,-1090,megawatthours
2025-11-15 16:00:00,CAL,California,OTH,Other,-261,megawatthours
2025-11-15 17:00:00,CAL,California,OTH,Other,-359,megawatthours
2025-11-15 18:00:00,CAL,California,OTH,Other,-576,megawatthours
2025-11-15 19:00:00,CAL,California,OTH,Other,-343,megawatthours
2025-11-15 20:00:00,CAL,California,OTH,Other,-68,megawatthours
2025-11-15 21:00:00,CAL,California,OTH,Other,898,megawatthours
2025-11-15 22:00:00,CAL,California,OTH,Other,948,megawatthours
2025-11-15 23:00:00,CAL,California,OTH,Other,642,megawatthours
2025-11-16 00:00:00,CAL,California,OTH,Other,480,megawatthours
2025-11-16 00:00:00,CAL,California,OTH,Other,480,megawatthours
2025-11-16 01:00:00,CAL,California,OTH,Other,816,megawatthours
2025-11-16 02:00:00,CAL,California,OTH,Other,1467,megawatthours
2025-11-16 03:00:00,CAL,California,OTH,Other,2290,megawatthours
2025-11-16 04:00:00,CAL,California,OTH,Other,1533,megawatthours
2025-11-16 05:00:00,CAL,California,OTH,Other,1092,megawatthours
2025-11-16 06:00:00,CAL,California,OTH,Other,1096,megawatthours
2025-11-16 07:00:00,CAL,California,OTH,Other,574,megawatthours
2025-11-16 08:00:00,CAL,California,OTH,Other,-130,megawatthours
2025-11-16 09:00:00,CAL,California,OTH,Other,-3,megawatthours
2025-11-16 10:00:00,CAL,California,OTH,Other,712,megawatthours
2025-11-16 11:00:00,CAL,California,OTH,Other,146,megawatthours
2025-11-16 12:00:00,CAL,California,OTH,Other,-91,megawatthours
2025-11-16 13:00:00,CAL,California,OTH,Other,-109,megawatthours
2025-11-16 14:00:00,CAL,California,OTH,Other,43,megawatthours
2025-11-16 15:00:00,CAL,California,OTH,Other,301,megawatthours
2025-11-16 16:00:00,CAL,California,OTH,Other,709,megawatthours
2025-11-16 17:00:00,CAL,California,OTH,Other,-592,megawatthours
2025-11-16 18:00:00,CAL,California,OTH,Other,-2427,megawatthours
2025-11-16 19:00:00,CAL,California,OTH,Other,-2548,megawatthours
2025-11-16 20:00:00,CAL,California,OTH,Other,-4447,megawatthours
2025-11-16 21:00:00,CAL,California,OTH,Other,-5120,megawatthours
2025-11-16 22:00:00,CAL,California,OTH,Other,-4698,megawatthours
2025-11-16 23:00:00,CAL,California,OTH,Other,-3895,megawatthours
2025-11-17 00:00:00,CAL,California,OTH,Other,-2767,megawatthours
2025-11-17 00:00:00,CAL,California,OTH,Other,-2767,megawatthours
2025-11-17 01:00:00,CAL,California,OTH,Other,223,megawatthours
2025-11-17 02:00:00,CAL,California,OTH,Other,3376,megawatthours
2025-11-17 03:00:00,CAL,California,OTH,Other,4189,megawatthours
2025-11-17 04:00:00,CAL,California,OTH,Other,4099,megawatthours
2025-11-17 05:00:00,CAL,California,OTH,Other,3795,megawatthours
2025-11-17 06:00:00,CAL,California,OTH,Other,3307,megawatthours
2025-11-17 07:00:00,CAL,California,OTH,Other,2358,megawatthours
2025-11-17 08:00:00,CAL,California,OTH,Other,848,megawatthours
2025-11-17 09:00:00,CAL,California,OTH,Other,-138,megawatthours
2025-11-17 10:00:00,CAL,California,OTH,Other,-979,megawatthours
2025-11-17 11:00:00,CAL,California,OTH,Other,-1753,megawatthours
2025-11-17 12:00:00,CAL,California,OTH,Other,-1614,megawatthours
2025-11-17 13:00:00,CAL,California,OTH,Other,-1298,megawatthours
2025-11-17 14:00:00,CAL,California,OTH,Other,-792,megawatthours
2025-11-17 15:00:00,CAL,California,OTH,Other,150,megawatthours
2025-11-17 16:00:00,CAL,California,OTH,Other,2588,megawatthours
2025-11-17 17:00:00,CAL,California,OTH,Other,381,megawatthours
2025-11-17 18:00:00,CAL,California,OTH,Other,-2066,megawatthours
2025-11-17 19:00:00,CAL,California,OTH,Other,-3380,megawatthours
2025-11-17 20:00:00,CAL,California,OTH,Other,-3408,megawatthours
2025-11-17 21:00:00,CAL,California,OTH,Other,-3446,megawatthours
2025-11-17 22:00:00,CAL,California,OTH,Other,-3486,megawatthours
2025-11-17 23:00:00,CAL,California,OTH,Other,-2099,megawatthours
2025-11-18 00:00:00,CAL,California,OTH,Other,-560,megawatthours
2025-11-18 00:00:00,CAL,California,OTH,Other,-560,megawatthours
2025-11-18 01:00:00,CAL,California,OTH,Other,1844,megawatthours
2025-11-18 02:00:00,CAL,California,OTH,Other,3595,megawatthours
2025-11-18 03:00:00,CAL,California,OTH,Other,3868,megawatthours
2025-11-18 04:00:00,CAL,California,OTH,Other,3311,megawatthours
2025-11-18 05:00:00,CAL,California,OTH,Other,2616,megawatthours
2025-11-18 06:00:00,CAL,California,OTH,Other,2331,megawatthours
2025-11-18 07:00:00,CAL,California,OTH,Other,1758,megawatthours
2025-11-18 08:00:00,CAL,California,OTH,Other,-284,megawatthours
2025-11-18 09:00:00,CAL,California,OTH,Other,-328,megawatthours
2025-11-18 10:00:00,CAL,California,OTH,Other,212,megawatthours
2025-11-18 11:00:00,CAL,California,OTH,Other,47,megawatthours
2025-11-18 12:00:00,CAL,California,OTH,Other,-564,megawatthours
2025-11-18 13:00:00,CAL,California,OTH,Other,-491,megawatthours
2025-11-18 14:00:00,CAL,California,OTH,Other,295,megawatthours
2025-11-18 15:00:00,CAL,California,OTH,Other,1062,megawatthours
2025-11-18 16:00:00,CAL,California,OTH,Other,3533,megawatthours
2025-11-18 17:00:00,CAL,California,OTH,Other,1684,megawatthours
2025-11-18 18:00:00,CAL,California,OTH,Other,-1262,megawatthours
2025-11-18 19:00:00,CAL,California,OTH,Other,-4165,megawatthours
2025-11-18 20:00:00,CAL,California,OTH,Other,-5481,megawatthours
2025-11-18 21:00:00,CAL,California,OTH,Other,-5881,megawatthours
2025-11-18 22:00:00,CAL,California,OTH,Other,-4964,megawatthours
2025-11-18 23:00:00,CAL,California,OTH,Other,-3926,megawatthours
2025-11-19 00:00:00,CAL,California,OTH,Other,-1848,megawatthours
2025-11-19 00:00:00,CAL,California,OTH,Other,-1848,megawatthours
2025-11-19 01:00:00,CAL,California,OTH,Other,534,megawatthours
2025-11-19 02:00:00,CAL,California,OTH,Other,4502,megawatthours
2025-11-19 03:00:00,CAL,California,OTH,Other,4713,megawatthours
2025-11-19 04:00:00,CAL,California,OTH,Other,4481,megawatthours
2025-11-19 05:00:00,CAL,California,OTH,Other,3868,megawatthours
2025-11-19 06:00:00,CAL,California,OTH,Other,3931,megawatthours
2025-11-19 07:00:00,CAL,California,OTH,Other,3419,megawatthours
2025-11-19 08:00:00,CAL,California,OTH,Other,1663,megawatthours
2025-11-19 09:00:00,CAL,California,OTH,Other,706,megawatthours
2025-11-19 10:00:00,CAL,California,OTH,Other,337,megawatthours
2025-11-19 11:00:00,CAL,California,OTH,Other,47,megawatthours
2025-11-19 12:00:00,CAL,California,OTH,Other,-295,megawatthours
2025-11-19 13:00:00,CAL,California,OTH,Other,-405,megawatthours
2025-11-19 14:00:00,CAL,California,OTH,Other,125,megawatthours
2025-11-19 15:00:00,CAL,California,OTH,Other,1128,megawatthours
2025-11-19 16:00:00,CAL,California,OTH,Other,3065,megawatthours
2025-11-19 17:00:00,CAL,California,OTH,Other,331,megawatthours
2025-11-19 18:00:00,CAL,California,OTH,Other,-2852,megawatthours
2025-11-19 19:00:00,CAL,California,OTH,Other,-3812,megawatthours
2025-11-19 20:00:00,CAL,California,OTH,Other,-5866,megawatthours
2025-11-19 21:00:00,CAL,California,OTH,Other,-6126,megawatthours
2025-11-19 22:00:00,CAL,California,OTH,Other,-5606,megawatthours
2025-11-19 23:00:00,CAL,California,OTH,Other,-4437,megawatthours
2025-11-20 00:00:00,CAL,California,OTH,Other,-2796,megawatthours
2025-11-20 00:00:00,CAL,California,OTH,Other,-2796,megawatthours
2025-11-20 01:00:00,CAL,California,OTH,Other,23,megawatthours
2025-11-20 02:00:00,CAL,California,OTH,Other,4051,megawatthours
2025-11-20 03:00:00,CAL,California,OTH,Other,5011,megawatthours
2025-11-20 04:00:00,CAL,California,OTH,Other,4012,megawatthours
2025-11-20 05:00:00,CAL,California,OTH,Other,4261,megawatthours
2025-11-20 06:00:00,CAL,California,OTH,Other,4607,megawatthours
2025-11-20 07:00:00,CAL,California,OTH,Other,4100,megawatthours
2025-11-20 08:00:00,CAL,California,OTH,Other,1564,megawatthours
2025-11-20 09:00:00,CAL,California,OTH,Other,402,megawatthours
2025-11-20 10:00:00,CAL,California,OTH,Other,294,megawatthours
2025-11-20 11:00:00,CAL,California,OTH,Other,10,megawatthours
2025-11-20 12:00:00,CAL,California,OTH,Other,-599,megawatthours
2025-11-20 13:00:00,CAL,California,OTH,Other,-504,megawatthours
2025-11-20 14:00:00,CAL,California,OTH,Other,129,megawatthours
2025-11-20 15:00:00,CAL,California,OTH,Other,1277,megawatthours
2025-11-20 16:00:00,CAL,California,OTH,Other,3246,megawatthours
2025-11-20 17:00:00,CAL,California,OTH,Other,-122,megawatthours
2025-11-20 18:00:00,CAL,California,OTH,Other,-4517,megawatthours
2025-11-20 19:00:00,CAL,California,OTH,Other,-5296,megawatthours
2025-11-20 20:00:00,CAL,California,OTH,Other,-5491,megawatthours
2025-11-20 21:00:00,CAL,California,OTH,Other,-5491,megawatthours
2025-11-20 22:00:00,CAL,California,OTH,Other,-4459,megawatthours
2025-11-20 23:00:00,CAL,California,OTH,Other,-3529,megawatthours
2025-11-21 00:00:00,CAL,California,OTH,Other,-1568,megawatthours
2025-11-21 00:00:00,CAL,California,OTH,Other,-1568,megawatthours
2025-11-21 01:00:00,CAL,California,OTH,Other,1375,megawatthours
2025-11-21 02:00:00,CAL,California,OTH,Other,3918,megawatthours
2025-11-21 03:00:00,CAL,California,OTH,Other,4691,megawatthours
2025-11-21 04:00:00,CAL,California,OTH,Other,3844,megawatthours
2025-11-21 05:00:00,CAL,California,OTH,Other,3144,megawatthours
2025-11-21 06:00:00,CAL,California,OTH,Other,2719,megawatthours
2025-11-21 07:00:00,CAL,California,OTH,Other,2694,megawatthours
2025-11-21 08:00:00,CAL,California,OTH,Other,861,megawatthours
2025-11-21 09:00:00,CAL,California,OTH,Other,-292,megawatthours
2025-11-21 10:00:00,CAL,California,OTH,Other,-49,megawatthours
2025-11-21 11:00:00,CAL,California,OTH,Other,-523,megawatthours
2025-11-21 12:00:00,CAL,California,OTH,Other,-1097,megawatthours
2025-11-21 13:00:00,CAL,California,OTH,Other,-1457,megawatthours
2025-11-21 14:00:00,CAL,California,OTH,Other,-752,megawatthours
2025-11-21 15:00:00,CAL,California,OTH,Other,458,megawatthours
2025-11-21 16:00:00,CAL,California,OTH,Other,2703,megawatthours
2025-11-21 17:00:00,CAL,California,OTH,Other,3447,megawatthours
2025-11-21 18:00:00,CAL,California,OTH,Other,1647,megawatthours
2025-11-21 19:00:00,CAL,California,OTH,Other,172,megawatthours
2025-11-21 20:00:00,CAL,California,OTH,Other,-1806,megawatthours
2025-11-21 21:00:00,CAL,California,OTH,Other,-2723,megawatthours
2025-11-21 22:00:00,CAL,California,OTH,Other,-3662,megawatthours
2025-11-21 23:00:00,CAL,California,OTH,Other,-3864,megawatthours
2025-11-22 00:00:00,CAL,California,OTH,Other,-1866,megawatthours
2025-11-22 00:00:00,CAL,California,OTH,Other,-1866,megawatthours
2025-11-22 01:00:00,CAL,California,OTH,Other,735,megawatthours
2025-11-22 02:00:00,CAL,California,OTH,Other,2898,megawatthours
2025-11-22 03:00:00,CAL,California,OTH,Other,3987,megawatthours
2025-11-22 04:00:00,CAL,California,OTH,Other,3288,megawatthours
2025-11-22 05:00:00,CAL,California,OTH,Other,2524,megawatthours
2025-11-22 06:00:00,CAL,California,OTH,Other,2169,megawatthours
2025-11-22 07:00:00,CAL,California,OTH,Other,1714,megawatthours
2025-11-22 08:00:00,CAL,California,OTH,Other,486,megawatthours
2025-11-22 09:00:00,CAL,California,OTH,Other,-245,megawatthours
2025-11-22 10:00:00,CAL,California,OTH,Other,144,megawatthours
2025-11-22 11:00:00,CAL,California,OTH,Other,83,megawatthours
2025-11-22 12:00:00,CAL,California,OTH,Other,-19,megawatthours
2025-11-22 13:00:00,CAL,California,OTH,Other,30,megawatthours
2025-11-22 14:00:00,CAL,California,OTH,Other,-49,megawatthours
2025-11-22 15:00:00,CAL,California,OTH,Other,187,megawatthours
2025-11-22 16:00:00,CAL,California,OTH,Other,1449,megawatthours
2025-11-22 17:00:00,CAL,California,OTH,Other,764,megawatthours
2025-11-22 18:00:00,CAL,California,OTH,Other,229,megawatthours
2025-11-22 19:00:00,CAL,California,OTH,Other,-1069,megawatthours
2025-11-22 20:00:00,CAL,California,OTH,Other,-2931,megawatthours
2025-11-22 21:00:00,CAL,California,OTH,Other,-4132,megawatthours
2025-11-22 22:00:00,CAL,California,OTH,Other,-5355,megawatthours
2025-11-22 23:00:00,CAL,California,OTH,Other,-4917,megawatthours
2025-11-23 00:00:00,CAL,California,OTH,Other,-2937,megawatthours
2025-11-23 00:00:00,CAL,California,OTH,Other,-2937,megawatthours
2025-11-23 01:00:00,CAL,California,OTH,Other,137,megawatthours
2025-11-23 02:00:00,CAL,California,OTH,Other,3988,megawatthours
2025-11-23 03:00:00,CAL,California,OTH,Other,4686,megawatthours
2025-11-23 04:00:00,CAL,California,OTH,Other,3766,megawatthours
2025-11-23 05:00:00,CAL,California,OTH,Other,2641,megawatthours
2025-11-23 06:00:00,CAL,California,OTH,Other,2131,megawatthours
2025-11-23 07:00:00,CAL,California,OTH,Other,1873,megawatthours
2025-11-23 08:00:00,CAL,California,OTH,Other,953,megawatthours
2025-11-23 09:00:00,CAL,California,OTH,Other,99,megawatthours
2025-11-23 10:00:00,CAL,California,OTH,Other,411,megawatthours
2025-11-23 11:00:00,CAL,California,OTH,Other,220,megawatthours
2025-11-23 12:00:00,CAL,California,OTH,Other,326,megawatthours
2025-11-23 13:00:00,CAL,California,OTH,Other,43,megawatthours
2025-11-23 14:00:00,CAL,California,OTH,Other,179,megawatthours
2025-11-23 15:00:00,CAL,California,OTH,Other,408,megawatthours
2025-11-23 16:00:00,CAL,California,OTH,Other,1000,megawatthours
2025-11-23 17:00:00,CAL,California,OTH,Other,135,megawatthours
2025-11-23 18:00:00,CAL,California,OTH,Other,-1771,megawatthours
2025-11-23 19:00:00,CAL,California,OTH,Other,-3667,megawatthours
2025-11-23 20:00:00,CAL,California,OTH,Other,-5216,megawatthours
2025-11-23 21:00:00,CAL,California,OTH,Other,-6317,megawatthours
2025-11-23 22:00:00,CAL,California,OTH,Other,-5865,megawatthours
2025-11-23 23:00:00,CAL,California,OTH,Other,-6393,megawatthours
2025-11-24 00:00:00,CAL,California,OTH,Other,-4264,megawatthours
2025-11-24 00:00:00,CAL,California,OTH,Other,-4264,megawatthours
2025-11-24 01:00:00,CAL,California,OTH,Other,336,megawatthours
2025-11-24 02:00:00,CAL,California,OTH,Other,4845,megawatthours
2025-11-24 03:00:00,CAL,California,OTH,Other,5829,megawatthours
2025-11-24 04:00:00,CAL,California,OTH,Other,5340,megawatthours
2025-11-24 05:00:00,CAL,California,OTH,Other,4669,megawatthours
2025-11-24 06:00:00,CAL,California,OTH,Other,3686,megawatthours
2025-11-24 07:00:00,CAL,California,OTH,Other,2374,megawatthours
2025-11-24 08:00:00,CAL,California,OTH,Other,1261,megawatthours
2025-11-24 09:00:00,CAL,California,OTH,Other,463,megawatthours
2025-11-24 10:00:00,CAL,California,OTH,Other,296,megawatthours
2025-11-24 11:00:00,CAL,California,OTH,Other,51,megawatthours
2025-11-24 12:00:00,CAL,California,OTH,Other,-426,megawatthours
2025-11-24 13:00:00,CAL,California,OTH,Other,-559,megawatthours
2025-11-24 14:00:00,CAL,California,OTH,Other,-212,megawatthours
2025-11-24 15:00:00,CAL,California,OTH,Other,953,megawatthours
2025-11-24 16:00:00,CAL,California,OTH,Other,2685,megawatthours
2025-11-24 17:00:00,CAL,California,OTH,Other,-152,megawatthours
2025-11-24 18:00:00,CAL,California,OTH,Other,-3287,megawatthours
2025-11-24 19:00:00,CAL,California,OTH,Other,-3934,megawatthours
2025-11-24 20:00:00,CAL,California,OTH,Other,-5040,megawatthours
2025-11-24 21:00:00,CAL,California,OTH,Other,-5521,megawatthours
2025-11-24 22:00:00,CAL,California,OTH,Other,-5677,megawatthours
2025-11-24 23:00:00,CAL,California,OTH,Other,-6170,megawatthours
2025-11-25 00:00:00,CAL,California,OTH,Other,-4517,megawatthours
2025-11-25 00:00:00,CAL,California,OTH,Other,-4517,megawatthours
2025-11-25 01:00:00,CAL,California,OTH,Other,150,megawatthours
2025-11-25 02:00:00,CAL,California,OTH,Other,4636,megawatthours
2025-11-25 03:00:00,CAL,California,OTH,Other,5776,megawatthours
2025-11-25 04:00:00,CAL,California,OTH,Other,5249,megawatthours
2025-11-25 05:00:00,CAL,California,OTH,Other,4766,megawatthours
2025-11-25 06:00:00,CAL,California,OTH,Other,4378,megawatthours
2025-11-25 07:00:00,CAL,California,OTH,Other,3874,megawatthours
2025-11-25 08:00:00,CAL,California,OTH,Other,2064,megawatthours
2025-11-25 09:00:00,CAL,California,OTH,Other,428,megawatthours
2025-11-25 10:00:00,CAL,California,OTH,Other,282,megawatthours
2025-11-25 11:00:00,CAL,California,OTH,Other,132,megawatthours
2025-11-25 12:00:00,CAL,California,OTH,Other,-646,megawatthours
2025-11-25 13:00:00,CAL,California,OTH,Other,-446,megawatthours
2025-11-25 14:00:00,CAL,California,OTH,Other,69,megawatthours
2025-11-25 15:00:00,CAL,California,OTH,Other,1148,megawatthours
2025-11-25 16:00:00,CAL,California,OTH,Other,3141,megawatthours
2025-11-25 17:00:00,CAL,California,OTH,Other,335,megawatthours
2025-11-25 18:00:00,CAL,California,OTH,Other,-2415,megawatthours
2025-11-25 19:00:00,CAL,California,OTH,Other,-4100,megawatthours
2025-11-25 20:00:00,CAL,California,OTH,Other,-4962,megawatthours
2025-11-25 21:00:00,CAL,California,OTH,Other,-5729,megawatthours
2025-11-25 22:00:00,CAL,California,OTH,Other,-5751,megawatthours
2025-11-25 23:00:00,CAL,California,OTH,Other,-5854,megawatthours
2025-11-26 00:00:00,CAL,California,OTH,Other,-4234,megawatthours
2025-11-26 00:00:00,CAL,California,OTH,Other,-4234,megawatthours
2025-11-26 01:00:00,CAL,California,OTH,Other,1312,megawatthours
2025-11-26 02:00:00,CAL,California,OTH,Other,5308,megawatthours
2025-11-26 03:00:00,CAL,California,OTH,Other,5679,megawatthours
2025-11-26 04:00:00,CAL,California,OTH,Other,5071,megawatthours
2025-11-26 05:00:00,CAL,California,OTH,Other,4824,megawatthours
2025-11-26 06:00:00,CAL,California,OTH,Other,4606,megawatthours
2025-11-26 07:00:00,CAL,California,OTH,Other,3867,megawatthours
2025-11-26 08:00:00,CAL,California,OTH,Other,1329,megawatthours
2025-11-26 09:00:00,CAL,California,OTH,Other,173,megawatthours
2025-11-26 10:00:00,CAL,California,OTH,Other,137,megawatthours
2025-11-26 11:00:00,CAL,California,OTH,Other,-310,megawatthours
2025-11-26 12:00:00,CAL,California,OTH,Other,-562,megawatthours
2025-11-26 13:00:00,CAL,California,OTH,Other,-364,megawatthours
2025-11-26 14:00:00,CAL,California,OTH,Other,-283,megawatthours
2025-11-26 15:00:00,CAL,California,OTH,Other,571,megawatthours
2025-11-26 16:00:00,CAL,California,OTH,Other,2336,megawatthours
2025-11-26 17:00:00,CAL,California,OTH,Other,44,megawatthours
2025-11-26 18:00:00,CAL,California,OTH,Other,-3516,megawatthours
2025-11-26 19:00:00,CAL,California,OTH,Other,-5365,megawatthours
2025-11-26 20:00:00,CAL,California,OTH,Other,-6474,megawatthours
2025-11-26 21:00:00,CAL,California,OTH,Other,-6882,megawatthours
2025-11-26 22:00:00,CAL,California,OTH,Other,-7078,megawatthours
2025-11-26 23:00:00,CAL,California,OTH,Other,-6304,megawatthours
2025-11-27 00:00:00,CAL,California,OTH,Other,-3916,megawatthours
2025-11-27 00:00:00,CAL,California,OTH,Other,-3916,megawatthours
2025-11-27 01:00:00,CAL,California,OTH,Other,938,megawatthours
2025-11-27 02:00:00,CAL,California,OTH,Other,5820,megawatthours
2025-11-27 03:00:00,CAL,California,OTH,Other,6603,megawatthours
2025-11-27 04:00:00,CAL,California,OTH,Other,5591,megawatthours
2025-11-27 05:00:00,CAL,California,OTH,Other,5125,megawatthours
2025-11-27 06:00:00,CAL,California,OTH,Other,4273,megawatthours
2025-11-27 07:00:00,CAL,California,OTH,Other,3941,megawatthours
2025-11-27 08:00:00,CAL,California,OTH,Other,2261,megawatthours
2025-11-27 09:00:00,CAL,California,OTH,Other,1186,megawatthours
2025-11-27 10:00:00,CAL,California,OTH,Other,1431,megawatthours
2025-11-27 11:00:00,CAL,California,OTH,Other,625,megawatthours
2025-11-27 12:00:00,CAL,California,OTH,Other,474,megawatthours
2025-11-27 13:00:00,CAL,California,OTH,Other,290,megawatthours
2025-11-27 14:00:00,CAL,California,OTH,Other,151,megawatthours
2025-11-27 15:00:00,CAL,California,OTH,Other,468,megawatthours
2025-11-27 16:00:00,CAL,California,OTH,Other,1075,megawatthours
2025-11-27 17:00:00,CAL,California,OTH,Other,-109,megawatthours
2025-11-27 18:00:00,CAL,California,OTH,Other,-3318,megawatthours
2025-11-27 19:00:00,CAL,California,OTH,Other,-4519,megawatthours
2025-11-27 20:00:00,CAL,California,OTH,Other,-6325,megawatthours
2025-11-27 21:00:00,CAL,California,OTH,Other,-6617,megawatthours
2025-11-27 22:00:00,CAL,California,OTH,Other,-5838,megawatthours
2025-11-27 23:00:00,CAL,California,OTH,Other,-5003,megawatthours
2025-11-28 00:00:00,CAL,California,OTH,Other,-3006,megawatthours
2025-11-28 00:00:00,CAL,California,OTH,Other,-3006,megawatthours
2025-11-28 01:00:00,CAL,California,OTH,Other,1088,megawatthours
2025-11-28 02:00:00,CAL,California,OTH,Other,4224,megawatthours
2025-11-28 03:00:00,CAL,California,OTH,Other,4476,megawatthours
2025-11-28 04:00:00,CAL,California,OTH,Other,3786,megawatthours
2025-11-28 05:00:00,CAL,California,OTH,Other,3297,megawatthours
2025-11-28 06:00:00,CAL,California,OTH,Other,3104,megawatthours
2025-11-28 07:00:00,CAL,California,OTH,Other,3120,megawatthours
2025-11-28 08:00:00,CAL,California,OTH,Other,2156,megawatthours
2025-11-28 09:00:00,CAL,California,OTH,Other,1814,megawatthours
2025-11-28 10:00:00,CAL,California,OTH,Other,1451,megawatthours
2025-11-28 11:00:00,CAL,California,OTH,Other,980,megawatthours
2025-11-28 12:00:00,CAL,California,OTH,Other,197,megawatthours
2025-11-28 13:00:00,CAL,California,OTH,Other,92,megawatthours
2025-11-28 14:00:00,CAL,California,OTH,Other,99,megawatthours
2025-11-28 15:00:00,CAL,California,OTH,Other,721,megawatthours
2025-11-28 16:00:00,CAL,California,OTH,Other,1466,megawatthours
2025-11-28 17:00:00,CAL,California,OTH,Other,46,megawatthours
2025-11-28 18:00:00,CAL,California,OTH,Other,-3497,megawatthours
2025-11-28 19:00:00,CAL,California,OTH,Other,-4831,megawatthours
2025-11-28 20:00:00,CAL,California,OTH,Other,-5936,megawatthours
2025-11-28 21:00:00,CAL,California,OTH,Other,-6428,megawatthours
2025-11-28 22:00:00,CAL,California,OTH,Other,-6571,megawatthours
2025-11-28 23:00:00,CAL,California,OTH,Other,-6039,megawatthours
2025-11-29 00:00:00,CAL,California,OTH,Other,-3228,megawatthours
2025-11-29 00:00:00,CAL,California,OTH,Other,-3228,megawatthours
2025-11-29 01:00:00,CAL,California,OTH,Other,894,megawatthours
2025-11-29 02:00:00,CAL,California,OTH,Other,5171,megawatthours
2025-11-29 03:00:00,CAL,California,OTH,Other,5967,megawatthours
2025-11-29 04:00:00,CAL,California,OTH,Other,5444,megawatthours
2025-11-29 05:00:00,CAL,California,OTH,Other,4355,megawatthours
2025-11-29 06:00:00,CAL,California,OTH,Other,3175,megawatthours
2025-11-29 07:00:00,CAL,California,OTH,Other,3775,megawatthours
2025-11-29 08:00:00,CAL,California,OTH,Other,2900,megawatthours
2025-11-29 09:00:00,CAL,California,OTH,Other,2616,megawatthours
2025-11-29 10:00:00,CAL,California,OTH,Other,1566,megawatthours
2025-11-29 11:00:00,CAL,California,OTH,Other,916,megawatthours
2025-11-29 12:00:00,CAL,California,OTH,Other,568,megawatthours
2025-11-29 13:00:00,CAL,California,OTH,Other,520,megawatthours
2025-11-29 14:00:00,CAL,California,OTH,Other,836,megawatthours
2025-11-29 15:00:00,CAL,California,OTH,Other,1048,megawatthours
2025-11-29 16:00:00,CAL,California,OTH,Other,1541,megawatthours
2025-11-29 17:00:00,CAL,California,OTH,Other,-257,megawatthours
2025-11-29 18:00:00,CAL,California,OTH,Other,-2834,megawatthours
2025-11-29 19:00:00,CAL,California,OTH,Other,-4755,megawatthours
2025-11-29 20:00:00,CAL,California,OTH,Other,-6106,megawatthours
2025-11-29 21:00:00,CAL,California,OTH,Other,-6437,megawatthours
2025-11-29 22:00:00,CAL,California,OTH,Other,-6819,megawatthours
2025-11-29 23:00:00,CAL,California,OTH,Other,-6519,megawatthours
2025-11-30 00:00:00,CAL,California,OTH,Other,-4598,megawatthours
2025-11-30 00:00:00,CAL,California,OTH,Other,-4598,megawatthours
2025-11-30 01:00:00,CAL,California,OTH,Other,1289,megawatthours
2025-11-30 02:00:00,CAL,California,OTH,Other,5149,megawatthours
2025-11-30 03:00:00,CAL,California,OTH,Other,5651,megawatthours
2025-11-30 04:00:00,CAL,California,OTH,Other,5990,megawatthours
2025-11-30 05:00:00,CAL,California,OTH,Other,5199,megawatthours
2025-11-30 06:00:00,CAL,California,OTH,Other,5210,megawatthours
2025-11-30 07:00:00,CAL,California,OTH,Other,4619,megawatthours
2025-11-30 08:00:00,CAL,California,OTH,Other,2339,megawatthours
2025-11-30 09:00:00,CAL,California,OTH,Other,1238,megawatthours
2025-11-30 10:00:00,CAL,California,OTH,Other,905,megawatthours
2025-11-30 11:00:00,CAL,California,OTH,Other,448,megawatthours
2025-11-30 12:00:00,CAL,California,OTH,Other,151,megawatthours
2025-11-30 13:00:00,CAL,California,OTH,Other,220,megawatthours
2025-11-30 14:00:00,CAL,California,OTH,Other,-127,megawatthours
2025-11-30 15:00:00,CAL,California,OTH,Other,524,megawatthours
2025-11-30 16:00:00,CAL,California,OTH,Other,496,megawatthours
2025-11-30 17:00:00,CAL,California,OTH,Other,-230,megawatthours
2025-11-30 18:00:00,CAL,California,OTH,Other,-2278,megawatthours
2025-11-30 19:00:00,CAL,California,OTH,Other,-3288,megawatthours
2025-11-30 20:00:00,CAL,California,OTH,Other,-5136,megawatthours
2025-11-30 21:00:00,CAL,California,OTH,Other,-6601,megawatthours
2025-11-30 22:00:00,CAL,California,OTH,Other,-6006,megawatthours
2025-11-30 23:00:00,CAL,California,OTH,Other,-3752,megawatthours
2025-12-01 00:00:00,CAL,California,OTH,Other,-1381,megawatthours
2025-12-01 00:00:00,CAL,California,OTH,Other,-1381,megawatthours
2025-12-01 01:00:00,CAL,California,OTH,Other,2792,megawatthours
2025-12-01 02:00:00,CAL,California,OTH,Other,4600,megawatthours
2025-12-01 03:00:00,CAL,California,OTH,Other,4590,megawatthours
2025-12-01 04:00:00,CAL,California,OTH,Other,4032,megawatthours
2025-12-01 05:00:00,CAL,California,OTH,Other,3557,megawatthours
2025-12-01 06:00:00,CAL,California,OTH,Other,2648,megawatthours
2025-12-01 07:00:00,CAL,California,OTH,Other,1648,megawatthours
2025-12-01 08:00:00,CAL,California,OTH,Other,713,megawatthours
2025-12-01 09:00:00,CAL,California,OTH,Other,496,megawatthours
2025-12-01 10:00:00,CAL,California,OTH,Other,-3,megawatthours
2025-12-01 11:00:00,CAL,California,OTH,Other,-952,megawatthours
2025-12-01 12:00:00,CAL,California,OTH,Other,-860,megawatthours
2025-12-01 13:00:00,CAL,California,OTH,Other,-896,megawatthours
2025-12-01 14:00:00,CAL,California,OTH,Other,-348,megawatthours
2025-12-01 15:00:00,CAL,California,OTH,Other,1362,megawatthours
2025-12-01 16:00:00,CAL,California,OTH,Other,3384,megawatthours
2025-12-01 17:00:00,CAL,California,OTH,Other,844,megawatthours
2025-12-01 18:00:00,CAL,California,OTH,Other,-2792,megawatthours
2025-12-01 19:00:00,CAL,California,OTH,Other,-4458,megawatthours
2025-12-01 20:00:00,CAL,California,OTH,Other,-6146,megawatthours
2025-12-01 21:00:00,CAL,California,OTH,Other,-6901,megawatthours
2025-12-01 22:00:00,CAL,California,OTH,Other,-7401,megawatthours
2025-12-01 23:00:00,CAL,California,OTH,Other,-7219,megawatthours
2025-12-02 00:00:00,CAL,California,OTH,Other,-4699,megawatthours
2025-12-02 00:00:00,CAL,California,OTH,Other,-4699,megawatthours
2025-12-02 01:00:00,CAL,California,OTH,Other,498,megawatthours
2025-12-02 02:00:00,CAL,California,OTH,Other,4736,megawatthours
2025-12-02 03:00:00,CAL,California,OTH,Other,5870,megawatthours
2025-12-02 04:00:00,CAL,California,OTH,Other,6035,megawatthours
2025-12-02 05:00:00,CAL,California,OTH,Other,5332,megawatthours
2025-12-02 06:00:00,CAL,California,OTH,Other,4638,megawatthours
2025-12-02 07:00:00,CAL,California,OTH,Other,3582,megawatthours
2025-12-02 08:00:00,CAL,California,OTH,Other,2072,megawatthours
2025-12-02 09:00:00,CAL,California,OTH,Other,710,megawatthours
2025-12-02 10:00:00,CAL,California,OTH,Other,500,megawatthours
2025-12-02 11:00:00,CAL,California,OTH,Other,-53,megawatthours
2025-12-02 12:00:00,CAL,California,OTH,Other,-770,megawatthours
2025-12-02 13:00:00,CAL,California,OTH,Other,-752,megawatthours
2025-12-02 14:00:00,CAL,California,OTH,Other,39,megawatthours
2025-12-02 15:00:00,CAL,California,OTH,Other,1175,megawatthours
2025-12-02 16:00:00,CAL,California,OTH,Other,3187,megawatthours
2025-12-02 17:00:00,CAL,California,OTH,Other,755,megawatthours
2025-12-02 18:00:00,CAL,California,OTH,Other,-3251,megawatthours
2025-12-02 19:00:00,CAL,California,OTH,Other,-5112,megawatthours
2025-12-02 20:00:00,CAL,California,OTH,Other,-4898,megawatthours
2025-12-02 21:00:00,CAL,California,OTH,Other,-5697,megawatthours
2025-12-02 22:00:00,CAL,California,OTH,Other,-6138,megawatthours
2025-12-02 23:00:00,CAL,California,OTH,Other,-5484,megawatthours
2025-12-03 00:00:00,CAL,California,OTH,Other,183,megawatthours
2025-12-03 00:00:00,CAL,California,OTH,Other,183,megawatthours
2025-12-03 01:00:00,CAL,California,OTH,Other,3986,megawatthours
2025-12-03 02:00:00,CAL,California,OTH,Other,5078,megawatthours
2025-12-03 03:00:00,CAL,California,OTH,Other,4757,megawatthours
2025-12-03 04:00:00,CAL,California,OTH,Other,4216,megawatthours
2025-12-03 05:00:00,CAL,California,OTH,Other,4154,megawatthours
2025-12-03 06:00:00,CAL,California,OTH,Other,4053,megawatthours
2025-12-03 07:00:00,CAL,California,OTH,Other,1758,megawatthours
2025-12-03 08:00:00,CAL,California,OTH,Other,925,megawatthours
2025-12-03 09:00:00,CAL,California,OTH,Other,424,megawatthours
2025-12-03 10:00:00,CAL,California,OTH,Other,-434,megawatthours
2025-12-03 11:00:00,CAL,California,OTH,Other,-540,megawatthours
2025-12-03 12:00:00,CAL,California,OTH,Other,-473,megawatthours
2025-12-03 13:00:00,CAL,California,OTH,Other,388,megawatthours
2025-12-03 14:00:00,CAL,California,OTH,Other,1577,megawatthours
2025-12-03 15:00:00,CAL,California,OTH,Other,4354,megawatthours
2025-12-03 16:00:00,CAL,California,OTH,Other,1681,megawatthours
2025-12-03 17:00:00,CAL,California,OTH,Other,-2526,megawatthours
2025-12-03 18:00:00,CAL,California,OTH,Other,-4358,megawatthours
2025-12-03 19:00:00,CAL,California,OTH,Other,-6091,megawatthours
2025-12-03 20:00:00,CAL,California,OTH,Other,-6671,megawatthours
2025-12-03 21:00:00,CAL,California,OTH,Other,-6428,megawatthours
2025-12-03 22:00:00,CAL,California,OTH,Other,-6159,megawatthours
2025-12-03 23:00:00,CAL,California,OTH,Other,-4451,megawatthours
2025-12-04 00:00:00,CAL,California,OTH,Other,467,megawatthours
2025-12-04 00:00:00,CAL,California,OTH,Other,467,megawatthours
2025-12-04 01:00:00,CAL,California,OTH,Other,4424,megawatthours
2025-12-04 02:00:00,CAL,California,OTH,Other,5127,megawatthours
2025-12-04 03:00:00,CAL,California,OTH,Other,4697,megawatthours
2025-12-04 04:00:00,CAL,California,OTH,Other,4651,megawatthours
2025-12-04 05:00:00,CAL,California,OTH,Other,4184,megawatthours
2025-12-04 06:00:00,CAL,California,OTH,Other,3602,megawatthours
2025-12-04 07:00:00,CAL,California,OTH,Other,1906,megawatthours
2025-12-04 08:00:00,CAL,California,OTH,Other,585,megawatthours
2025-12-04 09:00:00,CAL,California,OTH,Other,661,megawatthours
2025-12-04 10:00:00,CAL,California,OTH,Other,386,megawatthours
2025-12-04 11:00:00,CAL,California,OTH,Other,-126,megawatthours
2025-12-04 12:00:00,CAL,California,OTH,Other,-350,megawatthours
2025-12-04 13:00:00,CAL,California,OTH,Other,132,megawatthours
2025-12-04 14:00:00,CAL,California,OTH,Other,892,megawatthours
2025-12-04 15:00:00,CAL,California,OTH,Other,3820,megawatthours
2025-12-04 16:00:00,CAL,California,OTH,Other,1347,megawatthours
2025-12-04 17:00:00,CAL,California,OTH,Other,-2065,megawatthours
2025-12-04 18:00:00,CAL,California,OTH,Other,-4827,megawatthours
2025-12-04 19:00:00,CAL,California,OTH,Other,-6066,megawatthours
2025-12-04 20:00:00,CAL,California,OTH,Other,-7332,megawatthours
2025-12-04 21:00:00,CAL,California,OTH,Other,-7375,megawatthours
2025-12-04 22:00:00,CAL,California,OTH,Other,-5613,megawatthours
2025-12-04 23:00:00,CAL,California,OTH,Other,-3171,megawatthours
2025-12-05 00:00:00,CAL,California,OTH,Other,548,megawatthours
2025-12-05 00:00:00,CAL,California,OTH,Other,548,megawatthours
2025-12-05 01:00:00,CAL,California,OTH,Other,3821,megawatthours
2025-12-05 02:00:00,CAL,California,OTH,Other,4955,megawatthours
2025-12-05 03:00:00,CAL,California,OTH,Other,3938,megawatthours
2025-12-05 04:00:00,CAL,California,OTH,Other,3155,megawatthours
2025-12-05 05:00:00,CAL,California,OTH,Other,3530,megawatthours
2025-12-05 06:00:00,CAL,California,OTH,Other,3429,megawatthours
2025-12-05 07:00:00,CAL,California,OTH,Other,2356,megawatthours
2025-12-05 08:00:00,CAL,California,OTH,Other,1652,megawatthours
2025-12-05 09:00:00,CAL,California,OTH,Other,991,megawatthours
2025-12-05 10:00:00,CAL,California,OTH,Other,511,megawatthours
2025-12-05 11:00:00,CAL,California,OTH,Other,81,megawatthours
2025-12-05 12:00:00,CAL,California,OTH,Other,68,megawatthours
2025-12-05 13:00:00,CAL,California,OTH,Other,111,megawatthours
2025-12-05 14:00:00,CAL,California,OTH,Other,1292,megawatthours
2025-12-05 15:00:00,CAL,California,OTH,Other,3498,megawatthours
2025-12-05 16:00:00,CAL,California,OTH,Other,1654,megawatthours
2025-12-05 17:00:00,CAL,California,OTH,Other,-2211,megawatthours
2025-12-05 18:00:00,CAL,California,OTH,Other,-4425,megawatthours
2025-12-05 19:00:00,CAL,California,OTH,Other,-5286,megawatthours
2025-12-05 20:00:00,CAL,California,OTH,Other,-5729,megawatthours
2025-12-05 21:00:00,CAL,California,OTH,Other,-6643,megawatthours
2025-12-05 22:00:00,CAL,California,OTH,Other,-6590,megawatthours
2025-12-05 23:00:00,CAL,California,OTH,Other,-4452,megawatthours
2025-12-06 00:00:00,CAL,California,OTH,Other,536,megawatthours
2025-12-06 00:00:00,CAL,California,OTH,Other,536,megawatthours
2025-12-06 01:00:00,CAL,California,OTH,Other,5324,megawatthours
2025-12-06 02:00:00,CAL,California,OTH,Other,6206,megawatthours
2025-12-06 03:00:00,CAL,California,OTH,Other,4846,megawatthours
2025-12-06 04:00:00,CAL,California,OTH,Other,4527,megawatthours
2025-12-06 05:00:00,CAL,California,OTH,Other,4428,megawatthours
2025-12-06 06:00:00,CAL,California,OTH,Other,4053,megawatthours
2025-12-06 07:00:00,CAL,California,OTH,Other,2209,megawatthours
2025-12-06 08:00:00,CAL,California,OTH,Other,1312,megawatthours
2025-12-06 09:00:00,CAL,California,OTH,Other,573,megawatthours
2025-12-06 10:00:00,CAL,California,OTH,Other,158,megawatthours
2025-12-06 11:00:00,CAL,California,OTH,Other,-90,megawatthours
2025-12-06 12:00:00,CAL,California,OTH,Other,-113,megawatthours
2025-12-06 13:00:00,CAL,California,OTH,Other,-198,megawatthours
2025-12-06 14:00:00,CAL,California,OTH,Other,573,megawatthours
2025-12-06 15:00:00,CAL,California,OTH,Other,1684,megawatthours
2025-12-06 16:00:00,CAL,California,OTH,Other,490,megawatthours
2025-12-06 17:00:00,CAL,California,OTH,Other,-1595,megawatthours
2025-12-06 18:00:00,CAL,California,OTH,Other,-3796,megawatthours
2025-12-06 19:00:00,CAL,California,OTH,Other,-5181,megawatthours
2025-12-06 20:00:00,CAL,California,OTH,Other,-5741,megawatthours
2025-12-06 21:00:00,CAL,California,OTH,Other,-6431,megawatthours
2025-12-06 22:00:00,CAL,California,OTH,Other,-6481,megawatthours
2025-12-06 23:00:00,CAL,California,OTH,Other,-5244,megawatthours
2025-12-07 00:00:00,CAL,California,OTH,Other,55,megawatthours
2025-12-07 00:00:00,CAL,California,OTH,Other,55,megawatthours
2025-12-07 01:00:00,CAL,California,OTH,Other,4378,megawatthours
2025-12-07 02:00:00,CAL,California,OTH,Other,5407,megawatthours
2025-12-07 03:00:00,CAL,California,OTH,Other,4152,megawatthours
2025-12-07 04:00:00,CAL,California,OTH,Other,4105,megawatthours
2025-12-07 05:00:00,CAL,California,OTH,Other,4795,megawatthours
2025-12-07 06:00:00,CAL,California,OTH,Other,5298,megawatthours
2025-12-07 07:00:00,CAL,California,OTH,Other,3416,megawatthours
2025-12-07 08:00:00,CAL,California,OTH,Other,1755,megawatthours
2025-12-07 09:00:00,CAL,California,OTH,Other,1432,megawatthours
2025-12-07 10:00:00,CAL,California,OTH,Other,578,megawatthours
2025-12-07 11:00:00,CAL,California,OTH,Other,174,megawatthours
2025-12-07 12:00:00,CAL,California,OTH,Other,129,megawatthours
2025-12-07 13:00:00,CAL,California,OTH,Other,74,megawatthours
2025-12-07 14:00:00,CAL,California,OTH,Other,440,megawatthours
2025-12-07 15:00:00,CAL,California,OTH,Other,1003,megawatthours
2025-12-07 16:00:00,CAL,California,OTH,Other,-42,megawatthours
2025-12-07 17:00:00,CAL,California,OTH,Other,-2477,megawatthours
2025-12-07 18:00:00,CAL,California,OTH,Other,-4196,megawatthours
2025-12-07 19:00:00,CAL,California,OTH,Other,-4599,megawatthours
2025-12-07 20:00:00,CAL,California,OTH,Other,-5253,megawatthours
2025-12-07 21:00:00,CAL,California,OTH,Other,-6283,megawatthours
2025-12-07 22:00:00,CAL,California,OTH,Other,-6015,megawatthours
2025-12-07 23:00:00,CAL,California,OTH,Other,-4589,megawatthours
2025-12-08 00:00:00,CAL,California,OTH,Other,454,megawatthours
2025-12-08 00:00:00,CAL,California,OTH,Other,454,megawatthours
2025-12-08 01:00:00,CAL,California,OTH,Other,4081,megawatthours
2025-12-08 02:00:00,CAL,California,OTH,Other,4990,megawatthours
2025-12-08 03:00:00,CAL,California,OTH,Other,4458,megawatthours
2025-12-08 04:00:00,CAL,California,OTH,Other,3781,megawatthours
2025-12-08 05:00:00,CAL,California,OTH,Other,3956,megawatthours
2025-12-08 06:00:00,CAL,California,OTH,Other,3073,megawatthours
2025-12-08 07:00:00,CAL,California,OTH,Other,1916,megawatthours
2025-12-08 08:00:00,CAL,California,OTH,Other,339,megawatthours
2025-12-08 09:00:00,CAL,California,OTH,Other,-37,megawatthours
2025-12-08 10:00:00,CAL,California,OTH,Other,-129,megawatthours
2025-12-08 11:00:00,CAL,California,OTH,Other,-552,megawatthours
2025-12-08 12:00:00,CAL,California,OTH,Other,-856,megawatthours
2025-12-08 13:00:00,CAL,California,OTH,Other,-314,megawatthours
2025-12-08 14:00:00,CAL,California,OTH,Other,854,megawatthours
2025-12-08 15:00:00,CAL,California,OTH,Other,3804,megawatthours
2025-12-08 16:00:00,CAL,California,OTH,Other,1029,megawatthours
2025-12-08 17:00:00,CAL,California,OTH,Other,-2486,megawatthours
2025-12-08 18:00:00,CAL,California,OTH,Other,-4147,megawatthours
2025-12-08 19:00:00,CAL,California,OTH,Other,-5250,megawatthours
2025-12-08 20:00:00,CAL,California,OTH,Other,-6220,megawatthours
2025-12-08 21:00:00,CAL,California,OTH,Other,-6999,megawatthours
2025-12-08 22:00:00,CAL,California,OTH,Other,-6595,megawatthours
2025-12-08 23:00:00,CAL,California,OTH,Other,-4583,megawatthours
2025-12-09 00:00:00,CAL,California,OTH,Other,447,megawatthours
2025-12-09 00:00:00,CAL,California,OTH,Other,447,megawatthours
2025-12-09 01:00:00,CAL,California,OTH,Other,4742,megawatthours
2025-12-09 02:00:00,CAL,California,OTH,Other,5607,megawatthours
2025-12-09 03:00:00,CAL,California,OTH,Other,5090,megawatthours
2025-12-09 04:00:00,CAL,California,OTH,Other,4440,megawatthours
2025-12-09 05:00:00,CAL,California,OTH,Other,4467,megawatthours
2025-12-09 06:00:00,CAL,California,OTH,Other,4079,megawatthours
2025-12-09 07:00:00,CAL,California,OTH,Other,1912,megawatthours
2025-12-09 08:00:00,CAL,California,OTH,Other,585,megawatthours
2025-12-09 09:00:00,CAL,California,OTH,Other,168,megawatthours
2025-12-09 10:00:00,CAL,California,OTH,Other,-277,megawatthours
2025-12-09 11:00:00,CAL,California,OTH,Other,-374,megawatthours
2025-12-09 12:00:00,CAL,California,OTH,Other,-452,megawatthours
2025-12-09 13:00:00,CAL,California,OTH,Other,140,megawatthours
2025-12-09 14:00:00,CAL,California,OTH,Other,1251,megawatthours
2025-12-09 15:00:00,CAL,California,OTH,Other,3559,megawatthours
2025-12-09 16:00:00,CAL,California,OTH,Other,1209,megawatthours
2025-12-09 17:00:00,CAL,California,OTH,Other,-2841,megawatthours
2025-12-09 18:00:00,CAL,California,OTH,Other,-5178,megawatthours
2025-12-09 19:00:00,CAL,California,OTH,Other,-6103,megawatthours
2025-12-09 20:00:00,CAL,California,OTH,Other,-6659,megawatthours
2025-12-09 21:00:00,CAL,California,OTH,Other,-6815,megawatthours
2025-12-09 22:00:00,CAL,California,OTH,Other,-6785,megawatthours
2025-12-09 23:00:00,CAL,California,OTH,Other,-4973,megawatthours
2025-12-10 00:00:00,CAL,California,OTH,Other,588,megawatthours
2025-12-10 00:00:00,CAL,California,OTH,Other,588,megawatthours
2025-12-10 01:00:00,CAL,California,OTH,Other,4969,megawatthours
2025-12-10 02:00:00,CAL,California,OTH,Other,6197,megawatthours
2025-12-10 03:00:00,CAL,California,OTH,Other,5074,megawatthours
2025-12-10 04:00:00,CAL,California,OTH,Other,4691,megawatthours
2025-12-10 05:00:00,CAL,California,OTH,Other,4514,megawatthours
2025-12-10 06:00:00,CAL,California,OTH,Other,4117,megawatthours
2025-12-10 07:00:00,CAL,California,OTH,Other,1735,megawatthours
2025-12-10 08:00:00,CAL,California,OTH,Other,647,megawatthours
2025-12-10 09:00:00,CAL,California,OTH,Other,375,megawatthours
2025-12-10 10:00:00,CAL,California,OTH,Other,-128,megawatthours
2025-12-10 11:00:00,CAL,California,OTH,Other,-410,megawatthours
2025-12-10 12:00:00,CAL,California,OTH,Other,-357,megawatthours
2025-12-10 13:00:00,CAL,California,OTH,Other,32,megawatthours
2025-12-10 14:00:00,CAL,California,OTH,Other,1031,megawatthours
2025-12-10 15:00:00,CAL,California,OTH,Other,3117,megawatthours
2025-12-10 16:00:00,CAL,California,OTH,Other,885,megawatthours
2025-12-10 17:00:00,CAL,California,OTH,Other,-4277,megawatthours
2025-12-10 18:00:00,CAL,California,OTH,Other,-5949,megawatthours
2025-12-10 19:00:00,CAL,California,OTH,Other,-6739,megawatthours
2025-12-10 20:00:00,CAL,California,OTH,Other,-6280,megawatthours
2025-12-10 21:00:00,CAL,California,OTH,Other,-6198,megawatthours
2025-12-10 22:00:00,CAL,California,OTH,Other,-5955,megawatthours
2025-12-10 23:00:00,CAL,California,OTH,Other,-3545,megawatthours
2025-12-11 00:00:00,CAL,California,OTH,Other,643,megawatthours
2025-12-11 00:00:00,CAL,California,OTH,Other,643,megawatthours
2025-12-11 01:00:00,CAL,California,OTH,Other,4017,megawatthours
2025-12-11 02:00:00,CAL,California,OTH,Other,5209,megawatthours
2025-12-11 03:00:00,CAL,California,OTH,Other,4526,megawatthours
2025-12-11 04:00:00,CAL,California,OTH,Other,4230,megawatthours
2025-12-11 05:00:00,CAL,California,OTH,Other,3920,megawatthours
2025-12-11 06:00:00,CAL,California,OTH,Other,3254,megawatthours
2025-12-11 07:00:00,CAL,California,OTH,Other,1835,megawatthours
2025-12-11 08:00:00,CAL,California,OTH,Other,1052,megawatthours
2025-12-11 09:00:00,CAL,California,OTH,Other,357,megawatthours
2025-12-11 10:00:00,CAL,California,OTH,Other,-88,megawatthours
2025-12-11 11:00:00,CAL,California,OTH,Other,-505,megawatthours
2025-12-11 12:00:00,CAL,California,OTH,Other,-638,megawatthours
2025-12-11 13:00:00,CAL,California,OTH,Other,-152,megawatthours
2025-12-11 14:00:00,CAL,California,OTH,Other,1244,megawatthours
2025-12-11 15:00:00,CAL,California,OTH,Other,3367,megawatthours
2025-12-11 16:00:00,CAL,California,OTH,Other,776,megawatthours
2025-12-11 17:00:00,CAL,California,OTH,Other,-4191,megawatthours
2025-12-11 18:00:00,CAL,California,OTH,Other,-5745,megawatthours
2025-12-11 19:00:00,CAL,California,OTH,Other,-6244,megawatthours
2025-12-11 20:00:00,CAL,California,OTH,Other,-6255,megawatthours
2025-12-11 21:00:00,CAL,California,OTH,Other,-5750,megawatthours
2025-12-11 22:00:00,CAL,California,OTH,Other,-5023,megawatthours
2025-12-11 23:00:00,CAL,California,OTH,Other,-3070,megawatthours
2025-12-12 00:00:00,CAL,California,OTH,Other,528,megawatthours
2025-12-12 00:00:00,CAL,California,OTH,Other,528,megawatthours
2025-12-12 01:00:00,CAL,California,OTH,Other,4775,megawatthours
2025-12-12 02:00:00,CAL,California,OTH,Other,5523,megawatthours
2025-12-12 03:00:00,CAL,California,OTH,Other,4668,megawatthours
2025-12-12 04:00:00,CAL,California,OTH,Other,3920,megawatthours
2025-12-12 05:00:00,CAL,California,OTH,Other,4263,megawatthours
2025-12-12 06:00:00,CAL,California,OTH,Other,3881,megawatthours
2025-12-12 07:00:00,CAL,California,OTH,Other,2450,megawatthours
2025-12-12 08:00:00,CAL,California,OTH,Other,1122,megawatthours
2025-12-12 09:00:00,CAL,California,OTH,Other,310,megawatthours
2025-12-12 10:00:00,CAL,California,OTH,Other,-109,megawatthours
2025-12-12 11:00:00,CAL,California,OTH,Other,-675,megawatthours
2025-12-12 12:00:00,CAL,California,OTH,Other,-643,megawatthours
2025-12-12 13:00:00,CAL,California,OTH,Other,157,megawatthours
2025-12-12 14:00:00,CAL,California,OTH,Other,1741,megawatthours
2025-12-12 15:00:00,CAL,California,OTH,Other,4050,megawatthours
2025-12-12 16:00:00,CAL,California,OTH,Other,1566,megawatthours
2025-12-12 17:00:00,CAL,California,OTH,Other,-2822,megawatthours
2025-12-12 18:00:00,CAL,California,OTH,Other,-4887,megawatthours
2025-12-12 19:00:00,CAL,California,OTH,Other,-5049,megawatthours
2025-12-12 20:00:00,CAL,California,OTH,Other,-5887,megawatthours
2025-12-12 21:00:00,CAL,California,OTH,Other,-6462,megawatthours
2025-12-12 22:00:00,CAL,California,OTH,Other,-6334,megawatthours
2025-12-12 23:00:00,CAL,California,OTH,Other,-4416,megawatthours
2025-12-13 00:00:00,CAL,California,OTH,Other,556,megawatthours
2025-12-13 00:00:00,CAL,California,OTH,Other,556,megawatthours
2025-12-13 01:00:00,CAL,California,OTH,Other,4363,megawatthours
2025-12-13 02:00:00,CAL,California,OTH,Other,4883,megawatthours
2025-12-13 03:00:00,CAL,California,OTH,Other,5221,megawatthours
2025-12-13 04:00:00,CAL,California,OTH,Other,5006,megawatthours
2025-12-13 05:00:00,CAL,California,OTH,Other,4381,megawatthours
2025-12-13 06:00:00,CAL,California,OTH,Other,4181,megawatthours
2025-12-13 07:00:00,CAL,California,OTH,Other,2829,megawatthours
2025-12-13 08:00:00,CAL,California,OTH,Other,1387,megawatthours
2025-12-13 09:00:00,CAL,California,OTH,Other,981,megawatthours
2025-12-13 10:00:00,CAL,California,OTH,Other,117,megawatthours
2025-12-13 11:00:00,CAL,California,OTH,Other,-12,megawatthours
2025-12-13 12:00:00,CAL,California,OTH,Other,-13,megawatthours
2025-12-13 13:00:00,CAL,California,OTH,Other,1,megawatthours
2025-12-13 14:00:00,CAL,California,OTH,Other,545,megawatthours
2025-12-13 15:00:00,CAL,California,OTH,Other,1984,megawatthours
2025-12-13 16:00:00,CAL,California,OTH,Other,378,megawatthours
2025-12-13 17:00:00,CAL,California,OTH,Other,-3194,megawatthours
2025-12-13 18:00:00,CAL,California,OTH,Other,-5619,megawatthours
2025-12-13 19:00:00,CAL,California,OTH,Other,-6353,megawatthours
2025-12-13 20:00:00,CAL,California,OTH,Other,-6688,megawatthours
2025-12-13 21:00:00,CAL,California,OTH,Other,-7507,megawatthours
2025-12-13 22:00:00,CAL,California,OTH,Other,-6772,megawatthours
2025-12-13 23:00:00,CAL,California,OTH,Other,-3936,megawatthours
2025-12-14 00:00:00,CAL,California,OTH,Other,788,megawatthours
2025-12-14 00:00:00,CAL,California,OTH,Other,788,megawatthours
2025-12-14 01:00:00,CAL,California,OTH,Other,5130,megawatthours
2025-12-14 02:00:00,CAL,California,OTH,Other,5977,megawatthours
2025-12-14 03:00:00,CAL,California,OTH,Other,4713,megawatthours
2025-12-14 04:00:00,CAL,California,OTH,Other,3997,megawatthours
2025-12-14 05:00:00,CAL,California,OTH,Other,3939,megawatthours
2025-12-14 06:00:00,CAL,California,OTH,Other,3796,megawatthours
2025-12-14 07:00:00,CAL,California,OTH,Other,3078,megawatthours
2025-12-14 08:00:00,CAL,California,OTH,Other,2377,megawatthours
2025-12-14 09:00:00,CAL,California,OTH,Other,1600,megawatthours
2025-12-14 10:00:00,CAL,California,OTH,Other,911,megawatthours
2025-12-14 11:00:00,CAL,California,OTH,Other,417,megawatthours
2025-12-14 12:00:00,CAL,California,OTH,Other,388,megawatthours
2025-12-14 13:00:00,CAL,California,OTH,Other,881,megawatthours
2025-12-14 14:00:00,CAL,California,OTH,Other,975,megawatthours
2025-12-14 15:00:00,CAL,California,OTH,Other,1824,megawatthours
2025-12-14 16:00:00,CAL,California,OTH,Other,432,megawatthours
2025-12-14 17:00:00,CAL,California,OTH,Other,-1903,megawatthours
2025-12-14 18:00:00,CAL,California,OTH,Other,-3837,megawatthours
2025-12-14 19:00:00,CAL,California,OTH,Other,-5694,megawatthours
2025-12-14 20:00:00,CAL,California,OTH,Other,-6593,megawatthours
2025-12-14 21:00:00,CAL,California,OTH,Other,-7135,megawatthours
2025-12-14 22:00:00,CAL,California,OTH,Other,-7231,megawatthours
2025-12-14 23:00:00,CAL,California,OTH,Other,-5290,megawatthours
2025-12-15 00:00:00,CAL,California,OTH,Other,-306,megawatthours
2025-12-15 00:00:00,CAL,California,OTH,Other,-306,megawatthours
2025-12-15 01:00:00,CAL,California,OTH,Other,3957,megawatthours
2025-12-15 02:00:00,CAL,California,OTH,Other,6412,megawatthours
2025-12-15 03:00:00,CAL,California,OTH,Other,6623,megawatthours
2025-12-15 04:00:00,CAL,California,OTH,Other,5596,megawatthours
2025-12-15 05:00:00,CAL,California,OTH,Other,4668,megawatthours
2025-12-15 06:00:00,CAL,California,OTH,Other,3578,megawatthours
2025-12-15 07:00:00,CAL,California,OTH,Other,1417,megawatthours
2025-12-15 08:00:00,CAL,California,OTH,Other,710,megawatthours
2025-12-15 09:00:00,CAL,California,OTH,Other,688,megawatthours
2025-12-15 10:00:00,CAL,California,OTH,Other,-155,megawatthours
2025-12-15 11:00:00,CAL,California,OTH,Other,-934,megawatthours
2025-12-15 12:00:00,CAL,California,OTH,Other,-731,megawatthours
2025-12-15 13:00:00,CAL,California,OTH,Other,-476,megawatthours
2025-12-15 14:00:00,CAL,California,OTH,Other,864,megawatthours
2025-12-15 15:00:00,CAL,California,OTH,Other,3727,megawatthours
2025-12-15 16:00:00,CAL,California,OTH,Other,1718,megawatthours
2025-12-15 17:00:00,CAL,California,OTH,Other,-2950,megawatthours
2025-12-15 18:00:00,CAL,California,OTH,Other,-4554,megawatthours
2025-12-15 19:00:00,CAL,California,OTH,Other,-6009,megawatthours
2025-12-15 20:00:00,CAL,California,OTH,Other,-6505,megawatthours
2025-12-15 21:00:00,CAL,California,OTH,Other,-7561,megawatthours
2025-12-15 22:00:00,CAL,California,OTH,Other,-6846,megawatthours
2025-12-15 23:00:00,CAL,California,OTH,Other,-5337,megawatthours
2025-12-16 00:00:00,CAL,California,OTH,Other,230,megawatthours
2025-12-16 00:00:00,CAL,California,OTH,Other,230,megawatthours
2025-12-16 01:00:00,CAL,California,OTH,Other,4881,megawatthours
2025-12-16 02:00:00,CAL,California,OTH,Other,5885,megawatthours
2025-12-16 03:00:00,CAL,California,OTH,Other,5472,megawatthours
2025-12-16 04:00:00,CAL,California,OTH,Other,4397,megawatthours
2025-12-16 05:00:00,CAL,California,OTH,Other,4276,megawatthours
2025-12-16 06:00:00,CAL,California,OTH,Other,3500,megawatthours
2025-12-16 07:00:00,CAL,California,OTH,Other,2170,megawatthours
2025-12-16 08:00:00,CAL,California,OTH,Other,352,megawatthours
2025-12-16 09:00:00,CAL,California,OTH,Other,-223,megawatthours
2025-12-16 10:00:00,CAL,California,OTH,Other,-252,megawatthours
2025-12-16 11:00:00,CAL,California,OTH,Other,-547,megawatthours
2025-12-16 12:00:00,CAL,California,OTH,Other,-627,megawatthours
2025-12-16 13:00:00,CAL,California,OTH,Other,-84,megawatthours
2025-12-16 14:00:00,CAL,California,OTH,Other,970,megawatthours
2025-12-16 15:00:00,CAL,California,OTH,Other,4106,megawatthours
2025-12-16 16:00:00,CAL,California,OTH,Other,1620,megawatthours
2025-12-16 17:00:00,CAL,California,OTH,Other,-3002,megawatthours
2025-12-16 18:00:00,CAL,California,OTH,Other,-4804,megawatthours
2025-12-16 19:00:00,CAL,California,OTH,Other,-6014,megawatthours
2025-12-16 20:00:00,CAL,California,OTH,Other,-7607,megawatthours
2025-12-16 21:00:00,CAL,California,OTH,Other,-7450,megawatthours
2025-12-16 22:00:00,CAL,California,OTH,Other,-6292,megawatthours
2025-12-16 23:00:00,CAL,California,OTH,Other,-3798,megawatthours
2025-12-17 00:00:00,CAL,California,OTH,Other,367,megawatthours
2025-12-17 00:00:00,CAL,California,OTH,Other,367,megawatthours
2025-12-17 01:00:00,CAL,California,OTH,Other,4790,megawatthours
2025-12-17 02:00:00,CAL,California,OTH,Other,6073,megawatthours
2025-12-17 03:00:00,CAL,California,OTH,Other,5262,megawatthours
2025-12-17 04:00:00,CAL,California,OTH,Other,4264,megawatthours
2025-12-17 05:00:00,CAL,California,OTH,Other,3944,megawatthours
2025-12-17 06:00:00,CAL,California,OTH,Other,3176,megawatthours
2025-12-17 07:00:00,CAL,California,OTH,Other,1498,megawatthours
2025-12-17 08:00:00,CAL,California,OTH,Other,498,megawatthours
2025-12-17 09:00:00,CAL,California,OTH,Other,816,megawatthours
2025-12-17 10:00:00,CAL,California,OTH,Other,287,megawatthours
2025-12-17 11:00:00,CAL,California,OTH,Other,-272,megawatthours
2025-12-17 12:00:00,CAL,California,OTH,Other,326,megawatthours
2025-12-17 13:00:00,CAL,California,OTH,Other,473,megawatthours
2025-12-17 14:00:00,CAL,California,OTH,Other,1173,megawatthours
2025-12-17 15:00:00,CAL,California,OTH,Other,3773,megawatthours
2025-12-17 16:00:00,CAL,California,OTH,Other,1279,megawatthours
2025-12-17 17:00:00,CAL,California,OTH,Other,-2734,megawatthours
2025-12-17 18:00:00,CAL,California,OTH,Other,-4818,megawatthours
2025-12-17 19:00:00,CAL,California,OTH,Other,-5884,megawatthours
2025-12-17 20:00:00,CAL,California,OTH,Other,-7573,megawatthours
2025-12-17 21:00:00,CAL,California,OTH,Other,-7867,megawatthours
2025-12-17 22:00:00,CAL,California,OTH,Other,-6811,megawatthours
2025-12-17 23:00:00,CAL,California,OTH,Other,-3891,megawatthours
2025-12-18 00:00:00,CAL,California,OTH,Other,-28,megawatthours
2025-12-18 00:00:00,CAL,California,OTH,Other,-28,megawatthours
2025-12-18 01:00:00,CAL,California,OTH,Other,3763,megawatthours
2025-12-18 02:00:00,CAL,California,OTH,Other,4898,megawatthours
2025-12-18 03:00:00,CAL,California,OTH,Other,4256,megawatthours
2025-12-18 04:00:00,CAL,California,OTH,Other,3993,megawatthours
2025-12-18 05:00:00,CAL,California,OTH,Other,3463,megawatthours
2025-12-18 06:00:00,CAL,California,OTH,Other,3304,megawatthours
2025-12-18 07:00:00,CAL,California,OTH,Other,1746,megawatthours
2025-12-18 08:00:00,CAL,California,OTH,Other,450,megawatthours
2025-12-18 09:00:00,CAL,California,OTH,Other,311,megawatthours
2025-12-18 10:00:00,CAL,California,OTH,Other,-14,megawatthours
2025-12-18 11:00:00,CAL,California,OTH,Other,-148,megawatthours
2025-12-18 12:00:00,CAL,California,OTH,Other,-214,megawatthours
2025-12-18 13:00:00,CAL,California,OTH,Other,258,megawatthours
2025-12-18 14:00:00,CAL,California,OTH,Other,1531,megawatthours
2025-12-18 15:00:00,CAL,California,OTH,Other,4319,megawatthours
2025-12-18 16:00:00,CAL,California,OTH,Other,3507,megawatthours
2025-12-18 17:00:00,CAL,California,OTH,Other,397,megawatthours
2025-12-18 18:00:00,CAL,California,OTH,Other,-1960,megawatthours
2025-12-18 19:00:00,CAL,California,OTH,Other,-2399,megawatthours
2025-12-18 20:00:00,CAL,California,OTH,Other,-4295,megawatthours
2025-12-18 21:00:00,CAL,California,OTH,Other,-5053,megawatthours
2025-12-18 22:00:00,CAL,California,OTH,Other,-5363,megawatthours
2025-12-18 23:00:00,CAL,California,OTH,Other,-4726,megawatthours
2025-12-19 00:00:00,CAL,California,OTH,Other,9,megawatthours
2025-12-19 00:00:00,CAL,California,OTH,Other,9,megawatthours
2025-12-19 01:00:00,CAL,California,OTH,Other,4655,megawatthours
2025-12-19 02:00:00,CAL,California,OTH,Other,5879,megawatthours
2025-12-19 03:00:00,CAL,California,OTH,Other,4778,megawatthours
2025-12-19 04:00:00,CAL,California,OTH,Other,3704,megawatthours
2025-12-19 05:00:00,CAL,California,OTH,Other,2639,megawatthours
2025-12-19 06:00:00,CAL,California,OTH,Other,2109,megawatthours
2025-12-19 07:00:00,CAL,California,OTH,Other,1362,megawatthours
2025-12-19 08:00:00,CAL,California,OTH,Other,-230,megawatthours
2025-12-19 09:00:00,CAL,California,OTH,Other,-543,megawatthours
2025-12-19 10:00:00,CAL,California,OTH,Other,-1223,megawatthours
2025-12-19 11:00:00,CAL,California,OTH,Other,-1477,megawatthours
2025-12-19 12:00:00,CAL,California,OTH,Other,-1632,megawatthours
2025-12-19 13:00:00,CAL,California,OTH,Other,-1067,megawatthours
2025-12-19 14:00:00,CAL,California,OTH,Other,342,megawatthours
2025-12-19 15:00:00,CAL,California,OTH,Other,2690,megawatthours
2025-12-19 16:00:00,CAL,California,OTH,Other,1397,megawatthours
2025-12-19 17:00:00,CAL,California,OTH,Other,-1808,megawatthours
2025-12-19 18:00:00,CAL,California,OTH,Other,-3738,megawatthours
2025-12-19 19:00:00,CAL,California,OTH,Other,-4378,megawatthours
2025-12-19 20:00:00,CAL,California,OTH,Other,-5666,megawatthours
2025-12-19 21:00:00,CAL,California,OTH,Other,-6607,megawatthours
2025-12-19 22:00:00,CAL,California,OTH,Other,-6374,megawatthours
2025-12-19 23:00:00,CAL,California,OTH,Other,-5307,megawatthours
2025-12-20 00:00:00,CAL,California,OTH,Other,-400,megawatthours
2025-12-20 00:00:00,CAL,California,OTH,Other,-400,megawatthours
2025-12-20 01:00:00,CAL,California,OTH,Other,4050,megawatthours
2025-12-20 02:00:00,CAL,California,OTH,Other,5582,megawatthours
2025-12-20 03:00:00,CAL,California,OTH,Other,4778,megawatthours
2025-12-20 04:00:00,CAL,California,OTH,Other,3667,megawatthours
2025-12-20 05:00:00,CAL,California,OTH,Other,3178,megawatthours
2025-12-20 06:00:00,CAL,California,OTH,Other,3465,megawatthours
2025-12-20 07:00:00,CAL,California,OTH,Other,1858,megawatthours
2025-12-20 08:00:00,CAL,California,OTH,Other,1270,megawatthours
2025-12-20 09:00:00,CAL,California,OTH,Other,612,megawatthours
2025-12-20 10:00:00,CAL,California,OTH,Other,124,megawatthours
2025-12-20 11:00:00,CAL,California,OTH,Other,-149,megawatthours
2025-12-20 12:00:00,CAL,California,OTH,Other,-111,megawatthours
2025-12-20 13:00:00,CAL,California,OTH,Other,-37,megawatthours
2025-12-20 14:00:00,CAL,California,OTH,Other,579,megawatthours
2025-12-20 15:00:00,CAL,California,OTH,Other,1704,megawatthours
2025-12-20 16:00:00,CAL,California,OTH,Other,419,megawatthours
2025-12-20 17:00:00,CAL,California,OTH,Other,-3198,megawatthours
2025-12-20 18:00:00,CAL,California,OTH,Other,-5930,megawatthours
2025-12-20 19:00:00,CAL,California,OTH,Other,-6242,megawatthours
2025-12-20 20:00:00,CAL,California,OTH,Other,-7258,megawatthours
2025-12-20 21:00:00,CAL,California,OTH,Other,-6970,megawatthours
2025-12-20 22:00:00,CAL,California,OTH,Other,-5298,megawatthours
2025-12-20 23:00:00,CAL,California,OTH,Other,-3437,megawatthours
2025-12-21 00:00:00,CAL,California,OTH,Other,746,megawatthours
2025-12-21 00:00:00,CAL,California,OTH,Other,746,megawatthours
2025-12-21 01:00:00,CAL,California,OTH,Other,5316,megawatthours
2025-12-21 02:00:00,CAL,California,OTH,Other,6810,megawatthours
2025-12-21 03:00:00,CAL,California,OTH,Other,6070,megawatthours
2025-12-21 04:00:00,CAL,California,OTH,Other,5292,megawatthours
2025-12-21 05:00:00,CAL,California,OTH,Other,4603,megawatthours
2025-12-21 06:00:00,CAL,California,OTH,Other,3796,megawatthours
2025-12-21 07:00:00,CAL,California,OTH,Other,2809,megawatthours
2025-12-21 08:00:00,CAL,California,OTH,Other,1496,megawatthours
2025-12-21 09:00:00,CAL,California,OTH,Other,1650,megawatthours
2025-12-21 10:00:00,CAL,California,OTH,Other,601,megawatthours
2025-12-21 11:00:00,CAL,California,OTH,Other,200,megawatthours
2025-12-21 12:00:00,CAL,California,OTH,Other,10,megawatthours
2025-12-21 13:00:00,CAL,California,OTH,Other,-29,megawatthours
2025-12-21 14:00:00,CAL,California,OTH,Other,366,megawatthours
2025-12-21 15:00:00,CAL,California,OTH,Other,769,megawatthours
2025-12-21 16:00:00,CAL,California,OTH,Other,-961,megawatthours
2025-12-21 17:00:00,CAL,California,OTH,Other,-4256,megawatthours
2025-12-21 18:00:00,CAL,California,OTH,Other,-6237,megawatthours
2025-12-21 19:00:00,CAL,California,OTH,Other,-6622,megawatthours
2025-12-21 20:00:00,CAL,California,OTH,Other,-6548,megawatthours
2025-12-21 21:00:00,CAL,California,OTH,Other,-6854,megawatthours
2025-12-21 22:00:00,CAL,California,OTH,Other,-5533,megawatthours
2025-12-21 23:00:00,CAL,California,OTH,Other,-3219,megawatthours
2025-12-22 00:00:00,CAL,California,OTH,Other,202,megawatthours
2025-12-22 00:00:00,CAL,California,OTH,Other,202,megawatthours
2025-12-22 01:00:00,CAL,California,OTH,Other,3500,megawatthours
2025-12-22 02:00:00,CAL,California,OTH,Other,5805,megawatthours
2025-12-22 03:00:00,CAL,California,OTH,Other,4797,megawatthours
2025-12-22 04:00:00,CAL,California,OTH,Other,4613,megawatthours
2025-12-22 05:00:00,CAL,California,OTH,Other,3735,megawatthours
2025-12-22 06:00:00,CAL,California,OTH,Other,2815,megawatthours
2025-12-22 07:00:00,CAL,California,OTH,Other,1407,megawatthours
2025-12-22 08:00:00,CAL,California,OTH,Other,211,megawatthours
2025-12-22 09:00:00,CAL,California,OTH,Other,-624,megawatthours
2025-12-22 10:00:00,CAL,California,OTH,Other,-1079,megawatthours
2025-12-22 11:00:00,CAL,California,OTH,Other,-1647,megawatthours
2025-12-22 12:00:00,CAL,California,OTH,Other,-1556,megawatthours
2025-12-22 13:00:00,CAL,California,OTH,Other,-497,megawatthours
2025-12-22 14:00:00,CAL,California,OTH,Other,321,megawatthours
2025-12-22 15:00:00,CAL,California,OTH,Other,2093,megawatthours
2025-12-22 16:00:00,CAL,California,OTH,Other,1568,megawatthours
2025-12-22 17:00:00,CAL,California,OTH,Other,-2102,megawatthours
2025-12-22 18:00:00,CAL,California,OTH,Other,-4236,megawatthours
2025-12-22 19:00:00,CAL,California,OTH,Other,-4850,megawatthours
2025-12-22 20:00:00,CAL,California,OTH,Other,-4836,megawatthours
2025-12-22 21:00:00,CAL,California,OTH,Other,-4538,megawatthours
2025-12-22 22:00:00,CAL,California,OTH,Other,-3539,megawatthours
2025-12-22 23:00:00,CAL,California,OTH,Other,-2016,megawatthours
2025-12-23 00:00:00,CAL,California,OTH,Other,1293,megawatthours
2025-12-23 00:00:00,CAL,California,OTH,Other,1293,megawatthours
2025-12-23 01:00:00,CAL,California,OTH,Other,4454,megawatthours
2025-12-23 02:00:00,CAL,California,OTH,Other,5068,megawatthours
2025-12-23 03:00:00,CAL,California,OTH,Other,4647,megawatthours
2025-12-23 04:00:00,CAL,California,OTH,Other,4103,megawatthours
2025-12-23 05:00:00,CAL,California,OTH,Other,3517,megawatthours
2025-12-23 06:00:00,CAL,California,OTH,Other,2654,megawatthours
2025-12-23 07:00:00,CAL,California,OTH,Other,1369,megawatthours
2025-12-23 08:00:00,CAL,California,OTH,Other,-42,megawatthours
2025-12-23 09:00:00,CAL,California,OTH,Other,-499,megawatthours
2025-12-23 10:00:00,CAL,California,OTH,Other,-976,megawatthours
2025-12-23 11:00:00,CAL,California,OTH,Other,-1602,megawatthours
2025-12-23 12:00:00,CAL,California,OTH,Other,-1453,megawatthours
2025-12-23 13:00:00,CAL,California,OTH,Other,-1192,megawatthours
2025-12-23 14:00:00,CAL,California,OTH,Other,-548,megawatthours
2025-12-23 15:00:00,CAL,California,OTH,Other,565,megawatthours
2025-12-23 16:00:00,CAL,California,OTH,Other,1763,megawatthours
2025-12-23 17:00:00,CAL,California,OTH,Other,1674,megawatthours
2025-12-23 18:00:00,CAL,California,OTH,Other,1130,megawatthours
2025-12-23 19:00:00,CAL,California,OTH,Other,-1834,megawatthours
2025-12-23 20:00:00,CAL,California,OTH,Other,-2980,megawatthours
2025-12-23 21:00:00,CAL,California,OTH,Other,-2731,megawatthours
2025-12-23 22:00:00,CAL,California,OTH,Other,-1150,megawatthours
2025-12-23 23:00:00,CAL,California,OTH,Other,-798,megawatthours
2025-12-24 00:00:00,CAL,California,OTH,Other,1385,megawatthours
2025-12-24 00:00:00,CAL,California,OTH,Other,1385,megawatthours
2025-12-24 01:00:00,CAL,California,OTH,Other,2606,megawatthours
2025-12-24 02:00:00,CAL,California,OTH,Other,2937,megawatthours
2025-12-24 03:00:00,CAL,California,OTH,Other,3180,megawatthours
2025-12-24 04:00:00,CAL,California,OTH,Other,2296,megawatthours
2025-12-24 05:00:00,CAL,California,OTH,Other,1780,megawatthours
2025-12-24 06:00:00,CAL,California,OTH,Other,1050,megawatthours
2025-12-24 07:00:00,CAL,California,OTH,Other,229,megawatthours
2025-12-24 08:00:00,CAL,California,OTH,Other,-598,megawatthours
2025-12-24 09:00:00,CAL,California,OTH,Other,-938,megawatthours
2025-12-24 10:00:00,CAL,California,OTH,Other,-1570,megawatthours
2025-12-24 11:00:00,CAL,California,OTH,Other,-1786,megawatthours
2025-12-24 12:00:00,CAL,California,OTH,Other,-1989,megawatthours
2025-12-24 13:00:00,CAL,California,OTH,Other,-1225,megawatthours
2025-12-24 14:00:00,CAL,California,OTH,Other,-489,megawatthours
2025-12-24 15:00:00,CAL,California,OTH,Other,64,megawatthours
2025-12-24 16:00:00,CAL,California,OTH,Other,374,megawatthours
2025-12-24 17:00:00,CAL,California,OTH,Other,900,megawatthours
2025-12-24 18:00:00,CAL,California,OTH,Other,1133,megawatthours
2025-12-24 19:00:00,CAL,California,OTH,Other,1119,megawatthours
2025-12-24 20:00:00,CAL,California,OTH,Other,433,megawatthours
2025-12-24 21:00:00,CAL,California,OTH,Other,-283,megawatthours
2025-12-24 22:00:00,CAL,California,OTH,Other,-709,megawatthours
2025-12-24 23:00:00,CAL,California,OTH,Other,282,megawatthours
2025-12-25 00:00:00,CAL,California,OTH,Other,975,megawatthours
2025-12-25 00:00:00,CAL,California,OTH,Other,975,megawatthours
2025-12-25 01:00:00,CAL,California,OTH,Other,1631,megawatthours
2025-12-25 02:00:00,CAL,California,OTH,Other,2027,megawatthours
2025-12-25 03:00:00,CAL,California,OTH,Other,1029,megawatthours
2025-12-25 04:00:00,CAL,California,OTH,Other,334,megawatthours
2025-12-25 05:00:00,CAL,California,OTH,Other,-71,megawatthours
2025-12-25 06:00:00,CAL,California,OTH,Other,97,megawatthours
2025-12-25 07:00:00,CAL,California,OTH,Other,-633,megawatthours
2025-12-25 08:00:00,CAL,California,OTH,Other,-967,megawatthours
2025-12-25 09:00:00,CAL,California,OTH,Other,365,megawatthours
2025-12-25 10:00:00,CAL,California,OTH,Other,-788,megawatthours
2025-12-25 11:00:00,CAL,California,OTH,Other,-1733,megawatthours
2025-12-25 12:00:00,CAL,California,OTH,Other,-1259,megawatthours
2025-12-25 13:00:00,CAL,California,OTH,Other,-1108,megawatthours
2025-12-25 14:00:00,CAL,California,OTH,Other,-387,megawatthours
2025-12-25 15:00:00,CAL,California,OTH,Other,397,megawatthours
2025-12-25 16:00:00,CAL,California,OTH,Other,262,megawatthours
2025-12-25 17:00:00,CAL,California,OTH,Other,-2730,megawatthours
2025-12-25 18:00:00,CAL,California,OTH,Other,-4418,megawatthours
2025-12-25 19:00:00,CAL,California,OTH,Other,-4957,megawatthours
2025-12-25 20:00:00,CAL,California,OTH,Other,-4645,megawatthours
2025-12-25 21:00:00,CAL,California,OTH,Other,-4380,megawatthours
2025-12-25 22:00:00,CAL,California,OTH,Other,-3627,megawatthours
2025-12-25 23:00:00,CAL,California,OTH,Other,-2563,megawatthours
2025-12-26 00:00:00,CAL,California,OTH,Other,-187,megawatthours
2025-12-26 00:00:00,CAL,California,OTH,Other,-187,megawatthours
2025-12-26 01:00:00,CAL,California,OTH,Other,2373,megawatthours
2025-12-26 02:00:00,CAL,California,OTH,Other,3773,megawatthours
2025-12-26 03:00:00,CAL,California,OTH,Other,3057,megawatthours
2025-12-26 04:00:00,CAL,California,OTH,Other,2399,megawatthours
2025-12-26 05:00:00,CAL,California,OTH,Other,1856,megawatthours
2025-12-26 06:00:00,CAL,California,OTH,Other,1732,megawatthours
2025-12-26 07:00:00,CAL,California,OTH,Other,250,megawatthours
2025-12-26 08:00:00,CAL,California,OTH,Other,-162,megawatthours
2025-12-26 09:00:00,CAL,California,OTH,Other,-858,megawatthours
2025-12-26 10:00:00,CAL,California,OTH,Other,-1147,megawatthours
2025-12-26 11:00:00,CAL,California,OTH,Other,-1199,megawatthours
2025-12-26 12:00:00,CAL,California,OTH,Other,-956,megawatthours
2025-12-26 13:00:00,CAL,California,OTH,Other,-462,megawatthours
2025-12-26 14:00:00,CAL,California,OTH,Other,-121,megawatthours
2025-12-26 15:00:00,CAL,California,OTH,Other,810,megawatthours
2025-12-26 16:00:00,CAL,California,OTH,Other,1211,megawatthours
2025-12-26 17:00:00,CAL,California,OTH,Other,-998,megawatthours
2025-12-26 18:00:00,CAL,California,OTH,Other,-1838,megawatthours
2025-12-26 19:00:00,CAL,California,OTH,Other,-2235,megawatthours
2025-12-26 20:00:00,CAL,California,OTH,Other,-2214,megawatthours
2025-12-26 21:00:00,CAL,California,OTH,Other,-1902,megawatthours
2025-12-26 22:00:00,CAL,California,OTH,Other,-2076,megawatthours
2025-12-26 23:00:00,CAL,California,OTH,Other,-844,megawatthours
2025-12-27 00:00:00,CAL,California,OTH,Other,939,megawatthours
2025-12-27 00:00:00,CAL,California,OTH,Other,939,megawatthours
2025-12-27 01:00:00,CAL,California,OTH,Other,3550,megawatthours
2025-12-27 02:00:00,CAL,California,OTH,Other,5140,megawatthours
2025-12-27 03:00:00,CAL,California,OTH,Other,4914,megawatthours
2025-12-27 04:00:00,CAL,California,OTH,Other,3601,megawatthours
2025-12-27 05:00:00,CAL,California,OTH,Other,3273,megawatthours
2025-12-27 06:00:00,CAL,California,OTH,Other,1998,megawatthours
2025-12-27 07:00:00,CAL,California,OTH,Other,1035,megawatthours
2025-12-27 08:00:00,CAL,California,OTH,Other,642,megawatthours
2025-12-27 09:00:00,CAL,California,OTH,Other,1097,megawatthours
2025-12-27 10:00:00,CAL,California,OTH,Other,604,megawatthours
2025-12-27 11:00:00,CAL,California,OTH,Other,114,megawatthours
2025-12-27 12:00:00,CAL,California,OTH,Other,-79,megawatthours
2025-12-27 13:00:00,CAL,California,OTH,Other,542,megawatthours
2025-12-27 14:00:00,CAL,California,OTH,Other,1426,megawatthours
2025-12-27 15:00:00,CAL,California,OTH,Other,2366,megawatthours
2025-12-27 16:00:00,CAL,California,OTH,Other,1850,megawatthours
2025-12-27 17:00:00,CAL,California,OTH,Other,-1495,megawatthours
2025-12-27 18:00:00,CAL,California,OTH,Other,-4085,megawatthours
2025-12-27 19:00:00,CAL,California,OTH,Other,-6647,megawatthours
2025-12-27 20:00:00,CAL,California,OTH,Other,-7198,megawatthours
2025-12-27 21:00:00,CAL,California,OTH,Other,-6802,megawatthours
2025-12-27 22:00:00,CAL,California,OTH,Other,-6526,megawatthours
2025-12-27 23:00:00,CAL,California,OTH,Other,-4848,megawatthours
2025-12-28 00:00:00,CAL,California,OTH,Other,-1072,megawatthours
2025-12-28 00:00:00,CAL,California,OTH,Other,-1072,megawatthours
2025-12-28 01:00:00,CAL,California,OTH,Other,2968,megawatthours
2025-12-28 02:00:00,CAL,California,OTH,Other,5515,megawatthours
2025-12-28 03:00:00,CAL,California,OTH,Other,6169,megawatthours
2025-12-28 04:00:00,CAL,California,OTH,Other,6209,megawatthours
2025-12-28 05:00:00,CAL,California,OTH,Other,5645,megawatthours
2025-12-28 06:00:00,CAL,California,OTH,Other,5481,megawatthours
2025-12-28 07:00:00,CAL,California,OTH,Other,3811,megawatthours
2025-12-28 08:00:00,CAL,California,OTH,Other,2412,megawatthours
2025-12-28 09:00:00,CAL,California,OTH,Other,1639,megawatthours
2025-12-28 10:00:00,CAL,California,OTH,Other,596,megawatthours
2025-12-28 11:00:00,CAL,California,OTH,Other,297,megawatthours
2025-12-28 12:00:00,CAL,California,OTH,Other,212,megawatthours
2025-12-28 13:00:00,CAL,California,OTH,Other,809,megawatthours
2025-12-28 14:00:00,CAL,California,OTH,Other,1290,megawatthours
2025-12-28 15:00:00,CAL,California,OTH,Other,1611,megawatthours
2025-12-28 16:00:00,CAL,California,OTH,Other,762,megawatthours
2025-12-28 17:00:00,CAL,California,OTH,Other,-1846,megawatthours
2025-12-28 18:00:00,CAL,California,OTH,Other,-4720,megawatthours
2025-12-28 19:00:00,CAL,California,OTH,Other,-6387,megawatthours
2025-12-28 20:00:00,CAL,California,OTH,Other,-7439,megawatthours
2025-12-28 21:00:00,CAL,California,OTH,Other,-8078,megawatthours
2025-12-28 22:00:00,CAL,California,OTH,Other,-7792,megawatthours
2025-12-28 23:00:00,CAL,California,OTH,Other,-5972,megawatthours
2025-12-29 00:00:00,CAL,California,OTH,Other,-1498,megawatthours
2025-12-29 00:00:00,CAL,California,OTH,Other,-1498,megawatthours
2025-12-29 01:00:00,CAL,California,OTH,Other,4327,megawatthours
2025-12-29 02:00:00,CAL,California,OTH,Other,6827,megawatthours
2025-12-29 03:00:00,CAL,California,OTH,Other,6691,megawatthours
2025-12-29 04:00:00,CAL,California,OTH,Other,5908,megawatthours
2025-12-29 05:00:00,CAL,California,OTH,Other,5184,megawatthours
2025-12-29 06:00:00,CAL,California,OTH,Other,4245,megawatthours
2025-12-29 07:00:00,CAL,California,OTH,Other,2212,megawatthours
2025-12-29 08:00:00,CAL,California,OTH,Other,1497,megawatthours
2025-12-29 09:00:00,CAL,California,OTH,Other,526,megawatthours
2025-12-29 10:00:00,CAL,California,OTH,Other,240,megawatthours
2025-12-29 11:00:00,CAL,California,OTH,Other,-77,megawatthours
2025-12-29 12:00:00,CAL,California,OTH,Other,-198,megawatthours
2025-12-29 13:00:00,CAL,California,OTH,Other,211,megawatthours
2025-12-29 14:00:00,CAL,California,OTH,Other,1022,megawatthours
2025-12-29 15:00:00,CAL,California,OTH,Other,1963,megawatthours
2025-12-29 16:00:00,CAL,California,OTH,Other,1166,megawatthours
2025-12-29 17:00:00,CAL,California,OTH,Other,-2035,megawatthours
2025-12-29 18:00:00,CAL,California,OTH,Other,-4268,megawatthours
2025-12-29 19:00:00,CAL,California,OTH,Other,-6607,megawatthours
2025-12-29 20:00:00,CAL,California,OTH,Other,-7726,megawatthours
2025-12-29 21:00:00,CAL,California,OTH,Other,-8317,megawatthours
2025-12-29 22:00:00,CAL,California,OTH,Other,-8145,megawatthours
2025-12-29 23:00:00,CAL,California,OTH,Other,-6314,megawatthours
2025-12-30 00:00:00,CAL,California,OTH,Other,-1104,megawatthours
2025-12-30 00:00:00,CAL,California,OTH,Other,-1104,megawatthours
2025-12-30 01:00:00,CAL,California,OTH,Other,4150,megawatthours
2025-12-30 02:00:00,CAL,California,OTH,Other,5863,megawatthours
2025-12-30 03:00:00,CAL,California,OTH,Other,5391,megawatthours
2025-12-30 04:00:00,CAL,California,OTH,Other,4350,megawatthours
2025-12-30 05:00:00,CAL,California,OTH,Other,3791,megawatthours
2025-12-30 06:00:00,CAL,California,OTH,Other,3281,megawatthours
2025-12-30 07:00:00,CAL,California,OTH,Other,1874,megawatthours
2025-12-30 08:00:00,CAL,California,OTH,Other,788,megawatthours
2025-12-30 09:00:00,CAL,California,OTH,Other,149,megawatthours
2025-12-30 10:00:00,CAL,California,OTH,Other,-374,megawatthours
2025-12-30 11:00:00,CAL,California,OTH,Other,-998,megawatthours
2025-12-30 12:00:00,CAL,California,OTH,Other,-898,megawatthours
2025-12-30 13:00:00,CAL,California,OTH,Other,-148,megawatthours
2025-12-30 14:00:00,CAL,California,OTH,Other,739,megawatthours
2025-12-30 15:00:00,CAL,California,OTH,Other,2350,megawatthours
2025-12-30 16:00:00,CAL,California,OTH,Other,2499,megawatthours
2025-12-30 17:00:00,CAL,California,OTH,Other,1512,megawatthours
2025-12-30 18:00:00,CAL,California,OTH,Other,-701,megawatthours
2025-12-30 19:00:00,CAL,California,OTH,Other,-2043,megawatthours
2025-12-30 20:00:00,CAL,California,OTH,Other,-2215,megawatthours
2025-12-30 21:00:00,CAL,California,OTH,Other,-1006,megawatthours
2025-12-30 22:00:00,CAL,California,OTH,Other,-643,megawatthours
2025-12-30 23:00:00,CAL,California,OTH,Other,-862,megawatthours
2025-12-31 00:00:00,CAL,California,OTH,Other,-1,megawatthours
2025-12-31 00:00:00,CAL,California,OTH,Other,-1,megawatthours
2025-12-31 01:00:00,CAL,California,OTH,Other,2949,megawatthours
2025-12-31 02:00:00,CAL,California,OTH,Other,3963,megawatthours
2025-12-31 03:00:00,CAL,California,OTH,Other,2572,megawatthours
2025-12-31 04:00:00,CAL,California,OTH,Other,1538,megawatthours
2025-12-31 05:00:00,CAL,California,OTH,Other,1448,megawatthours
2025-12-31 06:00:00,CAL,California,OTH,Other,908,megawatthours
2025-12-31 07:00:00,CAL,California,OTH,Other,360,megawatthours
2025-12-31 08:00:00,CAL,California,OTH,Other,-122,megawatthours
2025-12-31 09:00:00,CAL,California,OTH,Other,-601,megawatthours
2025-12-31 10:00:00,CAL,California,OTH,Other,-1070,megawatthours
2025-12-31 11:00:00,CAL,California,OTH,Other,-1306,megawatthours
2025-12-31 12:00:00,CAL,California,OTH,Other,-1994,megawatthours
2025-12-31 13:00:00,CAL,California,OTH,Other,-1947,megawatthours
2025-12-31 14:00:00,CAL,California,OTH,Other,-994,megawatthours
2025-12-31 15:00:00,CAL,California,OTH,Other,371,megawatthours
2025-12-31 16:00:00,CAL,California,OTH,Other,1139,megawatthours
2025-12-31 17:00:00,CAL,California,OTH,Other,989,megawatthours
2025-12-31 18:00:00,CAL,California,OTH,Other,990,megawatthours
2025-12-31 19:00:00,CAL,California,OTH,Other,691,megawatthours
2025-12-31 20:00:00,CAL,California,OTH,Other,258,megawatthours
2025-12-31 21:00:00,CAL,California,OTH,Other,11,megawatthours
2025-12-31 22:00:00,CAL,California,OTH,Other,198,megawatthours
2025-12-31 23:00:00,CAL,California,OTH,Other,639,megawatthours
2026-01-01 00:00:00,CAL,California,OTH,Other,1314,megawatthours
2026-01-01 00:00:00,CAL,California,OTH,Other,1314,megawatthours
2026-01-01 01:00:00,CAL,California,OTH,Other,1367,megawatthours
2026-01-01 02:00:00,CAL,California,OTH,Other,1801,megawatthours
2026-01-01 03:00:00,CAL,California,OTH,Other,1254,megawatthours
2026-01-01 04:00:00,CAL,California,OTH,Other,506,megawatthours
2026-01-01 05:00:00,CAL,California,OTH,Other,410,megawatthours
2026-01-01 06:00:00,CAL,California,OTH,Other,241,megawatthours
2026-01-01 07:00:00,CAL,California,OTH,Other,-43,megawatthours
2026-01-01 08:00:00,CAL,California,OTH,Other,-320,megawatthours
2026-01-01 09:00:00,CAL,California,OTH,Other,-36,megawatthours
2026-01-01 10:00:00,CAL,California,OTH,Other,-564,megawatthours
2026-01-01 11:00:00,CAL,California,OTH,Other,-668,megawatthours
2026-01-01 12:00:00,CAL,California,OTH,Other,-1019,megawatthours
2026-01-01 13:00:00,CAL,California,OTH,Other,-1021,megawatthours
2026-01-01 14:00:00,CAL,California,OTH,Other,-603,megawatthours
2026-01-01 15:00:00,CAL,California,OTH,Other,-156,megawatthours
2026-01-01 16:00:00,CAL,California,OTH,Other,282,megawatthours
2026-01-01 17:00:00,CAL,California,OTH,Other,571,megawatthours
2026-01-01 18:00:00,CAL,California,OTH,Other,-437,megawatthours
2026-01-01 19:00:00,CAL,California,OTH,Other,-1628,megawatthours
2026-01-01 20:00:00,CAL,California,OTH,Other,-3745,megawatthours
2026-01-01 21:00:00,CAL,California,OTH,Other,-4703,megawatthours
2026-01-01 22:00:00,CAL,California,OTH,Other,-5092,megawatthours
2026-01-01 23:00:00,CAL,California,OTH,Other,-4607,megawatthours
2026-01-02 00:00:00,CAL,California,OTH,Other,-1802,megawatthours
2026-01-02 00:00:00,CAL,California,OTH,Other,-1802,megawatthours
2026-01-02 01:00:00,CAL,California,OTH,Other,1169,megawatthours
2026-01-02 02:00:00,CAL,California,OTH,Other,3813,megawatthours
2026-01-02 03:00:00,CAL,California,OTH,Other,3322,megawatthours
2026-01-02 04:00:00,CAL,California,OTH,Other,2851,megawatthours
2026-01-02 05:00:00,CAL,California,OTH,Other,2438,megawatthours
2026-01-02 06:00:00,CAL,California,OTH,Other,1741,megawatthours
2026-01-02 07:00:00,CAL,California,OTH,Other,566,megawatthours
2026-01-02 08:00:00,CAL,California,OTH,Other,505,megawatthours
2026-01-02 09:00:00,CAL,California,OTH,Other,-200,megawatthours
2026-01-02 10:00:00,CAL,California,OTH,Other,-782,megawatthours
2026-01-02 11:00:00,CAL,California,OTH,Other,-864,megawatthours
2026-01-02 12:00:00,CAL,California,OTH,Other,-1049,megawatthours
2026-01-02 13:00:00,CAL,California,OTH,Other,-726,megawatthours
2026-01-02 14:00:00,CAL,California,OTH,Other,-8,megawatthours
2026-01-02 15:00:00,CAL,California,OTH,Other,1419,megawatthours
2026-01-02 16:00:00,CAL,California,OTH,Other,1708,megawatthours
2026-01-02 17:00:00,CAL,California,OTH,Other,-920,megawatthours
2026-01-02 18:00:00,CAL,California,OTH,Other,-2976,megawatthours
2026-01-02 19:00:00,CAL,California,OTH,Other,-4377,megawatthours
2026-01-02 20:00:00,CAL,California,OTH,Other,-5034,megawatthours
2026-01-02 21:00:00,CAL,California,OTH,Other,-4426,megawatthours
2026-01-02 22:00:00,CAL,California,OTH,Other,-4560,megawatthours
2026-01-02 23:00:00,CAL,California,OTH,Other,-2257,megawatthours
2026-01-03 00:00:00,CAL,California,OTH,Other,473,megawatthours
2026-01-03 00:00:00,CAL,California,OTH,Other,473,megawatthours
2026-01-03 01:00:00,CAL,California,OTH,Other,3411,megawatthours
2026-01-03 02:00:00,CAL,California,OTH,Other,5089,megawatthours
2026-01-03 03:00:00,CAL,California,OTH,Other,4317,megawatthours
2026-01-03 04:00:00,CAL,California,OTH,Other,3212,megawatthours
2026-01-03 05:00:00,CAL,California,OTH,Other,2735,megawatthours
2026-01-03 06:00:00,CAL,California,OTH,Other,2229,megawatthours
2026-01-03 07:00:00,CAL,California,OTH,Other,1349,megawatthours
2026-01-03 08:00:00,CAL,California,OTH,Other,864,megawatthours
2026-01-03 09:00:00,CAL,California,OTH,Other,-163,megawatthours
2026-01-03 10:00:00,CAL,California,OTH,Other,-440,megawatthours
2026-01-03 11:00:00,CAL,California,OTH,Other,-625,megawatthours
2026-01-03 12:00:00,CAL,California,OTH,Other,-1008,megawatthours
2026-01-03 13:00:00,CAL,California,OTH,Other,-1183,megawatthours
2026-01-03 14:00:00,CAL,California,OTH,Other,-853,megawatthours
2026-01-03 15:00:00,CAL,California,OTH,Other,746,megawatthours
2026-01-03 16:00:00,CAL,California,OTH,Other,845,megawatthours
2026-01-03 17:00:00,CAL,California,OTH,Other,141,megawatthours
2026-01-03 18:00:00,CAL,California,OTH,Other,-1351,megawatthours
2026-01-03 19:00:00,CAL,California,OTH,Other,-1781,megawatthours
2026-01-03 20:00:00,CAL,California,OTH,Other,-3037,megawatthours
2026-01-03 21:00:00,CAL,California,OTH,Other,-3391,megawatthours
2026-01-03 22:00:00,CAL,California,OTH,Other,-2828,megawatthours
2026-01-03 23:00:00,CAL,California,OTH,Other,-1170,megawatthours
2026-01-04 00:00:00,CAL,California,OTH,Other,764,megawatthours
2026-01-04 00:00:00,CAL,California,OTH,Other,764,megawatthours
2026-01-04 01:00:00,CAL,California,OTH,Other,2703,megawatthours
2026-01-04 02:00:00,CAL,California,OTH,Other,3708,megawatthours
2026-01-04 03:00:00,CAL,California,OTH,Other,3283,megawatthours
2026-01-04 04:00:00,CAL,California,OTH,Other,3184,megawatthours
2026-01-04 05:00:00,CAL,California,OTH,Other,2214,megawatthours
2026-01-04 06:00:00,CAL,California,OTH,Other,1966,megawatthours
2026-01-04 07:00:00,CAL,California,OTH,Other,594,megawatthours
2026-01-04 08:00:00,CAL,California,OTH,Other,122,megawatthours
2026-01-04 09:00:00,CAL,California,OTH,Other,141,megawatthours
2026-01-04 10:00:00,CAL,California,OTH,Other,-564,megawatthours
2026-01-04 11:00:00,CAL,California,OTH,Other,-642,megawatthours
2026-01-04 12:00:00,CAL,California,OTH,Other,-1135,megawatthours
2026-01-04 13:00:00,CAL,California,OTH,Other,-1383,megawatthours
2026-01-04 14:00:00,CAL,California,OTH,Other,-925,megawatthours
2026-01-04 15:00:00,CAL,California,OTH,Other,-352,megawatthours
2026-01-04 16:00:00,CAL,California,OTH,Other,-751,megawatthours
2026-01-04 17:00:00,CAL,California,OTH,Other,-2825,megawatthours
2026-01-04 18:00:00,CAL,California,OTH,Other,-4050,megawatthours
2026-01-04 19:00:00,CAL,California,OTH,Other,-5316,megawatthours
2026-01-04 20:00:00,CAL,California,OTH,Other,-5006,megawatthours
2026-01-04 21:00:00,CAL,California,OTH,Other,-4476,megawatthours
2026-01-04 22:00:00,CAL,California,OTH,Other,-3398,megawatthours
2026-01-04 23:00:00,CAL,California,OTH,Other,-1404,megawatthours
2026-01-05 00:00:00,CAL,California,OTH,Other,583,megawatthours
2026-01-05 00:00:00,CAL,California,OTH,Other,583,megawatthours
2026-01-05 01:00:00,CAL,California,OTH,Other,2716,megawatthours
2026-01-05 02:00:00,CAL,California,OTH,Other,4740,megawatthours
2026-01-05 03:00:00,CAL,California,OTH,Other,4562,megawatthours
2026-01-05 04:00:00,CAL,California,OTH,Other,4106,megawatthours
2026-01-05 05:00:00,CAL,California,OTH,Other,3066,megawatthours
2026-01-05 06:00:00,CAL,California,OTH,Other,3187,megawatthours
2026-01-05 07:00:00,CAL,California,OTH,Other,1529,megawatthours
2026-01-05 08:00:00,CAL,California,OTH,Other,601,megawatthours
2026-01-05 09:00:00,CAL,California,OTH,Other,-998,megawatthours
2026-01-05 10:00:00,CAL,California,OTH,Other,-1368,megawatthours
2026-01-05 11:00:00,CAL,California,OTH,Other,-2050,megawatthours
2026-01-05 12:00:00,CAL,California,OTH,Other,-2237,megawatthours
2026-01-05 13:00:00,CAL,California,OTH,Other,-1493,megawatthours
2026-01-05 14:00:00,CAL,California,OTH,Other,-560,megawatthours
2026-01-05 15:00:00,CAL,California,OTH,Other,3367,megawatthours
2026-01-05 16:00:00,CAL,California,OTH,Other,3304,megawatthours
2026-01-05 17:00:00,CAL,California,OTH,Other,-2824,megawatthours
2026-01-05 18:00:00,CAL,California,OTH,Other,-5938,megawatthours
2026-01-05 19:00:00,CAL,California,OTH,Other,-5644,megawatthours
2026-01-05 20:00:00,CAL,California,OTH,Other,-5537,megawatthours
2026-01-05 21:00:00,CAL,California,OTH,Other,-4316,megawatthours
2026-01-05 22:00:00,CAL,California,OTH,Other,-2810,megawatthours
2026-01-05 23:00:00,CAL,California,OTH,Other,-1474,megawatthours
2026-01-06 00:00:00,CAL,California,OTH,Other,126,megawatthours
2026-01-06 00:00:00,CAL,California,OTH,Other,126,megawatthours
2026-01-06 01:00:00,CAL,California,OTH,Other,3124,megawatthours
2026-01-06 02:00:00,CAL,California,OTH,Other,5842,megawatthours
2026-01-06 03:00:00,CAL,California,OTH,Other,6026,megawatthours
2026-01-06 04:00:00,CAL,California,OTH,Other,5435,megawatthours
2026-01-06 05:00:00,CAL,California,OTH,Other,4569,megawatthours
2026-01-06 06:00:00,CAL,California,OTH,Other,3310,megawatthours
2026-01-06 07:00:00,CAL,California,OTH,Other,1714,megawatthours
2026-01-06 08:00:00,CAL,California,OTH,Other,606,megawatthours
2026-01-06 09:00:00,CAL,California,OTH,Other,-88,megawatthours
2026-01-06 10:00:00,CAL,California,OTH,Other,-323,megawatthours
2026-01-06 11:00:00,CAL,California,OTH,Other,-801,megawatthours
2026-01-06 12:00:00,CAL,California,OTH,Other,-833,megawatthours
2026-01-06 13:00:00,CAL,California,OTH,Other,-310,megawatthours
2026-01-06 14:00:00,CAL,California,OTH,Other,795,megawatthours
2026-01-06 15:00:00,CAL,California,OTH,Other,3545,megawatthours
2026-01-06 16:00:00,CAL,California,OTH,Other,3551,megawatthours
2026-01-06 17:00:00,CAL,California,OTH,Other,-104,megawatthours
2026-01-06 18:00:00,CAL,California,OTH,Other,-3119,megawatthours
2026-01-06 19:00:00,CAL,California,OTH,Other,-5380,megawatthours
2026-01-06 20:00:00,CAL,California,OTH,Other,-6317,megawatthours
2026-01-06 21:00:00,CAL,California,OTH,Other,-7436,megawatthours
2026-01-06 22:00:00,CAL,California,OTH,Other,-6757,megawatthours
2026-01-06 23:00:00,CAL,California,OTH,Other,-4948,megawatthours
2026-01-07 00:00:00,CAL,California,OTH,Other,-781,megawatthours
2026-01-07 00:00:00,CAL,California,OTH,Other,-781,megawatthours
2026-01-07 01:00:00,CAL,California,OTH,Other,2612,megawatthours
2026-01-07 02:00:00,CAL,California,OTH,Other,5532,megawatthours
2026-01-07 03:00:00,CAL,California,OTH,Other,5592,megawatthours
2026-01-07 04:00:00,CAL,California,OTH,Other,4861,megawatthours
2026-01-07 05:00:00,CAL,California,OTH,Other,3909,megawatthours
2026-01-07 06:00:00,CAL,California,OTH,Other,3209,megawatthours
2026-01-07 07:00:00,CAL,California,OTH,Other,1712,megawatthours
2026-01-07 08:00:00,CAL,California,OTH,Other,790,megawatthours
2026-01-07 09:00:00,CAL,California,OTH,Other,353,megawatthours
2026-01-07 10:00:00,CAL,California,OTH,Other,-120,megawatthours
2026-01-07 11:00:00,CAL,California,OTH,Other,-713,megawatthours
2026-01-07 12:00:00,CAL,California,OTH,Other,-646,megawatthours
2026-01-07 13:00:00,CAL,California,OTH,Other,-557,megawatthours
2026-01-07 14:00:00,CAL,California,OTH,Other,858,megawatthours
2026-01-07 15:00:00,CAL,California,OTH,Other,3307,megawatthours
2026-01-07 16:00:00,CAL,California,OTH,Other,3670,megawatthours
2026-01-07 17:00:00,CAL,California,OTH,Other,765,megawatthours
2026-01-07 18:00:00,CAL,California,OTH,Other,-853,megawatthours
2026-01-07 19:00:00,CAL,California,OTH,Other,-3038,megawatthours
2026-01-07 20:00:00,CAL,California,OTH,Other,-5683,megawatthours
2026-01-07 21:00:00,CAL,California,OTH,Other,-7149,megawatthours
2026-01-07 22:00:00,CAL,California,OTH,Other,-7521,megawatthours
2026-01-07 23:00:00,CAL,California,OTH,Other,-5568,megawatthours
2026-01-08 00:00:00,CAL,California,OTH,Other,-2628,megawatthours
2026-01-08 00:00:00,CAL,California,OTH,Other,-2628,megawatthours
2026-01-08 01:00:00,CAL,California,OTH,Other,1918,megawatthours
2026-01-08 02:00:00,CAL,California,OTH,Other,5150,megawatthours
2026-01-08 03:00:00,CAL,California,OTH,Other,5305,megawatthours
2026-01-08 04:00:00,CAL,California,OTH,Other,3985,megawatthours
2026-01-08 05:00:00,CAL,California,OTH,Other,3840,megawatthours
2026-01-08 06:00:00,CAL,California,OTH,Other,2923,megawatthours
2026-01-08 07:00:00,CAL,California,OTH,Other,1763,megawatthours
2026-01-08 08:00:00,CAL,California,OTH,Other,531,megawatthours
2026-01-08 09:00:00,CAL,California,OTH,Other,474,megawatthours
2026-01-08 10:00:00,CAL,California,OTH,Other,43,megawatthours
2026-01-08 11:00:00,CAL,California,OTH,Other,-1246,megawatthours
2026-01-08 12:00:00,CAL,California,OTH,Other,-1372,megawatthours
2026-01-08 13:00:00,CAL,California,OTH,Other,-597,megawatthours
2026-01-08 14:00:00,CAL,California,OTH,Other,1761,megawatthours
2026-01-08 15:00:00,CAL,California,OTH,Other,4728,megawatthours
2026-01-08 16:00:00,CAL,California,OTH,Other,3575,megawatthours
2026-01-08 17:00:00,CAL,California,OTH,Other,-710,megawatthours
2026-01-08 18:00:00,CAL,California,OTH,Other,-3189,megawatthours
2026-01-08 19:00:00,CAL,California,OTH,Other,-4796,megawatthours
2026-01-08 20:00:00,CAL,California,OTH,Other,-6840,megawatthours
2026-01-08 21:00:00,CAL,California,OTH,Other,-8334,megawatthours
2026-01-08 22:00:00,CAL,California,OTH,Other,-8533,megawatthours
2026-01-08 23:00:00,CAL,California,OTH,Other,-6886,megawatthours
2026-01-09 00:00:00,CAL,California,OTH,Other,-3272,megawatthours
2026-01-09 00:00:00,CAL,California,OTH,Other,-3272,megawatthours
2026-01-09 01:00:00,CAL,California,OTH,Other,1935,megawatthours
2026-01-09 02:00:00,CAL,California,OTH,Other,5785,megawatthours
2026-01-09 03:00:00,CAL,California,OTH,Other,6129,megawatthours
2026-01-09 04:00:00,CAL,California,OTH,Other,5101,megawatthours
2026-01-09 05:00:00,CAL,California,OTH,Other,5286,megawatthours
2026-01-09 06:00:00,CAL,California,OTH,Other,4681,megawatthours
2026-01-09 07:00:00,CAL,California,OTH,Other,2593,megawatthours
2026-01-09 08:00:00,CAL,California,OTH,Other,1658,megawatthours
2026-01-09 09:00:00,CAL,California,OTH,Other,1034,megawatthours
2026-01-09 10:00:00,CAL,California,OTH,Other,-243,megawatthours
2026-01-09 11:00:00,CAL,California,OTH,Other,-1089,megawatthours
2026-01-09 12:00:00,CAL,California,OTH,Other,-1255,megawatthours
2026-01-09 13:00:00,CAL,California,OTH,Other,-446,megawatthours
2026-01-09 14:00:00,CAL,California,OTH,Other,1285,megawatthours
2026-01-09 15:00:00,CAL,California,OTH,Other,4557,megawatthours
2026-01-09 16:00:00,CAL,California,OTH,Other,3589,megawatthours
2026-01-09 17:00:00,CAL,California,OTH,Other,-1628,megawatthours
2026-01-09 18:00:00,CAL,California,OTH,Other,-4870,megawatthours
2026-01-09 19:00:00,CAL,California,OTH,Other,-6383,megawatthours
2026-01-09 20:00:00,CAL,California,OTH,Other,-8320,megawatthours
2026-01-09 21:00:00,CAL,California,OTH,Other,-8858,megawatthours
2026-01-09 22:00:00,CAL,California,OTH,Other,-7967,megawatthours
2026-01-09 23:00:00,CAL,California,OTH,Other,-5411,megawatthours
2026-01-10 00:00:00,CAL,California,OTH,Other,-1389,megawatthours
2026-01-10 00:00:00,CAL,California,OTH,Other,-1389,megawatthours
2026-01-10 01:00:00,CAL,California,OTH,Other,2190,megawatthours
2026-01-10 02:00:00,CAL,California,OTH,Other,5285,megawatthours
2026-01-10 03:00:00,CAL,California,OTH,Other,5909,megawatthours
2026-01-10 04:00:00,CAL,California,OTH,Other,5047,megawatthours
2026-01-10 05:00:00,CAL,California,OTH,Other,5861,megawatthours
2026-01-10 06:00:00,CAL,California,OTH,Other,5934,megawatthours
2026-01-10 07:00:00,CAL,California,OTH,Other,3857,megawatthours
2026-01-10 08:00:00,CAL,California,OTH,Other,2540,megawatthours
2026-01-10 09:00:00,CAL,California,OTH,Other,1721,megawatthours
2026-01-10 10:00:00,CAL,California,OTH,Other,877,megawatthours
2026-01-10 11:00:00,CAL,California,OTH,Other,415,megawatthours
2026-01-10 12:00:00,CAL,California,OTH,Other,334,megawatthours
2026-01-10 13:00:00,CAL,California,OTH,Other,506,megawatthours
2026-01-10 14:00:00,CAL,California,OTH,Other,1058,megawatthours
2026-01-10 15:00:00,CAL,California,OTH,Other,2555,megawatthours
2026-01-10 16:00:00,CAL,California,OTH,Other,1444,megawatthours
2026-01-10 17:00:00,CAL,California,OTH,Other,-1940,megawatthours
2026-01-10 18:00:00,CAL,California,OTH,Other,-4652,megawatthours
2026-01-10 19:00:00,CAL,California,OTH,Other,-6925,megawatthours
2026-01-10 20:00:00,CAL,California,OTH,Other,-8061,megawatthours
2026-01-10 21:00:00,CAL,California,OTH,Other,-8881,megawatthours
2026-01-10 22:00:00,CAL,California,OTH,Other,-9112,megawatthours
2026-01-10 23:00:00,CAL,California,OTH,Other,-6597,megawatthours
2026-01-11 00:00:00,CAL,California,OTH,Other,-1272,megawatthours
2026-01-11 00:00:00,CAL,California,OTH,Other,-1272,megawatthours
2026-01-11 01:00:00,CAL,California,OTH,Other,3088,megawatthours
2026-01-11 02:00:00,CAL,California,OTH,Other,6638,megawatthours
2026-01-11 03:00:00,CAL,California,OTH,Other,6523,megawatthours
2026-01-11 04:00:00,CAL,California,OTH,Other,5735,megawatthours
2026-01-11 05:00:00,CAL,California,OTH,Other,5476,megawatthours
2026-01-11 06:00:00,CAL,California,OTH,Other,5102,megawatthours
2026-01-11 07:00:00,CAL,California,OTH,Other,2926,megawatthours
2026-01-11 08:00:00,CAL,California,OTH,Other,2372,megawatthours
2026-01-11 09:00:00,CAL,California,OTH,Other,1638,megawatthours
2026-01-11 10:00:00,CAL,California,OTH,Other,584,megawatthours
2026-01-11 11:00:00,CAL,California,OTH,Other,160,megawatthours
2026-01-11 12:00:00,CAL,California,OTH,Other,75,megawatthours
2026-01-11 13:00:00,CAL,California,OTH,Other,232,megawatthours
2026-01-11 14:00:00,CAL,California,OTH,Other,1129,megawatthours
2026-01-11 15:00:00,CAL,California,OTH,Other,2166,megawatthours
2026-01-11 16:00:00,CAL,California,OTH,Other,1053,megawatthours
2026-01-11 17:00:00,CAL,California,OTH,Other,-2443,megawatthours
2026-01-11 18:00:00,CAL,California,OTH,Other,-4583,megawatthours
2026-01-11 19:00:00,CAL,California,OTH,Other,-6839,megawatthours
2026-01-11 20:00:00,CAL,California,OTH,Other,-7837,megawatthours
2026-01-11 21:00:00,CAL,California,OTH,Other,-8293,megawatthours
2026-01-11 22:00:00,CAL,California,OTH,Other,-8526,megawatthours
2026-01-11 23:00:00,CAL,California,OTH,Other,-6988,megawatthours
2026-01-12 00:00:00,CAL,California,OTH,Other,-1469,megawatthours
2026-01-12 00:00:00,CAL,California,OTH,Other,-1469,megawatthours
2026-01-12 01:00:00,CAL,California,OTH,Other,2119,megawatthours
2026-01-12 02:00:00,CAL,California,OTH,Other,5698,megawatthours
2026-01-12 03:00:00,CAL,California,OTH,Other,6017,megawatthours
2026-01-12 04:00:00,CAL,California,OTH,Other,5696,megawatthours
2026-01-12 05:00:00,CAL,California,OTH,Other,5384,megawatthours
2026-01-12 06:00:00,CAL,California,OTH,Other,4502,megawatthours
2026-01-12 07:00:00,CAL,California,OTH,Other,2438,megawatthours
2026-01-12 08:00:00,CAL,California,OTH,Other,1063,megawatthours
2026-01-12 09:00:00,CAL,California,OTH,Other,293,megawatthours
2026-01-12 10:00:00,CAL,California,OTH,Other,-478,megawatthours
2026-01-12 11:00:00,CAL,California,OTH,Other,-866,megawatthours
2026-01-12 12:00:00,CAL,California,OTH,Other,-646,megawatthours
2026-01-12 13:00:00,CAL,California,OTH,Other,434,megawatthours
2026-01-12 14:00:00,CAL,California,OTH,Other,2407,megawatthours
2026-01-12 15:00:00,CAL,California,OTH,Other,5442,megawatthours
2026-01-12 16:00:00,CAL,California,OTH,Other,4153,megawatthours
2026-01-12 17:00:00,CAL,California,OTH,Other,-1727,megawatthours
2026-01-12 18:00:00,CAL,California,OTH,Other,-4817,megawatthours
2026-01-12 19:00:00,CAL,California,OTH,Other,-6731,megawatthours
2026-01-12 20:00:00,CAL,California,OTH,Other,-7716,megawatthours
2026-01-12 21:00:00,CAL,California,OTH,Other,-8122,megawatthours
2026-01-12 22:00:00,CAL,California,OTH,Other,-8104,megawatthours
2026-01-12 23:00:00,CAL,California,OTH,Other,-6138,megawatthours
2026-01-13 00:00:00,CAL,California,OTH,Other,-1613,megawatthours
2026-01-13 00:00:00,CAL,California,OTH,Other,-1613,megawatthours
2026-01-13 01:00:00,CAL,California,OTH,Other,2417,megawatthours
2026-01-13 02:00:00,CAL,California,OTH,Other,6889,megawatthours
2026-01-13 03:00:00,CAL,California,OTH,Other,6656,megawatthours
2026-01-13 04:00:00,CAL,California,OTH,Other,5682,megawatthours
2026-01-13 05:00:00,CAL,California,OTH,Other,5560,megawatthours
2026-01-13 06:00:00,CAL,California,OTH,Other,4953,megawatthours
2026-01-13 07:00:00,CAL,California,OTH,Other,2888,megawatthours
2026-01-13 08:00:00,CAL,California,OTH,Other,1495,megawatthours
2026-01-13 09:00:00,CAL,California,OTH,Other,537,megawatthours
2026-01-13 10:00:00,CAL,California,OTH,Other,-118,megawatthours
2026-01-13 11:00:00,CAL,California,OTH,Other,-589,megawatthours
2026-01-13 12:00:00,CAL,California,OTH,Other,-917,megawatthours
2026-01-13 13:00:00,CAL,California,OTH,Other,-29,megawatthours
2026-01-13 14:00:00,CAL,California,OTH,Other,988,megawatthours
2026-01-13 15:00:00,CAL,California,OTH,Other,4357,megawatthours
2026-01-13 16:00:00,CAL,California,OTH,Other,2980,megawatthours
2026-01-13 17:00:00,CAL,California,OTH,Other,-1439,megawatthours
2026-01-13 18:00:00,CAL,California,OTH,Other,-5335,megawatthours
2026-01-13 19:00:00,CAL,California,OTH,Other,-6285,megawatthours
2026-01-13 20:00:00,CAL,California,OTH,Other,-7266,megawatthours
2026-01-13 21:00:00,CAL,California,OTH,Other,-8061,megawatthours
2026-01-13 22:00:00,CAL,California,OTH,Other,-8602,megawatthours
2026-01-13 23:00:00,CAL,California,OTH,Other,-6080,megawatthours
2026-01-14 00:00:00,CAL,California,OTH,Other,-2069,megawatthours
2026-01-14 00:00:00,CAL,California,OTH,Other,-2069,megawatthours
2026-01-14 01:00:00,CAL,California,OTH,Other,2479,megawatthours
2026-01-14 02:00:00,CAL,California,OTH,Other,6000,megawatthours
2026-01-14 03:00:00,CAL,California,OTH,Other,6200,megawatthours
2026-01-14 04:00:00,CAL,California,OTH,Other,5645,megawatthours
2026-01-14 05:00:00,CAL,California,OTH,Other,5290,megawatthours
2026-01-14 06:00:00,CAL,California,OTH,Other,4291,megawatthours
2026-01-14 07:00:00,CAL,California,OTH,Other,2363,megawatthours
2026-01-14 08:00:00,CAL,California,OTH,Other,1555,megawatthours
2026-01-14 09:00:00,CAL,California,OTH,Other,227,megawatthours
2026-01-14 10:00:00,CAL,California,OTH,Other,-29,megawatthours
2026-01-14 11:00:00,CAL,California,OTH,Other,-431,megawatthours
2026-01-14 12:00:00,CAL,California,OTH,Other,-554,megawatthours
2026-01-14 13:00:00,CAL,California,OTH,Other,168,megawatthours
2026-01-14 14:00:00,CAL,California,OTH,Other,1577,megawatthours
2026-01-14 15:00:00,CAL,California,OTH,Other,4501,megawatthours
2026-01-14 16:00:00,CAL,California,OTH,Other,3129,megawatthours
2026-01-14 17:00:00,CAL,California,OTH,Other,-1596,megawatthours
2026-01-14 18:00:00,CAL,California,OTH,Other,-4696,megawatthours
2026-01-14 19:00:00,CAL,California,OTH,Other,-6413,megawatthours
2026-01-14 20:00:00,CAL,California,OTH,Other,-7236,megawatthours
2026-01-14 21:00:00,CAL,California,OTH,Other,-7569,megawatthours
2026-01-14 22:00:00,CAL,California,OTH,Other,-8366,megawatthours
2026-01-14 23:00:00,CAL,California,OTH,Other,-6447,megawatthours
2026-01-15 00:00:00,CAL,California,OTH,Other,-1438,megawatthours
2026-01-15 00:00:00,CAL,California,OTH,Other,-1438,megawatthours
2026-01-15 01:00:00,CAL,California,OTH,Other,3367,megawatthours
2026-01-15 02:00:00,CAL,California,OTH,Other,6503,megawatthours
2026-01-15 03:00:00,CAL,California,OTH,Other,6370,megawatthours
2026-01-15 04:00:00,CAL,California,OTH,Other,5714,megawatthours
2026-01-15 05:00:00,CAL,California,OTH,Other,5276,megawatthours
2026-01-15 06:00:00,CAL,California,OTH,Other,4248,megawatthours
2026-01-15 07:00:00,CAL,California,OTH,Other,2367,megawatthours
2026-01-15 08:00:00,CAL,California,OTH,Other,1241,megawatthours
2026-01-15 09:00:00,CAL,California,OTH,Other,319,megawatthours
2026-01-15 10:00:00,CAL,California,OTH,Other,-450,megawatthours
2026-01-15 11:00:00,CAL,California,OTH,Other,-547,megawatthours
2026-01-15 12:00:00,CAL,California,OTH,Other,-1005,megawatthours
2026-01-15 13:00:00,CAL,California,OTH,Other,-490,megawatthours
2026-01-15 14:00:00,CAL,California,OTH,Other,926,megawatthours
2026-01-15 15:00:00,CAL,California,OTH,Other,3828,megawatthours
2026-01-15 16:00:00,CAL,California,OTH,Other,2573,megawatthours
2026-01-15 17:00:00,CAL,California,OTH,Other,-1921,megawatthours
2026-01-15 18:00:00,CAL,California,OTH,Other,-4825,megawatthours
2026-01-15 19:00:00,CAL,California,OTH,Other,-6013,megawatthours
2026-01-15 20:00:00,CAL,California,OTH,Other,-7464,megawatthours
2026-01-15 21:00:00,CAL,California,OTH,Other,-8434,megawatthours
2026-01-15 22:00:00,CAL,California,OTH,Other,-8346,megawatthours
2026-01-15 23:00:00,CAL,California,OTH,Other,-6074,megawatthours
2026-01-16 00:00:00,CAL,California,OTH,Other,-1734,megawatthours
2026-01-16 00:00:00,CAL,California,OTH,Other,-1734,megawatthours
2026-01-16 01:00:00,CAL,California,OTH,Other,3202,megawatthours
2026-01-16 02:00:00,CAL,California,OTH,Other,6654,megawatthours
2026-01-16 03:00:00,CAL,California,OTH,Other,6290,megawatthours
2026-01-16 04:00:00,CAL,California,OTH,Other,5503,megawatthours
2026-01-16 05:00:00,CAL,California,OTH,Other,4945,megawatthours
2026-01-16 06:00:00,CAL,California,OTH,Other,4327,megawatthours
2026-01-16 07:00:00,CAL,California,OTH,Other,3029,megawatthours
2026-01-16 08:00:00,CAL,California,OTH,Other,1679,megawatthours
2026-01-16 09:00:00,CAL,California,OTH,Other,326,megawatthours
2026-01-16 10:00:00,CAL,California,OTH,Other,-103,megawatthours
2026-01-16 11:00:00,CAL,California,OTH,Other,-703,megawatthours
2026-01-16 12:00:00,CAL,California,OTH,Other,-881,megawatthours
2026-01-16 13:00:00,CAL,California,OTH,Other,-179,megawatthours
2026-01-16 14:00:00,CAL,California,OTH,Other,975,megawatthours
2026-01-16 15:00:00,CAL,California,OTH,Other,3929,megawatthours
2026-01-16 16:00:00,CAL,California,OTH,Other,2743,megawatthours
2026-01-16 17:00:00,CAL,California,OTH,Other,-1579,megawatthours
2026-01-16 18:00:00,CAL,California,OTH,Other,-4053,megawatthours
2026-01-16 19:00:00,CAL,California,OTH,Other,-5720,megawatthours
2026-01-16 20:00:00,CAL,California,OTH,Other,-7096,megawatthours
2026-01-16 21:00:00,CAL,California,OTH,Other,-8141,megawatthours
2026-01-16 22:00:00,CAL,California,OTH,Other,-8306,megawatthours
2026-01-16 23:00:00,CAL,California,OTH,Other,-6613,megawatthours
2026-01-17 00:00:00,CAL,California,OTH,Other,-2533,megawatthours
2026-01-17 00:00:00,CAL,California,OTH,Other,-2533,megawatthours
2026-01-17 01:00:00,CAL,California,OTH,Other,3664,megawatthours
2026-01-17 02:00:00,CAL,California,OTH,Other,6585,megawatthours
2026-01-17 03:00:00,CAL,California,OTH,Other,6370,megawatthours
2026-01-17 04:00:00,CAL,California,OTH,Other,5278,megawatthours
2026-01-17 05:00:00,CAL,California,OTH,Other,4355,megawatthours
2026-01-17 06:00:00,CAL,California,OTH,Other,4229,megawatthours
2026-01-17 07:00:00,CAL,California,OTH,Other,3041,megawatthours
2026-01-17 08:00:00,CAL,California,OTH,Other,1880,megawatthours
2026-01-17 09:00:00,CAL,California,OTH,Other,1334,megawatthours
2026-01-17 10:00:00,CAL,California,OTH,Other,473,megawatthours
2026-01-17 11:00:00,CAL,California,OTH,Other,-14,megawatthours
2026-01-17 12:00:00,CAL,California,OTH,Other,42,megawatthours
2026-01-17 13:00:00,CAL,California,OTH,Other,38,megawatthours
2026-01-17 14:00:00,CAL,California,OTH,Other,913,megawatthours
2026-01-17 15:00:00,CAL,California,OTH,Other,2742,megawatthours
2026-01-17 16:00:00,CAL,California,OTH,Other,1484,megawatthours
2026-01-17 17:00:00,CAL,California,OTH,Other,-1532,megawatthours
2026-01-17 18:00:00,CAL,California,OTH,Other,-3996,megawatthours
2026-01-17 19:00:00,CAL,California,OTH,Other,-6183,megawatthours
2026-01-17 20:00:00,CAL,California,OTH,Other,-7486,megawatthours
2026-01-17 21:00:00,CAL,California,OTH,Other,-8597,megawatthours
2026-01-17 22:00:00,CAL,California,OTH,Other,-8453,megawatthours
2026-01-17 23:00:00,CAL,California,OTH,Other,-6580,megawatthours
2026-01-18 00:00:00,CAL,California,OTH,Other,-1669,megawatthours
2026-01-18 00:00:00,CAL,California,OTH,Other,-1669,megawatthours
2026-01-18 01:00:00,CAL,California,OTH,Other,3912,megawatthours
2026-01-18 02:00:00,CAL,California,OTH,Other,7283,megawatthours
2026-01-18 03:00:00,CAL,California,OTH,Other,6704,megawatthours
2026-01-18 04:00:00,CAL,California,OTH,Other,6296,megawatthours
2026-01-18 05:00:00,CAL,California,OTH,Other,5137,megawatthours
2026-01-18 06:00:00,CAL,California,OTH,Other,4109,megawatthours
2026-01-18 07:00:00,CAL,California,OTH,Other,2000,megawatthours
2026-01-18 08:00:00,CAL,California,OTH,Other,1324,megawatthours
2026-01-18 09:00:00,CAL,California,OTH,Other,855,megawatthours
2026-01-18 10:00:00,CAL,California,OTH,Other,160,megawatthours
2026-01-18 11:00:00,CAL,California,OTH,Other,-23,megawatthours
2026-01-18 12:00:00,CAL,California,OTH,Other,-252,megawatthours
2026-01-18 13:00:00,CAL,California,OTH,Other,230,megawatthours
2026-01-18 14:00:00,CAL,California,OTH,Other,751,megawatthours
2026-01-18 15:00:00,CAL,California,OTH,Other,2160,megawatthours
2026-01-18 16:00:00,CAL,California,OTH,Other,1279,megawatthours
2026-01-18 17:00:00,CAL,California,OTH,Other,-1825,megawatthours
2026-01-18 18:00:00,CAL,California,OTH,Other,-4442,megawatthours
2026-01-18 19:00:00,CAL,California,OTH,Other,-6504,megawatthours
2026-01-18 20:00:00,CAL,California,OTH,Other,-7345,megawatthours
2026-01-18 21:00:00,CAL,California,OTH,Other,-7686,megawatthours
2026-01-18 22:00:00,CAL,California,OTH,Other,-7397,megawatthours
2026-01-18 23:00:00,CAL,California,OTH,Other,-5812,megawatthours
2026-01-19 00:00:00,CAL,California,OTH,Other,-1647,megawatthours
2026-01-19 00:00:00,CAL,California,OTH,Other,-1647,megawatthours
2026-01-19 01:00:00,CAL,California,OTH,Other,3860,megawatthours
2026-01-19 02:00:00,CAL,California,OTH,Other,6674,megawatthours
2026-01-19 03:00:00,CAL,California,OTH,Other,6746,megawatthours
2026-01-19 04:00:00,CAL,California,OTH,Other,6138,megawatthours
2026-01-19 05:00:00,CAL,California,OTH,Other,4704,megawatthours
2026-01-19 06:00:00,CAL,California,OTH,Other,3996,megawatthours
2026-01-19 07:00:00,CAL,California,OTH,Other,1779,megawatthours
2026-01-19 08:00:00,CAL,California,OTH,Other,1115,megawatthours
2026-01-19 09:00:00,CAL,California,OTH,Other,702,megawatthours
2026-01-19 10:00:00,CAL,California,OTH,Other,169,megawatthours
2026-01-19 11:00:00,CAL,California,OTH,Other,-151,megawatthours
2026-01-19 12:00:00,CAL,California,OTH,Other,-101,megawatthours
2026-01-19 13:00:00,CAL,California,OTH,Other,160,megawatthours
2026-01-19 14:00:00,CAL,California,OTH,Other,1217,megawatthours
2026-01-19 15:00:00,CAL,California,OTH,Other,3146,megawatthours
2026-01-19 16:00:00,CAL,California,OTH,Other,1483,megawatthours
2026-01-19 17:00:00,CAL,California,OTH,Other,-1685,megawatthours
2026-01-19 18:00:00,CAL,California,OTH,Other,-4007,megawatthours
2026-01-19 19:00:00,CAL,California,OTH,Other,-5531,megawatthours
2026-01-19 20:00:00,CAL,California,OTH,Other,-6605,megawatthours
2026-01-19 21:00:00,CAL,California,OTH,Other,-6948,megawatthours
2026-01-19 22:00:00,CAL,California,OTH,Other,-6226,megawatthours
2026-01-19 23:00:00,CAL,California,OTH,Other,-5286,megawatthours
2026-01-20 00:00:00,CAL,California,OTH,Other,-1427,megawatthours
2026-01-20 00:00:00,CAL,California,OTH,Other,-1427,megawatthours
2026-01-20 01:00:00,CAL,California,OTH,Other,4321,megawatthours
2026-01-20 02:00:00,CAL,California,OTH,Other,7082,megawatthours
2026-01-20 03:00:00,CAL,California,OTH,Other,6302,megawatthours
2026-01-20 04:00:00,CAL,California,OTH,Other,5206,megawatthours
2026-01-20 05:00:00,CAL,California,OTH,Other,4174,megawatthours
2026-01-20 06:00:00,CAL,California,OTH,Other,3458,megawatthours
2026-01-20 07:00:00,CAL,California,OTH,Other,1457,megawatthours
2026-01-20 08:00:00,CAL,California,OTH,Other,265,megawatthours
2026-01-20 09:00:00,CAL,California,OTH,Other,164,megawatthours
2026-01-20 10:00:00,CAL,California,OTH,Other,-447,megawatthours
2026-01-20 11:00:00,CAL,California,OTH,Other,-1155,megawatthours
2026-01-20 12:00:00,CAL,California,OTH,Other,-1450,megawatthours
2026-01-20 13:00:00,CAL,California,OTH,Other,-559,megawatthours
2026-01-20 14:00:00,CAL,California,OTH,Other,603,megawatthours
2026-01-20 15:00:00,CAL,California,OTH,Other,3573,megawatthours
2026-01-20 16:00:00,CAL,California,OTH,Other,2388,megawatthours
2026-01-20 17:00:00,CAL,California,OTH,Other,-1169,megawatthours
2026-01-20 18:00:00,CAL,California,OTH,Other,-4172,megawatthours
2026-01-20 19:00:00,CAL,California,OTH,Other,-5593,megawatthours
2026-01-20 20:00:00,CAL,California,OTH,Other,-6541,megawatthours
2026-01-20 21:00:00,CAL,California,OTH,Other,-6351,megawatthours
2026-01-20 22:00:00,CAL,California,OTH,Other,-6431,megawatthours
2026-01-20 23:00:00,CAL,California,OTH,Other,-5023,megawatthours
2026-01-21 00:00:00,CAL,California,OTH,Other,-2,megawatthours
2026-01-21 00:00:00,CAL,California,OTH,Other,-2,megawatthours
2026-01-21 01:00:00,CAL,California,OTH,Other,4466,megawatthours
2026-01-21 02:00:00,CAL,California,OTH,Other,6162,megawatthours
2026-01-21 03:00:00,CAL,California,OTH,Other,5559,megawatthours
2026-01-21 04:00:00,CAL,California,OTH,Other,4826,megawatthours
2026-01-21 05:00:00,CAL,California,OTH,Other,3548,megawatthours
2026-01-21 06:00:00,CAL,California,OTH,Other,2770,megawatthours
2026-01-21 07:00:00,CAL,California,OTH,Other,529,megawatthours
2026-01-21 08:00:00,CAL,California,OTH,Other,-418,megawatthours
2026-01-21 09:00:00,CAL,California,OTH,Other,-294,megawatthours
2026-01-21 10:00:00,CAL,California,OTH,Other,-1255,megawatthours
2026-01-21 11:00:00,CAL,California,OTH,Other,-1594,megawatthours
2026-01-21 12:00:00,CAL,California,OTH,Other,-1666,megawatthours
2026-01-21 13:00:00,CAL,California,OTH,Other,-1087,megawatthours
2026-01-21 14:00:00,CAL,California,OTH,Other,-90,megawatthours
2026-01-21 15:00:00,CAL,California,OTH,Other,2475,megawatthours
2026-01-21 16:00:00,CAL,California,OTH,Other,3220,megawatthours
2026-01-21 17:00:00,CAL,California,OTH,Other,751,megawatthours
2026-01-21 18:00:00,CAL,California,OTH,Other,-780,megawatthours
2026-01-21 19:00:00,CAL,California,OTH,Other,-3064,megawatthours
2026-01-21 20:00:00,CAL,California,OTH,Other,-4335,megawatthours
2026-01-21 21:00:00,CAL,California,OTH,Other,-4441,megawatthours
2026-01-21 22:00:00,CAL,California,OTH,Other,-2831,megawatthours
2026-01-21 23:00:00,CAL,California,OTH,Other,-1395,megawatthours
2026-01-22 00:00:00,CAL,California,OTH,Other,1580,megawatthours
2026-01-22 00:00:00,CAL,California,OTH,Other,1580,megawatthours
2026-01-22 01:00:00,CAL,California,OTH,Other,2975,megawatthours
2026-01-22 02:00:00,CAL,California,OTH,Other,4628,megawatthours
2026-01-22 03:00:00,CAL,California,OTH,Other,4480,megawatthours
2026-01-22 04:00:00,CAL,California,OTH,Other,3104,megawatthours
2026-01-22 05:00:00,CAL,California,OTH,Other,2263,megawatthours
2026-01-22 06:00:00,CAL,California,OTH,Other,1098,megawatthours
2026-01-22 07:00:00,CAL,California,OTH,Other,601,megawatthours
2026-01-22 08:00:00,CAL,California,OTH,Other,44,megawatthours
2026-01-22 09:00:00,CAL,California,OTH,Other,-495,megawatthours
2026-01-22 10:00:00,CAL,California,OTH,Other,-849,megawatthours
2026-01-22 11:00:00,CAL,California,OTH,Other,-1143,megawatthours
2026-01-22 12:00:00,CAL,California,OTH,Other,-1449,megawatthours
2026-01-22 13:00:00,CAL,California,OTH,Other,-744,megawatthours
2026-01-22 14:00:00,CAL,California,OTH,Other,273,megawatthours
2026-01-22 15:00:00,CAL,California,OTH,Other,2720,megawatthours
2026-01-22 16:00:00,CAL,California,OTH,Other,2926,megawatthours
2026-01-22 17:00:00,CAL,California,OTH,Other,506,megawatthours
2026-01-22 18:00:00,CAL,California,OTH,Other,-1111,megawatthours
2026-01-22 19:00:00,CAL,California,OTH,Other,-3978,megawatthours
2026-01-22 20:00:00,CAL,California,OTH,Other,-6153,megawatthours
2026-01-22 21:00:00,CAL,California,OTH,Other,-7429,megawatthours
2026-01-22 22:00:00,CAL,California,OTH,Other,-7202,megawatthours
2026-01-22 23:00:00,CAL,California,OTH,Other,-4283,megawatthours
2026-01-23 00:00:00,CAL,California,OTH,Other,-392,megawatthours
2026-01-23 00:00:00,CAL,California,OTH,Other,-392,megawatthours
2026-01-23 01:00:00,CAL,California,OTH,Other,1786,megawatthours
2026-01-23 02:00:00,CAL,California,OTH,Other,4488,megawatthours
2026-01-23 03:00:00,CAL,California,OTH,Other,4094,megawatthours
2026-01-23 04:00:00,CAL,California,OTH,Other,3516,megawatthours
2026-01-23 05:00:00,CAL,California,OTH,Other,2813,megawatthours
2026-01-23 06:00:00,CAL,California,OTH,Other,2530,megawatthours
2026-01-23 07:00:00,CAL,California,OTH,Other,1051,megawatthours
2026-01-23 08:00:00,CAL,California,OTH,Other,103,megawatthours
2026-01-23 09:00:00,CAL,California,OTH,Other,87,megawatthours
2026-01-23 10:00:00,CAL,California,OTH,Other,-253,megawatthours
2026-01-23 11:00:00,CAL,California,OTH,Other,-521,megawatthours
2026-01-23 12:00:00,CAL,California,OTH,Other,-304,megawatthours
2026-01-23 13:00:00,CAL,California,OTH,Other,161,megawatthours
2026-01-23 14:00:00,CAL,California,OTH,Other,887,megawatthours
2026-01-23 15:00:00,CAL,California,OTH,Other,3183,megawatthours
2026-01-23 16:00:00,CAL,California,OTH,Other,3117,megawatthours
2026-01-23 17:00:00,CAL,California,OTH,Other,-435,megawatthours
2026-01-23 18:00:00,CAL,California,OTH,Other,-1889,megawatthours
2026-01-23 19:00:00,CAL,California,OTH,Other,-3187,megawatthours
2026-01-23 20:00:00,CAL,California,OTH,Other,-4597,megawatthours
2026-01-23 21:00:00,CAL,California,OTH,Other,-5684,megawatthours
2026-01-23 22:00:00,CAL,California,OTH,Other,-6363,megawatthours
2026-01-23 23:00:00,CAL,California,OTH,Other,-5798,megawatthours
2026-01-24 00:00:00,CAL,California,OTH,Other,-3135,megawatthours
2026-01-24 00:00:00,CAL,California,OTH,Other,-3135,megawatthours
2026-01-24 01:00:00,CAL,California,OTH,Other,1992,megawatthours
2026-01-24 02:00:00,CAL,California,OTH,Other,4836,megawatthours
2026-01-24 03:00:00,CAL,California,OTH,Other,4856,megawatthours
2026-01-24 04:00:00,CAL,California,OTH,Other,4110,megawatthours
2026-01-24 05:00:00,CAL,California,OTH,Other,3635,megawatthours
2026-01-24 06:00:00,CAL,California,OTH,Other,2926,megawatthours
2026-01-24 07:00:00,CAL,California,OTH,Other,1384,megawatthours
2026-01-24 08:00:00,CAL,California,OTH,Other,325,megawatthours
2026-01-24 09:00:00,CAL,California,OTH,Other,1346,megawatthours
2026-01-24 10:00:00,CAL,California,OTH,Other,940,megawatthours
2026-01-24 11:00:00,CAL,California,OTH,Other,843,megawatthours
2026-01-24 12:00:00,CAL,California,OTH,Other,343,megawatthours
2026-01-24 13:00:00,CAL,California,OTH,Other,800,megawatthours
2026-01-24 14:00:00,CAL,California,OTH,Other,859,megawatthours
2026-01-24 15:00:00,CAL,California,OTH,Other,2115,megawatthours
2026-01-24 16:00:00,CAL,California,OTH,Other,1840,megawatthours
2026-01-24 17:00:00,CAL,California,OTH,Other,-459,megawatthours
2026-01-24 18:00:00,CAL,California,OTH,Other,-2571,megawatthours
2026-01-24 19:00:00,CAL,California,OTH,Other,-5223,megawatthours
2026-01-24 20:00:00,CAL,California,OTH,Other,-7138,megawatthours
2026-01-24 21:00:00,CAL,California,OTH,Other,-8608,megawatthours
2026-01-24 22:00:00,CAL,California,OTH,Other,-8246,megawatthours
2026-01-24 23:00:00,CAL,California,OTH,Other,-6121,megawatthours
2026-01-25 00:00:00,CAL,California,OTH,Other,-3155,megawatthours
2026-01-25 00:00:00,CAL,California,OTH,Other,-3155,megawatthours
2026-01-25 01:00:00,CAL,California,OTH,Other,1959,megawatthours
2026-01-25 02:00:00,CAL,California,OTH,Other,5776,megawatthours
2026-01-25 03:00:00,CAL,California,OTH,Other,6372,megawatthours
2026-01-25 04:00:00,CAL,California,OTH,Other,6541,megawatthours
2026-01-25 05:00:00,CAL,California,OTH,Other,5933,megawatthours
2026-01-25 06:00:00,CAL,California,OTH,Other,5000,megawatthours
2026-01-25 07:00:00,CAL,California,OTH,Other,2854,megawatthours
2026-01-25 08:00:00,CAL,California,OTH,Other,1088,megawatthours
2026-01-25 09:00:00,CAL,California,OTH,Other,1153,megawatthours
2026-01-25 10:00:00,CAL,California,OTH,Other,698,megawatthours
2026-01-25 11:00:00,CAL,California,OTH,Other,700,megawatthours
2026-01-25 12:00:00,CAL,California,OTH,Other,403,megawatthours
2026-01-25 13:00:00,CAL,California,OTH,Other,168,megawatthours
2026-01-25 14:00:00,CAL,California,OTH,Other,-66,megawatthours
2026-01-25 15:00:00,CAL,California,OTH,Other,409,megawatthours
2026-01-25 16:00:00,CAL,California,OTH,Other,-274,megawatthours
2026-01-25 17:00:00,CAL,California,OTH,Other,-3378,megawatthours
2026-01-25 18:00:00,CAL,California,OTH,Other,-6592,megawatthours
2026-01-25 19:00:00,CAL,California,OTH,Other,-7857,megawatthours
2026-01-25 20:00:00,CAL,California,OTH,Other,-9151,megawatthours
2026-01-25 21:00:00,CAL,California,OTH,Other,-9151,megawatthours
2026-01-25 22:00:00,CAL,California,OTH,Other,-7064,megawatthours
2026-01-25 23:00:00,CAL,California,OTH,Other,-3780,megawatthours
2026-01-26 00:00:00,CAL,California,OTH,Other,-847,megawatthours
2026-01-26 00:00:00,CAL,California,OTH,Other,-847,megawatthours
2026-01-26 01:00:00,CAL,California,OTH,Other,3142,megawatthours
2026-01-26 02:00:00,CAL,California,OTH,Other,5000,megawatthours
2026-01-26 03:00:00,CAL,California,OTH,Other,4609,megawatthours
2026-01-26 04:00:00,CAL,California,OTH,Other,3912,megawatthours
2026-01-26 05:00:00,CAL,California,OTH,Other,4438,megawatthours
2026-01-26 06:00:00,CAL,California,OTH,Other,3405,megawatthours
2026-01-26 07:00:00,CAL,California,OTH,Other,2187,megawatthours
2026-01-26 08:00:00,CAL,California,OTH,Other,357,megawatthours
2026-01-26 09:00:00,CAL,California,OTH,Other,-358,megawatthours
2026-01-26 10:00:00,CAL,California,OTH,Other,-412,megawatthours
2026-01-26 11:00:00,CAL,California,OTH,Other,-501,megawatthours
2026-01-26 12:00:00,CAL,California,OTH,Other,-271,megawatthours
2026-01-26 13:00:00,CAL,California,OTH,Other,812,megawatthours
2026-01-26 14:00:00,CAL,California,OTH,Other,2218,megawatthours
2026-01-26 15:00:00,CAL,California,OTH,Other,5008,megawatthours
2026-01-26 16:00:00,CAL,California,OTH,Other,3943,megawatthours
2026-01-26 17:00:00,CAL,California,OTH,Other,-16,megawatthours
2026-01-26 18:00:00,CAL,California,OTH,Other,-3252,megawatthours
2026-01-26 19:00:00,CAL,California,OTH,Other,-6951,megawatthours
2026-01-26 20:00:00,CAL,California,OTH,Other,-8374,megawatthours
2026-01-26 21:00:00,CAL,California,OTH,Other,-8581,megawatthours
2026-01-26 22:00:00,CAL,California,OTH,Other,-8214,megawatthours
2026-01-26 23:00:00,CAL,California,OTH,Other,-5763,megawatthours
2026-01-27 00:00:00,CAL,California,OTH,Other,-1780,megawatthours
2026-01-27 00:00:00,CAL,California,OTH,Other,-1780,megawatthours
2026-01-27 01:00:00,CAL,California,OTH,Other,1274,megawatthours
2026-01-27 02:00:00,CAL,California,OTH,Other,5171,megawatthours
2026-01-27 03:00:00,CAL,California,OTH,Other,5694,megawatthours
2026-01-27 04:00:00,CAL,California,OTH,Other,4482,megawatthours
2026-01-27 05:00:00,CAL,California,OTH,Other,4214,megawatthours
2026-01-27 06:00:00,CAL,California,OTH,Other,3935,megawatthours
2026-01-27 07:00:00,CAL,California,OTH,Other,2598,megawatthours
2026-01-27 08:00:00,CAL,California,OTH,Other,1614,megawatthours
2026-01-27 09:00:00,CAL,California,OTH,Other,148,megawatthours
2026-01-27 10:00:00,CAL,California,OTH,Other,-192,megawatthours
2026-01-27 11:00:00,CAL,California,OTH,Other,-723,megawatthours
2026-01-27 12:00:00,CAL,California,OTH,Other,-1081,megawatthours
2026-01-27 13:00:00,CAL,California,OTH,Other,-48,megawatthours
2026-01-27 14:00:00,CAL,California,OTH,Other,2818,megawatthours
2026-01-27 15:00:00,CAL,California,OTH,Other,5448,megawatthours
2026-01-27 16:00:00,CAL,California,OTH,Other,3263,megawatthours
2026-01-27 17:00:00,CAL,California,OTH,Other,-1433,megawatthours
2026-01-27 18:00:00,CAL,California,OTH,Other,-3575,megawatthours
2026-01-27 19:00:00,CAL,California,OTH,Other,-5911,megawatthours
2026-01-27 20:00:00,CAL,California,OTH,Other,-8122,megawatthours
2026-01-27 21:00:00,CAL,California,OTH,Other,-8108,megawatthours
2026-01-27 22:00:00,CAL,California,OTH,Other,-8472,megawatthours
2026-01-27 23:00:00,CAL,California,OTH,Other,-7027,megawatthours
2026-01-28 00:00:00,CAL,California,OTH,Other,-2271,megawatthours
2026-01-28 00:00:00,CAL,California,OTH,Other,-2271,megawatthours
2026-01-28 01:00:00,CAL,California,OTH,Other,3789,megawatthours
2026-01-28 02:00:00,CAL,California,OTH,Other,6844,megawatthours
2026-01-28 03:00:00,CAL,California,OTH,Other,6145,megawatthours
2026-01-28 04:00:00,CAL,California,OTH,Other,5364,megawatthours
2026-01-28 05:00:00,CAL,California,OTH,Other,5108,megawatthours
2026-01-28 06:00:00,CAL,California,OTH,Other,4380,megawatthours
2026-01-28 07:00:00,CAL,California,OTH,Other,2971,megawatthours
2026-01-28 08:00:00,CAL,California,OTH,Other,1810,megawatthours
2026-01-28 09:00:00,CAL,California,OTH,Other,864,megawatthours
2026-01-28 10:00:00,CAL,California,OTH,Other,243,megawatthours
2026-01-28 11:00:00,CAL,California,OTH,Other,-139,megawatthours
2026-01-28 12:00:00,CAL,California,OTH,Other,-474,megawatthours
2026-01-28 13:00:00,CAL,California,OTH,Other,-240,megawatthours
2026-01-28 14:00:00,CAL,California,OTH,Other,643,megawatthours
2026-01-28 15:00:00,CAL,California,OTH,Other,1617,megawatthours
2026-01-28 16:00:00,CAL,California,OTH,Other,921,megawatthours
2026-01-28 17:00:00,CAL,California,OTH,Other,-1487,megawatthours
2026-01-28 18:00:00,CAL,California,OTH,Other,-4449,megawatthours
2026-01-28 19:00:00,CAL,California,OTH,Other,-5833,megawatthours
2026-01-28 20:00:00,CAL,California,OTH,Other,-7437,megawatthours
2026-01-28 21:00:00,CAL,California,OTH,Other,-7589,megawatthours
2026-01-28 22:00:00,CAL,California,OTH,Other,-7750,megawatthours
2026-01-28 23:00:00,CAL,California,OTH,Other,-6689,megawatthours
2026-01-29 00:00:00,CAL,California,OTH,Other,-3400,megawatthours
2026-01-29 00:00:00,CAL,California,OTH,Other,-3400,megawatthours
2026-01-29 01:00:00,CAL,California,OTH,Other,1077,megawatthours
2026-01-29 02:00:00,CAL,California,OTH,Other,4971,megawatthours
2026-01-29 03:00:00,CAL,California,OTH,Other,5080,megawatthours
2026-01-29 04:00:00,CAL,California,OTH,Other,4838,megawatthours
2026-01-29 05:00:00,CAL,California,OTH,Other,4650,megawatthours
2026-01-29 06:00:00,CAL,California,OTH,Other,3987,megawatthours
2026-01-29 07:00:00,CAL,California,OTH,Other,2417,megawatthours
2026-01-29 08:00:00,CAL,California,OTH,Other,1248,megawatthours
2026-01-29 09:00:00,CAL,California,OTH,Other,1110,megawatthours
2026-01-29 10:00:00,CAL,California,OTH,Other,243,megawatthours
2026-01-29 11:00:00,CAL,California,OTH,Other,-438,megawatthours
2026-01-29 12:00:00,CAL,California,OTH,Other,-835,megawatthours
2026-01-29 13:00:00,CAL,California,OTH,Other,-179,megawatthours
2026-01-29 14:00:00,CAL,California,OTH,Other,1823,megawatthours
2026-01-29 15:00:00,CAL,California,OTH,Other,5128,megawatthours
2026-01-29 16:00:00,CAL,California,OTH,Other,3412,megawatthours
2026-01-29 17:00:00,CAL,California,OTH,Other,-1109,megawatthours
2026-01-29 18:00:00,CAL,California,OTH,Other,-3080,megawatthours
2026-01-29 19:00:00,CAL,California,OTH,Other,-5745,megawatthours
2026-01-29 20:00:00,CAL,California,OTH,Other,-7310,megawatthours
2026-01-29 21:00:00,CAL,California,OTH,Other,-8266,megawatthours
2026-01-29 22:00:00,CAL,California,OTH,Other,-8837,megawatthours
2026-01-29 23:00:00,CAL,California,OTH,Other,-7669,megawatthours
2026-01-30 00:00:00,CAL,California,OTH,Other,-3684,megawatthours
2026-01-30 00:00:00,CAL,California,OTH,Other,-3684,megawatthours
2026-01-30 01:00:00,CAL,California,OTH,Other,1637,megawatthours
2026-01-30 02:00:00,CAL,California,OTH,Other,6417,megawatthours
2026-01-30 03:00:00,CAL,California,OTH,Other,6406,megawatthours
2026-01-30 04:00:00,CAL,California,OTH,Other,5884,megawatthours
2026-01-30 05:00:00,CAL,California,OTH,Other,5721,megawatthours
2026-01-30 06:00:00,CAL,California,OTH,Other,4959,megawatthours
2026-01-30 07:00:00,CAL,California,OTH,Other,2614,megawatthours
2026-01-30 08:00:00,CAL,California,OTH,Other,1149,megawatthours
2026-01-30 09:00:00,CAL,California,OTH,Other,764,megawatthours
2026-01-30 10:00:00,CAL,California,OTH,Other,-223,megawatthours
2026-01-30 11:00:00,CAL,California,OTH,Other,-373,megawatthours
2026-01-30 12:00:00,CAL,California,OTH,Other,-548,megawatthours
2026-01-30 13:00:00,CAL,California,OTH,Other,98,megawatthours
2026-01-30 14:00:00,CAL,California,OTH,Other,1200,megawatthours
2026-01-30 15:00:00,CAL,California,OTH,Other,3185,megawatthours
2026-01-30 16:00:00,CAL,California,OTH,Other,1248,megawatthours
2026-01-30 17:00:00,CAL,California,OTH,Other,-3032,megawatthours
2026-01-30 18:00:00,CAL,California,OTH,Other,-5770,megawatthours
2026-01-30 19:00:00,CAL,California,OTH,Other,-6056,megawatthours
2026-01-30 20:00:00,CAL,California,OTH,Other,-7148,megawatthours
2026-01-30 21:00:00,CAL,California,OTH,Other,-7319,megawatthours
2026-01-30 22:00:00,CAL,California,OTH,Other,-8002,megawatthours
2026-01-30 23:00:00,CAL,California,OTH,Other,-7999,megawatthours
2026-01-31 00:00:00,CAL,California,OTH,Other,-2337,megawatthours
2026-01-31 00:00:00,CAL,California,OTH,Other,-2337,megawatthours
2026-01-31 01:00:00,CAL,California,OTH,Other,2751,megawatthours
2026-01-31 02:00:00,CAL,California,OTH,Other,6809,megawatthours
2026-01-31 03:00:00,CAL,California,OTH,Other,6449,megawatthours
2026-01-31 04:00:00,CAL,California,OTH,Other,5876,megawatthours
2026-01-31 05:00:00,CAL,California,OTH,Other,4729,megawatthours
2026-01-31 06:00:00,CAL,California,OTH,Other,3626,megawatthours
2026-01-31 07:00:00,CAL,California,OTH,Other,2177,megawatthours
2026-01-31 08:00:00,CAL,California,OTH,Other,1109,megawatthours
2026-01-31 09:00:00,CAL,California,OTH,Other,384,megawatthours
2026-01-31 10:00:00,CAL,California,OTH,Other,-1,megawatthours
2026-01-31 11:00:00,CAL,California,OTH,Other,-105,megawatthours
2026-01-31 12:00:00,CAL,California,OTH,Other,-45,megawatthours
2026-01-31 13:00:00,CAL,California,OTH,Other,746,megawatthours
2026-01-31 14:00:00,CAL,California,OTH,Other,1287,megawatthours
2026-01-31 15:00:00,CAL,California,OTH,Other,3324,megawatthours
2026-01-31 16:00:00,CAL,California,OTH,Other,1015,megawatthours
2026-01-31 17:00:00,CAL,California,OTH,Other,-2123,megawatthours
2026-01-31 18:00:00,CAL,California,OTH,Other,-5093,megawatthours
2026-01-31 19:00:00,CAL,California,OTH,Other,-6477,megawatthours
2026-01-31 20:00:00,CAL,California,OTH,Other,-7720,megawatthours
2026-01-31 21:00:00,CAL,California,OTH,Other,-8726,megawatthours
2026-01-31 22:00:00,CAL,California,OTH,Other,-8271,megawatthours
2026-01-31 23:00:00,CAL,California,OTH,Other,-6718,megawatthours
2026-02-01 00:00:00,CAL,California,OTH,Other,-2344,megawatthours
2026-02-01 00:00:00,CAL,California,OTH,Other,-2344,megawatthours
2026-02-01 01:00:00,CAL,California,OTH,Other,2178,megawatthours
2026-02-01 02:00:00,CAL,California,OTH,Other,6482,megawatthours
2026-02-01 03:00:00,CAL,California,OTH,Other,6122,megawatthours
2026-02-01 04:00:00,CAL,California,OTH,Other,5428,megawatthours
2026-02-01 05:00:00,CAL,California,OTH,Other,5156,megawatthours
2026-02-01 06:00:00,CAL,California,OTH,Other,4900,megawatthours
2026-02-01 07:00:00,CAL,California,OTH,Other,3483,megawatthours
2026-02-01 08:00:00,CAL,California,OTH,Other,2324,megawatthours
2026-02-01 09:00:00,CAL,California,OTH,Other,1340,megawatthours
2026-02-01 10:00:00,CAL,California,OTH,Other,643,megawatthours
2026-02-01 11:00:00,CAL,California,OTH,Other,400,megawatthours
2026-02-01 12:00:00,CAL,California,OTH,Other,491,megawatthours
2026-02-01 13:00:00,CAL,California,OTH,Other,555,megawatthours
2026-02-01 14:00:00,CAL,California,OTH,Other,853,megawatthours
2026-02-01 15:00:00,CAL,California,OTH,Other,855,megawatthours
2026-02-01 16:00:00,CAL,California,OTH,Other,398,megawatthours
2026-02-01 17:00:00,CAL,California,OTH,Other,-3606,megawatthours
2026-02-01 18:00:00,CAL,California,OTH,Other,-6069,megawatthours
2026-02-01 19:00:00,CAL,California,OTH,Other,-7393,megawatthours
2026-02-01 20:00:00,CAL,California,OTH,Other,-8120,megawatthours
2026-02-01 21:00:00,CAL,California,OTH,Other,-8807,megawatthours
2026-02-01 22:00:00,CAL,California,OTH,Other,-7776,megawatthours
2026-02-01 23:00:00,CAL,California,OTH,Other,-4785,megawatthours
2026-02-02 00:00:00,CAL,California,OTH,Other,-1442,megawatthours
2026-02-02 00:00:00,CAL,California,OTH,Other,-1442,megawatthours
2026-02-02 01:00:00,CAL,California,OTH,Other,1920,megawatthours
2026-02-02 02:00:00,CAL,California,OTH,Other,6055,megawatthours
2026-02-02 03:00:00,CAL,California,OTH,Other,6112,megawatthours
2026-02-02 04:00:00,CAL,California,OTH,Other,5004,megawatthours
2026-02-02 05:00:00,CAL,California,OTH,Other,4580,megawatthours
2026-02-02 06:00:00,CAL,California,OTH,Other,3736,megawatthours
2026-02-02 07:00:00,CAL,California,OTH,Other,1644,megawatthours
2026-02-02 08:00:00,CAL,California,OTH,Other,613,megawatthours
2026-02-02 09:00:00,CAL,California,OTH,Other,103,megawatthours
2026-02-02 10:00:00,CAL,California,OTH,Other,-303,megawatthours
2026-02-02 11:00:00,CAL,California,OTH,Other,-1102,megawatthours
2026-02-02 12:00:00,CAL,California,OTH,Other,-377,megawatthours
2026-02-02 13:00:00,CAL,California,OTH,Other,463,megawatthours
2026-02-02 14:00:00,CAL,California,OTH,Other,2529,megawatthours
2026-02-02 15:00:00,CAL,California,OTH,Other,5404,megawatthours
2026-02-02 16:00:00,CAL,California,OTH,Other,3514,megawatthours
2026-02-02 17:00:00,CAL,California,OTH,Other,-1200,megawatthours
2026-02-02 18:00:00,CAL,California,OTH,Other,-4470,megawatthours
2026-02-02 19:00:00,CAL,California,OTH,Other,-6070,megawatthours
2026-02-02 20:00:00,CAL,California,OTH,Other,-7038,megawatthours
2026-02-02 21:00:00,CAL,California,OTH,Other,-7641,megawatthours
2026-02-02 22:00:00,CAL,California,OTH,Other,-7618,megawatthours
2026-02-02 23:00:00,CAL,California,OTH,Other,-6281,megawatthours
2026-02-03 00:00:00,CAL,California,OTH,Other,-2582,megawatthours
2026-02-03 00:00:00,CAL,California,OTH,Other,-2582,megawatthours
2026-02-03 01:00:00,CAL,California,OTH,Other,1395,megawatthours
2026-02-03 02:00:00,CAL,California,OTH,Other,5587,megawatthours
2026-02-03 03:00:00,CAL,California,OTH,Other,5896,megawatthours
2026-02-03 04:00:00,CAL,California,OTH,Other,5653,megawatthours
2026-02-03 05:00:00,CAL,California,OTH,Other,5551,megawatthours
2026-02-03 06:00:00,CAL,California,OTH,Other,5204,megawatthours
2026-02-03 07:00:00,CAL,California,OTH,Other,3614,megawatthours
2026-02-03 08:00:00,CAL,California,OTH,Other,1849,megawatthours
2026-02-03 09:00:00,CAL,California,OTH,Other,610,megawatthours
2026-02-03 10:00:00,CAL,California,OTH,Other,232,megawatthours
2026-02-03 11:00:00,CAL,California,OTH,Other,-602,megawatthours
2026-02-03 12:00:00,CAL,California,OTH,Other,-277,megawatthours
2026-02-03 13:00:00,CAL,California,OTH,Other,-20,megawatthours
2026-02-03 14:00:00,CAL,California,OTH,Other,1427,megawatthours
2026-02-03 15:00:00,CAL,California,OTH,Other,4238,megawatthours
2026-02-03 16:00:00,CAL,California,OTH,Other,978,megawatthours
2026-02-03 17:00:00,CAL,California,OTH,Other,-2546,megawatthours
2026-02-03 18:00:00,CAL,California,OTH,Other,-5478,megawatthours
2026-02-03 19:00:00,CAL,California,OTH,Other,-6824,megawatthours
2026-02-03 20:00:00,CAL,California,OTH,Other,-8054,megawatthours
2026-02-03 21:00:00,CAL,California,OTH,Other,-8360,megawatthours
2026-02-03 22:00:00,CAL,California,OTH,Other,-8716,megawatthours
2026-02-03 23:00:00,CAL,California,OTH,Other,-6726,megawatthours
2026-02-04 00:00:00,CAL,California,OTH,Other,-2512,megawatthours
2026-02-04 00:00:00,CAL,California,OTH,Other,-2512,megawatthours
2026-02-04 01:00:00,CAL,California,OTH,Other,2486,megawatthours
2026-02-04 02:00:00,CAL,California,OTH,Other,7369,megawatthours
2026-02-04 03:00:00,CAL,California,OTH,Other,7274,megawatthours
2026-02-04 04:00:00,CAL,California,OTH,Other,6545,megawatthours
2026-02-04 05:00:00,CAL,California,OTH,Other,5630,megawatthours
2026-02-04 06:00:00,CAL,California,OTH,Other,4394,megawatthours
2026-02-04 07:00:00,CAL,California,OTH,Other,1913,megawatthours
2026-02-04 08:00:00,CAL,California,OTH,Other,1309,megawatthours
2026-02-04 09:00:00,CAL,California,OTH,Other,333,megawatthours
2026-02-04 10:00:00,CAL,California,OTH,Other,-141,megawatthours
2026-02-04 11:00:00,CAL,California,OTH,Other,-737,megawatthours
2026-02-04 12:00:00,CAL,California,OTH,Other,-906,megawatthours
2026-02-04 13:00:00,CAL,California,OTH,Other,-270,megawatthours
2026-02-04 14:00:00,CAL,California,OTH,Other,1286,megawatthours
2026-02-04 15:00:00,CAL,California,OTH,Other,3977,megawatthours
2026-02-04 16:00:00,CAL,California,OTH,Other,1010,megawatthours
2026-02-04 17:00:00,CAL,California,OTH,Other,-2814,megawatthours
2026-02-04 18:00:00,CAL,California,OTH,Other,-5945,megawatthours
2026-02-04 19:00:00,CAL,California,OTH,Other,-7254,megawatthours
2026-02-04 20:00:00,CAL,California,OTH,Other,-8412,megawatthours
2026-02-04 21:00:00,CAL,California,OTH,Other,-7743,megawatthours
2026-02-04 22:00:00,CAL,California,OTH,Other,-7662,megawatthours
2026-02-04 23:00:00,CAL,California,OTH,Other,-5191,megawatthours
2026-02-05 00:00:00,CAL,California,OTH,Other,-1956,megawatthours
2026-02-05 00:00:00,CAL,California,OTH,Other,-1956,megawatthours
2026-02-05 01:00:00,CAL,California,OTH,Other,2138,megawatthours
2026-02-05 02:00:00,CAL,California,OTH,Other,7189,megawatthours
2026-02-05 03:00:00,CAL,California,OTH,Other,7149,megawatthours
2026-02-05 04:00:00,CAL,California,OTH,Other,5903,megawatthours
2026-02-05 05:00:00,CAL,California,OTH,Other,5252,megawatthours
2026-02-05 06:00:00,CAL,California,OTH,Other,4216,megawatthours
2026-02-05 07:00:00,CAL,California,OTH,Other,2098,megawatthours
2026-02-05 08:00:00,CAL,California,OTH,Other,853,megawatthours
2026-02-05 09:00:00,CAL,California,OTH,Other,324,megawatthours
2026-02-05 10:00:00,CAL,California,OTH,Other,-65,megawatthours
2026-02-05 11:00:00,CAL,California,OTH,Other,-196,megawatthours
2026-02-05 12:00:00,CAL,California,OTH,Other,-165,megawatthours
2026-02-05 13:00:00,CAL,California,OTH,Other,117,megawatthours
2026-02-05 14:00:00,CAL,California,OTH,Other,1000,megawatthours
2026-02-05 15:00:00,CAL,California,OTH,Other,3390,megawatthours
2026-02-05 16:00:00,CAL,California,OTH,Other,1586,megawatthours
2026-02-05 17:00:00,CAL,California,OTH,Other,-2070,megawatthours
2026-02-05 18:00:00,CAL,California,OTH,Other,-4891,megawatthours
2026-02-05 19:00:00,CAL,California,OTH,Other,-6198,megawatthours
2026-02-05 20:00:00,CAL,California,OTH,Other,-6924,megawatthours
2026-02-05 21:00:00,CAL,California,OTH,Other,-6621,megawatthours
2026-02-05 22:00:00,CAL,California,OTH,Other,-3194,megawatthours
2026-02-05 23:00:00,CAL,California,OTH,Other,-419,megawatthours
2026-02-06 00:00:00,CAL,California,OTH,Other,2549,megawatthours
2026-02-06 00:00:00,CAL,California,OTH,Other,2549,megawatthours
2026-02-06 01:00:00,CAL,California,OTH,Other,3730,megawatthours
2026-02-06 02:00:00,CAL,California,OTH,Other,5892,megawatthours
2026-02-06 03:00:00,CAL,California,OTH,Other,5580,megawatthours
2026-02-06 04:00:00,CAL,California,OTH,Other,4343,megawatthours
2026-02-06 05:00:00,CAL,California,OTH,Other,3092,megawatthours
2026-02-06 06:00:00,CAL,California,OTH,Other,2235,megawatthours
2026-02-06 07:00:00,CAL,California,OTH,Other,357,megawatthours
2026-02-06 08:00:00,CAL,California,OTH,Other,109,megawatthours
2026-02-06 09:00:00,CAL,California,OTH,Other,-48,megawatthours
2026-02-06 10:00:00,CAL,California,OTH,Other,-183,megawatthours
2026-02-06 11:00:00,CAL,California,OTH,Other,-222,megawatthours
2026-02-06 12:00:00,CAL,California,OTH,Other,-246,megawatthours
2026-02-06 13:00:00,CAL,California,OTH,Other,-131,megawatthours
2026-02-06 14:00:00,CAL,California,OTH,Other,65,megawatthours
2026-02-06 15:00:00,CAL,California,OTH,Other,2042,megawatthours
2026-02-06 16:00:00,CAL,California,OTH,Other,247,megawatthours
2026-02-06 17:00:00,CAL,California,OTH,Other,-2264,megawatthours
2026-02-06 18:00:00,CAL,California,OTH,Other,-4989,megawatthours
2026-02-06 19:00:00,CAL,California,OTH,Other,-7775,megawatthours
2026-02-06 20:00:00,CAL,California,OTH,Other,-8278,megawatthours
2026-02-06 21:00:00,CAL,California,OTH,Other,-8147,megawatthours
2026-02-06 22:00:00,CAL,California,OTH,Other,-7501,megawatthours
2026-02-06 23:00:00,CAL,California,OTH,Other,-5296,megawatthours
2026-02-07 00:00:00,CAL,California,OTH,Other,-3218,megawatthours
2026-02-07 00:00:00,CAL,California,OTH,Other,-3218,megawatthours
2026-02-07 01:00:00,CAL,California,OTH,Other,1034,megawatthours
2026-02-07 02:00:00,CAL,California,OTH,Other,5394,megawatthours
2026-02-07 03:00:00,CAL,California,OTH,Other,5621,megawatthours
2026-02-07 04:00:00,CAL,California,OTH,Other,4521,megawatthours
2026-02-07 05:00:00,CAL,California,OTH,Other,4350,megawatthours
2026-02-07 06:00:00,CAL,California,OTH,Other,3733,megawatthours
2026-02-07 07:00:00,CAL,California,OTH,Other,2501,megawatthours
2026-02-07 08:00:00,CAL,California,OTH,Other,1388,megawatthours
2026-02-07 09:00:00,CAL,California,OTH,Other,585,megawatthours
2026-02-07 10:00:00,CAL,California,OTH,Other,56,megawatthours
2026-02-07 11:00:00,CAL,California,OTH,Other,-90,megawatthours
2026-02-07 12:00:00,CAL,California,OTH,Other,128,megawatthours
2026-02-07 13:00:00,CAL,California,OTH,Other,516,megawatthours
2026-02-07 14:00:00,CAL,California,OTH,Other,1912,megawatthours
2026-02-07 15:00:00,CAL,California,OTH,Other,3207,megawatthours
2026-02-07 16:00:00,CAL,California,OTH,Other,1491,megawatthours
2026-02-07 17:00:00,CAL,California,OTH,Other,-1878,megawatthours
2026-02-07 18:00:00,CAL,California,OTH,Other,-4186,megawatthours
2026-02-07 19:00:00,CAL,California,OTH,Other,-6030,megawatthours
2026-02-07 20:00:00,CAL,California,OTH,Other,-7573,megawatthours
2026-02-07 21:00:00,CAL,California,OTH,Other,-7665,megawatthours
2026-02-07 22:00:00,CAL,California,OTH,Other,-7322,megawatthours
2026-02-07 23:00:00,CAL,California,OTH,Other,-5989,megawatthours
2026-02-08 00:00:00,CAL,California,OTH,Other,-3009,megawatthours
2026-02-08 00:00:00,CAL,California,OTH,Other,-3009,megawatthours
2026-02-08 01:00:00,CAL,California,OTH,Other,1415,megawatthours
2026-02-08 02:00:00,CAL,California,OTH,Other,5702,megawatthours
2026-02-08 03:00:00,CAL,California,OTH,Other,6011,megawatthours
2026-02-08 04:00:00,CAL,California,OTH,Other,5565,megawatthours
2026-02-08 05:00:00,CAL,California,OTH,Other,5271,megawatthours
2026-02-08 06:00:00,CAL,California,OTH,Other,4745,megawatthours
2026-02-08 07:00:00,CAL,California,OTH,Other,3174,megawatthours
2026-02-08 08:00:00,CAL,California,OTH,Other,2076,megawatthours
2026-02-08 09:00:00,CAL,California,OTH,Other,999,megawatthours
2026-02-08 10:00:00,CAL,California,OTH,Other,423,megawatthours
2026-02-08 11:00:00,CAL,California,OTH,Other,143,megawatthours
2026-02-08 12:00:00,CAL,California,OTH,Other,134,megawatthours
2026-02-08 13:00:00,CAL,California,OTH,Other,579,megawatthours
2026-02-08 14:00:00,CAL,California,OTH,Other,1563,megawatthours
2026-02-08 15:00:00,CAL,California,OTH,Other,2849,megawatthours
2026-02-08 16:00:00,CAL,California,OTH,Other,6,megawatthours
2026-02-08 17:00:00,CAL,California,OTH,Other,-3434,megawatthours
2026-02-08 18:00:00,CAL,California,OTH,Other,-5830,megawatthours
2026-02-08 19:00:00,CAL,California,OTH,Other,-6814,megawatthours
2026-02-08 20:00:00,CAL,California,OTH,Other,-7621,megawatthours
2026-02-08 21:00:00,CAL,California,OTH,Other,-7358,megawatthours
2026-02-08 22:00:00,CAL,California,OTH,Other,-7243,megawatthours
2026-02-08 23:00:00,CAL,California,OTH,Other,-5570,megawatthours
2026-02-09 00:00:00,CAL,California,OTH,Other,-2537,megawatthours
2026-02-09 00:00:00,CAL,California,OTH,Other,-2537,megawatthours
2026-02-09 01:00:00,CAL,California,OTH,Other,1296,megawatthours
2026-02-09 02:00:00,CAL,California,OTH,Other,5733,megawatthours
2026-02-09 03:00:00,CAL,California,OTH,Other,6005,megawatthours
2026-02-09 04:00:00,CAL,California,OTH,Other,5396,megawatthours
2026-02-09 05:00:00,CAL,California,OTH,Other,4657,megawatthours
2026-02-09 06:00:00,CAL,California,OTH,Other,3973,megawatthours
2026-02-09 07:00:00,CAL,California,OTH,Other,2589,megawatthours
2026-02-09 08:00:00,CAL,California,OTH,Other,1326,megawatthours
2026-02-09 09:00:00,CAL,California,OTH,Other,1339,megawatthours
2026-02-09 10:00:00,CAL,California,OTH,Other,871,megawatthours
2026-02-09 11:00:00,CAL,California,OTH,Other,471,megawatthours
2026-02-09 12:00:00,CAL,California,OTH,Other,247,megawatthours
2026-02-09 13:00:00,CAL,California,OTH,Other,309,megawatthours
2026-02-09 14:00:00,CAL,California,OTH,Other,1978,megawatthours
2026-02-09 15:00:00,CAL,California,OTH,Other,3462,megawatthours
2026-02-09 16:00:00,CAL,California,OTH,Other,661,megawatthours
2026-02-09 17:00:00,CAL,California,OTH,Other,-3524,megawatthours
2026-02-09 18:00:00,CAL,California,OTH,Other,-5598,megawatthours
2026-02-09 19:00:00,CAL,California,OTH,Other,-7176,megawatthours
2026-02-09 20:00:00,CAL,California,OTH,Other,-7823,megawatthours
2026-02-09 21:00:00,CAL,California,OTH,Other,-6305,megawatthours
2026-02-09 22:00:00,CAL,California,OTH,Other,-5469,megawatthours
2026-02-09 23:00:00,CAL,California,OTH,Other,-3971,megawatthours
2026-02-10 00:00:00,CAL,California,OTH,Other,-3970,megawatthours
2026-02-10 00:00:00,CAL,California,OTH,Other,-3970,megawatthours
2026-02-10 01:00:00,CAL,California,OTH,Other,1292,megawatthours
2026-02-10 02:00:00,CAL,California,OTH,Other,5922,megawatthours
2026-02-10 03:00:00,CAL,California,OTH,Other,6089,megawatthours
2026-02-10 04:00:00,CAL,California,OTH,Other,5145,megawatthours
2026-02-10 05:00:00,CAL,California,OTH,Other,4666,megawatthours
2026-02-10 06:00:00,CAL,California,OTH,Other,3472,megawatthours
2026-02-10 07:00:00,CAL,California,OTH,Other,1360,megawatthours
2026-02-10 08:00:00,CAL,California,OTH,Other,239,megawatthours
2026-02-10 09:00:00,CAL,California,OTH,Other,207,megawatthours
2026-02-10 10:00:00,CAL,California,OTH,Other,57,megawatthours
2026-02-10 11:00:00,CAL,California,OTH,Other,-358,megawatthours
2026-02-10 12:00:00,CAL,California,OTH,Other,-209,megawatthours
2026-02-10 13:00:00,CAL,California,OTH,Other,-283,megawatthours
2026-02-10 14:00:00,CAL,California,OTH,Other,1008,megawatthours
2026-02-10 15:00:00,CAL,California,OTH,Other,3096,megawatthours
2026-02-10 16:00:00,CAL,California,OTH,Other,1813,megawatthours
2026-02-10 17:00:00,CAL,California,OTH,Other,-626,megawatthours
2026-02-10 18:00:00,CAL,California,OTH,Other,-1396,megawatthours
2026-02-10 19:00:00,CAL,California,OTH,Other,-2868,megawatthours
2026-02-10 20:00:00,CAL,California,OTH,Other,-3967,megawatthours
2026-02-10 21:00:00,CAL,California,OTH,Other,-4915,megawatthours
2026-02-10 22:00:00,CAL,California,OTH,Other,-5530,megawatthours
2026-02-10 23:00:00,CAL,California,OTH,Other,-3091,megawatthours
2026-02-11 00:00:00,CAL,California,OTH,Other,-206,megawatthours
2026-02-11 00:00:00,CAL,California,OTH,Other,-206,megawatthours
2026-02-11 01:00:00,CAL,California,OTH,Other,1370,megawatthours
2026-02-11 02:00:00,CAL,California,OTH,Other,2977,megawatthours
2026-02-11 03:00:00,CAL,California,OTH,Other,3141,megawatthours
2026-02-11 04:00:00,CAL,California,OTH,Other,2709,megawatthours
2026-02-11 05:00:00,CAL,California,OTH,Other,2122,megawatthours
2026-02-11 06:00:00,CAL,California,OTH,Other,1825,megawatthours
2026-02-11 07:00:00,CAL,California,OTH,Other,903,megawatthours
2026-02-11 08:00:00,CAL,California,OTH,Other,496,megawatthours
2026-02-11 09:00:00,CAL,California,OTH,Other,181,megawatthours
2026-02-11 10:00:00,CAL,California,OTH,Other,-366,megawatthours
2026-02-11 11:00:00,CAL,California,OTH,Other,-1161,megawatthours
2026-02-11 12:00:00,CAL,California,OTH,Other,-1182,megawatthours
2026-02-11 13:00:00,CAL,California,OTH,Other,-880,megawatthours
2026-02-11 14:00:00,CAL,California,OTH,Other,404,megawatthours
2026-02-11 15:00:00,CAL,California,OTH,Other,3130,megawatthours
2026-02-11 16:00:00,CAL,California,OTH,Other,3148,megawatthours
2026-02-11 17:00:00,CAL,California,OTH,Other,-677,megawatthours
2026-02-11 18:00:00,CAL,California,OTH,Other,-2582,megawatthours
2026-02-11 19:00:00,CAL,California,OTH,Other,-4531,megawatthours
2026-02-11 20:00:00,CAL,California,OTH,Other,-5710,megawatthours
2026-02-11 21:00:00,CAL,California,OTH,Other,-5739,megawatthours
2026-02-11 22:00:00,CAL,California,OTH,Other,-6349,megawatthours
2026-02-11 23:00:00,CAL,California,OTH,Other,-4858,megawatthours
2026-02-12 00:00:00,CAL,California,OTH,Other,-2857,megawatthours
2026-02-12 00:00:00,CAL,California,OTH,Other,-2857,megawatthours
2026-02-12 01:00:00,CAL,California,OTH,Other,-141,megawatthours
2026-02-12 02:00:00,CAL,California,OTH,Other,4165,megawatthours
2026-02-12 03:00:00,CAL,California,OTH,Other,4761,megawatthours
2026-02-12 04:00:00,CAL,California,OTH,Other,4643,megawatthours
2026-02-12 05:00:00,CAL,California,OTH,Other,3445,megawatthours
2026-02-12 06:00:00,CAL,California,OTH,Other,2715,megawatthours
2026-02-12 07:00:00,CAL,California,OTH,Other,1328,megawatthours
2026-02-12 08:00:00,CAL,California,OTH,Other,715,megawatthours
2026-02-12 09:00:00,CAL,California,OTH,Other,626,megawatthours
2026-02-12 10:00:00,CAL,California,OTH,Other,393,megawatthours
2026-02-12 11:00:00,CAL,California,OTH,Other,-7,megawatthours
2026-02-12 12:00:00,CAL,California,OTH,Other,222,megawatthours
2026-02-12 13:00:00,CAL,California,OTH,Other,577,megawatthours
2026-02-12 14:00:00,CAL,California,OTH,Other,1849,megawatthours
2026-02-12 15:00:00,CAL,California,OTH,Other,4298,megawatthours
2026-02-12 16:00:00,CAL,California,OTH,Other,1467,megawatthours
2026-02-12 17:00:00,CAL,California,OTH,Other,-2737,megawatthours
2026-02-12 18:00:00,CAL,California,OTH,Other,-5398,megawatthours
2026-02-12 19:00:00,CAL,California,OTH,Other,-7039,megawatthours
2026-02-12 20:00:00,CAL,California,OTH,Other,-8325,megawatthours
2026-02-12 21:00:00,CAL,California,OTH,Other,-8751,megawatthours
2026-02-12 22:00:00,CAL,California,OTH,Other,-7078,megawatthours
2026-02-12 23:00:00,CAL,California,OTH,Other,-4324,megawatthours
2026-02-13 00:00:00,CAL,California,OTH,Other,-1764,megawatthours
2026-02-13 00:00:00,CAL,California,OTH,Other,-1764,megawatthours
2026-02-13 01:00:00,CAL,California,OTH,Other,1791,megawatthours
2026-02-13 02:00:00,CAL,California,OTH,Other,6933,megawatthours
2026-02-13 03:00:00,CAL,California,OTH,Other,6869,megawatthours
2026-02-13 04:00:00,CAL,California,OTH,Other,6257,megawatthours
2026-02-13 05:00:00,CAL,California,OTH,Other,5719,megawatthours
2026-02-13 06:00:00,CAL,California,OTH,Other,4906,megawatthours
2026-02-13 07:00:00,CAL,California,OTH,Other,2801,megawatthours
2026-02-13 08:00:00,CAL,California,OTH,Other,814,megawatthours
2026-02-13 09:00:00,CAL,California,OTH,Other,115,megawatthours
2026-02-13 10:00:00,CAL,California,OTH,Other,-506,megawatthours
2026-02-13 11:00:00,CAL,California,OTH,Other,-24,megawatthours
2026-02-13 12:00:00,CAL,California,OTH,Other,-57,megawatthours
2026-02-13 13:00:00,CAL,California,OTH,Other,236,megawatthours
2026-02-13 14:00:00,CAL,California,OTH,Other,521,megawatthours
2026-02-13 15:00:00,CAL,California,OTH,Other,3318,megawatthours
2026-02-13 16:00:00,CAL,California,OTH,Other,1461,megawatthours
2026-02-13 17:00:00,CAL,California,OTH,Other,-527,megawatthours
2026-02-13 18:00:00,CAL,California,OTH,Other,-2425,megawatthours
2026-02-13 19:00:00,CAL,California,OTH,Other,-5027,megawatthours
2026-02-13 20:00:00,CAL,California,OTH,Other,-7393,megawatthours
2026-02-13 21:00:00,CAL,California,OTH,Other,-8133,megawatthours
2026-02-13 22:00:00,CAL,California,OTH,Other,-8127,megawatthours
2026-02-13 23:00:00,CAL,California,OTH,Other,-7821,megawatthours
2026-02-14 00:00:00,CAL,California,OTH,Other,-4994,megawatthours
2026-02-14 00:00:00,CAL,California,OTH,Other,-4994,megawatthours
2026-02-14 01:00:00,CAL,California,OTH,Other,680,megawatthours
2026-02-14 02:00:00,CAL,California,OTH,Other,6702,megawatthours
2026-02-14 03:00:00,CAL,California,OTH,Other,7124,megawatthours
2026-02-14 04:00:00,CAL,California,OTH,Other,6000,megawatthours
2026-02-14 05:00:00,CAL,California,OTH,Other,5641,megawatthours
2026-02-14 06:00:00,CAL,California,OTH,Other,4906,megawatthours
2026-02-14 07:00:00,CAL,California,OTH,Other,3136,megawatthours
2026-02-14 08:00:00,CAL,California,OTH,Other,2203,megawatthours
2026-02-14 09:00:00,CAL,California,OTH,Other,769,megawatthours
2026-02-14 10:00:00,CAL,California,OTH,Other,566,megawatthours
2026-02-14 11:00:00,CAL,California,OTH,Other,11,megawatthours
2026-02-14 12:00:00,CAL,California,OTH,Other,52,megawatthours
2026-02-14 13:00:00,CAL,California,OTH,Other,-83,megawatthours
2026-02-14 14:00:00,CAL,California,OTH,Other,163,megawatthours
2026-02-14 15:00:00,CAL,California,OTH,Other,1481,megawatthours
2026-02-14 16:00:00,CAL,California,OTH,Other,-1155,megawatthours
2026-02-14 17:00:00,CAL,California,OTH,Other,-4363,megawatthours
2026-02-14 18:00:00,CAL,California,OTH,Other,-7399,megawatthours
2026-02-14 19:00:00,CAL,California,OTH,Other,-8047,megawatthours
2026-02-14 20:00:00,CAL,California,OTH,Other,-8793,megawatthours
2026-02-14 21:00:00,CAL,California,OTH,Other,-8207,megawatthours
2026-02-14 22:00:00,CAL,California,OTH,Other,-6708,megawatthours
2026-02-14 23:00:00,CAL,California,OTH,Other,-3672,megawatthours
2026-02-15 00:00:00,CAL,California,OTH,Other,-1500,megawatthours
2026-02-15 00:00:00,CAL,California,OTH,Other,-1500,megawatthours
2026-02-15 01:00:00,CAL,California,OTH,Other,1297,megawatthours
2026-02-15 02:00:00,CAL,California,OTH,Other,5614,megawatthours
2026-02-15 03:00:00,CAL,California,OTH,Other,5632,megawatthours
2026-02-15 04:00:00,CAL,California,OTH,Other,5667,megawatthours
2026-02-15 05:00:00,CAL,California,OTH,Other,5280,megawatthours
2026-02-15 06:00:00,CAL,California,OTH,Other,5186,megawatthours
2026-02-15 07:00:00,CAL,California,OTH,Other,3720,megawatthours
2026-02-15 08:00:00,CAL,California,OTH,Other,2492,megawatthours
2026-02-15 09:00:00,CAL,California,OTH,Other,1738,megawatthours
2026-02-15 10:00:00,CAL,California,OTH,Other,1250,megawatthours
2026-02-15 11:00:00,CAL,California,OTH,Other,752,megawatthours
2026-02-15 12:00:00,CAL,California,OTH,Other,558,megawatthours
2026-02-15 13:00:00,CAL,California,OTH,Other,280,megawatthours
2026-02-15 14:00:00,CAL,California,OTH,Other,655,megawatthours
2026-02-15 15:00:00,CAL,California,OTH,Other,1839,megawatthours
2026-02-15 16:00:00,CAL,California,OTH,Other,345,megawatthours
2026-02-15 17:00:00,CAL,California,OTH,Other,-1667,megawatthours
2026-02-15 18:00:00,CAL,California,OTH,Other,-5297,megawatthours
2026-02-15 19:00:00,CAL,California,OTH,Other,-6819,megawatthours
2026-02-15 20:00:00,CAL,California,OTH,Other,-8580,megawatthours
2026-02-15 21:00:00,CAL,California,OTH,Other,-8444,megawatthours
2026-02-15 22:00:00,CAL,California,OTH,Other,-7288,megawatthours
2026-02-15 23:00:00,CAL,California,OTH,Other,-4685,megawatthours
2026-02-16 00:00:00,CAL,California,OTH,Other,-2033,megawatthours
2026-02-16 00:00:00,CAL,California,OTH,Other,-2033,megawatthours
2026-02-16 01:00:00,CAL,California,OTH,Other,1917,megawatthours
2026-02-16 02:00:00,CAL,California,OTH,Other,5140,megawatthours
2026-02-16 03:00:00,CAL,California,OTH,Other,5485,megawatthours
2026-02-16 04:00:00,CAL,California,OTH,Other,4835,megawatthours
2026-02-16 05:00:00,CAL,California,OTH,Other,4476,megawatthours
2026-02-16 06:00:00,CAL,California,OTH,Other,4138,megawatthours
2026-02-16 07:00:00,CAL,California,OTH,Other,2356,megawatthours
2026-02-16 08:00:00,CAL,California,OTH,Other,816,megawatthours
2026-02-16 09:00:00,CAL,California,OTH,Other,-262,megawatthours
2026-02-16 10:00:00,CAL,California,OTH,Other,-818,megawatthours
2026-02-16 11:00:00,CAL,California,OTH,Other,-1194,megawatthours
2026-02-16 12:00:00,CAL,California,OTH,Other,-1195,megawatthours
2026-02-16 13:00:00,CAL,California,OTH,Other,-1616,megawatthours
2026-02-16 14:00:00,CAL,California,OTH,Other,-579,megawatthours
2026-02-16 15:00:00,CAL,California,OTH,Other,1106,megawatthours
2026-02-16 16:00:00,CAL,California,OTH,Other,1565,megawatthours
2026-02-16 17:00:00,CAL,California,OTH,Other,786,megawatthours
2026-02-16 18:00:00,CAL,California,OTH,Other,-693,megawatthours
2026-02-16 19:00:00,CAL,California,OTH,Other,-1449,megawatthours
2026-02-16 20:00:00,CAL,California,OTH,Other,-2587,megawatthours
2026-02-16 21:00:00,CAL,California,OTH,Other,-3542,megawatthours
2026-02-16 22:00:00,CAL,California,OTH,Other,-3039,megawatthours
2026-02-16 23:00:00,CAL,California,OTH,Other,-276,megawatthours
2026-02-17 00:00:00,CAL,California,OTH,Other,45,megawatthours
2026-02-17 00:00:00,CAL,California,OTH,Other,45,megawatthours
2026-02-17 01:00:00,CAL,California,OTH,Other,247,megawatthours
2026-02-17 02:00:00,CAL,California,OTH,Other,2609,megawatthours
2026-02-17 03:00:00,CAL,California,OTH,Other,3305,megawatthours
2026-02-17 04:00:00,CAL,California,OTH,Other,2955,megawatthours
2026-02-17 05:00:00,CAL,California,OTH,Other,2193,megawatthours
2026-02-17 06:00:00,CAL,California,OTH,Other,1152,megawatthours
2026-02-17 07:00:00,CAL,California,OTH,Other,-305,megawatthours
2026-02-17 08:00:00,CAL,California,OTH,Other,-658,megawatthours
2026-02-17 09:00:00,CAL,California,OTH,Other,-656,megawatthours
2026-02-17 10:00:00,CAL,California,OTH,Other,-806,megawatthours
2026-02-17 11:00:00,CAL,California,OTH,Other,-567,megawatthours
2026-02-17 12:00:00,CAL,California,OTH,Other,-309,megawatthours
2026-02-17 13:00:00,CAL,California,OTH,Other,296,megawatthours
2026-02-17 14:00:00,CAL,California,OTH,Other,1055,megawatthours
2026-02-17 15:00:00,CAL,California,OTH,Other,3075,megawatthours
2026-02-17 16:00:00,CAL,California,OTH,Other,282,megawatthours
2026-02-17 17:00:00,CAL,California,OTH,Other,-4355,megawatthours
2026-02-17 18:00:00,CAL,California,OTH,Other,-4863,megawatthours
2026-02-17 19:00:00,CAL,California,OTH,Other,-4738,megawatthours
2026-02-17 20:00:00,CAL,California,OTH,Other,-5324,megawatthours
2026-02-17 21:00:00,CAL,California,OTH,Other,-5524,megawatthours
2026-02-17 22:00:00,CAL,California,OTH,Other,-4768,megawatthours
2026-02-17 23:00:00,CAL,California,OTH,Other,-3327,megawatthours
2026-02-18 00:00:00,CAL,California,OTH,Other,-2138,megawatthours
2026-02-18 00:00:00,CAL,California,OTH,Other,-2138,megawatthours
2026-02-18 01:00:00,CAL,California,OTH,Other,1318,megawatthours
2026-02-18 02:00:00,CAL,California,OTH,Other,5475,megawatthours
2026-02-18 03:00:00,CAL,California,OTH,Other,6062,megawatthours
2026-02-18 04:00:00,CAL,California,OTH,Other,5456,megawatthours
2026-02-18 05:00:00,CAL,California,OTH,Other,5278,megawatthours
2026-02-18 06:00:00,CAL,California,OTH,Other,4385,megawatthours
2026-02-18 07:00:00,CAL,California,OTH,Other,2948,megawatthours
2026-02-18 08:00:00,CAL,California,OTH,Other,923,megawatthours
2026-02-18 09:00:00,CAL,California,OTH,Other,741,megawatthours
2026-02-18 10:00:00,CAL,California,OTH,Other,-203,megawatthours
2026-02-18 11:00:00,CAL,California,OTH,Other,-667,megawatthours
2026-02-18 12:00:00,CAL,California,OTH,Other,-612,megawatthours
2026-02-18 13:00:00,CAL,California,OTH,Other,-421,megawatthours
2026-02-18 14:00:00,CAL,California,OTH,Other,932,megawatthours
2026-02-18 15:00:00,CAL,California,OTH,Other,3631,megawatthours
2026-02-18 16:00:00,CAL,California,OTH,Other,1261,megawatthours
2026-02-18 17:00:00,CAL,California,OTH,Other,-1539,megawatthours
2026-02-18 18:00:00,CAL,California,OTH,Other,-3775,megawatthours
2026-02-18 19:00:00,CAL,California,OTH,Other,-5509,megawatthours
2026-02-18 20:00:00,CAL,California,OTH,Other,-6616,megawatthours
2026-02-18 21:00:00,CAL,California,OTH,Other,-6787,megawatthours
2026-02-18 22:00:00,CAL,California,OTH,Other,-7447,megawatthours
2026-02-18 23:00:00,CAL,California,OTH,Other,-5237,megawatthours
2026-02-19 00:00:00,CAL,California,OTH,Other,-3045,megawatthours
2026-02-19 00:00:00,CAL,California,OTH,Other,-3045,megawatthours
2026-02-19 01:00:00,CAL,California,OTH,Other,447,megawatthours
2026-02-19 02:00:00,CAL,California,OTH,Other,5670,megawatthours
2026-02-19 03:00:00,CAL,California,OTH,Other,7091,megawatthours
2026-02-19 04:00:00,CAL,California,OTH,Other,7116,megawatthours
2026-02-19 05:00:00,CAL,California,OTH,Other,6530,megawatthours
2026-02-19 06:00:00,CAL,California,OTH,Other,4509,megawatthours
2026-02-19 07:00:00,CAL,California,OTH,Other,1877,megawatthours
2026-02-19 08:00:00,CAL,California,OTH,Other,591,megawatthours
2026-02-19 09:00:00,CAL,California,OTH,Other,-476,megawatthours
2026-02-19 10:00:00,CAL,California,OTH,Other,-75,megawatthours
2026-02-19 11:00:00,CAL,California,OTH,Other,-534,megawatthours
2026-02-19 12:00:00,CAL,California,OTH,Other,-667,megawatthours
2026-02-19 13:00:00,CAL,California,OTH,Other,-346,megawatthours
2026-02-19 14:00:00,CAL,California,OTH,Other,1077,megawatthours
2026-02-19 15:00:00,CAL,California,OTH,Other,3307,megawatthours
2026-02-19 16:00:00,CAL,California,OTH,Other,30,megawatthours
2026-02-19 17:00:00,CAL,California,OTH,Other,-3455,megawatthours
2026-02-19 18:00:00,CAL,California,OTH,Other,-4434,megawatthours
2026-02-19 19:00:00,CAL,California,OTH,Other,-4484,megawatthours
2026-02-19 20:00:00,CAL,California,OTH,Other,-4386,megawatthours
2026-02-19 21:00:00,CAL,California,OTH,Other,-4847,megawatthours
2026-02-19 22:00:00,CAL,California,OTH,Other,-4740,megawatthours
2026-02-19 23:00:00,CAL,California,OTH,Other,-4469,megawatthours
2026-02-20 00:00:00,CAL,California,OTH,Other,-2992,megawatthours
2026-02-20 00:00:00,CAL,California,OTH,Other,-2992,megawatthours
2026-02-20 01:00:00,CAL,California,OTH,Other,-483,megawatthours
2026-02-20 02:00:00,CAL,California,OTH,Other,4369,megawatthours
2026-02-20 03:00:00,CAL,California,OTH,Other,6349,megawatthours
2026-02-20 04:00:00,CAL,California,OTH,Other,6285,megawatthours
2026-02-20 05:00:00,CAL,California,OTH,Other,5696,megawatthours
2026-02-20 06:00:00,CAL,California,OTH,Other,4916,megawatthours
2026-02-20 07:00:00,CAL,California,OTH,Other,2458,megawatthours
2026-02-20 08:00:00,CAL,California,OTH,Other,1322,megawatthours
2026-02-20 09:00:00,CAL,California,OTH,Other,371,megawatthours
2026-02-20 10:00:00,CAL,California,OTH,Other,213,megawatthours
2026-02-20 11:00:00,CAL,California,OTH,Other,-350,megawatthours
2026-02-20 12:00:00,CAL,California,OTH,Other,-260,megawatthours
2026-02-20 13:00:00,CAL,California,OTH,Other,580,megawatthours
2026-02-20 14:00:00,CAL,California,OTH,Other,1563,megawatthours
2026-02-20 15:00:00,CAL,California,OTH,Other,3497,megawatthours
2026-02-20 16:00:00,CAL,California,OTH,Other,175,megawatthours
2026-02-20 17:00:00,CAL,California,OTH,Other,-2115,megawatthours
2026-02-20 18:00:00,CAL,California,OTH,Other,-3533,megawatthours
2026-02-20 19:00:00,CAL,California,OTH,Other,-5334,megawatthours
2026-02-20 20:00:00,CAL,California,OTH,Other,-6560,megawatthours
2026-02-20 21:00:00,CAL,California,OTH,Other,-6790,megawatthours
2026-02-20 22:00:00,CAL,California,OTH,Other,-7465,megawatthours
2026-02-20 23:00:00,CAL,California,OTH,Other,-6679,megawatthours
2026-02-21 00:00:00,CAL,California,OTH,Other,-4052,megawatthours
2026-02-21 00:00:00,CAL,California,OTH,Other,-4052,megawatthours
2026-02-21 01:00:00,CAL,California,OTH,Other,477,megawatthours
2026-02-21 02:00:00,CAL,California,OTH,Other,4778,megawatthours
2026-02-21 03:00:00,CAL,California,OTH,Other,5536,megawatthours
2026-02-21 04:00:00,CAL,California,OTH,Other,5620,megawatthours
2026-02-21 05:00:00,CAL,California,OTH,Other,5652,megawatthours
2026-02-21 06:00:00,CAL,California,OTH,Other,5480,megawatthours
2026-02-21 07:00:00,CAL,California,OTH,Other,3889,megawatthours
2026-02-21 08:00:00,CAL,California,OTH,Other,3166,megawatthours
2026-02-21 09:00:00,CAL,California,OTH,Other,1454,megawatthours
2026-02-21 10:00:00,CAL,California,OTH,Other,646,megawatthours
2026-02-21 11:00:00,CAL,California,OTH,Other,379,megawatthours
2026-02-21 12:00:00,CAL,California,OTH,Other,119,megawatthours
2026-02-21 13:00:00,CAL,California,OTH,Other,289,megawatthours
2026-02-21 14:00:00,CAL,California,OTH,Other,1359,megawatthours
2026-02-21 15:00:00,CAL,California,OTH,Other,2942,megawatthours
2026-02-21 16:00:00,CAL,California,OTH,Other,-885,megawatthours
2026-02-21 17:00:00,CAL,California,OTH,Other,-4352,megawatthours
2026-02-21 18:00:00,CAL,California,OTH,Other,-6143,megawatthours
2026-02-21 19:00:00,CAL,California,OTH,Other,-7613,megawatthours
2026-02-21 20:00:00,CAL,California,OTH,Other,-8126,megawatthours
2026-02-21 21:00:00,CAL,California,OTH,Other,-7185,megawatthours
2026-02-21 22:00:00,CAL,California,OTH,Other,-5712,megawatthours
2026-02-21 23:00:00,CAL,California,OTH,Other,-4196,megawatthours
2026-02-22 00:00:00,CAL,California,OTH,Other,-2109,megawatthours
2026-02-22 00:00:00,CAL,California,OTH,Other,-2109,megawatthours
2026-02-22 01:00:00,CAL,California,OTH,Other,816,megawatthours
2026-02-22 02:00:00,CAL,California,OTH,Other,5421,megawatthours
2026-02-22 03:00:00,CAL,California,OTH,Other,6627,megawatthours
2026-02-22 04:00:00,CAL,California,OTH,Other,6380,megawatthours
2026-02-22 05:00:00,CAL,California,OTH,Other,6065,megawatthours
2026-02-22 06:00:00,CAL,California,OTH,Other,5390,megawatthours
2026-02-22 07:00:00,CAL,California,OTH,Other,3700,megawatthours
2026-02-22 08:00:00,CAL,California,OTH,Other,2700,megawatthours
2026-02-22 09:00:00,CAL,California,OTH,Other,1718,megawatthours
2026-02-22 10:00:00,CAL,California,OTH,Other,1116,megawatthours
2026-02-22 11:00:00,CAL,California,OTH,Other,751,megawatthours
2026-02-22 12:00:00,CAL,California,OTH,Other,532,megawatthours
2026-02-22 13:00:00,CAL,California,OTH,Other,820,megawatthours
2026-02-22 14:00:00,CAL,California,OTH,Other,1403,megawatthours
2026-02-22 15:00:00,CAL,California,OTH,Other,2325,megawatthours
2026-02-22 16:00:00,CAL,California,OTH,Other,-1050,megawatthours
2026-02-22 17:00:00,CAL,California,OTH,Other,-3811,megawatthours
2026-02-22 18:00:00,CAL,California,OTH,Other,-5471,megawatthours
2026-02-22 19:00:00,CAL,California,OTH,Other,-7404,megawatthours
2026-02-22 20:00:00,CAL,California,OTH,Other,-8207,megawatthours
2026-02-22 21:00:00,CAL,California,OTH,Other,-7591,megawatthours
2026-02-22 22:00:00,CAL,California,OTH,Other,-7004,megawatthours
2026-02-22 23:00:00,CAL,California,OTH,Other,-4882,megawatthours
2026-02-23 00:00:00,CAL,California,OTH,Other,-1878,megawatthours
2026-02-23 00:00:00,CAL,California,OTH,Other,-1878,megawatthours
2026-02-23 01:00:00,CAL,California,OTH,Other,560,megawatthours
2026-02-23 02:00:00,CAL,California,OTH,Other,4692,megawatthours
2026-02-23 03:00:00,CAL,California,OTH,Other,6392,megawatthours
2026-02-23 04:00:00,CAL,California,OTH,Other,6052,megawatthours
2026-02-23 05:00:00,CAL,California,OTH,Other,5800,megawatthours
2026-02-23 06:00:00,CAL,California,OTH,Other,5380,megawatthours
2026-02-23 07:00:00,CAL,California,OTH,Other,3665,megawatthours
2026-02-23 08:00:00,CAL,California,OTH,Other,2125,megawatthours
2026-02-23 09:00:00,CAL,California,OTH,Other,1237,megawatthours
2026-02-23 10:00:00,CAL,California,OTH,Other,638,megawatthours
2026-02-23 11:00:00,CAL,California,OTH,Other,189,megawatthours
2026-02-23 12:00:00,CAL,California,OTH,Other,-288,megawatthours
2026-02-23 13:00:00,CAL,California,OTH,Other,444,megawatthours
2026-02-23 14:00:00,CAL,California,OTH,Other,2226,megawatthours
2026-02-23 15:00:00,CAL,California,OTH,Other,4220,megawatthours
2026-02-23 16:00:00,CAL,California,OTH,Other,820,megawatthours
2026-02-23 17:00:00,CAL,California,OTH,Other,-2543,megawatthours
2026-02-23 18:00:00,CAL,California,OTH,Other,-5300,megawatthours
2026-02-23 19:00:00,CAL,California,OTH,Other,-7428,megawatthours
2026-02-23 20:00:00,CAL,California,OTH,Other,-8815,megawatthours
2026-02-23 21:00:00,CAL,California,OTH,Other,-7441,megawatthours
2026-02-23 22:00:00,CAL,California,OTH,Other,-6751,megawatthours
2026-02-23 23:00:00,CAL,California,OTH,Other,-4809,megawatthours
2026-02-24 00:00:00,CAL,California,OTH,Other,-2261,megawatthours
2026-02-24 00:00:00,CAL,California,OTH,Other,-2261,megawatthours
2026-02-24 01:00:00,CAL,California,OTH,Other,1523,megawatthours
2026-02-24 02:00:00,CAL,California,OTH,Other,6293,megawatthours
2026-02-24 03:00:00,CAL,California,OTH,Other,7730,megawatthours
2026-02-24 04:00:00,CAL,California,OTH,Other,6690,megawatthours
2026-02-24 05:00:00,CAL,California,OTH,Other,5622,megawatthours
2026-02-24 06:00:00,CAL,California,OTH,Other,4463,megawatthours
2026-02-24 07:00:00,CAL,California,OTH,Other,2943,megawatthours
2026-02-24 08:00:00,CAL,California,OTH,Other,1529,megawatthours
2026-02-24 09:00:00,CAL,California,OTH,Other,817,megawatthours
2026-02-24 10:00:00,CAL,California,OTH,Other,233,megawatthours
2026-02-24 11:00:00,CAL,California,OTH,Other,-112,megawatthours
2026-02-24 12:00:00,CAL,California,OTH,Other,-367,megawatthours
2026-02-24 13:00:00,CAL,California,OTH,Other,135,megawatthours
2026-02-24 14:00:00,CAL,California,OTH,Other,1550,megawatthours
2026-02-24 15:00:00,CAL,California,OTH,Other,3688,megawatthours
2026-02-24 16:00:00,CAL,California,OTH,Other,26,megawatthours
2026-02-24 17:00:00,CAL,California,OTH,Other,-3205,megawatthours
2026-02-24 18:00:00,CAL,California,OTH,Other,-4651,megawatthours
2026-02-24 19:00:00,CAL,California,OTH,Other,-7632,megawatthours
2026-02-24 20:00:00,CAL,California,OTH,Other,-8016,megawatthours
2026-02-24 21:00:00,CAL,California,OTH,Other,-7136,megawatthours
2026-02-24 22:00:00,CAL,California,OTH,Other,-6118,megawatthours
2026-02-24 23:00:00,CAL,California,OTH,Other,-4086,megawatthours
2026-02-25 00:00:00,CAL,California,OTH,Other,-1915,megawatthours
2026-02-25 00:00:00,CAL,California,OTH,Other,-1915,megawatthours
2026-02-25 01:00:00,CAL,California,OTH,Other,2100,megawatthours
2026-02-25 02:00:00,CAL,California,OTH,Other,6062,megawatthours
2026-02-25 03:00:00,CAL,California,OTH,Other,7693,megawatthours
2026-02-25 04:00:00,CAL,California,OTH,Other,6712,megawatthours
2026-02-25 05:00:00,CAL,California,OTH,Other,5844,megawatthours
2026-02-25 06:00:00,CAL,California,OTH,Other,4808,megawatthours
2026-02-25 07:00:00,CAL,California,OTH,Other,1878,megawatthours
2026-02-25 08:00:00,CAL,California,OTH,Other,1065,megawatthours
2026-02-25 09:00:00,CAL,California,OTH,Other,852,megawatthours
2026-02-25 10:00:00,CAL,California,OTH,Other,359,megawatthours
2026-02-25 11:00:00,CAL,California,OTH,Other,-488,megawatthours
2026-02-25 12:00:00,CAL,California,OTH,Other,-624,megawatthours
2026-02-25 13:00:00,CAL,California,OTH,Other,-173,megawatthours
2026-02-25 14:00:00,CAL,California,OTH,Other,990,megawatthours
2026-02-25 15:00:00,CAL,California,OTH,Other,3360,megawatthours
2026-02-25 16:00:00,CAL,California,OTH,Other,45,megawatthours
2026-02-25 17:00:00,CAL,California,OTH,Other,-1990,megawatthours
2026-02-25 18:00:00,CAL,California,OTH,Other,-4362,megawatthours
2026-02-25 19:00:00,CAL,California,OTH,Other,-6052,megawatthours
2026-02-25 20:00:00,CAL,California,OTH,Other,-7702,megawatthours
2026-02-25 21:00:00,CAL,California,OTH,Other,-7908,megawatthours
2026-02-25 22:00:00,CAL,California,OTH,Other,-7967,megawatthours
2026-02-25 23:00:00,CAL,California,OTH,Other,-6252,megawatthours
2026-02-26 00:00:00,CAL,California,OTH,Other,-4141,megawatthours
2026-02-26 00:00:00,CAL,California,OTH,Other,-4141,megawatthours
2026-02-26 01:00:00,CAL,California,OTH,Other,1356,megawatthours
2026-02-26 02:00:00,CAL,California,OTH,Other,5788,megawatthours
2026-02-26 03:00:00,CAL,California,OTH,Other,7433,megawatthours
2026-02-26 04:00:00,CAL,California,OTH,Other,6462,megawatthours
2026-02-26 05:00:00,CAL,California,OTH,Other,5286,megawatthours
2026-02-26 06:00:00,CAL,California,OTH,Other,4563,megawatthours
2026-02-26 07:00:00,CAL,California,OTH,Other,2510,megawatthours
2026-02-26 08:00:00,CAL,California,OTH,Other,516,megawatthours
2026-02-26 09:00:00,CAL,California,OTH,Other,357,megawatthours
2026-02-26 10:00:00,CAL,California,OTH,Other,-238,megawatthours
2026-02-26 11:00:00,CAL,California,OTH,Other,-942,megawatthours
2026-02-26 12:00:00,CAL,California,OTH,Other,-1558,megawatthours
2026-02-26 13:00:00,CAL,California,OTH,Other,-438,megawatthours
2026-02-26 14:00:00,CAL,California,OTH,Other,1824,megawatthours
2026-02-26 15:00:00,CAL,California,OTH,Other,4119,megawatthours
2026-02-26 16:00:00,CAL,California,OTH,Other,-529,megawatthours
2026-02-26 17:00:00,CAL,California,OTH,Other,-4046,megawatthours
2026-02-26 18:00:00,CAL,California,OTH,Other,-6404,megawatthours
2026-02-26 19:00:00,CAL,California,OTH,Other,-7675,megawatthours
2026-02-26 20:00:00,CAL,California,OTH,Other,-7072,megawatthours
2026-02-26 21:00:00,CAL,California,OTH,Other,-6511,megawatthours
2026-02-26 22:00:00,CAL,California,OTH,Other,-4519,megawatthours
2026-02-26 23:00:00,CAL,California,OTH,Other,-2942,megawatthours
2026-02-27 00:00:00,CAL,California,OTH,Other,-1157,megawatthours
2026-02-27 00:00:00,CAL,California,OTH,Other,-1157,megawatthours
2026-02-27 01:00:00,CAL,California,OTH,Other,1276,megawatthours
2026-02-27 02:00:00,CAL,California,OTH,Other,6780,megawatthours
2026-02-27 03:00:00,CAL,California,OTH,Other,7777,megawatthours
2026-02-27 04:00:00,CAL,California,OTH,Other,7296,megawatthours
2026-02-27 05:00:00,CAL,California,OTH,Other,6249,megawatthours
2026-02-27 06:00:00,CAL,California,OTH,Other,5479,megawatthours
2026-02-27 07:00:00,CAL,California,OTH,Other,3150,megawatthours
2026-02-27 08:00:00,CAL,California,OTH,Other,1549,megawatthours
2026-02-27 09:00:00,CAL,California,OTH,Other,598,megawatthours
2026-02-27 10:00:00,CAL,California,OTH,Other,125,megawatthours
2026-02-27 11:00:00,CAL,California,OTH,Other,-99,megawatthours
2026-02-27 12:00:00,CAL,California,OTH,Other,-125,megawatthours
2026-02-27 13:00:00,CAL,California,OTH,Other,204,megawatthours
2026-02-27 14:00:00,CAL,California,OTH,Other,1114,megawatthours
2026-02-27 15:00:00,CAL,California,OTH,Other,2502,megawatthours
2026-02-27 16:00:00,CAL,California,OTH,Other,-1081,megawatthours
2026-02-27 17:00:00,CAL,California,OTH,Other,-4869,megawatthours
2026-02-27 18:00:00,CAL,California,OTH,Other,-7184,megawatthours
2026-02-27 19:00:00,CAL,California,OTH,Other,-7653,megawatthours
2026-02-27 20:00:00,CAL,California,OTH,Other,-7860,megawatthours
2026-02-27 21:00:00,CAL,California,OTH,Other,-7355,megawatthours
2026-02-27 22:00:00,CAL,California,OTH,Other,-5564,megawatthours
2026-02-27 23:00:00,CAL,California,OTH,Other,-4213,megawatthours
2026-02-28 00:00:00,CAL,California,OTH,Other,-1980,megawatthours
2026-02-28 00:00:00,CAL,California,OTH,Other,-1980,megawatthours
2026-02-28 01:00:00,CAL,California,OTH,Other,1548,megawatthours
2026-02-28 02:00:00,CAL,California,OTH,Other,6246,megawatthours
2026-02-28 03:00:00,CAL,California,OTH,Other,6883,megawatthours
2026-02-28 04:00:00,CAL,California,OTH,Other,5765,megawatthours
2026-02-28 05:00:00,CAL,California,OTH,Other,4789,megawatthours
2026-02-28 06:00:00,CAL,California,OTH,Other,4707,megawatthours
2026-02-28 07:00:00,CAL,California,OTH,Other,3271,megawatthours
2026-02-28 08:00:00,CAL,California,OTH,Other,2805,megawatthours
2026-02-28 09:00:00,CAL,California,OTH,Other,2244,megawatthours
2026-02-28 10:00:00,CAL,California,OTH,Other,1223,megawatthours
2026-02-28 11:00:00,CAL,California,OTH,Other,771,megawatthours
2026-02-28 12:00:00,CAL,California,OTH,Other,565,megawatthours
2026-02-28 13:00:00,CAL,California,OTH,Other,689,megawatthours
2026-02-28 14:00:00,CAL,California,OTH,Other,1212,megawatthours
2026-02-28 15:00:00,CAL,California,OTH,Other,2176,megawatthours
2026-02-28 16:00:00,CAL,California,OTH,Other,50,megawatthours
2026-02-28 17:00:00,CAL,California,OTH,Other,-2555,megawatthours
2026-02-28 18:00:00,CAL,California,OTH,Other,-4652,megawatthours
2026-02-28 19:00:00,CAL,California,OTH,Other,-6152,megawatthours
2026-02-28 20:00:00,CAL,California,OTH,Other,-7284,megawatthours
2026-02-28 21:00:00,CAL,California,OTH,Other,-7800,megawatthours
2026-02-28 22:00:00,CAL,California,OTH,Other,-7957,megawatthours
2026-02-28 23:00:00,CAL,California,OTH,Other,-5520,megawatthours
2026-03-01 00:00:00,CAL,California,OTH,Other,-2504,megawatthours
2026-03-01 00:00:00,CAL,California,OTH,Other,-2504,megawatthours
2026-03-01 01:00:00,CAL,California,OTH,Other,1860,megawatthours
2026-03-01 02:00:00,CAL,California,OTH,Other,7228,megawatthours
2026-03-01 03:00:00,CAL,California,OTH,Other,8508,megawatthours
2026-03-01 04:00:00,CAL,California,OTH,Other,7457,megawatthours
2026-03-01 05:00:00,CAL,California,OTH,Other,6380,megawatthours
2026-03-01 06:00:00,CAL,California,OTH,Other,5481,megawatthours
2026-03-01 07:00:00,CAL,California,OTH,Other,3592,megawatthours
2026-03-01 08:00:00,CAL,California,OTH,Other,2095,megawatthours
2026-03-01 09:00:00,CAL,California,OTH,Other,889,megawatthours
2026-03-01 10:00:00,CAL,California,OTH,Other,173,megawatthours
2026-03-01 11:00:00,CAL,California,OTH,Other,69,megawatthours
2026-03-01 12:00:00,CAL,California,OTH,Other,-130,megawatthours
2026-03-01 13:00:00,CAL,California,OTH,Other,84,megawatthours
2026-03-01 14:00:00,CAL,California,OTH,Other,521,megawatthours
2026-03-01 15:00:00,CAL,California,OTH,Other,811,megawatthours
2026-03-01 16:00:00,CAL,California,OTH,Other,-1914,megawatthours
2026-03-01 17:00:00,CAL,California,OTH,Other,-4813,megawatthours
2026-03-01 18:00:00,CAL,California,OTH,Other,-5973,megawatthours
2026-03-01 19:00:00,CAL,California,OTH,Other,-7003,megawatthours
2026-03-01 20:00:00,CAL,California,OTH,Other,-8295,megawatthours
2026-03-01 21:00:00,CAL,California,OTH,Other,-8119,megawatthours
2026-03-01 22:00:00,CAL,California,OTH,Other,-6744,megawatthours
2026-03-01 23:00:00,CAL,California,OTH,Other,-4023,megawatthours
2026-03-02 00:00:00,CAL,California,OTH,Other,-2365,megawatthours
2026-03-02 00:00:00,CAL,California,OTH,Other,-2365,megawatthours
2026-03-02 01:00:00,CAL,California,OTH,Other,938,megawatthours
2026-03-02 02:00:00,CAL,California,OTH,Other,7116,megawatthours
2026-03-02 03:00:00,CAL,California,OTH,Other,9072,megawatthours
2026-03-02 04:00:00,CAL,California,OTH,Other,7670,megawatthours
2026-03-02 05:00:00,CAL,California,OTH,Other,5864,megawatthours
2026-03-02 06:00:00,CAL,California,OTH,Other,4290,megawatthours
2026-03-02 07:00:00,CAL,California,OTH,Other,2804,megawatthours
2026-03-02 08:00:00,CAL,California,OTH,Other,1722,megawatthours
2026-03-02 09:00:00,CAL,California,OTH,Other,1017,megawatthours
2026-03-02 10:00:00,CAL,California,OTH,Other,671,megawatthours
2026-03-02 11:00:00,CAL,California,OTH,Other,246,megawatthours
2026-03-02 12:00:00,CAL,California,OTH,Other,497,megawatthours
2026-03-02 13:00:00,CAL,California,OTH,Other,896,megawatthours
2026-03-02 14:00:00,CAL,California,OTH,Other,1139,megawatthours
2026-03-02 15:00:00,CAL,California,OTH,Other,2166,megawatthours
2026-03-02 16:00:00,CAL,California,OTH,Other,-418,megawatthours
2026-03-02 17:00:00,CAL,California,OTH,Other,-2425,megawatthours
2026-03-02 18:00:00,CAL,California,OTH,Other,-4476,megawatthours
2026-03-02 19:00:00,CAL,California,OTH,Other,-6199,megawatthours
2026-03-02 20:00:00,CAL,California,OTH,Other,-7457,megawatthours
2026-03-02 21:00:00,CAL,California,OTH,Other,-8381,megawatthours
2026-03-02 22:00:00,CAL,California,OTH,Other,-7958,megawatthours
2026-03-02 23:00:00,CAL,California,OTH,Other,-6782,megawatthours
2026-03-03 00:00:00,CAL,California,OTH,Other,-4073,megawatthours
2026-03-03 00:00:00,CAL,California,OTH,Other,-4073,megawatthours
2026-03-03 01:00:00,CAL,California,OTH,Other,233,megawatthours
2026-03-03 02:00:00,CAL,California,OTH,Other,5610,megawatthours
2026-03-03 03:00:00,CAL,California,OTH,Other,6661,megawatthours
2026-03-03 04:00:00,CAL,California,OTH,Other,6474,megawatthours
2026-03-03 05:00:00,CAL,California,OTH,Other,5644,megawatthours
2026-03-03 06:00:00,CAL,California,OTH,Other,4503,megawatthours
2026-03-03 07:00:00,CAL,California,OTH,Other,3031,megawatthours
2026-03-03 08:00:00,CAL,California,OTH,Other,2191,megawatthours
2026-03-03 09:00:00,CAL,California,OTH,Other,967,megawatthours
2026-03-03 10:00:00,CAL,California,OTH,Other,397,megawatthours
2026-03-03 11:00:00,CAL,California,OTH,Other,-85,megawatthours
2026-03-03 12:00:00,CAL,California,OTH,Other,127,megawatthours
2026-03-03 13:00:00,CAL,California,OTH,Other,677,megawatthours
2026-03-03 14:00:00,CAL,California,OTH,Other,2686,megawatthours
2026-03-03 15:00:00,CAL,California,OTH,Other,3847,megawatthours
2026-03-03 16:00:00,CAL,California,OTH,Other,-422,megawatthours
2026-03-03 17:00:00,CAL,California,OTH,Other,-3387,megawatthours
2026-03-03 18:00:00,CAL,California,OTH,Other,-6325,megawatthours
2026-03-03 19:00:00,CAL,California,OTH,Other,-7059,megawatthours
2026-03-03 20:00:00,CAL,California,OTH,Other,-8356,megawatthours
2026-03-03 21:00:00,CAL,California,OTH,Other,-7604,megawatthours
2026-03-03 22:00:00,CAL,California,OTH,Other,-6043,megawatthours
2026-03-03 23:00:00,CAL,California,OTH,Other,-4533,megawatthours
2026-03-04 00:00:00,CAL,California,OTH,Other,-1736,megawatthours
2026-03-04 00:00:00,CAL,California,OTH,Other,-1736,megawatthours
2026-03-04 01:00:00,CAL,California,OTH,Other,1450,megawatthours
2026-03-04 02:00:00,CAL,California,OTH,Other,7302,megawatthours
2026-03-04 03:00:00,CAL,California,OTH,Other,9039,megawatthours
2026-03-04 04:00:00,CAL,California,OTH,Other,7831,megawatthours
2026-03-04 05:00:00,CAL,California,OTH,Other,6411,megawatthours
2026-03-04 06:00:00,CAL,California,OTH,Other,5184,megawatthours
2026-03-04 07:00:00,CAL,California,OTH,Other,2096,megawatthours
2026-03-04 08:00:00,CAL,California,OTH,Other,973,megawatthours
2026-03-04 09:00:00,CAL,California,OTH,Other,364,megawatthours
2026-03-04 10:00:00,CAL,California,OTH,Other,135,megawatthours
2026-03-04 11:00:00,CAL,California,OTH,Other,-337,megawatthours
2026-03-04 12:00:00,CAL,California,OTH,Other,-318,megawatthours
2026-03-04 13:00:00,CAL,California,OTH,Other,-44,megawatthours
2026-03-04 14:00:00,CAL,California,OTH,Other,799,megawatthours
2026-03-04 15:00:00,CAL,California,OTH,Other,2256,megawatthours
2026-03-04 16:00:00,CAL,California,OTH,Other,-1289,megawatthours
2026-03-04 17:00:00,CAL,California,OTH,Other,-3131,megawatthours
2026-03-04 18:00:00,CAL,California,OTH,Other,-5089,megawatthours
2026-03-04 19:00:00,CAL,California,OTH,Other,-6781,megawatthours
2026-03-04 20:00:00,CAL,California,OTH,Other,-7693,megawatthours
2026-03-04 21:00:00,CAL,California,OTH,Other,-7696,megawatthours
2026-03-04 22:00:00,CAL,California,OTH,Other,-6694,megawatthours
2026-03-04 23:00:00,CAL,California,OTH,Other,-5428,megawatthours
2026-03-05 00:00:00,CAL,California,OTH,Other,-2783,megawatthours
2026-03-05 00:00:00,CAL,California,OTH,Other,-2783,megawatthours
2026-03-05 01:00:00,CAL,California,OTH,Other,187,megawatthours
2026-03-05 02:00:00,CAL,California,OTH,Other,5237,megawatthours
2026-03-05 03:00:00,CAL,California,OTH,Other,7284,megawatthours
2026-03-05 04:00:00,CAL,California,OTH,Other,6631,megawatthours
2026-03-05 05:00:00,CAL,California,OTH,Other,5074,megawatthours
2026-03-05 06:00:00,CAL,California,OTH,Other,4293,megawatthours
2026-03-05 07:00:00,CAL,California,OTH,Other,2042,megawatthours
2026-03-05 08:00:00,CAL,California,OTH,Other,738,megawatthours
2026-03-05 09:00:00,CAL,California,OTH,Other,643,megawatthours
2026-03-05 10:00:00,CAL,California,OTH,Other,236,megawatthours
2026-03-05 11:00:00,CAL,California,OTH,Other,48,megawatthours
2026-03-05 12:00:00,CAL,California,OTH,Other,-121,megawatthours
2026-03-05 13:00:00,CAL,California,OTH,Other,951,megawatthours
2026-03-05 14:00:00,CAL,California,OTH,Other,2698,megawatthours
2026-03-05 15:00:00,CAL,California,OTH,Other,3841,megawatthours
2026-03-05 16:00:00,CAL,California,OTH,Other,-501,megawatthours
2026-03-05 17:00:00,CAL,California,OTH,Other,-3372,megawatthours
2026-03-05 18:00:00,CAL,California,OTH,Other,-5775,megawatthours
2026-03-05 19:00:00,CAL,California,OTH,Other,-7213,megawatthours
2026-03-05 20:00:00,CAL,California,OTH,Other,-8253,megawatthours
2026-03-05 21:00:00,CAL,California,OTH,Other,-8026,megawatthours
2026-03-05 22:00:00,CAL,California,OTH,Other,-6557,megawatthours
2026-03-05 23:00:00,CAL,California,OTH,Other,-4676,megawatthours
2026-03-06 00:00:00,CAL,California,OTH,Other,-1961,megawatthours
2026-03-06 00:00:00,CAL,California,OTH,Other,-1961,megawatthours
2026-03-06 01:00:00,CAL,California,OTH,Other,0,megawatthours
2026-03-06 02:00:00,CAL,California,OTH,Other,4714,megawatthours
2026-03-06 03:00:00,CAL,California,OTH,Other,6660,megawatthours
2026-03-06 04:00:00,CAL,California,OTH,Other,6090,megawatthours
2026-03-06 05:00:00,CAL,California,OTH,Other,5312,megawatthours
2026-03-06 06:00:00,CAL,California,OTH,Other,5080,megawatthours
2026-03-06 07:00:00,CAL,California,OTH,Other,3582,megawatthours
2026-03-06 08:00:00,CAL,California,OTH,Other,2420,megawatthours
2026-03-06 09:00:00,CAL,California,OTH,Other,1819,megawatthours
2026-03-06 10:00:00,CAL,California,OTH,Other,1331,megawatthours
2026-03-06 11:00:00,CAL,California,OTH,Other,406,megawatthours
2026-03-06 12:00:00,CAL,California,OTH,Other,143,megawatthours
2026-03-06 13:00:00,CAL,California,OTH,Other,557,megawatthours
2026-03-06 14:00:00,CAL,California,OTH,Other,2567,megawatthours
2026-03-06 15:00:00,CAL,California,OTH,Other,3826,megawatthours
2026-03-06 16:00:00,CAL,California,OTH,Other,-289,megawatthours
2026-03-06 17:00:00,CAL,California,OTH,Other,-2946,megawatthours
2026-03-06 18:00:00,CAL,California,OTH,Other,-4668,megawatthours
2026-03-06 19:00:00,CAL,California,OTH,Other,-6193,megawatthours
2026-03-06 20:00:00,CAL,California,OTH,Other,-7862,megawatthours
2026-03-06 21:00:00,CAL,California,OTH,Other,-8227,megawatthours
2026-03-06 22:00:00,CAL,California,OTH,Other,-7733,megawatthours
2026-03-06 23:00:00,CAL,California,OTH,Other,-5751,megawatthours
2026-03-07 00:00:00,CAL,California,OTH,Other,-2492,megawatthours
2026-03-07 00:00:00,CAL,California,OTH,Other,-2492,megawatthours
2026-03-07 01:00:00,CAL,California,OTH,Other,658,megawatthours
2026-03-07 02:00:00,CAL,California,OTH,Other,6263,megawatthours
2026-03-07 03:00:00,CAL,California,OTH,Other,7753,megawatthours
2026-03-07 04:00:00,CAL,California,OTH,Other,6881,megawatthours
2026-03-07 05:00:00,CAL,California,OTH,Other,6029,megawatthours
2026-03-07 06:00:00,CAL,California,OTH,Other,6206,megawatthours
2026-03-07 07:00:00,CAL,California,OTH,Other,3234,megawatthours
2026-03-07 08:00:00,CAL,California,OTH,Other,2399,megawatthours
2026-03-07 09:00:00,CAL,California,OTH,Other,2367,megawatthours
2026-03-07 10:00:00,CAL,California,OTH,Other,1330,megawatthours
2026-03-07 11:00:00,CAL,California,OTH,Other,406,megawatthours
2026-03-07 12:00:00,CAL,California,OTH,Other,148,megawatthours
2026-03-07 13:00:00,CAL,California,OTH,Other,555,megawatthours
2026-03-07 14:00:00,CAL,California,OTH,Other,2566,megawatthours
2026-03-07 15:00:00,CAL,California,OTH,Other,3828,megawatthours
2026-03-07 16:00:00,CAL,California,OTH,Other,-288,megawatthours
2026-03-07 17:00:00,CAL,California,OTH,Other,-2947,megawatthours
2026-03-07 18:00:00,CAL,California,OTH,Other,-4673,megawatthours
2026-03-07 19:00:00,CAL,California,OTH,Other,-6199,megawatthours
2026-03-07 20:00:00,CAL,California,OTH,Other,-7872,megawatthours
2026-03-07 21:00:00,CAL,California,OTH,Other,-8224,megawatthours
2026-03-07 22:00:00,CAL,California,OTH,Other,-7734,megawatthours
2026-03-07 23:00:00,CAL,California,OTH,Other,-5751,megawatthours
2026-03-08 00:00:00,CAL,California,OTH,Other,-2492,megawatthours
2026-03-08 00:00:00,CAL,California,OTH,Other,-2492,megawatthours
2026-03-08 01:00:00,CAL,California,OTH,Other,630,megawatthours
2026-03-08 02:00:00,CAL,California,OTH,Other,6220,megawatthours
2026-03-08 03:00:00,CAL,California,OTH,Other,7736,megawatthours
2026-03-08 04:00:00,CAL,California,OTH,Other,6863,megawatthours
2026-03-08 05:00:00,CAL,California,OTH,Other,6010,megawatthours
2026-03-08 06:00:00,CAL,California,OTH,Other,6193,megawatthours
2026-03-08 07:00:00,CAL,California,OTH,Other,3224,megawatthours
2026-03-08 08:00:00,CAL,California,OTH,Other,2366,megawatthours
2026-03-08 09:00:00,CAL,California,OTH,Other,1674,megawatthours
2026-03-08 10:00:00,CAL,California,OTH,Other,1021,megawatthours
2026-03-08 11:00:00,CAL,California,OTH,Other,760,megawatthours
2026-03-08 12:00:00,CAL,California,OTH,Other,1315,megawatthours
2026-03-08 13:00:00,CAL,California,OTH,Other,1851,megawatthours
2026-03-08 14:00:00,CAL,California,OTH,Other,2335,megawatthours
2026-03-08 15:00:00,CAL,California,OTH,Other,1983,megawatthours
2026-03-08 16:00:00,CAL,California,OTH,Other,-995,megawatthours
2026-03-08 17:00:00,CAL,California,OTH,Other,-3385,megawatthours
2026-03-08 18:00:00,CAL,California,OTH,Other,-6076,megawatthours
2026-03-08 19:00:00,CAL,California,OTH,Other,-7648,megawatthours
2026-03-08 20:00:00,CAL,California,OTH,Other,-8228,megawatthours
2026-03-08 21:00:00,CAL,California,OTH,Other,-8064,megawatthours
2026-03-08 22:00:00,CAL,California,OTH,Other,-6670,megawatthours
2026-03-08 23:00:00,CAL,California,OTH,Other,-4414,megawatthours
2026-03-09 00:00:00,CAL,California,OTH,Other,-1480,megawatthours
2026-03-09 00:00:00,CAL,California,OTH,Other,-1480,megawatthours
2026-03-09 01:00:00,CAL,California,OTH,Other,685,megawatthours
2026-03-09 02:00:00,CAL,California,OTH,Other,5839,megawatthours
2026-03-09 03:00:00,CAL,California,OTH,Other,7539,megawatthours
2026-03-09 04:00:00,CAL,California,OTH,Other,6787,megawatthours
2026-03-09 05:00:00,CAL,California,OTH,Other,5781,megawatthours
2026-03-09 06:00:00,CAL,California,OTH,Other,4754,megawatthours
2026-03-09 07:00:00,CAL,California,OTH,Other,2822,megawatthours
2026-03-09 08:00:00,CAL,California,OTH,Other,1726,megawatthours
2026-03-09 09:00:00,CAL,California,OTH,Other,1050,megawatthours
2026-03-09 10:00:00,CAL,California,OTH,Other,334,megawatthours
2026-03-09 11:00:00,CAL,California,OTH,Other,-120,megawatthours
2026-03-09 12:00:00,CAL,California,OTH,Other,11,megawatthours
2026-03-09 13:00:00,CAL,California,OTH,Other,1329,megawatthours
2026-03-09 14:00:00,CAL,California,OTH,Other,4393,megawatthours
2026-03-09 15:00:00,CAL,California,OTH,Other,3445,megawatthours
2026-03-09 16:00:00,CAL,California,OTH,Other,-400,megawatthours
2026-03-09 17:00:00,CAL,California,OTH,Other,-2811,megawatthours
2026-03-09 18:00:00,CAL,California,OTH,Other,-5680,megawatthours
2026-03-09 19:00:00,CAL,California,OTH,Other,-6887,megawatthours
2026-03-09 20:00:00,CAL,California,OTH,Other,-8637,megawatthours
2026-03-09 21:00:00,CAL,California,OTH,Other,-8396,megawatthours
2026-03-09 22:00:00,CAL,California,OTH,Other,-7095,megawatthours
2026-03-09 23:00:00,CAL,California,OTH,Other,-5599,megawatthours
2026-03-10 00:00:00,CAL,California,OTH,Other,-3353,megawatthours
2026-03-10 00:00:00,CAL,California,OTH,Other,-3353,megawatthours
2026-03-10 01:00:00,CAL,California,OTH,Other,892,megawatthours
2026-03-10 02:00:00,CAL,California,OTH,Other,6701,megawatthours
2026-03-10 03:00:00,CAL,California,OTH,Other,8334,megawatthours
2026-03-10 04:00:00,CAL,California,OTH,Other,7662,megawatthours
2026-03-10 05:00:00,CAL,California,OTH,Other,6190,megawatthours
2026-03-10 06:00:00,CAL,California,OTH,Other,3616,megawatthours
2026-03-10 07:00:00,CAL,California,OTH,Other,1559,megawatthours
2026-03-10 08:00:00,CAL,California,OTH,Other,78,megawatthours
2026-03-10 09:00:00,CAL,California,OTH,Other,-852,megawatthours
2026-03-10 10:00:00,CAL,California,OTH,Other,-1116,megawatthours
2026-03-10 11:00:00,CAL,California,OTH,Other,-815,megawatthours
2026-03-10 12:00:00,CAL,California,OTH,Other,-133,megawatthours
2026-03-10 13:00:00,CAL,California,OTH,Other,1661,megawatthours
2026-03-10 14:00:00,CAL,California,OTH,Other,4925,megawatthours
2026-03-10 15:00:00,CAL,California,OTH,Other,5235,megawatthours
2026-03-10 16:00:00,CAL,California,OTH,Other,-36,megawatthours
2026-03-10 17:00:00,CAL,California,OTH,Other,-2024,megawatthours
2026-03-10 18:00:00,CAL,California,OTH,Other,-3388,megawatthours
2026-03-10 19:00:00,CAL,California,OTH,Other,-5314,megawatthours
2026-03-10 20:00:00,CAL,California,OTH,Other,-7395,megawatthours
2026-03-10 21:00:00,CAL,California,OTH,Other,-8957,megawatthours
2026-03-10 22:00:00,CAL,California,OTH,Other,-8455,megawatthours
2026-03-10 23:00:00,CAL,California,OTH,Other,-6824,megawatthours
2026-03-11 00:00:00,CAL,California,OTH,Other,-3995,megawatthours
2026-03-11 00:00:00,CAL,California,OTH,Other,-3995,megawatthours
2026-03-11 01:00:00,CAL,California,OTH,Other,-390,megawatthours
2026-03-11 02:00:00,CAL,California,OTH,Other,4753,megawatthours
2026-03-11 03:00:00,CAL,California,OTH,Other,6675,megawatthours
2026-03-11 04:00:00,CAL,California,OTH,Other,6683,megawatthours
2026-03-11 05:00:00,CAL,California,OTH,Other,6288,megawatthours
2026-03-11 06:00:00,CAL,California,OTH,Other,3825,megawatthours
2026-03-11 07:00:00,CAL,California,OTH,Other,1951,megawatthours
2026-03-11 08:00:00,CAL,California,OTH,Other,441,megawatthours
2026-03-11 09:00:00,CAL,California,OTH,Other,-33,megawatthours
2026-03-11 10:00:00,CAL,California,OTH,Other,-643,megawatthours
2026-03-11 11:00:00,CAL,California,OTH,Other,-256,megawatthours
2026-03-11 12:00:00,CAL,California,OTH,Other,764,megawatthours
2026-03-11 13:00:00,CAL,California,OTH,Other,2510,megawatthours
2026-03-11 14:00:00,CAL,California,OTH,Other,6251,megawatthours
2026-03-11 15:00:00,CAL,California,OTH,Other,4421,megawatthours
2026-03-11 16:00:00,CAL,California,OTH,Other,-1180,megawatthours
2026-03-11 17:00:00,CAL,California,OTH,Other,-3696,megawatthours
2026-03-11 18:00:00,CAL,California,OTH,Other,-5696,megawatthours
2026-03-11 19:00:00,CAL,California,OTH,Other,-7393,megawatthours
2026-03-11 20:00:00,CAL,California,OTH,Other,-8191,megawatthours
2026-03-11 21:00:00,CAL,California,OTH,Other,-8721,megawatthours
2026-03-11 22:00:00,CAL,California,OTH,Other,-7119,megawatthours
2026-03-11 23:00:00,CAL,California,OTH,Other,-5097,megawatthours
2026-03-12 00:00:00,CAL,California,OTH,Other,-2214,megawatthours
2026-03-12 00:00:00,CAL,California,OTH,Other,-2214,megawatthours
2026-03-12 01:00:00,CAL,California,OTH,Other,228,megawatthours
2026-03-12 02:00:00,CAL,California,OTH,Other,6299,megawatthours
2026-03-12 03:00:00,CAL,California,OTH,Other,7852,megawatthours
2026-03-12 04:00:00,CAL,California,OTH,Other,7430,megawatthours
2026-03-12 05:00:00,CAL,California,OTH,Other,6646,megawatthours
2026-03-12 06:00:00,CAL,California,OTH,Other,3991,megawatthours
2026-03-12 07:00:00,CAL,California,OTH,Other,2237,megawatthours
2026-03-12 08:00:00,CAL,California,OTH,Other,1378,megawatthours
2026-03-12 09:00:00,CAL,California,OTH,Other,583,megawatthours
2026-03-12 10:00:00,CAL,California,OTH,Other,-80,megawatthours
2026-03-12 11:00:00,CAL,California,OTH,Other,-55,megawatthours
2026-03-12 12:00:00,CAL,California,OTH,Other,144,megawatthours
2026-03-12 13:00:00,CAL,California,OTH,Other,1945,megawatthours
2026-03-12 14:00:00,CAL,California,OTH,Other,4153,megawatthours
2026-03-12 15:00:00,CAL,California,OTH,Other,2780,megawatthours
2026-03-12 16:00:00,CAL,California,OTH,Other,-1675,megawatthours
2026-03-12 17:00:00,CAL,California,OTH,Other,-4321,megawatthours
2026-03-12 18:00:00,CAL,California,OTH,Other,-6381,megawatthours
2026-03-12 19:00:00,CAL,California,OTH,Other,-7369,megawatthours
2026-03-12 20:00:00,CAL,California,OTH,Other,-8258,megawatthours
2026-03-12 21:00:00,CAL,California,OTH,Other,-7459,megawatthours
2026-03-12 22:00:00,CAL,California,OTH,Other,-6624,megawatthours
2026-03-12 23:00:00,CAL,California,OTH,Other,-4625,megawatthours
2026-03-13 00:00:00,CAL,California,OTH,Other,-1625,megawatthours
2026-03-13 00:00:00,CAL,California,OTH,Other,-1625,megawatthours
2026-03-13 01:00:00,CAL,California,OTH,Other,1550,megawatthours
2026-03-13 02:00:00,CAL,California,OTH,Other,8564,megawatthours
2026-03-13 03:00:00,CAL,California,OTH,Other,9807,megawatthours
2026-03-13 04:00:00,CAL,California,OTH,Other,8468,megawatthours
2026-03-13 05:00:00,CAL,California,OTH,Other,7589,megawatthours
2026-03-13 06:00:00,CAL,California,OTH,Other,4468,megawatthours
2026-03-13 07:00:00,CAL,California,OTH,Other,1926,megawatthours
2026-03-13 08:00:00,CAL,California,OTH,Other,1262,megawatthours
2026-03-13 09:00:00,CAL,California,OTH,Other,203,megawatthours
2026-03-13 10:00:00,CAL,California,OTH,Other,-17,megawatthours
2026-03-13 11:00:00,CAL,California,OTH,Other,-255,megawatthours
2026-03-13 12:00:00,CAL,California,OTH,Other,-205,megawatthours
2026-03-13 13:00:00,CAL,California,OTH,Other,146,megawatthours
2026-03-13 14:00:00,CAL,California,OTH,Other,2342,megawatthours
2026-03-13 15:00:00,CAL,California,OTH,Other,1258,megawatthours
2026-03-13 16:00:00,CAL,California,OTH,Other,-2571,megawatthours
2026-03-13 17:00:00,CAL,California,OTH,Other,-5034,megawatthours
2026-03-13 18:00:00,CAL,California,OTH,Other,-6751,megawatthours
2026-03-13 19:00:00,CAL,California,OTH,Other,-8472,megawatthours
2026-03-13 20:00:00,CAL,California,OTH,Other,-7819,megawatthours
2026-03-13 21:00:00,CAL,California,OTH,Other,-6260,megawatthours
2026-03-13 22:00:00,CAL,California,OTH,Other,-4696,megawatthours
2026-03-13 23:00:00,CAL,California,OTH,Other,-2617,megawatthours
2026-03-14 00:00:00,CAL,California,OTH,Other,-665,megawatthours
2026-03-14 00:00:00,CAL,California,OTH,Other,-665,megawatthours
2026-03-14 01:00:00,CAL,California,OTH,Other,3583,megawatthours
2026-03-14 02:00:00,CAL,California,OTH,Other,8689,megawatthours
2026-03-14 03:00:00,CAL,California,OTH,Other,8673,megawatthours
2026-03-14 04:00:00,CAL,California,OTH,Other,6849,megawatthours
2026-03-14 05:00:00,CAL,California,OTH,Other,5167,megawatthours
2026-03-14 06:00:00,CAL,California,OTH,Other,2675,megawatthours
2026-03-14 07:00:00,CAL,California,OTH,Other,1187,megawatthours
2026-03-14 08:00:00,CAL,California,OTH,Other,934,megawatthours
2026-03-14 09:00:00,CAL,California,OTH,Other,168,megawatthours
2026-03-14 10:00:00,CAL,California,OTH,Other,-648,megawatthours
2026-03-14 11:00:00,CAL,California,OTH,Other,-1020,megawatthours
2026-03-14 12:00:00,CAL,California,OTH,Other,-347,megawatthours
2026-03-14 13:00:00,CAL,California,OTH,Other,723,megawatthours
2026-03-14 14:00:00,CAL,California,OTH,Other,2520,megawatthours
2026-03-14 15:00:00,CAL,California,OTH,Other,2217,megawatthours
2026-03-14 16:00:00,CAL,California,OTH,Other,-1112,megawatthours
2026-03-14 17:00:00,CAL,California,OTH,Other,-2800,megawatthours
2026-03-14 18:00:00,CAL,California,OTH,Other,-4917,megawatthours
2026-03-14 19:00:00,CAL,California,OTH,Other,-7733,megawatthours
2026-03-14 20:00:00,CAL,California,OTH,Other,-9399,megawatthours
2026-03-14 21:00:00,CAL,California,OTH,Other,-8930,megawatthours
2026-03-14 22:00:00,CAL,California,OTH,Other,-7383,megawatthours
2026-03-14 23:00:00,CAL,California,OTH,Other,-5714,megawatthours
2026-03-15 00:00:00,CAL,California,OTH,Other,-2860,megawatthours
2026-03-15 00:00:00,CAL,California,OTH,Other,-2860,megawatthours
2026-03-15 01:00:00,CAL,California,OTH,Other,33,megawatthours
2026-03-15 02:00:00,CAL,California,OTH,Other,4643,megawatthours
2026-03-15 03:00:00,CAL,California,OTH,Other,6399,megawatthours
2026-03-15 04:00:00,CAL,California,OTH,Other,6223,megawatthours
2026-03-15 05:00:00,CAL,California,OTH,Other,5955,megawatthours
2026-03-15 06:00:00,CAL,California,OTH,Other,4331,megawatthours
2026-03-15 07:00:00,CAL,California,OTH,Other,2778,megawatthours
2026-03-15 08:00:00,CAL,California,OTH,Other,1909,megawatthours
2026-03-15 09:00:00,CAL,California,OTH,Other,1489,megawatthours
2026-03-15 10:00:00,CAL,California,OTH,Other,738,megawatthours
2026-03-15 11:00:00,CAL,California,OTH,Other,751,megawatthours
2026-03-15 12:00:00,CAL,California,OTH,Other,1590,megawatthours
2026-03-15 13:00:00,CAL,California,OTH,Other,2369,megawatthours
2026-03-15 14:00:00,CAL,California,OTH,Other,3920,megawatthours
2026-03-15 15:00:00,CAL,California,OTH,Other,2210,megawatthours
2026-03-15 16:00:00,CAL,California,OTH,Other,-985,megawatthours
2026-03-15 17:00:00,CAL,California,OTH,Other,-3412,megawatthours
2026-03-15 18:00:00,CAL,California,OTH,Other,-6324,megawatthours
2026-03-15 19:00:00,CAL,California,OTH,Other,-8108,megawatthours
2026-03-15 20:00:00,CAL,California,OTH,Other,-8657,megawatthours
2026-03-15 21:00:00,CAL,California,OTH,Other,-8361,megawatthours
2026-03-15 22:00:00,CAL,California,OTH,Other,-6179,megawatthours
2026-03-15 23:00:00,CAL,California,OTH,Other,-3815,megawatthours
2026-03-16 00:00:00,CAL,California,OTH,Other,-1456,megawatthours
2026-03-16 00:00:00,CAL,California,OTH,Other,-1456,megawatthours
2026-03-16 01:00:00,CAL,California,OTH,Other,1252,megawatthours
2026-03-16 02:00:00,CAL,California,OTH,Other,6557,megawatthours
2026-03-16 03:00:00,CAL,California,OTH,Other,8182,megawatthours
2026-03-16 04:00:00,CAL,California,OTH,Other,7523,megawatthours
2026-03-16 05:00:00,CAL,California,OTH,Other,6821,megawatthours
2026-03-16 06:00:00,CAL,California,OTH,Other,4509,megawatthours
2026-03-16 07:00:00,CAL,California,OTH,Other,2714,megawatthours
2026-03-16 08:00:00,CAL,California,OTH,Other,1087,megawatthours
2026-03-16 09:00:00,CAL,California,OTH,Other,386,megawatthours
2026-03-16 10:00:00,CAL,California,OTH,Other,-428,megawatthours
2026-03-16 11:00:00,CAL,California,OTH,Other,-681,megawatthours
2026-03-16 12:00:00,CAL,California,OTH,Other,12,megawatthours
2026-03-16 13:00:00,CAL,California,OTH,Other,1416,megawatthours
2026-03-16 14:00:00,CAL,California,OTH,Other,3648,megawatthours
2026-03-16 15:00:00,CAL,California,OTH,Other,2698,megawatthours
2026-03-16 16:00:00,CAL,California,OTH,Other,-711,megawatthours
2026-03-16 17:00:00,CAL,California,OTH,Other,-3260,megawatthours
2026-03-16 18:00:00,CAL,California,OTH,Other,-5379,megawatthours
2026-03-16 19:00:00,CAL,California,OTH,Other,-8097,megawatthours
2026-03-16 20:00:00,CAL,California,OTH,Other,-8868,megawatthours
2026-03-16 21:00:00,CAL,California,OTH,Other,-8368,megawatthours
2026-03-16 22:00:00,CAL,California,OTH,Other,-6764,megawatthours
2026-03-16 23:00:00,CAL,California,OTH,Other,-4620,megawatthours
2026-03-17 00:00:00,CAL,California,OTH,Other,-2553,megawatthours
2026-03-17 00:00:00,CAL,California,OTH,Other,-2553,megawatthours
2026-03-17 01:00:00,CAL,California,OTH,Other,1283,megawatthours
2026-03-17 02:00:00,CAL,California,OTH,Other,8013,megawatthours
2026-03-17 03:00:00,CAL,California,OTH,Other,9151,megawatthours
2026-03-17 04:00:00,CAL,California,OTH,Other,7625,megawatthours
2026-03-17 05:00:00,CAL,California,OTH,Other,5884,megawatthours
2026-03-17 06:00:00,CAL,California,OTH,Other,4158,megawatthours
2026-03-17 07:00:00,CAL,California,OTH,Other,2456,megawatthours
2026-03-17 08:00:00,CAL,California,OTH,Other,558,megawatthours
2026-03-17 09:00:00,CAL,California,OTH,Other,-178,megawatthours
2026-03-17 10:00:00,CAL,California,OTH,Other,-324,megawatthours
2026-03-17 11:00:00,CAL,California,OTH,Other,-626,megawatthours
2026-03-17 12:00:00,CAL,California,OTH,Other,-261,megawatthours
2026-03-17 13:00:00,CAL,California,OTH,Other,1184,megawatthours
2026-03-17 14:00:00,CAL,California,OTH,Other,3463,megawatthours
2026-03-17 15:00:00,CAL,California,OTH,Other,1704,megawatthours
2026-03-17 16:00:00,CAL,California,OTH,Other,-2364,megawatthours
2026-03-17 17:00:00,CAL,California,OTH,Other,-6752,megawatthours
2026-03-17 18:00:00,CAL,California,OTH,Other,-7450,megawatthours
2026-03-17 19:00:00,CAL,California,OTH,Other,-7954,megawatthours
2026-03-17 20:00:00,CAL,California,OTH,Other,-7489,megawatthours
2026-03-17 21:00:00,CAL,California,OTH,Other,-5581,megawatthours
2026-03-17 22:00:00,CAL,California,OTH,Other,-4347,megawatthours
2026-03-17 23:00:00,CAL,California,OTH,Other,-2368,megawatthours
2026-03-18 00:00:00,CAL,California,OTH,Other,-1491,megawatthours
2026-03-18 00:00:00,CAL,California,OTH,Other,-1491,megawatthours
2026-03-18 01:00:00,CAL,California,OTH,Other,2012,megawatthours
2026-03-18 02:00:00,CAL,California,OTH,Other,9419,megawatthours
2026-03-18 03:00:00,CAL,California,OTH,Other,9763,megawatthours
2026-03-18 04:00:00,CAL,California,OTH,Other,8185,megawatthours
2026-03-18 05:00:00,CAL,California,OTH,Other,6456,megawatthours
2026-03-18 06:00:00,CAL,California,OTH,Other,3851,megawatthours
2026-03-18 07:00:00,CAL,California,OTH,Other,2010,megawatthours
2026-03-18 08:00:00,CAL,California,OTH,Other,1073,megawatthours
2026-03-18 09:00:00,CAL,California,OTH,Other,251,megawatthours
2026-03-18 10:00:00,CAL,California,OTH,Other,-245,megawatthours
2026-03-18 11:00:00,CAL,California,OTH,Other,-217,megawatthours
2026-03-18 12:00:00,CAL,California,OTH,Other,-238,megawatthours
2026-03-18 13:00:00,CAL,California,OTH,Other,166,megawatthours
2026-03-18 14:00:00,CAL,California,OTH,Other,1083,megawatthours
2026-03-18 15:00:00,CAL,California,OTH,Other,468,megawatthours
2026-03-18 16:00:00,CAL,California,OTH,Other,-3432,megawatthours
2026-03-18 17:00:00,CAL,California,OTH,Other,-6503,megawatthours
2026-03-18 18:00:00,CAL,California,OTH,Other,-7869,megawatthours
2026-03-18 19:00:00,CAL,California,OTH,Other,-7978,megawatthours
2026-03-18 20:00:00,CAL,California,OTH,Other,-7456,megawatthours
2026-03-18 21:00:00,CAL,California,OTH,Other,-5684,megawatthours
2026-03-18 22:00:00,CAL,California,OTH,Other,-4026,megawatthours
2026-03-18 23:00:00,CAL,California,OTH,Other,-2177,megawatthours
2026-03-19 00:00:00,CAL,California,OTH,Other,-986,megawatthours
2026-03-19 00:00:00,CAL,California,OTH,Other,-986,megawatthours
2026-03-19 01:00:00,CAL,California,OTH,Other,3227,megawatthours
2026-03-19 02:00:00,CAL,California,OTH,Other,10032,megawatthours
2026-03-19 03:00:00,CAL,California,OTH,Other,9744,megawatthours
2026-03-19 04:00:00,CAL,California,OTH,Other,7122,megawatthours
2026-03-19 05:00:00,CAL,California,OTH,Other,5622,megawatthours
2026-03-19 06:00:00,CAL,California,OTH,Other,3049,megawatthours
2026-03-19 07:00:00,CAL,California,OTH,Other,1175,megawatthours
2026-03-19 08:00:00,CAL,California,OTH,Other,141,megawatthours
2026-03-19 09:00:00,CAL,California,OTH,Other,-168,megawatthours
2026-03-19 10:00:00,CAL,California,OTH,Other,-851,megawatthours
2026-03-19 11:00:00,CAL,California,OTH,Other,-1085,megawatthours
2026-03-19 12:00:00,CAL,California,OTH,Other,-452,megawatthours
2026-03-19 13:00:00,CAL,California,OTH,Other,361,megawatthours
2026-03-19 14:00:00,CAL,California,OTH,Other,2856,megawatthours
2026-03-19 15:00:00,CAL,California,OTH,Other,627,megawatthours
2026-03-19 16:00:00,CAL,California,OTH,Other,-3847,megawatthours
2026-03-19 17:00:00,CAL,California,OTH,Other,-7001,megawatthours
2026-03-19 18:00:00,CAL,California,OTH,Other,-7402,megawatthours
2026-03-19 19:00:00,CAL,California,OTH,Other,-7458,megawatthours
2026-03-19 20:00:00,CAL,California,OTH,Other,-6837,megawatthours
2026-03-19 21:00:00,CAL,California,OTH,Other,-5147,megawatthours
2026-03-19 22:00:00,CAL,California,OTH,Other,-3135,megawatthours
2026-03-19 23:00:00,CAL,California,OTH,Other,-2005,megawatthours
2026-03-20 00:00:00,CAL,California,OTH,Other,-970,megawatthours
2026-03-20 00:00:00,CAL,California,OTH,Other,-970,megawatthours
2026-03-20 01:00:00,CAL,California,OTH,Other,2986,megawatthours
2026-03-20 02:00:00,CAL,California,OTH,Other,9576,megawatthours
2026-03-20 03:00:00,CAL,California,OTH,Other,9733,megawatthours
2026-03-20 04:00:00,CAL,California,OTH,Other,9207,megawatthours
2026-03-20 05:00:00,CAL,California,OTH,Other,6550,megawatthours
2026-03-20 06:00:00,CAL,California,OTH,Other,2780,megawatthours
2026-03-20 07:00:00,CAL,California,OTH,Other,802,megawatthours
2026-03-20 08:00:00,CAL,California,OTH,Other,399,megawatthours
2026-03-20 09:00:00,CAL,California,OTH,Other,219,megawatthours
2026-03-20 10:00:00,CAL,California,OTH,Other,-489,megawatthours
2026-03-20 11:00:00,CAL,California,OTH,Other,-901,megawatthours
2026-03-20 12:00:00,CAL,California,OTH,Other,-832,megawatthours
2026-03-20 13:00:00,CAL,California,OTH,Other,181,megawatthours
2026-03-20 14:00:00,CAL,California,OTH,Other,2846,megawatthours
2026-03-20 15:00:00,CAL,California,OTH,Other,697,megawatthours
2026-03-20 16:00:00,CAL,California,OTH,Other,-4412,megawatthours
2026-03-20 17:00:00,CAL,California,OTH,Other,-7816,megawatthours
2026-03-20 18:00:00,CAL,California,OTH,Other,-8772,megawatthours
2026-03-20 19:00:00,CAL,California,OTH,Other,-7579,megawatthours
2026-03-20 20:00:00,CAL,California,OTH,Other,-6444,megawatthours
2026-03-20 21:00:00,CAL,California,OTH,Other,-4414,megawatthours
2026-03-20 22:00:00,CAL,California,OTH,Other,-3093,megawatthours
2026-03-20 23:00:00,CAL,California,OTH,Other,-1066,megawatthours
2026-03-21 00:00:00,CAL,California,OTH,Other,-322,megawatthours
2026-03-21 00:00:00,CAL,California,OTH,Other,-322,megawatthours
2026-03-21 01:00:00,CAL,California,OTH,Other,2912,megawatthours
2026-03-21 02:00:00,CAL,California,OTH,Other,10031,megawatthours
2026-03-21 03:00:00,CAL,California,OTH,Other,9792,megawatthours
2026-03-21 04:00:00,CAL,California,OTH,Other,7782,megawatthours
2026-03-21 05:00:00,CAL,California,OTH,Other,5783,megawatthours
2026-03-21 06:00:00,CAL,California,OTH,Other,2763,megawatthours
2026-03-21 07:00:00,CAL,California,OTH,Other,1312,megawatthours
2026-03-21 08:00:00,CAL,California,OTH,Other,826,megawatthours
2026-03-21 09:00:00,CAL,California,OTH,Other,0,megawatthours
2026-03-21 10:00:00,CAL,California,OTH,Other,-59,megawatthours
2026-03-21 11:00:00,CAL,California,OTH,Other,-91,megawatthours
2026-03-21 12:00:00,CAL,California,OTH,Other,33,megawatthours
2026-03-21 13:00:00,CAL,California,OTH,Other,316,megawatthours
2026-03-21 14:00:00,CAL,California,OTH,Other,1767,megawatthours
2026-03-21 15:00:00,CAL,California,OTH,Other,150,megawatthours
2026-03-21 16:00:00,CAL,California,OTH,Other,-2416,megawatthours
2026-03-21 17:00:00,CAL,California,OTH,Other,-5027,megawatthours
2026-03-21 18:00:00,CAL,California,OTH,Other,-7576,megawatthours
2026-03-21 19:00:00,CAL,California,OTH,Other,-9243,megawatthours
2026-03-21 20:00:00,CAL,California,OTH,Other,-8924,megawatthours
2026-03-21 21:00:00,CAL,California,OTH,Other,-7498,megawatthours
2026-03-21 22:00:00,CAL,California,OTH,Other,-4979,megawatthours
2026-03-21 23:00:00,CAL,California,OTH,Other,-3163,megawatthours
2026-03-22 00:00:00,CAL,California,OTH,Other,-1279,megawatthours
2026-03-22 00:00:00,CAL,California,OTH,Other,-1279,megawatthours
2026-03-22 01:00:00,CAL,California,OTH,Other,2532,megawatthours
2026-03-22 02:00:00,CAL,California,OTH,Other,8519,megawatthours
2026-03-22 03:00:00,CAL,California,OTH,Other,9090,megawatthours
2026-03-22 04:00:00,CAL,California,OTH,Other,7692,megawatthours
2026-03-22 05:00:00,CAL,California,OTH,Other,5881,megawatthours
2026-03-22 06:00:00,CAL,California,OTH,Other,3097,megawatthours
2026-03-22 07:00:00,CAL,California,OTH,Other,1501,megawatthours
2026-03-22 08:00:00,CAL,California,OTH,Other,1698,megawatthours
2026-03-22 09:00:00,CAL,California,OTH,Other,1069,megawatthours
2026-03-22 10:00:00,CAL,California,OTH,Other,279,megawatthours
2026-03-22 11:00:00,CAL,California,OTH,Other,24,megawatthours
2026-03-22 12:00:00,CAL,California,OTH,Other,106,megawatthours
2026-03-22 13:00:00,CAL,California,OTH,Other,834,megawatthours
2026-03-22 14:00:00,CAL,California,OTH,Other,1677,megawatthours
2026-03-22 15:00:00,CAL,California,OTH,Other,519,megawatthours
2026-03-22 16:00:00,CAL,California,OTH,Other,-1629,megawatthours
2026-03-22 17:00:00,CAL,California,OTH,Other,-6128,megawatthours
2026-03-22 18:00:00,CAL,California,OTH,Other,-7027,megawatthours
2026-03-22 19:00:00,CAL,California,OTH,Other,-8625,megawatthours
2026-03-22 20:00:00,CAL,California,OTH,Other,-8577,megawatthours
2026-03-22 21:00:00,CAL,California,OTH,Other,-7130,megawatthours
2026-03-22 22:00:00,CAL,California,OTH,Other,-4515,megawatthours
2026-03-22 23:00:00,CAL,California,OTH,Other,-2433,megawatthours
2026-03-23 00:00:00,CAL,California,OTH,Other,-1953,megawatthours
2026-03-23 00:00:00,CAL,California,OTH,Other,-1953,megawatthours
2026-03-23 01:00:00,CAL,California,OTH,Other,694,megawatthours
2026-03-23 02:00:00,CAL,California,OTH,Other,7392,megawatthours
2026-03-23 03:00:00,CAL,California,OTH,Other,8123,megawatthours
2026-03-23 04:00:00,CAL,California,OTH,Other,7436,megawatthours
2026-03-23 05:00:00,CAL,California,OTH,Other,5431,megawatthours
2026-03-23 06:00:00,CAL,California,OTH,Other,3233,megawatthours
2026-03-23 07:00:00,CAL,California,OTH,Other,1630,megawatthours
2026-03-23 08:00:00,CAL,California,OTH,Other,1395,megawatthours
2026-03-23 09:00:00,CAL,California,OTH,Other,277,megawatthours
2026-03-23 10:00:00,CAL,California,OTH,Other,-81,megawatthours
2026-03-23 11:00:00,CAL,California,OTH,Other,-321,megawatthours
2026-03-23 12:00:00,CAL,California,OTH,Other,543,megawatthours
2026-03-23 13:00:00,CAL,California,OTH,Other,1521,megawatthours
2026-03-23 14:00:00,CAL,California,OTH,Other,5038,megawatthours
2026-03-23 15:00:00,CAL,California,OTH,Other,2092,megawatthours
2026-03-23 16:00:00,CAL,California,OTH,Other,-1235,megawatthours
2026-03-23 17:00:00,CAL,California,OTH,Other,-4176,megawatthours
2026-03-23 18:00:00,CAL,California,OTH,Other,-6331,megawatthours
2026-03-23 19:00:00,CAL,California,OTH,Other,-7372,megawatthours
2026-03-23 20:00:00,CAL,California,OTH,Other,-8393,megawatthours
2026-03-23 21:00:00,CAL,California,OTH,Other,-8148,megawatthours
2026-03-23 22:00:00,CAL,California,OTH,Other,-7105,megawatthours
2026-03-23 23:00:00,CAL,California,OTH,Other,-3949,megawatthours
2026-03-24 00:00:00,CAL,California,OTH,Other,-1765,megawatthours
2026-03-24 00:00:00,CAL,California,OTH,Other,-1765,megawatthours
2026-03-24 01:00:00,CAL,California,OTH,Other,1678,megawatthours
2026-03-24 02:00:00,CAL,California,OTH,Other,7503,megawatthours
2026-03-24 03:00:00,CAL,California,OTH,Other,8680,megawatthours
2026-03-24 04:00:00,CAL,California,OTH,Other,8290,megawatthours
2026-03-24 05:00:00,CAL,California,OTH,Other,6746,megawatthours
2026-03-24 06:00:00,CAL,California,OTH,Other,4230,megawatthours
2026-03-24 07:00:00,CAL,California,OTH,Other,1826,megawatthours
2026-03-24 08:00:00,CAL,California,OTH,Other,512,megawatthours
2026-03-24 09:00:00,CAL,California,OTH,Other,-415,megawatthours
2026-03-24 10:00:00,CAL,California,OTH,Other,-949,megawatthours
2026-03-24 11:00:00,CAL,California,OTH,Other,-1247,megawatthours
2026-03-24 12:00:00,CAL,California,OTH,Other,-71,megawatthours
2026-03-24 13:00:00,CAL,California,OTH,Other,1417,megawatthours
2026-03-24 14:00:00,CAL,California,OTH,Other,4530,megawatthours
2026-03-24 15:00:00,CAL,California,OTH,Other,1394,megawatthours
2026-03-24 16:00:00,CAL,California,OTH,Other,-2024,megawatthours
2026-03-24 17:00:00,CAL,California,OTH,Other,-5688,megawatthours
2026-03-24 18:00:00,CAL,California,OTH,Other,-7097,megawatthours
2026-03-24 19:00:00,CAL,California,OTH,Other,-8436,megawatthours
2026-03-24 20:00:00,CAL,California,OTH,Other,-7909,megawatthours
2026-03-24 21:00:00,CAL,California,OTH,Other,-7983,megawatthours
2026-03-24 22:00:00,CAL,California,OTH,Other,-5926,megawatthours
2026-03-24 23:00:00,CAL,California,OTH,Other,-3190,megawatthours
2026-03-25 00:00:00,CAL,California,OTH,Other,-918,megawatthours
2026-03-25 00:00:00,CAL,California,OTH,Other,-918,megawatthours
2026-03-25 01:00:00,CAL,California,OTH,Other,1058,megawatthours
2026-03-25 02:00:00,CAL,California,OTH,Other,8980,megawatthours
2026-03-25 03:00:00,CAL,California,OTH,Other,9770,megawatthours
2026-03-25 04:00:00,CAL,California,OTH,Other,8023,megawatthours
2026-03-25 05:00:00,CAL,California,OTH,Other,6118,megawatthours
2026-03-25 06:00:00,CAL,California,OTH,Other,3823,megawatthours
2026-03-25 07:00:00,CAL,California,OTH,Other,1472,megawatthours
2026-03-25 08:00:00,CAL,California,OTH,Other,1016,megawatthours
2026-03-25 09:00:00,CAL,California,OTH,Other,287,megawatthours
2026-03-25 10:00:00,CAL,California,OTH,Other,-187,megawatthours
2026-03-25 11:00:00,CAL,California,OTH,Other,-395,megawatthours
2026-03-25 12:00:00,CAL,California,OTH,Other,-322,megawatthours
2026-03-25 13:00:00,CAL,California,OTH,Other,1224,megawatthours
2026-03-25 14:00:00,CAL,California,OTH,Other,4308,megawatthours
2026-03-25 15:00:00,CAL,California,OTH,Other,1732,megawatthours
2026-03-25 16:00:00,CAL,California,OTH,Other,-2583,megawatthours
2026-03-25 17:00:00,CAL,California,OTH,Other,-5512,megawatthours
2026-03-25 18:00:00,CAL,California,OTH,Other,-7819,megawatthours
2026-03-25 19:00:00,CAL,California,OTH,Other,-8630,megawatthours
2026-03-25 20:00:00,CAL,California,OTH,Other,-8225,megawatthours
2026-03-25 21:00:00,CAL,California,OTH,Other,-6373,megawatthours
2026-03-25 22:00:00,CAL,California,OTH,Other,-4638,megawatthours
2026-03-25 23:00:00,CAL,California,OTH,Other,-3128,megawatthours
2026-03-26 00:00:00,CAL,California,OTH,Other,-1905,megawatthours
2026-03-26 00:00:00,CAL,California,OTH,Other,-1905,megawatthours
2026-03-26 01:00:00,CAL,California,OTH,Other,102,megawatthours
2026-03-26 02:00:00,CAL,California,OTH,Other,7259,megawatthours
2026-03-26 03:00:00,CAL,California,OTH,Other,9196,megawatthours
2026-03-26 04:00:00,CAL,California,OTH,Other,7663,megawatthours
2026-03-26 05:00:00,CAL,California,OTH,Other,5731,megawatthours
2026-03-26 06:00:00,CAL,California,OTH,Other,3185,megawatthours
2026-03-26 07:00:00,CAL,California,OTH,Other,1353,megawatthours
2026-03-26 08:00:00,CAL,California,OTH,Other,342,megawatthours
2026-03-26 09:00:00,CAL,California,OTH,Other,-523,megawatthours
2026-03-26 10:00:00,CAL,California,OTH,Other,-685,megawatthours
2026-03-26 11:00:00,CAL,California,OTH,Other,-1026,megawatthours
2026-03-26 12:00:00,CAL,California,OTH,Other,59,megawatthours
2026-03-26 13:00:00,CAL,California,OTH,Other,2146,megawatthours
2026-03-26 14:00:00,CAL,California,OTH,Other,5503,megawatthours
2026-03-26 15:00:00,CAL,California,OTH,Other,3288,megawatthours
2026-03-26 16:00:00,CAL,California,OTH,Other,-1778,megawatthours
2026-03-26 17:00:00,CAL,California,OTH,Other,-6231,megawatthours
2026-03-26 18:00:00,CAL,California,OTH,Other,-7244,megawatthours
2026-03-26 19:00:00,CAL,California,OTH,Other,-8029,megawatthours
2026-03-26 20:00:00,CAL,California,OTH,Other,-8076,megawatthours
2026-03-26 21:00:00,CAL,California,OTH,Other,-6642,megawatthours
2026-03-26 22:00:00,CAL,California,OTH,Other,-5315,megawatthours
2026-03-26 23:00:00,CAL,California,OTH,Other,-2188,megawatthours
2026-03-27 00:00:00,CAL,California,OTH,Other,-997,megawatthours
2026-03-27 00:00:00,CAL,California,OTH,Other,-997,megawatthours
2026-03-27 01:00:00,CAL,California,OTH,Other,1009,megawatthours
2026-03-27 02:00:00,CAL,California,OTH,Other,7976,megawatthours
2026-03-27 03:00:00,CAL,California,OTH,Other,10004,megawatthours
2026-03-27 04:00:00,CAL,California,OTH,Other,8133,megawatthours
2026-03-27 05:00:00,CAL,California,OTH,Other,6620,megawatthours
2026-03-27 06:00:00,CAL,California,OTH,Other,4408,megawatthours
2026-03-27 07:00:00,CAL,California,OTH,Other,1875,megawatthours
2026-03-27 08:00:00,CAL,California,OTH,Other,1185,megawatthours
2026-03-27 09:00:00,CAL,California,OTH,Other,295,megawatthours
2026-03-27 10:00:00,CAL,California,OTH,Other,66,megawatthours
2026-03-27 11:00:00,CAL,California,OTH,Other,-461,megawatthours
2026-03-27 12:00:00,CAL,California,OTH,Other,93,megawatthours
2026-03-27 13:00:00,CAL,California,OTH,Other,1010,megawatthours
2026-03-27 14:00:00,CAL,California,OTH,Other,3183,megawatthours
2026-03-27 15:00:00,CAL,California,OTH,Other,953,megawatthours
2026-03-27 16:00:00,CAL,California,OTH,Other,-2662,megawatthours
2026-03-27 17:00:00,CAL,California,OTH,Other,-5484,megawatthours
2026-03-27 18:00:00,CAL,California,OTH,Other,-7347,megawatthours
2026-03-27 19:00:00,CAL,California,OTH,Other,-8690,megawatthours
2026-03-27 20:00:00,CAL,California,OTH,Other,-8073,megawatthours
2026-03-27 21:00:00,CAL,California,OTH,Other,-6512,megawatthours
2026-03-27 22:00:00,CAL,California,OTH,Other,-4957,megawatthours
2026-03-27 23:00:00,CAL,California,OTH,Other,-3322,megawatthours
2026-03-28 00:00:00,CAL,California,OTH,Other,-1685,megawatthours
2026-03-28 00:00:00,CAL,California,OTH,Other,-1685,megawatthours
2026-03-28 01:00:00,CAL,California,OTH,Other,339,megawatthours
2026-03-28 02:00:00,CAL,California,OTH,Other,5829,megawatthours
2026-03-28 03:00:00,CAL,California,OTH,Other,8217,megawatthours
2026-03-28 04:00:00,CAL,California,OTH,Other,6745,megawatthours
2026-03-28 05:00:00,CAL,California,OTH,Other,7067,megawatthours
2026-03-28 06:00:00,CAL,California,OTH,Other,5065,megawatthours
2026-03-28 07:00:00,CAL,California,OTH,Other,2718,megawatthours
2026-03-28 08:00:00,CAL,California,OTH,Other,1838,megawatthours
2026-03-28 09:00:00,CAL,California,OTH,Other,655,megawatthours
2026-03-28 10:00:00,CAL,California,OTH,Other,236,megawatthours
2026-03-28 11:00:00,CAL,California,OTH,Other,55,megawatthours
2026-03-28 12:00:00,CAL,California,OTH,Other,-75,megawatthours
2026-03-28 13:00:00,CAL,California,OTH,Other,1422,megawatthours
2026-03-28 14:00:00,CAL,California,OTH,Other,3208,megawatthours
2026-03-28 15:00:00,CAL,California,OTH,Other,1119,megawatthours
2026-03-28 16:00:00,CAL,California,OTH,Other,-2693,megawatthours
2026-03-28 17:00:00,CAL,California,OTH,Other,-5660,megawatthours
2026-03-28 18:00:00,CAL,California,OTH,Other,-8267,megawatthours
2026-03-28 19:00:00,CAL,California,OTH,Other,-8675,megawatthours
2026-03-28 20:00:00,CAL,California,OTH,Other,-7726,megawatthours
2026-03-28 21:00:00,CAL,California,OTH,Other,-6583,megawatthours
2026-03-28 22:00:00,CAL,California,OTH,Other,-4896,megawatthours
2026-03-28 23:00:00,CAL,California,OTH,Other,-2297,megawatthours
2026-03-29 00:00:00,CAL,California,OTH,Other,-1038,megawatthours
2026-03-29 00:00:00,CAL,California,OTH,Other,-1038,megawatthours
2026-03-29 01:00:00,CAL,California,OTH,Other,1519,megawatthours
2026-03-29 02:00:00,CAL,California,OTH,Other,7435,megawatthours
2026-03-29 03:00:00,CAL,California,OTH,Other,9317,megawatthours
2026-03-29 04:00:00,CAL,California,OTH,Other,8360,megawatthours
2026-03-29 05:00:00,CAL,California,OTH,Other,7366,megawatthours
2026-03-29 06:00:00,CAL,California,OTH,Other,4746,megawatthours
2026-03-29 07:00:00,CAL,California,OTH,Other,2343,megawatthours
2026-03-29 08:00:00,CAL,California,OTH,Other,1514,megawatthours
2026-03-29 09:00:00,CAL,California,OTH,Other,636,megawatthours
2026-03-29 10:00:00,CAL,California,OTH,Other,332,megawatthours
2026-03-29 11:00:00,CAL,California,OTH,Other,75,megawatthours
2026-03-29 12:00:00,CAL,California,OTH,Other,90,megawatthours
2026-03-29 13:00:00,CAL,California,OTH,Other,802,megawatthours
2026-03-29 14:00:00,CAL,California,OTH,Other,1042,megawatthours
2026-03-29 15:00:00,CAL,California,OTH,Other,167,megawatthours
2026-03-29 16:00:00,CAL,California,OTH,Other,-2109,megawatthours
2026-03-29 17:00:00,CAL,California,OTH,Other,-4201,megawatthours
2026-03-29 18:00:00,CAL,California,OTH,Other,-6980,megawatthours
2026-03-29 19:00:00,CAL,California,OTH,Other,-8565,megawatthours
2026-03-29 20:00:00,CAL,California,OTH,Other,-8595,megawatthours
2026-03-29 21:00:00,CAL,California,OTH,Other,-7315,megawatthours
2026-03-29 22:00:00,CAL,California,OTH,Other,-6106,megawatthours
2026-03-29 23:00:00,CAL,California,OTH,Other,-3543,megawatthours
2026-03-30 00:00:00,CAL,California,OTH,Other,-1816,megawatthours
2026-03-30 00:00:00,CAL,California,OTH,Other,-1816,megawatthours
2026-03-30 01:00:00,CAL,California,OTH,Other,2965,megawatthours
2026-03-30 02:00:00,CAL,California,OTH,Other,9601,megawatthours
2026-03-30 03:00:00,CAL,California,OTH,Other,10789,megawatthours
2026-03-30 04:00:00,CAL,California,OTH,Other,8233,megawatthours
2026-03-30 05:00:00,CAL,California,OTH,Other,5505,megawatthours
2026-03-30 06:00:00,CAL,California,OTH,Other,3432,megawatthours
2026-03-30 07:00:00,CAL,California,OTH,Other,695,megawatthours
2026-03-30 08:00:00,CAL,California,OTH,Other,-292,megawatthours
2026-03-30 09:00:00,CAL,California,OTH,Other,-739,megawatthours
2026-03-30 10:00:00,CAL,California,OTH,Other,-1335,megawatthours
2026-03-30 11:00:00,CAL,California,OTH,Other,-1154,megawatthours
2026-03-30 12:00:00,CAL,California,OTH,Other,-335,megawatthours
2026-03-30 13:00:00,CAL,California,OTH,Other,1447,megawatthours
2026-03-30 14:00:00,CAL,California,OTH,Other,4368,megawatthours
2026-03-30 15:00:00,CAL,California,OTH,Other,2547,megawatthours
2026-03-30 16:00:00,CAL,California,OTH,Other,-909,megawatthours
2026-03-30 17:00:00,CAL,California,OTH,Other,-2977,megawatthours
2026-03-30 18:00:00,CAL,California,OTH,Other,-5137,megawatthours
2026-03-30 19:00:00,CAL,California,OTH,Other,-7890,megawatthours
2026-03-30 20:00:00,CAL,California,OTH,Other,-8580,megawatthours
2026-03-30 21:00:00,CAL,California,OTH,Other,-8199,megawatthours
2026-03-30 22:00:00,CAL,California,OTH,Other,-6500,megawatthours
2026-03-30 23:00:00,CAL,California,OTH,Other,-3441,megawatthours
2026-03-31 00:00:00,CAL,California,OTH,Other,883,megawatthours
2026-03-31 00:00:00,CAL,California,OTH,Other,883,megawatthours
2026-03-31 01:00:00,CAL,California,OTH,Other,4367,megawatthours
2026-03-31 02:00:00,CAL,California,OTH,Other,5476,megawatthours
2026-03-31 03:00:00,CAL,California,OTH,Other,7468,megawatthours
2026-03-31 04:00:00,CAL,California,OTH,Other,6900,megawatthours
2026-03-31 05:00:00,CAL,California,OTH,Other,5277,megawatthours
2026-03-31 06:00:00,CAL,California,OTH,Other,3676,megawatthours
2026-03-31 07:00:00,CAL,California,OTH,Other,2206,megawatthours
2026-03-31 08:00:00,CAL,California,OTH,Other,57,megawatthours
2026-03-31 09:00:00,CAL,California,OTH,Other,-245,megawatthours
2026-03-31 10:00:00,CAL,California,OTH,Other,-1436,megawatthours
2026-03-31 11:00:00,CAL,California,OTH,Other,-1841,megawatthours
2026-03-31 12:00:00,CAL,California,OTH,Other,-1304,megawatthours
2026-03-31 13:00:00,CAL,California,OTH,Other,1056,megawatthours
2026-03-31 14:00:00,CAL,California,OTH,Other,3448,megawatthours
2026-03-31 15:00:00,CAL,California,OTH,Other,3724,megawatthours
2026-03-31 16:00:00,CAL,California,OTH,Other,873,megawatthours
2026-03-31 17:00:00,CAL,California,OTH,Other,-431,megawatthours
2026-03-31 18:00:00,CAL,California,OTH,Other,-2036,megawatthours
2026-03-31 19:00:00,CAL,California,OTH,Other,-3775,megawatthours
2026-03-31 20:00:00,CAL,California,OTH,Other,-5041,megawatthours
2026-03-31 21:00:00,CAL,California,OTH,Other,-3907,megawatthours
2026-03-31 22:00:00,CAL,California,OTH,Other,-1629,megawatthours
2026-03-31 23:00:00,CAL,California,OTH,Other,1057,megawatthours
2026-04-01 00:00:00,CAL,California,OTH,Other,2026,megawatthours
2026-04-01 00:00:00,CAL,California,OTH,Other,2026,megawatthours
2026-04-01 01:00:00,CAL,California,OTH,Other,841,megawatthours
2026-04-01 02:00:00,CAL,California,OTH,Other,1550,megawatthours
2026-04-01 03:00:00,CAL,California,OTH,Other,2850,megawatthours
2026-04-01 04:00:00,CAL,California,OTH,Other,2364,megawatthours
2026-04-01 05:00:00,CAL,California,OTH,Other,1613,megawatthours
2026-04-01 06:00:00,CAL,California,OTH,Other,1480,megawatthours
2026-04-01 07:00:00,CAL,California,OTH,Other,904,megawatthours
2026-04-01 08:00:00,CAL,California,OTH,Other,115,megawatthours
2026-04-01 09:00:00,CAL,California,OTH,Other,-953,megawatthours
2026-04-01 10:00:00,CAL,California,OTH,Other,-934,megawatthours
2026-04-01 11:00:00,CAL,California,OTH,Other,-997,megawatthours
2026-04-01 12:00:00,CAL,California,OTH,Other,-185,megawatthours
2026-04-01 13:00:00,CAL,California,OTH,Other,452,megawatthours
2026-04-01 14:00:00,CAL,California,OTH,Other,2609,megawatthours
2026-04-01 15:00:00,CAL,California,OTH,Other,1712,megawatthours
2026-04-01 16:00:00,CAL,California,OTH,Other,-1101,megawatthours
2026-04-01 17:00:00,CAL,California,OTH,Other,-1997,megawatthours
2026-04-01 18:00:00,CAL,California,OTH,Other,-3297,megawatthours
2026-04-01 19:00:00,CAL,California,OTH,Other,-5369,megawatthours
2026-04-01 20:00:00,CAL,California,OTH,Other,-6375,megawatthours
2026-04-01 21:00:00,CAL,California,OTH,Other,-7025,megawatthours
2026-04-01 22:00:00,CAL,California,OTH,Other,-7510,megawatthours
2026-04-01 23:00:00,CAL,California,OTH,Other,-6007,megawatthours
2026-04-02 00:00:00,CAL,California,OTH,Other,-3673,megawatthours
2026-04-02 00:00:00,CAL,California,OTH,Other,-3673,megawatthours
2026-04-02 01:00:00,CAL,California,OTH,Other,-207,megawatthours
2026-04-02 02:00:00,CAL,California,OTH,Other,4254,megawatthours
2026-04-02 03:00:00,CAL,California,OTH,Other,7465,megawatthours
2026-04-02 04:00:00,CAL,California,OTH,Other,7189,megawatthours
2026-04-02 05:00:00,CAL,California,OTH,Other,6233,megawatthours
2026-04-02 06:00:00,CAL,California,OTH,Other,4925,megawatthours
2026-04-02 07:00:00,CAL,California,OTH,Other,2558,megawatthours
2026-04-02 08:00:00,CAL,California,OTH,Other,1206,megawatthours
2026-04-02 09:00:00,CAL,California,OTH,Other,139,megawatthours
2026-04-02 10:00:00,CAL,California,OTH,Other,-55,megawatthours
2026-04-02 11:00:00,CAL,California,OTH,Other,-555,megawatthours
2026-04-02 12:00:00,CAL,California,OTH,Other,-129,megawatthours
2026-04-02 13:00:00,CAL,California,OTH,Other,590,megawatthours
2026-04-02 14:00:00,CAL,California,OTH,Other,2958,megawatthours
2026-04-02 15:00:00,CAL,California,OTH,Other,1290,megawatthours
2026-04-02 16:00:00,CAL,California,OTH,Other,-439,megawatthours
2026-04-02 17:00:00,CAL,California,OTH,Other,-1629,megawatthours
2026-04-02 18:00:00,CAL,California,OTH,Other,-2949,megawatthours
2026-04-02 19:00:00,CAL,California,OTH,Other,-4938,megawatthours
2026-04-02 20:00:00,CAL,California,OTH,Other,-7172,megawatthours
2026-04-02 21:00:00,CAL,California,OTH,Other,-8361,megawatthours
2026-04-02 22:00:00,CAL,California,OTH,Other,-8201,megawatthours
2026-04-02 23:00:00,CAL,California,OTH,Other,-6763,megawatthours
2026-04-03 00:00:00,CAL,California,OTH,Other,-4608,megawatthours
2026-04-03 00:00:00,CAL,California,OTH,Other,-4608,megawatthours
2026-04-03 01:00:00,CAL,California,OTH,Other,-1601,megawatthours
2026-04-03 02:00:00,CAL,California,OTH,Other,2132,megawatthours
2026-04-03 03:00:00,CAL,California,OTH,Other,6488,megawatthours
2026-04-03 04:00:00,CAL,California,OTH,Other,6496,megawatthours
2026-04-03 05:00:00,CAL,California,OTH,Other,5614,megawatthours
2026-04-03 06:00:00,CAL,California,OTH,Other,4292,megawatthours
2026-04-03 07:00:00,CAL,California,OTH,Other,2211,megawatthours
2026-04-03 08:00:00,CAL,California,OTH,Other,503,megawatthours
2026-04-03 09:00:00,CAL,California,OTH,Other,445,megawatthours
2026-04-03 10:00:00,CAL,California,OTH,Other,455,megawatthours
2026-04-03 11:00:00,CAL,California,OTH,Other,1242,megawatthours
2026-04-03 12:00:00,CAL,California,OTH,Other,1458,megawatthours
2026-04-03 13:00:00,CAL,California,OTH,Other,2999,megawatthours
2026-04-03 14:00:00,CAL,California,OTH,Other,4866,megawatthours
2026-04-03 15:00:00,CAL,California,OTH,Other,824,megawatthours
2026-04-03 16:00:00,CAL,California,OTH,Other,-2552,megawatthours
2026-04-03 17:00:00,CAL,California,OTH,Other,-4256,megawatthours
2026-04-03 18:00:00,CAL,California,OTH,Other,-6277,megawatthours
2026-04-03 19:00:00,CAL,California,OTH,Other,-7527,megawatthours
2026-04-03 20:00:00,CAL,California,OTH,Other,-7154,megawatthours
2026-04-03 21:00:00,CAL,California,OTH,Other,-6318,megawatthours
2026-04-03 22:00:00,CAL,California,OTH,Other,-4924,megawatthours
2026-04-03 23:00:00,CAL,California,OTH,Other,-2885,megawatthours
2026-04-04 00:00:00,CAL,California,OTH,Other,-1159,megawatthours
2026-04-04 00:00:00,CAL,California,OTH,Other,-1159,megawatthours
2026-04-04 01:00:00,CAL,California,OTH,Other,-168,megawatthours
2026-04-04 02:00:00,CAL,California,OTH,Other,2277,megawatthours
2026-04-04 03:00:00,CAL,California,OTH,Other,6569,megawatthours
2026-04-04 04:00:00,CAL,California,OTH,Other,6480,megawatthours
2026-04-04 05:00:00,CAL,California,OTH,Other,6526,megawatthours
2026-04-04 06:00:00,CAL,California,OTH,Other,5068,megawatthours
2026-04-04 07:00:00,CAL,California,OTH,Other,4209,megawatthours
2026-04-04 08:00:00,CAL,California,OTH,Other,3244,megawatthours
2026-04-04 09:00:00,CAL,California,OTH,Other,2115,megawatthours
2026-04-04 10:00:00,CAL,California,OTH,Other,1659,megawatthours
2026-04-04 11:00:00,CAL,California,OTH,Other,745,megawatthours
2026-04-04 12:00:00,CAL,California,OTH,Other,1026,megawatthours
2026-04-04 13:00:00,CAL,California,OTH,Other,2118,megawatthours
2026-04-04 14:00:00,CAL,California,OTH,Other,2560,megawatthours
2026-04-04 15:00:00,CAL,California,OTH,Other,-536,megawatthours
2026-04-04 16:00:00,CAL,California,OTH,Other,-3712,megawatthours
2026-04-04 17:00:00,CAL,California,OTH,Other,-5286,megawatthours
2026-04-04 18:00:00,CAL,California,OTH,Other,-6561,megawatthours
2026-04-04 19:00:00,CAL,California,OTH,Other,-8293,megawatthours
2026-04-04 20:00:00,CAL,California,OTH,Other,-7390,megawatthours
2026-04-04 21:00:00,CAL,California,OTH,Other,-6222,megawatthours
2026-04-04 22:00:00,CAL,California,OTH,Other,-4613,megawatthours
2026-04-04 23:00:00,CAL,California,OTH,Other,-3019,megawatthours
2026-04-05 00:00:00,CAL,California,OTH,Other,-1729,megawatthours
2026-04-05 00:00:00,CAL,California,OTH,Other,-1729,megawatthours
2026-04-05 01:00:00,CAL,California,OTH,Other,295,megawatthours
2026-04-05 02:00:00,CAL,California,OTH,Other,6053,megawatthours
2026-04-05 03:00:00,CAL,California,OTH,Other,9277,megawatthours
2026-04-05 04:00:00,CAL,California,OTH,Other,8721,megawatthours
2026-04-05 05:00:00,CAL,California,OTH,Other,7873,megawatthours
2026-04-05 06:00:00,CAL,California,OTH,Other,5922,megawatthours
2026-04-05 07:00:00,CAL,California,OTH,Other,4014,megawatthours
2026-04-05 08:00:00,CAL,California,OTH,Other,2256,megawatthours
2026-04-05 09:00:00,CAL,California,OTH,Other,869,megawatthours
2026-04-05 10:00:00,CAL,California,OTH,Other,613,megawatthours
2026-04-05 11:00:00,CAL,California,OTH,Other,391,megawatthours
2026-04-05 12:00:00,CAL,California,OTH,Other,426,megawatthours
2026-04-05 13:00:00,CAL,California,OTH,Other,323,megawatthours
2026-04-05 14:00:00,CAL,California,OTH,Other,828,megawatthours
2026-04-05 15:00:00,CAL,California,OTH,Other,-1164,megawatthours
2026-04-05 16:00:00,CAL,California,OTH,Other,-2890,megawatthours
2026-04-05 17:00:00,CAL,California,OTH,Other,-4764,megawatthours
2026-04-05 18:00:00,CAL,California,OTH,Other,-6890,megawatthours
2026-04-05 19:00:00,CAL,California,OTH,Other,-8469,megawatthours
2026-04-05 20:00:00,CAL,California,OTH,Other,-8744,megawatthours
2026-04-05 21:00:00,CAL,California,OTH,Other,-8145,megawatthours
2026-04-05 22:00:00,CAL,California,OTH,Other,-5617,megawatthours
2026-04-05 23:00:00,CAL,California,OTH,Other,-2336,megawatthours
2026-04-06 00:00:00,CAL,California,OTH,Other,-793,megawatthours
2026-04-06 00:00:00,CAL,California,OTH,Other,-793,megawatthours
2026-04-06 01:00:00,CAL,California,OTH,Other,1037,megawatthours
2026-04-06 02:00:00,CAL,California,OTH,Other,6090,megawatthours
2026-04-06 03:00:00,CAL,California,OTH,Other,8808,megawatthours
2026-04-06 04:00:00,CAL,California,OTH,Other,8239,megawatthours
2026-04-06 05:00:00,CAL,California,OTH,Other,7092,megawatthours
2026-04-06 06:00:00,CAL,California,OTH,Other,4582,megawatthours
2026-04-06 07:00:00,CAL,California,OTH,Other,2659,megawatthours
2026-04-06 08:00:00,CAL,California,OTH,Other,1227,megawatthours
2026-04-06 09:00:00,CAL,California,OTH,Other,672,megawatthours
2026-04-06 10:00:00,CAL,California,OTH,Other,-2,megawatthours
2026-04-06 11:00:00,CAL,California,OTH,Other,-953,megawatthours
2026-04-06 12:00:00,CAL,California,OTH,Other,-475,megawatthours
2026-04-06 13:00:00,CAL,California,OTH,Other,1012,megawatthours
2026-04-06 14:00:00,CAL,California,OTH,Other,3671,megawatthours
2026-04-06 15:00:00,CAL,California,OTH,Other,1901,megawatthours
2026-04-06 16:00:00,CAL,California,OTH,Other,279,megawatthours
2026-04-06 17:00:00,CAL,California,OTH,Other,-1644,megawatthours
2026-04-06 18:00:00,CAL,California,OTH,Other,-3018,megawatthours
2026-04-06 19:00:00,CAL,California,OTH,Other,-5932,megawatthours
2026-04-06 20:00:00,CAL,California,OTH,Other,-8336,megawatthours
2026-04-06 21:00:00,CAL,California,OTH,Other,-7856,megawatthours
2026-04-06 22:00:00,CAL,California,OTH,Other,-7853,megawatthours
2026-04-06 23:00:00,CAL,California,OTH,Other,-6661,megawatthours
2026-04-07 00:00:00,CAL,California,OTH,Other,-4584,megawatthours
2026-04-07 00:00:00,CAL,California,OTH,Other,-4584,megawatthours
2026-04-07 01:00:00,CAL,California,OTH,Other,-713,megawatthours
2026-04-07 02:00:00,CAL,California,OTH,Other,4460,megawatthours
2026-04-07 03:00:00,CAL,California,OTH,Other,8114,megawatthours
2026-04-07 04:00:00,CAL,California,OTH,Other,7445,megawatthours
2026-04-07 05:00:00,CAL,California,OTH,Other,7133,megawatthours
2026-04-07 06:00:00,CAL,California,OTH,Other,4423,megawatthours
2026-04-07 07:00:00,CAL,California,OTH,Other,2245,megawatthours
2026-04-07 08:00:00,CAL,California,OTH,Other,991,megawatthours
2026-04-07 09:00:00,CAL,California,OTH,Other,56,megawatthours
2026-04-07 10:00:00,CAL,California,OTH,Other,-396,megawatthours
2026-04-07 11:00:00,CAL,California,OTH,Other,-586,megawatthours
2026-04-07 12:00:00,CAL,California,OTH,Other,314,megawatthours
2026-04-07 13:00:00,CAL,California,OTH,Other,2346,megawatthours
2026-04-07 14:00:00,CAL,California,OTH,Other,4887,megawatthours
2026-04-07 15:00:00,CAL,California,OTH,Other,376,megawatthours
2026-04-07 16:00:00,CAL,California,OTH,Other,-2963,megawatthours
2026-04-07 17:00:00,CAL,California,OTH,Other,-4124,megawatthours
2026-04-07 18:00:00,CAL,California,OTH,Other,-5664,megawatthours
2026-04-07 19:00:00,CAL,California,OTH,Other,-6027,megawatthours
2026-04-07 20:00:00,CAL,California,OTH,Other,-6801,megawatthours
2026-04-07 21:00:00,CAL,California,OTH,Other,-6699,megawatthours
2026-04-07 22:00:00,CAL,California,OTH,Other,-5108,megawatthours
2026-04-07 23:00:00,CAL,California,OTH,Other,-3186,megawatthours
2026-04-08 00:00:00,CAL,California,OTH,Other,-2362,megawatthours
2026-04-08 00:00:00,CAL,California,OTH,Other,-2362,megawatthours
2026-04-08 01:00:00,CAL,California,OTH,Other,-397,megawatthours
2026-04-08 02:00:00,CAL,California,OTH,Other,4477,megawatthours
2026-04-08 03:00:00,CAL,California,OTH,Other,8769,megawatthours
2026-04-08 04:00:00,CAL,California,OTH,Other,8594,megawatthours
2026-04-08 05:00:00,CAL,California,OTH,Other,7248,megawatthours
2026-04-08 06:00:00,CAL,California,OTH,Other,4577,megawatthours
2026-04-08 07:00:00,CAL,California,OTH,Other,2568,megawatthours
2026-04-08 08:00:00,CAL,California,OTH,Other,1724,megawatthours
2026-04-08 09:00:00,CAL,California,OTH,Other,574,megawatthours
2026-04-08 10:00:00,CAL,California,OTH,Other,113,megawatthours
2026-04-08 11:00:00,CAL,California,OTH,Other,-131,megawatthours
2026-04-08 12:00:00,CAL,California,OTH,Other,539,megawatthours
2026-04-08 13:00:00,CAL,California,OTH,Other,2275,megawatthours
2026-04-08 14:00:00,CAL,California,OTH,Other,4582,megawatthours
2026-04-08 15:00:00,CAL,California,OTH,Other,519,megawatthours
2026-04-08 16:00:00,CAL,California,OTH,Other,-3097,megawatthours
2026-04-08 17:00:00,CAL,California,OTH,Other,-4770,megawatthours
2026-04-08 18:00:00,CAL,California,OTH,Other,-6255,megawatthours
2026-04-08 19:00:00,CAL,California,OTH,Other,-6814,megawatthours
2026-04-08 20:00:00,CAL,California,OTH,Other,-6669,megawatthours
2026-04-08 21:00:00,CAL,California,OTH,Other,-6646,megawatthours
2026-04-08 22:00:00,CAL,California,OTH,Other,-5236,megawatthours
2026-04-08 23:00:00,CAL,California,OTH,Other,-3475,megawatthours
2026-04-09 00:00:00,CAL,California,OTH,Other,-1852,megawatthours
2026-04-09 00:00:00,CAL,California,OTH,Other,-1852,megawatthours
2026-04-09 01:00:00,CAL,California,OTH,Other,283,megawatthours
2026-04-09 02:00:00,CAL,California,OTH,Other,5533,megawatthours
2026-04-09 03:00:00,CAL,California,OTH,Other,8940,megawatthours
2026-04-09 04:00:00,CAL,California,OTH,Other,8262,megawatthours
2026-04-09 05:00:00,CAL,California,OTH,Other,6846,megawatthours
2026-04-09 06:00:00,CAL,California,OTH,Other,4713,megawatthours
2026-04-09 07:00:00,CAL,California,OTH,Other,2300,megawatthours
2026-04-09 08:00:00,CAL,California,OTH,Other,1137,megawatthours
2026-04-09 09:00:00,CAL,California,OTH,Other,454,megawatthours
2026-04-09 10:00:00,CAL,California,OTH,Other,-341,megawatthours
2026-04-09 11:00:00,CAL,California,OTH,Other,-295,megawatthours
2026-04-09 12:00:00,CAL,California,OTH,Other,275,megawatthours
2026-04-09 13:00:00,CAL,California,OTH,Other,1347,megawatthours
2026-04-09 14:00:00,CAL,California,OTH,Other,3175,megawatthours
2026-04-09 15:00:00,CAL,California,OTH,Other,784,megawatthours
2026-04-09 16:00:00,CAL,California,OTH,Other,-2778,megawatthours
2026-04-09 17:00:00,CAL,California,OTH,Other,-5075,megawatthours
2026-04-09 18:00:00,CAL,California,OTH,Other,-6797,megawatthours
2026-04-09 19:00:00,CAL,California,OTH,Other,-8207,megawatthours
2026-04-09 20:00:00,CAL,California,OTH,Other,-8248,megawatthours
2026-04-09 21:00:00,CAL,California,OTH,Other,-6730,megawatthours
2026-04-09 22:00:00,CAL,California,OTH,Other,-4950,megawatthours
2026-04-09 23:00:00,CAL,California,OTH,Other,-1923,megawatthours
2026-04-10 00:00:00,CAL,California,OTH,Other,-961,megawatthours
2026-04-10 00:00:00,CAL,California,OTH,Other,-961,megawatthours
2026-04-10 01:00:00,CAL,California,OTH,Other,2769,megawatthours
2026-04-10 02:00:00,CAL,California,OTH,Other,5317,megawatthours
2026-04-10 03:00:00,CAL,California,OTH,Other,7325,megawatthours
2026-04-10 04:00:00,CAL,California,OTH,Other,6782,megawatthours
2026-04-10 05:00:00,CAL,California,OTH,Other,5931,megawatthours
2026-04-10 06:00:00,CAL,California,OTH,Other,5276,megawatthours
2026-04-10 07:00:00,CAL,California,OTH,Other,3049,megawatthours
2026-04-10 08:00:00,CAL,California,OTH,Other,2513,megawatthours
2026-04-10 09:00:00,CAL,California,OTH,Other,1301,megawatthours
2026-04-10 10:00:00,CAL,California,OTH,Other,118,megawatthours
2026-04-10 11:00:00,CAL,California,OTH,Other,-270,megawatthours
2026-04-10 12:00:00,CAL,California,OTH,Other,218,megawatthours
2026-04-10 13:00:00,CAL,California,OTH,Other,1515,megawatthours
2026-04-10 14:00:00,CAL,California,OTH,Other,3170,megawatthours
2026-04-10 15:00:00,CAL,California,OTH,Other,397,megawatthours
2026-04-10 16:00:00,CAL,California,OTH,Other,-1800,megawatthours
2026-04-10 17:00:00,CAL,California,OTH,Other,-3095,megawatthours
2026-04-10 18:00:00,CAL,California,OTH,Other,-4473,megawatthours
2026-04-10 19:00:00,CAL,California,OTH,Other,-7505,megawatthours
2026-04-10 20:00:00,CAL,California,OTH,Other,-8038,megawatthours
2026-04-10 21:00:00,CAL,California,OTH,Other,-7626,megawatthours
2026-04-10 22:00:00,CAL,California,OTH,Other,-7027,megawatthours
2026-04-10 23:00:00,CAL,California,OTH,Other,-4370,megawatthours
2026-04-11 00:00:00,CAL,California,OTH,Other,-2736,megawatthours
2026-04-11 00:00:00,CAL,California,OTH,Other,-2736,megawatthours
2026-04-11 01:00:00,CAL,California,OTH,Other,-300,megawatthours
2026-04-11 02:00:00,CAL,California,OTH,Other,3546,megawatthours
2026-04-11 03:00:00,CAL,California,OTH,Other,7089,megawatthours
2026-04-11 04:00:00,CAL,California,OTH,Other,7298,megawatthours
2026-04-11 05:00:00,CAL,California,OTH,Other,6726,megawatthours
2026-04-11 06:00:00,CAL,California,OTH,Other,5751,megawatthours
2026-04-11 07:00:00,CAL,California,OTH,Other,4294,megawatthours
2026-04-11 08:00:00,CAL,California,OTH,Other,1894,megawatthours
2026-04-11 09:00:00,CAL,California,OTH,Other,948,megawatthours
2026-04-11 10:00:00,CAL,California,OTH,Other,737,megawatthours
2026-04-11 11:00:00,CAL,California,OTH,Other,779,megawatthours
2026-04-11 12:00:00,CAL,California,OTH,Other,780,megawatthours
2026-04-11 13:00:00,CAL,California,OTH,Other,1142,megawatthours
2026-04-11 14:00:00,CAL,California,OTH,Other,2621,megawatthours
2026-04-11 15:00:00,CAL,California,OTH,Other,-745,megawatthours
2026-04-11 16:00:00,CAL,California,OTH,Other,-4398,megawatthours
2026-04-11 17:00:00,CAL,California,OTH,Other,-5454,megawatthours
2026-04-11 18:00:00,CAL,California,OTH,Other,-5387,megawatthours
2026-04-11 19:00:00,CAL,California,OTH,Other,-6260,megawatthours
2026-04-11 20:00:00,CAL,California,OTH,Other,-6916,megawatthours
2026-04-11 21:00:00,CAL,California,OTH,Other,-6441,megawatthours
2026-04-11 22:00:00,CAL,California,OTH,Other,-5743,megawatthours
2026-04-11 23:00:00,CAL,California,OTH,Other,-3779,megawatthours
2026-04-12 00:00:00,CAL,California,OTH,Other,-2258,megawatthours
2026-04-12 00:00:00,CAL,California,OTH,Other,-2258,megawatthours
2026-04-12 01:00:00,CAL,California,OTH,Other,-527,megawatthours
2026-04-12 02:00:00,CAL,California,OTH,Other,1491,megawatthours
2026-04-12 03:00:00,CAL,California,OTH,Other,6556,megawatthours
2026-04-12 04:00:00,CAL,California,OTH,Other,6459,megawatthours
2026-04-12 05:00:00,CAL,California,OTH,Other,5849,megawatthours
2026-04-12 06:00:00,CAL,California,OTH,Other,4912,megawatthours
2026-04-12 07:00:00,CAL,California,OTH,Other,3958,megawatthours
2026-04-12 08:00:00,CAL,California,OTH,Other,1666,megawatthours
2026-04-12 09:00:00,CAL,California,OTH,Other,935,megawatthours
2026-04-12 10:00:00,CAL,California,OTH,Other,313,megawatthours
2026-04-12 11:00:00,CAL,California,OTH,Other,536,megawatthours
2026-04-12 12:00:00,CAL,California,OTH,Other,1207,megawatthours
2026-04-12 13:00:00,CAL,California,OTH,Other,2174,megawatthours
2026-04-12 14:00:00,CAL,California,OTH,Other,3044,megawatthours
2026-04-12 15:00:00,CAL,California,OTH,Other,1422,megawatthours
2026-04-12 16:00:00,CAL,California,OTH,Other,-1192,megawatthours
2026-04-12 17:00:00,CAL,California,OTH,Other,-3643,megawatthours
2026-04-12 18:00:00,CAL,California,OTH,Other,-4116,megawatthours
2026-04-12 19:00:00,CAL,California,OTH,Other,-4999,megawatthours
2026-04-12 20:00:00,CAL,California,OTH,Other,-6268,megawatthours
2026-04-12 21:00:00,CAL,California,OTH,Other,-6222,megawatthours
2026-04-12 22:00:00,CAL,California,OTH,Other,-6446,megawatthours
2026-04-12 23:00:00,CAL,California,OTH,Other,-4881,megawatthours
2026-04-13 00:00:00,CAL,California,OTH,Other,-3684,megawatthours
2026-04-13 00:00:00,CAL,California,OTH,Other,-3684,megawatthours
2026-04-13 01:00:00,CAL,California,OTH,Other,-1527,megawatthours
2026-04-13 02:00:00,CAL,California,OTH,Other,1633,megawatthours
2026-04-13 03:00:00,CAL,California,OTH,Other,5608,megawatthours
2026-04-13 04:00:00,CAL,California,OTH,Other,6262,megawatthours
2026-04-13 05:00:00,CAL,California,OTH,Other,5712,megawatthours
2026-04-13 06:00:00,CAL,California,OTH,Other,3792,megawatthours
2026-04-13 07:00:00,CAL,California,OTH,Other,1767,megawatthours
2026-04-13 08:00:00,CAL,California,OTH,Other,416,megawatthours
2026-04-13 09:00:00,CAL,California,OTH,Other,396,megawatthours
2026-04-13 10:00:00,CAL,California,OTH,Other,-316,megawatthours
2026-04-13 11:00:00,CAL,California,OTH,Other,180,megawatthours
2026-04-13 12:00:00,CAL,California,OTH,Other,660,megawatthours
2026-04-13 13:00:00,CAL,California,OTH,Other,4068,megawatthours
2026-04-13 14:00:00,CAL,California,OTH,Other,5686,megawatthours
2026-04-13 15:00:00,CAL,California,OTH,Other,2138,megawatthours
2026-04-13 16:00:00,CAL,California,OTH,Other,-2158,megawatthours
2026-04-13 17:00:00,CAL,California,OTH,Other,-3925,megawatthours
2026-04-13 18:00:00,CAL,California,OTH,Other,-3724,megawatthours
2026-04-13 19:00:00,CAL,California,OTH,Other,-5471,megawatthours
2026-04-13 20:00:00,CAL,California,OTH,Other,-6267,megawatthours
2026-04-13 21:00:00,CAL,California,OTH,Other,-6172,megawatthours
2026-04-13 22:00:00,CAL,California,OTH,Other,-6265,megawatthours
2026-04-13 23:00:00,CAL,California,OTH,Other,-4930,megawatthours
2026-04-14 00:00:00,CAL,California,OTH,Other,-2493,megawatthours
2026-04-14 00:00:00,CAL,California,OTH,Other,-2493,megawatthours
2026-04-14 01:00:00,CAL,California,OTH,Other,-1328,megawatthours
2026-04-14 02:00:00,CAL,California,OTH,Other,2223,megawatthours
2026-04-14 03:00:00,CAL,California,OTH,Other,6376,megawatthours
2026-04-14 04:00:00,CAL,California,OTH,Other,6813,megawatthours
2026-04-14 05:00:00,CAL,California,OTH,Other,5944,megawatthours
2026-04-14 06:00:00,CAL,California,OTH,Other,4540,megawatthours
2026-04-14 07:00:00,CAL,California,OTH,Other,2655,megawatthours
2026-04-14 08:00:00,CAL,California,OTH,Other,570,megawatthours
2026-04-14 09:00:00,CAL,California,OTH,Other,86,megawatthours
2026-04-14 10:00:00,CAL,California,OTH,Other,-218,megawatthours
2026-04-14 11:00:00,CAL,California,OTH,Other,381,megawatthours
2026-04-14 12:00:00,CAL,California,OTH,Other,804,megawatthours
2026-04-14 13:00:00,CAL,California,OTH,Other,3130,megawatthours
2026-04-14 14:00:00,CAL,California,OTH,Other,5824,megawatthours
2026-04-14 15:00:00,CAL,California,OTH,Other,666,megawatthours
2026-04-14 16:00:00,CAL,California,OTH,Other,-2200,megawatthours
2026-04-14 17:00:00,CAL,California,OTH,Other,-2963,megawatthours
2026-04-14 18:00:00,CAL,California,OTH,Other,-4083,megawatthours
2026-04-14 19:00:00,CAL,California,OTH,Other,-5295,megawatthours
2026-04-14 20:00:00,CAL,California,OTH,Other,-5724,megawatthours
2026-04-14 21:00:00,CAL,California,OTH,Other,-6615,megawatthours
2026-04-14 22:00:00,CAL,California,OTH,Other,-6132,megawatthours
2026-04-14 23:00:00,CAL,California,OTH,Other,-5441,megawatthours
2026-04-15 00:00:00,CAL,California,OTH,Other,-2970,megawatthours
2026-04-15 00:00:00,CAL,California,OTH,Other,-2970,megawatthours
2026-04-15 01:00:00,CAL,California,OTH,Other,-1640,megawatthours
2026-04-15 02:00:00,CAL,California,OTH,Other,2951,megawatthours
2026-04-15 03:00:00,CAL,California,OTH,Other,8607,megawatthours
2026-04-15 04:00:00,CAL,California,OTH,Other,8477,megawatthours
2026-04-15 05:00:00,CAL,California,OTH,Other,7619,megawatthours
2026-04-15 06:00:00,CAL,California,OTH,Other,4526,megawatthours
2026-04-15 07:00:00,CAL,California,OTH,Other,2849,megawatthours
2026-04-15 08:00:00,CAL,California,OTH,Other,1741,megawatthours
2026-04-15 09:00:00,CAL,California,OTH,Other,870,megawatthours
2026-04-15 10:00:00,CAL,California,OTH,Other,196,megawatthours
2026-04-15 11:00:00,CAL,California,OTH,Other,102,megawatthours
2026-04-15 12:00:00,CAL,California,OTH,Other,1020,megawatthours
2026-04-15 13:00:00,CAL,California,OTH,Other,2360,megawatthours
2026-04-15 14:00:00,CAL,California,OTH,Other,4120,megawatthours
2026-04-15 15:00:00,CAL,California,OTH,Other,-322,megawatthours
2026-04-15 16:00:00,CAL,California,OTH,Other,-2655,megawatthours
2026-04-15 17:00:00,CAL,California,OTH,Other,-4237,megawatthours
2026-04-15 18:00:00,CAL,California,OTH,Other,-5236,megawatthours
2026-04-15 19:00:00,CAL,California,OTH,Other,-6249,megawatthours
2026-04-15 20:00:00,CAL,California,OTH,Other,-7816,megawatthours
2026-04-15 21:00:00,CAL,California,OTH,Other,-7745,megawatthours
2026-04-15 22:00:00,CAL,California,OTH,Other,-6858,megawatthours
2026-04-15 23:00:00,CAL,California,OTH,Other,-4767,megawatthours
2026-04-16 00:00:00,CAL,California,OTH,Other,-3124,megawatthours
2026-04-16 00:00:00,CAL,California,OTH,Other,-3124,megawatthours
2026-04-16 01:00:00,CAL,California,OTH,Other,-622,megawatthours
2026-04-16 02:00:00,CAL,California,OTH,Other,3758,megawatthours
2026-04-16 03:00:00,CAL,California,OTH,Other,8628,megawatthours
2026-04-16 04:00:00,CAL,California,OTH,Other,8361,megawatthours
2026-04-16 05:00:00,CAL,California,OTH,Other,7068,megawatthours
2026-04-16 06:00:00,CAL,California,OTH,Other,5548,megawatthours
2026-04-16 07:00:00,CAL,California,OTH,Other,3516,megawatthours
2026-04-16 08:00:00,CAL,California,OTH,Other,1650,megawatthours
2026-04-16 09:00:00,CAL,California,OTH,Other,974,megawatthours
2026-04-16 10:00:00,CAL,California,OTH,Other,319,megawatthours
2026-04-16 11:00:00,CAL,California,OTH,Other,43,megawatthours
2026-04-16 12:00:00,CAL,California,OTH,Other,574,megawatthours
2026-04-16 13:00:00,CAL,California,OTH,Other,1309,megawatthours
2026-04-16 14:00:00,CAL,California,OTH,Other,3774,megawatthours
2026-04-16 15:00:00,CAL,California,OTH,Other,1076,megawatthours
2026-04-16 16:00:00,CAL,California,OTH,Other,-244,megawatthours
2026-04-16 17:00:00,CAL,California,OTH,Other,-2055,megawatthours
2026-04-16 18:00:00,CAL,California,OTH,Other,-3733,megawatthours
2026-04-16 19:00:00,CAL,California,OTH,Other,-5985,megawatthours
2026-04-16 20:00:00,CAL,California,OTH,Other,-8480,megawatthours
2026-04-16 21:00:00,CAL,California,OTH,Other,-8950,megawatthours
2026-04-16 22:00:00,CAL,California,OTH,Other,-8353,megawatthours
2026-04-16 23:00:00,CAL,California,OTH,Other,-7135,megawatthours
2026-04-17 00:00:00,CAL,California,OTH,Other,-4178,megawatthours
2026-04-17 00:00:00,CAL,California,OTH,Other,-4178,megawatthours
2026-04-17 01:00:00,CAL,California,OTH,Other,-1331,megawatthours
2026-04-17 02:00:00,CAL,California,OTH,Other,1437,megawatthours
2026-04-17 03:00:00,CAL,California,OTH,Other,6872,megawatthours
2026-04-17 04:00:00,CAL,California,OTH,Other,7288,megawatthours
2026-04-17 05:00:00,CAL,California,OTH,Other,7090,megawatthours
2026-04-17 06:00:00,CAL,California,OTH,Other,5562,megawatthours
2026-04-17 07:00:00,CAL,California,OTH,Other,3362,megawatthours
2026-04-17 08:00:00,CAL,California,OTH,Other,1383,megawatthours
2026-04-17 09:00:00,CAL,California,OTH,Other,306,megawatthours
2026-04-17 10:00:00,CAL,California,OTH,Other,193,megawatthours
2026-04-17 11:00:00,CAL,California,OTH,Other,562,megawatthours
2026-04-17 12:00:00,CAL,California,OTH,Other,1996,megawatthours
2026-04-17 13:00:00,CAL,California,OTH,Other,4314,megawatthours
2026-04-17 14:00:00,CAL,California,OTH,Other,5734,megawatthours
2026-04-17 15:00:00,CAL,California,OTH,Other,164,megawatthours
2026-04-17 16:00:00,CAL,California,OTH,Other,-2618,megawatthours
2026-04-17 17:00:00,CAL,California,OTH,Other,-4734,megawatthours
2026-04-17 18:00:00,CAL,California,OTH,Other,-5348,megawatthours
2026-04-17 19:00:00,CAL,California,OTH,Other,-7008,megawatthours
2026-04-17 20:00:00,CAL,California,OTH,Other,-8603,megawatthours
2026-04-17 21:00:00,CAL,California,OTH,Other,-8185,megawatthours
2026-04-17 22:00:00,CAL,California,OTH,Other,-6937,megawatthours
2026-04-17 23:00:00,CAL,California,OTH,Other,-4421,megawatthours
2026-04-18 00:00:00,CAL,California,OTH,Other,-1952,megawatthours
2026-04-18 00:00:00,CAL,California,OTH,Other,-1952,megawatthours
2026-04-18 01:00:00,CAL,California,OTH,Other,-543,megawatthours
2026-04-18 02:00:00,CAL,California,OTH,Other,3329,megawatthours
2026-04-18 03:00:00,CAL,California,OTH,Other,8061,megawatthours
2026-04-18 04:00:00,CAL,California,OTH,Other,8027,megawatthours
2026-04-18 05:00:00,CAL,California,OTH,Other,7853,megawatthours
2026-04-18 06:00:00,CAL,California,OTH,Other,5717,megawatthours
2026-04-18 07:00:00,CAL,California,OTH,Other,4774,megawatthours
2026-04-18 08:00:00,CAL,California,OTH,Other,2865,megawatthours
2026-04-18 09:00:00,CAL,California,OTH,Other,1977,megawatthours
2026-04-18 10:00:00,CAL,California,OTH,Other,1195,megawatthours
2026-04-18 11:00:00,CAL,California,OTH,Other,769,megawatthours
2026-04-18 12:00:00,CAL,California,OTH,Other,853,megawatthours
2026-04-18 13:00:00,CAL,California,OTH,Other,1640,megawatthours
2026-04-18 14:00:00,CAL,California,OTH,Other,1591,megawatthours
2026-04-18 15:00:00,CAL,California,OTH,Other,-451,megawatthours
2026-04-18 16:00:00,CAL,California,OTH,Other,-2283,megawatthours
2026-04-18 17:00:00,CAL,California,OTH,Other,-4506,megawatthours
2026-04-18 18:00:00,CAL,California,OTH,Other,-5874,megawatthours
2026-04-18 19:00:00,CAL,California,OTH,Other,-7555,megawatthours
2026-04-18 20:00:00,CAL,California,OTH,Other,-9296,megawatthours
2026-04-18 21:00:00,CAL,California,OTH,Other,-8426,megawatthours
2026-04-18 22:00:00,CAL,California,OTH,Other,-6306,megawatthours
2026-04-18 23:00:00,CAL,California,OTH,Other,-4006,megawatthours
2026-04-19 00:00:00,CAL,California,OTH,Other,-2160,megawatthours
2026-04-19 00:00:00,CAL,California,OTH,Other,-2160,megawatthours
2026-04-19 01:00:00,CAL,California,OTH,Other,161,megawatthours
2026-04-19 02:00:00,CAL,California,OTH,Other,5255,megawatthours
2026-04-19 03:00:00,CAL,California,OTH,Other,8985,megawatthours
2026-04-19 04:00:00,CAL,California,OTH,Other,8341,megawatthours
2026-04-19 05:00:00,CAL,California,OTH,Other,7223,megawatthours
2026-04-19 06:00:00,CAL,California,OTH,Other,5536,megawatthours
2026-04-19 07:00:00,CAL,California,OTH,Other,3990,megawatthours
2026-04-19 08:00:00,CAL,California,OTH,Other,3628,megawatthours
2026-04-19 09:00:00,CAL,California,OTH,Other,2366,megawatthours
2026-04-19 10:00:00,CAL,California,OTH,Other,1743,megawatthours
2026-04-19 11:00:00,CAL,California,OTH,Other,1233,megawatthours
2026-04-19 12:00:00,CAL,California,OTH,Other,486,megawatthours
2026-04-19 13:00:00,CAL,California,OTH,Other,383,megawatthours
2026-04-19 14:00:00,CAL,California,OTH,Other,16,megawatthours
2026-04-19 15:00:00,CAL,California,OTH,Other,-756,megawatthours
2026-04-19 16:00:00,CAL,California,OTH,Other,-2251,megawatthours
2026-04-19 17:00:00,CAL,California,OTH,Other,-3950,megawatthours
2026-04-19 18:00:00,CAL,California,OTH,Other,-6183,megawatthours
2026-04-19 19:00:00,CAL,California,OTH,Other,-7391,megawatthours
2026-04-19 20:00:00,CAL,California,OTH,Other,-7949,megawatthours
2026-04-19 21:00:00,CAL,California,OTH,Other,-8076,megawatthours
2026-04-19 22:00:00,CAL,California,OTH,Other,-6545,megawatthours
2026-04-19 23:00:00,CAL,California,OTH,Other,-5378,megawatthours
2026-04-20 00:00:00,CAL,California,OTH,Other,-2773,megawatthours
2026-04-20 00:00:00,CAL,California,OTH,Other,-2773,megawatthours
2026-04-20 01:00:00,CAL,California,OTH,Other,-305,megawatthours
2026-04-20 02:00:00,CAL,California,OTH,Other,3004,megawatthours
2026-04-20 03:00:00,CAL,California,OTH,Other,7131,megawatthours
2026-04-20 04:00:00,CAL,California,OTH,Other,7288,megawatthours
2026-04-20 05:00:00,CAL,California,OTH,Other,6616,megawatthours
2026-04-20 06:00:00,CAL,California,OTH,Other,4693,megawatthours
2026-04-20 07:00:00,CAL,California,OTH,Other,2995,megawatthours
2026-04-20 08:00:00,CAL,California,OTH,Other,1064,megawatthours
2026-04-20 09:00:00,CAL,California,OTH,Other,159,megawatthours
2026-04-20 10:00:00,CAL,California,OTH,Other,194,megawatthours
2026-04-20 11:00:00,CAL,California,OTH,Other,443,megawatthours
2026-04-20 12:00:00,CAL,California,OTH,Other,1398,megawatthours
2026-04-20 13:00:00,CAL,California,OTH,Other,3215,megawatthours
2026-04-20 14:00:00,CAL,California,OTH,Other,4557,megawatthours
2026-04-20 15:00:00,CAL,California,OTH,Other,424,megawatthours
2026-04-20 16:00:00,CAL,California,OTH,Other,-3097,megawatthours
2026-04-20 17:00:00,CAL,California,OTH,Other,-4757,megawatthours
2026-04-20 18:00:00,CAL,California,OTH,Other,-5889,megawatthours
2026-04-20 19:00:00,CAL,California,OTH,Other,-5977,megawatthours
2026-04-20 20:00:00,CAL,California,OTH,Other,-6304,megawatthours
2026-04-20 21:00:00,CAL,California,OTH,Other,-6240,megawatthours
2026-04-20 22:00:00,CAL,California,OTH,Other,-5140,megawatthours
2026-04-20 23:00:00,CAL,California,OTH,Other,-3352,megawatthours
2026-04-21 00:00:00,CAL,California,OTH,Other,-2097,megawatthours
2026-04-21 00:00:00,CAL,California,OTH,Other,-2097,megawatthours
2026-04-21 01:00:00,CAL,California,OTH,Other,-441,megawatthours
2026-04-21 02:00:00,CAL,California,OTH,Other,3969,megawatthours
2026-04-21 03:00:00,CAL,California,OTH,Other,7582,megawatthours
2026-04-21 04:00:00,CAL,California,OTH,Other,7984,megawatthours
2026-04-21 05:00:00,CAL,California,OTH,Other,7235,megawatthours
2026-04-21 06:00:00,CAL,California,OTH,Other,5198,megawatthours
2026-04-21 07:00:00,CAL,California,OTH,Other,3032,megawatthours
2026-04-21 08:00:00,CAL,California,OTH,Other,1529,megawatthours
2026-04-21 09:00:00,CAL,California,OTH,Other,450,megawatthours
2026-04-21 10:00:00,CAL,California,OTH,Other,-355,megawatthours
2026-04-21 11:00:00,CAL,California,OTH,Other,-335,megawatthours
2026-04-21 12:00:00,CAL,California,OTH,Other,57,megawatthours
2026-04-21 13:00:00,CAL,California,OTH,Other,1102,megawatthours
2026-04-21 14:00:00,CAL,California,OTH,Other,2409,megawatthours
2026-04-21 15:00:00,CAL,California,OTH,Other,-507,megawatthours
2026-04-21 16:00:00,CAL,California,OTH,Other,-2356,megawatthours
2026-04-21 17:00:00,CAL,California,OTH,Other,-3411,megawatthours
2026-04-21 18:00:00,CAL,California,OTH,Other,-4802,megawatthours
2026-04-21 19:00:00,CAL,California,OTH,Other,-5273,megawatthours
2026-04-21 20:00:00,CAL,California,OTH,Other,-5909,megawatthours
2026-04-21 21:00:00,CAL,California,OTH,Other,-5735,megawatthours
2026-04-21 22:00:00,CAL,California,OTH,Other,-6328,megawatthours
2026-04-21 23:00:00,CAL,California,OTH,Other,-4261,megawatthours
2026-04-22 00:00:00,CAL,California,OTH,Other,-2472,megawatthours
2026-04-22 00:00:00,CAL,California,OTH,Other,-2472,megawatthours
2026-04-22 01:00:00,CAL,California,OTH,Other,-304,megawatthours
2026-04-22 02:00:00,CAL,California,OTH,Other,2944,megawatthours
2026-04-22 03:00:00,CAL,California,OTH,Other,7073,megawatthours
2026-04-22 04:00:00,CAL,California,OTH,Other,6662,megawatthours
2026-04-22 05:00:00,CAL,California,OTH,Other,5768,megawatthours
2026-04-22 06:00:00,CAL,California,OTH,Other,4055,megawatthours
2026-04-22 07:00:00,CAL,California,OTH,Other,2007,megawatthours
2026-04-22 08:00:00,CAL,California,OTH,Other,1708,megawatthours
2026-04-22 09:00:00,CAL,California,OTH,Other,824,megawatthours
2026-04-22 10:00:00,CAL,California,OTH,Other,650,megawatthours
2026-04-22 11:00:00,CAL,California,OTH,Other,418,megawatthours
2026-04-22 12:00:00,CAL,California,OTH,Other,796,megawatthours
2026-04-22 13:00:00,CAL,California,OTH,Other,2698,megawatthours
2026-04-22 14:00:00,CAL,California,OTH,Other,2455,megawatthours
2026-04-22 15:00:00,CAL,California,OTH,Other,-804,megawatthours
2026-04-22 16:00:00,CAL,California,OTH,Other,-2625,megawatthours
2026-04-22 17:00:00,CAL,California,OTH,Other,-3305,megawatthours
2026-04-22 18:00:00,CAL,California,OTH,Other,-4245,megawatthours
2026-04-22 19:00:00,CAL,California,OTH,Other,-5448,megawatthours
2026-04-22 20:00:00,CAL,California,OTH,Other,-6367,megawatthours
2026-04-22 21:00:00,CAL,California,OTH,Other,-6709,megawatthours
2026-04-22 22:00:00,CAL,California,OTH,Other,-5523,megawatthours
2026-04-22 23:00:00,CAL,California,OTH,Other,-5251,megawatthours
2026-04-23 00:00:00,CAL,California,OTH,Other,-2829,megawatthours
2026-04-23 00:00:00,CAL,California,OTH,Other,-2829,megawatthours
2026-04-23 01:00:00,CAL,California,OTH,Other,-1236,megawatthours
2026-04-23 02:00:00,CAL,California,OTH,Other,1228,megawatthours
2026-04-23 03:00:00,CAL,California,OTH,Other,6555,megawatthours
2026-04-23 04:00:00,CAL,California,OTH,Other,7096,megawatthours
2026-04-23 05:00:00,CAL,California,OTH,Other,6944,megawatthours
2026-04-23 06:00:00,CAL,California,OTH,Other,5106,megawatthours
2026-04-23 07:00:00,CAL,California,OTH,Other,3397,megawatthours
2026-04-23 08:00:00,CAL,California,OTH,Other,2414,megawatthours
2026-04-23 09:00:00,CAL,California,OTH,Other,547,megawatthours
2026-04-23 10:00:00,CAL,California,OTH,Other,431,megawatthours
2026-04-23 11:00:00,CAL,California,OTH,Other,-39,megawatthours
2026-04-23 12:00:00,CAL,California,OTH,Other,692,megawatthours
2026-04-23 13:00:00,CAL,California,OTH,Other,1892,megawatthours
2026-04-23 14:00:00,CAL,California,OTH,Other,2643,megawatthours
2026-04-23 15:00:00,CAL,California,OTH,Other,-539,megawatthours
2026-04-23 16:00:00,CAL,California,OTH,Other,-2616,megawatthours
2026-04-23 17:00:00,CAL,California,OTH,Other,-4500,megawatthours
2026-04-23 18:00:00,CAL,California,OTH,Other,-6120,megawatthours
2026-04-23 19:00:00,CAL,California,OTH,Other,-6211,megawatthours
2026-04-23 20:00:00,CAL,California,OTH,Other,-6157,megawatthours
2026-04-23 21:00:00,CAL,California,OTH,Other,-5533,megawatthours
2026-04-23 22:00:00,CAL,California,OTH,Other,-4695,megawatthours
2026-04-23 23:00:00,CAL,California,OTH,Other,-3870,megawatthours
2026-04-24 00:00:00,CAL,California,OTH,Other,-1848,megawatthours
2026-04-24 00:00:00,CAL,California,OTH,Other,-1848,megawatthours
2026-04-24 01:00:00,CAL,California,OTH,Other,-757,megawatthours
2026-04-24 02:00:00,CAL,California,OTH,Other,1480,megawatthours
2026-04-24 03:00:00,CAL,California,OTH,Other,6365,megawatthours
2026-04-24 04:00:00,CAL,California,OTH,Other,6639,megawatthours
2026-04-24 05:00:00,CAL,California,OTH,Other,6792,megawatthours
2026-04-24 06:00:00,CAL,California,OTH,Other,4992,megawatthours
2026-04-24 07:00:00,CAL,California,OTH,Other,3600,megawatthours
2026-04-24 08:00:00,CAL,California,OTH,Other,2600,megawatthours
2026-04-24 09:00:00,CAL,California,OTH,Other,1496,megawatthours
2026-04-24 10:00:00,CAL,California,OTH,Other,964,megawatthours
2026-04-24 11:00:00,CAL,California,OTH,Other,571,megawatthours
2026-04-24 12:00:00,CAL,California,OTH,Other,1094,megawatthours
2026-04-24 13:00:00,CAL,California,OTH,Other,3207,megawatthours
2026-04-24 14:00:00,CAL,California,OTH,Other,3329,megawatthours
2026-04-24 15:00:00,CAL,California,OTH,Other,-270,megawatthours
2026-04-24 16:00:00,CAL,California,OTH,Other,-2164,megawatthours
2026-04-24 17:00:00,CAL,California,OTH,Other,-3532,megawatthours
2026-04-24 18:00:00,CAL,California,OTH,Other,-4514,megawatthours
2026-04-24 19:00:00,CAL,California,OTH,Other,-6505,megawatthours
2026-04-24 20:00:00,CAL,California,OTH,Other,-7161,megawatthours
2026-04-24 21:00:00,CAL,California,OTH,Other,-7210,megawatthours
2026-04-24 22:00:00,CAL,California,OTH,Other,-6480,megawatthours
2026-04-24 23:00:00,CAL,California,OTH,Other,-4837,megawatthours
2026-04-25 00:00:00,CAL,California,OTH,Other,-2908,megawatthours
2026-04-25 00:00:00,CAL,California,OTH,Other,-2908,megawatthours
2026-04-25 01:00:00,CAL,California,OTH,Other,-1329,megawatthours
2026-04-25 02:00:00,CAL,California,OTH,Other,1430,megawatthours
2026-04-25 03:00:00,CAL,California,OTH,Other,6703,megawatthours
2026-04-25 04:00:00,CAL,California,OTH,Other,8032,megawatthours
2026-04-25 05:00:00,CAL,California,OTH,Other,7152,megawatthours
2026-04-25 06:00:00,CAL,California,OTH,Other,5288,megawatthours
2026-04-25 07:00:00,CAL,California,OTH,Other,3628,megawatthours
2026-04-25 08:00:00,CAL,California,OTH,Other,2514,megawatthours
2026-04-25 09:00:00,CAL,California,OTH,Other,1229,megawatthours
2026-04-25 10:00:00,CAL,California,OTH,Other,475,megawatthours
2026-04-25 11:00:00,CAL,California,OTH,Other,333,megawatthours
2026-04-25 12:00:00,CAL,California,OTH,Other,921,megawatthours
2026-04-25 13:00:00,CAL,California,OTH,Other,2334,megawatthours
2026-04-25 14:00:00,CAL,California,OTH,Other,2094,megawatthours
2026-04-25 15:00:00,CAL,California,OTH,Other,174,megawatthours
2026-04-25 16:00:00,CAL,California,OTH,Other,-1455,megawatthours
2026-04-25 17:00:00,CAL,California,OTH,Other,-2896,megawatthours
2026-04-25 18:00:00,CAL,California,OTH,Other,-4700,megawatthours
2026-04-25 19:00:00,CAL,California,OTH,Other,-6494,megawatthours
2026-04-25 20:00:00,CAL,California,OTH,Other,-6985,megawatthours
2026-04-25 21:00:00,CAL,California,OTH,Other,-7443,megawatthours
2026-04-25 22:00:00,CAL,California,OTH,Other,-5716,megawatthours
2026-04-25 23:00:00,CAL,California,OTH,Other,-3346,megawatthours
2026-04-26 00:00:00,CAL,California,OTH,Other,-856,megawatthours
2026-04-26 00:00:00,CAL,California,OTH,Other,-856,megawatthours
2026-04-26 01:00:00,CAL,California,OTH,Other,1399,megawatthours
2026-04-26 02:00:00,CAL,California,OTH,Other,1842,megawatthours
2026-04-26 03:00:00,CAL,California,OTH,Other,5302,megawatthours
2026-04-26 04:00:00,CAL,California,OTH,Other,5878,megawatthours
2026-04-26 05:00:00,CAL,California,OTH,Other,5473,megawatthours
2026-04-26 06:00:00,CAL,California,OTH,Other,4145,megawatthours
2026-04-26 07:00:00,CAL,California,OTH,Other,2858,megawatthours
2026-04-26 08:00:00,CAL,California,OTH,Other,2850,megawatthours
2026-04-26 09:00:00,CAL,California,OTH,Other,1932,megawatthours
2026-04-26 10:00:00,CAL,California,OTH,Other,1400,megawatthours
2026-04-26 11:00:00,CAL,California,OTH,Other,893,megawatthours
2026-04-26 12:00:00,CAL,California,OTH,Other,1410,megawatthours
2026-04-26 13:00:00,CAL,California,OTH,Other,1852,megawatthours
2026-04-26 14:00:00,CAL,California,OTH,Other,1475,megawatthours
2026-04-26 15:00:00,CAL,California,OTH,Other,-1271,megawatthours
2026-04-26 16:00:00,CAL,California,OTH,Other,-2322,megawatthours
2026-04-26 17:00:00,CAL,California,OTH,Other,-4210,megawatthours
2026-04-26 18:00:00,CAL,California,OTH,Other,-4737,megawatthours
2026-04-26 19:00:00,CAL,California,OTH,Other,-5365,megawatthours
2026-04-26 20:00:00,CAL,California,OTH,Other,-6984,megawatthours
2026-04-26 21:00:00,CAL,California,OTH,Other,-6834,megawatthours
2026-04-26 22:00:00,CAL,California,OTH,Other,-6827,megawatthours
2026-04-26 23:00:00,CAL,California,OTH,Other,-5189,megawatthours
2026-04-27 00:00:00,CAL,California,OTH,Other,-3508,megawatthours
2026-04-27 00:00:00,CAL,California,OTH,Other,-3508,megawatthours
2026-04-27 01:00:00,CAL,California,OTH,Other,-1583,megawatthours
2026-04-27 02:00:00,CAL,California,OTH,Other,862,megawatthours
2026-04-27 03:00:00,CAL,California,OTH,Other,5807,megawatthours
2026-04-27 04:00:00,CAL,California,OTH,Other,7187,megawatthours
2026-04-27 05:00:00,CAL,California,OTH,Other,7163,megawatthours
2026-04-27 06:00:00,CAL,California,OTH,Other,5533,megawatthours
2026-04-27 07:00:00,CAL,California,OTH,Other,3482,megawatthours
2026-04-27 08:00:00,CAL,California,OTH,Other,1680,megawatthours
2026-04-27 09:00:00,CAL,California,OTH,Other,994,megawatthours
2026-04-27 10:00:00,CAL,California,OTH,Other,190,megawatthours
2026-04-27 11:00:00,CAL,California,OTH,Other,432,megawatthours
2026-04-27 12:00:00,CAL,California,OTH,Other,1036,megawatthours
2026-04-27 13:00:00,CAL,California,OTH,Other,3214,megawatthours
2026-04-27 14:00:00,CAL,California,OTH,Other,3891,megawatthours
2026-04-27 15:00:00,CAL,California,OTH,Other,-361,megawatthours
2026-04-27 16:00:00,CAL,California,OTH,Other,-2195,megawatthours
2026-04-27 17:00:00,CAL,California,OTH,Other,-2931,megawatthours
2026-04-27 18:00:00,CAL,California,OTH,Other,-3656,megawatthours
2026-04-27 19:00:00,CAL,California,OTH,Other,-4255,megawatthours
2026-04-27 20:00:00,CAL,California,OTH,Other,-4377,megawatthours
2026-04-27 21:00:00,CAL,California,OTH,Other,-5487,megawatthours
2026-04-27 22:00:00,CAL,California,OTH,Other,-5814,megawatthours
2026-04-27 23:00:00,CAL,California,OTH,Other,-5265,megawatthours
2026-04-28 00:00:00,CAL,California,OTH,Other,-3235,megawatthours
2026-04-28 00:00:00,CAL,California,OTH,Other,-3235,megawatthours
2026-04-28 01:00:00,CAL,California,OTH,Other,-1000,megawatthours
2026-04-28 02:00:00,CAL,California,OTH,Other,767,megawatthours
2026-04-28 03:00:00,CAL,California,OTH,Other,4818,megawatthours
2026-04-28 04:00:00,CAL,California,OTH,Other,5423,megawatthours
2026-04-28 05:00:00,CAL,California,OTH,Other,5358,megawatthours
2026-04-28 06:00:00,CAL,California,OTH,Other,3926,megawatthours
2026-04-28 07:00:00,CAL,California,OTH,Other,3153,megawatthours
2026-04-28 08:00:00,CAL,California,OTH,Other,1159,megawatthours
2026-04-28 09:00:00,CAL,California,OTH,Other,649,megawatthours
2026-04-28 10:00:00,CAL,California,OTH,Other,704,megawatthours
2026-04-28 11:00:00,CAL,California,OTH,Other,570,megawatthours
2026-04-28 12:00:00,CAL,California,OTH,Other,2027,megawatthours
2026-04-28 13:00:00,CAL,California,OTH,Other,3550,megawatthours
2026-04-28 14:00:00,CAL,California,OTH,Other,3675,megawatthours
2026-04-28 15:00:00,CAL,California,OTH,Other,-887,megawatthours
2026-04-28 16:00:00,CAL,California,OTH,Other,-2369,megawatthours
2026-04-28 17:00:00,CAL,California,OTH,Other,-3517,megawatthours
2026-04-28 18:00:00,CAL,California,OTH,Other,-4956,megawatthours
2026-04-28 19:00:00,CAL,California,OTH,Other,-6581,megawatthours
2026-04-28 20:00:00,CAL,California,OTH,Other,-7260,megawatthours
2026-04-28 21:00:00,CAL,California,OTH,Other,-6616,megawatthours
2026-04-28 22:00:00,CAL,California,OTH,Other,-5337,megawatthours
2026-04-28 23:00:00,CAL,California,OTH,Other,-3413,megawatthours
2026-04-29 00:00:00,CAL,California,OTH,Other,-1445,megawatthours
2026-04-29 00:00:00,CAL,California,OTH,Other,-1445,megawatthours
2026-04-29 01:00:00,CAL,California,OTH,Other,-586,megawatthours
2026-04-29 02:00:00,CAL,California,OTH,Other,1760,megawatthours
2026-04-29 03:00:00,CAL,California,OTH,Other,7170,megawatthours
2026-04-29 04:00:00,CAL,California,OTH,Other,7815,megawatthours
2026-04-29 05:00:00,CAL,California,OTH,Other,6208,megawatthours
2026-04-29 06:00:00,CAL,California,OTH,Other,4433,megawatthours
2026-04-29 07:00:00,CAL,California,OTH,Other,2495,megawatthours
2026-04-29 08:00:00,CAL,California,OTH,Other,1636,megawatthours
2026-04-29 09:00:00,CAL,California,OTH,Other,1630,megawatthours
2026-04-29 10:00:00,CAL,California,OTH,Other,915,megawatthours
2026-04-29 11:00:00,CAL,California,OTH,Other,732,megawatthours
2026-04-29 12:00:00,CAL,California,OTH,Other,1814,megawatthours
2026-04-29 13:00:00,CAL,California,OTH,Other,3562,megawatthours
2026-04-29 14:00:00,CAL,California,OTH,Other,3555,megawatthours
2026-04-29 15:00:00,CAL,California,OTH,Other,-834,megawatthours
2026-04-29 16:00:00,CAL,California,OTH,Other,-2266,megawatthours
2026-04-29 17:00:00,CAL,California,OTH,Other,-3885,megawatthours
2026-04-29 18:00:00,CAL,California,OTH,Other,-5426,megawatthours
2026-04-29 19:00:00,CAL,California,OTH,Other,-6253,megawatthours
2026-04-29 20:00:00,CAL,California,OTH,Other,-7667,megawatthours
2026-04-29 21:00:00,CAL,California,OTH,Other,-6969,megawatthours
2026-04-29 22:00:00,CAL,California,OTH,Other,-6157,megawatthours
2026-04-29 23:00:00,CAL,California,OTH,Other,-4614,megawatthours
2026-04-30 00:00:00,CAL,California,OTH,Other,-2037,megawatthours
2026-04-30 00:00:00,CAL,California,OTH,Other,-2037,megawatthours
2026-04-30 01:00:00,CAL,California,OTH,Other,-851,megawatthours
2026-04-30 02:00:00,CAL,California,OTH,Other,1678,megawatthours
2026-04-30 03:00:00,CAL,California,OTH,Other,6542,megawatthours
2026-04-30 04:00:00,CAL,California,OTH,Other,8390,megawatthours
2026-04-30 05:00:00,CAL,California,OTH,Other,7820,megawatthours
2026-04-30 06:00:00,CAL,California,OTH,Other,5516,megawatthours
2026-04-30 07:00:00,CAL,California,OTH,Other,4053,megawatthours
2026-04-30 08:00:00,CAL,California,OTH,Other,2025,megawatthours
2026-04-30 09:00:00,CAL,California,OTH,Other,1439,megawatthours
2026-04-30 10:00:00,CAL,California,OTH,Other,647,megawatthours
2026-04-30 11:00:00,CAL,California,OTH,Other,828,megawatthours
2026-04-30 12:00:00,CAL,California,OTH,Other,668,megawatthours
2026-04-30 13:00:00,CAL,California,OTH,Other,2393,megawatthours
2026-04-30 14:00:00,CAL,California,OTH,Other,2664,megawatthours
2026-04-30 15:00:00,CAL,California,OTH,Other,-1165,megawatthours
2026-04-30 16:00:00,CAL,California,OTH,Other,-2281,megawatthours
2026-04-30 17:00:00,CAL,California,OTH,Other,-3227,megawatthours
2026-04-30 18:00:00,CAL,California,OTH,Other,-4324,megawatthours
2026-04-30 19:00:00,CAL,California,OTH,Other,-5831,megawatthours
2026-04-30 20:00:00,CAL,California,OTH,Other,-7006,megawatthours
2026-04-30 21:00:00,CAL,California,OTH,Other,-6506,megawatthours
2026-04-30 22:00:00,CAL,California,OTH,Other,-6041,megawatthours
2026-04-30 23:00:00,CAL,California,OTH,Other,-4242,megawatthours
2026-05-01 00:00:00,CAL,California,OTH,Other,-3350,megawatthours
2026-05-01 00:00:00,CAL,California,OTH,Other,-3350,megawatthours
2026-05-01 01:00:00,CAL,California,OTH,Other,-1614,megawatthours
2026-05-01 02:00:00,CAL,California,OTH,Other,2171,megawatthours
2026-05-01 03:00:00,CAL,California,OTH,Other,7573,megawatthours
2026-05-01 04:00:00,CAL,California,OTH,Other,7985,megawatthours
2026-05-01 05:00:00,CAL,California,OTH,Other,7089,megawatthours
2026-05-01 06:00:00,CAL,California,OTH,Other,5063,megawatthours
2026-05-01 07:00:00,CAL,California,OTH,Other,3728,megawatthours
2026-05-01 08:00:00,CAL,California,OTH,Other,2917,megawatthours
2026-05-01 09:00:00,CAL,California,OTH,Other,2202,megawatthours
2026-05-01 10:00:00,CAL,California,OTH,Other,911,megawatthours
2026-05-01 11:00:00,CAL,California,OTH,Other,327,megawatthours
2026-05-01 12:00:00,CAL,California,OTH,Other,466,megawatthours
2026-05-01 13:00:00,CAL,California,OTH,Other,956,megawatthours
2026-05-01 14:00:00,CAL,California,OTH,Other,891,megawatthours
2026-05-01 15:00:00,CAL,California,OTH,Other,-1534,megawatthours
2026-05-01 16:00:00,CAL,California,OTH,Other,-3683,megawatthours
2026-05-01 17:00:00,CAL,California,OTH,Other,-4553,megawatthours
2026-05-01 18:00:00,CAL,California,OTH,Other,-6252,megawatthours
2026-05-01 19:00:00,CAL,California,OTH,Other,-7636,megawatthours
2026-05-01 20:00:00,CAL,California,OTH,Other,-7294,megawatthours
2026-05-01 21:00:00,CAL,California,OTH,Other,-7341,megawatthours
2026-05-01 22:00:00,CAL,California,OTH,Other,-5660,megawatthours
2026-05-01 23:00:00,CAL,California,OTH,Other,-2847,megawatthours
2026-05-02 00:00:00,CAL,California,OTH,Other,-1444,megawatthours
2026-05-02 00:00:00,CAL,California,OTH,Other,-1444,megawatthours
2026-05-02 01:00:00,CAL,California,OTH,Other,-525,megawatthours
2026-05-02 02:00:00,CAL,California,OTH,Other,2934,megawatthours
2026-05-02 03:00:00,CAL,California,OTH,Other,8114,megawatthours
2026-05-02 04:00:00,CAL,California,OTH,Other,7704,megawatthours
2026-05-02 05:00:00,CAL,California,OTH,Other,7512,megawatthours
2026-05-02 06:00:00,CAL,California,OTH,Other,6358,megawatthours
2026-05-02 07:00:00,CAL,California,OTH,Other,4564,megawatthours
2026-05-02 08:00:00,CAL,California,OTH,Other,3118,megawatthours
2026-05-02 09:00:00,CAL,California,OTH,Other,1134,megawatthours
2026-05-02 10:00:00,CAL,California,OTH,Other,939,megawatthours
2026-05-02 11:00:00,CAL,California,OTH,Other,502,megawatthours
2026-05-02 12:00:00,CAL,California,OTH,Other,140,megawatthours
2026-05-02 13:00:00,CAL,California,OTH,Other,313,megawatthours
2026-05-02 14:00:00,CAL,California,OTH,Other,-7,megawatthours
2026-05-02 15:00:00,CAL,California,OTH,Other,-1522,megawatthours
2026-05-02 16:00:00,CAL,California,OTH,Other,-4075,megawatthours
2026-05-02 17:00:00,CAL,California,OTH,Other,-5465,megawatthours
2026-05-02 18:00:00,CAL,California,OTH,Other,-7433,megawatthours
2026-05-02 19:00:00,CAL,California,OTH,Other,-7507,megawatthours
2026-05-02 20:00:00,CAL,California,OTH,Other,-7240,megawatthours
2026-05-02 21:00:00,CAL,California,OTH,Other,-7144,megawatthours
2026-05-02 22:00:00,CAL,California,OTH,Other,-5136,megawatthours
2026-05-02 23:00:00,CAL,California,OTH,Other,-3422,megawatthours
2026-05-03 00:00:00,CAL,California,OTH,Other,-1079,megawatthours
2026-05-03 00:00:00,CAL,California,OTH,Other,-1079,megawatthours
2026-05-03 01:00:00,CAL,California,OTH,Other,-385,megawatthours
2026-05-03 02:00:00,CAL,California,OTH,Other,3261,megawatthours
2026-05-03 03:00:00,CAL,California,OTH,Other,8090,megawatthours
2026-05-03 04:00:00,CAL,California,OTH,Other,8105,megawatthours
2026-05-03 05:00:00,CAL,California,OTH,Other,7507,megawatthours
2026-05-03 06:00:00,CAL,California,OTH,Other,5801,megawatthours
2026-05-03 07:00:00,CAL,California,OTH,Other,4275,megawatthours
2026-05-03 08:00:00,CAL,California,OTH,Other,1596,megawatthours
2026-05-03 09:00:00,CAL,California,OTH,Other,787,megawatthours
2026-05-03 10:00:00,CAL,California,OTH,Other,131,megawatthours
2026-05-03 11:00:00,CAL,California,OTH,Other,160,megawatthours
2026-05-03 12:00:00,CAL,California,OTH,Other,83,megawatthours
2026-05-03 13:00:00,CAL,California,OTH,Other,1029,megawatthours
2026-05-03 14:00:00,CAL,California,OTH,Other,956,megawatthours
2026-05-03 15:00:00,CAL,California,OTH,Other,-1676,megawatthours
2026-05-03 16:00:00,CAL,California,OTH,Other,-2628,megawatthours
2026-05-03 17:00:00,CAL,California,OTH,Other,-4058,megawatthours
2026-05-03 18:00:00,CAL,California,OTH,Other,-4885,megawatthours
2026-05-03 19:00:00,CAL,California,OTH,Other,-5298,megawatthours
2026-05-03 20:00:00,CAL,California,OTH,Other,-6683,megawatthours
2026-05-03 21:00:00,CAL,California,OTH,Other,-6963,megawatthours
2026-05-03 22:00:00,CAL,California,OTH,Other,-6886,megawatthours
2026-05-03 23:00:00,CAL,California,OTH,Other,-5296,megawatthours
2026-05-04 00:00:00,CAL,California,OTH,Other,-2987,megawatthours
2026-05-04 00:00:00,CAL,California,OTH,Other,-2987,megawatthours
2026-05-04 01:00:00,CAL,California,OTH,Other,-619,megawatthours
2026-05-04 02:00:00,CAL,California,OTH,Other,1334,megawatthours
2026-05-04 03:00:00,CAL,California,OTH,Other,5848,megawatthours
2026-05-04 04:00:00,CAL,California,OTH,Other,7594,megawatthours
2026-05-04 05:00:00,CAL,California,OTH,Other,6570,megawatthours
2026-05-04 06:00:00,CAL,California,OTH,Other,4645,megawatthours
2026-05-04 07:00:00,CAL,California,OTH,Other,3071,megawatthours
2026-05-04 08:00:00,CAL,California,OTH,Other,959,megawatthours
2026-05-04 09:00:00,CAL,California,OTH,Other,520,megawatthours
2026-05-04 10:00:00,CAL,California,OTH,Other,-76,megawatthours
2026-05-04 11:00:00,CAL,California,OTH,Other,-328,megawatthours
2026-05-04 12:00:00,CAL,California,OTH,Other,495,megawatthours
2026-05-04 13:00:00,CAL,California,OTH,Other,2235,megawatthours
2026-05-04 14:00:00,CAL,California,OTH,Other,3585,megawatthours
2026-05-04 15:00:00,CAL,California,OTH,Other,1975,megawatthours
2026-05-04 16:00:00,CAL,California,OTH,Other,-176,megawatthours
2026-05-04 17:00:00,CAL,California,OTH,Other,-3496,megawatthours
2026-05-04 18:00:00,CAL,California,OTH,Other,-5471,megawatthours
2026-05-04 19:00:00,CAL,California,OTH,Other,-6987,megawatthours
2026-05-04 20:00:00,CAL,California,OTH,Other,-7593,megawatthours
2026-05-04 21:00:00,CAL,California,OTH,Other,-6770,megawatthours
2026-05-04 22:00:00,CAL,California,OTH,Other,-5346,megawatthours
2026-05-04 23:00:00,CAL,California,OTH,Other,-2956,megawatthours
2026-05-05 00:00:00,CAL,California,OTH,Other,-958,megawatthours
2026-05-05 00:00:00,CAL,California,OTH,Other,-958,megawatthours
2026-05-05 01:00:00,CAL,California,OTH,Other,-153,megawatthours
2026-05-05 02:00:00,CAL,California,OTH,Other,1468,megawatthours
2026-05-05 03:00:00,CAL,California,OTH,Other,5747,megawatthours
2026-05-05 04:00:00,CAL,California,OTH,Other,7169,megawatthours
2026-05-05 05:00:00,CAL,California,OTH,Other,6801,megawatthours
2026-05-05 06:00:00,CAL,California,OTH,Other,4709,megawatthours
2026-05-05 07:00:00,CAL,California,OTH,Other,3447,megawatthours
2026-05-05 08:00:00,CAL,California,OTH,Other,1965,megawatthours
2026-05-05 09:00:00,CAL,California,OTH,Other,1197,megawatthours
2026-05-05 10:00:00,CAL,California,OTH,Other,475,megawatthours
2026-05-05 11:00:00,CAL,California,OTH,Other,205,megawatthours
2026-05-05 12:00:00,CAL,California,OTH,Other,1176,megawatthours
2026-05-05 13:00:00,CAL,California,OTH,Other,2805,megawatthours
2026-05-05 14:00:00,CAL,California,OTH,Other,2828,megawatthours
2026-05-05 15:00:00,CAL,California,OTH,Other,-914,megawatthours
2026-05-05 16:00:00,CAL,California,OTH,Other,-3048,megawatthours
2026-05-05 17:00:00,CAL,California,OTH,Other,-3236,megawatthours
2026-05-05 18:00:00,CAL,California,OTH,Other,-3928,megawatthours
2026-05-05 19:00:00,CAL,California,OTH,Other,-5168,megawatthours
2026-05-05 20:00:00,CAL,California,OTH,Other,-5597,megawatthours
2026-05-05 21:00:00,CAL,California,OTH,Other,-6161,megawatthours
2026-05-05 22:00:00,CAL,California,OTH,Other,-5334,megawatthours
2026-05-05 23:00:00,CAL,California,OTH,Other,-4447,megawatthours
2026-05-06 00:00:00,CAL,California,OTH,Other,-3149,megawatthours
2026-05-06 00:00:00,CAL,California,OTH,Other,-3149,megawatthours
2026-05-06 01:00:00,CAL,California,OTH,Other,-1424,megawatthours
2026-05-06 02:00:00,CAL,California,OTH,Other,1035,megawatthours
2026-05-06 03:00:00,CAL,California,OTH,Other,5840,megawatthours
2026-05-06 04:00:00,CAL,California,OTH,Other,6472,megawatthours
2026-05-06 05:00:00,CAL,California,OTH,Other,5860,megawatthours
2026-05-06 06:00:00,CAL,California,OTH,Other,3955,megawatthours
2026-05-06 07:00:00,CAL,California,OTH,Other,2893,megawatthours
2026-05-06 08:00:00,CAL,California,OTH,Other,3518,megawatthours
2026-05-06 09:00:00,CAL,California,OTH,Other,3090,megawatthours
2026-05-06 10:00:00,CAL,California,OTH,Other,2254,megawatthours
2026-05-06 11:00:00,CAL,California,OTH,Other,1408,megawatthours
2026-05-06 12:00:00,CAL,California,OTH,Other,1762,megawatthours
2026-05-06 13:00:00,CAL,California,OTH,Other,2187,megawatthours
2026-05-06 14:00:00,CAL,California,OTH,Other,1163,megawatthours
2026-05-06 15:00:00,CAL,California,OTH,Other,-2815,megawatthours
2026-05-06 16:00:00,CAL,California,OTH,Other,-4404,megawatthours
2026-05-06 17:00:00,CAL,California,OTH,Other,-4712,megawatthours
2026-05-06 18:00:00,CAL,California,OTH,Other,-5135,megawatthours
2026-05-06 19:00:00,CAL,California,OTH,Other,-5515,megawatthours
2026-05-06 20:00:00,CAL,California,OTH,Other,-5967,megawatthours
2026-05-06 21:00:00,CAL,California,OTH,Other,-7055,megawatthours
2026-05-06 22:00:00,CAL,California,OTH,Other,-5754,megawatthours
2026-05-06 23:00:00,CAL,California,OTH,Other,-4090,megawatthours
2026-05-07 00:00:00,CAL,California,OTH,Other,-2078,megawatthours
2026-05-07 00:00:00,CAL,California,OTH,Other,-2078,megawatthours
2026-05-07 01:00:00,CAL,California,OTH,Other,-802,megawatthours
2026-05-07 02:00:00,CAL,California,OTH,Other,1516,megawatthours
2026-05-07 03:00:00,CAL,California,OTH,Other,6861,megawatthours
2026-05-07 04:00:00,CAL,California,OTH,Other,8094,megawatthours
2026-05-07 05:00:00,CAL,California,OTH,Other,7043,megawatthours
2026-05-07 06:00:00,CAL,California,OTH,Other,4916,megawatthours
2026-05-07 07:00:00,CAL,California,OTH,Other,3390,megawatthours
2026-05-07 08:00:00,CAL,California,OTH,Other,1662,megawatthours
2026-05-07 09:00:00,CAL,California,OTH,Other,580,megawatthours
2026-05-07 10:00:00,CAL,California,OTH,Other,550,megawatthours
2026-05-07 11:00:00,CAL,California,OTH,Other,584,megawatthours
2026-05-07 12:00:00,CAL,California,OTH,Other,2140,megawatthours
2026-05-07 13:00:00,CAL,California,OTH,Other,3403,megawatthours
2026-05-07 14:00:00,CAL,California,OTH,Other,3118,megawatthours
2026-05-07 15:00:00,CAL,California,OTH,Other,-967,megawatthours
2026-05-07 16:00:00,CAL,California,OTH,Other,-3337,megawatthours
2026-05-07 17:00:00,CAL,California,OTH,Other,-5215,megawatthours
2026-05-07 18:00:00,CAL,California,OTH,Other,-5220,megawatthours
2026-05-07 19:00:00,CAL,California,OTH,Other,-5885,megawatthours
2026-05-07 20:00:00,CAL,California,OTH,Other,-5979,megawatthours
2026-05-07 21:00:00,CAL,California,OTH,Other,-5311,megawatthours
2026-05-07 22:00:00,CAL,California,OTH,Other,-5872,megawatthours
2026-05-07 23:00:00,CAL,California,OTH,Other,-4745,megawatthours
2026-05-08 00:00:00,CAL,California,OTH,Other,-3384,megawatthours
2026-05-08 00:00:00,CAL,California,OTH,Other,-3384,megawatthours
2026-05-08 01:00:00,CAL,California,OTH,Other,-669,megawatthours
2026-05-08 02:00:00,CAL,California,OTH,Other,3052,megawatthours
2026-05-08 03:00:00,CAL,California,OTH,Other,8447,megawatthours
2026-05-08 04:00:00,CAL,California,OTH,Other,9294,megawatthours
2026-05-08 05:00:00,CAL,California,OTH,Other,7697,megawatthours
2026-05-08 06:00:00,CAL,California,OTH,Other,4782,megawatthours
2026-05-08 07:00:00,CAL,California,OTH,Other,3459,megawatthours
2026-05-08 08:00:00,CAL,California,OTH,Other,1368,megawatthours
2026-05-08 09:00:00,CAL,California,OTH,Other,553,megawatthours
2026-05-08 10:00:00,CAL,California,OTH,Other,-37,megawatthours
2026-05-08 11:00:00,CAL,California,OTH,Other,-61,megawatthours
2026-05-08 12:00:00,CAL,California,OTH,Other,634,megawatthours
2026-05-08 13:00:00,CAL,California,OTH,Other,2165,megawatthours
2026-05-08 14:00:00,CAL,California,OTH,Other,1874,megawatthours
2026-05-08 15:00:00,CAL,California,OTH,Other,-2585,megawatthours
2026-05-08 16:00:00,CAL,California,OTH,Other,-4902,megawatthours
2026-05-08 17:00:00,CAL,California,OTH,Other,-6929,megawatthours
2026-05-08 18:00:00,CAL,California,OTH,Other,-6297,megawatthours
2026-05-08 19:00:00,CAL,California,OTH,Other,-5848,megawatthours
2026-05-08 20:00:00,CAL,California,OTH,Other,-6752,megawatthours
2026-05-08 21:00:00,CAL,California,OTH,Other,-6311,megawatthours
2026-05-08 22:00:00,CAL,California,OTH,Other,-5508,megawatthours
2026-05-08 23:00:00,CAL,California,OTH,Other,-2862,megawatthours
2026-05-09 00:00:00,CAL,California,OTH,Other,-1855,megawatthours
2026-05-09 00:00:00,CAL,California,OTH,Other,-1855,megawatthours
2026-05-09 01:00:00,CAL,California,OTH,Other,-423,megawatthours
2026-05-09 02:00:00,CAL,California,OTH,Other,2965,megawatthours
2026-05-09 03:00:00,CAL,California,OTH,Other,9766,megawatthours
2026-05-09 04:00:00,CAL,California,OTH,Other,9216,megawatthours
2026-05-09 05:00:00,CAL,California,OTH,Other,7875,megawatthours
2026-05-09 06:00:00,CAL,California,OTH,Other,6441,megawatthours
2026-05-09 07:00:00,CAL,California,OTH,Other,4556,megawatthours
2026-05-09 08:00:00,CAL,California,OTH,Other,2723,megawatthours
2026-05-09 09:00:00,CAL,California,OTH,Other,1653,megawatthours
2026-05-09 10:00:00,CAL,California,OTH,Other,580,megawatthours
2026-05-09 11:00:00,CAL,California,OTH,Other,610,megawatthours
2026-05-09 12:00:00,CAL,California,OTH,Other,243,megawatthours
2026-05-09 13:00:00,CAL,California,OTH,Other,1379,megawatthours
2026-05-09 14:00:00,CAL,California,OTH,Other,379,megawatthours
2026-05-09 15:00:00,CAL,California,OTH,Other,-2680,megawatthours
2026-05-09 16:00:00,CAL,California,OTH,Other,-5143,megawatthours
2026-05-09 17:00:00,CAL,California,OTH,Other,-6438,megawatthours
2026-05-09 18:00:00,CAL,California,OTH,Other,-6931,megawatthours
2026-05-09 19:00:00,CAL,California,OTH,Other,-6689,megawatthours
2026-05-09 20:00:00,CAL,California,OTH,Other,-6643,megawatthours
2026-05-09 21:00:00,CAL,California,OTH,Other,-6378,megawatthours
2026-05-09 22:00:00,CAL,California,OTH,Other,-5481,megawatthours
2026-05-09 23:00:00,CAL,California,OTH,Other,-2865,megawatthours
2026-05-10 00:00:00,CAL,California,OTH,Other,-1471,megawatthours
2026-05-10 00:00:00,CAL,California,OTH,Other,-1471,megawatthours
2026-05-10 01:00:00,CAL,California,OTH,Other,-260,megawatthours
2026-05-10 02:00:00,CAL,California,OTH,Other,3061,megawatthours
2026-05-10 03:00:00,CAL,California,OTH,Other,8923,megawatthours
2026-05-10 04:00:00,CAL,California,OTH,Other,9078,megawatthours
2026-05-10 05:00:00,CAL,California,OTH,Other,7746,megawatthours
2026-05-10 06:00:00,CAL,California,OTH,Other,7067,megawatthours
2026-05-10 07:00:00,CAL,California,OTH,Other,4873,megawatthours
2026-05-10 08:00:00,CAL,California,OTH,Other,2733,megawatthours
2026-05-10 09:00:00,CAL,California,OTH,Other,1320,megawatthours
2026-05-10 10:00:00,CAL,California,OTH,Other,800,megawatthours
2026-05-10 11:00:00,CAL,California,OTH,Other,326,megawatthours
2026-05-10 12:00:00,CAL,California,OTH,Other,479,megawatthours
2026-05-10 13:00:00,CAL,California,OTH,Other,973,megawatthours
2026-05-10 14:00:00,CAL,California,OTH,Other,82,megawatthours
2026-05-10 15:00:00,CAL,California,OTH,Other,-3431,megawatthours
2026-05-10 16:00:00,CAL,California,OTH,Other,-6587,megawatthours
2026-05-10 17:00:00,CAL,California,OTH,Other,-7389,megawatthours
2026-05-10 18:00:00,CAL,California,OTH,Other,-8133,megawatthours
2026-05-10 19:00:00,CAL,California,OTH,Other,-7247,megawatthours
2026-05-10 20:00:00,CAL,California,OTH,Other,-6738,megawatthours
2026-05-10 21:00:00,CAL,California,OTH,Other,-5432,megawatthours
2026-05-10 22:00:00,CAL,California,OTH,Other,-3420,megawatthours
2026-05-10 23:00:00,CAL,California,OTH,Other,-1802,megawatthours
2026-05-11 00:00:00,CAL,California,OTH,Other,-653,megawatthours
2026-05-11 00:00:00,CAL,California,OTH,Other,-653,megawatthours
2026-05-11 01:00:00,CAL,California,OTH,Other,405,megawatthours
2026-05-11 02:00:00,CAL,California,OTH,Other,2484,megawatthours
2026-05-11 03:00:00,CAL,California,OTH,Other,8049,megawatthours
2026-05-11 04:00:00,CAL,California,OTH,Other,7081,megawatthours
2026-05-11 05:00:00,CAL,California,OTH,Other,6407,megawatthours
2026-05-11 06:00:00,CAL,California,OTH,Other,4233,megawatthours
2026-05-11 07:00:00,CAL,California,OTH,Other,3481,megawatthours
2026-05-11 08:00:00,CAL,California,OTH,Other,1830,megawatthours
2026-05-11 09:00:00,CAL,California,OTH,Other,1004,megawatthours
2026-05-11 10:00:00,CAL,California,OTH,Other,681,megawatthours
2026-05-11 11:00:00,CAL,California,OTH,Other,498,megawatthours
2026-05-11 12:00:00,CAL,California,OTH,Other,1240,megawatthours
2026-05-11 13:00:00,CAL,California,OTH,Other,2286,megawatthours
2026-05-11 14:00:00,CAL,California,OTH,Other,2083,megawatthours
2026-05-11 15:00:00,CAL,California,OTH,Other,-2199,megawatthours
2026-05-11 16:00:00,CAL,California,OTH,Other,-5962,megawatthours
2026-05-11 17:00:00,CAL,California,OTH,Other,-7014,megawatthours
2026-05-11 18:00:00,CAL,California,OTH,Other,-7571,megawatthours
2026-05-11 19:00:00,CAL,California,OTH,Other,-7107,megawatthours
2026-05-11 20:00:00,CAL,California,OTH,Other,-6075,megawatthours
2026-05-11 21:00:00,CAL,California,OTH,Other,-4374,megawatthours
2026-05-11 22:00:00,CAL,California,OTH,Other,-2948,megawatthours
2026-05-11 23:00:00,CAL,California,OTH,Other,-1223,megawatthours
2026-05-12 00:00:00,CAL,California,OTH,Other,-416,megawatthours
2026-05-12 00:00:00,CAL,California,OTH,Other,-416,megawatthours
2026-05-12 01:00:00,CAL,California,OTH,Other,801,megawatthours
2026-05-12 02:00:00,CAL,California,OTH,Other,6740,megawatthours
2026-05-12 03:00:00,CAL,California,OTH,Other,11242,megawatthours
2026-05-12 04:00:00,CAL,California,OTH,Other,10022,megawatthours
2026-05-12 05:00:00,CAL,California,OTH,Other,8145,megawatthours
2026-05-12 06:00:00,CAL,California,OTH,Other,3619,megawatthours
2026-05-12 07:00:00,CAL,California,OTH,Other,1006,megawatthours
2026-05-12 08:00:00,CAL,California,OTH,Other,1316,megawatthours
2026-05-12 09:00:00,CAL,California,OTH,Other,809,megawatthours
2026-05-12 10:00:00,CAL,California,OTH,Other,-217,megawatthours
2026-05-12 11:00:00,CAL,California,OTH,Other,-354,megawatthours
2026-05-12 12:00:00,CAL,California,OTH,Other,-219,megawatthours
2026-05-12 13:00:00,CAL,California,OTH,Other,1518,megawatthours
2026-05-12 14:00:00,CAL,California,OTH,Other,1013,megawatthours
2026-05-12 15:00:00,CAL,California,OTH,Other,-1829,megawatthours
2026-05-12 16:00:00,CAL,California,OTH,Other,-5272,megawatthours
2026-05-12 17:00:00,CAL,California,OTH,Other,-6685,megawatthours
2026-05-12 18:00:00,CAL,California,OTH,Other,-7554,megawatthours
2026-05-12 19:00:00,CAL,California,OTH,Other,-7722,megawatthours
2026-05-12 20:00:00,CAL,California,OTH,Other,-6260,megawatthours
2026-05-12 21:00:00,CAL,California,OTH,Other,-4151,megawatthours
2026-05-12 22:00:00,CAL,California,OTH,Other,-2691,megawatthours
2026-05-12 23:00:00,CAL,California,OTH,Other,-815,megawatthours
2026-05-13 00:00:00,CAL,California,OTH,Other,-248,megawatthours
2026-05-13 00:00:00,CAL,California,OTH,Other,-248,megawatthours
2026-05-13 01:00:00,CAL,California,OTH,Other,230,megawatthours
2026-05-13 02:00:00,CAL,California,OTH,Other,6597,megawatthours
2026-05-13 03:00:00,CAL,California,OTH,Other,10516,megawatthours
2026-05-13 04:00:00,CAL,California,OTH,Other,9732,megawatthours
2026-05-13 05:00:00,CAL,California,OTH,Other,6897,megawatthours
2026-05-13 06:00:00,CAL,California,OTH,Other,2865,megawatthours
2026-05-13 07:00:00,CAL,California,OTH,Other,1166,megawatthours
2026-05-13 08:00:00,CAL,California,OTH,Other,1391,megawatthours
2026-05-13 09:00:00,CAL,California,OTH,Other,718,megawatthours
2026-05-13 10:00:00,CAL,California,OTH,Other,81,megawatthours
2026-05-13 11:00:00,CAL,California,OTH,Other,-102,megawatthours
2026-05-13 12:00:00,CAL,California,OTH,Other,344,megawatthours
2026-05-13 13:00:00,CAL,California,OTH,Other,946,megawatthours
2026-05-13 14:00:00,CAL,California,OTH,Other,106,megawatthours
2026-05-13 15:00:00,CAL,California,OTH,Other,-1607,megawatthours
2026-05-13 16:00:00,CAL,California,OTH,Other,-3107,megawatthours
2026-05-13 17:00:00,CAL,California,OTH,Other,-4922,megawatthours
2026-05-13 18:00:00,CAL,California,OTH,Other,-5129,megawatthours
2026-05-13 19:00:00,CAL,California,OTH,Other,-6190,megawatthours
2026-05-13 20:00:00,CAL,California,OTH,Other,-8069,megawatthours
2026-05-13 21:00:00,CAL,California,OTH,Other,-7885,megawatthours
2026-05-13 22:00:00,CAL,California,OTH,Other,-6814,megawatthours
2026-05-13 23:00:00,CAL,California,OTH,Other,-4153,megawatthours
2026-05-14 00:00:00,CAL,California,OTH,Other,-2296,megawatthours
2026-05-14 00:00:00,CAL,California,OTH,Other,-2296,megawatthours
2026-05-14 01:00:00,CAL,California,OTH,Other,-666,megawatthours
2026-05-14 02:00:00,CAL,California,OTH,Other,1788,megawatthours
2026-05-14 03:00:00,CAL,California,OTH,Other,7937,megawatthours
2026-05-14 04:00:00,CAL,California,OTH,Other,8706,megawatthours
2026-05-14 05:00:00,CAL,California,OTH,Other,7149,megawatthours
2026-05-14 06:00:00,CAL,California,OTH,Other,5847,megawatthours
2026-05-14 07:00:00,CAL,California,OTH,Other,3165,megawatthours
2026-05-14 08:00:00,CAL,California,OTH,Other,2478,megawatthours
2026-05-14 09:00:00,CAL,California,OTH,Other,2044,megawatthours
2026-05-14 10:00:00,CAL,California,OTH,Other,1015,megawatthours
2026-05-14 11:00:00,CAL,California,OTH,Other,544,megawatthours
2026-05-14 12:00:00,CAL,California,OTH,Other,1040,megawatthours
2026-05-14 13:00:00,CAL,California,OTH,Other,2109,megawatthours
2026-05-14 14:00:00,CAL,California,OTH,Other,1192,megawatthours
2026-05-14 15:00:00,CAL,California,OTH,Other,-2925,megawatthours
2026-05-14 16:00:00,CAL,California,OTH,Other,-5740,megawatthours
2026-05-14 17:00:00,CAL,California,OTH,Other,-5177,megawatthours
2026-05-14 18:00:00,CAL,California,OTH,Other,-6083,megawatthours
2026-05-14 19:00:00,CAL,California,OTH,Other,-6488,megawatthours
2026-05-14 20:00:00,CAL,California,OTH,Other,-6557,megawatthours
2026-05-14 21:00:00,CAL,California,OTH,Other,-5666,megawatthours
2026-05-14 22:00:00,CAL,California,OTH,Other,-3971,megawatthours
2026-05-14 23:00:00,CAL,California,OTH,Other,-3107,megawatthours
2026-05-15 00:00:00,CAL,California,OTH,Other,-2685,megawatthours
2026-05-15 00:00:00,CAL,California,OTH,Other,-2685,megawatthours
2026-05-15 01:00:00,CAL,California,OTH,Other,-1263,megawatthours
2026-05-15 02:00:00,CAL,California,OTH,Other,1536,megawatthours
2026-05-15 03:00:00,CAL,California,OTH,Other,8193,megawatthours
2026-05-15 04:00:00,CAL,California,OTH,Other,8930,megawatthours
2026-05-15 05:00:00,CAL,California,OTH,Other,7617,megawatthours
2026-05-15 06:00:00,CAL,California,OTH,Other,6111,megawatthours
2026-05-15 07:00:00,CAL,California,OTH,Other,3806,megawatthours
2026-05-15 08:00:00,CAL,California,OTH,Other,2057,megawatthours
2026-05-15 09:00:00,CAL,California,OTH,Other,866,megawatthours
2026-05-15 10:00:00,CAL,California,OTH,Other,622,megawatthours
2026-05-15 11:00:00,CAL,California,OTH,Other,191,megawatthours
2026-05-15 12:00:00,CAL,California,OTH,Other,707,megawatthours
2026-05-15 13:00:00,CAL,California,OTH,Other,2879,megawatthours
2026-05-15 14:00:00,CAL,California,OTH,Other,1605,megawatthours
2026-05-15 15:00:00,CAL,California,OTH,Other,-1853,megawatthours
2026-05-15 16:00:00,CAL,California,OTH,Other,-4000,megawatthours
2026-05-15 17:00:00,CAL,California,OTH,Other,-4853,megawatthours
2026-05-15 18:00:00,CAL,California,OTH,Other,-5423,megawatthours
2026-05-15 19:00:00,CAL,California,OTH,Other,-6354,megawatthours
2026-05-15 20:00:00,CAL,California,OTH,Other,-7193,megawatthours
2026-05-15 21:00:00,CAL,California,OTH,Other,-6800,megawatthours
2026-05-15 22:00:00,CAL,California,OTH,Other,-5444,megawatthours
2026-05-15 23:00:00,CAL,California,OTH,Other,-4394,megawatthours
2026-05-16 00:00:00,CAL,California,OTH,Other,-2681,megawatthours
2026-05-16 00:00:00,CAL,California,OTH,Other,-2681,megawatthours
2026-05-16 01:00:00,CAL,California,OTH,Other,-646,megawatthours
2026-05-16 02:00:00,CAL,California,OTH,Other,1356,megawatthours
2026-05-16 03:00:00,CAL,California,OTH,Other,8152,megawatthours
2026-05-16 04:00:00,CAL,California,OTH,Other,8796,megawatthours
2026-05-16 05:00:00,CAL,California,OTH,Other,8462,megawatthours
2026-05-16 06:00:00,CAL,California,OTH,Other,6815,megawatthours
2026-05-16 07:00:00,CAL,California,OTH,Other,4268,megawatthours
2026-05-16 08:00:00,CAL,California,OTH,Other,2205,megawatthours
2026-05-16 09:00:00,CAL,California,OTH,Other,1506,megawatthours
2026-05-16 10:00:00,CAL,California,OTH,Other,1034,megawatthours
2026-05-16 11:00:00,CAL,California,OTH,Other,327,megawatthours
2026-05-16 12:00:00,CAL,California,OTH,Other,343,megawatthours
2026-05-16 13:00:00,CAL,California,OTH,Other,1118,megawatthours
2026-05-16 14:00:00,CAL,California,OTH,Other,720,megawatthours
2026-05-16 15:00:00,CAL,California,OTH,Other,-2119,megawatthours
2026-05-16 16:00:00,CAL,California,OTH,Other,-3232,megawatthours
2026-05-16 17:00:00,CAL,California,OTH,Other,-3542,megawatthours
2026-05-16 18:00:00,CAL,California,OTH,Other,-4306,megawatthours
2026-05-16 19:00:00,CAL,California,OTH,Other,-4508,megawatthours
2026-05-16 20:00:00,CAL,California,OTH,Other,-6454,megawatthours
2026-05-16 21:00:00,CAL,California,OTH,Other,-7772,megawatthours
2026-05-16 22:00:00,CAL,California,OTH,Other,-7826,megawatthours
2026-05-16 23:00:00,CAL,California,OTH,Other,-5302,megawatthours
2026-05-17 00:00:00,CAL,California,OTH,Other,-2600,megawatthours
2026-05-17 00:00:00,CAL,California,OTH,Other,-2600,megawatthours
2026-05-17 01:00:00,CAL,California,OTH,Other,-1154,megawatthours
2026-05-17 02:00:00,CAL,California,OTH,Other,951,megawatthours
2026-05-17 03:00:00,CAL,California,OTH,Other,6284,megawatthours
2026-05-17 04:00:00,CAL,California,OTH,Other,7584,megawatthours
2026-05-17 05:00:00,CAL,California,OTH,Other,7076,megawatthours
2026-05-17 06:00:00,CAL,California,OTH,Other,5939,megawatthours
2026-05-17 07:00:00,CAL,California,OTH,Other,3880,megawatthours
2026-05-17 08:00:00,CAL,California,OTH,Other,2543,megawatthours
2026-05-17 09:00:00,CAL,California,OTH,Other,1215,megawatthours
2026-05-17 10:00:00,CAL,California,OTH,Other,676,megawatthours
2026-05-17 11:00:00,CAL,California,OTH,Other,114,megawatthours
2026-05-17 12:00:00,CAL,California,OTH,Other,853,megawatthours
2026-05-17 13:00:00,CAL,California,OTH,Other,1399,megawatthours
2026-05-17 14:00:00,CAL,California,OTH,Other,1008,megawatthours
2026-05-17 15:00:00,CAL,California,OTH,Other,-2289,megawatthours
2026-05-17 16:00:00,CAL,California,OTH,Other,-3561,megawatthours
2026-05-17 17:00:00,CAL,California,OTH,Other,-3687,megawatthours
2026-05-17 18:00:00,CAL,California,OTH,Other,-5062,megawatthours
2026-05-17 19:00:00,CAL,California,OTH,Other,-5284,megawatthours
2026-05-17 20:00:00,CAL,California,OTH,Other,-6991,megawatthours
2026-05-17 21:00:00,CAL,California,OTH,Other,-6051,megawatthours
2026-05-17 22:00:00,CAL,California,OTH,Other,-5228,megawatthours
2026-05-17 23:00:00,CAL,California,OTH,Other,-3242,megawatthours
2026-05-18 00:00:00,CAL,California,OTH,Other,-1243,megawatthours
2026-05-18 00:00:00,CAL,California,OTH,Other,-1243,megawatthours
2026-05-18 01:00:00,CAL,California,OTH,Other,-828,megawatthours
2026-05-18 02:00:00,CAL,California,OTH,Other,385,megawatthours
2026-05-18 03:00:00,CAL,California,OTH,Other,5112,megawatthours
2026-05-18 04:00:00,CAL,California,OTH,Other,7187,megawatthours
2026-05-18 05:00:00,CAL,California,OTH,Other,6302,megawatthours
2026-05-18 06:00:00,CAL,California,OTH,Other,5238,megawatthours
2026-05-18 07:00:00,CAL,California,OTH,Other,4080,megawatthours
2026-05-18 08:00:00,CAL,California,OTH,Other,2119,megawatthours
2026-05-18 09:00:00,CAL,California,OTH,Other,1384,megawatthours
2026-05-18 10:00:00,CAL,California,OTH,Other,723,megawatthours
2026-05-18 11:00:00,CAL,California,OTH,Other,781,megawatthours
2026-05-18 12:00:00,CAL,California,OTH,Other,1830,megawatthours
2026-05-18 13:00:00,CAL,California,OTH,Other,3857,megawatthours
2026-05-18 14:00:00,CAL,California,OTH,Other,2976,megawatthours
2026-05-18 15:00:00,CAL,California,OTH,Other,-1209,megawatthours
2026-05-18 16:00:00,CAL,California,OTH,Other,-2826,megawatthours
2026-05-18 17:00:00,CAL,California,OTH,Other,-3800,megawatthours
2026-05-18 18:00:00,CAL,California,OTH,Other,-4897,megawatthours
2026-05-18 19:00:00,CAL,California,OTH,Other,-5747,megawatthours
2026-05-18 20:00:00,CAL,California,OTH,Other,-6666,megawatthours
2026-05-18 21:00:00,CAL,California,OTH,Other,-6396,megawatthours
2026-05-18 22:00:00,CAL,California,OTH,Other,-5507,megawatthours
2026-05-18 23:00:00,CAL,California,OTH,Other,-3682,megawatthours
2026-05-19 00:00:00,CAL,California,OTH,Other,-1793,megawatthours
2026-05-19 00:00:00,CAL,California,OTH,Other,-1793,megawatthours
2026-05-19 01:00:00,CAL,California,OTH,Other,-23,megawatthours
2026-05-19 02:00:00,CAL,California,OTH,Other,1805,megawatthours
2026-05-19 03:00:00,CAL,California,OTH,Other,7937,megawatthours
2026-05-19 04:00:00,CAL,California,OTH,Other,8778,megawatthours
2026-05-19 05:00:00,CAL,California,OTH,Other,8608,megawatthours
2026-05-19 06:00:00,CAL,California,OTH,Other,5890,megawatthours
2026-05-19 07:00:00,CAL,California,OTH,Other,4331,megawatthours
2026-05-19 08:00:00,CAL,California,OTH,Other,4432,megawatthours
2026-05-19 09:00:00,CAL,California,OTH,Other,2717,megawatthours
2026-05-19 10:00:00,CAL,California,OTH,Other,1448,megawatthours
2026-05-19 11:00:00,CAL,California,OTH,Other,556,megawatthours
2026-05-19 12:00:00,CAL,California,OTH,Other,545,megawatthours
2026-05-19 13:00:00,CAL,California,OTH,Other,900,megawatthours
2026-05-19 14:00:00,CAL,California,OTH,Other,18,megawatthours
2026-05-19 15:00:00,CAL,California,OTH,Other,-2220,megawatthours
2026-05-19 16:00:00,CAL,California,OTH,Other,-4107,megawatthours
2026-05-19 17:00:00,CAL,California,OTH,Other,-6143,megawatthours
2026-05-19 18:00:00,CAL,California,OTH,Other,-7640,megawatthours
2026-05-19 19:00:00,CAL,California,OTH,Other,-7563,megawatthours
2026-05-19 20:00:00,CAL,California,OTH,Other,-7035,megawatthours
2026-05-19 21:00:00,CAL,California,OTH,Other,-6014,megawatthours
2026-05-19 22:00:00,CAL,California,OTH,Other,-4622,megawatthours
2026-05-19 23:00:00,CAL,California,OTH,Other,-3146,megawatthours
2026-05-20 00:00:00,CAL,California,OTH,Other,-1350,megawatthours
2026-05-20 00:00:00,CAL,California,OTH,Other,-1350,megawatthours
2026-05-20 01:00:00,CAL,California,OTH,Other,2,megawatthours
2026-05-20 02:00:00,CAL,California,OTH,Other,1681,megawatthours
2026-05-20 03:00:00,CAL,California,OTH,Other,7520,megawatthours
2026-05-20 04:00:00,CAL,California,OTH,Other,8624,megawatthours
2026-05-20 05:00:00,CAL,California,OTH,Other,7517,megawatthours
2026-05-20 06:00:00,CAL,California,OTH,Other,5554,megawatthours
2026-05-20 07:00:00,CAL,California,OTH,Other,3786,megawatthours
2026-05-20 08:00:00,CAL,California,OTH,Other,2318,megawatthours
2026-05-20 09:00:00,CAL,California,OTH,Other,1263,megawatthours
2026-05-20 10:00:00,CAL,California,OTH,Other,709,megawatthours
2026-05-20 11:00:00,CAL,California,OTH,Other,543,megawatthours
2026-05-20 12:00:00,CAL,California,OTH,Other,1712,megawatthours
2026-05-20 13:00:00,CAL,California,OTH,Other,2722,megawatthours
2026-05-20 14:00:00,CAL,California,OTH,Other,1430,megawatthours
2026-05-20 15:00:00,CAL,California,OTH,Other,-1567,megawatthours
2026-05-20 16:00:00,CAL,California,OTH,Other,-3421,megawatthours
2026-05-20 17:00:00,CAL,California,OTH,Other,-5623,megawatthours
2026-05-20 18:00:00,CAL,California,OTH,Other,-6421,megawatthours
2026-05-20 19:00:00,CAL,California,OTH,Other,-6853,megawatthours
2026-05-20 20:00:00,CAL,California,OTH,Other,-6225,megawatthours
2026-05-20 21:00:00,CAL,California,OTH,Other,-6081,megawatthours
2026-05-20 22:00:00,CAL,California,OTH,Other,-4723,megawatthours
2026-05-20 23:00:00,CAL,California,OTH,Other,-3412,megawatthours
2026-05-21 00:00:00,CAL,California,OTH,Other,-1864,megawatthours
2026-05-21 00:00:00,CAL,California,OTH,Other,-1864,megawatthours
2026-05-21 01:00:00,CAL,California,OTH,Other,-25,megawatthours
2026-05-21 02:00:00,CAL,California,OTH,Other,3941,megawatthours
2026-05-21 03:00:00,CAL,California,OTH,Other,9547,megawatthours
2026-05-21 04:00:00,CAL,California,OTH,Other,10177,megawatthours
2026-05-21 05:00:00,CAL,California,OTH,Other,8814,megawatthours
2026-05-21 06:00:00,CAL,California,OTH,Other,5423,megawatthours
2026-05-21 07:00:00,CAL,California,OTH,Other,3562,megawatthours
2026-05-21 08:00:00,CAL,California,OTH,Other,1890,megawatthours
2026-05-21 09:00:00,CAL,California,OTH,Other,905,megawatthours
2026-05-21 10:00:00,CAL,California,OTH,Other,489,megawatthours
2026-05-21 11:00:00,CAL,California,OTH,Other,277,megawatthours
2026-05-21 12:00:00,CAL,California,OTH,Other,367,megawatthours
2026-05-21 13:00:00,CAL,California,OTH,Other,1023,megawatthours
2026-05-21 14:00:00,CAL,California,OTH,Other,312,megawatthours
2026-05-21 15:00:00,CAL,California,OTH,Other,-2113,megawatthours
2026-05-21 16:00:00,CAL,California,OTH,Other,-3526,megawatthours
2026-05-21 17:00:00,CAL,California,OTH,Other,-5256,megawatthours
2026-05-21 18:00:00,CAL,California,OTH,Other,-6309,megawatthours
2026-05-21 19:00:00,CAL,California,OTH,Other,-6212,megawatthours
2026-05-21 20:00:00,CAL,California,OTH,Other,-6728,megawatthours
2026-05-21 21:00:00,CAL,California,OTH,Other,-6644,megawatthours
2026-05-21 22:00:00,CAL,California,OTH,Other,-5786,megawatthours
2026-05-21 23:00:00,CAL,California,OTH,Other,-4101,megawatthours
2026-05-22 00:00:00,CAL,California,OTH,Other,-2687,megawatthours
2026-05-22 00:00:00,CAL,California,OTH,Other,-2687,megawatthours
2026-05-22 01:00:00,CAL,California,OTH,Other,-96,megawatthours
2026-05-22 02:00:00,CAL,California,OTH,Other,2834,megawatthours
2026-05-22 03:00:00,CAL,California,OTH,Other,8508,megawatthours
2026-05-22 04:00:00,CAL,California,OTH,Other,9175,megawatthours
2026-05-22 05:00:00,CAL,California,OTH,Other,8223,megawatthours
2026-05-22 06:00:00,CAL,California,OTH,Other,5525,megawatthours
2026-05-22 07:00:00,CAL,California,OTH,Other,3542,megawatthours
2026-05-22 08:00:00,CAL,California,OTH,Other,1888,megawatthours
2026-05-22 09:00:00,CAL,California,OTH,Other,999,megawatthours
2026-05-22 10:00:00,CAL,California,OTH,Other,352,megawatthours
2026-05-22 11:00:00,CAL,California,OTH,Other,147,megawatthours
2026-05-22 12:00:00,CAL,California,OTH,Other,746,megawatthours
2026-05-22 13:00:00,CAL,California,OTH,Other,1942,megawatthours
2026-05-22 14:00:00,CAL,California,OTH,Other,625,megawatthours
2026-05-22 15:00:00,CAL,California,OTH,Other,-2415,megawatthours
2026-05-22 16:00:00,CAL,California,OTH,Other,-5143,megawatthours
2026-05-22 17:00:00,CAL,California,OTH,Other,-6614,megawatthours
2026-05-22 18:00:00,CAL,California,OTH,Other,-7751,megawatthours
2026-05-22 19:00:00,CAL,California,OTH,Other,-7381,megawatthours
2026-05-22 20:00:00,CAL,California,OTH,Other,-6713,megawatthours
2026-05-22 21:00:00,CAL,California,OTH,Other,-4799,megawatthours
2026-05-22 22:00:00,CAL,California,OTH,Other,-4483,megawatthours
2026-05-22 23:00:00,CAL,California,OTH,Other,-2705,megawatthours
2026-05-23 00:00:00,CAL,California,OTH,Other,-1754,megawatthours
2026-05-23 00:00:00,CAL,California,OTH,Other,-1754,megawatthours
2026-05-23 01:00:00,CAL,California,OTH,Other,-61,megawatthours
2026-05-23 02:00:00,CAL,California,OTH,Other,2686,megawatthours
2026-05-23 03:00:00,CAL,California,OTH,Other,8398,megawatthours
2026-05-23 04:00:00,CAL,California,OTH,Other,9265,megawatthours
2026-05-23 05:00:00,CAL,California,OTH,Other,8222,megawatthours
2026-05-23 06:00:00,CAL,California,OTH,Other,6260,megawatthours
2026-05-23 07:00:00,CAL,California,OTH,Other,4725,megawatthours
2026-05-23 08:00:00,CAL,California,OTH,Other,3119,megawatthours
2026-05-23 09:00:00,CAL,California,OTH,Other,1809,megawatthours
2026-05-23 10:00:00,CAL,California,OTH,Other,1242,megawatthours
2026-05-23 11:00:00,CAL,California,OTH,Other,960,megawatthours
2026-05-23 12:00:00,CAL,California,OTH,Other,668,megawatthours
2026-05-23 13:00:00,CAL,California,OTH,Other,1016,megawatthours
2026-05-23 14:00:00,CAL,California,OTH,Other,158,megawatthours
2026-05-23 15:00:00,CAL,California,OTH,Other,-2390,megawatthours
2026-05-23 16:00:00,CAL,California,OTH,Other,-3399,megawatthours
2026-05-23 17:00:00,CAL,California,OTH,Other,-4714,megawatthours
2026-05-23 18:00:00,CAL,California,OTH,Other,-6492,megawatthours
2026-05-23 19:00:00,CAL,California,OTH,Other,-6492,megawatthours
2026-05-23 20:00:00,CAL,California,OTH,Other,-7029,megawatthours
2026-05-23 21:00:00,CAL,California,OTH,Other,-7402,megawatthours
2026-05-23 22:00:00,CAL,California,OTH,Other,-6022,megawatthours
2026-05-23 23:00:00,CAL,California,OTH,Other,-4411,megawatthours
2026-05-24 00:00:00,CAL,California,OTH,Other,-1888,megawatthours
2026-05-24 00:00:00,CAL,California,OTH,Other,-1888,megawatthours
2026-05-24 01:00:00,CAL,California,OTH,Other,-467,megawatthours
2026-05-24 02:00:00,CAL,California,OTH,Other,1944,megawatthours
2026-05-24 03:00:00,CAL,California,OTH,Other,7997,megawatthours
2026-05-24 04:00:00,CAL,California,OTH,Other,8956,megawatthours
2026-05-24 05:00:00,CAL,California,OTH,Other,7980,megawatthours
2026-05-24 06:00:00,CAL,California,OTH,Other,6035,megawatthours
2026-05-24 07:00:00,CAL,California,OTH,Other,4477,megawatthours
2026-05-24 08:00:00,CAL,California,OTH,Other,2529,megawatthours
2026-05-24 09:00:00,CAL,California,OTH,Other,1415,megawatthours
2026-05-24 10:00:00,CAL,California,OTH,Other,1048,megawatthours
2026-05-24 11:00:00,CAL,California,OTH,Other,317,megawatthours
2026-05-24 12:00:00,CAL,California,OTH,Other,1318,megawatthours
2026-05-24 13:00:00,CAL,California,OTH,Other,1201,megawatthours
2026-05-24 14:00:00,CAL,California,OTH,Other,330,megawatthours
2026-05-24 15:00:00,CAL,California,OTH,Other,-2342,megawatthours
2026-05-24 16:00:00,CAL,California,OTH,Other,-4215,megawatthours
2026-05-24 17:00:00,CAL,California,OTH,Other,-4847,megawatthours
2026-05-24 18:00:00,CAL,California,OTH,Other,-5815,megawatthours
2026-05-24 19:00:00,CAL,California,OTH,Other,-6615,megawatthours
2026-05-24 20:00:00,CAL,California,OTH,Other,-7957,megawatthours
2026-05-24 21:00:00,CAL,California,OTH,Other,-7785,megawatthours
2026-05-24 22:00:00,CAL,California,OTH,Other,-5520,megawatthours
2026-05-24 23:00:00,CAL,California,OTH,Other,-3525,megawatthours
2026-05-25 00:00:00,CAL,California,OTH,Other,-1387,megawatthours
2026-05-25 00:00:00,CAL,California,OTH,Other,-1387,megawatthours
2026-05-25 01:00:00,CAL,California,OTH,Other,-464,megawatthours
2026-05-25 02:00:00,CAL,California,OTH,Other,1187,megawatthours
2026-05-25 03:00:00,CAL,California,OTH,Other,7745,megawatthours
2026-05-25 04:00:00,CAL,California,OTH,Other,9430,megawatthours
2026-05-25 05:00:00,CAL,California,OTH,Other,8776,megawatthours
2026-05-25 06:00:00,CAL,California,OTH,Other,6482,megawatthours
2026-05-25 07:00:00,CAL,California,OTH,Other,4362,megawatthours
2026-05-25 08:00:00,CAL,California,OTH,Other,2143,megawatthours
2026-05-25 09:00:00,CAL,California,OTH,Other,864,megawatthours
2026-05-25 10:00:00,CAL,California,OTH,Other,353,megawatthours
2026-05-25 11:00:00,CAL,California,OTH,Other,841,megawatthours
2026-05-25 12:00:00,CAL,California,OTH,Other,1819,megawatthours
2026-05-25 13:00:00,CAL,California,OTH,Other,2598,megawatthours
2026-05-25 14:00:00,CAL,California,OTH,Other,874,megawatthours
2026-05-25 15:00:00,CAL,California,OTH,Other,-1961,megawatthours
2026-05-25 16:00:00,CAL,California,OTH,Other,-3454,megawatthours
2026-05-25 17:00:00,CAL,California,OTH,Other,-4451,megawatthours
2026-05-25 18:00:00,CAL,California,OTH,Other,-4708,megawatthours
2026-05-25 19:00:00,CAL,California,OTH,Other,-6132,megawatthours
2026-05-25 20:00:00,CAL,California,OTH,Other,-7526,megawatthours
2026-05-25 21:00:00,CAL,California,OTH,Other,-7653,megawatthours
2026-05-25 22:00:00,CAL,California,OTH,Other,-6740,megawatthours
2026-05-25 23:00:00,CAL,California,OTH,Other,-4989,megawatthours
2026-05-26 00:00:00,CAL,California,OTH,Other,-2405,megawatthours
2026-05-26 00:00:00,CAL,California,OTH,Other,-2405,megawatthours
2026-05-26 01:00:00,CAL,California,OTH,Other,-995,megawatthours
2026-05-26 02:00:00,CAL,California,OTH,Other,719,megawatthours
2026-05-26 03:00:00,CAL,California,OTH,Other,5993,megawatthours
2026-05-26 04:00:00,CAL,California,OTH,Other,7780,megawatthours
2026-05-26 05:00:00,CAL,California,OTH,Other,7840,megawatthours
2026-05-26 06:00:00,CAL,California,OTH,Other,5940,megawatthours
2026-05-26 07:00:00,CAL,California,OTH,Other,4746,megawatthours
2026-05-26 08:00:00,CAL,California,OTH,Other,2319,megawatthours
2026-05-26 09:00:00,CAL,California,OTH,Other,906,megawatthours
2026-05-26 10:00:00,CAL,California,OTH,Other,858,megawatthours
2026-05-26 11:00:00,CAL,California,OTH,Other,1199,megawatthours
2026-05-26 12:00:00,CAL,California,OTH,Other,1983,megawatthours
2026-05-26 13:00:00,CAL,California,OTH,Other,2784,megawatthours
2026-05-26 14:00:00,CAL,California,OTH,Other,1797,megawatthours
2026-05-26 15:00:00,CAL,California,OTH,Other,-1086,megawatthours
2026-05-26 16:00:00,CAL,California,OTH,Other,-2547,megawatthours
2026-05-26 17:00:00,CAL,California,OTH,Other,-3745,megawatthours
2026-05-26 18:00:00,CAL,California,OTH,Other,-4078,megawatthours
2026-05-26 19:00:00,CAL,California,OTH,Other,-4526,megawatthours
2026-05-26 20:00:00,CAL,California,OTH,Other,-5847,megawatthours
2026-05-26 21:00:00,CAL,California,OTH,Other,-6218,megawatthours
2026-05-26 22:00:00,CAL,California,OTH,Other,-5479,megawatthours
2026-05-26 23:00:00,CAL,California,OTH,Other,-4130,megawatthours
2026-05-27 00:00:00,CAL,California,OTH,Other,-2730,megawatthours
2026-05-27 00:00:00,CAL,California,OTH,Other,-2730,megawatthours
2026-05-27 01:00:00,CAL,California,OTH,Other,-1579,megawatthours
2026-05-27 02:00:00,CAL,California,OTH,Other,1551,megawatthours
2026-05-27 03:00:00,CAL,California,OTH,Other,5872,megawatthours
2026-05-27 04:00:00,CAL,California,OTH,Other,8866,megawatthours
2026-05-27 05:00:00,CAL,California,OTH,Other,8467,megawatthours
2026-05-27 06:00:00,CAL,California,OTH,Other,5859,megawatthours
2026-05-27 07:00:00,CAL,California,OTH,Other,3109,megawatthours
2026-05-27 08:00:00,CAL,California,OTH,Other,1874,megawatthours
2026-05-27 09:00:00,CAL,California,OTH,Other,1317,megawatthours
2026-05-27 10:00:00,CAL,California,OTH,Other,599,megawatthours
2026-05-27 11:00:00,CAL,California,OTH,Other,292,megawatthours
2026-05-27 12:00:00,CAL,California,OTH,Other,976,megawatthours
2026-05-27 13:00:00,CAL,California,OTH,Other,1643,megawatthours
2026-05-27 14:00:00,CAL,California,OTH,Other,317,megawatthours
2026-05-27 15:00:00,CAL,California,OTH,Other,-1543,megawatthours
2026-05-27 16:00:00,CAL,California,OTH,Other,-3703,megawatthours
2026-05-27 17:00:00,CAL,California,OTH,Other,-5131,megawatthours
2026-05-27 18:00:00,CAL,California,OTH,Other,-6323,megawatthours
2026-05-27 19:00:00,CAL,California,OTH,Other,-6957,megawatthours
2026-05-27 20:00:00,CAL,California,OTH,Other,-6490,megawatthours
2026-05-27 21:00:00,CAL,California,OTH,Other,-6464,megawatthours
2026-05-27 22:00:00,CAL,California,OTH,Other,-5625,megawatthours
2026-05-27 23:00:00,CAL,California,OTH,Other,-3772,megawatthours
2026-05-28 00:00:00,CAL,California,OTH,Other,-2101,megawatthours
2026-05-28 00:00:00,CAL,California,OTH,Other,-2101,megawatthours
2026-05-28 01:00:00,CAL,California,OTH,Other,-209,megawatthours
2026-05-28 02:00:00,CAL,California,OTH,Other,2126,megawatthours
2026-05-28 03:00:00,CAL,California,OTH,Other,6378,megawatthours
2026-05-28 04:00:00,CAL,California,OTH,Other,7039,megawatthours
2026-05-28 05:00:00,CAL,California,OTH,Other,7738,megawatthours
2026-05-28 06:00:00,CAL,California,OTH,Other,5352,megawatthours
2026-05-28 07:00:00,CAL,California,OTH,Other,3739,megawatthours
2026-05-28 08:00:00,CAL,California,OTH,Other,2428,megawatthours
2026-05-28 09:00:00,CAL,California,OTH,Other,1466,megawatthours
2026-05-28 10:00:00,CAL,California,OTH,Other,661,megawatthours
2026-05-28 11:00:00,CAL,California,OTH,Other,531,megawatthours
2026-05-28 12:00:00,CAL,California,OTH,Other,1641,megawatthours
2026-05-28 13:00:00,CAL,California,OTH,Other,2242,megawatthours
2026-05-28 14:00:00,CAL,California,OTH,Other,1568,megawatthours
2026-05-28 15:00:00,CAL,California,OTH,Other,-1327,megawatthours
2026-05-28 16:00:00,CAL,California,OTH,Other,-2494,megawatthours
2026-05-28 17:00:00,CAL,California,OTH,Other,-3811,megawatthours
2026-05-28 18:00:00,CAL,California,OTH,Other,-4559,megawatthours
2026-05-28 19:00:00,CAL,California,OTH,Other,-5995,megawatthours
2026-05-28 20:00:00,CAL,California,OTH,Other,-6227,megawatthours
2026-05-28 21:00:00,CAL,California,OTH,Other,-5527,megawatthours
2026-05-28 22:00:00,CAL,California,OTH,Other,-5665,megawatthours
2026-05-28 23:00:00,CAL,California,OTH,Other,-3478,megawatthours
2026-05-29 00:00:00,CAL,California,OTH,Other,-1394,megawatthours
2026-05-29 00:00:00,CAL,California,OTH,Other,-1394,megawatthours
2026-05-29 01:00:00,CAL,California,OTH,Other,-153,megawatthours
2026-05-29 02:00:00,CAL,California,OTH,Other,1468,megawatthours
2026-05-29 03:00:00,CAL,California,OTH,Other,4865,megawatthours
2026-05-29 04:00:00,CAL,California,OTH,Other,6175,megawatthours
2026-05-29 05:00:00,CAL,California,OTH,Other,6673,megawatthours
2026-05-29 06:00:00,CAL,California,OTH,Other,5733,megawatthours
2026-05-29 07:00:00,CAL,California,OTH,Other,4238,megawatthours
2026-05-29 08:00:00,CAL,California,OTH,Other,2728,megawatthours
2026-05-29 09:00:00,CAL,California,OTH,Other,1881,megawatthours
2026-05-29 10:00:00,CAL,California,OTH,Other,1306,megawatthours
2026-05-29 11:00:00,CAL,California,OTH,Other,953,megawatthours
2026-05-29 12:00:00,CAL,California,OTH,Other,1246,megawatthours
2026-05-29 13:00:00,CAL,California,OTH,Other,2071,megawatthours
2026-05-29 14:00:00,CAL,California,OTH,Other,331,megawatthours
2026-05-29 15:00:00,CAL,California,OTH,Other,-1933,megawatthours
2026-05-29 16:00:00,CAL,California,OTH,Other,-3363,megawatthours
2026-05-29 17:00:00,CAL,California,OTH,Other,-4400,megawatthours
2026-05-29 18:00:00,CAL,California,OTH,Other,-4642,megawatthours
2026-05-29 19:00:00,CAL,California,OTH,Other,-4609,megawatthours
2026-05-29 20:00:00,CAL,California,OTH,Other,-6132,megawatthours
2026-05-29 21:00:00,CAL,California,OTH,Other,-7159,megawatthours
2026-05-29 22:00:00,CAL,California,OTH,Other,-7355,megawatthours
2026-05-29 23:00:00,CAL,California,OTH,Other,-6201,megawatthours
2026-05-30 00:00:00,CAL,California,OTH,Other,-3257,megawatthours
2026-05-30 00:00:00,CAL,California,OTH,Other,-3257,megawatthours
2026-05-30 01:00:00,CAL,California,OTH,Other,-1352,megawatthours
2026-05-30 02:00:00,CAL,California,OTH,Other,219,megawatthours
2026-05-30 03:00:00,CAL,California,OTH,Other,4731,megawatthours
2026-05-30 04:00:00,CAL,California,OTH,Other,6118,megawatthours
2026-05-30 05:00:00,CAL,California,OTH,Other,6056,megawatthours
2026-05-30 06:00:00,CAL,California,OTH,Other,5930,megawatthours
2026-05-30 07:00:00,CAL,California,OTH,Other,4028,megawatthours
2026-05-30 08:00:00,CAL,California,OTH,Other,2919,megawatthours
2026-05-30 09:00:00,CAL,California,OTH,Other,2548,megawatthours
2026-05-30 10:00:00,CAL,California,OTH,Other,2427,megawatthours
2026-05-30 11:00:00,CAL,California,OTH,Other,1701,megawatthours
2026-05-30 12:00:00,CAL,California,OTH,Other,1955,megawatthours
2026-05-30 13:00:00,CAL,California,OTH,Other,2931,megawatthours
2026-05-30 14:00:00,CAL,California,OTH,Other,360,megawatthours
2026-05-30 15:00:00,CAL,California,OTH,Other,-2500,megawatthours
2026-05-30 16:00:00,CAL,California,OTH,Other,-4129,megawatthours
2026-05-30 17:00:00,CAL,California,OTH,Other,-4339,megawatthours
2026-05-30 18:00:00,CAL,California,OTH,Other,-5576,megawatthours
2026-05-30 19:00:00,CAL,California,OTH,Other,-5731,megawatthours
2026-05-30 20:00:00,CAL,California,OTH,Other,-5935,megawatthours
2026-05-30 21:00:00,CAL,California,OTH,Other,-5601,megawatthours
2026-05-30 22:00:00,CAL,California,OTH,Other,-5059,megawatthours
2026-05-30 23:00:00,CAL,California,OTH,Other,-3185,megawatthours
2026-05-31 00:00:00,CAL,California,OTH,Other,-1761,megawatthours
2026-05-31 00:00:00,CAL,California,OTH,Other,-1761,megawatthours
2026-05-31 01:00:00,CAL,California,OTH,Other,-1054,megawatthours
2026-05-31 02:00:00,CAL,California,OTH,Other,536,megawatthours
2026-05-31 03:00:00,CAL,California,OTH,Other,5869,megawatthours
2026-05-31 04:00:00,CAL,California,OTH,Other,8030,megawatthours
2026-05-31 05:00:00,CAL,California,OTH,Other,7706,megawatthours
2026-05-31 06:00:00,CAL,California,OTH,Other,5822,megawatthours
2026-05-31 07:00:00,CAL,California,OTH,Other,3949,megawatthours
2026-05-31 08:00:00,CAL,California,OTH,Other,3525,megawatthours
2026-05-31 09:00:00,CAL,California,OTH,Other,2648,megawatthours
2026-05-31 10:00:00,CAL,California,OTH,Other,1722,megawatthours
2026-05-31 11:00:00,CAL,California,OTH,Other,825,megawatthours
2026-05-31 12:00:00,CAL,California,OTH,Other,1111,megawatthours
2026-05-31 13:00:00,CAL,California,OTH,Other,1712,megawatthours
2026-05-31 14:00:00,CAL,California,OTH,Other,36,megawatthours
2026-05-31 15:00:00,CAL,California,OTH,Other,-2952,megawatthours
2026-05-31 16:00:00,CAL,California,OTH,Other,-4311,megawatthours
2026-05-31 17:00:00,CAL,California,OTH,Other,-6057,megawatthours
2026-05-31 18:00:00,CAL,California,OTH,Other,-7199,megawatthours
2026-05-31 19:00:00,CAL,California,OTH,Other,-7708,megawatthours
2026-05-31 20:00:00,CAL,California,OTH,Other,-7068,megawatthours
2026-05-31 21:00:00,CAL,California,OTH,Other,-5507,megawatthours
2026-05-31 22:00:00,CAL,California,OTH,Other,-4099,megawatthours
2026-05-31 23:00:00,CAL,California,OTH,Other,-1905,megawatthours
2026-06-01 00:00:00,CAL,California,OTH,Other,-708,megawatthours
2026-06-01 00:00:00,CAL,California,OTH,Other,-708,megawatthours
2026-06-01 01:00:00,CAL,California,OTH,Other,-221,megawatthours
2026-06-01 02:00:00,CAL,California,OTH,Other,1207,megawatthours
2026-06-01 03:00:00,CAL,California,OTH,Other,8332,megawatthours
2026-06-01 04:00:00,CAL,California,OTH,Other,9349,megawatthours
2026-06-01 05:00:00,CAL,California,OTH,Other,7450,megawatthours
2026-06-01 06:00:00,CAL,California,OTH,Other,5136,megawatthours
2026-06-01 07:00:00,CAL,California,OTH,Other,3284,megawatthours
2026-06-01 08:00:00,CAL,California,OTH,Other,3238,megawatthours
2026-06-01 09:00:00,CAL,California,OTH,Other,1728,megawatthours
2026-06-01 10:00:00,CAL,California,OTH,Other,1181,megawatthours
2026-06-01 11:00:00,CAL,California,OTH,Other,992,megawatthours
2026-06-01 12:00:00,CAL,California,OTH,Other,1658,megawatthours
2026-06-01 13:00:00,CAL,California,OTH,Other,2697,megawatthours
2026-06-01 14:00:00,CAL,California,OTH,Other,938,megawatthours
2026-06-01 15:00:00,CAL,California,OTH,Other,-2553,megawatthours
2026-06-01 16:00:00,CAL,California,OTH,Other,-4522,megawatthours
2026-06-01 17:00:00,CAL,California,OTH,Other,-6239,megawatthours
2026-06-01 18:00:00,CAL,California,OTH,Other,-6535,megawatthours
2026-06-01 19:00:00,CAL,California,OTH,Other,-7110,megawatthours
2026-06-01 20:00:00,CAL,California,OTH,Other,-6762,megawatthours
2026-06-01 21:00:00,CAL,California,OTH,Other,-5600,megawatthours
2026-06-01 22:00:00,CAL,California,OTH,Other,-4440,megawatthours
2026-06-01 23:00:00,CAL,California,OTH,Other,-2714,megawatthours
2026-06-02 00:00:00,CAL,California,OTH,Other,-1409,megawatthours
2026-06-02 00:00:00,CAL,California,OTH,Other,-1409,megawatthours
2026-06-02 01:00:00,CAL,California,OTH,Other,-93,megawatthours
2026-06-02 02:00:00,CAL,California,OTH,Other,2901,megawatthours
2026-06-02 03:00:00,CAL,California,OTH,Other,9632,megawatthours
2026-06-02 04:00:00,CAL,California,OTH,Other,10226,megawatthours
2026-06-02 05:00:00,CAL,California,OTH,Other,8728,megawatthours
2026-06-02 06:00:00,CAL,California,OTH,Other,5794,megawatthours
2026-06-02 07:00:00,CAL,California,OTH,Other,3238,megawatthours
2026-06-02 08:00:00,CAL,California,OTH,Other,1735,megawatthours
2026-06-02 09:00:00,CAL,California,OTH,Other,793,megawatthours
2026-06-02 10:00:00,CAL,California,OTH,Other,248,megawatthours
2026-06-02 11:00:00,CAL,California,OTH,Other,-109,megawatthours
2026-06-02 12:00:00,CAL,California,OTH,Other,339,megawatthours
2026-06-02 13:00:00,CAL,California,OTH,Other,1681,megawatthours
2026-06-02 14:00:00,CAL,California,OTH,Other,-12,megawatthours
2026-06-02 15:00:00,CAL,California,OTH,Other,-2004,megawatthours
2026-06-02 16:00:00,CAL,California,OTH,Other,-4521,megawatthours
2026-06-02 17:00:00,CAL,California,OTH,Other,-5180,megawatthours
2026-06-02 18:00:00,CAL,California,OTH,Other,-6289,megawatthours
2026-06-02 19:00:00,CAL,California,OTH,Other,-7383,megawatthours
2026-06-02 20:00:00,CAL,California,OTH,Other,-6578,megawatthours
2026-06-02 21:00:00,CAL,California,OTH,Other,-6355,megawatthours
2026-06-02 22:00:00,CAL,California,OTH,Other,-4327,megawatthours
2026-06-02 23:00:00,CAL,California,OTH,Other,-2503,megawatthours
2026-06-03 00:00:00,CAL,California,OTH,Other,-1101,megawatthours
2026-06-03 00:00:00,CAL,California,OTH,Other,-1101,megawatthours
2026-06-03 01:00:00,CAL,California,OTH,Other,460,megawatthours
2026-06-03 02:00:00,CAL,California,OTH,Other,3382,megawatthours
2026-06-03 03:00:00,CAL,California,OTH,Other,9235,megawatthours
2026-06-03 04:00:00,CAL,California,OTH,Other,9083,megawatthours
2026-06-03 05:00:00,CAL,California,OTH,Other,8045,megawatthours
2026-06-03 06:00:00,CAL,California,OTH,Other,5235,megawatthours
2026-06-03 07:00:00,CAL,California,OTH,Other,3202,megawatthours
2026-06-03 08:00:00,CAL,California,OTH,Other,2657,megawatthours
2026-06-03 09:00:00,CAL,California,OTH,Other,1044,megawatthours
2026-06-03 10:00:00,CAL,California,OTH,Other,333,megawatthours
2026-06-03 11:00:00,CAL,California,OTH,Other,131,megawatthours
2026-06-03 12:00:00,CAL,California,OTH,Other,267,megawatthours
2026-06-03 13:00:00,CAL,California,OTH,Other,1601,megawatthours
2026-06-03 14:00:00,CAL,California,OTH,Other,362,megawatthours
2026-06-03 15:00:00,CAL,California,OTH,Other,-1785,megawatthours
2026-06-03 16:00:00,CAL,California,OTH,Other,-4660,megawatthours
2026-06-03 17:00:00,CAL,California,OTH,Other,-4902,megawatthours
2026-06-03 18:00:00,CAL,California,OTH,Other,-5956,megawatthours
2026-06-03 19:00:00,CAL,California,OTH,Other,-6451,megawatthours
2026-06-03 20:00:00,CAL,California,OTH,Other,-6650,megawatthours
2026-06-03 21:00:00,CAL,California,OTH,Other,-6568,megawatthours
2026-06-03 22:00:00,CAL,California,OTH,Other,-5888,megawatthours
2026-06-03 23:00:00,CAL,California,OTH,Other,-4049,megawatthours
2026-06-04 00:00:00,CAL,California,OTH,Other,-2329,megawatthours
2026-06-04 00:00:00,CAL,California,OTH,Other,-2329,megawatthours
2026-06-04 01:00:00,CAL,California,OTH,Other,-1064,megawatthours
2026-06-04 02:00:00,CAL,California,OTH,Other,2233,megawatthours
2026-06-04 03:00:00,CAL,California,OTH,Other,8277,megawatthours
2026-06-04 04:00:00,CAL,California,OTH,Other,9400,megawatthours
2026-06-04 05:00:00,CAL,California,OTH,Other,8132,megawatthours
2026-06-04 06:00:00,CAL,California,OTH,Other,5787,megawatthours
2026-06-04 07:00:00,CAL,California,OTH,Other,3473,megawatthours
2026-06-04 08:00:00,CAL,California,OTH,Other,3049,megawatthours
2026-06-04 09:00:00,CAL,California,OTH,Other,1640,megawatthours
2026-06-04 10:00:00,CAL,California,OTH,Other,640,megawatthours
2026-06-04 11:00:00,CAL,California,OTH,Other,158,megawatthours
2026-06-04 12:00:00,CAL,California,OTH,Other,497,megawatthours
2026-06-04 13:00:00,CAL,California,OTH,Other,2311,megawatthours
2026-06-04 14:00:00,CAL,California,OTH,Other,412,megawatthours
2026-06-04 15:00:00,CAL,California,OTH,Other,-3098,megawatthours
2026-06-04 16:00:00,CAL,California,OTH,Other,-6213,megawatthours
2026-06-04 17:00:00,CAL,California,OTH,Other,-6895,megawatthours
2026-06-04 18:00:00,CAL,California,OTH,Other,-7612,megawatthours
2026-06-04 19:00:00,CAL,California,OTH,Other,-7083,megawatthours
2026-06-04 20:00:00,CAL,California,OTH,Other,-6823,megawatthours
2026-06-04 21:00:00,CAL,California,OTH,Other,-4805,megawatthours
2026-06-04 22:00:00,CAL,California,OTH,Other,-2785,megawatthours
2026-06-04 23:00:00,CAL,California,OTH,Other,-2102,megawatthours
2026-06-05 00:00:00,CAL,California,OTH,Other,-1375,megawatthours
2026-06-05 00:00:00,CAL,California,OTH,Other,-1375,megawatthours
2026-06-05 01:00:00,CAL,California,OTH,Other,184,megawatthours
2026-06-05 02:00:00,CAL,California,OTH,Other,1966,megawatthours
2026-06-05 03:00:00,CAL,California,OTH,Other,8803,megawatthours
2026-06-05 04:00:00,CAL,California,OTH,Other,9931,megawatthours
2026-06-05 05:00:00,CAL,California,OTH,Other,8878,megawatthours
2026-06-05 06:00:00,CAL,California,OTH,Other,6369,megawatthours
2026-06-05 07:00:00,CAL,California,OTH,Other,3375,megawatthours
2026-06-05 08:00:00,CAL,California,OTH,Other,2391,megawatthours
2026-06-05 09:00:00,CAL,California,OTH,Other,1067,megawatthours
2026-06-05 10:00:00,CAL,California,OTH,Other,-333,megawatthours
2026-06-05 11:00:00,CAL,California,OTH,Other,-16,megawatthours
2026-06-05 12:00:00,CAL,California,OTH,Other,752,megawatthours
2026-06-05 13:00:00,CAL,California,OTH,Other,1731,megawatthours
2026-06-05 14:00:00,CAL,California,OTH,Other,379,megawatthours
2026-06-05 15:00:00,CAL,California,OTH,Other,-2180,megawatthours
2026-06-05 16:00:00,CAL,California,OTH,Other,-5023,megawatthours
2026-06-05 17:00:00,CAL,California,OTH,Other,-5833,megawatthours
2026-06-05 18:00:00,CAL,California,OTH,Other,-6947,megawatthours
2026-06-05 19:00:00,CAL,California,OTH,Other,-7920,megawatthours
2026-06-05 20:00:00,CAL,California,OTH,Other,-7243,megawatthours
2026-06-05 21:00:00,CAL,California,OTH,Other,-6071,megawatthours
2026-06-05 22:00:00,CAL,California,OTH,Other,-4077,megawatthours
2026-06-05 23:00:00,CAL,California,OTH,Other,-2007,megawatthours
2026-06-06 00:00:00,CAL,California,OTH,Other,-1090,megawatthours
2026-06-06 00:00:00,CAL,California,OTH,Other,-1090,megawatthours
2026-06-06 01:00:00,CAL,California,OTH,Other,16,megawatthours
2026-06-06 02:00:00,CAL,California,OTH,Other,2685,megawatthours
2026-06-06 03:00:00,CAL,California,OTH,Other,9966,megawatthours
2026-06-06 04:00:00,CAL,California,OTH,Other,9715,megawatthours
2026-06-06 05:00:00,CAL,California,OTH,Other,8465,megawatthours
2026-06-06 06:00:00,CAL,California,OTH,Other,5028,megawatthours
2026-06-06 07:00:00,CAL,California,OTH,Other,3585,megawatthours
2026-06-06 08:00:00,CAL,California,OTH,Other,2611,megawatthours
2026-06-06 09:00:00,CAL,California,OTH,Other,1037,megawatthours
2026-06-06 10:00:00,CAL,California,OTH,Other,463,megawatthours
2026-06-06 11:00:00,CAL,California,OTH,Other,352,megawatthours
2026-06-06 12:00:00,CAL,California,OTH,Other,547,megawatthours
2026-06-06 13:00:00,CAL,California,OTH,Other,924,megawatthours
2026-06-06 14:00:00,CAL,California,OTH,Other,-92,megawatthours
2026-06-06 15:00:00,CAL,California,OTH,Other,-2531,megawatthours
2026-06-06 16:00:00,CAL,California,OTH,Other,-4727,megawatthours
2026-06-06 17:00:00,CAL,California,OTH,Other,-5450,megawatthours
2026-06-06 18:00:00,CAL,California,OTH,Other,-6577,megawatthours
2026-06-06 19:00:00,CAL,California,OTH,Other,-6201,megawatthours
2026-06-06 20:00:00,CAL,California,OTH,Other,-7330,megawatthours
2026-06-06 21:00:00,CAL,California,OTH,Other,-6851,megawatthours
2026-06-06 22:00:00,CAL,California,OTH,Other,-5721,megawatthours
2026-06-06 23:00:00,CAL,California,OTH,Other,-3339,megawatthours
2026-06-07 00:00:00,CAL,California,OTH,Other,-1599,megawatthours
2026-06-07 00:00:00,CAL,California,OTH,Other,-1599,megawatthours
2026-06-07 01:00:00,CAL,California,OTH,Other,-115,megawatthours
2026-06-07 02:00:00,CAL,California,OTH,Other,972,megawatthours
2026-06-07 03:00:00,CAL,California,OTH,Other,6698,megawatthours
2026-06-07 04:00:00,CAL,California,OTH,Other,8784,megawatthours
2026-06-07 05:00:00,CAL,California,OTH,Other,8188,megawatthours
2026-06-07 06:00:00,CAL,California,OTH,Other,6935,megawatthours
2026-06-07 07:00:00,CAL,California,OTH,Other,4306,megawatthours
2026-06-07 08:00:00,CAL,California,OTH,Other,3435,megawatthours
2026-06-07 09:00:00,CAL,California,OTH,Other,2141,megawatthours
2026-06-07 10:00:00,CAL,California,OTH,Other,1383,megawatthours
2026-06-07 11:00:00,CAL,California,OTH,Other,489,megawatthours
2026-06-07 12:00:00,CAL,California,OTH,Other,906,megawatthours
2026-06-07 13:00:00,CAL,California,OTH,Other,1194,megawatthours
2026-06-07 14:00:00,CAL,California,OTH,Other,485,megawatthours
2026-06-07 15:00:00,CAL,California,OTH,Other,-1831,megawatthours
2026-06-07 16:00:00,CAL,California,OTH,Other,-4596,megawatthours
2026-06-07 17:00:00,CAL,California,OTH,Other,-4998,megawatthours
2026-06-07 18:00:00,CAL,California,OTH,Other,-5841,megawatthours
2026-06-07 19:00:00,CAL,California,OTH,Other,-7397,megawatthours
2026-06-07 20:00:00,CAL,California,OTH,Other,-7691,megawatthours
2026-06-07 21:00:00,CAL,California,OTH,Other,-7162,megawatthours
2026-06-07 22:00:00,CAL,California,OTH,Other,-5096,megawatthours
2026-06-07 23:00:00,CAL,California,OTH,Other,-2747,megawatthours
2026-06-08 00:00:00,CAL,California,OTH,Other,-1281,megawatthours
2026-06-08 00:00:00,CAL,California,OTH,Other,-1281,megawatthours
2026-06-08 01:00:00,CAL,California,OTH,Other,-931,megawatthours
2026-06-08 02:00:00,CAL,California,OTH,Other,1322,megawatthours
2026-06-08 03:00:00,CAL,California,OTH,Other,7772,megawatthours
2026-06-08 04:00:00,CAL,California,OTH,Other,9617,megawatthours
2026-06-08 05:00:00,CAL,California,OTH,Other,8960,megawatthours
2026-06-08 06:00:00,CAL,California,OTH,Other,6124,megawatthours
2026-06-08 07:00:00,CAL,California,OTH,Other,4148,megawatthours
2026-06-08 08:00:00,CAL,California,OTH,Other,2198,megawatthours
2026-06-08 09:00:00,CAL,California,OTH,Other,1010,megawatthours
2026-06-08 10:00:00,CAL,California,OTH,Other,788,megawatthours
2026-06-08 11:00:00,CAL,California,OTH,Other,833,megawatthours
2026-06-08 12:00:00,CAL,California,OTH,Other,1741,megawatthours
2026-06-08 13:00:00,CAL,California,OTH,Other,2428,megawatthours
2026-06-08 14:00:00,CAL,California,OTH,Other,915,megawatthours
2026-06-08 15:00:00,CAL,California,OTH,Other,-1993,megawatthours
2026-06-08 16:00:00,CAL,California,OTH,Other,-4088,megawatthours
2026-06-08 17:00:00,CAL,California,OTH,Other,-4711,megawatthours
2026-06-08 18:00:00,CAL,California,OTH,Other,-6099,megawatthours
2026-06-08 19:00:00,CAL,California,OTH,Other,-6777,megawatthours
2026-06-08 20:00:00,CAL,California,OTH,Other,-7876,megawatthours
2026-06-08 21:00:00,CAL,California,OTH,Other,-6790,megawatthours
2026-06-08 22:00:00,CAL,California,OTH,Other,-4344,megawatthours
2026-06-08 23:00:00,CAL,California,OTH,Other,-2298,megawatthours
2026-06-09 00:00:00,CAL,California,OTH,Other,-1356,megawatthours
2026-06-09 00:00:00,CAL,California,OTH,Other,-1356,megawatthours
2026-06-09 01:00:00,CAL,California,OTH,Other,-222,megawatthours
2026-06-09 02:00:00,CAL,California,OTH,Other,1364,megawatthours
2026-06-09 03:00:00,CAL,California,OTH,Other,7623,megawatthours
2026-06-09 04:00:00,CAL,California,OTH,Other,8628,megawatthours
2026-06-09 05:00:00,CAL,California,OTH,Other,8725,megawatthours
2026-06-09 06:00:00,CAL,California,OTH,Other,5880,megawatthours
2026-06-09 07:00:00,CAL,California,OTH,Other,4644,megawatthours
2026-06-09 08:00:00,CAL,California,OTH,Other,3051,megawatthours
2026-06-09 09:00:00,CAL,California,OTH,Other,1659,megawatthours
2026-06-09 10:00:00,CAL,California,OTH,Other,391,megawatthours
2026-06-09 11:00:00,CAL,California,OTH,Other,149,megawatthours
2026-06-09 12:00:00,CAL,California,OTH,Other,713,megawatthours
2026-06-09 13:00:00,CAL,California,OTH,Other,1350,megawatthours
2026-06-09 14:00:00,CAL,California,OTH,Other,329,megawatthours
2026-06-09 15:00:00,CAL,California,OTH,Other,-2359,megawatthours
2026-06-09 16:00:00,CAL,California,OTH,Other,-4198,megawatthours
2026-06-09 17:00:00,CAL,California,OTH,Other,-4581,megawatthours
2026-06-09 18:00:00,CAL,California,OTH,Other,-5833,megawatthours
2026-06-09 19:00:00,CAL,California,OTH,Other,-6764,megawatthours
2026-06-09 20:00:00,CAL,California,OTH,Other,-7434,megawatthours
2026-06-09 21:00:00,CAL,California,OTH,Other,-7298,megawatthours
2026-06-09 22:00:00,CAL,California,OTH,Other,-5221,megawatthours
2026-06-09 23:00:00,CAL,California,OTH,Other,-3709,megawatthours
2026-06-10 00:00:00,CAL,California,OTH,Other,-2016,megawatthours
2026-06-10 00:00:00,CAL,California,OTH,Other,-2016,megawatthours
2026-06-10 01:00:00,CAL,California,OTH,Other,-494,megawatthours
2026-06-10 02:00:00,CAL,California,OTH,Other,2121,megawatthours
2026-06-10 03:00:00,CAL,California,OTH,Other,8450,megawatthours
2026-06-10 04:00:00,CAL,California,OTH,Other,9828,megawatthours
2026-06-10 05:00:00,CAL,California,OTH,Other,8645,megawatthours
2026-06-10 06:00:00,CAL,California,OTH,Other,6381,megawatthours
2026-06-10 07:00:00,CAL,California,OTH,Other,4394,megawatthours
2026-06-10 08:00:00,CAL,California,OTH,Other,2768,megawatthours
2026-06-10 09:00:00,CAL,California,OTH,Other,1253,megawatthours
2026-06-10 10:00:00,CAL,California,OTH,Other,223,megawatthours
2026-06-10 11:00:00,CAL,California,OTH,Other,270,megawatthours
2026-06-10 12:00:00,CAL,California,OTH,Other,644,megawatthours
2026-06-10 13:00:00,CAL,California,OTH,Other,1507,megawatthours
2026-06-10 14:00:00,CAL,California,OTH,Other,-359,megawatthours
2026-06-10 15:00:00,CAL,California,OTH,Other,-2990,megawatthours
2026-06-10 16:00:00,CAL,California,OTH,Other,-5613,megawatthours
2026-06-10 17:00:00,CAL,California,OTH,Other,-6825,megawatthours
2026-06-10 18:00:00,CAL,California,OTH,Other,-7648,megawatthours
2026-06-10 19:00:00,CAL,California,OTH,Other,-7526,megawatthours
2026-06-10 20:00:00,CAL,California,OTH,Other,-6357,megawatthours
2026-06-10 21:00:00,CAL,California,OTH,Other,-5583,megawatthours
2026-06-10 22:00:00,CAL,California,OTH,Other,-3667,megawatthours
2026-06-10 23:00:00,CAL,California,OTH,Other,-2110,megawatthours
2026-06-11 00:00:00,CAL,California,OTH,Other,-1619,megawatthours
2026-06-11 00:00:00,CAL,California,OTH,Other,-1619,megawatthours
2026-06-11 01:00:00,CAL,California,OTH,Other,-142,megawatthours
2026-06-11 02:00:00,CAL,California,OTH,Other,2698,megawatthours
2026-06-11 03:00:00,CAL,California,OTH,Other,9527,megawatthours
2026-06-11 04:00:00,CAL,California,OTH,Other,10208,megawatthours
2026-06-11 05:00:00,CAL,California,OTH,Other,8831,megawatthours
2026-06-11 06:00:00,CAL,California,OTH,Other,5829,megawatthours
2026-06-11 07:00:00,CAL,California,OTH,Other,3113,megawatthours
2026-06-11 08:00:00,CAL,California,OTH,Other,1808,megawatthours
2026-06-11 09:00:00,CAL,California,OTH,Other,980,megawatthours
2026-06-11 10:00:00,CAL,California,OTH,Other,544,megawatthours
2026-06-11 11:00:00,CAL,California,OTH,Other,426,megawatthours
2026-06-11 12:00:00,CAL,California,OTH,Other,1023,megawatthours
2026-06-11 13:00:00,CAL,California,OTH,Other,2135,megawatthours
2026-06-11 14:00:00,CAL,California,OTH,Other,39,megawatthours
2026-06-11 15:00:00,CAL,California,OTH,Other,-3877,megawatthours
2026-06-11 16:00:00,CAL,California,OTH,Other,-7457,megawatthours
2026-06-11 17:00:00,CAL,California,OTH,Other,-8153,megawatthours
2026-06-11 18:00:00,CAL,California,OTH,Other,-8187,megawatthours
2026-06-11 19:00:00,CAL,California,OTH,Other,-7365,megawatthours
2026-06-11 20:00:00,CAL,California,OTH,Other,-6120,megawatthours
2026-06-11 21:00:00,CAL,California,OTH,Other,-4093,megawatthours
2026-06-11 22:00:00,CAL,California,OTH,Other,-2561,megawatthours
2026-06-11 23:00:00,CAL,California,OTH,Other,-1633,megawatthours
2026-06-12 00:00:00,CAL,California,OTH,Other,-716,megawatthours
2026-06-12 00:00:00,CAL,California,OTH,Other,-716,megawatthours
2026-06-12 01:00:00,CAL,California,OTH,Other,999,megawatthours
2026-06-12 02:00:00,CAL,California,OTH,Other,3979,megawatthours
2026-06-12 03:00:00,CAL,California,OTH,Other,9974,megawatthours
2026-06-12 04:00:00,CAL,California,OTH,Other,10783,megawatthours
2026-06-12 05:00:00,CAL,California,OTH,Other,8808,megawatthours
2026-06-12 06:00:00,CAL,California,OTH,Other,5249,megawatthours
2026-06-12 07:00:00,CAL,California,OTH,Other,2324,megawatthours
2026-06-12 08:00:00,CAL,California,OTH,Other,1635,megawatthours
2026-06-12 09:00:00,CAL,California,OTH,Other,830,megawatthours
2026-06-12 10:00:00,CAL,California,OTH,Other,318,megawatthours
2026-06-12 11:00:00,CAL,California,OTH,Other,204,megawatthours
2026-06-12 12:00:00,CAL,California,OTH,Other,968,megawatthours
2026-06-12 13:00:00,CAL,California,OTH,Other,1630,megawatthours
2026-06-12 14:00:00,CAL,California,OTH,Other,500,megawatthours
2026-06-12 15:00:00,CAL,California,OTH,Other,-2937,megawatthours
2026-06-12 16:00:00,CAL,California,OTH,Other,-6091,megawatthours
2026-06-12 17:00:00,CAL,California,OTH,Other,-6706,megawatthours
2026-06-12 18:00:00,CAL,California,OTH,Other,-6899,megawatthours
2026-06-12 19:00:00,CAL,California,OTH,Other,-5905,megawatthours
2026-06-12 20:00:00,CAL,California,OTH,Other,-4502,megawatthours
2026-06-12 21:00:00,CAL,California,OTH,Other,-3046,megawatthours
2026-06-12 22:00:00,CAL,California,OTH,Other,-1458,megawatthours
2026-06-12 23:00:00,CAL,California,OTH,Other,-735,megawatthours
2026-06-13 00:00:00,CAL,California,OTH,Other,149,megawatthours
2026-06-13 00:00:00,CAL,California,OTH,Other,149,megawatthours
2026-06-13 01:00:00,CAL,California,OTH,Other,572,megawatthours
2026-06-13 02:00:00,CAL,California,OTH,Other,3515,megawatthours
2026-06-13 03:00:00,CAL,California,OTH,Other,9095,megawatthours
2026-06-13 04:00:00,CAL,California,OTH,Other,9486,megawatthours
2026-06-13 05:00:00,CAL,California,OTH,Other,7363,megawatthours
2026-06-13 06:00:00,CAL,California,OTH,Other,3914,megawatthours
2026-06-13 07:00:00,CAL,California,OTH,Other,1722,megawatthours
2026-06-13 08:00:00,CAL,California,OTH,Other,1572,megawatthours
2026-06-13 09:00:00,CAL,California,OTH,Other,903,megawatthours
2026-06-13 10:00:00,CAL,California,OTH,Other,347,megawatthours
2026-06-13 11:00:00,CAL,California,OTH,Other,249,megawatthours
2026-06-13 12:00:00,CAL,California,OTH,Other,353,megawatthours
2026-06-13 13:00:00,CAL,California,OTH,Other,919,megawatthours
2026-06-13 14:00:00,CAL,California,OTH,Other,-321,megawatthours
2026-06-13 15:00:00,CAL,California,OTH,Other,-3326,megawatthours
2026-06-13 16:00:00,CAL,California,OTH,Other,-7380,megawatthours
2026-06-13 17:00:00,CAL,California,OTH,Other,-8286,megawatthours
2026-06-13 18:00:00,CAL,California,OTH,Other,-7921,megawatthours
2026-06-13 19:00:00,CAL,California,OTH,Other,-7934,megawatthours
2026-06-13 20:00:00,CAL,California,OTH,Other,-6135,megawatthours
2026-06-13 21:00:00,CAL,California,OTH,Other,-4264,megawatthours
2026-06-13 22:00:00,CAL,California,OTH,Other,-3430,megawatthours
2026-06-13 23:00:00,CAL,California,OTH,Other,-2387,megawatthours
2026-06-14 00:00:00,CAL,California,OTH,Other,-2063,megawatthours
2026-06-14 00:00:00,CAL,California,OTH,Other,-2063,megawatthours
2026-06-14 01:00:00,CAL,California,OTH,Other,-432,megawatthours
2026-06-14 02:00:00,CAL,California,OTH,Other,3303,megawatthours
2026-06-14 03:00:00,CAL,California,OTH,Other,10799,megawatthours
2026-06-14 04:00:00,CAL,California,OTH,Other,11212,megawatthours
2026-06-14 05:00:00,CAL,California,OTH,Other,9399,megawatthours
2026-06-14 06:00:00,CAL,California,OTH,Other,6484,megawatthours
2026-06-14 07:00:00,CAL,California,OTH,Other,3797,megawatthours
2026-06-14 08:00:00,CAL,California,OTH,Other,2539,megawatthours
2026-06-14 09:00:00,CAL,California,OTH,Other,722,megawatthours
2026-06-14 10:00:00,CAL,California,OTH,Other,107,megawatthours
2026-06-14 11:00:00,CAL,California,OTH,Other,143,megawatthours
2026-06-14 12:00:00,CAL,California,OTH,Other,224,megawatthours
2026-06-14 13:00:00,CAL,California,OTH,Other,201,megawatthours
2026-06-14 14:00:00,CAL,California,OTH,Other,-1111,megawatthours
2026-06-14 15:00:00,CAL,California,OTH,Other,-4097,megawatthours
2026-06-14 16:00:00,CAL,California,OTH,Other,-8149,megawatthours
2026-06-14 17:00:00,CAL,California,OTH,Other,-8675,megawatthours
2026-06-14 18:00:00,CAL,California,OTH,Other,-8504,megawatthours
2026-06-14 19:00:00,CAL,California,OTH,Other,-7595,megawatthours
2026-06-14 20:00:00,CAL,California,OTH,Other,-5722,megawatthours
2026-06-14 21:00:00,CAL,California,OTH,Other,-4014,megawatthours
2026-06-14 22:00:00,CAL,California,OTH,Other,-2419,megawatthours
2026-06-14 23:00:00,CAL,California,OTH,Other,-1152,megawatthours
2026-06-15 00:00:00,CAL,California,OTH,Other,-990,megawatthours
2026-06-15 00:00:00,CAL,California,OTH,Other,-990,megawatthours
2026-06-15 01:00:00,CAL,California,OTH,Other,97,megawatthours
2026-06-15 02:00:00,CAL,California,OTH,Other,3108,megawatthours
2026-06-15 03:00:00,CAL,California,OTH,Other,9797,megawatthours
2026-06-15 04:00:00,CAL,California,OTH,Other,11046,megawatthours
2026-06-15 05:00:00,CAL,California,OTH,Other,9488,megawatthours
2026-06-15 06:00:00,CAL,California,OTH,Other,5856,megawatthours
2026-06-15 07:00:00,CAL,California,OTH,Other,3356,megawatthours
2026-06-15 08:00:00,CAL,California,OTH,Other,2505,megawatthours
2026-06-15 09:00:00,CAL,California,OTH,Other,1091,megawatthours
2026-06-15 10:00:00,CAL,California,OTH,Other,304,megawatthours
2026-06-15 11:00:00,CAL,California,OTH,Other,143,megawatthours
2026-06-15 12:00:00,CAL,California,OTH,Other,53,megawatthours
2026-06-15 13:00:00,CAL,California,OTH,Other,730,megawatthours
2026-06-15 14:00:00,CAL,California,OTH,Other,-294,megawatthours
2026-06-15 15:00:00,CAL,California,OTH,Other,-4620,megawatthours
2026-06-15 16:00:00,CAL,California,OTH,Other,-8117,megawatthours
2026-06-15 17:00:00,CAL,California,OTH,Other,-8565,megawatthours
2026-06-15 18:00:00,CAL,California,OTH,Other,-8695,megawatthours
2026-06-15 19:00:00,CAL,California,OTH,Other,-7402,megawatthours
2026-06-15 20:00:00,CAL,California,OTH,Other,-5691,megawatthours
2026-06-15 21:00:00,CAL,California,OTH,Other,-3744,megawatthours
2026-06-15 22:00:00,CAL,California,OTH,Other,-2320,megawatthours
2026-06-15 23:00:00,CAL,California,OTH,Other,-758,megawatthours
2026-06-16 00:00:00,CAL,California,OTH,Other,-302,megawatthours
2026-06-16 00:00:00,CAL,California,OTH,Other,-302,megawatthours
2026-06-16 01:00:00,CAL,California,OTH,Other,-42,megawatthours
2026-06-16 02:00:00,CAL,California,OTH,Other,3647,megawatthours
2026-06-16 03:00:00,CAL,California,OTH,Other,9422,megawatthours
2026-06-16 04:00:00,CAL,California,OTH,Other,10307,megawatthours
2026-06-16 05:00:00,CAL,California,OTH,Other,9187,megawatthours
2026-06-16 06:00:00,CAL,California,OTH,Other,5254,megawatthours
2026-06-16 07:00:00,CAL,California,OTH,Other,2656,megawatthours
2026-06-16 08:00:00,CAL,California,OTH,Other,1803,megawatthours
2026-06-16 09:00:00,CAL,California,OTH,Other,1283,megawatthours
2026-06-16 10:00:00,CAL,California,OTH,Other,397,megawatthours
2026-06-16 11:00:00,CAL,California,OTH,Other,111,megawatthours
2026-06-16 12:00:00,CAL,California,OTH,Other,730,megawatthours
2026-06-16 13:00:00,CAL,California,OTH,Other,1298,megawatthours
2026-06-16 14:00:00,CAL,California,OTH,Other,-222,megawatthours
2026-06-16 15:00:00,CAL,California,OTH,Other,-4377,megawatthours
2026-06-16 16:00:00,CAL,California,OTH,Other,-7878,megawatthours
2026-06-16 17:00:00,CAL,California,OTH,Other,-9193,megawatthours
2026-06-16 18:00:00,CAL,California,OTH,Other,-8682,megawatthours
2026-06-16 19:00:00,CAL,California,OTH,Other,-8050,megawatthours
2026-06-16 20:00:00,CAL,California,OTH,Other,-5619,megawatthours
2026-06-16 21:00:00,CAL,California,OTH,Other,-3310,megawatthours
2026-06-16 22:00:00,CAL,California,OTH,Other,-1462,megawatthours
2026-06-16 23:00:00,CAL,California,OTH,Other,-103,megawatthours
2026-06-17 00:00:00,CAL,California,OTH,Other,-72,megawatthours
2026-06-17 00:00:00,CAL,California,OTH,Other,-72,megawatthours
2026-06-17 01:00:00,CAL,California,OTH,Other,361,megawatthours
2026-06-17 02:00:00,CAL,California,OTH,Other,3132,megawatthours
2026-06-17 03:00:00,CAL,California,OTH,Other,9772,megawatthours
2026-06-17 04:00:00,CAL,California,OTH,Other,10639,megawatthours
2026-06-17 05:00:00,CAL,California,OTH,Other,8965,megawatthours
2026-06-17 06:00:00,CAL,California,OTH,Other,6645,megawatthours
2026-06-17 07:00:00,CAL,California,OTH,Other,3660,megawatthours
2026-06-17 08:00:00,CAL,California,OTH,Other,2610,megawatthours
2026-06-17 09:00:00,CAL,California,OTH,Other,1444,megawatthours
2026-06-17 10:00:00,CAL,California,OTH,Other,437,megawatthours
2026-06-17 11:00:00,CAL,California,OTH,Other,87,megawatthours
2026-06-17 12:00:00,CAL,California,OTH,Other,248,megawatthours
2026-06-17 13:00:00,CAL,California,OTH,Other,636,megawatthours
2026-06-17 14:00:00,CAL,California,OTH,Other,-188,megawatthours
2026-06-17 15:00:00,CAL,California,OTH,Other,-2372,megawatthours
2026-06-17 16:00:00,CAL,California,OTH,Other,-4930,megawatthours
2026-06-17 17:00:00,CAL,California,OTH,Other,-5773,megawatthours
2026-06-17 18:00:00,CAL,California,OTH,Other,-6911,megawatthours
2026-06-17 19:00:00,CAL,California,OTH,Other,-7935,megawatthours
2026-06-17 20:00:00,CAL,California,OTH,Other,-7207,megawatthours
2026-06-17 21:00:00,CAL,California,OTH,Other,-6769,megawatthours
2026-06-17 22:00:00,CAL,California,OTH,Other,-4860,megawatthours
2026-06-17 23:00:00,CAL,California,OTH,Other,-2520,megawatthours
2026-06-18 00:00:00,CAL,California,OTH,Other,-1166,megawatthours
2026-06-18 00:00:00,CAL,California,OTH,Other,-1166,megawatthours
2026-06-18 01:00:00,CAL,California,OTH,Other,-551,megawatthours
2026-06-18 02:00:00,CAL,California,OTH,Other,1909,megawatthours
2026-06-18 03:00:00,CAL,California,OTH,Other,8153,megawatthours
2026-06-18 04:00:00,CAL,California,OTH,Other,10240,megawatthours
2026-06-18 05:00:00,CAL,California,OTH,Other,9453,megawatthours
2026-06-18 06:00:00,CAL,California,OTH,Other,6054,megawatthours
2026-06-18 07:00:00,CAL,California,OTH,Other,4047,megawatthours
2026-06-18 08:00:00,CAL,California,OTH,Other,3278,megawatthours
2026-06-18 09:00:00,CAL,California,OTH,Other,1763,megawatthours
2026-06-18 10:00:00,CAL,California,OTH,Other,637,megawatthours
2026-06-18 11:00:00,CAL,California,OTH,Other,700,megawatthours
2026-06-18 12:00:00,CAL,California,OTH,Other,949,megawatthours
2026-06-18 13:00:00,CAL,California,OTH,Other,1535,megawatthours
2026-06-18 14:00:00,CAL,California,OTH,Other,275,megawatthours
2026-06-18 15:00:00,CAL,California,OTH,Other,-2118,megawatthours
2026-06-18 16:00:00,CAL,California,OTH,Other,-4132,megawatthours
2026-06-18 17:00:00,CAL,California,OTH,Other,-5150,megawatthours
2026-06-18 18:00:00,CAL,California,OTH,Other,-6074,megawatthours
2026-06-18 19:00:00,CAL,California,OTH,Other,-5983,megawatthours
2026-06-18 20:00:00,CAL,California,OTH,Other,-6729,megawatthours
2026-06-18 21:00:00,CAL,California,OTH,Other,-6244,megawatthours
2026-06-18 22:00:00,CAL,California,OTH,Other,-4925,megawatthours
2026-06-18 23:00:00,CAL,California,OTH,Other,-3800,megawatthours
2026-06-19 00:00:00,CAL,California,OTH,Other,-2361,megawatthours
2026-06-19 00:00:00,CAL,California,OTH,Other,-2361,megawatthours
2026-06-19 01:00:00,CAL,California,OTH,Other,-972,megawatthours
2026-06-19 02:00:00,CAL,California,OTH,Other,2029,megawatthours
2026-06-19 03:00:00,CAL,California,OTH,Other,8475,megawatthours
2026-06-19 04:00:00,CAL,California,OTH,Other,9785,megawatthours
2026-06-19 05:00:00,CAL,California,OTH,Other,8175,megawatthours
2026-06-19 06:00:00,CAL,California,OTH,Other,5949,megawatthours
2026-06-19 07:00:00,CAL,California,OTH,Other,4054,megawatthours
2026-06-19 08:00:00,CAL,California,OTH,Other,3243,megawatthours
2026-06-19 09:00:00,CAL,California,OTH,Other,1423,megawatthours
2026-06-19 10:00:00,CAL,California,OTH,Other,481,megawatthours
2026-06-19 11:00:00,CAL,California,OTH,Other,244,megawatthours
2026-06-19 12:00:00,CAL,California,OTH,Other,785,megawatthours
2026-06-19 13:00:00,CAL,California,OTH,Other,1182,megawatthours
2026-06-19 14:00:00,CAL,California,OTH,Other,163,megawatthours
2026-06-19 15:00:00,CAL,California,OTH,Other,-2263,megawatthours
2026-06-19 16:00:00,CAL,California,OTH,Other,-4083,megawatthours
2026-06-19 17:00:00,CAL,California,OTH,Other,-4841,megawatthours
2026-06-19 18:00:00,CAL,California,OTH,Other,-5188,megawatthours
2026-06-19 19:00:00,CAL,California,OTH,Other,-6787,megawatthours
2026-06-19 20:00:00,CAL,California,OTH,Other,-7417,megawatthours
2026-06-19 21:00:00,CAL,California,OTH,Other,-8283,megawatthours
2026-06-19 22:00:00,CAL,California,OTH,Other,-7691,megawatthours
2026-06-19 23:00:00,CAL,California,OTH,Other,-5307,megawatthours
2026-06-20 00:00:00,CAL,California,OTH,Other,-2670,megawatthours
2026-06-20 00:00:00,CAL,California,OTH,Other,-2670,megawatthours
2026-06-20 01:00:00,CAL,California,OTH,Other,-916,megawatthours
2026-06-20 02:00:00,CAL,California,OTH,Other,741,megawatthours
2026-06-20 03:00:00,CAL,California,OTH,Other,7274,megawatthours
2026-06-20 04:00:00,CAL,California,OTH,Other,8975,megawatthours
2026-06-20 05:00:00,CAL,California,OTH,Other,8627,megawatthours
2026-06-20 06:00:00,CAL,California,OTH,Other,6123,megawatthours
2026-06-20 07:00:00,CAL,California,OTH,Other,4366,megawatthours
2026-06-20 08:00:00,CAL,California,OTH,Other,4069,megawatthours
2026-06-20 09:00:00,CAL,California,OTH,Other,3018,megawatthours
2026-06-20 10:00:00,CAL,California,OTH,Other,2307,megawatthours
2026-06-20 11:00:00,CAL,California,OTH,Other,1766,megawatthours
2026-06-20 12:00:00,CAL,California,OTH,Other,1915,megawatthours
2026-06-20 13:00:00,CAL,California,OTH,Other,1696,megawatthours
2026-06-20 14:00:00,CAL,California,OTH,Other,-406,megawatthours
2026-06-20 15:00:00,CAL,California,OTH,Other,-2943,megawatthours
2026-06-20 16:00:00,CAL,California,OTH,Other,-4879,megawatthours
2026-06-20 17:00:00,CAL,California,OTH,Other,-5728,megawatthours
2026-06-20 18:00:00,CAL,California,OTH,Other,-6856,megawatthours
2026-06-20 19:00:00,CAL,California,OTH,Other,-7444,megawatthours
2026-06-20 20:00:00,CAL,California,OTH,Other,-7399,megawatthours
2026-06-20 21:00:00,CAL,California,OTH,Other,-7537,megawatthours
2026-06-20 22:00:00,CAL,California,OTH,Other,-5666,megawatthours
2026-06-20 23:00:00,CAL,California,OTH,Other,-3592,megawatthours
2026-06-21 00:00:00,CAL,California,OTH,Other,-2017,megawatthours
2026-06-21 00:00:00,CAL,California,OTH,Other,-2017,megawatthours
2026-06-21 01:00:00,CAL,California,OTH,Other,-800,megawatthours
2026-06-21 02:00:00,CAL,California,OTH,Other,825,megawatthours
2026-06-21 03:00:00,CAL,California,OTH,Other,6665,megawatthours
2026-06-21 04:00:00,CAL,California,OTH,Other,9397,megawatthours
2026-06-21 05:00:00,CAL,California,OTH,Other,9523,megawatthours
2026-06-21 06:00:00,CAL,California,OTH,Other,6973,megawatthours
2026-06-21 07:00:00,CAL,California,OTH,Other,4458,megawatthours
2026-06-21 08:00:00,CAL,California,OTH,Other,2737,megawatthours
2026-06-21 09:00:00,CAL,California,OTH,Other,1766,megawatthours
2026-06-21 10:00:00,CAL,California,OTH,Other,1198,megawatthours
2026-06-21 11:00:00,CAL,California,OTH,Other,783,megawatthours
2026-06-21 12:00:00,CAL,California,OTH,Other,1279,megawatthours
2026-06-21 13:00:00,CAL,California,OTH,Other,1839,megawatthours
2026-06-21 14:00:00,CAL,California,OTH,Other,71,megawatthours
2026-06-21 15:00:00,CAL,California,OTH,Other,-3789,megawatthours
2026-06-21 16:00:00,CAL,California,OTH,Other,-6137,megawatthours
2026-06-21 17:00:00,CAL,California,OTH,Other,-6813,megawatthours
2026-06-21 18:00:00,CAL,California,OTH,Other,-7401,megawatthours
2026-06-21 19:00:00,CAL,California,OTH,Other,-7135,megawatthours
2026-06-21 20:00:00,CAL,California,OTH,Other,-6845,megawatthours
2026-06-21 21:00:00,CAL,California,OTH,Other,-5739,megawatthours
2026-06-21 22:00:00,CAL,California,OTH,Other,-3491,megawatthours
2026-06-21 23:00:00,CAL,California,OTH,Other,-1780,megawatthours
2026-06-22 00:00:00,CAL,California,OTH,Other,-1429,megawatthours
2026-06-22 00:00:00,CAL,California,OTH,Other,-1429,megawatthours
2026-06-22 01:00:00,CAL,California,OTH,Other,-518,megawatthours
2026-06-22 02:00:00,CAL,California,OTH,Other,1737,megawatthours
2026-06-22 03:00:00,CAL,California,OTH,Other,8970,megawatthours
2026-06-22 04:00:00,CAL,California,OTH,Other,10648,megawatthours
2026-06-22 05:00:00,CAL,California,OTH,Other,10065,megawatthours
2026-06-22 06:00:00,CAL,California,OTH,Other,6313,megawatthours
2026-06-22 07:00:00,CAL,California,OTH,Other,4411,megawatthours
2026-06-22 08:00:00,CAL,California,OTH,Other,2866,megawatthours
2026-06-22 09:00:00,CAL,California,OTH,Other,908,megawatthours
2026-06-22 10:00:00,CAL,California,OTH,Other,507,megawatthours
2026-06-22 11:00:00,CAL,California,OTH,Other,246,megawatthours
2026-06-22 12:00:00,CAL,California,OTH,Other,492,megawatthours
2026-06-22 13:00:00,CAL,California,OTH,Other,1333,megawatthours
2026-06-22 14:00:00,CAL,California,OTH,Other,-478,megawatthours
2026-06-22 15:00:00,CAL,California,OTH,Other,-5052,megawatthours
2026-06-22 16:00:00,CAL,California,OTH,Other,-7127,megawatthours
2026-06-22 17:00:00,CAL,California,OTH,Other,-7991,megawatthours
2026-06-22 18:00:00,CAL,California,OTH,Other,-7675,megawatthours
2026-06-22 19:00:00,CAL,California,OTH,Other,-6844,megawatthours
2026-06-22 20:00:00,CAL,California,OTH,Other,-5363,megawatthours
2026-06-22 21:00:00,CAL,California,OTH,Other,-4396,megawatthours
2026-06-22 22:00:00,CAL,California,OTH,Other,-2881,megawatthours
2026-06-22 23:00:00,CAL,California,OTH,Other,-1691,megawatthours
2026-06-23 00:00:00,CAL,California,OTH,Other,-905,megawatthours
2026-06-23 00:00:00,CAL,California,OTH,Other,-905,megawatthours
2026-06-23 01:00:00,CAL,California,OTH,Other,-594,megawatthours
2026-06-23 02:00:00,CAL,California,OTH,Other,2444,megawatthours
2026-06-23 03:00:00,CAL,California,OTH,Other,9478,megawatthours
2026-06-23 04:00:00,CAL,California,OTH,Other,10110,megawatthours
2026-06-23 05:00:00,CAL,California,OTH,Other,8492,megawatthours
2026-06-23 06:00:00,CAL,California,OTH,Other,5769,megawatthours
2026-06-23 07:00:00,CAL,California,OTH,Other,4299,megawatthours
2026-06-23 08:00:00,CAL,California,OTH,Other,2126,megawatthours
2026-06-23 09:00:00,CAL,California,OTH,Other,1154,megawatthours
2026-06-23 10:00:00,CAL,California,OTH,Other,176,megawatthours
2026-06-23 11:00:00,CAL,California,OTH,Other,151,megawatthours
2026-06-23 12:00:00,CAL,California,OTH,Other,470,megawatthours
2026-06-23 13:00:00,CAL,California,OTH,Other,1498,megawatthours
2026-06-23 14:00:00,CAL,California,OTH,Other,226,megawatthours
2026-06-23 15:00:00,CAL,California,OTH,Other,-3560,megawatthours
2026-06-23 16:00:00,CAL,California,OTH,Other,-5656,megawatthours
2026-06-23 17:00:00,CAL,California,OTH,Other,-6514,megawatthours
2026-06-23 18:00:00,CAL,California,OTH,Other,-7203,megawatthours
2026-06-23 19:00:00,CAL,California,OTH,Other,-6556,megawatthours
2026-06-23 20:00:00,CAL,California,OTH,Other,-5497,megawatthours
2026-06-23 21:00:00,CAL,California,OTH,Other,-5047,megawatthours
2026-06-23 22:00:00,CAL,California,OTH,Other,-3659,megawatthours
2026-06-23 23:00:00,CAL,California,OTH,Other,-1830,megawatthours
2026-06-24 00:00:00,CAL,California,OTH,Other,-636,megawatthours
2026-06-24 00:00:00,CAL,California,OTH,Other,-636,megawatthours
2026-06-24 01:00:00,CAL,California,OTH,Other,1025,megawatthours
2026-06-24 02:00:00,CAL,California,OTH,Other,5548,megawatthours
2026-06-24 03:00:00,CAL,California,OTH,Other,9990,megawatthours
2026-06-24 04:00:00,CAL,California,OTH,Other,11092,megawatthours
2026-06-24 05:00:00,CAL,California,OTH,Other,9038,megawatthours
2026-06-24 06:00:00,CAL,California,OTH,Other,5099,megawatthours
2026-06-24 07:00:00,CAL,California,OTH,Other,3126,megawatthours
2026-06-24 08:00:00,CAL,California,OTH,Other,1445,megawatthours
2026-06-24 09:00:00,CAL,California,OTH,Other,263,megawatthours
2026-06-24 10:00:00,CAL,California,OTH,Other,-141,megawatthours
2026-06-24 11:00:00,CAL,California,OTH,Other,-189,megawatthours
2026-06-24 12:00:00,CAL,California,OTH,Other,42,megawatthours
2026-06-24 13:00:00,CAL,California,OTH,Other,186,megawatthours
2026-06-24 14:00:00,CAL,California,OTH,Other,372,megawatthours
2026-06-24 15:00:00,CAL,California,OTH,Other,-987,megawatthours
2026-06-24 16:00:00,CAL,California,OTH,Other,-2777,megawatthours
2026-06-24 17:00:00,CAL,California,OTH,Other,-4386,megawatthours
2026-06-24 18:00:00,CAL,California,OTH,Other,-5846,megawatthours
2026-06-24 19:00:00,CAL,California,OTH,Other,-5774,megawatthours
2026-06-24 20:00:00,CAL,California,OTH,Other,-6275,megawatthours
2026-06-24 21:00:00,CAL,California,OTH,Other,-4461,megawatthours
2026-06-24 22:00:00,CAL,California,OTH,Other,-3675,megawatthours
2026-06-24 23:00:00,CAL,California,OTH,Other,-3139,megawatthours
2026-06-25 00:00:00,CAL,California,OTH,Other,-2789,megawatthours
2026-06-25 00:00:00,CAL,California,OTH,Other,-2789,megawatthours
2026-06-25 01:00:00,CAL,California,OTH,Other,-1865,megawatthours
2026-06-25 02:00:00,CAL,California,OTH,Other,721,megawatthours
2026-06-25 03:00:00,CAL,California,OTH,Other,7698,megawatthours
2026-06-25 04:00:00,CAL,California,OTH,Other,8498,megawatthours
2026-06-25 05:00:00,CAL,California,OTH,Other,7933,megawatthours
2026-06-25 06:00:00,CAL,California,OTH,Other,4746,megawatthours
2026-06-25 07:00:00,CAL,California,OTH,Other,2435,megawatthours
2026-06-25 08:00:00,CAL,California,OTH,Other,1977,megawatthours
2026-06-25 09:00:00,CAL,California,OTH,Other,632,megawatthours
2026-06-25 10:00:00,CAL,California,OTH,Other,-8,megawatthours
2026-06-25 11:00:00,CAL,California,OTH,Other,-5,megawatthours
2026-06-25 12:00:00,CAL,California,OTH,Other,259,megawatthours
2026-06-25 13:00:00,CAL,California,OTH,Other,1028,megawatthours
2026-06-25 14:00:00,CAL,California,OTH,Other,848,megawatthours
2026-06-25 15:00:00,CAL,California,OTH,Other,-2256,megawatthours
2026-06-25 16:00:00,CAL,California,OTH,Other,-5124,megawatthours
2026-06-25 17:00:00,CAL,California,OTH,Other,-6336,megawatthours
2026-06-25 18:00:00,CAL,California,OTH,Other,-7453,megawatthours
2026-06-25 19:00:00,CAL,California,OTH,Other,-7425,megawatthours
2026-06-25 20:00:00,CAL,California,OTH,Other,-7529,megawatthours
2026-06-25 21:00:00,CAL,California,OTH,Other,-6563,megawatthours
2026-06-25 22:00:00,CAL,California,OTH,Other,-4534,megawatthours
2026-06-25 23:00:00,CAL,California,OTH,Other,-3220,megawatthours
2026-06-26 00:00:00,CAL,California,OTH,Other,-2347,megawatthours
2026-06-26 00:00:00,CAL,California,OTH,Other,-2347,megawatthours
2026-06-26 01:00:00,CAL,California,OTH,Other,-1025,megawatthours
2026-06-26 02:00:00,CAL,California,OTH,Other,1779,megawatthours
2026-06-26 03:00:00,CAL,California,OTH,Other,8868,megawatthours
2026-06-26 04:00:00,CAL,California,OTH,Other,10537,megawatthours
2026-06-26 05:00:00,CAL,California,OTH,Other,9432,megawatthours
2026-06-26 06:00:00,CAL,California,OTH,Other,7899,megawatthours
2026-06-26 07:00:00,CAL,California,OTH,Other,5353,megawatthours
2026-06-26 08:00:00,CAL,California,OTH,Other,2013,megawatthours
2026-06-26 09:00:00,CAL,California,OTH,Other,1002,megawatthours
2026-06-26 10:00:00,CAL,California,OTH,Other,243,megawatthours
2026-06-26 11:00:00,CAL,California,OTH,Other,-16,megawatthours
2026-06-26 12:00:00,CAL,California,OTH,Other,353,megawatthours
2026-06-26 13:00:00,CAL,California,OTH,Other,1300,megawatthours
2026-06-26 14:00:00,CAL,California,OTH,Other,1135,megawatthours
2026-06-26 15:00:00,CAL,California,OTH,Other,-1192,megawatthours
2026-06-26 16:00:00,CAL,California,OTH,Other,-3476,megawatthours
2026-06-26 17:00:00,CAL,California,OTH,Other,-5335,megawatthours
2026-06-26 18:00:00,CAL,California,OTH,Other,-6515,megawatthours
2026-06-26 19:00:00,CAL,California,OTH,Other,-7428,megawatthours
2026-06-26 20:00:00,CAL,California,OTH,Other,-8442,megawatthours
2026-06-26 21:00:00,CAL,California,OTH,Other,-7387,megawatthours
2026-06-26 22:00:00,CAL,California,OTH,Other,-5858,megawatthours
2026-06-26 23:00:00,CAL,California,OTH,Other,-4553,megawatthours
2026-06-27 00:00:00,CAL,California,OTH,Other,-3404,megawatthours
2026-06-27 00:00:00,CAL,California,OTH,Other,-3404,megawatthours
2026-06-27 01:00:00,CAL,California,OTH,Other,-1642,megawatthours
2026-06-27 02:00:00,CAL,California,OTH,Other,389,megawatthours
2026-06-27 03:00:00,CAL,California,OTH,Other,7284,megawatthours
2026-06-27 04:00:00,CAL,California,OTH,Other,9582,megawatthours
2026-06-27 05:00:00,CAL,California,OTH,Other,8405,megawatthours
2026-06-27 06:00:00,CAL,California,OTH,Other,6701,megawatthours
2026-06-27 07:00:00,CAL,California,OTH,Other,5521,megawatthours
2026-06-27 08:00:00,CAL,California,OTH,Other,3808,megawatthours
2026-06-27 09:00:00,CAL,California,OTH,Other,2324,megawatthours
2026-06-27 10:00:00,CAL,California,OTH,Other,909,megawatthours
2026-06-27 11:00:00,CAL,California,OTH,Other,1582,megawatthours
2026-06-27 12:00:00,CAL,California,OTH,Other,1355,megawatthours
2026-06-27 13:00:00,CAL,California,OTH,Other,1580,megawatthours
2026-06-27 14:00:00,CAL,California,OTH,Other,317,megawatthours
2026-06-27 15:00:00,CAL,California,OTH,Other,-2157,megawatthours
2026-06-27 16:00:00,CAL,California,OTH,Other,-3930,megawatthours
2026-06-27 17:00:00,CAL,California,OTH,Other,-5757,megawatthours
2026-06-27 18:00:00,CAL,California,OTH,Other,-7020,megawatthours
2026-06-27 19:00:00,CAL,California,OTH,Other,-8405,megawatthours
2026-06-27 20:00:00,CAL,California,OTH,Other,-8261,megawatthours
2026-06-27 21:00:00,CAL,California,OTH,Other,-8317,megawatthours
2026-06-27 22:00:00,CAL,California,OTH,Other,-6409,megawatthours
2026-06-27 23:00:00,CAL,California,OTH,Other,-3542,megawatthours
2026-06-28 00:00:00,CAL,California,OTH,Other,-1775,megawatthours
2026-06-28 00:00:00,CAL,California,OTH,Other,-1775,megawatthours
2026-06-28 01:00:00,CAL,California,OTH,Other,-1288,megawatthours
2026-06-28 02:00:00,CAL,California,OTH,Other,619,megawatthours
2026-06-28 03:00:00,CAL,California,OTH,Other,6887,megawatthours
2026-06-28 04:00:00,CAL,California,OTH,Other,9005,megawatthours
2026-06-28 05:00:00,CAL,California,OTH,Other,9377,megawatthours
2026-06-28 06:00:00,CAL,California,OTH,Other,7454,megawatthours
2026-06-28 07:00:00,CAL,California,OTH,Other,5829,megawatthours
2026-06-28 08:00:00,CAL,California,OTH,Other,3438,megawatthours
2026-06-28 09:00:00,CAL,California,OTH,Other,2392,megawatthours
2026-06-28 10:00:00,CAL,California,OTH,Other,1593,megawatthours
2026-06-28 11:00:00,CAL,California,OTH,Other,1159,megawatthours
2026-06-28 12:00:00,CAL,California,OTH,Other,850,megawatthours
2026-06-28 13:00:00,CAL,California,OTH,Other,1171,megawatthours
2026-06-28 14:00:00,CAL,California,OTH,Other,-377,megawatthours
2026-06-28 15:00:00,CAL,California,OTH,Other,-3083,megawatthours
2026-06-28 16:00:00,CAL,California,OTH,Other,-4784,megawatthours
2026-06-28 17:00:00,CAL,California,OTH,Other,-6515,megawatthours
2026-06-28 18:00:00,CAL,California,OTH,Other,-7917,megawatthours
2026-06-28 19:00:00,CAL,California,OTH,Other,-7844,megawatthours
2026-06-28 20:00:00,CAL,California,OTH,Other,-7750,megawatthours
2026-06-28 21:00:00,CAL,California,OTH,Other,-6649,megawatthours
2026-06-28 22:00:00,CAL,California,OTH,Other,-5520,megawatthours
2026-06-28 23:00:00,CAL,California,OTH,Other,-3200,megawatthours
2026-06-29 00:00:00,CAL,California,OTH,Other,-1853,megawatthours
2026-06-29 00:00:00,CAL,California,OTH,Other,-1853,megawatthours
2026-06-29 01:00:00,CAL,California,OTH,Other,-618,megawatthours
2026-06-29 02:00:00,CAL,California,OTH,Other,864,megawatthours
2026-06-29 03:00:00,CAL,California,OTH,Other,6994,megawatthours
2026-06-29 04:00:00,CAL,California,OTH,Other,9346,megawatthours
2026-06-29 05:00:00,CAL,California,OTH,Other,8614,megawatthours
2026-06-29 06:00:00,CAL,California,OTH,Other,6370,megawatthours
2026-06-29 07:00:00,CAL,California,OTH,Other,4258,megawatthours
2026-06-29 08:00:00,CAL,California,OTH,Other,2019,megawatthours
2026-06-29 09:00:00,CAL,California,OTH,Other,1268,megawatthours
2026-06-29 10:00:00,CAL,California,OTH,Other,251,megawatthours
2026-06-29 11:00:00,CAL,California,OTH,Other,330,megawatthours
2026-06-29 12:00:00,CAL,California,OTH,Other,1178,megawatthours
2026-06-29 13:00:00,CAL,California,OTH,Other,2941,megawatthours
2026-06-29 14:00:00,CAL,California,OTH,Other,766,megawatthours
2026-06-29 15:00:00,CAL,California,OTH,Other,-2928,megawatthours
2026-06-29 16:00:00,CAL,California,OTH,Other,-4624,megawatthours
2026-06-29 17:00:00,CAL,California,OTH,Other,-6003,megawatthours
2026-06-29 18:00:00,CAL,California,OTH,Other,-6308,megawatthours
2026-06-29 19:00:00,CAL,California,OTH,Other,-6991,megawatthours
2026-06-29 20:00:00,CAL,California,OTH,Other,-6925,megawatthours
2026-06-29 21:00:00,CAL,California,OTH,Other,-6290,megawatthours
2026-06-29 22:00:00,CAL,California,OTH,Other,-4227,megawatthours
2026-06-29 23:00:00,CAL,California,OTH,Other,-2272,megawatthours
2026-06-30 00:00:00,CAL,California,OTH,Other,-1586,megawatthours
2026-06-30 00:00:00,CAL,California,OTH,Other,-1586,megawatthours
2026-06-30 01:00:00,CAL,California,OTH,Other,-969,megawatthours
2026-06-30 02:00:00,CAL,California,OTH,Other,1208,megawatthours
2026-06-30 03:00:00,CAL,California,OTH,Other,8398,megawatthours
2026-06-30 04:00:00,CAL,California,OTH,Other,10055,megawatthours
2026-06-30 05:00:00,CAL,California,OTH,Other,8773,megawatthours
2026-06-30 06:00:00,CAL,California,OTH,Other,6905,megawatthours
2026-06-30 07:00:00,CAL,California,OTH,Other,4846,megawatthours
2026-06-30 08:00:00,CAL,California,OTH,Other,3105,megawatthours
2026-06-30 09:00:00,CAL,California,OTH,Other,1264,megawatthours
2026-06-30 10:00:00,CAL,California,OTH,Other,532,megawatthours
2026-06-30 11:00:00,CAL,California,OTH,Other,92,megawatthours
2026-06-30 12:00:00,CAL,California,OTH,Other,439,megawatthours
2026-06-30 13:00:00,CAL,California,OTH,Other,1228,megawatthours
2026-06-30 14:00:00,CAL,California,OTH,Other,173,megawatthours
2026-06-30 15:00:00,CAL,California,OTH,Other,-2824,megawatthours
2026-06-30 16:00:00,CAL,California,OTH,Other,-4095,megawatthours
2026-06-30 17:00:00,CAL,California,OTH,Other,-5269,megawatthours
2026-06-30 18:00:00,CAL,California,OTH,Other,-6138,megawatthours
2026-06-30 19:00:00,CAL,California,OTH,Other,-6996,megawatthours
2026-06-30 20:00:00,CAL,California,OTH,Other,-6771,megawatthours
2026-06-30 21:00:00,CAL,California,OTH,Other,-6389,megawatthours
2026-06-30 22:00:00,CAL,California,OTH,Other,-5140,megawatthours
2026-06-30 23:00:00,CAL,California,OTH,Other,-4526,megawatthours
2026-07-01 00:00:00,CAL,California,OTH,Other,-2782,megawatthours
2026-07-01 00:00:00,CAL,California,OTH,Other,-2782,megawatthours
2026-07-01 01:00:00,CAL,California,OTH,Other,-1316,megawatthours
2026-07-01 02:00:00,CAL,California,OTH,Other,400,megawatthours
2026-07-01 03:00:00,CAL,California,OTH,Other,7777,megawatthours
2026-07-01 04:00:00,CAL,California,OTH,Other,9714,megawatthours
2026-07-01 05:00:00,CAL,California,OTH,Other,8263,megawatthours
2026-07-01 06:00:00,CAL,California,OTH,Other,5308,megawatthours
2026-07-01 07:00:00,CAL,California,OTH,Other,3403,megawatthours
2026-07-01 08:00:00,CAL,California,OTH,Other,2216,megawatthours
2026-07-01 09:00:00,CAL,California,OTH,Other,1189,megawatthours
2026-07-01 10:00:00,CAL,California,OTH,Other,488,megawatthours
2026-07-01 11:00:00,CAL,California,OTH,Other,48,megawatthours
2026-07-01 12:00:00,CAL,California,OTH,Other,736,megawatthours
2026-07-01 13:00:00,CAL,California,OTH,Other,1640,megawatthours
2026-07-01 14:00:00,CAL,California,OTH,Other,761,megawatthours
2026-07-01 15:00:00,CAL,California,OTH,Other,-1447,megawatthours
2026-07-01 16:00:00,CAL,California,OTH,Other,-3258,megawatthours
2026-07-01 17:00:00,CAL,California,OTH,Other,-4165,megawatthours
2026-07-01 18:00:00,CAL,California,OTH,Other,-5331,megawatthours
2026-07-01 19:00:00,CAL,California,OTH,Other,-6693,megawatthours
2026-07-01 20:00:00,CAL,California,OTH,Other,-6972,megawatthours
2026-07-01 21:00:00,CAL,California,OTH,Other,-6315,megawatthours
2026-07-01 22:00:00,CAL,California,OTH,Other,-5275,megawatthours
2026-07-01 23:00:00,CAL,California,OTH,Other,-4366,megawatthours
2026-07-02 00:00:00,CAL,California,OTH,Other,-2591,megawatthours
2026-07-02 00:00:00,CAL,California,OTH,Other,-2591,megawatthours
2026-07-02 01:00:00,CAL,California,OTH,Other,-1588,megawatthours
2026-07-02 02:00:00,CAL,California,OTH,Other,1057,megawatthours
2026-07-02 03:00:00,CAL,California,OTH,Other,7635,megawatthours
2026-07-02 04:00:00,CAL,California,OTH,Other,8851,megawatthours
2026-07-02 05:00:00,CAL,California,OTH,Other,8126,megawatthours
2026-07-02 06:00:00,CAL,California,OTH,Other,5834,megawatthours
2026-07-02 07:00:00,CAL,California,OTH,Other,4559,megawatthours
2026-07-02 08:00:00,CAL,California,OTH,Other,3394,megawatthours
2026-07-02 09:00:00,CAL,California,OTH,Other,1548,megawatthours
2026-07-02 10:00:00,CAL,California,OTH,Other,926,megawatthours
2026-07-02 11:00:00,CAL,California,OTH,Other,942,megawatthours
2026-07-02 12:00:00,CAL,California,OTH,Other,1019,megawatthours
2026-07-02 13:00:00,CAL,California,OTH,Other,1608,megawatthours
2026-07-02 14:00:00,CAL,California,OTH,Other,1249,megawatthours
2026-07-02 15:00:00,CAL,California,OTH,Other,-3347,megawatthours
2026-07-02 16:00:00,CAL,California,OTH,Other,-4481,megawatthours
2026-07-02 17:00:00,CAL,California,OTH,Other,-5887,megawatthours
2026-07-02 18:00:00,CAL,California,OTH,Other,-6987,megawatthours
2026-07-02 19:00:00,CAL,California,OTH,Other,-8327,megawatthours
2026-07-02 20:00:00,CAL,California,OTH,Other,-7717,megawatthours
2026-07-02 21:00:00,CAL,California,OTH,Other,-6318,megawatthours
2026-07-02 22:00:00,CAL,California,OTH,Other,-4331,megawatthours
2026-07-02 23:00:00,CAL,California,OTH,Other,-3757,megawatthours
2026-07-03 00:00:00,CAL,California,OTH,Other,-1989,megawatthours
2026-07-03 00:00:00,CAL,California,OTH,Other,-1989,megawatthours
2026-07-03 01:00:00,CAL,California,OTH,Other,-927,megawatthours
2026-07-03 02:00:00,CAL,California,OTH,Other,1700,megawatthours
2026-07-03 03:00:00,CAL,California,OTH,Other,8611,megawatthours
2026-07-03 04:00:00,CAL,California,OTH,Other,9950,megawatthours
2026-07-03 05:00:00,CAL,California,OTH,Other,8853,megawatthours
2026-07-03 06:00:00,CAL,California,OTH,Other,6270,megawatthours
2026-07-03 07:00:00,CAL,California,OTH,Other,4817,megawatthours
2026-07-03 08:00:00,CAL,California,OTH,Other,3070,megawatthours
2026-07-03 09:00:00,CAL,California,OTH,Other,1716,megawatthours
2026-07-03 10:00:00,CAL,California,OTH,Other,730,megawatthours
2026-07-03 11:00:00,CAL,California,OTH,Other,651,megawatthours
2026-07-03 12:00:00,CAL,California,OTH,Other,696,megawatthours
2026-07-03 13:00:00,CAL,California,OTH,Other,1430,megawatthours
2026-07-03 14:00:00,CAL,California,OTH,Other,688,megawatthours
2026-07-03 15:00:00,CAL,California,OTH,Other,-3578,megawatthours
2026-07-03 16:00:00,CAL,California,OTH,Other,-7135,megawatthours
2026-07-03 17:00:00,CAL,California,OTH,Other,-8071,megawatthours
2026-07-03 18:00:00,CAL,California,OTH,Other,-8135,megawatthours
2026-07-03 19:00:00,CAL,California,OTH,Other,-7351,megawatthours
2026-07-03 20:00:00,CAL,California,OTH,Other,-6741,megawatthours
2026-07-03 21:00:00,CAL,California,OTH,Other,-4615,megawatthours
2026-07-03 22:00:00,CAL,California,OTH,Other,-3069,megawatthours
2026-07-03 23:00:00,CAL,California,OTH,Other,-1923,megawatthours
2026-07-04 00:00:00,CAL,California,OTH,Other,-1178,megawatthours
2026-07-04 00:00:00,CAL,California,OTH,Other,-1178,megawatthours
2026-07-04 01:00:00,CAL,California,OTH,Other,245,megawatthours
2026-07-04 02:00:00,CAL,California,OTH,Other,2431,megawatthours
2026-07-04 03:00:00,CAL,California,OTH,Other,9427,megawatthours
2026-07-04 04:00:00,CAL,California,OTH,Other,10925,megawatthours
2026-07-04 05:00:00,CAL,California,OTH,Other,10332,megawatthours
2026-07-04 06:00:00,CAL,California,OTH,Other,6356,megawatthours
2026-07-04 07:00:00,CAL,California,OTH,Other,4268,megawatthours
2026-07-04 08:00:00,CAL,California,OTH,Other,2948,megawatthours
2026-07-04 09:00:00,CAL,California,OTH,Other,1166,megawatthours
2026-07-04 10:00:00,CAL,California,OTH,Other,414,megawatthours
2026-07-04 11:00:00,CAL,California,OTH,Other,80,megawatthours
2026-07-04 12:00:00,CAL,California,OTH,Other,314,megawatthours
2026-07-04 13:00:00,CAL,California,OTH,Other,656,megawatthours
2026-07-04 14:00:00,CAL,California,OTH,Other,-343,megawatthours
2026-07-04 15:00:00,CAL,California,OTH,Other,-4773,megawatthours
2026-07-04 16:00:00,CAL,California,OTH,Other,-8085,megawatthours
2026-07-04 17:00:00,CAL,California,OTH,Other,-8682,megawatthours
2026-07-04 18:00:00,CAL,California,OTH,Other,-9175,megawatthours
2026-07-04 19:00:00,CAL,California,OTH,Other,-8864,megawatthours
2026-07-04 20:00:00,CAL,California,OTH,Other,-5753,megawatthours
2026-07-04 21:00:00,CAL,California,OTH,Other,-3191,megawatthours
2026-07-04 22:00:00,CAL,California,OTH,Other,-1706,megawatthours
2026-07-04 23:00:00,CAL,California,OTH,Other,-1160,megawatthours
2026-07-05 00:00:00,CAL,California,OTH,Other,1328,megawatthours
2026-07-05 00:00:00,CAL,California,OTH,Other,1328,megawatthours
2026-07-05 01:00:00,CAL,California,OTH,Other,2795,megawatthours
2026-07-05 02:00:00,CAL,California,OTH,Other,4714,megawatthours
2026-07-05 03:00:00,CAL,California,OTH,Other,8391,megawatthours
2026-07-05 04:00:00,CAL,California,OTH,Other,9499,megawatthours
2026-07-05 05:00:00,CAL,California,OTH,Other,8042,megawatthours
2026-07-05 06:00:00,CAL,California,OTH,Other,5349,megawatthours
2026-07-05 07:00:00,CAL,California,OTH,Other,3743,megawatthours
2026-07-05 08:00:00,CAL,California,OTH,Other,2743,megawatthours
2026-07-05 09:00:00,CAL,California,OTH,Other,1115,megawatthours
2026-07-05 10:00:00,CAL,California,OTH,Other,472,megawatthours
2026-07-05 11:00:00,CAL,California,OTH,Other,389,megawatthours
2026-07-05 12:00:00,CAL,California,OTH,Other,227,megawatthours
2026-07-05 13:00:00,CAL,California,OTH,Other,1070,megawatthours
2026-07-05 14:00:00,CAL,California,OTH,Other,7,megawatthours
2026-07-05 15:00:00,CAL,California,OTH,Other,-2181,megawatthours
2026-07-05 16:00:00,CAL,California,OTH,Other,-5741,megawatthours
2026-07-05 17:00:00,CAL,California,OTH,Other,-7032,megawatthours
2026-07-05 18:00:00,CAL,California,OTH,Other,-7732,megawatthours
2026-07-05 19:00:00,CAL,California,OTH,Other,-8390,megawatthours
2026-07-05 20:00:00,CAL,California,OTH,Other,-7541,megawatthours
2026-07-05 21:00:00,CAL,California,OTH,Other,-6396,megawatthours
2026-07-05 22:00:00,CAL,California,OTH,Other,-4154,megawatthours
2026-07-05 23:00:00,CAL,California,OTH,Other,-2134,megawatthours
2026-07-06 00:00:00,CAL,California,OTH,Other,-1724,megawatthours
2026-07-06 00:00:00,CAL,California,OTH,Other,-1724,megawatthours
2026-07-06 01:00:00,CAL,California,OTH,Other,-519,megawatthours
2026-07-06 02:00:00,CAL,California,OTH,Other,3696,megawatthours
2026-07-06 03:00:00,CAL,California,OTH,Other,10095,megawatthours
2026-07-06 04:00:00,CAL,California,OTH,Other,10506,megawatthours
2026-07-06 05:00:00,CAL,California,OTH,Other,8825,megawatthours
2026-07-06 06:00:00,CAL,California,OTH,Other,5520,megawatthours
2026-07-06 07:00:00,CAL,California,OTH,Other,3105,megawatthours
2026-07-06 08:00:00,CAL,California,OTH,Other,2271,megawatthours
2026-07-06 09:00:00,CAL,California,OTH,Other,1359,megawatthours
2026-07-06 10:00:00,CAL,California,OTH,Other,282,megawatthours
2026-07-06 11:00:00,CAL,California,OTH,Other,77,megawatthours
2026-07-06 12:00:00,CAL,California,OTH,Other,522,megawatthours
2026-07-06 13:00:00,CAL,California,OTH,Other,1481,megawatthours
2026-07-06 14:00:00,CAL,California,OTH,Other,539,megawatthours
2026-07-06 15:00:00,CAL,California,OTH,Other,-2751,megawatthours
2026-07-06 16:00:00,CAL,California,OTH,Other,-6149,megawatthours
2026-07-06 17:00:00,CAL,California,OTH,Other,-7194,megawatthours
2026-07-06 18:00:00,CAL,California,OTH,Other,-7990,megawatthours
2026-07-06 19:00:00,CAL,California,OTH,Other,-7366,megawatthours
2026-07-06 20:00:00,CAL,California,OTH,Other,-6030,megawatthours
2026-07-06 21:00:00,CAL,California,OTH,Other,-3817,megawatthours
2026-07-06 22:00:00,CAL,California,OTH,Other,-2970,megawatthours
2026-07-06 23:00:00,CAL,California,OTH,Other,-2125,megawatthours
2026-07-07 00:00:00,CAL,California,OTH,Other,-1524,megawatthours
2026-07-07 00:00:00,CAL,California,OTH,Other,-1524,megawatthours
2026-07-07 01:00:00,CAL,California,OTH,Other,-638,megawatthours
2026-07-07 02:00:00,CAL,California,OTH,Other,2532,megawatthours
2026-07-07 03:00:00,CAL,California,OTH,Other,8790,megawatthours
2026-07-07 04:00:00,CAL,California,OTH,Other,10054,megawatthours
2026-07-07 05:00:00,CAL,California,OTH,Other,9659,megawatthours
2026-07-07 06:00:00,CAL,California,OTH,Other,5515,megawatthours
2026-07-07 07:00:00,CAL,California,OTH,Other,2763,megawatthours
2026-07-07 08:00:00,CAL,California,OTH,Other,2508,megawatthours
2026-07-07 09:00:00,CAL,California,OTH,Other,1581,megawatthours
2026-07-07 10:00:00,CAL,California,OTH,Other,773,megawatthours
2026-07-07 11:00:00,CAL,California,OTH,Other,394,megawatthours
2026-07-07 12:00:00,CAL,California,OTH,Other,571,megawatthours
2026-07-07 13:00:00,CAL,California,OTH,Other,1358,megawatthours
2026-07-07 14:00:00,CAL,California,OTH,Other,413,megawatthours
2026-07-07 15:00:00,CAL,California,OTH,Other,-2399,megawatthours
2026-07-07 16:00:00,CAL,California,OTH,Other,-5869,megawatthours
2026-07-07 17:00:00,CAL,California,OTH,Other,-6382,megawatthours
2026-07-07 18:00:00,CAL,California,OTH,Other,-7220,megawatthours
2026-07-07 19:00:00,CAL,California,OTH,Other,-6747,megawatthours
2026-07-07 20:00:00,CAL,California,OTH,Other,-5105,megawatthours
2026-07-07 21:00:00,CAL,California,OTH,Other,-4487,megawatthours
2026-07-07 22:00:00,CAL,California,OTH,Other,-3721,megawatthours
2026-07-07 23:00:00,CAL,California,OTH,Other,-2402,megawatthours
2026-07-08 00:00:00,CAL,California,OTH,Other,-1769,megawatthours
2026-07-08 00:00:00,CAL,California,OTH,Other,-1769,megawatthours
2026-07-08 01:00:00,CAL,California,OTH,Other,-501,megawatthours
2026-07-08 02:00:00,CAL,California,OTH,Other,3639,megawatthours
2026-07-08 03:00:00,CAL,California,OTH,Other,9821,megawatthours
2026-07-08 04:00:00,CAL,California,OTH,Other,10196,megawatthours
2026-07-08 05:00:00,CAL,California,OTH,Other,8865,megawatthours
2026-07-08 06:00:00,CAL,California,OTH,Other,4848,megawatthours
2026-07-08 07:00:00,CAL,California,OTH,Other,2377,megawatthours
2026-07-08 08:00:00,CAL,California,OTH,Other,849,megawatthours
2026-07-08 09:00:00,CAL,California,OTH,Other,-166,megawatthours
2026-07-08 10:00:00,CAL,California,OTH,Other,-1039,megawatthours
2026-07-08 11:00:00,CAL,California,OTH,Other,-1024,megawatthours
2026-07-08 12:00:00,CAL,California,OTH,Other,-551,megawatthours
2026-07-08 13:00:00,CAL,California,OTH,Other,627,megawatthours
2026-07-08 14:00:00,CAL,California,OTH,Other,-541,megawatthours
2026-07-08 15:00:00,CAL,California,OTH,Other,-3997,megawatthours
2026-07-08 16:00:00,CAL,California,OTH,Other,-7149,megawatthours
2026-07-08 17:00:00,CAL,California,OTH,Other,-8002,megawatthours
2026-07-08 18:00:00,CAL,California,OTH,Other,-7430,megawatthours
2026-07-08 19:00:00,CAL,California,OTH,Other,-6402,megawatthours
2026-07-08 20:00:00,CAL,California,OTH,Other,-4887,megawatthours
2026-07-08 21:00:00,CAL,California,OTH,Other,-3114,megawatthours
2026-07-08 22:00:00,CAL,California,OTH,Other,-2352,megawatthours
2026-07-08 23:00:00,CAL,California,OTH,Other,-1968,megawatthours
2026-07-09 00:00:00,CAL,California,OTH,Other,-1090,megawatthours
2026-07-09 00:00:00,CAL,California,OTH,Other,-1090,megawatthours
2026-07-09 01:00:00,CAL,California,OTH,Other,-593,megawatthours
2026-07-09 02:00:00,CAL,California,OTH,Other,2266,megawatthours
2026-07-09 03:00:00,CAL,California,OTH,Other,8533,megawatthours
2026-07-09 04:00:00,CAL,California,OTH,Other,10206,megawatthours
2026-07-09 05:00:00,CAL,California,OTH,Other,9064,megawatthours
2026-07-09 06:00:00,CAL,California,OTH,Other,6263,megawatthours
2026-07-09 07:00:00,CAL,California,OTH,Other,3066,megawatthours
2026-07-09 08:00:00,CAL,California,OTH,Other,2270,megawatthours
2026-07-09 09:00:00,CAL,California,OTH,Other,1301,megawatthours
2026-07-09 10:00:00,CAL,California,OTH,Other,180,megawatthours
2026-07-09 11:00:00,CAL,California,OTH,Other,-195,megawatthours
2026-07-09 12:00:00,CAL,California,OTH,Other,157,megawatthours
2026-07-09 13:00:00,CAL,California,OTH,Other,1421,megawatthours
2026-07-09 14:00:00,CAL,California,OTH,Other,516,megawatthours
2026-07-09 15:00:00,CAL,California,OTH,Other,-3788,megawatthours
2026-07-09 16:00:00,CAL,California,OTH,Other,-7732,megawatthours
2026-07-09 17:00:00,CAL,California,OTH,Other,-8815,megawatthours
2026-07-09 18:00:00,CAL,California,OTH,Other,-7765,megawatthours
2026-07-09 19:00:00,CAL,California,OTH,Other,-6746,megawatthours
2026-07-09 20:00:00,CAL,California,OTH,Other,-5902,megawatthours
2026-07-09 21:00:00,CAL,California,OTH,Other,-3364,megawatthours
2026-07-09 22:00:00,CAL,California,OTH,Other,-1465,megawatthours
2026-07-09 23:00:00,CAL,California,OTH,Other,-706,megawatthours
2026-07-10 00:00:00,CAL,California,OTH,Other,-1363,megawatthours
2026-07-10 00:00:00,CAL,California,OTH,Other,-1363,megawatthours
2026-07-10 01:00:00,CAL,California,OTH,Other,-1108,megawatthours
2026-07-10 02:00:00,CAL,California,OTH,Other,3551,megawatthours
2026-07-10 03:00:00,CAL,California,OTH,Other,10529,megawatthours
2026-07-10 04:00:00,CAL,California,OTH,Other,11540,megawatthours
2026-07-10 05:00:00,CAL,California,OTH,Other,9487,megawatthours
2026-07-10 06:00:00,CAL,California,OTH,Other,6689,megawatthours
2026-07-10 07:00:00,CAL,California,OTH,Other,3568,megawatthours
2026-07-10 08:00:00,CAL,California,OTH,Other,1782,megawatthours
2026-07-10 09:00:00,CAL,California,OTH,Other,948,megawatthours
2026-07-10 10:00:00,CAL,California,OTH,Other,552,megawatthours
2026-07-10 11:00:00,CAL,California,OTH,Other,69,megawatthours
2026-07-10 12:00:00,CAL,California,OTH,Other,1,megawatthours
2026-07-10 13:00:00,CAL,California,OTH,Other,564,megawatthours
2026-07-10 14:00:00,CAL,California,OTH,Other,36,megawatthours
2026-07-10 15:00:00,CAL,California,OTH,Other,-3284,megawatthours
2026-07-10 16:00:00,CAL,California,OTH,Other,-6246,megawatthours
2026-07-10 17:00:00,CAL,California,OTH,Other,-7536,megawatthours
2026-07-10 18:00:00,CAL,California,OTH,Other,-7814,megawatthours
2026-07-10 19:00:00,CAL,California,OTH,Other,-6752,megawatthours
2026-07-10 20:00:00,CAL,California,OTH,Other,-6256,megawatthours
2026-07-10 21:00:00,CAL,California,OTH,Other,-4322,megawatthours
2026-07-10 22:00:00,CAL,California,OTH,Other,-3860,megawatthours
2026-07-10 23:00:00,CAL,California,OTH,Other,-2391,megawatthours
2026-07-11 00:00:00,CAL,California,OTH,Other,-1891,megawatthours
2026-07-11 00:00:00,CAL,California,OTH,Other,-1891,megawatthours
2026-07-11 01:00:00,CAL,California,OTH,Other,-737,megawatthours
2026-07-11 02:00:00,CAL,California,OTH,Other,1922,megawatthours
2026-07-11 03:00:00,CAL,California,OTH,Other,9141,megawatthours
2026-07-11 04:00:00,CAL,California,OTH,Other,9900,megawatthours
2026-07-11 05:00:00,CAL,California,OTH,Other,8683,megawatthours
2026-07-11 06:00:00,CAL,California,OTH,Other,5436,megawatthours
2026-07-11 07:00:00,CAL,California,OTH,Other,3106,megawatthours
2026-07-11 08:00:00,CAL,California,OTH,Other,2704,megawatthours
2026-07-11 09:00:00,CAL,California,OTH,Other,1441,megawatthours
2026-07-11 10:00:00,CAL,California,OTH,Other,786,megawatthours
2026-07-11 11:00:00,CAL,California,OTH,Other,847,megawatthours
2026-07-11 12:00:00,CAL,California,OTH,Other,1318,megawatthours
2026-07-11 13:00:00,CAL,California,OTH,Other,1245,megawatthours
2026-07-11 14:00:00,CAL,California,OTH,Other,-354,megawatthours
2026-07-11 15:00:00,CAL,California,OTH,Other,-4717,megawatthours
2026-07-11 16:00:00,CAL,California,OTH,Other,-6925,megawatthours
2026-07-11 17:00:00,CAL,California,OTH,Other,-8484,megawatthours
2026-07-11 18:00:00,CAL,California,OTH,Other,-8531,megawatthours
2026-07-11 19:00:00,CAL,California,OTH,Other,-7123,megawatthours
2026-07-11 20:00:00,CAL,California,OTH,Other,-6027,megawatthours
2026-07-11 21:00:00,CAL,California,OTH,Other,-4068,megawatthours
2026-07-11 22:00:00,CAL,California,OTH,Other,-2867,megawatthours
2026-07-11 23:00:00,CAL,California,OTH,Other,-1578,megawatthours
2026-07-12 00:00:00,CAL,California,OTH,Other,-798,megawatthours
2026-07-12 00:00:00,CAL,California,OTH,Other,-798,megawatthours
2026-07-12 01:00:00,CAL,California,OTH,Other,639,megawatthours
2026-07-12 02:00:00,CAL,California,OTH,Other,4708,megawatthours
2026-07-12 03:00:00,CAL,California,OTH,Other,9152,megawatthours
2026-07-12 04:00:00,CAL,California,OTH,Other,9615,megawatthours
2026-07-12 05:00:00,CAL,California,OTH,Other,8439,megawatthours
2026-07-12 06:00:00,CAL,California,OTH,Other,5192,megawatthours
2026-07-12 07:00:00,CAL,California,OTH,Other,3586,megawatthours
2026-07-12 08:00:00,CAL,California,OTH,Other,3693,megawatthours
2026-07-12 09:00:00,CAL,California,OTH,Other,1455,megawatthours
2026-07-12 10:00:00,CAL,California,OTH,Other,960,megawatthours
2026-07-12 11:00:00,CAL,California,OTH,Other,68,megawatthours
2026-07-12 12:00:00,CAL,California,OTH,Other,50,megawatthours
2026-07-12 13:00:00,CAL,California,OTH,Other,580,megawatthours
2026-07-12 14:00:00,CAL,California,OTH,Other,-475,megawatthours
2026-07-12 15:00:00,CAL,California,OTH,Other,-1990,megawatthours
2026-07-12 16:00:00,CAL,California,OTH,Other,-2611,megawatthours
2026-07-12 17:00:00,CAL,California,OTH,Other,-3488,megawatthours
2026-07-12 18:00:00,CAL,California,OTH,Other,-5297,megawatthours
2026-07-12 19:00:00,CAL,California,OTH,Other,-6634,megawatthours
2026-07-12 20:00:00,CAL,California,OTH,Other,-6377,megawatthours
2026-07-12 21:00:00,CAL,California,OTH,Other,-4725,megawatthours
2026-07-12 22:00:00,CAL,California,OTH,Other,-3176,megawatthours
2026-07-12 23:00:00,CAL,California,OTH,Other,-1674,megawatthours
2026-07-13 00:00:00,CAL,California,OTH,Other,-214,megawatthours
2026-07-13 00:00:00,CAL,California,OTH,Other,-214,megawatthours
2026-07-13 01:00:00,CAL,California,OTH,Other,508,megawatthours
2026-07-13 02:00:00,CAL,California,OTH,Other,1912,megawatthours
2026-07-13 03:00:00,CAL,California,OTH,Other,6684,megawatthours
2026-07-13 04:00:00,CAL,California,OTH,Other,8267,megawatthours
2026-07-13 05:00:00,CAL,California,OTH,Other,7515,megawatthours
2026-07-13 06:00:00,CAL,California,OTH,Other,4934,megawatthours
2026-07-13 07:00:00,CAL,California,OTH,Other,2417,megawatthours
2026-07-13 08:00:00,CAL,California,OTH,Other,1239,megawatthours
2026-07-13 09:00:00,CAL,California,OTH,Other,235,megawatthours
2026-07-13 10:00:00,CAL,California,OTH,Other,-367,megawatthours
2026-07-13 11:00:00,CAL,California,OTH,Other,-754,megawatthours
2026-07-13 12:00:00,CAL,California,OTH,Other,-524,megawatthours
2026-07-13 13:00:00,CAL,California,OTH,Other,64,megawatthours
2026-07-13 14:00:00,CAL,California,OTH,Other,701,megawatthours
2026-07-13 15:00:00,CAL,California,OTH,Other,290,megawatthours
2026-07-13 16:00:00,CAL,California,OTH,Other,45,megawatthours
2026-07-13 17:00:00,CAL,California,OTH,Other,-1456,megawatthours
2026-07-13 18:00:00,CAL,California,OTH,Other,-3797,megawatthours
2026-07-13 19:00:00,CAL,California,OTH,Other,-4026,megawatthours
2026-07-13 20:00:00,CAL,California,OTH,Other,-4187,megawatthours
2026-07-13 21:00:00,CAL,California,OTH,Other,-4548,megawatthours
2026-07-13 22:00:00,CAL,California,OTH,Other,-3844,megawatthours
2026-07-13 23:00:00,CAL,California,OTH,Other,-2783,megawatthours
2026-07-14 00:00:00,CAL,California,OTH,Other,-1089,megawatthours
2026-07-14 00:00:00,CAL,California,OTH,Other,-1089,megawatthours
2026-07-14 01:00:00,CAL,California,OTH,Other,1215,megawatthours
2026-07-14 02:00:00,CAL,California,OTH,Other,3155,megawatthours
2026-07-14 03:00:00,CAL,California,OTH,Other,5829,megawatthours
2026-07-14 04:00:00,CAL,California,OTH,Other,5275,megawatthours
2026-07-14 05:00:00,CAL,California,OTH,Other,4760,megawatthours
2026-07-14 06:00:00,CAL,California,OTH,Other,2311,megawatthours
2026-07-14 07:00:00,CAL,California,OTH,Other,900,megawatthours
2026-07-14 08:00:00,CAL,California,OTH,Other,324,megawatthours
2026-07-14 09:00:00,CAL,California,OTH,Other,-234,megawatthours
2026-07-14 10:00:00,CAL,California,OTH,Other,-417,megawatthours
2026-07-14 11:00:00,CAL,California,OTH,Other,-500,megawatthours
2026-07-14 12:00:00,CAL,California,OTH,Other,-253,megawatthours
2026-07-14 13:00:00,CAL,California,OTH,Other,236,megawatthours
2026-07-14 14:00:00,CAL,California,OTH,Other,-351,megawatthours
2026-07-14 15:00:00,CAL,California,OTH,Other,-3009,megawatthours
2026-07-14 16:00:00,CAL,California,OTH,Other,-5546,megawatthours
2026-07-14 17:00:00,CAL,California,OTH,Other,-6196,megawatthours
2026-07-14 18:00:00,CAL,California,OTH,Other,-7416,megawatthours
2026-07-14 19:00:00,CAL,California,OTH,Other,-7218,megawatthours
2026-07-14 20:00:00,CAL,California,OTH,Other,-6131,megawatthours
2026-07-14 21:00:00,CAL,California,OTH,Other,-4242,megawatthours
2026-07-14 22:00:00,CAL,California,OTH,Other,-2645,megawatthours
2026-07-14 23:00:00,CAL,California,OTH,Other,-1602,megawatthours
2026-07-15 00:00:00,CAL,California,OTH,Other,-416,megawatthours
2026-07-15 00:00:00,CAL,California,OTH,Other,-416,megawatthours
2026-07-15 01:00:00,CAL,California,OTH,Other,696,megawatthours
2026-07-15 02:00:00,CAL,California,OTH,Other,4853,megawatthours
2026-07-15 03:00:00,CAL,California,OTH,Other,10500,megawatthours
2026-07-15 04:00:00,CAL,California,OTH,Other,11390,megawatthours
2026-07-15 05:00:00,CAL,California,OTH,Other,9289,megawatthours
2026-07-15 06:00:00,CAL,California,OTH,Other,5777,megawatthours
2026-07-15 07:00:00,CAL,California,OTH,Other,2348,megawatthours
2026-07-15 08:00:00,CAL,California,OTH,Other,1395,megawatthours
2026-07-15 09:00:00,CAL,California,OTH,Other,374,megawatthours
2026-07-15 10:00:00,CAL,California,OTH,Other,-143,megawatthours
2026-07-15 11:00:00,CAL,California,OTH,Other,-672,megawatthours
2026-07-15 12:00:00,CAL,California,OTH,Other,-565,megawatthours
2026-07-15 13:00:00,CAL,California,OTH,Other,219,megawatthours
2026-07-15 14:00:00,CAL,California,OTH,Other,269,megawatthours
2026-07-15 15:00:00,CAL,California,OTH,Other,-3930,megawatthours
2026-07-15 16:00:00,CAL,California,OTH,Other,-7749,megawatthours
2026-07-15 17:00:00,CAL,California,OTH,Other,-8359,megawatthours
2026-07-15 18:00:00,CAL,California,OTH,Other,-7069,megawatthours
2026-07-15 19:00:00,CAL,California,OTH,Other,-5952,megawatthours
2026-07-15 20:00:00,CAL,California,OTH,Other,-4733,megawatthours
2026-07-15 21:00:00,CAL,California,OTH,Other,-3390,megawatthours
2026-07-15 22:00:00,CAL,California,OTH,Other,-2173,megawatthours
2026-07-15 23:00:00,CAL,California,OTH,Other,-1217,megawatthours
2026-07-16 00:00:00,CAL,California,OTH,Other,-654,megawatthours
2026-07-16 00:00:00,CAL,California,OTH,Other,-654,megawatthours
2026-07-16 01:00:00,CAL,California,OTH,Other,1141,megawatthours
2026-07-16 02:00:00,CAL,California,OTH,Other,4138,megawatthours
2026-07-16 03:00:00,CAL,California,OTH,Other,10047,megawatthours
2026-07-16 04:00:00,CAL,California,OTH,Other,10386,megawatthours
2026-07-16 05:00:00,CAL,California,OTH,Other,8526,megawatthours
2026-07-16 06:00:00,CAL,California,OTH,Other,4756,megawatthours
2026-07-16 07:00:00,CAL,California,OTH,Other,1741,megawatthours
2026-07-16 08:00:00,CAL,California,OTH,Other,1422,megawatthours
2026-07-16 09:00:00,CAL,California,OTH,Other,687,megawatthours
2026-07-16 10:00:00,CAL,California,OTH,Other,15,megawatthours
2026-07-16 11:00:00,CAL,California,OTH,Other,-332,megawatthours
2026-07-16 12:00:00,CAL,California,OTH,Other,-118,megawatthours
2026-07-16 13:00:00,CAL,California,OTH,Other,428,megawatthours
2026-07-16 14:00:00,CAL,California,OTH,Other,151,megawatthours
2026-07-16 15:00:00,CAL,California,OTH,Other,-2797,megawatthours
2026-07-16 16:00:00,CAL,California,OTH,Other,-4929,megawatthours
2026-07-16 17:00:00,CAL,California,OTH,Other,-5679,megawatthours
2026-07-16 18:00:00,CAL,California,OTH,Other,-5720,megawatthours
2026-07-16 19:00:00,CAL,California,OTH,Other,-3866,megawatthours
2026-07-16 20:00:00,CAL,California,OTH,Other,-3021,megawatthours
2026-07-16 21:00:00,CAL,California,OTH,Other,-2617,megawatthours
2026-07-16 22:00:00,CAL,California,OTH,Other,-1992,megawatthours
2026-07-16 23:00:00,CAL,California,OTH,Other,-3173,megawatthours
2026-07-17 00:00:00,CAL,California,OTH,Other,-1779,megawatthours
2026-07-17 00:00:00,CAL,California,OTH,Other,-1779,megawatthours
2026-07-17 01:00:00,CAL,California,OTH,Other,-30,megawatthours
2026-07-17 02:00:00,CAL,California,OTH,Other,2740,megawatthours
2026-07-17 03:00:00,CAL,California,OTH,Other,6820,megawatthours
2026-07-17 04:00:00,CAL,California,OTH,Other,7509,megawatthours
2026-07-17 05:00:00,CAL,California,OTH,Other,6417,megawatthours
2026-07-17 06:00:00,CAL,California,OTH,Other,4819,megawatthours
2026-07-17 07:00:00,CAL,California,OTH,Other,2490,megawatthours
2026-07-17 08:00:00,CAL,California,OTH,Other,1401,megawatthours
2026-07-17 09:00:00,CAL,California,OTH,Other,619,megawatthours
2026-07-17 10:00:00,CAL,California,OTH,Other,328,megawatthours
2026-07-17 11:00:00,CAL,California,OTH,Other,-90,megawatthours
2026-07-17 12:00:00,CAL,California,OTH,Other,34,megawatthours
2026-07-17 13:00:00,CAL,California,OTH,Other,487,megawatthours
2026-07-17 14:00:00,CAL,California,OTH,Other,1083,megawatthours
2026-07-17 15:00:00,CAL,California,OTH,Other,-1571,megawatthours
2026-07-17 16:00:00,CAL,California,OTH,Other,-4810,megawatthours
2026-07-17 17:00:00,CAL,California,OTH,Other,-6647,megawatthours
2026-07-17 18:00:00,CAL,California,OTH,Other,-7152,megawatthours
2026-07-17 19:00:00,CAL,California,OTH,Other,-6756,megawatthours
2026-07-17 20:00:00,CAL,California,OTH,Other,-5828,megawatthours
2026-07-17 21:00:00,CAL,California,OTH,Other,-5138,megawatthours
2026-07-17 22:00:00,CAL,California,OTH,Other,-3310,megawatthours
2026-07-17 23:00:00,CAL,California,OTH,Other,-2450,megawatthours
2026-07-18 00:00:00,CAL,California,OTH,Other,-1884,megawatthours
2026-07-18 00:00:00,CAL,California,OTH,Other,-1884,megawatthours
2026-07-18 01:00:00,CAL,California,OTH,Other,-213,megawatthours
2026-07-18 02:00:00,CAL,California,OTH,Other,3615,megawatthours
2026-07-18 03:00:00,CAL,California,OTH,Other,8654,megawatthours
2026-07-18 04:00:00,CAL,California,OTH,Other,9427,megawatthours
2026-07-18 05:00:00,CAL,California,OTH,Other,7905,megawatthours
2026-07-18 06:00:00,CAL,California,OTH,Other,5145,megawatthours
2026-07-18 07:00:00,CAL,California,OTH,Other,3183,megawatthours
2026-07-18 08:00:00,CAL,California,OTH,Other,2916,megawatthours
2026-07-18 09:00:00,CAL,California,OTH,Other,1681,megawatthours
2026-07-18 10:00:00,CAL,California,OTH,Other,880,megawatthours
2026-07-18 11:00:00,CAL,California,OTH,Other,432,megawatthours
2026-07-18 12:00:00,CAL,California,OTH,Other,212,megawatthours
2026-07-18 13:00:00,CAL,California,OTH,Other,720,megawatthours
2026-07-18 14:00:00,CAL,California,OTH,Other,375,megawatthours
2026-07-18 15:00:00,CAL,California,OTH,Other,-3349,megawatthours
2026-07-18 16:00:00,CAL,California,OTH,Other,-7603,megawatthours
2026-07-18 17:00:00,CAL,California,OTH,Other,-8884,megawatthours
2026-07-18 18:00:00,CAL,California,OTH,Other,-8301,megawatthours
2026-07-18 19:00:00,CAL,California,OTH,Other,-7148,megawatthours
2026-07-18 20:00:00,CAL,California,OTH,Other,-6358,megawatthours
2026-07-18 21:00:00,CAL,California,OTH,Other,-4628,megawatthours
2026-07-18 22:00:00,CAL,California,OTH,Other,-3061,megawatthours
2026-07-18 23:00:00,CAL,California,OTH,Other,-1794,megawatthours
2026-07-19 00:00:00,CAL,California,OTH,Other,-557,megawatthours
2026-07-19 00:00:00,CAL,California,OTH,Other,-557,megawatthours
2026-07-19 01:00:00,CAL,California,OTH,Other,68,megawatthours
2026-07-19 02:00:00,CAL,California,OTH,Other,3479,megawatthours
2026-07-19 03:00:00,CAL,California,OTH,Other,9667,megawatthours
2026-07-19 04:00:00,CAL,California,OTH,Other,10384,megawatthours
2026-07-19 05:00:00,CAL,California,OTH,Other,8561,megawatthours
2026-07-19 06:00:00,CAL,California,OTH,Other,5843,megawatthours
2026-07-19 07:00:00,CAL,California,OTH,Other,3673,megawatthours
2026-07-19 08:00:00,CAL,California,OTH,Other,2944,megawatthours
2026-07-19 09:00:00,CAL,California,OTH,Other,1650,megawatthours
2026-07-19 10:00:00,CAL,California,OTH,Other,687,megawatthours
2026-07-19 11:00:00,CAL,California,OTH,Other,315,megawatthours
2026-07-19 12:00:00,CAL,California,OTH,Other,104,megawatthours
2026-07-19 13:00:00,CAL,California,OTH,Other,644,megawatthours
2026-07-19 14:00:00,CAL,California,OTH,Other,68,megawatthours
2026-07-19 15:00:00,CAL,California,OTH,Other,-2496,megawatthours
2026-07-19 16:00:00,CAL,California,OTH,Other,-5415,megawatthours
2026-07-19 17:00:00,CAL,California,OTH,Other,-6933,megawatthours
2026-07-19 18:00:00,CAL,California,OTH,Other,-7291,megawatthours
2026-07-19 19:00:00,CAL,California,OTH,Other,-6824,megawatthours
2026-07-19 20:00:00,CAL,California,OTH,Other,-6309,megawatthours
2026-07-19 21:00:00,CAL,California,OTH,Other,-5092,megawatthours
2026-07-19 22:00:00,CAL,California,OTH,Other,-3221,megawatthours
2026-07-19 23:00:00,CAL,California,OTH,Other,-2123,megawatthours
2026-07-20 00:00:00,CAL,California,OTH,Other,-907,megawatthours
2026-07-20 00:00:00,CAL,California,OTH,Other,-907,megawatthours
2026-07-20 01:00:00,CAL,California,OTH,Other,721,megawatthours
2026-07-20 02:00:00,CAL,California,OTH,Other,5514,megawatthours
2026-07-20 03:00:00,CAL,California,OTH,Other,10675,megawatthours
2026-07-20 04:00:00,CAL,California,OTH,Other,10422,megawatthours
2026-07-20 05:00:00,CAL,California,OTH,Other,9325,megawatthours
2026-07-20 06:00:00,CAL,California,OTH,Other,5901,megawatthours
2026-07-20 07:00:00,CAL,California,OTH,Other,1993,megawatthours
2026-07-20 08:00:00,CAL,California,OTH,Other,679,megawatthours
2026-07-20 09:00:00,CAL,California,OTH,Other,430,megawatthours
2026-07-20 10:00:00,CAL,California,OTH,Other,-170,megawatthours
2026-07-20 11:00:00,CAL,California,OTH,Other,-748,megawatthours
2026-07-20 12:00:00,CAL,California,OTH,Other,-136,megawatthours
2026-07-20 13:00:00,CAL,California,OTH,Other,534,megawatthours
2026-07-20 14:00:00,CAL,California,OTH,Other,956,megawatthours
2026-07-20 15:00:00,CAL,California,OTH,Other,-727,megawatthours
2026-07-20 16:00:00,CAL,California,OTH,Other,-2740,megawatthours
2026-07-20 17:00:00,CAL,California,OTH,Other,-4241,megawatthours
2026-07-20 18:00:00,CAL,California,OTH,Other,-5587,megawatthours
2026-07-20 19:00:00,CAL,California,OTH,Other,-4632,megawatthours
2026-07-20 20:00:00,CAL,California,OTH,Other,-4556,megawatthours
2026-07-20 21:00:00,CAL,California,OTH,Other,-3421,megawatthours
2026-07-20 22:00:00,CAL,California,OTH,Other,-2560,megawatthours
2026-07-20 23:00:00,CAL,California,OTH,Other,-1840,megawatthours
2026-07-21 00:00:00,CAL,California,OTH,Other,-2004,megawatthours
2026-07-21 00:00:00,CAL,California,OTH,Other,-2004,megawatthours
2026-07-21 01:00:00,CAL,California,OTH,Other,-529,megawatthours
2026-07-21 02:00:00,CAL,California,OTH,Other,4082,megawatthours
2026-07-21 03:00:00,CAL,California,OTH,Other,8084,megawatthours
2026-07-21 04:00:00,CAL,California,OTH,Other,7592,megawatthours
2026-07-21 05:00:00,CAL,California,OTH,Other,5769,megawatthours
2026-07-21 06:00:00,CAL,California,OTH,Other,2865,megawatthours
2026-07-21 07:00:00,CAL,California,OTH,Other,1227,megawatthours
2026-07-21 08:00:00,CAL,California,OTH,Other,1310,megawatthours
2026-07-21 09:00:00,CAL,California,OTH,Other,-93,megawatthours
2026-07-21 10:00:00,CAL,California,OTH,Other,-320,megawatthours
2026-07-21 11:00:00,CAL,California,OTH,Other,-640,megawatthours
2026-07-21 12:00:00,CAL,California,OTH,Other,-754,megawatthours
2026-07-21 13:00:00,CAL,California,OTH,Other,-299,megawatthours
2026-07-21 14:00:00,CAL,California,OTH,Other,923,megawatthours
2026-07-21 15:00:00,CAL,California,OTH,Other,-1473,megawatthours
2026-07-21 16:00:00,CAL,California,OTH,Other,-2778,megawatthours
2026-07-21 17:00:00,CAL,California,OTH,Other,-6212,megawatthours
2026-07-21 18:00:00,CAL,California,OTH,Other,-7569,megawatthours
2026-07-21 19:00:00,CAL,California,OTH,Other,-7302,megawatthours
2026-07-21 20:00:00,CAL,California,OTH,Other,-7143,megawatthours
2026-07-21 21:00:00,CAL,California,OTH,Other,-4680,megawatthours
2026-07-21 22:00:00,CAL,California,OTH,Other,-2425,megawatthours
2026-07-21 23:00:00,CAL,California,OTH,Other,-1164,megawatthours
2026-07-22 00:00:00,CAL,California,OTH,Other,-1375,megawatthours
2026-07-22 00:00:00,CAL,California,OTH,Other,-1375,megawatthours
2026-07-22 01:00:00,CAL,California,OTH,Other,446,megawatthours
2026-07-22 02:00:00,CAL,California,OTH,Other,4901,megawatthours
2026-07-22 03:00:00,CAL,California,OTH,Other,10171,megawatthours
2026-07-22 04:00:00,CAL,California,OTH,Other,9897,megawatthours
2026-07-22 05:00:00,CAL,California,OTH,Other,7800,megawatthours
2026-07-22 06:00:00,CAL,California,OTH,Other,5274,megawatthours
2026-07-22 07:00:00,CAL,California,OTH,Other,2056,megawatthours
2026-07-22 08:00:00,CAL,California,OTH,Other,825,megawatthours
2026-07-22 09:00:00,CAL,California,OTH,Other,-81,megawatthours
2026-07-22 10:00:00,CAL,California,OTH,Other,-869,megawatthours
2026-07-22 11:00:00,CAL,California,OTH,Other,-1067,megawatthours
2026-07-22 12:00:00,CAL,California,OTH,Other,-656,megawatthours
2026-07-22 13:00:00,CAL,California,OTH,Other,486,megawatthours
2026-07-22 14:00:00,CAL,California,OTH,Other,645,megawatthours
2026-07-22 15:00:00,CAL,California,OTH,Other,-2746,megawatthours
2026-07-22 16:00:00,CAL,California,OTH,Other,-5848,megawatthours
2026-07-22 17:00:00,CAL,California,OTH,Other,-7785,megawatthours
2026-07-22 18:00:00,CAL,California,OTH,Other,-8862,megawatthours
2026-07-22 19:00:00,CAL,California,OTH,Other,-7787,megawatthours
2026-07-22 20:00:00,CAL,California,OTH,Other,-6193,megawatthours
2026-07-22 21:00:00,CAL,California,OTH,Other,-4517,megawatthours
2026-07-22 22:00:00,CAL,California,OTH,Other,-2418,megawatthours
2026-07-22 23:00:00,CAL,California,OTH,Other,-1534,megawatthours
2026-07-23 00:00:00,CAL,California,OTH,Other,-662,megawatthours
2026-07-23 00:00:00,CAL,California,OTH,Other,-662,megawatthours
2026-07-23 01:00:00,CAL,California,OTH,Other,654,megawatthours
2026-07-23 02:00:00,CAL,California,OTH,Other,4761,megawatthours
2026-07-23 03:00:00,CAL,California,OTH,Other,9080,megawatthours
2026-07-23 04:00:00,CAL,California,OTH,Other,9294,megawatthours
2026-07-23 05:00:00,CAL,California,OTH,Other,8780,megawatthours
2026-07-23 06:00:00,CAL,California,OTH,Other,4810,megawatthours
2026-07-23 07:00:00,CAL,California,OTH,Other,2285,megawatthours
2026-07-23 08:00:00,CAL,California,OTH,Other,1047,megawatthours
2026-07-23 09:00:00,CAL,California,OTH,Other,-14,megawatthours
2026-07-23 10:00:00,CAL,California,OTH,Other,-255,megawatthours
2026-07-23 11:00:00,CAL,California,OTH,Other,-278,megawatthours
2026-07-23 12:00:00,CAL,California,OTH,Other,-127,megawatthours
2026-07-23 13:00:00,CAL,California,OTH,Other,466,megawatthours
2026-07-23 14:00:00,CAL,California,OTH,Other,-67,megawatthours
2026-07-23 15:00:00,CAL,California,OTH,Other,-4690,megawatthours
2026-07-23 16:00:00,CAL,California,OTH,Other,-8065,megawatthours
2026-07-23 17:00:00,CAL,California,OTH,Other,-8841,megawatthours
2026-07-23 18:00:00,CAL,California,OTH,Other,-7863,megawatthours
2026-07-23 19:00:00,CAL,California,OTH,Other,-6046,megawatthours
2026-07-23 20:00:00,CAL,California,OTH,Other,-4312,megawatthours
2026-07-23 21:00:00,CAL,California,OTH,Other,-2357,megawatthours
2026-07-23 22:00:00,CAL,California,OTH,Other,-488,megawatthours
2026-07-23 23:00:00,CAL,California,OTH,Other,-168,megawatthours
2026-07-24 00:00:00,CAL,California,OTH,Other,163,megawatthours
2026-07-24 00:00:00,CAL,California,OTH,Other,163,megawatthours
2026-07-24 01:00:00,CAL,California,OTH,Other,412,megawatthours
2026-07-24 02:00:00,CAL,California,OTH,Other,5547,megawatthours
2026-07-24 03:00:00,CAL,California,OTH,Other,10466,megawatthours
2026-07-24 04:00:00,CAL,California,OTH,Other,10572,megawatthours
2026-07-24 05:00:00,CAL,California,OTH,Other,8958,megawatthours
2026-07-24 06:00:00,CAL,California,OTH,Other,5722,megawatthours
2026-07-24 07:00:00,CAL,California,OTH,Other,3098,megawatthours
2026-07-24 08:00:00,CAL,California,OTH,Other,1741,megawatthours
2026-07-24 09:00:00,CAL,California,OTH,Other,564,megawatthours
2026-07-24 10:00:00,CAL,California,OTH,Other,291,megawatthours
2026-07-24 11:00:00,CAL,California,OTH,Other,67,megawatthours
2026-07-24 12:00:00,CAL,California,OTH,Other,19,megawatthours
2026-07-24 13:00:00,CAL,California,OTH,Other,285,megawatthours
2026-07-24 14:00:00,CAL,California,OTH,Other,-657,megawatthours
2026-07-24 15:00:00,CAL,California,OTH,Other,-4419,megawatthours
2026-07-24 16:00:00,CAL,California,OTH,Other,-6553,megawatthours
2026-07-24 17:00:00,CAL,California,OTH,Other,-7517,megawatthours
2026-07-24 18:00:00,CAL,California,OTH,Other,-7534,megawatthours
2026-07-24 19:00:00,CAL,California,OTH,Other,-6080,megawatthours
2026-07-24 20:00:00,CAL,California,OTH,Other,-3562,megawatthours
2026-07-24 21:00:00,CAL,California,OTH,Other,-2342,megawatthours
2026-07-24 22:00:00,CAL,California,OTH,Other,-979,megawatthours
2026-07-24 23:00:00,CAL,California,OTH,Other,648,megawatthours
2026-07-25 00:00:00,CAL,California,OTH,Other,891,megawatthours
2026-07-25 00:00:00,CAL,California,OTH,Other,891,megawatthours
2026-07-25 01:00:00,CAL,California,OTH,Other,2284,megawatthours
2026-07-25 02:00:00,CAL,California,OTH,Other,5389,megawatthours
2026-07-25 03:00:00,CAL,California,OTH,Other,8422,megawatthours
2026-07-25 04:00:00,CAL,California,OTH,Other,8106,megawatthours
2026-07-25 05:00:00,CAL,California,OTH,Other,6518,megawatthours
2026-07-25 06:00:00,CAL,California,OTH,Other,3600,megawatthours
2026-07-25 07:00:00,CAL,California,OTH,Other,2265,megawatthours
2026-07-25 08:00:00,CAL,California,OTH,Other,731,megawatthours
2026-07-25 09:00:00,CAL,California,OTH,Other,86,megawatthours
2026-07-25 10:00:00,CAL,California,OTH,Other,-385,megawatthours
2026-07-25 11:00:00,CAL,California,OTH,Other,-524,megawatthours
2026-07-25 12:00:00,CAL,California,OTH,Other,-158,megawatthours
2026-07-25 13:00:00,CAL,California,OTH,Other,-70,megawatthours
2026-07-25 14:00:00,CAL,California,OTH,Other,-471,megawatthours
2026-07-25 15:00:00,CAL,California,OTH,Other,-3211,megawatthours
2026-07-25 16:00:00,CAL,California,OTH,Other,-7685,megawatthours
2026-07-25 17:00:00,CAL,California,OTH,Other,-8418,megawatthours
2026-07-25 18:00:00,CAL,California,OTH,Other,-8545,megawatthours
2026-07-25 19:00:00,CAL,California,OTH,Other,-6889,megawatthours
2026-07-25 20:00:00,CAL,California,OTH,Other,-5072,megawatthours
2026-07-25 21:00:00,CAL,California,OTH,Other,-3418,megawatthours
2026-07-25 22:00:00,CAL,California,OTH,Other,-2703,megawatthours
2026-07-25 23:00:00,CAL,California,OTH,Other,-2198,megawatthours
2026-07-26 00:00:00,CAL,California,OTH,Other,-1508,megawatthours
2026-07-26 00:00:00,CAL,California,OTH,Other,-1508,megawatthours
2026-07-26 01:00:00,CAL,California,OTH,Other,151,megawatthours
2026-07-26 02:00:00,CAL,California,OTH,Other,4621,megawatthours
2026-07-26 03:00:00,CAL,California,OTH,Other,10158,megawatthours
2026-07-26 04:00:00,CAL,California,OTH,Other,9746,megawatthours
2026-07-26 05:00:00,CAL,California,OTH,Other,9535,megawatthours
2026-07-26 06:00:00,CAL,California,OTH,Other,6140,megawatthours
2026-07-26 07:00:00,CAL,California,OTH,Other,2900,megawatthours
2026-07-26 08:00:00,CAL,California,OTH,Other,1818,megawatthours
2026-07-26 09:00:00,CAL,California,OTH,Other,551,megawatthours
2026-07-26 10:00:00,CAL,California,OTH,Other,72,megawatthours
2026-07-26 11:00:00,CAL,California,OTH,Other,-493,megawatthours
2026-07-26 12:00:00,CAL,California,OTH,Other,-1148,megawatthours
2026-07-26 13:00:00,CAL,California,OTH,Other,-229,megawatthours
2026-07-26 14:00:00,CAL,California,OTH,Other,-334,megawatthours
2026-07-26 15:00:00,CAL,California,OTH,Other,-3538,megawatthours
2026-07-26 16:00:00,CAL,California,OTH,Other,-7760,megawatthours
2026-07-26 17:00:00,CAL,California,OTH,Other,-8474,megawatthours
2026-07-26 18:00:00,CAL,California,OTH,Other,-8210,megawatthours
2026-07-26 19:00:00,CAL,California,OTH,Other,-7449,megawatthours
2026-07-26 20:00:00,CAL,California,OTH,Other,-5574,megawatthours
2026-07-26 21:00:00,CAL,California,OTH,Other,-2946,megawatthours
2026-07-26 22:00:00,CAL,California,OTH,Other,-1868,megawatthours
2026-07-26 23:00:00,CAL,California,OTH,Other,-1468,megawatthours
2026-07-27 00:00:00,CAL,California,OTH,Other,425,megawatthours
2026-07-27 00:00:00,CAL,California,OTH,Other,425,megawatthours
2026-07-27 01:00:00,CAL,California,OTH,Other,2740,megawatthours
2026-07-27 02:00:00,CAL,California,OTH,Other,6419,megawatthours
2026-07-27 03:00:00,CAL,California,OTH,Other,11036,megawatthours
2026-07-27 04:00:00,CAL,California,OTH,Other,10532,megawatthours
2026-07-27 05:00:00,CAL,California,OTH,Other,10207,megawatthours
2026-07-27 06:00:00,CAL,California,OTH,Other,5547,megawatthours
2026-07-27 07:00:00,CAL,California,OTH,Other,2057,megawatthours
2026-07-27 08:00:00,CAL,California,OTH,Other,1784,megawatthours
2026-07-27 09:00:00,CAL,California,OTH,Other,255,megawatthours
2026-07-27 10:00:00,CAL,California,OTH,Other,-1177,megawatthours
2026-07-27 11:00:00,CAL,California,OTH,Other,-1721,megawatthours
2026-07-27 12:00:00,CAL,California,OTH,Other,-1582,megawatthours
2026-07-27 13:00:00,CAL,California,OTH,Other,-470,megawatthours
2026-07-27 14:00:00,CAL,California,OTH,Other,153,megawatthours
2026-07-27 15:00:00,CAL,California,OTH,Other,-4836,megawatthours
2026-07-27 16:00:00,CAL,California,OTH,Other,-8131,megawatthours
2026-07-27 17:00:00,CAL,California,OTH,Other,-9042,megawatthours
2026-07-27 18:00:00,CAL,California,OTH,Other,-8996,megawatthours
2026-07-27 19:00:00,CAL,California,OTH,Other,-7167,megawatthours
2026-07-27 20:00:00,CAL,California,OTH,Other,-4027,megawatthours
2026-07-27 21:00:00,CAL,California,OTH,Other,-2044,megawatthours
2026-07-27 22:00:00,CAL,California,OTH,Other,-1417,megawatthours
2026-07-27 23:00:00,CAL,California,OTH,Other,-549,megawatthours
2026-07-28 00:00:00,CAL,California,OTH,Other,-78,megawatthours
2026-07-28 00:00:00,CAL,California,OTH,Other,-78,megawatthours
2026-07-28 01:00:00,CAL,California,OTH,Other,1240,megawatthours
2026-07-28 02:00:00,CAL,California,OTH,Other,5302,megawatthours
2026-07-28 03:00:00,CAL,California,OTH,Other,10475,megawatthours
2026-07-28 04:00:00,CAL,California,OTH,Other,9864,megawatthours
2026-07-28 05:00:00,CAL,California,OTH,Other,8485,megawatthours
2026-07-28 06:00:00,CAL,California,OTH,Other,5275,megawatthours
2026-07-28 07:00:00,CAL,California,OTH,Other,2103,megawatthours
2026-07-28 08:00:00,CAL,California,OTH,Other,1646,megawatthours
2026-07-28 09:00:00,CAL,California,OTH,Other,79,megawatthours
2026-07-28 10:00:00,CAL,California,OTH,Other,-500,megawatthours
2026-07-28 11:00:00,CAL,California,OTH,Other,-914,megawatthours
2026-07-28 12:00:00,CAL,California,OTH,Other,-475,megawatthours
2026-07-28 13:00:00,CAL,California,OTH,Other,555,megawatthours
2026-07-28 14:00:00,CAL,California,OTH,Other,561,megawatthours
2026-07-28 15:00:00,CAL,California,OTH,Other,-4109,megawatthours
2026-07-28 16:00:00,CAL,California,OTH,Other,-7797,megawatthours
2026-07-28 17:00:00,CAL,California,OTH,Other,-8484,megawatthours
2026-07-28 18:00:00,CAL,California,OTH,Other,-8893,megawatthours
2026-07-28 19:00:00,CAL,California,OTH,Other,-7229,megawatthours
2026-07-28 20:00:00,CAL,California,OTH,Other,-4702,megawatthours
2026-07-28 21:00:00,CAL,California,OTH,Other,-2617,megawatthours
2026-07-28 22:00:00,CAL,California,OTH,Other,-1195,megawatthours
2026-07-28 23:00:00,CAL,California,OTH,Other,-604,megawatthours
2026-07-29 00:00:00,CAL,California,OTH,Other,-396,megawatthours
2026-07-29 00:00:00,CAL,California,OTH,Other,-396,megawatthours
2026-07-29 01:00:00,CAL,California,OTH,Other,391,megawatthours
2026-07-29 02:00:00,CAL,California,OTH,Other,4613,megawatthours
2026-07-29 03:00:00,CAL,California,OTH,Other,8907,megawatthours
2026-07-29 04:00:00,CAL,California,OTH,Other,8640,megawatthours
2026-07-29 05:00:00,CAL,California,OTH,Other,7044,megawatthours
2026-07-29 06:00:00,CAL,California,OTH,Other,3601,megawatthours
2026-07-29 07:00:00,CAL,California,OTH,Other,1683,megawatthours
2026-07-29 08:00:00,CAL,California,OTH,Other,948,megawatthours
2026-07-29 09:00:00,CAL,California,OTH,Other,100,megawatthours
2026-07-29 10:00:00,CAL,California,OTH,Other,-545,megawatthours
2026-07-29 11:00:00,CAL,California,OTH,Other,-1077,megawatthours
2026-07-29 12:00:00,CAL,California,OTH,Other,-56,megawatthours
2026-07-29 13:00:00,CAL,California,OTH,Other,1882,megawatthours
2026-07-29 14:00:00,CAL,California,OTH,Other,2213,megawatthours
2026-07-29 15:00:00,CAL,California,OTH,Other,-3147,megawatthours
2026-07-29 16:00:00,CAL,California,OTH,Other,-6953,megawatthours
2026-07-29 17:00:00,CAL,California,OTH,Other,-8041,megawatthours
2026-07-29 18:00:00,CAL,California,OTH,Other,-7847,megawatthours
2026-07-29 19:00:00,CAL,California,OTH,Other,-7115,megawatthours
2026-07-29 20:00:00,CAL,California,OTH,Other,-5122,megawatthours
2026-07-29 21:00:00,CAL,California,OTH,Other,-2938,megawatthours
2026-07-29 22:00:00,CAL,California,OTH,Other,-1424,megawatthours
2026-07-29 23:00:00,CAL,California,OTH,Other,-494,megawatthours
2026-07-30 00:00:00,CAL,California,OTH,Other,-186,megawatthours
2026-07-30 00:00:00,CAL,California,OTH,Other,-186,megawatthours
2026-07-30 01:00:00,CAL,California,OTH,Other,174,megawatthours
2026-07-30 02:00:00,CAL,California,OTH,Other,4337,megawatthours
2026-07-30 03:00:00,CAL,California,OTH,Other,9978,megawatthours
2026-07-30 04:00:00,CAL,California,OTH,Other,10290,megawatthours
2026-07-30 05:00:00,CAL,California,OTH,Other,9016,megawatthours
2026-07-30 06:00:00,CAL,California,OTH,Other,5271,megawatthours
2026-07-30 07:00:00,CAL,California,OTH,Other,4231,megawatthours
2026-07-30 08:00:00,CAL,California,OTH,Other,3817,megawatthours
2026-07-30 09:00:00,CAL,California,OTH,Other,1464,megawatthours
2026-07-30 10:00:00,CAL,California,OTH,Other,-41,megawatthours
2026-07-30 11:00:00,CAL,California,OTH,Other,-539,megawatthours
2026-07-30 12:00:00,CAL,California,OTH,Other,-330,megawatthours
2026-07-30 13:00:00,CAL,California,OTH,Other,602,megawatthours
2026-07-30 14:00:00,CAL,California,OTH,Other,806,megawatthours
2026-07-30 15:00:00,CAL,California,OTH,Other,-3870,megawatthours
2026-07-30 16:00:00,CAL,California,OTH,Other,-7797,megawatthours
2026-07-30 17:00:00,CAL,California,OTH,Other,-8732,megawatthours
2026-07-30 18:00:00,CAL,California,OTH,Other,-8619,megawatthours
2026-07-30 19:00:00,CAL,California,OTH,Other,-7399,megawatthours
2026-07-30 20:00:00,CAL,California,OTH,Other,-5201,megawatthours
2026-07-30 21:00:00,CAL,California,OTH,Other,-3445,megawatthours
2026-07-30 22:00:00,CAL,California,OTH,Other,-2583,megawatthours
2026-07-30 23:00:00,CAL,California,OTH,Other,-1690,megawatthours
2026-07-31 00:00:00,CAL,California,OTH,Other,-1477,megawatthours
2026-07-31 00:00:00,CAL,California,OTH,Other,-1477,megawatthours
2026-07-31 01:00:00,CAL,California,OTH,Other,-12,megawatthours
2026-07-31 02:00:00,CAL,California,OTH,Other,5544,megawatthours
2026-07-31 03:00:00,CAL,California,OTH,Other,11177,megawatthours
2026-07-31 04:00:00,CAL,California,OTH,Other,10633,megawatthours
2026-07-31 05:00:00,CAL,California,OTH,Other,9375,megawatthours
2026-07-31 06:00:00,CAL,California,OTH,Other,6475,megawatthours
2026-07-31 07:00:00,CAL,California,OTH,Other,3167,megawatthours
2026-07-31 08:00:00,CAL,California,OTH,Other,1607,megawatthours
2026-07-31 09:00:00,CAL,California,OTH,Other,440,megawatthours
2026-07-31 10:00:00,CAL,California,OTH,Other,-380,megawatthours
2026-07-31 11:00:00,CAL,California,OTH,Other,-413,megawatthours
2026-07-31 12:00:00,CAL,California,OTH,Other,-483,megawatthours
2026-07-31 13:00:00,CAL,California,OTH,Other,902,megawatthours
2026-07-31 14:00:00,CAL,California,OTH,Other,1151,megawatthours
2026-07-31 15:00:00,CAL,California,OTH,Other,-3931,megawatthours
2026-07-31 16:00:00,CAL,California,OTH,Other,-8402,megawatthours
2026-07-31 17:00:00,CAL,California,OTH,Other,-9005,megawatthours
2026-07-31 18:00:00,CAL,California,OTH,Other,-9195,megawatthours
2026-07-31 19:00:00,CAL,California,OTH,Other,-7535,megawatthours
2026-07-31 20:00:00,CAL,California,OTH,Other,-5312,megawatthours
2026-07-31 21:00:00,CAL,California,OTH,Other,-2810,megawatthours
2026-07-31 22:00:00,CAL,California,OTH,Other,-1359,megawatthours
2026-07-31 23:00:00,CAL,California,OTH,Other,-970,megawatthours
2026-08-01 00:00:00,CAL,California,OTH,Other,-1110,megawatthours
2026-08-01 00:00:00,CAL,California,OTH,Other,-1110,megawatthours
2026-08-01 01:00:00,CAL,California,OTH,Other,1064,megawatthours
2026-08-01 02:00:00,CAL,California,OTH,Other,5215,megawatthours
2026-08-01 03:00:00,CAL,California,OTH,Other,11448,megawatthours
2026-08-01 04:00:00,CAL,California,OTH,Other,11014,megawatthours
2026-08-01 05:00:00,CAL,California,OTH,Other,9931,megawatthours
2026-08-01 06:00:00,CAL,California,OTH,Other,5754,megawatthours
2026-08-01 07:00:00,CAL,California,OTH,Other,2672,megawatthours
2026-08-01 08:00:00,CAL,California,OTH,Other,889,megawatthours
2026-08-01 09:00:00,CAL,California,OTH,Other,-135,megawatthours
2026-08-01 10:00:00,CAL,California,OTH,Other,327,megawatthours
2026-08-01 11:00:00,CAL,California,OTH,Other,115,megawatthours
2026-08-01 12:00:00,CAL,California,OTH,Other,143,megawatthours
2026-08-01 13:00:00,CAL,California,OTH,Other,136,megawatthours
2026-08-01 14:00:00,CAL,California,OTH,Other,215,megawatthours
2026-08-01 15:00:00,CAL,California,OTH,Other,-3318,megawatthours
2026-08-01 16:00:00,CAL,California,OTH,Other,-8069,megawatthours
2026-08-01 17:00:00,CAL,California,OTH,Other,-9179,megawatthours
2026-08-01 18:00:00,CAL,California,OTH,Other,-8497,megawatthours
2026-08-01 19:00:00,CAL,California,OTH,Other,-7461,megawatthours
2026-08-01 20:00:00,CAL,California,OTH,Other,-6036,megawatthours
2026-08-01 21:00:00,CAL,California,OTH,Other,-4152,megawatthours
2026-08-01 22:00:00,CAL,California,OTH,Other,-1773,megawatthours
2026-08-01 23:00:00,CAL,California,OTH,Other,-1829,megawatthours
2026-08-02 00:00:00,CAL,California,OTH,Other,-1199,megawatthours
2026-08-02 00:00:00,CAL,California,OTH,Other,-1199,megawatthours
2026-08-02 01:00:00,CAL,California,OTH,Other,-360,megawatthours
2026-08-02 02:00:00,CAL,California,OTH,Other,6143,megawatthours
2026-08-02 03:00:00,CAL,California,OTH,Other,11754,megawatthours
2026-08-02 04:00:00,CAL,California,OTH,Other,10784,megawatthours
2026-08-02 05:00:00,CAL,California,OTH,Other,8979,megawatthours
2026-08-02 06:00:00,CAL,California,OTH,Other,5662,megawatthours
2026-08-02 07:00:00,CAL,California,OTH,Other,2397,megawatthours
2026-08-02 08:00:00,CAL,California,OTH,Other,2132,megawatthours
2026-08-02 09:00:00,CAL,California,OTH,Other,1024,megawatthours
2026-08-02 10:00:00,CAL,California,OTH,Other,186,megawatthours
2026-08-02 11:00:00,CAL,California,OTH,Other,166,megawatthours
2026-08-02 12:00:00,CAL,California,OTH,Other,73,megawatthours
2026-08-02 13:00:00,CAL,California,OTH,Other,302,megawatthours
2026-08-02 14:00:00,CAL,California,OTH,Other,21,megawatthours
2026-08-02 15:00:00,CAL,California,OTH,Other,-3613,megawatthours
2026-08-02 16:00:00,CAL,California,OTH,Other,-8672,megawatthours
2026-08-02 17:00:00,CAL,California,OTH,Other,-9158,megawatthours
2026-08-02 18:00:00,CAL,California,OTH,Other,-9316,megawatthours
2026-08-02 19:00:00,CAL,California,OTH,Other,-7919,megawatthours
2026-08-02 20:00:00,CAL,California,OTH,Other,-5314,megawatthours
2026-08-02 21:00:00,CAL,California,OTH,Other,-3452,megawatthours
2026-08-02 22:00:00,CAL,California,OTH,Other,-2466,megawatthours
2026-08-02 23:00:00,CAL,California,OTH,Other,-1844,megawatthours
2026-08-03 00:00:00,CAL,California,OTH,Other,-1185,megawatthours
2026-08-03 00:00:00,CAL,California,OTH,Other,-1185,megawatthours
2026-08-03 01:00:00,CAL,California,OTH,Other,661,megawatthours
2026-08-03 02:00:00,CAL,California,OTH,Other,5381,megawatthours
2026-08-03 03:00:00,CAL,California,OTH,Other,10788,megawatthours
2026-08-03 04:00:00,CAL,California,OTH,Other,11166,megawatthours
2026-08-03 05:00:00,CAL,California,OTH,Other,9996,megawatthours
2026-08-03 06:00:00,CAL,California,OTH,Other,6777,megawatthours
2026-08-03 07:00:00,CAL,California,OTH,Other,3771,megawatthours
2026-08-03 08:00:00,CAL,California,OTH,Other,1368,megawatthours
2026-08-03 09:00:00,CAL,California,OTH,Other,212,megawatthours
2026-08-03 10:00:00,CAL,California,OTH,Other,-298,megawatthours
2026-08-03 11:00:00,CAL,California,OTH,Other,-914,megawatthours
2026-08-03 12:00:00,CAL,California,OTH,Other,-780,megawatthours
2026-08-03 13:00:00,CAL,California,OTH,Other,136,megawatthours
2026-08-03 14:00:00,CAL,California,OTH,Other,73,megawatthours
2026-08-03 15:00:00,CAL,California,OTH,Other,-4264,megawatthours
2026-08-03 16:00:00,CAL,California,OTH,Other,-8278,megawatthours
2026-08-03 17:00:00,CAL,California,OTH,Other,-8710,megawatthours
2026-08-03 18:00:00,CAL,California,OTH,Other,-8585,megawatthours
2026-08-03 19:00:00,CAL,California,OTH,Other,-6855,megawatthours
2026-08-03 20:00:00,CAL,California,OTH,Other,-4915,megawatthours
2026-08-03 21:00:00,CAL,California,OTH,Other,-3339,megawatthours
2026-08-03 22:00:00,CAL,California,OTH,Other,-2717,megawatthours
2026-08-03 23:00:00,CAL,California,OTH,Other,-1779,megawatthours
2026-08-04 00:00:00,CAL,California,OTH,Other,-1314,megawatthours
2026-08-04 00:00:00,CAL,California,OTH,Other,-1314,megawatthours
2026-08-04 01:00:00,CAL,California,OTH,Other,1138,megawatthours
2026-08-04 02:00:00,CAL,California,OTH,Other,5291,megawatthours
2026-08-04 03:00:00,CAL,California,OTH,Other,11270,megawatthours
2026-08-04 04:00:00,CAL,California,OTH,Other,11648,megawatthours
2026-08-04 05:00:00,CAL,California,OTH,Other,10031,megawatthours
2026-08-04 06:00:00,CAL,California,OTH,Other,6362,megawatthours
2026-08-04 07:00:00,CAL,California,OTH,Other,2880,megawatthours
2026-08-04 08:00:00,CAL,California,OTH,Other,1566,megawatthours
2026-08-04 09:00:00,CAL,California,OTH,Other,-57,megawatthours
2026-08-04 10:00:00,CAL,California,OTH,Other,-433,megawatthours
2026-08-04 11:00:00,CAL,California,OTH,Other,-1042,megawatthours
2026-08-04 12:00:00,CAL,California,OTH,Other,-1049,megawatthours
2026-08-04 13:00:00,CAL,California,OTH,Other,-170,megawatthours
2026-08-04 14:00:00,CAL,California,OTH,Other,641,megawatthours
2026-08-04 15:00:00,CAL,California,OTH,Other,-3977,megawatthours
2026-08-04 16:00:00,CAL,California,OTH,Other,-7414,megawatthours
2026-08-04 17:00:00,CAL,California,OTH,Other,-8116,megawatthours
2026-08-04 18:00:00,CAL,California,OTH,Other,-7915,megawatthours
2026-08-04 19:00:00,CAL,California,OTH,Other,-7206,megawatthours
2026-08-04 20:00:00,CAL,California,OTH,Other,-5524,megawatthours
2026-08-04 21:00:00,CAL,California,OTH,Other,-3764,megawatthours
2026-08-04 22:00:00,CAL,California,OTH,Other,-2838,megawatthours
2026-08-04 23:00:00,CAL,California,OTH,Other,-1582,megawatthours
2026-08-05 00:00:00,CAL,California,OTH,Other,-747,megawatthours
2026-08-05 00:00:00,CAL,California,OTH,Other,-747,megawatthours
2026-08-05 01:00:00,CAL,California,OTH,Other,804,megawatthours
2026-08-05 02:00:00,CAL,California,OTH,Other,5749,megawatthours
2026-08-05 03:00:00,CAL,California,OTH,Other,9858,megawatthours
2026-08-05 04:00:00,CAL,California,OTH,Other,10010,megawatthours
2026-08-05 05:00:00,CAL,California,OTH,Other,8909,megawatthours
2026-08-05 06:00:00,CAL,California,OTH,Other,5476,megawatthours
2026-08-05 07:00:00,CAL,California,OTH,Other,3124,megawatthours
2026-08-05 08:00:00,CAL,California,OTH,Other,2032,megawatthours
2026-08-05 09:00:00,CAL,California,OTH,Other,586,megawatthours
2026-08-05 10:00:00,CAL,California,OTH,Other,-160,megawatthours
2026-08-05 11:00:00,CAL,California,OTH,Other,-438,megawatthours
2026-08-05 12:00:00,CAL,California,OTH,Other,-383,megawatthours
2026-08-05 13:00:00,CAL,California,OTH,Other,617,megawatthours
2026-08-05 14:00:00,CAL,California,OTH,Other,1507,megawatthours
2026-08-05 15:00:00,CAL,California,OTH,Other,-1723,megawatthours
2026-08-05 16:00:00,CAL,California,OTH,Other,-7357,megawatthours
2026-08-05 17:00:00,CAL,California,OTH,Other,-8954,megawatthours
2026-08-05 18:00:00,CAL,California,OTH,Other,-9707,megawatthours
2026-08-05 19:00:00,CAL,California,OTH,Other,-9114,megawatthours
2026-08-05 20:00:00,CAL,California,OTH,Other,-6701,megawatthours
2026-08-05 21:00:00,CAL,California,OTH,Other,-4071,megawatthours
2026-08-05 22:00:00,CAL,California,OTH,Other,-3071,megawatthours
2026-08-05 23:00:00,CAL,California,OTH,Other,-1967,megawatthours
2026-08-06 00:00:00,CAL,California,OTH,Other,-655,megawatthours
2026-08-06 00:00:00,CAL,California,OTH,Other,-655,megawatthours
2026-08-06 01:00:00,CAL,California,OTH,Other,1616,megawatthours
2026-08-06 02:00:00,CAL,California,OTH,Other,6649,megawatthours
2026-08-06 03:00:00,CAL,California,OTH,Other,11223,megawatthours
2026-08-06 04:00:00,CAL,California,OTH,Other,10928,megawatthours
2026-08-06 05:00:00,CAL,California,OTH,Other,9923,megawatthours
2026-08-06 06:00:00,CAL,California,OTH,Other,5795,megawatthours
2026-08-06 07:00:00,CAL,California,OTH,Other,3156,megawatthours
2026-08-06 08:00:00,CAL,California,OTH,Other,1477,megawatthours
2026-08-06 09:00:00,CAL,California,OTH,Other,105,megawatthours
2026-08-06 10:00:00,CAL,California,OTH,Other,-973,megawatthours
2026-08-06 11:00:00,CAL,California,OTH,Other,-1499,megawatthours
2026-08-06 12:00:00,CAL,California,OTH,Other,-1104,megawatthours
2026-08-06 13:00:00,CAL,California,OTH,Other,-60,megawatthours
2026-08-06 14:00:00,CAL,California,OTH,Other,663,megawatthours
2026-08-06 15:00:00,CAL,California,OTH,Other,-2969,megawatthours
2026-08-06 16:00:00,CAL,California,OTH,Other,-7466,megawatthours
2026-08-06 17:00:00,CAL,California,OTH,Other,-8199,megawatthours
2026-08-06 18:00:00,CAL,California,OTH,Other,-7594,megawatthours
2026-08-06 19:00:00,CAL,California,OTH,Other,-6463,megawatthours
2026-08-06 20:00:00,CAL,California,OTH,Other,-5046,megawatthours
2026-08-06 21:00:00,CAL,California,OTH,Other,-2716,megawatthours
2026-08-06 22:00:00,CAL,California,OTH,Other,-1346,megawatthours
2026-08-06 23:00:00,CAL,California,OTH,Other,-1136,megawatthours
2026-08-07 00:00:00,CAL,California,OTH,Other,-544,megawatthours
2026-08-07 00:00:00,CAL,California,OTH,Other,-544,megawatthours
2026-08-07 01:00:00,CAL,California,OTH,Other,1812,megawatthours
2026-08-07 02:00:00,CAL,California,OTH,Other,7538,megawatthours
2026-08-07 03:00:00,CAL,California,OTH,Other,11135,megawatthours
2026-08-07 04:00:00,CAL,California,OTH,Other,9720,megawatthours
2026-08-07 05:00:00,CAL,California,OTH,Other,9198,megawatthours
2026-08-07 06:00:00,CAL,California,OTH,Other,4678,megawatthours
2026-08-07 07:00:00,CAL,California,OTH,Other,1625,megawatthours
2026-08-07 08:00:00,CAL,California,OTH,Other,965,megawatthours
2026-08-07 09:00:00,CAL,California,OTH,Other,280,megawatthours
2026-08-07 10:00:00,CAL,California,OTH,Other,155,megawatthours
2026-08-07 11:00:00,CAL,California,OTH,Other,-697,megawatthours
2026-08-07 12:00:00,CAL,California,OTH,Other,-207,megawatthours
2026-08-07 13:00:00,CAL,California,OTH,Other,263,megawatthours
2026-08-07 14:00:00,CAL,California,OTH,Other,221,megawatthours
2026-08-07 15:00:00,CAL,California,OTH,Other,-3196,megawatthours
2026-08-07 16:00:00,CAL,California,OTH,Other,-6793,megawatthours
2026-08-07 17:00:00,CAL,California,OTH,Other,-8254,megawatthours
2026-08-07 18:00:00,CAL,California,OTH,Other,-8622,megawatthours
2026-08-07 19:00:00,CAL,California,OTH,Other,-7437,megawatthours
2026-08-07 20:00:00,CAL,California,OTH,Other,-5486,megawatthours
2026-08-07 21:00:00,CAL,California,OTH,Other,-3461,megawatthours
2026-08-07 22:00:00,CAL,California,OTH,Other,-1927,megawatthours
2026-08-07 23:00:00,CAL,California,OTH,Other,-1806,megawatthours
2026-08-08 00:00:00,CAL,California,OTH,Other,-660,megawatthours
2026-08-08 00:00:00,CAL,California,OTH,Other,-660,megawatthours
2026-08-08 01:00:00,CAL,California,OTH,Other,989,megawatthours
2026-08-08 02:00:00,CAL,California,OTH,Other,6625,megawatthours
2026-08-08 03:00:00,CAL,California,OTH,Other,10669,megawatthours
2026-08-08 04:00:00,CAL,California,OTH,Other,9568,megawatthours
2026-08-08 05:00:00,CAL,California,OTH,Other,9083,megawatthours
2026-08-08 06:00:00,CAL,California,OTH,Other,5194,megawatthours
2026-08-08 07:00:00,CAL,California,OTH,Other,2310,megawatthours
2026-08-08 08:00:00,CAL,California,OTH,Other,1842,megawatthours
2026-08-08 09:00:00,CAL,California,OTH,Other,817,megawatthours
2026-08-08 10:00:00,CAL,California,OTH,Other,-58,megawatthours
2026-08-08 11:00:00,CAL,California,OTH,Other,-231,megawatthours
2026-08-08 12:00:00,CAL,California,OTH,Other,-264,megawatthours
2026-08-08 13:00:00,CAL,California,OTH,Other,39,megawatthours
2026-08-08 14:00:00,CAL,California,OTH,Other,215,megawatthours
2026-08-08 15:00:00,CAL,California,OTH,Other,-3185,megawatthours
2026-08-08 16:00:00,CAL,California,OTH,Other,-7401,megawatthours
2026-08-08 17:00:00,CAL,California,OTH,Other,-8705,megawatthours
2026-08-08 18:00:00,CAL,California,OTH,Other,-9306,megawatthours
2026-08-08 19:00:00,CAL,California,OTH,Other,-8085,megawatthours
2026-08-08 20:00:00,CAL,California,OTH,Other,-5950,megawatthours
2026-08-08 21:00:00,CAL,California,OTH,Other,-3769,megawatthours
2026-08-08 22:00:00,CAL,California,OTH,Other,-2506,megawatthours
2026-08-08 23:00:00,CAL,California,OTH,Other,-1704,megawatthours
2026-08-09 00:00:00,CAL,California,OTH,Other,-607,megawatthours
2026-08-09 00:00:00,CAL,California,OTH,Other,-607,megawatthours
2026-08-09 01:00:00,CAL,California,OTH,Other,1714,megawatthours
2026-08-09 02:00:00,CAL,California,OTH,Other,7025,megawatthours
2026-08-09 03:00:00,CAL,California,OTH,Other,10891,megawatthours
2026-08-09 04:00:00,CAL,California,OTH,Other,10151,megawatthours
2026-08-09 05:00:00,CAL,California,OTH,Other,8948,megawatthours
2026-08-09 06:00:00,CAL,California,OTH,Other,4996,megawatthours
2026-08-09 07:00:00,CAL,California,OTH,Other,2561,megawatthours
2026-08-09 08:00:00,CAL,California,OTH,Other,1300,megawatthours
2026-08-09 09:00:00,CAL,California,OTH,Other,659,megawatthours
2026-08-09 10:00:00,CAL,California,OTH,Other,57,megawatthours
2026-08-09 11:00:00,CAL,California,OTH,Other,-269,megawatthours
2026-08-09 12:00:00,CAL,California,OTH,Other,-322,megawatthours
2026-08-09 13:00:00,CAL,California,OTH,Other,-10,megawatthours
2026-08-09 14:00:00,CAL,California,OTH,Other,86,megawatthours
2026-08-09 15:00:00,CAL,California,OTH,Other,-3823,megawatthours
2026-08-09 16:00:00,CAL,California,OTH,Other,-8137,megawatthours
2026-08-09 17:00:00,CAL,California,OTH,Other,-9711,megawatthours
2026-08-09 18:00:00,CAL,California,OTH,Other,-8809,megawatthours
2026-08-09 19:00:00,CAL,California,OTH,Other,-7324,megawatthours
2026-08-09 20:00:00,CAL,California,OTH,Other,-4814,megawatthours
2026-08-09 21:00:00,CAL,California,OTH,Other,-2941,megawatthours
2026-08-09 22:00:00,CAL,California,OTH,Other,-998,megawatthours
2026-08-09 23:00:00,CAL,California,OTH,Other,512,megawatthours
2026-08-10 00:00:00,CAL,California,OTH,Other,1154,megawatthours
