period,respondent,respondent-name,fueltype,type-name,value,value-units
2025-01-01 00:00:00+00:00,CAL,California,WND,Wind,460,megawatthours
2025-01-01 01:00:00+00:00,CAL,California,WND,Wind,463,megawatthours
2025-01-01 02:00:00+00:00,CAL,California,WND,Wind,467,megawatthours
2025-01-01 03:00:00+00:00,CAL,California,WND,Wind,428,megawatthours
2025-01-01 04:00:00+00:00,CAL,California,WND,Wind,358,megawatthours
2025-01-01 05:00:00+00:00,CAL,California,WND,Wind,374,megawatthours
2025-01-01 06:00:00+00:00,CAL,California,WND,Wind,476,megawatthours
2025-01-01 07:00:00+00:00,CAL,California,WND,Wind,577,megawatthours
2025-01-01 08:00:00+00:00,CAL,California,WND,Wind,664,megawatthours
2025-01-01 09:00:00+00:00,CAL,California,WND,Wind,697,megawatthours
2025-01-01 10:00:00+00:00,CAL,California,WND,Wind,485,megawatthours
2025-01-01 11:00:00+00:00,CAL,California,WND,Wind,351,megawatthours
2025-01-01 12:00:00+00:00,CAL,California,WND,Wind,370,megawatthours
2025-01-01 13:00:00+00:00,CAL,California,WND,Wind,416,megawatthours
2025-01-01 14:00:00+00:00,CAL,California,WND,Wind,423,megawatthours
2025-01-01 15:00:00+00:00,CAL,California,WND,Wind,392,megawatthours
2025-01-01 16:00:00+00:00,CAL,California,WND,Wind,348,megawatthours
2025-01-01 17:00:00+00:00,CAL,California,WND,Wind,437,megawatthours
2025-01-01 18:00:00+00:00,CAL,California,WND,Wind,328,megawatthours
2025-01-01 19:00:00+00:00,CAL,California,WND,Wind,291,megawatthours
2025-01-01 20:00:00+00:00,CAL,California,WND,Wind,386,megawatthours
2025-01-01 21:00:00+00:00,CAL,California,WND,Wind,532,megawatthours
2025-01-01 22:00:00+00:00,CAL,California,WND,Wind,910,megawatthours
2025-01-01 23:00:00+00:00,CAL,California,WND,Wind,1164,megawatthours
2025-01-02 00:00:00+00:00,CAL,California,WND,Wind,1206,megawatthours
2025-01-02 01:00:00+00:00,CAL,California,WND,Wind,1067,megawatthours
2025-01-02 02:00:00+00:00,CAL,California,WND,Wind,1078,megawatthours
2025-01-02 03:00:00+00:00,CAL,California,WND,Wind,1317,megawatthours
2025-01-02 04:00:00+00:00,CAL,California,WND,Wind,1387,megawatthours
2025-01-02 05:00:00+00:00,CAL,California,WND,Wind,1488,megawatthours
2025-01-02 06:00:00+00:00,CAL,California,WND,Wind,1579,megawatthours
2025-01-02 07:00:00+00:00,CAL,California,WND,Wind,1601,megawatthours
2025-01-02 08:00:00+00:00,CAL,California,WND,Wind,1517,megawatthours
2025-01-02 09:00:00+00:00,CAL,California,WND,Wind,1543,megawatthours
2025-01-02 10:00:00+00:00,CAL,California,WND,Wind,1517,megawatthours
2025-01-02 11:00:00+00:00,CAL,California,WND,Wind,1397,megawatthours
2025-01-02 12:00:00+00:00,CAL,California,WND,Wind,1448,megawatthours
2025-01-02 13:00:00+00:00,CAL,California,WND,Wind,1452,megawatthours
2025-01-02 14:00:00+00:00,CAL,California,WND,Wind,1292,megawatthours
2025-01-02 15:00:00+00:00,CAL,California,WND,Wind,1193,megawatthours
2025-01-02 16:00:00+00:00,CAL,California,WND,Wind,1194,megawatthours
2025-01-02 17:00:00+00:00,CAL,California,WND,Wind,996,megawatthours
2025-01-02 18:00:00+00:00,CAL,California,WND,Wind,809,megawatthours
2025-01-02 19:00:00+00:00,CAL,California,WND,Wind,972,megawatthours
2025-01-02 20:00:00+00:00,CAL,California,WND,Wind,1137,megawatthours
2025-01-02 21:00:00+00:00,CAL,California,WND,Wind,1290,megawatthours
2025-01-02 22:00:00+00:00,CAL,California,WND,Wind,1350,megawatthours
2025-01-02 23:00:00+00:00,CAL,California,WND,Wind,1213,megawatthours
2025-01-03 00:00:00+00:00,CAL,California,WND,Wind,1044,megawatthours
2025-01-03 01:00:00+00:00,CAL,California,WND,Wind,944,megawatthours
2025-01-03 02:00:00+00:00,CAL,California,WND,Wind,943,megawatthours
2025-01-03 03:00:00+00:00,CAL,California,WND,Wind,948,megawatthours
2025-01-03 04:00:00+00:00,CAL,California,WND,Wind,980,megawatthours
2025-01-03 05:00:00+00:00,CAL,California,WND,Wind,1015,megawatthours
2025-01-03 06:00:00+00:00,CAL,California,WND,Wind,1069,megawatthours
2025-01-03 07:00:00+00:00,CAL,California,WND,Wind,1047,megawatthours
2025-01-03 08:00:00+00:00,CAL,California,WND,Wind,1032,megawatthours
2025-01-03 09:00:00+00:00,CAL,California,WND,Wind,1006,megawatthours
2025-01-03 10:00:00+00:00,CAL,California,WND,Wind,933,megawatthours
2025-01-03 11:00:00+00:00,CAL,California,WND,Wind,770,megawatthours
2025-01-03 12:00:00+00:00,CAL,California,WND,Wind,707,megawatthours
2025-01-03 13:00:00+00:00,CAL,California,WND,Wind,562,megawatthours
2025-01-03 14:00:00+00:00,CAL,California,WND,Wind,566,megawatthours
2025-01-03 15:00:00+00:00,CAL,California,WND,Wind,554,megawatthours
2025-01-03 16:00:00+00:00,CAL,California,WND,Wind,578,megawatthours
2025-01-03 17:00:00+00:00,CAL,California,WND,Wind,638,megawatthours
2025-01-03 18:00:00+00:00,CAL,California,WND,Wind,811,megawatthours
2025-01-03 19:00:00+00:00,CAL,California,WND,Wind,1172,megawatthours
2025-01-03 20:00:00+00:00,CAL,California,WND,Wind,1404,megawatthours
2025-01-03 21:00:00+00:00,CAL,California,WND,Wind,1854,megawatthours
2025-01-03 22:00:00+00:00,CAL,California,WND,Wind,2422,megawatthours
2025-01-03 23:00:00+00:00,CAL,California,WND,Wind,2480,megawatthours
2025-01-04 00:00:00+00:00,CAL,California,WND,Wind,2409,megawatthours
2025-01-04 01:00:00+00:00,CAL,California,WND,Wind,2630,megawatthours
2025-01-04 02:00:00+00:00,CAL,California,WND,Wind,2916,megawatthours
2025-01-04 03:00:00+00:00,CAL,California,WND,Wind,3826,megawatthours
2025-01-04 04:00:00+00:00,CAL,California,WND,Wind,4296,megawatthours
2025-01-04 05:00:00+00:00,CAL,California,WND,Wind,4654,megawatthours
2025-01-04 06:00:00+00:00,CAL,California,WND,Wind,4765,megawatthours
2025-01-04 07:00:00+00:00,CAL,California,WND,Wind,5174,megawatthours
2025-01-04 08:00:00+00:00,CAL,California,WND,Wind,4973,megawatthours
2025-01-04 09:00:00+00:00,CAL,California,WND,Wind,5136,megawatthours
2025-01-04 10:00:00+00:00,CAL,California,WND,Wind,4947,megawatthours
2025-01-04 11:00:00+00:00,CAL,California,WND,Wind,4669,megawatthours
2025-01-04 12:00:00+00:00,CAL,California,WND,Wind,4279,megawatthours
2025-01-04 13:00:00+00:00,CAL,California,WND,Wind,4083,megawatthours
2025-01-04 14:00:00+00:00,CAL,California,WND,Wind,3859,megawatthours
2025-01-04 15:00:00+00:00,CAL,California,WND,Wind,3533,megawatthours
2025-01-04 16:00:00+00:00,CAL,California,WND,Wind,3160,megawatthours
2025-01-04 17:00:00+00:00,CAL,California,WND,Wind,3224,megawatthours
2025-01-04 18:00:00+00:00,CAL,California,WND,Wind,3937,megawatthours
2025-01-04 19:00:00+00:00,CAL,California,WND,Wind,3752,megawatthours
2025-01-04 20:00:00+00:00,CAL,California,WND,Wind,2666,megawatthours
2025-01-04 21:00:00+00:00,CAL,California,WND,Wind,1988,megawatthours
2025-01-04 22:00:00+00:00,CAL,California,WND,Wind,2499,megawatthours
2025-01-04 23:00:00+00:00,CAL,California,WND,Wind,2656,megawatthours
2025-01-05 00:00:00+00:00,CAL,California,WND,Wind,2791,megawatthours
2025-01-05 01:00:00+00:00,CAL,California,WND,Wind,2433,megawatthours
2025-01-05 02:00:00+00:00,CAL,California,WND,Wind,2373,megawatthours
2025-01-05 03:00:00+00:00,CAL,California,WND,Wind,1942,megawatthours
2025-01-05 04:00:00+00:00,CAL,California,WND,Wind,1771,megawatthours
2025-01-05 05:00:00+00:00,CAL,California,WND,Wind,2416,megawatthours
2025-01-05 06:00:00+00:00,CAL,California,WND,Wind,2889,megawatthours
2025-01-05 07:00:00+00:00,CAL,California,WND,Wind,2488,megawatthours
2025-01-05 08:00:00+00:00,CAL,California,WND,Wind,2041,megawatthours
2025-01-05 09:00:00+00:00,CAL,California,WND,Wind,1887,megawatthours
2025-01-05 10:00:00+00:00,CAL,California,WND,Wind,1778,megawatthours
2025-01-05 11:00:00+00:00,CAL,California,WND,Wind,1790,megawatthours
2025-01-05 12:00:00+00:00,CAL,California,WND,Wind,1679,megawatthours
2025-01-05 13:00:00+00:00,CAL,California,WND,Wind,1406,megawatthours
2025-01-05 14:00:00+00:00,CAL,California,WND,Wind,1478,megawatthours
2025-01-05 15:00:00+00:00,CAL,California,WND,Wind,1439,megawatthours
2025-01-05 16:00:00+00:00,CAL,California,WND,Wind,1214,megawatthours
2025-01-05 17:00:00+00:00,CAL,California,WND,Wind,1288,megawatthours
2025-01-05 18:00:00+00:00,CAL,California,WND,Wind,1299,megawatthours
2025-01-05 19:00:00+00:00,CAL,California,WND,Wind,1333,megawatthours
2025-01-05 20:00:00+00:00,CAL,California,WND,Wind,1419,megawatthours
2025-01-05 21:00:00+00:00,CAL,California,WND,Wind,1323,megawatthours
2025-01-05 22:00:00+00:00,CAL,California,WND,Wind,1103,megawatthours
2025-01-05 23:00:00+00:00,CAL,California,WND,Wind,859,megawatthours
2025-01-06 00:00:00+00:00,CAL,California,WND,Wind,726,megawatthours
2025-01-06 01:00:00+00:00,CAL,California,WND,Wind,613,megawatthours
2025-01-06 02:00:00+00:00,CAL,California,WND,Wind,570,megawatthours
2025-01-06 03:00:00+00:00,CAL,California,WND,Wind,593,megawatthours
2025-01-06 04:00:00+00:00,CAL,California,WND,Wind,568,megawatthours
2025-01-06 05:00:00+00:00,CAL,California,WND,Wind,458,megawatthours
2025-01-06 06:00:00+00:00,CAL,California,WND,Wind,508,megawatthours
2025-01-06 07:00:00+00:00,CAL,California,WND,Wind,519,megawatthours
2025-01-06 08:00:00+00:00,CAL,California,WND,Wind,475,megawatthours
2025-01-06 09:00:00+00:00,CAL,California,WND,Wind,382,megawatthours
2025-01-06 10:00:00+00:00,CAL,California,WND,Wind,323,megawatthours
2025-01-06 11:00:00+00:00,CAL,California,WND,Wind,304,megawatthours
2025-01-06 12:00:00+00:00,CAL,California,WND,Wind,269,megawatthours
2025-01-06 13:00:00+00:00,CAL,California,WND,Wind,223,megawatthours
2025-01-06 14:00:00+00:00,CAL,California,WND,Wind,280,megawatthours
2025-01-06 15:00:00+00:00,CAL,California,WND,Wind,560,megawatthours
2025-01-06 16:00:00+00:00,CAL,California,WND,Wind,884,megawatthours
2025-01-06 17:00:00+00:00,CAL,California,WND,Wind,1057,megawatthours
2025-01-06 18:00:00+00:00,CAL,California,WND,Wind,1254,megawatthours
2025-01-06 19:00:00+00:00,CAL,California,WND,Wind,1901,megawatthours
2025-01-06 20:00:00+00:00,CAL,California,WND,Wind,2238,megawatthours
2025-01-06 21:00:00+00:00,CAL,California,WND,Wind,2444,megawatthours
2025-01-06 22:00:00+00:00,CAL,California,WND,Wind,2555,megawatthours
2025-01-06 23:00:00+00:00,CAL,California,WND,Wind,2481,megawatthours
2025-01-07 00:00:00+00:00,CAL,California,WND,Wind,2531,megawatthours
2025-01-07 01:00:00+00:00,CAL,California,WND,Wind,2387,megawatthours
2025-01-07 02:00:00+00:00,CAL,California,WND,Wind,2083,megawatthours
2025-01-07 03:00:00+00:00,CAL,California,WND,Wind,2146,megawatthours
2025-01-07 04:00:00+00:00,CAL,California,WND,Wind,2234,megawatthours
2025-01-07 05:00:00+00:00,CAL,California,WND,Wind,2688,megawatthours
2025-01-07 06:00:00+00:00,CAL,California,WND,Wind,3514,megawatthours
2025-01-07 07:00:00+00:00,CAL,California,WND,Wind,3942,megawatthours
2025-01-07 08:00:00+00:00,CAL,California,WND,Wind,4282,megawatthours
2025-01-07 09:00:00+00:00,CAL,California,WND,Wind,3839,megawatthours
2025-01-07 10:00:00+00:00,CAL,California,WND,Wind,3646,megawatthours
2025-01-07 11:00:00+00:00,CAL,California,WND,Wind,3200,megawatthours
2025-01-07 12:00:00+00:00,CAL,California,WND,Wind,2640,megawatthours
2025-01-07 13:00:00+00:00,CAL,California,WND,Wind,2294,megawatthours
2025-01-07 14:00:00+00:00,CAL,California,WND,Wind,2283,megawatthours
2025-01-07 15:00:00+00:00,CAL,California,WND,Wind,2406,megawatthours
2025-01-07 16:00:00+00:00,CAL,California,WND,Wind,2971,megawatthours
2025-01-07 17:00:00+00:00,CAL,California,WND,Wind,3246,megawatthours
2025-01-07 18:00:00+00:00,CAL,California,WND,Wind,3510,megawatthours
2025-01-07 19:00:00+00:00,CAL,California,WND,Wind,3990,megawatthours
2025-01-07 20:00:00+00:00,CAL,California,WND,Wind,4152,megawatthours
2025-01-07 21:00:00+00:00,CAL,California,WND,Wind,4316,megawatthours
2025-01-07 22:00:00+00:00,CAL,California,WND,Wind,4320,megawatthours
2025-01-07 23:00:00+00:00,CAL,California,WND,Wind,4242,megawatthours
2025-01-08 00:00:00+00:00,CAL,California,WND,Wind,3918,megawatthours
2025-01-08 01:00:00+00:00,CAL,California,WND,Wind,3791,megawatthours
2025-01-08 02:00:00+00:00,CAL,California,WND,Wind,3694,megawatthours
2025-01-08 03:00:00+00:00,CAL,California,WND,Wind,4165,megawatthours
2025-01-08 04:00:00+00:00,CAL,California,WND,Wind,4781,megawatthours
2025-01-08 05:00:00+00:00,CAL,California,WND,Wind,4661,megawatthours
2025-01-08 06:00:00+00:00,CAL,California,WND,Wind,4550,megawatthours
2025-01-08 07:00:00+00:00,CAL,California,WND,Wind,4351,megawatthours
2025-01-08 08:00:00+00:00,CAL,California,WND,Wind,4485,megawatthours
2025-01-08 09:00:00+00:00,CAL,California,WND,Wind,4403,megawatthours
2025-01-08 10:00:00+00:00,CAL,California,WND,Wind,4241,megawatthours
2025-01-08 11:00:00+00:00,CAL,California,WND,Wind,3846,megawatthours
2025-01-08 12:00:00+00:00,CAL,California,WND,Wind,3534,megawatthours
2025-01-08 13:00:00+00:00,CAL,California,WND,Wind,3449,megawatthours
2025-01-08 14:00:00+00:00,CAL,California,WND,Wind,3011,megawatthours
2025-01-08 15:00:00+00:00,CAL,California,WND,Wind,2311,megawatthours
2025-01-08 16:00:00+00:00,CAL,California,WND,Wind,2012,megawatthours
2025-01-08 17:00:00+00:00,CAL,California,WND,Wind,1689,megawatthours
2025-01-08 18:00:00+00:00,CAL,California,WND,Wind,1481,megawatthours
2025-01-08 19:00:00+00:00,CAL,California,WND,Wind,1570,megawatthours
2025-01-08 20:00:00+00:00,CAL,California,WND,Wind,1932,megawatthours
2025-01-08 21:00:00+00:00,CAL,California,WND,Wind,1660,megawatthours
2025-01-08 22:00:00+00:00,CAL,California,WND,Wind,1646,megawatthours
2025-01-08 23:00:00+00:00,CAL,California,WND,Wind,1682,megawatthours
2025-01-09 00:00:00+00:00,CAL,California,WND,Wind,1533,megawatthours
2025-01-09 01:00:00+00:00,CAL,California,WND,Wind,1385,megawatthours
2025-01-09 02:00:00+00:00,CAL,California,WND,Wind,1225,megawatthours
2025-01-09 03:00:00+00:00,CAL,California,WND,Wind,1217,megawatthours
2025-01-09 04:00:00+00:00,CAL,California,WND,Wind,1270,megawatthours
2025-01-09 05:00:00+00:00,CAL,California,WND,Wind,1413,megawatthours
2025-01-09 06:00:00+00:00,CAL,California,WND,Wind,1401,megawatthours
2025-01-09 07:00:00+00:00,CAL,California,WND,Wind,1345,megawatthours
2025-01-09 08:00:00+00:00,CAL,California,WND,Wind,1094,megawatthours
2025-01-09 09:00:00+00:00,CAL,California,WND,Wind,1119,megawatthours
2025-01-09 10:00:00+00:00,CAL,California,WND,Wind,1287,megawatthours
2025-01-09 11:00:00+00:00,CAL,California,WND,Wind,1223,megawatthours
2025-01-09 12:00:00+00:00,CAL,California,WND,Wind,1322,megawatthours
2025-01-09 13:00:00+00:00,CAL,California,WND,Wind,1161,megawatthours
2025-01-09 14:00:00+00:00,CAL,California,WND,Wind,1072,megawatthours
2025-01-09 15:00:00+00:00,CAL,California,WND,Wind,1295,megawatthours
2025-01-09 16:00:00+00:00,CAL,California,WND,Wind,1733,megawatthours
2025-01-09 17:00:00+00:00,CAL,California,WND,Wind,1714,megawatthours
2025-01-09 18:00:00+00:00,CAL,California,WND,Wind,1850,megawatthours
2025-01-09 19:00:00+00:00,CAL,California,WND,Wind,1863,megawatthours
2025-01-09 20:00:00+00:00,CAL,California,WND,Wind,1856,megawatthours
2025-01-09 21:00:00+00:00,CAL,California,WND,Wind,2164,megawatthours
2025-01-09 22:00:00+00:00,CAL,California,WND,Wind,2744,megawatthours
2025-01-09 23:00:00+00:00,CAL,California,WND,Wind,2708,megawatthours
2025-01-10 00:00:00+00:00,CAL,California,WND,Wind,2506,megawatthours
2025-01-10 01:00:00+00:00,CAL,California,WND,Wind,2614,megawatthours
2025-01-10 02:00:00+00:00,CAL,California,WND,Wind,2333,megawatthours
2025-01-10 03:00:00+00:00,CAL,California,WND,Wind,2206,megawatthours
2025-01-10 04:00:00+00:00,CAL,California,WND,Wind,2338,megawatthours
2025-01-10 05:00:00+00:00,CAL,California,WND,Wind,2328,megawatthours
2025-01-10 06:00:00+00:00,CAL,California,WND,Wind,2243,megawatthours
2025-01-10 07:00:00+00:00,CAL,California,WND,Wind,2170,megawatthours
2025-01-10 08:00:00+00:00,CAL,California,WND,Wind,1944,megawatthours
2025-01-10 09:00:00+00:00,CAL,California,WND,Wind,2200,megawatthours
2025-01-10 10:00:00+00:00,CAL,California,WND,Wind,1963,megawatthours
2025-01-10 11:00:00+00:00,CAL,California,WND,Wind,1803,megawatthours
2025-01-10 12:00:00+00:00,CAL,California,WND,Wind,1393,megawatthours
2025-01-10 13:00:00+00:00,CAL,California,WND,Wind,1284,megawatthours
2025-01-10 14:00:00+00:00,CAL,California,WND,Wind,1133,megawatthours
2025-01-10 15:00:00+00:00,CAL,California,WND,Wind,926,megawatthours
2025-01-10 16:00:00+00:00,CAL,California,WND,Wind,914,megawatthours
2025-01-10 17:00:00+00:00,CAL,California,WND,Wind,864,megawatthours
2025-01-10 18:00:00+00:00,CAL,California,WND,Wind,550,megawatthours
2025-01-10 19:00:00+00:00,CAL,California,WND,Wind,695,megawatthours
2025-01-10 20:00:00+00:00,CAL,California,WND,Wind,1030,megawatthours
2025-01-10 21:00:00+00:00,CAL,California,WND,Wind,1225,megawatthours
2025-01-10 22:00:00+00:00,CAL,California,WND,Wind,1251,megawatthours
2025-01-10 23:00:00+00:00,CAL,California,WND,Wind,1264,megawatthours
2025-01-11 00:00:00+00:00,CAL,California,WND,Wind,1495,megawatthours
2025-01-11 01:00:00+00:00,CAL,California,WND,Wind,2006,megawatthours
2025-01-11 02:00:00+00:00,CAL,California,WND,Wind,2212,megawatthours
2025-01-11 03:00:00+00:00,CAL,California,WND,Wind,2552,megawatthours
2025-01-11 04:00:00+00:00,CAL,California,WND,Wind,2773,megawatthours
2025-01-11 05:00:00+00:00,CAL,California,WND,Wind,3082,megawatthours
2025-01-11 06:00:00+00:00,CAL,California,WND,Wind,3414,megawatthours
2025-01-11 07:00:00+00:00,CAL,California,WND,Wind,4129,megawatthours
2025-01-11 08:00:00+00:00,CAL,California,WND,Wind,4381,megawatthours
2025-01-11 09:00:00+00:00,CAL,California,WND,Wind,4084,megawatthours
2025-01-11 10:00:00+00:00,CAL,California,WND,Wind,3947,megawatthours
2025-01-11 11:00:00+00:00,CAL,California,WND,Wind,3989,megawatthours
2025-01-11 12:00:00+00:00,CAL,California,WND,Wind,4618,megawatthours
2025-01-11 13:00:00+00:00,CAL,California,WND,Wind,4711,megawatthours
2025-01-11 14:00:00+00:00,CAL,California,WND,Wind,4737,megawatthours
2025-01-11 15:00:00+00:00,CAL,California,WND,Wind,4252,megawatthours
2025-01-11 16:00:00+00:00,CAL,California,WND,Wind,3592,megawatthours
2025-01-11 17:00:00+00:00,CAL,California,WND,Wind,2735,megawatthours
2025-01-11 18:00:00+00:00,CAL,California,WND,Wind,2353,megawatthours
2025-01-11 19:00:00+00:00,CAL,California,WND,Wind,2383,megawatthours
2025-01-11 20:00:00+00:00,CAL,California,WND,Wind,2888,megawatthours
2025-01-11 21:00:00+00:00,CAL,California,WND,Wind,3248,megawatthours
2025-01-11 22:00:00+00:00,CAL,California,WND,Wind,3168,megawatthours
2025-01-11 23:00:00+00:00,CAL,California,WND,Wind,2972,megawatthours
2025-01-12 00:00:00+00:00,CAL,California,WND,Wind,2785,megawatthours
2025-01-12 01:00:00+00:00,CAL,California,WND,Wind,2646,megawatthours
2025-01-12 02:00:00+00:00,CAL,California,WND,Wind,2761,megawatthours
2025-01-12 03:00:00+00:00,CAL,California,WND,Wind,2921,megawatthours
2025-01-12 04:00:00+00:00,CAL,California,WND,Wind,2813,megawatthours
2025-01-12 05:00:00+00:00,CAL,California,WND,Wind,2967,megawatthours
2025-01-12 06:00:00+00:00,CAL,California,WND,Wind,2617,megawatthours
2025-01-12 07:00:00+00:00,CAL,California,WND,Wind,2082,megawatthours
2025-01-12 08:00:00+00:00,CAL,California,WND,Wind,2175,megawatthours
2025-01-12 09:00:00+00:00,CAL,California,WND,Wind,2588,megawatthours
2025-01-12 10:00:00+00:00,CAL,California,WND,Wind,2585,megawatthours
2025-01-12 11:00:00+00:00,CAL,California,WND,Wind,2351,megawatthours
2025-01-12 12:00:00+00:00,CAL,California,WND,Wind,2340,megawatthours
2025-01-12 13:00:00+00:00,CAL,California,WND,Wind,2142,megawatthours
2025-01-12 14:00:00+00:00,CAL,California,WND,Wind,1988,megawatthours
2025-01-12 15:00:00+00:00,CAL,California,WND,Wind,1829,megawatthours
2025-01-12 16:00:00+00:00,CAL,California,WND,Wind,1824,megawatthours
2025-01-12 17:00:00+00:00,CAL,California,WND,Wind,1798,megawatthours
2025-01-12 18:00:00+00:00,CAL,California,WND,Wind,1903,megawatthours
2025-01-12 19:00:00+00:00,CAL,California,WND,Wind,2170,megawatthours
2025-01-12 20:00:00+00:00,CAL,California,WND,Wind,2092,megawatthours
2025-01-12 21:00:00+00:00,CAL,California,WND,Wind,2038,megawatthours
2025-01-12 22:00:00+00:00,CAL,California,WND,Wind,1862,megawatthours
2025-01-12 23:00:00+00:00,CAL,California,WND,Wind,1706,megawatthours
2025-01-13 00:00:00+00:00,CAL,California,WND,Wind,1632,megawatthours
2025-01-13 01:00:00+00:00,CAL,California,WND,Wind,1279,megawatthours
2025-01-13 02:00:00+00:00,CAL,California,WND,Wind,1003,megawatthours
2025-01-13 03:00:00+00:00,CAL,California,WND,Wind,921,megawatthours
2025-01-13 04:00:00+00:00,CAL,California,WND,Wind,911,megawatthours
2025-01-13 05:00:00+00:00,CAL,California,WND,Wind,905,megawatthours
2025-01-13 06:00:00+00:00,CAL,California,WND,Wind,954,megawatthours
2025-01-13 07:00:00+00:00,CAL,California,WND,Wind,835,megawatthours
2025-01-13 08:00:00+00:00,CAL,California,WND,Wind,865,megawatthours
2025-01-13 09:00:00+00:00,CAL,California,WND,Wind,942,megawatthours
2025-01-13 10:00:00+00:00,CAL,California,WND,Wind,1096,megawatthours
2025-01-13 11:00:00+00:00,CAL,California,WND,Wind,1279,megawatthours
2025-01-13 12:00:00+00:00,CAL,California,WND,Wind,1399,megawatthours
2025-01-13 13:00:00+00:00,CAL,California,WND,Wind,1551,megawatthours
2025-01-13 14:00:00+00:00,CAL,California,WND,Wind,1750,megawatthours
2025-01-13 15:00:00+00:00,CAL,California,WND,Wind,2503,megawatthours
2025-01-13 16:00:00+00:00,CAL,California,WND,Wind,2647,megawatthours
2025-01-13 17:00:00+00:00,CAL,California,WND,Wind,2623,megawatthours
2025-01-13 18:00:00+00:00,CAL,California,WND,Wind,2614,megawatthours
2025-01-13 19:00:00+00:00,CAL,California,WND,Wind,2816,megawatthours
2025-01-13 20:00:00+00:00,CAL,California,WND,Wind,3019,megawatthours
2025-01-13 21:00:00+00:00,CAL,California,WND,Wind,2822,megawatthours
2025-01-13 22:00:00+00:00,CAL,California,WND,Wind,2416,megawatthours
2025-01-13 23:00:00+00:00,CAL,California,WND,Wind,2211,megawatthours
2025-01-14 00:00:00+00:00,CAL,California,WND,Wind,2056,megawatthours
2025-01-14 01:00:00+00:00,CAL,California,WND,Wind,1602,megawatthours
2025-01-14 02:00:00+00:00,CAL,California,WND,Wind,1238,megawatthours
2025-01-14 03:00:00+00:00,CAL,California,WND,Wind,820,megawatthours
2025-01-14 04:00:00+00:00,CAL,California,WND,Wind,726,megawatthours
2025-01-14 05:00:00+00:00,CAL,California,WND,Wind,704,megawatthours
2025-01-14 06:00:00+00:00,CAL,California,WND,Wind,703,megawatthours
2025-01-14 07:00:00+00:00,CAL,California,WND,Wind,759,megawatthours
2025-01-14 08:00:00+00:00,CAL,California,WND,Wind,814,megawatthours
2025-01-14 09:00:00+00:00,CAL,California,WND,Wind,832,megawatthours
2025-01-14 10:00:00+00:00,CAL,California,WND,Wind,1167,megawatthours
2025-01-14 11:00:00+00:00,CAL,California,WND,Wind,1251,megawatthours
2025-01-14 12:00:00+00:00,CAL,California,WND,Wind,1185,megawatthours
2025-01-14 13:00:00+00:00,CAL,California,WND,Wind,1216,megawatthours
2025-01-14 14:00:00+00:00,CAL,California,WND,Wind,1198,megawatthours
2025-01-14 15:00:00+00:00,CAL,California,WND,Wind,1294,megawatthours
2025-01-14 16:00:00+00:00,CAL,California,WND,Wind,1320,megawatthours
2025-01-14 17:00:00+00:00,CAL,California,WND,Wind,1163,megawatthours
2025-01-14 18:00:00+00:00,CAL,California,WND,Wind,937,megawatthours
2025-01-14 19:00:00+00:00,CAL,California,WND,Wind,1223,megawatthours
2025-01-14 20:00:00+00:00,CAL,California,WND,Wind,1482,megawatthours
2025-01-14 21:00:00+00:00,CAL,California,WND,Wind,1481,megawatthours
2025-01-14 22:00:00+00:00,CAL,California,WND,Wind,1386,megawatthours
2025-01-14 23:00:00+00:00,CAL,California,WND,Wind,1288,megawatthours
2025-01-15 00:00:00+00:00,CAL,California,WND,Wind,1192,megawatthours
2025-01-15 01:00:00+00:00,CAL,California,WND,Wind,1169,megawatthours
2025-01-15 02:00:00+00:00,CAL,California,WND,Wind,965,megawatthours
2025-01-15 03:00:00+00:00,CAL,California,WND,Wind,762,megawatthours
2025-01-15 04:00:00+00:00,CAL,California,WND,Wind,751,megawatthours
2025-01-15 05:00:00+00:00,CAL,California,WND,Wind,763,megawatthours
2025-01-15 06:00:00+00:00,CAL,California,WND,Wind,721,megawatthours
2025-01-15 07:00:00+00:00,CAL,California,WND,Wind,767,megawatthours
2025-01-15 08:00:00+00:00,CAL,California,WND,Wind,755,megawatthours
2025-01-15 09:00:00+00:00,CAL,California,WND,Wind,846,megawatthours
2025-01-15 10:00:00+00:00,CAL,California,WND,Wind,936,megawatthours
2025-01-15 11:00:00+00:00,CAL,California,WND,Wind,1069,megawatthours
2025-01-15 12:00:00+00:00,CAL,California,WND,Wind,1267,megawatthours
2025-01-15 13:00:00+00:00,CAL,California,WND,Wind,1304,megawatthours
2025-01-15 14:00:00+00:00,CAL,California,WND,Wind,1339,megawatthours
2025-01-15 15:00:00+00:00,CAL,California,WND,Wind,1406,megawatthours
2025-01-15 16:00:00+00:00,CAL,California,WND,Wind,1381,megawatthours
2025-01-15 17:00:00+00:00,CAL,California,WND,Wind,1374,megawatthours
2025-01-15 18:00:00+00:00,CAL,California,WND,Wind,1311,megawatthours
2025-01-15 19:00:00+00:00,CAL,California,WND,Wind,1273,megawatthours
2025-01-15 20:00:00+00:00,CAL,California,WND,Wind,1122,megawatthours
2025-01-15 21:00:00+00:00,CAL,California,WND,Wind,1098,megawatthours
2025-01-15 22:00:00+00:00,CAL,California,WND,Wind,1239,megawatthours
2025-01-15 23:00:00+00:00,CAL,California,WND,Wind,1554,megawatthours
2025-01-16 00:00:00+00:00,CAL,California,WND,Wind,2320,megawatthours
2025-01-16 01:00:00+00:00,CAL,California,WND,Wind,2029,megawatthours
2025-01-16 02:00:00+00:00,CAL,California,WND,Wind,1590,megawatthours
2025-01-16 03:00:00+00:00,CAL,California,WND,Wind,1029,megawatthours
2025-01-16 04:00:00+00:00,CAL,California,WND,Wind,790,megawatthours
2025-01-16 05:00:00+00:00,CAL,California,WND,Wind,768,megawatthours
2025-01-16 06:00:00+00:00,CAL,California,WND,Wind,764,megawatthours
2025-01-16 07:00:00+00:00,CAL,California,WND,Wind,834,megawatthours
2025-01-16 08:00:00+00:00,CAL,California,WND,Wind,963,megawatthours
2025-01-16 09:00:00+00:00,CAL,California,WND,Wind,1016,megawatthours
2025-01-16 10:00:00+00:00,CAL,California,WND,Wind,985,megawatthours
2025-01-16 11:00:00+00:00,CAL,California,WND,Wind,918,megawatthours
2025-01-16 12:00:00+00:00,CAL,California,WND,Wind,843,megawatthours
2025-01-16 13:00:00+00:00,CAL,California,WND,Wind,681,megawatthours
2025-01-16 14:00:00+00:00,CAL,California,WND,Wind,512,megawatthours
2025-01-16 15:00:00+00:00,CAL,California,WND,Wind,525,megawatthours
2025-01-16 16:00:00+00:00,CAL,California,WND,Wind,535,megawatthours
2025-01-16 17:00:00+00:00,CAL,California,WND,Wind,527,megawatthours
2025-01-16 18:00:00+00:00,CAL,California,WND,Wind,389,megawatthours
2025-01-16 19:00:00+00:00,CAL,California,WND,Wind,324,megawatthours
2025-01-16 20:00:00+00:00,CAL,California,WND,Wind,323,megawatthours
2025-01-16 21:00:00+00:00,CAL,California,WND,Wind,336,megawatthours
2025-01-16 22:00:00+00:00,CAL,California,WND,Wind,311,megawatthours
2025-01-16 23:00:00+00:00,CAL,California,WND,Wind,387,megawatthours
2025-01-17 00:00:00+00:00,CAL,California,WND,Wind,519,megawatthours
2025-01-17 01:00:00+00:00,CAL,California,WND,Wind,813,megawatthours
2025-01-17 02:00:00+00:00,CAL,California,WND,Wind,1728,megawatthours
2025-01-17 03:00:00+00:00,CAL,California,WND,Wind,2337,megawatthours
2025-01-17 04:00:00+00:00,CAL,California,WND,Wind,2757,megawatthours
2025-01-17 05:00:00+00:00,CAL,California,WND,Wind,3162,megawatthours
2025-01-17 06:00:00+00:00,CAL,California,WND,Wind,3511,megawatthours
2025-01-17 07:00:00+00:00,CAL,California,WND,Wind,4022,megawatthours
2025-01-17 08:00:00+00:00,CAL,California,WND,Wind,4237,megawatthours
2025-01-17 09:00:00+00:00,CAL,California,WND,Wind,4572,megawatthours
2025-01-17 10:00:00+00:00,CAL,California,WND,Wind,4771,megawatthours
2025-01-17 11:00:00+00:00,CAL,California,WND,Wind,4783,megawatthours
2025-01-17 12:00:00+00:00,CAL,California,WND,Wind,5022,megawatthours
2025-01-17 13:00:00+00:00,CAL,California,WND,Wind,5067,megawatthours
2025-01-17 14:00:00+00:00,CAL,California,WND,Wind,4979,megawatthours
2025-01-17 15:00:00+00:00,CAL,California,WND,Wind,4931,megawatthours
2025-01-17 16:00:00+00:00,CAL,California,WND,Wind,4805,megawatthours
2025-01-17 17:00:00+00:00,CAL,California,WND,Wind,4821,megawatthours
2025-01-17 18:00:00+00:00,CAL,California,WND,Wind,4952,megawatthours
2025-01-17 19:00:00+00:00,CAL,California,WND,Wind,4736,megawatthours
2025-01-17 20:00:00+00:00,CAL,California,WND,Wind,5121,megawatthours
2025-01-17 21:00:00+00:00,CAL,California,WND,Wind,5220,megawatthours
2025-01-17 22:00:00+00:00,CAL,California,WND,Wind,5151,megawatthours
2025-01-17 23:00:00+00:00,CAL,California,WND,Wind,4669,megawatthours
2025-01-18 00:00:00+00:00,CAL,California,WND,Wind,4578,megawatthours
2025-01-18 01:00:00+00:00,CAL,California,WND,Wind,4727,megawatthours
2025-01-18 02:00:00+00:00,CAL,California,WND,Wind,4453,megawatthours
2025-01-18 03:00:00+00:00,CAL,California,WND,Wind,4369,megawatthours
2025-01-18 04:00:00+00:00,CAL,California,WND,Wind,4836,megawatthours
2025-01-18 05:00:00+00:00,CAL,California,WND,Wind,4980,megawatthours
2025-01-18 06:00:00+00:00,CAL,California,WND,Wind,5067,megawatthours
2025-01-18 07:00:00+00:00,CAL,California,WND,Wind,4847,megawatthours
2025-01-18 08:00:00+00:00,CAL,California,WND,Wind,4501,megawatthours
2025-01-18 09:00:00+00:00,CAL,California,WND,Wind,4418,megawatthours
2025-01-18 10:00:00+00:00,CAL,California,WND,Wind,4316,megawatthours
2025-01-18 11:00:00+00:00,CAL,California,WND,Wind,4238,megawatthours
2025-01-18 12:00:00+00:00,CAL,California,WND,Wind,3822,megawatthours
2025-01-18 13:00:00+00:00,CAL,California,WND,Wind,3257,megawatthours
2025-01-18 14:00:00+00:00,CAL,California,WND,Wind,2590,megawatthours
2025-01-18 15:00:00+00:00,CAL,California,WND,Wind,2196,megawatthours
2025-01-18 16:00:00+00:00,CAL,California,WND,Wind,1678,megawatthours
2025-01-18 17:00:00+00:00,CAL,California,WND,Wind,1175,megawatthours
2025-01-18 18:00:00+00:00,CAL,California,WND,Wind,1071,megawatthours
2025-01-18 19:00:00+00:00,CAL,California,WND,Wind,1224,megawatthours
2025-01-18 20:00:00+00:00,CAL,California,WND,Wind,1356,megawatthours
2025-01-18 21:00:00+00:00,CAL,California,WND,Wind,1438,megawatthours
2025-01-18 22:00:00+00:00,CAL,California,WND,Wind,1502,megawatthours
2025-01-18 23:00:00+00:00,CAL,California,WND,Wind,1527,megawatthours
2025-01-19 00:00:00+00:00,CAL,California,WND,Wind,1440,megawatthours
2025-01-19 01:00:00+00:00,CAL,California,WND,Wind,1396,megawatthours
2025-01-19 02:00:00+00:00,CAL,California,WND,Wind,1132,megawatthours
2025-01-19 03:00:00+00:00,CAL,California,WND,Wind,807,megawatthours
2025-01-19 04:00:00+00:00,CAL,California,WND,Wind,621,megawatthours
2025-01-19 05:00:00+00:00,CAL,California,WND,Wind,497,megawatthours
2025-01-19 06:00:00+00:00,CAL,California,WND,Wind,481,megawatthours
2025-01-19 07:00:00+00:00,CAL,California,WND,Wind,536,megawatthours
2025-01-19 08:00:00+00:00,CAL,California,WND,Wind,536,megawatthours
2025-01-19 09:00:00+00:00,CAL,California,WND,Wind,451,megawatthours
2025-01-19 10:00:00+00:00,CAL,California,WND,Wind,531,megawatthours
2025-01-19 11:00:00+00:00,CAL,California,WND,Wind,557,megawatthours
2025-01-19 12:00:00+00:00,CAL,California,WND,Wind,489,megawatthours
2025-01-19 13:00:00+00:00,CAL,California,WND,Wind,519,megawatthours
2025-01-19 14:00:00+00:00,CAL,California,WND,Wind,728,megawatthours
2025-01-19 15:00:00+00:00,CAL,California,WND,Wind,848,megawatthours
2025-01-19 16:00:00+00:00,CAL,California,WND,Wind,835,megawatthours
2025-01-19 17:00:00+00:00,CAL,California,WND,Wind,755,megawatthours
2025-01-19 18:00:00+00:00,CAL,California,WND,Wind,772,megawatthours
2025-01-19 19:00:00+00:00,CAL,California,WND,Wind,975,megawatthours
2025-01-19 20:00:00+00:00,CAL,California,WND,Wind,1049,megawatthours
2025-01-19 21:00:00+00:00,CAL,California,WND,Wind,1672,megawatthours
2025-01-19 22:00:00+00:00,CAL,California,WND,Wind,2215,megawatthours
2025-01-19 23:00:00+00:00,CAL,California,WND,Wind,2529,megawatthours
2025-01-20 00:00:00+00:00,CAL,California,WND,Wind,2578,megawatthours
2025-01-20 01:00:00+00:00,CAL,California,WND,Wind,2750,megawatthours
2025-01-20 02:00:00+00:00,CAL,California,WND,Wind,2834,megawatthours
2025-01-20 03:00:00+00:00,CAL,California,WND,Wind,2721,megawatthours
2025-01-20 04:00:00+00:00,CAL,California,WND,Wind,2673,megawatthours
2025-01-20 05:00:00+00:00,CAL,California,WND,Wind,2961,megawatthours
2025-01-20 06:00:00+00:00,CAL,California,WND,Wind,2975,megawatthours
2025-01-20 07:00:00+00:00,CAL,California,WND,Wind,2719,megawatthours
2025-01-20 08:00:00+00:00,CAL,California,WND,Wind,2191,megawatthours
2025-01-20 09:00:00+00:00,CAL,California,WND,Wind,1790,megawatthours
2025-01-20 10:00:00+00:00,CAL,California,WND,Wind,1502,megawatthours
2025-01-20 11:00:00+00:00,CAL,California,WND,Wind,1325,megawatthours
2025-01-20 12:00:00+00:00,CAL,California,WND,Wind,1104,megawatthours
2025-01-20 13:00:00+00:00,CAL,California,WND,Wind,1055,megawatthours
2025-01-20 14:00:00+00:00,CAL,California,WND,Wind,1097,megawatthours
2025-01-20 15:00:00+00:00,CAL,California,WND,Wind,1329,megawatthours
2025-01-20 16:00:00+00:00,CAL,California,WND,Wind,1974,megawatthours
2025-01-20 17:00:00+00:00,CAL,California,WND,Wind,2602,megawatthours
2025-01-20 18:00:00+00:00,CAL,California,WND,Wind,2788,megawatthours
2025-01-20 19:00:00+00:00,CAL,California,WND,Wind,2966,megawatthours
2025-01-20 20:00:00+00:00,CAL,California,WND,Wind,3369,megawatthours
2025-01-20 21:00:00+00:00,CAL,California,WND,Wind,3580,megawatthours
2025-01-20 22:00:00+00:00,CAL,California,WND,Wind,4260,megawatthours
2025-01-20 23:00:00+00:00,CAL,California,WND,Wind,4821,megawatthours
2025-01-21 00:00:00+00:00,CAL,California,WND,Wind,5116,megawatthours
2025-01-21 01:00:00+00:00,CAL,California,WND,Wind,4778,megawatthours
2025-01-21 02:00:00+00:00,CAL,California,WND,Wind,3814,megawatthours
2025-01-21 03:00:00+00:00,CAL,California,WND,Wind,2353,megawatthours
2025-01-21 04:00:00+00:00,CAL,California,WND,Wind,1996,megawatthours
2025-01-21 05:00:00+00:00,CAL,California,WND,Wind,1736,megawatthours
2025-01-21 06:00:00+00:00,CAL,California,WND,Wind,1461,megawatthours
2025-01-21 07:00:00+00:00,CAL,California,WND,Wind,1127,megawatthours
2025-01-21 08:00:00+00:00,CAL,California,WND,Wind,942,megawatthours
2025-01-21 09:00:00+00:00,CAL,California,WND,Wind,879,megawatthours
2025-01-21 10:00:00+00:00,CAL,California,WND,Wind,788,megawatthours
2025-01-21 11:00:00+00:00,CAL,California,WND,Wind,832,megawatthours
2025-01-21 12:00:00+00:00,CAL,California,WND,Wind,768,megawatthours
2025-01-21 13:00:00+00:00,CAL,California,WND,Wind,818,megawatthours
2025-01-21 14:00:00+00:00,CAL,California,WND,Wind,1056,megawatthours
2025-01-21 15:00:00+00:00,CAL,California,WND,Wind,1293,megawatthours
2025-01-21 16:00:00+00:00,CAL,California,WND,Wind,1348,megawatthours
2025-01-21 17:00:00+00:00,CAL,California,WND,Wind,1523,megawatthours
2025-01-21 18:00:00+00:00,CAL,California,WND,Wind,1608,megawatthours
2025-01-21 19:00:00+00:00,CAL,California,WND,Wind,1695,megawatthours
2025-01-21 20:00:00+00:00,CAL,California,WND,Wind,1728,megawatthours
2025-01-21 21:00:00+00:00,CAL,California,WND,Wind,1735,megawatthours
2025-01-21 22:00:00+00:00,CAL,California,WND,Wind,1716,megawatthours
2025-01-21 23:00:00+00:00,CAL,California,WND,Wind,1850,megawatthours
2025-01-22 00:00:00+00:00,CAL,California,WND,Wind,1823,megawatthours
2025-01-22 01:00:00+00:00,CAL,California,WND,Wind,1651,megawatthours
2025-01-22 02:00:00+00:00,CAL,California,WND,Wind,1203,megawatthours
2025-01-22 03:00:00+00:00,CAL,California,WND,Wind,557,megawatthours
2025-01-22 04:00:00+00:00,CAL,California,WND,Wind,388,megawatthours
2025-01-22 05:00:00+00:00,CAL,California,WND,Wind,361,megawatthours
2025-01-22 06:00:00+00:00,CAL,California,WND,Wind,308,megawatthours
2025-01-22 07:00:00+00:00,CAL,California,WND,Wind,322,megawatthours
2025-01-22 08:00:00+00:00,CAL,California,WND,Wind,412,megawatthours
2025-01-22 09:00:00+00:00,CAL,California,WND,Wind,478,megawatthours
2025-01-22 10:00:00+00:00,CAL,California,WND,Wind,602,megawatthours
2025-01-22 11:00:00+00:00,CAL,California,WND,Wind,754,megawatthours
2025-01-22 12:00:00+00:00,CAL,California,WND,Wind,744,megawatthours
2025-01-22 13:00:00+00:00,CAL,California,WND,Wind,746,megawatthours
2025-01-22 14:00:00+00:00,CAL,California,WND,Wind,726,megawatthours
2025-01-22 15:00:00+00:00,CAL,California,WND,Wind,554,megawatthours
2025-01-22 16:00:00+00:00,CAL,California,WND,Wind,411,megawatthours
2025-01-22 17:00:00+00:00,CAL,California,WND,Wind,457,megawatthours
2025-01-22 18:00:00+00:00,CAL,California,WND,Wind,439,megawatthours
2025-01-22 19:00:00+00:00,CAL,California,WND,Wind,491,megawatthours
2025-01-22 20:00:00+00:00,CAL,California,WND,Wind,856,megawatthours
2025-01-22 21:00:00+00:00,CAL,California,WND,Wind,1431,megawatthours
2025-01-22 22:00:00+00:00,CAL,California,WND,Wind,1930,megawatthours
2025-01-22 23:00:00+00:00,CAL,California,WND,Wind,1903,megawatthours
2025-01-23 00:00:00+00:00,CAL,California,WND,Wind,1838,megawatthours
2025-01-23 01:00:00+00:00,CAL,California,WND,Wind,1622,megawatthours
2025-01-23 02:00:00+00:00,CAL,California,WND,Wind,1451,megawatthours
2025-01-23 03:00:00+00:00,CAL,California,WND,Wind,1308,megawatthours
2025-01-23 04:00:00+00:00,CAL,California,WND,Wind,1288,megawatthours
2025-01-23 05:00:00+00:00,CAL,California,WND,Wind,1204,megawatthours
2025-01-23 06:00:00+00:00,CAL,California,WND,Wind,1234,megawatthours
2025-01-23 07:00:00+00:00,CAL,California,WND,Wind,1134,megawatthours
2025-01-23 08:00:00+00:00,CAL,California,WND,Wind,1064,megawatthours
2025-01-23 09:00:00+00:00,CAL,California,WND,Wind,1036,megawatthours
2025-01-23 10:00:00+00:00,CAL,California,WND,Wind,1072,megawatthours
2025-01-23 11:00:00+00:00,CAL,California,WND,Wind,984,megawatthours
2025-01-23 12:00:00+00:00,CAL,California,WND,Wind,900,megawatthours
2025-01-23 13:00:00+00:00,CAL,California,WND,Wind,907,megawatthours
2025-01-23 14:00:00+00:00,CAL,California,WND,Wind,934,megawatthours
2025-01-23 15:00:00+00:00,CAL,California,WND,Wind,913,megawatthours
2025-01-23 16:00:00+00:00,CAL,California,WND,Wind,967,megawatthours
2025-01-23 17:00:00+00:00,CAL,California,WND,Wind,992,megawatthours
2025-01-23 18:00:00+00:00,CAL,California,WND,Wind,968,megawatthours
2025-01-23 19:00:00+00:00,CAL,California,WND,Wind,986,megawatthours
2025-01-23 20:00:00+00:00,CAL,California,WND,Wind,1355,megawatthours
2025-01-23 21:00:00+00:00,CAL,California,WND,Wind,1349,megawatthours
2025-01-23 22:00:00+00:00,CAL,California,WND,Wind,1356,megawatthours
2025-01-23 23:00:00+00:00,CAL,California,WND,Wind,1145,megawatthours
2025-01-24 00:00:00+00:00,CAL,California,WND,Wind,1059,megawatthours
2025-01-24 01:00:00+00:00,CAL,California,WND,Wind,1007,megawatthours
2025-01-24 02:00:00+00:00,CAL,California,WND,Wind,1065,megawatthours
2025-01-24 03:00:00+00:00,CAL,California,WND,Wind,1210,megawatthours
2025-01-24 04:00:00+00:00,CAL,California,WND,Wind,1416,megawatthours
2025-01-24 05:00:00+00:00,CAL,California,WND,Wind,1449,megawatthours
2025-01-24 06:00:00+00:00,CAL,California,WND,Wind,1534,megawatthours
2025-01-24 07:00:00+00:00,CAL,California,WND,Wind,1520,megawatthours
2025-01-24 08:00:00+00:00,CAL,California,WND,Wind,1473,megawatthours
2025-01-24 09:00:00+00:00,CAL,California,WND,Wind,1418,megawatthours
2025-01-24 10:00:00+00:00,CAL,California,WND,Wind,1457,megawatthours
2025-01-24 11:00:00+00:00,CAL,California,WND,Wind,1462,megawatthours
2025-01-24 12:00:00+00:00,CAL,California,WND,Wind,1495,megawatthours
2025-01-24 13:00:00+00:00,CAL,California,WND,Wind,1462,megawatthours
2025-01-24 14:00:00+00:00,CAL,California,WND,Wind,1556,megawatthours
2025-01-24 15:00:00+00:00,CAL,California,WND,Wind,1454,megawatthours
2025-01-24 16:00:00+00:00,CAL,California,WND,Wind,1475,megawatthours
2025-01-24 17:00:00+00:00,CAL,California,WND,Wind,1389,megawatthours
2025-01-24 18:00:00+00:00,CAL,California,WND,Wind,1164,megawatthours
2025-01-24 19:00:00+00:00,CAL,California,WND,Wind,1350,megawatthours
2025-01-24 20:00:00+00:00,CAL,California,WND,Wind,1436,megawatthours
2025-01-24 21:00:00+00:00,CAL,California,WND,Wind,1377,megawatthours
2025-01-24 22:00:00+00:00,CAL,California,WND,Wind,1292,megawatthours
2025-01-24 23:00:00+00:00,CAL,California,WND,Wind,1247,megawatthours
2025-01-25 00:00:00+00:00,CAL,California,WND,Wind,1196,megawatthours
2025-01-25 01:00:00+00:00,CAL,California,WND,Wind,1209,megawatthours
2025-01-25 02:00:00+00:00,CAL,California,WND,Wind,1359,megawatthours
2025-01-25 03:00:00+00:00,CAL,California,WND,Wind,1473,megawatthours
2025-01-25 04:00:00+00:00,CAL,California,WND,Wind,1590,megawatthours
2025-01-25 05:00:00+00:00,CAL,California,WND,Wind,1595,megawatthours
2025-01-25 06:00:00+00:00,CAL,California,WND,Wind,1722,megawatthours
2025-01-25 07:00:00+00:00,CAL,California,WND,Wind,2020,megawatthours
2025-01-25 08:00:00+00:00,CAL,California,WND,Wind,1930,megawatthours
2025-01-25 09:00:00+00:00,CAL,California,WND,Wind,2024,megawatthours
2025-01-25 10:00:00+00:00,CAL,California,WND,Wind,1944,megawatthours
2025-01-25 11:00:00+00:00,CAL,California,WND,Wind,2173,megawatthours
2025-01-25 12:00:00+00:00,CAL,California,WND,Wind,2557,megawatthours
2025-01-25 13:00:00+00:00,CAL,California,WND,Wind,2320,megawatthours
2025-01-25 14:00:00+00:00,CAL,California,WND,Wind,2332,megawatthours
2025-01-25 15:00:00+00:00,CAL,California,WND,Wind,2418,megawatthours
2025-01-25 16:00:00+00:00,CAL,California,WND,Wind,2315,megawatthours
2025-01-25 17:00:00+00:00,CAL,California,WND,Wind,1999,megawatthours
2025-01-25 18:00:00+00:00,CAL,California,WND,Wind,1913,megawatthours
2025-01-25 19:00:00+00:00,CAL,California,WND,Wind,2323,megawatthours
2025-01-25 20:00:00+00:00,CAL,California,WND,Wind,2336,megawatthours
2025-01-25 21:00:00+00:00,CAL,California,WND,Wind,2439,megawatthours
2025-01-25 22:00:00+00:00,CAL,California,WND,Wind,2411,megawatthours
2025-01-25 23:00:00+00:00,CAL,California,WND,Wind,2099,megawatthours
2025-01-26 00:00:00+00:00,CAL,California,WND,Wind,2383,megawatthours
2025-01-26 01:00:00+00:00,CAL,California,WND,Wind,2335,megawatthours
2025-01-26 02:00:00+00:00,CAL,California,WND,Wind,2160,megawatthours
2025-01-26 03:00:00+00:00,CAL,California,WND,Wind,2364,megawatthours
2025-01-26 04:00:00+00:00,CAL,California,WND,Wind,2480,megawatthours
2025-01-26 05:00:00+00:00,CAL,California,WND,Wind,2448,megawatthours
2025-01-26 06:00:00+00:00,CAL,California,WND,Wind,1983,megawatthours
2025-01-26 07:00:00+00:00,CAL,California,WND,Wind,1763,megawatthours
2025-01-26 08:00:00+00:00,CAL,California,WND,Wind,1651,megawatthours
2025-01-26 09:00:00+00:00,CAL,California,WND,Wind,1605,megawatthours
2025-01-26 10:00:00+00:00,CAL,California,WND,Wind,1556,megawatthours
2025-01-26 11:00:00+00:00,CAL,California,WND,Wind,1549,megawatthours
2025-01-26 12:00:00+00:00,CAL,California,WND,Wind,1728,megawatthours
2025-01-26 13:00:00+00:00,CAL,California,WND,Wind,1825,megawatthours
2025-01-26 14:00:00+00:00,CAL,California,WND,Wind,1802,megawatthours
2025-01-26 15:00:00+00:00,CAL,California,WND,Wind,1948,megawatthours
2025-01-26 16:00:00+00:00,CAL,California,WND,Wind,1964,megawatthours
2025-01-26 17:00:00+00:00,CAL,California,WND,Wind,1907,megawatthours
2025-01-26 18:00:00+00:00,CAL,California,WND,Wind,1845,megawatthours
2025-01-26 19:00:00+00:00,CAL,California,WND,Wind,1754,megawatthours
2025-01-26 20:00:00+00:00,CAL,California,WND,Wind,1619,megawatthours
2025-01-26 21:00:00+00:00,CAL,California,WND,Wind,1643,megawatthours
2025-01-26 22:00:00+00:00,CAL,California,WND,Wind,1709,megawatthours
2025-01-26 23:00:00+00:00,CAL,California,WND,Wind,1772,megawatthours
2025-01-27 00:00:00+00:00,CAL,California,WND,Wind,1522,megawatthours
2025-01-27 01:00:00+00:00,CAL,California,WND,Wind,1335,megawatthours
2025-01-27 02:00:00+00:00,CAL,California,WND,Wind,1076,megawatthours
2025-01-27 03:00:00+00:00,CAL,California,WND,Wind,963,megawatthours
2025-01-27 04:00:00+00:00,CAL,California,WND,Wind,990,megawatthours
2025-01-27 05:00:00+00:00,CAL,California,WND,Wind,1223,megawatthours
2025-01-27 06:00:00+00:00,CAL,California,WND,Wind,1509,megawatthours
2025-01-27 07:00:00+00:00,CAL,California,WND,Wind,1794,megawatthours
2025-01-27 08:00:00+00:00,CAL,California,WND,Wind,2202,megawatthours
2025-01-27 09:00:00+00:00,CAL,California,WND,Wind,2160,megawatthours
2025-01-27 10:00:00+00:00,CAL,California,WND,Wind,2076,megawatthours
2025-01-27 11:00:00+00:00,CAL,California,WND,Wind,2138,megawatthours
2025-01-27 12:00:00+00:00,CAL,California,WND,Wind,1849,megawatthours
2025-01-27 13:00:00+00:00,CAL,California,WND,Wind,1917,megawatthours
2025-01-27 14:00:00+00:00,CAL,California,WND,Wind,1776,megawatthours
2025-01-27 15:00:00+00:00,CAL,California,WND,Wind,1384,megawatthours
2025-01-27 16:00:00+00:00,CAL,California,WND,Wind,1329,megawatthours
2025-01-27 17:00:00+00:00,CAL,California,WND,Wind,1245,megawatthours
2025-01-27 18:00:00+00:00,CAL,California,WND,Wind,993,megawatthours
2025-01-27 19:00:00+00:00,CAL,California,WND,Wind,832,megawatthours
2025-01-27 20:00:00+00:00,CAL,California,WND,Wind,937,megawatthours
2025-01-27 21:00:00+00:00,CAL,California,WND,Wind,1003,megawatthours
2025-01-27 22:00:00+00:00,CAL,California,WND,Wind,1121,megawatthours
2025-01-27 23:00:00+00:00,CAL,California,WND,Wind,1388,megawatthours
2025-01-28 00:00:00+00:00,CAL,California,WND,Wind,1626,megawatthours
2025-01-28 01:00:00+00:00,CAL,California,WND,Wind,1640,megawatthours
2025-01-28 02:00:00+00:00,CAL,California,WND,Wind,1568,megawatthours
2025-01-28 03:00:00+00:00,CAL,California,WND,Wind,1490,megawatthours
2025-01-28 04:00:00+00:00,CAL,California,WND,Wind,1457,megawatthours
2025-01-28 05:00:00+00:00,CAL,California,WND,Wind,1206,megawatthours
2025-01-28 06:00:00+00:00,CAL,California,WND,Wind,1105,megawatthours
2025-01-28 07:00:00+00:00,CAL,California,WND,Wind,1092,megawatthours
2025-01-28 08:00:00+00:00,CAL,California,WND,Wind,1368,megawatthours
2025-01-28 09:00:00+00:00,CAL,California,WND,Wind,1382,megawatthours
2025-01-28 10:00:00+00:00,CAL,California,WND,Wind,1597,megawatthours
2025-01-28 11:00:00+00:00,CAL,California,WND,Wind,1548,megawatthours
2025-01-28 12:00:00+00:00,CAL,California,WND,Wind,1402,megawatthours
2025-01-28 13:00:00+00:00,CAL,California,WND,Wind,1319,megawatthours
2025-01-28 14:00:00+00:00,CAL,California,WND,Wind,1134,megawatthours
2025-01-28 15:00:00+00:00,CAL,California,WND,Wind,960,megawatthours
2025-01-28 16:00:00+00:00,CAL,California,WND,Wind,1133,megawatthours
2025-01-28 17:00:00+00:00,CAL,California,WND,Wind,1308,megawatthours
2025-01-28 18:00:00+00:00,CAL,California,WND,Wind,1313,megawatthours
2025-01-28 19:00:00+00:00,CAL,California,WND,Wind,1085,megawatthours
2025-01-28 20:00:00+00:00,CAL,California,WND,Wind,893,megawatthours
2025-01-28 21:00:00+00:00,CAL,California,WND,Wind,801,megawatthours
2025-01-28 22:00:00+00:00,CAL,California,WND,Wind,1139,megawatthours
2025-01-28 23:00:00+00:00,CAL,California,WND,Wind,1510,megawatthours
2025-01-29 00:00:00+00:00,CAL,California,WND,Wind,1937,megawatthours
2025-01-29 01:00:00+00:00,CAL,California,WND,Wind,2565,megawatthours
2025-01-29 02:00:00+00:00,CAL,California,WND,Wind,2793,megawatthours
2025-01-29 03:00:00+00:00,CAL,California,WND,Wind,3338,megawatthours
2025-01-29 04:00:00+00:00,CAL,California,WND,Wind,3504,megawatthours
2025-01-29 05:00:00+00:00,CAL,California,WND,Wind,4052,megawatthours
2025-01-29 06:00:00+00:00,CAL,California,WND,Wind,4019,megawatthours
2025-01-29 07:00:00+00:00,CAL,California,WND,Wind,3851,megawatthours
2025-01-29 08:00:00+00:00,CAL,California,WND,Wind,3485,megawatthours
2025-01-29 09:00:00+00:00,CAL,California,WND,Wind,3110,megawatthours
2025-01-29 10:00:00+00:00,CAL,California,WND,Wind,2474,megawatthours
2025-01-29 11:00:00+00:00,CAL,California,WND,Wind,2162,megawatthours
2025-01-29 12:00:00+00:00,CAL,California,WND,Wind,1738,megawatthours
2025-01-29 13:00:00+00:00,CAL,California,WND,Wind,1413,megawatthours
2025-01-29 14:00:00+00:00,CAL,California,WND,Wind,1226,megawatthours
2025-01-29 15:00:00+00:00,CAL,California,WND,Wind,1174,megawatthours
2025-01-29 16:00:00+00:00,CAL,California,WND,Wind,1160,megawatthours
2025-01-29 17:00:00+00:00,CAL,California,WND,Wind,962,megawatthours
2025-01-29 18:00:00+00:00,CAL,California,WND,Wind,953,megawatthours
2025-01-29 19:00:00+00:00,CAL,California,WND,Wind,1246,megawatthours
2025-01-29 20:00:00+00:00,CAL,California,WND,Wind,1469,megawatthours
2025-01-29 21:00:00+00:00,CAL,California,WND,Wind,1889,megawatthours
2025-01-29 22:00:00+00:00,CAL,California,WND,Wind,2122,megawatthours
2025-01-29 23:00:00+00:00,CAL,California,WND,Wind,2037,megawatthours
2025-01-30 00:00:00+00:00,CAL,California,WND,Wind,2021,megawatthours
2025-01-30 01:00:00+00:00,CAL,California,WND,Wind,2220,megawatthours
2025-01-30 02:00:00+00:00,CAL,California,WND,Wind,2585,megawatthours
2025-01-30 03:00:00+00:00,CAL,California,WND,Wind,2879,megawatthours
2025-01-30 04:00:00+00:00,CAL,California,WND,Wind,3370,megawatthours
2025-01-30 05:00:00+00:00,CAL,California,WND,Wind,3673,megawatthours
2025-01-30 06:00:00+00:00,CAL,California,WND,Wind,4154,megawatthours
2025-01-30 07:00:00+00:00,CAL,California,WND,Wind,4285,megawatthours
2025-01-30 08:00:00+00:00,CAL,California,WND,Wind,3922,megawatthours
2025-01-30 09:00:00+00:00,CAL,California,WND,Wind,3600,megawatthours
2025-01-30 10:00:00+00:00,CAL,California,WND,Wind,3930,megawatthours
2025-01-30 11:00:00+00:00,CAL,California,WND,Wind,4411,megawatthours
2025-01-30 12:00:00+00:00,CAL,California,WND,Wind,4108,megawatthours
2025-01-30 13:00:00+00:00,CAL,California,WND,Wind,3377,megawatthours
2025-01-30 14:00:00+00:00,CAL,California,WND,Wind,3193,megawatthours
2025-01-30 15:00:00+00:00,CAL,California,WND,Wind,2815,megawatthours
2025-01-30 16:00:00+00:00,CAL,California,WND,Wind,2518,megawatthours
2025-01-30 17:00:00+00:00,CAL,California,WND,Wind,2103,megawatthours
2025-01-30 18:00:00+00:00,CAL,California,WND,Wind,1705,megawatthours
2025-01-30 19:00:00+00:00,CAL,California,WND,Wind,1439,megawatthours
2025-01-30 20:00:00+00:00,CAL,California,WND,Wind,1379,megawatthours
2025-01-30 21:00:00+00:00,CAL,California,WND,Wind,1548,megawatthours
2025-01-30 22:00:00+00:00,CAL,California,WND,Wind,1876,megawatthours
2025-01-30 23:00:00+00:00,CAL,California,WND,Wind,2081,megawatthours
2025-01-31 00:00:00+00:00,CAL,California,WND,Wind,2185,megawatthours
2025-01-31 01:00:00+00:00,CAL,California,WND,Wind,2069,megawatthours
2025-01-31 02:00:00+00:00,CAL,California,WND,Wind,2252,megawatthours
2025-01-31 03:00:00+00:00,CAL,California,WND,Wind,2286,megawatthours
2025-01-31 04:00:00+00:00,CAL,California,WND,Wind,1831,megawatthours
2025-01-31 05:00:00+00:00,CAL,California,WND,Wind,1589,megawatthours
2025-01-31 06:00:00+00:00,CAL,California,WND,Wind,1426,megawatthours
2025-01-31 07:00:00+00:00,CAL,California,WND,Wind,1392,megawatthours
2025-01-31 08:00:00+00:00,CAL,California,WND,Wind,1269,megawatthours
2025-01-31 09:00:00+00:00,CAL,California,WND,Wind,1294,megawatthours
2025-01-31 10:00:00+00:00,CAL,California,WND,Wind,1286,megawatthours
2025-01-31 11:00:00+00:00,CAL,California,WND,Wind,1280,megawatthours
2025-01-31 12:00:00+00:00,CAL,California,WND,Wind,1275,megawatthours
2025-01-31 13:00:00+00:00,CAL,California,WND,Wind,1234,megawatthours
2025-01-31 14:00:00+00:00,CAL,California,WND,Wind,1206,megawatthours
2025-01-31 15:00:00+00:00,CAL,California,WND,Wind,1223,megawatthours
2025-01-31 16:00:00+00:00,CAL,California,WND,Wind,1230,megawatthours
2025-01-31 17:00:00+00:00,CAL,California,WND,Wind,1114,megawatthours
2025-01-31 18:00:00+00:00,CAL,California,WND,Wind,897,megawatthours
2025-01-31 19:00:00+00:00,CAL,California,WND,Wind,798,megawatthours
2025-01-31 20:00:00+00:00,CAL,California,WND,Wind,778,megawatthours
2025-01-31 21:00:00+00:00,CAL,California,WND,Wind,754,megawatthours
2025-01-31 22:00:00+00:00,CAL,California,WND,Wind,840,megawatthours
2025-01-31 23:00:00+00:00,CAL,California,WND,Wind,813,megawatthours
2025-02-01 00:00:00+00:00,CAL,California,WND,Wind,989,megawatthours
2025-02-01 01:00:00+00:00,CAL,California,WND,Wind,1261,megawatthours
2025-02-01 02:00:00+00:00,CAL,California,WND,Wind,1673,megawatthours
2025-02-01 03:00:00+00:00,CAL,California,WND,Wind,2322,megawatthours
2025-02-01 04:00:00+00:00,CAL,California,WND,Wind,2720,megawatthours
2025-02-01 05:00:00+00:00,CAL,California,WND,Wind,3040,megawatthours
2025-02-01 06:00:00+00:00,CAL,California,WND,Wind,3458,megawatthours
2025-02-01 07:00:00+00:00,CAL,California,WND,Wind,3351,megawatthours
2025-02-01 08:00:00+00:00,CAL,California,WND,Wind,3018,megawatthours
2025-02-01 09:00:00+00:00,CAL,California,WND,Wind,2462,megawatthours
2025-02-01 10:00:00+00:00,CAL,California,WND,Wind,2297,megawatthours
2025-02-01 11:00:00+00:00,CAL,California,WND,Wind,2709,megawatthours
2025-02-01 12:00:00+00:00,CAL,California,WND,Wind,2989,megawatthours
2025-02-01 13:00:00+00:00,CAL,California,WND,Wind,3045,megawatthours
2025-02-01 14:00:00+00:00,CAL,California,WND,Wind,2826,megawatthours
2025-02-01 15:00:00+00:00,CAL,California,WND,Wind,3038,megawatthours
2025-02-01 16:00:00+00:00,CAL,California,WND,Wind,3002,megawatthours
2025-02-01 17:00:00+00:00,CAL,California,WND,Wind,2992,megawatthours
2025-02-01 18:00:00+00:00,CAL,California,WND,Wind,2955,megawatthours
2025-02-01 19:00:00+00:00,CAL,California,WND,Wind,2897,megawatthours
2025-02-01 20:00:00+00:00,CAL,California,WND,Wind,3070,megawatthours
2025-02-01 21:00:00+00:00,CAL,California,WND,Wind,3077,megawatthours
2025-02-01 22:00:00+00:00,CAL,California,WND,Wind,3062,megawatthours
2025-02-01 23:00:00+00:00,CAL,California,WND,Wind,3088,megawatthours
2025-02-02 00:00:00+00:00,CAL,California,WND,Wind,3495,megawatthours
2025-02-02 01:00:00+00:00,CAL,California,WND,Wind,3664,megawatthours
2025-02-02 02:00:00+00:00,CAL,California,WND,Wind,3316,megawatthours
2025-02-02 03:00:00+00:00,CAL,California,WND,Wind,2994,megawatthours
2025-02-02 04:00:00+00:00,CAL,California,WND,Wind,2950,megawatthours
2025-02-02 05:00:00+00:00,CAL,California,WND,Wind,3040,megawatthours
2025-02-02 06:00:00+00:00,CAL,California,WND,Wind,3260,megawatthours
2025-02-02 07:00:00+00:00,CAL,California,WND,Wind,3436,megawatthours
2025-02-02 08:00:00+00:00,CAL,California,WND,Wind,3324,megawatthours
2025-02-02 09:00:00+00:00,CAL,California,WND,Wind,3141,megawatthours
2025-02-02 10:00:00+00:00,CAL,California,WND,Wind,3177,megawatthours
2025-02-02 11:00:00+00:00,CAL,California,WND,Wind,3038,megawatthours
2025-02-02 12:00:00+00:00,CAL,California,WND,Wind,3211,megawatthours
2025-02-02 13:00:00+00:00,CAL,California,WND,Wind,3045,megawatthours
2025-02-02 14:00:00+00:00,CAL,California,WND,Wind,3060,megawatthours
2025-02-02 15:00:00+00:00,CAL,California,WND,Wind,3234,megawatthours
2025-02-02 16:00:00+00:00,CAL,California,WND,Wind,3246,megawatthours
2025-02-02 17:00:00+00:00,CAL,California,WND,Wind,3131,megawatthours
2025-02-02 18:00:00+00:00,CAL,California,WND,Wind,2938,megawatthours
2025-02-02 19:00:00+00:00,CAL,California,WND,Wind,2911,megawatthours
2025-02-02 20:00:00+00:00,CAL,California,WND,Wind,3115,megawatthours
2025-02-02 21:00:00+00:00,CAL,California,WND,Wind,3233,megawatthours
2025-02-02 22:00:00+00:00,CAL,California,WND,Wind,3373,megawatthours
2025-02-02 23:00:00+00:00,CAL,California,WND,Wind,3337,megawatthours
2025-02-03 00:00:00+00:00,CAL,California,WND,Wind,3276,megawatthours
2025-02-03 01:00:00+00:00,CAL,California,WND,Wind,3307,megawatthours
2025-02-03 02:00:00+00:00,CAL,California,WND,Wind,3244,megawatthours
2025-02-03 03:00:00+00:00,CAL,California,WND,Wind,2966,megawatthours
2025-02-03 04:00:00+00:00,CAL,California,WND,Wind,2803,megawatthours
2025-02-03 05:00:00+00:00,CAL,California,WND,Wind,2656,megawatthours
2025-02-03 06:00:00+00:00,CAL,California,WND,Wind,2607,megawatthours
2025-02-03 07:00:00+00:00,CAL,California,WND,Wind,2508,megawatthours
2025-02-03 08:00:00+00:00,CAL,California,WND,Wind,2430,megawatthours
2025-02-03 09:00:00+00:00,CAL,California,WND,Wind,2432,megawatthours
2025-02-03 10:00:00+00:00,CAL,California,WND,Wind,2489,megawatthours
2025-02-03 11:00:00+00:00,CAL,California,WND,Wind,2442,megawatthours
2025-02-03 12:00:00+00:00,CAL,California,WND,Wind,2352,megawatthours
2025-02-03 13:00:00+00:00,CAL,California,WND,Wind,2253,megawatthours
2025-02-03 14:00:00+00:00,CAL,California,WND,Wind,2255,megawatthours
2025-02-03 15:00:00+00:00,CAL,California,WND,Wind,2085,megawatthours
2025-02-03 16:00:00+00:00,CAL,California,WND,Wind,1857,megawatthours
2025-02-03 17:00:00+00:00,CAL,California,WND,Wind,1672,megawatthours
2025-02-03 18:00:00+00:00,CAL,California,WND,Wind,1556,megawatthours
2025-02-03 19:00:00+00:00,CAL,California,WND,Wind,1574,megawatthours
2025-02-03 20:00:00+00:00,CAL,California,WND,Wind,1847,megawatthours
2025-02-03 21:00:00+00:00,CAL,California,WND,Wind,2064,megawatthours
2025-02-03 22:00:00+00:00,CAL,California,WND,Wind,2204,megawatthours
2025-02-03 23:00:00+00:00,CAL,California,WND,Wind,2077,megawatthours
2025-02-04 00:00:00+00:00,CAL,California,WND,Wind,2110,megawatthours
2025-02-04 01:00:00+00:00,CAL,California,WND,Wind,2199,megawatthours
2025-02-04 02:00:00+00:00,CAL,California,WND,Wind,1985,megawatthours
2025-02-04 03:00:00+00:00,CAL,California,WND,Wind,1697,megawatthours
2025-02-04 04:00:00+00:00,CAL,California,WND,Wind,1600,megawatthours
2025-02-04 05:00:00+00:00,CAL,California,WND,Wind,1705,megawatthours
2025-02-04 06:00:00+00:00,CAL,California,WND,Wind,1760,megawatthours
2025-02-04 07:00:00+00:00,CAL,California,WND,Wind,1751,megawatthours
2025-02-04 08:00:00+00:00,CAL,California,WND,Wind,1920,megawatthours
2025-02-04 09:00:00+00:00,CAL,California,WND,Wind,1936,megawatthours
2025-02-04 10:00:00+00:00,CAL,California,WND,Wind,1925,megawatthours
2025-02-04 11:00:00+00:00,CAL,California,WND,Wind,2284,megawatthours
2025-02-04 12:00:00+00:00,CAL,California,WND,Wind,2711,megawatthours
2025-02-04 13:00:00+00:00,CAL,California,WND,Wind,2563,megawatthours
2025-02-04 14:00:00+00:00,CAL,California,WND,Wind,2656,megawatthours
2025-02-04 15:00:00+00:00,CAL,California,WND,Wind,2502,megawatthours
2025-02-04 16:00:00+00:00,CAL,California,WND,Wind,2588,megawatthours
2025-02-04 17:00:00+00:00,CAL,California,WND,Wind,2650,megawatthours
2025-02-04 18:00:00+00:00,CAL,California,WND,Wind,2795,megawatthours
2025-02-04 19:00:00+00:00,CAL,California,WND,Wind,3067,megawatthours
2025-02-04 20:00:00+00:00,CAL,California,WND,Wind,3312,megawatthours
2025-02-04 21:00:00+00:00,CAL,California,WND,Wind,3808,megawatthours
2025-02-04 22:00:00+00:00,CAL,California,WND,Wind,4069,megawatthours
2025-02-04 23:00:00+00:00,CAL,California,WND,Wind,4192,megawatthours
2025-02-05 00:00:00+00:00,CAL,California,WND,Wind,4159,megawatthours
2025-02-05 01:00:00+00:00,CAL,California,WND,Wind,3928,megawatthours
2025-02-05 02:00:00+00:00,CAL,California,WND,Wind,4262,megawatthours
2025-02-05 03:00:00+00:00,CAL,California,WND,Wind,4251,megawatthours
2025-02-05 04:00:00+00:00,CAL,California,WND,Wind,3959,megawatthours
2025-02-05 05:00:00+00:00,CAL,California,WND,Wind,4232,megawatthours
2025-02-05 06:00:00+00:00,CAL,California,WND,Wind,4578,megawatthours
2025-02-05 07:00:00+00:00,CAL,California,WND,Wind,4541,megawatthours
2025-02-05 08:00:00+00:00,CAL,California,WND,Wind,4367,megawatthours
2025-02-05 09:00:00+00:00,CAL,California,WND,Wind,4405,megawatthours
2025-02-05 10:00:00+00:00,CAL,California,WND,Wind,4366,megawatthours
2025-02-05 11:00:00+00:00,CAL,California,WND,Wind,4113,megawatthours
2025-02-05 12:00:00+00:00,CAL,California,WND,Wind,3901,megawatthours
2025-02-05 13:00:00+00:00,CAL,California,WND,Wind,3650,megawatthours
2025-02-05 14:00:00+00:00,CAL,California,WND,Wind,3573,megawatthours
2025-02-05 15:00:00+00:00,CAL,California,WND,Wind,3250,megawatthours
2025-02-05 16:00:00+00:00,CAL,California,WND,Wind,3037,megawatthours
2025-02-05 17:00:00+00:00,CAL,California,WND,Wind,3041,megawatthours
2025-02-05 18:00:00+00:00,CAL,California,WND,Wind,2997,megawatthours
2025-02-05 19:00:00+00:00,CAL,California,WND,Wind,3003,megawatthours
2025-02-05 20:00:00+00:00,CAL,California,WND,Wind,2588,megawatthours
2025-02-05 21:00:00+00:00,CAL,California,WND,Wind,2476,megawatthours
2025-02-05 22:00:00+00:00,CAL,California,WND,Wind,2409,megawatthours
2025-02-05 23:00:00+00:00,CAL,California,WND,Wind,2457,megawatthours
2025-02-06 00:00:00+00:00,CAL,California,WND,Wind,2389,megawatthours
2025-02-06 01:00:00+00:00,CAL,California,WND,Wind,2354,megawatthours
2025-02-06 02:00:00+00:00,CAL,California,WND,Wind,2275,megawatthours
2025-02-06 03:00:00+00:00,CAL,California,WND,Wind,2160,megawatthours
2025-02-06 04:00:00+00:00,CAL,California,WND,Wind,1977,megawatthours
2025-02-06 05:00:00+00:00,CAL,California,WND,Wind,1724,megawatthours
2025-02-06 06:00:00+00:00,CAL,California,WND,Wind,1796,megawatthours
2025-02-06 07:00:00+00:00,CAL,California,WND,Wind,2089,megawatthours
2025-02-06 08:00:00+00:00,CAL,California,WND,Wind,2369,megawatthours
2025-02-06 09:00:00+00:00,CAL,California,WND,Wind,2517,megawatthours
2025-02-06 10:00:00+00:00,CAL,California,WND,Wind,2480,megawatthours
2025-02-06 11:00:00+00:00,CAL,California,WND,Wind,2618,megawatthours
2025-02-06 12:00:00+00:00,CAL,California,WND,Wind,2692,megawatthours
2025-02-06 13:00:00+00:00,CAL,California,WND,Wind,2625,megawatthours
2025-02-06 14:00:00+00:00,CAL,California,WND,Wind,2643,megawatthours
2025-02-06 15:00:00+00:00,CAL,California,WND,Wind,2636,megawatthours
2025-02-06 16:00:00+00:00,CAL,California,WND,Wind,2540,megawatthours
2025-02-06 17:00:00+00:00,CAL,California,WND,Wind,2316,megawatthours
2025-02-06 18:00:00+00:00,CAL,California,WND,Wind,2477,megawatthours
2025-02-06 19:00:00+00:00,CAL,California,WND,Wind,3049,megawatthours
2025-02-06 20:00:00+00:00,CAL,California,WND,Wind,3478,megawatthours
2025-02-06 21:00:00+00:00,CAL,California,WND,Wind,3881,megawatthours
2025-02-06 22:00:00+00:00,CAL,California,WND,Wind,3709,megawatthours
2025-02-06 23:00:00+00:00,CAL,California,WND,Wind,3644,megawatthours
2025-02-07 00:00:00+00:00,CAL,California,WND,Wind,4207,megawatthours
2025-02-07 01:00:00+00:00,CAL,California,WND,Wind,4061,megawatthours
2025-02-07 02:00:00+00:00,CAL,California,WND,Wind,3974,megawatthours
2025-02-07 03:00:00+00:00,CAL,California,WND,Wind,3868,megawatthours
2025-02-07 04:00:00+00:00,CAL,California,WND,Wind,3595,megawatthours
2025-02-07 05:00:00+00:00,CAL,California,WND,Wind,3618,megawatthours
2025-02-07 06:00:00+00:00,CAL,California,WND,Wind,3545,megawatthours
2025-02-07 07:00:00+00:00,CAL,California,WND,Wind,3687,megawatthours
2025-02-07 08:00:00+00:00,CAL,California,WND,Wind,3627,megawatthours
2025-02-07 09:00:00+00:00,CAL,California,WND,Wind,3652,megawatthours
2025-02-07 10:00:00+00:00,CAL,California,WND,Wind,3597,megawatthours
2025-02-07 11:00:00+00:00,CAL,California,WND,Wind,3260,megawatthours
2025-02-07 12:00:00+00:00,CAL,California,WND,Wind,3101,megawatthours
2025-02-07 13:00:00+00:00,CAL,California,WND,Wind,3144,megawatthours
2025-02-07 14:00:00+00:00,CAL,California,WND,Wind,3177,megawatthours
2025-02-07 15:00:00+00:00,CAL,California,WND,Wind,3030,megawatthours
2025-02-07 16:00:00+00:00,CAL,California,WND,Wind,2865,megawatthours
2025-02-07 17:00:00+00:00,CAL,California,WND,Wind,2698,megawatthours
2025-02-07 18:00:00+00:00,CAL,California,WND,Wind,2557,megawatthours
2025-02-07 19:00:00+00:00,CAL,California,WND,Wind,2647,megawatthours
2025-02-07 20:00:00+00:00,CAL,California,WND,Wind,2779,megawatthours
2025-02-07 21:00:00+00:00,CAL,California,WND,Wind,3153,megawatthours
2025-02-07 22:00:00+00:00,CAL,California,WND,Wind,3772,megawatthours
2025-02-07 23:00:00+00:00,CAL,California,WND,Wind,4131,megawatthours
2025-02-08 00:00:00+00:00,CAL,California,WND,Wind,4455,megawatthours
2025-02-08 01:00:00+00:00,CAL,California,WND,Wind,4804,megawatthours
2025-02-08 02:00:00+00:00,CAL,California,WND,Wind,5134,megawatthours
2025-02-08 03:00:00+00:00,CAL,California,WND,Wind,5170,megawatthours
2025-02-08 04:00:00+00:00,CAL,California,WND,Wind,5003,megawatthours
2025-02-08 05:00:00+00:00,CAL,California,WND,Wind,4834,megawatthours
2025-02-08 06:00:00+00:00,CAL,California,WND,Wind,4789,megawatthours
2025-02-08 07:00:00+00:00,CAL,California,WND,Wind,4811,megawatthours
2025-02-08 08:00:00+00:00,CAL,California,WND,Wind,4780,megawatthours
2025-02-08 09:00:00+00:00,CAL,California,WND,Wind,4438,megawatthours
2025-02-08 10:00:00+00:00,CAL,California,WND,Wind,4151,megawatthours
2025-02-08 11:00:00+00:00,CAL,California,WND,Wind,3860,megawatthours
2025-02-08 12:00:00+00:00,CAL,California,WND,Wind,3874,megawatthours
2025-02-08 13:00:00+00:00,CAL,California,WND,Wind,3985,megawatthours
2025-02-08 14:00:00+00:00,CAL,California,WND,Wind,3808,megawatthours
2025-02-08 15:00:00+00:00,CAL,California,WND,Wind,3714,megawatthours
2025-02-08 16:00:00+00:00,CAL,California,WND,Wind,3542,megawatthours
2025-02-08 17:00:00+00:00,CAL,California,WND,Wind,3309,megawatthours
2025-02-08 18:00:00+00:00,CAL,California,WND,Wind,3119,megawatthours
2025-02-08 19:00:00+00:00,CAL,California,WND,Wind,2933,megawatthours
2025-02-08 20:00:00+00:00,CAL,California,WND,Wind,2447,megawatthours
2025-02-08 21:00:00+00:00,CAL,California,WND,Wind,2406,megawatthours
2025-02-08 22:00:00+00:00,CAL,California,WND,Wind,2633,megawatthours
2025-02-08 23:00:00+00:00,CAL,California,WND,Wind,2874,megawatthours
2025-02-09 00:00:00+00:00,CAL,California,WND,Wind,2880,megawatthours
2025-02-09 01:00:00+00:00,CAL,California,WND,Wind,2890,megawatthours
2025-02-09 02:00:00+00:00,CAL,California,WND,Wind,3062,megawatthours
2025-02-09 03:00:00+00:00,CAL,California,WND,Wind,3487,megawatthours
2025-02-09 04:00:00+00:00,CAL,California,WND,Wind,3337,megawatthours
2025-02-09 05:00:00+00:00,CAL,California,WND,Wind,3071,megawatthours
2025-02-09 06:00:00+00:00,CAL,California,WND,Wind,2290,megawatthours
2025-02-09 07:00:00+00:00,CAL,California,WND,Wind,1435,megawatthours
2025-02-09 08:00:00+00:00,CAL,California,WND,Wind,1039,megawatthours
2025-02-09 09:00:00+00:00,CAL,California,WND,Wind,846,megawatthours
2025-02-09 10:00:00+00:00,CAL,California,WND,Wind,680,megawatthours
2025-02-09 11:00:00+00:00,CAL,California,WND,Wind,666,megawatthours
2025-02-09 12:00:00+00:00,CAL,California,WND,Wind,784,megawatthours
2025-02-09 13:00:00+00:00,CAL,California,WND,Wind,885,megawatthours
2025-02-09 14:00:00+00:00,CAL,California,WND,Wind,813,megawatthours
2025-02-09 15:00:00+00:00,CAL,California,WND,Wind,962,megawatthours
2025-02-09 16:00:00+00:00,CAL,California,WND,Wind,1091,megawatthours
2025-02-09 17:00:00+00:00,CAL,California,WND,Wind,1041,megawatthours
2025-02-09 18:00:00+00:00,CAL,California,WND,Wind,905,megawatthours
2025-02-09 19:00:00+00:00,CAL,California,WND,Wind,1121,megawatthours
2025-02-09 20:00:00+00:00,CAL,California,WND,Wind,1275,megawatthours
2025-02-09 21:00:00+00:00,CAL,California,WND,Wind,1244,megawatthours
2025-02-09 22:00:00+00:00,CAL,California,WND,Wind,1202,megawatthours
2025-02-09 23:00:00+00:00,CAL,California,WND,Wind,1009,megawatthours
2025-02-10 00:00:00+00:00,CAL,California,WND,Wind,902,megawatthours
2025-02-10 01:00:00+00:00,CAL,California,WND,Wind,880,megawatthours
2025-02-10 02:00:00+00:00,CAL,California,WND,Wind,847,megawatthours
2025-02-10 03:00:00+00:00,CAL,California,WND,Wind,850,megawatthours
2025-02-10 04:00:00+00:00,CAL,California,WND,Wind,911,megawatthours
2025-02-10 05:00:00+00:00,CAL,California,WND,Wind,959,megawatthours
2025-02-10 06:00:00+00:00,CAL,California,WND,Wind,955,megawatthours
2025-02-10 07:00:00+00:00,CAL,California,WND,Wind,940,megawatthours
2025-02-10 08:00:00+00:00,CAL,California,WND,Wind,970,megawatthours
2025-02-10 09:00:00+00:00,CAL,California,WND,Wind,1016,megawatthours
2025-02-10 10:00:00+00:00,CAL,California,WND,Wind,1028,megawatthours
2025-02-10 11:00:00+00:00,CAL,California,WND,Wind,1112,megawatthours
2025-02-10 12:00:00+00:00,CAL,California,WND,Wind,1231,megawatthours
2025-02-10 13:00:00+00:00,CAL,California,WND,Wind,1394,megawatthours
2025-02-10 14:00:00+00:00,CAL,California,WND,Wind,1222,megawatthours
2025-02-10 15:00:00+00:00,CAL,California,WND,Wind,1056,megawatthours
2025-02-10 16:00:00+00:00,CAL,California,WND,Wind,1012,megawatthours
2025-02-10 17:00:00+00:00,CAL,California,WND,Wind,937,megawatthours
2025-02-10 18:00:00+00:00,CAL,California,WND,Wind,839,megawatthours
2025-02-10 19:00:00+00:00,CAL,California,WND,Wind,858,megawatthours
2025-02-10 20:00:00+00:00,CAL,California,WND,Wind,1021,megawatthours
2025-02-10 21:00:00+00:00,CAL,California,WND,Wind,1457,megawatthours
2025-02-10 22:00:00+00:00,CAL,California,WND,Wind,1674,megawatthours
2025-02-10 23:00:00+00:00,CAL,California,WND,Wind,2064,megawatthours
2025-02-11 00:00:00+00:00,CAL,California,WND,Wind,2426,megawatthours
2025-02-11 01:00:00+00:00,CAL,California,WND,Wind,2725,megawatthours
2025-02-11 02:00:00+00:00,CAL,California,WND,Wind,3114,megawatthours
2025-02-11 03:00:00+00:00,CAL,California,WND,Wind,3546,megawatthours
2025-02-11 04:00:00+00:00,CAL,California,WND,Wind,3117,megawatthours
2025-02-11 05:00:00+00:00,CAL,California,WND,Wind,3490,megawatthours
2025-02-11 06:00:00+00:00,CAL,California,WND,Wind,3914,megawatthours
2025-02-11 07:00:00+00:00,CAL,California,WND,Wind,3962,megawatthours
2025-02-11 08:00:00+00:00,CAL,California,WND,Wind,4179,megawatthours
2025-02-11 09:00:00+00:00,CAL,California,WND,Wind,4400,megawatthours
2025-02-11 10:00:00+00:00,CAL,California,WND,Wind,4357,megawatthours
2025-02-11 11:00:00+00:00,CAL,California,WND,Wind,4242,megawatthours
2025-02-11 12:00:00+00:00,CAL,California,WND,Wind,3940,megawatthours
2025-02-11 13:00:00+00:00,CAL,California,WND,Wind,3858,megawatthours
2025-02-11 14:00:00+00:00,CAL,California,WND,Wind,3842,megawatthours
2025-02-11 15:00:00+00:00,CAL,California,WND,Wind,3715,megawatthours
2025-02-11 16:00:00+00:00,CAL,California,WND,Wind,3528,megawatthours
2025-02-11 17:00:00+00:00,CAL,California,WND,Wind,3257,megawatthours
2025-02-11 18:00:00+00:00,CAL,California,WND,Wind,3036,megawatthours
2025-02-11 19:00:00+00:00,CAL,California,WND,Wind,3198,megawatthours
2025-02-11 20:00:00+00:00,CAL,California,WND,Wind,3338,megawatthours
2025-02-11 21:00:00+00:00,CAL,California,WND,Wind,3312,megawatthours
2025-02-11 22:00:00+00:00,CAL,California,WND,Wind,3351,megawatthours
2025-02-11 23:00:00+00:00,CAL,California,WND,Wind,3806,megawatthours
2025-02-12 00:00:00+00:00,CAL,California,WND,Wind,3902,megawatthours
2025-02-12 01:00:00+00:00,CAL,California,WND,Wind,3773,megawatthours
2025-02-12 02:00:00+00:00,CAL,California,WND,Wind,3961,megawatthours
2025-02-12 03:00:00+00:00,CAL,California,WND,Wind,3883,megawatthours
2025-02-12 04:00:00+00:00,CAL,California,WND,Wind,3544,megawatthours
2025-02-12 05:00:00+00:00,CAL,California,WND,Wind,3282,megawatthours
2025-02-12 06:00:00+00:00,CAL,California,WND,Wind,3247,megawatthours
2025-02-12 07:00:00+00:00,CAL,California,WND,Wind,2806,megawatthours
2025-02-12 08:00:00+00:00,CAL,California,WND,Wind,2646,megawatthours
2025-02-12 09:00:00+00:00,CAL,California,WND,Wind,2982,megawatthours
2025-02-12 10:00:00+00:00,CAL,California,WND,Wind,3472,megawatthours
2025-02-12 11:00:00+00:00,CAL,California,WND,Wind,3956,megawatthours
2025-02-12 12:00:00+00:00,CAL,California,WND,Wind,3785,megawatthours
2025-02-12 13:00:00+00:00,CAL,California,WND,Wind,3489,megawatthours
2025-02-12 14:00:00+00:00,CAL,California,WND,Wind,3094,megawatthours
2025-02-12 15:00:00+00:00,CAL,California,WND,Wind,2891,megawatthours
2025-02-12 16:00:00+00:00,CAL,California,WND,Wind,2680,megawatthours
2025-02-12 17:00:00+00:00,CAL,California,WND,Wind,2564,megawatthours
2025-02-12 18:00:00+00:00,CAL,California,WND,Wind,2391,megawatthours
2025-02-12 19:00:00+00:00,CAL,California,WND,Wind,2258,megawatthours
2025-02-12 20:00:00+00:00,CAL,California,WND,Wind,2184,megawatthours
2025-02-12 21:00:00+00:00,CAL,California,WND,Wind,2195,megawatthours
2025-02-12 22:00:00+00:00,CAL,California,WND,Wind,2143,megawatthours
2025-02-12 23:00:00+00:00,CAL,California,WND,Wind,2013,megawatthours
2025-02-13 00:00:00+00:00,CAL,California,WND,Wind,1951,megawatthours
2025-02-13 01:00:00+00:00,CAL,California,WND,Wind,1856,megawatthours
2025-02-13 02:00:00+00:00,CAL,California,WND,Wind,1728,megawatthours
2025-02-13 03:00:00+00:00,CAL,California,WND,Wind,1447,megawatthours
2025-02-13 04:00:00+00:00,CAL,California,WND,Wind,1121,megawatthours
2025-02-13 05:00:00+00:00,CAL,California,WND,Wind,853,megawatthours
2025-02-13 06:00:00+00:00,CAL,California,WND,Wind,737,megawatthours
2025-02-13 07:00:00+00:00,CAL,California,WND,Wind,1176,megawatthours
2025-02-13 08:00:00+00:00,CAL,California,WND,Wind,1675,megawatthours
2025-02-13 09:00:00+00:00,CAL,California,WND,Wind,2208,megawatthours
2025-02-13 10:00:00+00:00,CAL,California,WND,Wind,2297,megawatthours
2025-02-13 11:00:00+00:00,CAL,California,WND,Wind,2633,megawatthours
2025-02-13 12:00:00+00:00,CAL,California,WND,Wind,2727,megawatthours
2025-02-13 13:00:00+00:00,CAL,California,WND,Wind,2851,megawatthours
2025-02-13 14:00:00+00:00,CAL,California,WND,Wind,3131,megawatthours
2025-02-13 15:00:00+00:00,CAL,California,WND,Wind,2864,megawatthours
2025-02-13 16:00:00+00:00,CAL,California,WND,Wind,2787,megawatthours
2025-02-13 17:00:00+00:00,CAL,California,WND,Wind,2642,megawatthours
2025-02-13 18:00:00+00:00,CAL,California,WND,Wind,2540,megawatthours
2025-02-13 19:00:00+00:00,CAL,California,WND,Wind,2568,megawatthours
2025-02-13 20:00:00+00:00,CAL,California,WND,Wind,3027,megawatthours
2025-02-13 21:00:00+00:00,CAL,California,WND,Wind,3787,megawatthours
2025-02-13 22:00:00+00:00,CAL,California,WND,Wind,4524,megawatthours
2025-02-13 23:00:00+00:00,CAL,California,WND,Wind,4713,megawatthours
2025-02-14 00:00:00+00:00,CAL,California,WND,Wind,4122,megawatthours
2025-02-14 01:00:00+00:00,CAL,California,WND,Wind,4423,megawatthours
2025-02-14 02:00:00+00:00,CAL,California,WND,Wind,3576,megawatthours
2025-02-14 03:00:00+00:00,CAL,California,WND,Wind,3321,megawatthours
2025-02-14 04:00:00+00:00,CAL,California,WND,Wind,3103,megawatthours
2025-02-14 05:00:00+00:00,CAL,California,WND,Wind,3092,megawatthours
2025-02-14 06:00:00+00:00,CAL,California,WND,Wind,3013,megawatthours
2025-02-14 07:00:00+00:00,CAL,California,WND,Wind,3156,megawatthours
2025-02-14 08:00:00+00:00,CAL,California,WND,Wind,3531,megawatthours
2025-02-14 09:00:00+00:00,CAL,California,WND,Wind,3527,megawatthours
2025-02-14 10:00:00+00:00,CAL,California,WND,Wind,3540,megawatthours
2025-02-14 11:00:00+00:00,CAL,California,WND,Wind,3571,megawatthours
2025-02-14 12:00:00+00:00,CAL,California,WND,Wind,3825,megawatthours
2025-02-14 13:00:00+00:00,CAL,California,WND,Wind,4058,megawatthours
2025-02-14 14:00:00+00:00,CAL,California,WND,Wind,4099,megawatthours
2025-02-14 15:00:00+00:00,CAL,California,WND,Wind,4091,megawatthours
2025-02-14 16:00:00+00:00,CAL,California,WND,Wind,4251,megawatthours
2025-02-14 17:00:00+00:00,CAL,California,WND,Wind,4677,megawatthours
2025-02-14 18:00:00+00:00,CAL,California,WND,Wind,5411,megawatthours
2025-02-14 19:00:00+00:00,CAL,California,WND,Wind,5558,megawatthours
2025-02-14 20:00:00+00:00,CAL,California,WND,Wind,5645,megawatthours
2025-02-14 21:00:00+00:00,CAL,California,WND,Wind,5804,megawatthours
2025-02-14 22:00:00+00:00,CAL,California,WND,Wind,5807,megawatthours
2025-02-14 23:00:00+00:00,CAL,California,WND,Wind,5662,megawatthours
2025-02-15 00:00:00+00:00,CAL,California,WND,Wind,5653,megawatthours
2025-02-15 01:00:00+00:00,CAL,California,WND,Wind,5315,megawatthours
2025-02-15 02:00:00+00:00,CAL,California,WND,Wind,4977,megawatthours
2025-02-15 03:00:00+00:00,CAL,California,WND,Wind,5220,megawatthours
2025-02-15 04:00:00+00:00,CAL,California,WND,Wind,4937,megawatthours
2025-02-15 05:00:00+00:00,CAL,California,WND,Wind,4723,megawatthours
2025-02-15 06:00:00+00:00,CAL,California,WND,Wind,4525,megawatthours
2025-02-15 07:00:00+00:00,CAL,California,WND,Wind,4135,megawatthours
2025-02-15 08:00:00+00:00,CAL,California,WND,Wind,4046,megawatthours
2025-02-15 09:00:00+00:00,CAL,California,WND,Wind,4174,megawatthours
2025-02-15 10:00:00+00:00,CAL,California,WND,Wind,3764,megawatthours
2025-02-15 11:00:00+00:00,CAL,California,WND,Wind,3406,megawatthours
2025-02-15 12:00:00+00:00,CAL,California,WND,Wind,3247,megawatthours
2025-02-15 13:00:00+00:00,CAL,California,WND,Wind,3102,megawatthours
2025-02-15 14:00:00+00:00,CAL,California,WND,Wind,2512,megawatthours
2025-02-15 15:00:00+00:00,CAL,California,WND,Wind,1822,megawatthours
2025-02-15 16:00:00+00:00,CAL,California,WND,Wind,1954,megawatthours
2025-02-15 17:00:00+00:00,CAL,California,WND,Wind,1754,megawatthours
2025-02-15 18:00:00+00:00,CAL,California,WND,Wind,1525,megawatthours
2025-02-15 19:00:00+00:00,CAL,California,WND,Wind,1536,megawatthours
2025-02-15 20:00:00+00:00,CAL,California,WND,Wind,1589,megawatthours
2025-02-15 21:00:00+00:00,CAL,California,WND,Wind,1620,megawatthours
2025-02-15 22:00:00+00:00,CAL,California,WND,Wind,1539,megawatthours
2025-02-15 23:00:00+00:00,CAL,California,WND,Wind,1508,megawatthours
2025-02-16 00:00:00+00:00,CAL,California,WND,Wind,1447,megawatthours
2025-02-16 01:00:00+00:00,CAL,California,WND,Wind,1428,megawatthours
2025-02-16 02:00:00+00:00,CAL,California,WND,Wind,1460,megawatthours
2025-02-16 03:00:00+00:00,CAL,California,WND,Wind,1290,megawatthours
2025-02-16 04:00:00+00:00,CAL,California,WND,Wind,1407,megawatthours
2025-02-16 05:00:00+00:00,CAL,California,WND,Wind,1507,megawatthours
2025-02-16 06:00:00+00:00,CAL,California,WND,Wind,1535,megawatthours
2025-02-16 07:00:00+00:00,CAL,California,WND,Wind,1545,megawatthours
2025-02-16 08:00:00+00:00,CAL,California,WND,Wind,1452,megawatthours
2025-02-16 09:00:00+00:00,CAL,California,WND,Wind,1312,megawatthours
2025-02-16 10:00:00+00:00,CAL,California,WND,Wind,955,megawatthours
2025-02-16 11:00:00+00:00,CAL,California,WND,Wind,846,megawatthours
2025-02-16 12:00:00+00:00,CAL,California,WND,Wind,939,megawatthours
2025-02-16 13:00:00+00:00,CAL,California,WND,Wind,1176,megawatthours
2025-02-16 14:00:00+00:00,CAL,California,WND,Wind,1267,megawatthours
2025-02-16 15:00:00+00:00,CAL,California,WND,Wind,1199,megawatthours
2025-02-16 16:00:00+00:00,CAL,California,WND,Wind,1277,megawatthours
2025-02-16 17:00:00+00:00,CAL,California,WND,Wind,1213,megawatthours
2025-02-16 18:00:00+00:00,CAL,California,WND,Wind,1195,megawatthours
2025-02-16 19:00:00+00:00,CAL,California,WND,Wind,1113,megawatthours
2025-02-16 20:00:00+00:00,CAL,California,WND,Wind,1048,megawatthours
2025-02-16 21:00:00+00:00,CAL,California,WND,Wind,1089,megawatthours
2025-02-16 22:00:00+00:00,CAL,California,WND,Wind,1263,megawatthours
2025-02-16 23:00:00+00:00,CAL,California,WND,Wind,1821,megawatthours
2025-02-17 00:00:00+00:00,CAL,California,WND,Wind,2192,megawatthours
2025-02-17 01:00:00+00:00,CAL,California,WND,Wind,2093,megawatthours
2025-02-17 02:00:00+00:00,CAL,California,WND,Wind,2153,megawatthours
2025-02-17 03:00:00+00:00,CAL,California,WND,Wind,2179,megawatthours
2025-02-17 04:00:00+00:00,CAL,California,WND,Wind,2539,megawatthours
2025-02-17 05:00:00+00:00,CAL,California,WND,Wind,2855,megawatthours
2025-02-17 06:00:00+00:00,CAL,California,WND,Wind,2945,megawatthours
2025-02-17 07:00:00+00:00,CAL,California,WND,Wind,3335,megawatthours
2025-02-17 08:00:00+00:00,CAL,California,WND,Wind,3748,megawatthours
2025-02-17 09:00:00+00:00,CAL,California,WND,Wind,4109,megawatthours
2025-02-17 10:00:00+00:00,CAL,California,WND,Wind,4343,megawatthours
2025-02-17 11:00:00+00:00,CAL,California,WND,Wind,4321,megawatthours
2025-02-17 12:00:00+00:00,CAL,California,WND,Wind,4272,megawatthours
2025-02-17 13:00:00+00:00,CAL,California,WND,Wind,4051,megawatthours
2025-02-17 14:00:00+00:00,CAL,California,WND,Wind,3838,megawatthours
2025-02-17 15:00:00+00:00,CAL,California,WND,Wind,3939,megawatthours
2025-02-17 16:00:00+00:00,CAL,California,WND,Wind,4167,megawatthours
2025-02-17 17:00:00+00:00,CAL,California,WND,Wind,3553,megawatthours
2025-02-17 18:00:00+00:00,CAL,California,WND,Wind,3804,megawatthours
2025-02-17 19:00:00+00:00,CAL,California,WND,Wind,3849,megawatthours
2025-02-17 20:00:00+00:00,CAL,California,WND,Wind,3925,megawatthours
2025-02-17 21:00:00+00:00,CAL,California,WND,Wind,4229,megawatthours
2025-02-17 22:00:00+00:00,CAL,California,WND,Wind,4553,megawatthours
2025-02-17 23:00:00+00:00,CAL,California,WND,Wind,4272,megawatthours
2025-02-18 00:00:00+00:00,CAL,California,WND,Wind,4133,megawatthours
2025-02-18 01:00:00+00:00,CAL,California,WND,Wind,4226,megawatthours
2025-02-18 02:00:00+00:00,CAL,California,WND,Wind,4284,megawatthours
2025-02-18 03:00:00+00:00,CAL,California,WND,Wind,4207,megawatthours
2025-02-18 04:00:00+00:00,CAL,California,WND,Wind,4247,megawatthours
2025-02-18 05:00:00+00:00,CAL,California,WND,Wind,4374,megawatthours
2025-02-18 06:00:00+00:00,CAL,California,WND,Wind,4267,megawatthours
2025-02-18 07:00:00+00:00,CAL,California,WND,Wind,3971,megawatthours
2025-02-18 08:00:00+00:00,CAL,California,WND,Wind,3891,megawatthours
2025-02-18 09:00:00+00:00,CAL,California,WND,Wind,3798,megawatthours
2025-02-18 10:00:00+00:00,CAL,California,WND,Wind,3723,megawatthours
2025-02-18 11:00:00+00:00,CAL,California,WND,Wind,3435,megawatthours
2025-02-18 12:00:00+00:00,CAL,California,WND,Wind,3391,megawatthours
2025-02-18 13:00:00+00:00,CAL,California,WND,Wind,3404,megawatthours
2025-02-18 14:00:00+00:00,CAL,California,WND,Wind,3394,megawatthours
2025-02-18 15:00:00+00:00,CAL,California,WND,Wind,3338,megawatthours
2025-02-18 16:00:00+00:00,CAL,California,WND,Wind,2908,megawatthours
2025-02-18 17:00:00+00:00,CAL,California,WND,Wind,2270,megawatthours
2025-02-18 18:00:00+00:00,CAL,California,WND,Wind,1606,megawatthours
2025-02-18 19:00:00+00:00,CAL,California,WND,Wind,948,megawatthours
2025-02-18 20:00:00+00:00,CAL,California,WND,Wind,1060,megawatthours
2025-02-18 21:00:00+00:00,CAL,California,WND,Wind,1526,megawatthours
2025-02-18 22:00:00+00:00,CAL,California,WND,Wind,1572,megawatthours
2025-02-18 23:00:00+00:00,CAL,California,WND,Wind,1579,megawatthours
2025-02-19 00:00:00+00:00,CAL,California,WND,Wind,1407,megawatthours
2025-02-19 01:00:00+00:00,CAL,California,WND,Wind,1352,megawatthours
2025-02-19 02:00:00+00:00,CAL,California,WND,Wind,995,megawatthours
2025-02-19 03:00:00+00:00,CAL,California,WND,Wind,661,megawatthours
2025-02-19 04:00:00+00:00,CAL,California,WND,Wind,586,megawatthours
2025-02-19 05:00:00+00:00,CAL,California,WND,Wind,578,megawatthours
2025-02-19 06:00:00+00:00,CAL,California,WND,Wind,658,megawatthours
2025-02-19 07:00:00+00:00,CAL,California,WND,Wind,743,megawatthours
2025-02-19 08:00:00+00:00,CAL,California,WND,Wind,627,megawatthours
2025-02-19 09:00:00+00:00,CAL,California,WND,Wind,605,megawatthours
2025-02-19 10:00:00+00:00,CAL,California,WND,Wind,541,megawatthours
2025-02-19 11:00:00+00:00,CAL,California,WND,Wind,432,megawatthours
2025-02-19 12:00:00+00:00,CAL,California,WND,Wind,474,megawatthours
2025-02-19 13:00:00+00:00,CAL,California,WND,Wind,441,megawatthours
2025-02-19 14:00:00+00:00,CAL,California,WND,Wind,507,megawatthours
2025-02-19 15:00:00+00:00,CAL,California,WND,Wind,445,megawatthours
2025-02-19 16:00:00+00:00,CAL,California,WND,Wind,511,megawatthours
2025-02-19 17:00:00+00:00,CAL,California,WND,Wind,766,megawatthours
2025-02-19 18:00:00+00:00,CAL,California,WND,Wind,651,megawatthours
2025-02-19 19:00:00+00:00,CAL,California,WND,Wind,564,megawatthours
2025-02-19 20:00:00+00:00,CAL,California,WND,Wind,600,megawatthours
2025-02-19 21:00:00+00:00,CAL,California,WND,Wind,563,megawatthours
2025-02-19 22:00:00+00:00,CAL,California,WND,Wind,725,megawatthours
2025-02-19 23:00:00+00:00,CAL,California,WND,Wind,1114,megawatthours
2025-02-20 00:00:00+00:00,CAL,California,WND,Wind,1464,megawatthours
2025-02-20 01:00:00+00:00,CAL,California,WND,Wind,1420,megawatthours
2025-02-20 02:00:00+00:00,CAL,California,WND,Wind,1571,megawatthours
2025-02-20 03:00:00+00:00,CAL,California,WND,Wind,1587,megawatthours
2025-02-20 04:00:00+00:00,CAL,California,WND,Wind,1779,megawatthours
2025-02-20 05:00:00+00:00,CAL,California,WND,Wind,2166,megawatthours
2025-02-20 06:00:00+00:00,CAL,California,WND,Wind,2306,megawatthours
2025-02-20 07:00:00+00:00,CAL,California,WND,Wind,2626,megawatthours
2025-02-20 08:00:00+00:00,CAL,California,WND,Wind,2914,megawatthours
2025-02-20 09:00:00+00:00,CAL,California,WND,Wind,3191,megawatthours
2025-02-20 10:00:00+00:00,CAL,California,WND,Wind,3504,megawatthours
2025-02-20 11:00:00+00:00,CAL,California,WND,Wind,3366,megawatthours
2025-02-20 12:00:00+00:00,CAL,California,WND,Wind,3088,megawatthours
2025-02-20 13:00:00+00:00,CAL,California,WND,Wind,2635,megawatthours
2025-02-20 14:00:00+00:00,CAL,California,WND,Wind,3226,megawatthours
2025-02-20 15:00:00+00:00,CAL,California,WND,Wind,2897,megawatthours
2025-02-20 16:00:00+00:00,CAL,California,WND,Wind,2756,megawatthours
2025-02-20 17:00:00+00:00,CAL,California,WND,Wind,1882,megawatthours
2025-02-20 18:00:00+00:00,CAL,California,WND,Wind,1286,megawatthours
2025-02-20 19:00:00+00:00,CAL,California,WND,Wind,1079,megawatthours
2025-02-20 20:00:00+00:00,CAL,California,WND,Wind,1501,megawatthours
2025-02-20 21:00:00+00:00,CAL,California,WND,Wind,1847,megawatthours
2025-02-20 22:00:00+00:00,CAL,California,WND,Wind,1684,megawatthours
2025-02-20 23:00:00+00:00,CAL,California,WND,Wind,1577,megawatthours
2025-02-21 00:00:00+00:00,CAL,California,WND,Wind,1717,megawatthours
2025-02-21 01:00:00+00:00,CAL,California,WND,Wind,1512,megawatthours
2025-02-21 02:00:00+00:00,CAL,California,WND,Wind,1308,megawatthours
2025-02-21 03:00:00+00:00,CAL,California,WND,Wind,1140,megawatthours
2025-02-21 04:00:00+00:00,CAL,California,WND,Wind,875,megawatthours
2025-02-21 05:00:00+00:00,CAL,California,WND,Wind,733,megawatthours
2025-02-21 06:00:00+00:00,CAL,California,WND,Wind,841,megawatthours
2025-02-21 07:00:00+00:00,CAL,California,WND,Wind,1056,megawatthours
2025-02-21 08:00:00+00:00,CAL,California,WND,Wind,984,megawatthours
2025-02-21 09:00:00+00:00,CAL,California,WND,Wind,1080,megawatthours
2025-02-21 10:00:00+00:00,CAL,California,WND,Wind,1227,megawatthours
2025-02-21 11:00:00+00:00,CAL,California,WND,Wind,1235,megawatthours
2025-02-21 12:00:00+00:00,CAL,California,WND,Wind,1310,megawatthours
2025-02-21 13:00:00+00:00,CAL,California,WND,Wind,1601,megawatthours
2025-02-21 14:00:00+00:00,CAL,California,WND,Wind,1349,megawatthours
2025-02-21 15:00:00+00:00,CAL,California,WND,Wind,1038,megawatthours
2025-02-21 16:00:00+00:00,CAL,California,WND,Wind,869,megawatthours
2025-02-21 17:00:00+00:00,CAL,California,WND,Wind,925,megawatthours
2025-02-21 18:00:00+00:00,CAL,California,WND,Wind,1017,megawatthours
2025-02-21 19:00:00+00:00,CAL,California,WND,Wind,1217,megawatthours
2025-02-21 20:00:00+00:00,CAL,California,WND,Wind,1167,megawatthours
2025-02-21 21:00:00+00:00,CAL,California,WND,Wind,883,megawatthours
2025-02-21 22:00:00+00:00,CAL,California,WND,Wind,690,megawatthours
2025-02-21 23:00:00+00:00,CAL,California,WND,Wind,612,megawatthours
2025-02-22 00:00:00+00:00,CAL,California,WND,Wind,569,megawatthours
2025-02-22 01:00:00+00:00,CAL,California,WND,Wind,556,megawatthours
2025-02-22 02:00:00+00:00,CAL,California,WND,Wind,535,megawatthours
2025-02-22 03:00:00+00:00,CAL,California,WND,Wind,423,megawatthours
2025-02-22 04:00:00+00:00,CAL,California,WND,Wind,303,megawatthours
2025-02-22 05:00:00+00:00,CAL,California,WND,Wind,268,megawatthours
2025-02-22 06:00:00+00:00,CAL,California,WND,Wind,223,megawatthours
2025-02-22 07:00:00+00:00,CAL,California,WND,Wind,238,megawatthours
2025-02-22 08:00:00+00:00,CAL,California,WND,Wind,334,megawatthours
2025-02-22 09:00:00+00:00,CAL,California,WND,Wind,331,megawatthours
2025-02-22 10:00:00+00:00,CAL,California,WND,Wind,317,megawatthours
2025-02-22 11:00:00+00:00,CAL,California,WND,Wind,267,megawatthours
2025-02-22 12:00:00+00:00,CAL,California,WND,Wind,297,megawatthours
2025-02-22 13:00:00+00:00,CAL,California,WND,Wind,394,megawatthours
2025-02-22 14:00:00+00:00,CAL,California,WND,Wind,417,megawatthours
2025-02-22 15:00:00+00:00,CAL,California,WND,Wind,392,megawatthours
2025-02-22 16:00:00+00:00,CAL,California,WND,Wind,376,megawatthours
2025-02-22 17:00:00+00:00,CAL,California,WND,Wind,273,megawatthours
2025-02-22 18:00:00+00:00,CAL,California,WND,Wind,292,megawatthours
2025-02-22 19:00:00+00:00,CAL,California,WND,Wind,247,megawatthours
2025-02-22 20:00:00+00:00,CAL,California,WND,Wind,309,megawatthours
2025-02-22 21:00:00+00:00,CAL,California,WND,Wind,504,megawatthours
2025-02-22 22:00:00+00:00,CAL,California,WND,Wind,569,megawatthours
2025-02-22 23:00:00+00:00,CAL,California,WND,Wind,534,megawatthours
2025-02-23 00:00:00+00:00,CAL,California,WND,Wind,561,megawatthours
2025-02-23 01:00:00+00:00,CAL,California,WND,Wind,633,megawatthours
2025-02-23 02:00:00+00:00,CAL,California,WND,Wind,723,megawatthours
2025-02-23 03:00:00+00:00,CAL,California,WND,Wind,914,megawatthours
2025-02-23 04:00:00+00:00,CAL,California,WND,Wind,1130,megawatthours
2025-02-23 05:00:00+00:00,CAL,California,WND,Wind,1340,megawatthours
2025-02-23 06:00:00+00:00,CAL,California,WND,Wind,1450,megawatthours
2025-02-23 07:00:00+00:00,CAL,California,WND,Wind,1737,megawatthours
2025-02-23 08:00:00+00:00,CAL,California,WND,Wind,2288,megawatthours
2025-02-23 09:00:00+00:00,CAL,California,WND,Wind,2130,megawatthours
2025-02-23 10:00:00+00:00,CAL,California,WND,Wind,1872,megawatthours
2025-02-23 11:00:00+00:00,CAL,California,WND,Wind,1845,megawatthours
2025-02-23 12:00:00+00:00,CAL,California,WND,Wind,1867,megawatthours
2025-02-23 13:00:00+00:00,CAL,California,WND,Wind,1826,megawatthours
2025-02-23 14:00:00+00:00,CAL,California,WND,Wind,1702,megawatthours
2025-02-23 15:00:00+00:00,CAL,California,WND,Wind,1469,megawatthours
2025-02-23 16:00:00+00:00,CAL,California,WND,Wind,1389,megawatthours
2025-02-23 17:00:00+00:00,CAL,California,WND,Wind,1413,megawatthours
2025-02-23 18:00:00+00:00,CAL,California,WND,Wind,1371,megawatthours
2025-02-23 19:00:00+00:00,CAL,California,WND,Wind,1300,megawatthours
2025-02-23 20:00:00+00:00,CAL,California,WND,Wind,1285,megawatthours
2025-02-23 21:00:00+00:00,CAL,California,WND,Wind,1438,megawatthours
2025-02-23 22:00:00+00:00,CAL,California,WND,Wind,1345,megawatthours
2025-02-23 23:00:00+00:00,CAL,California,WND,Wind,1441,megawatthours
2025-02-24 00:00:00+00:00,CAL,California,WND,Wind,1634,megawatthours
2025-02-24 01:00:00+00:00,CAL,California,WND,Wind,1595,megawatthours
2025-02-24 02:00:00+00:00,CAL,California,WND,Wind,1805,megawatthours
2025-02-24 03:00:00+00:00,CAL,California,WND,Wind,2488,megawatthours
2025-02-24 04:00:00+00:00,CAL,California,WND,Wind,2960,megawatthours
2025-02-24 05:00:00+00:00,CAL,California,WND,Wind,2789,megawatthours
2025-02-24 06:00:00+00:00,CAL,California,WND,Wind,2447,megawatthours
2025-02-24 07:00:00+00:00,CAL,California,WND,Wind,2237,megawatthours
2025-02-24 08:00:00+00:00,CAL,California,WND,Wind,2227,megawatthours
2025-02-24 09:00:00+00:00,CAL,California,WND,Wind,2154,megawatthours
2025-02-24 10:00:00+00:00,CAL,California,WND,Wind,2333,megawatthours
2025-02-24 11:00:00+00:00,CAL,California,WND,Wind,2194,megawatthours
2025-02-24 12:00:00+00:00,CAL,California,WND,Wind,1803,megawatthours
2025-02-24 13:00:00+00:00,CAL,California,WND,Wind,1458,megawatthours
2025-02-24 14:00:00+00:00,CAL,California,WND,Wind,1525,megawatthours
2025-02-24 15:00:00+00:00,CAL,California,WND,Wind,2068,megawatthours
2025-02-24 16:00:00+00:00,CAL,California,WND,Wind,2285,megawatthours
2025-02-24 17:00:00+00:00,CAL,California,WND,Wind,1835,megawatthours
2025-02-24 18:00:00+00:00,CAL,California,WND,Wind,1587,megawatthours
2025-02-24 19:00:00+00:00,CAL,California,WND,Wind,1973,megawatthours
2025-02-24 20:00:00+00:00,CAL,California,WND,Wind,2270,megawatthours
2025-02-24 21:00:00+00:00,CAL,California,WND,Wind,2557,megawatthours
2025-02-24 22:00:00+00:00,CAL,California,WND,Wind,2599,megawatthours
2025-02-24 23:00:00+00:00,CAL,California,WND,Wind,2392,megawatthours
2025-02-25 00:00:00+00:00,CAL,California,WND,Wind,2186,megawatthours
2025-02-25 01:00:00+00:00,CAL,California,WND,Wind,2403,megawatthours
2025-02-25 02:00:00+00:00,CAL,California,WND,Wind,3400,megawatthours
2025-02-25 03:00:00+00:00,CAL,California,WND,Wind,3615,megawatthours
2025-02-25 04:00:00+00:00,CAL,California,WND,Wind,3888,megawatthours
2025-02-25 05:00:00+00:00,CAL,California,WND,Wind,4236,megawatthours
2025-02-25 06:00:00+00:00,CAL,California,WND,Wind,4208,megawatthours
2025-02-25 07:00:00+00:00,CAL,California,WND,Wind,3971,megawatthours
2025-02-25 08:00:00+00:00,CAL,California,WND,Wind,3996,megawatthours
2025-02-25 09:00:00+00:00,CAL,California,WND,Wind,4104,megawatthours
2025-02-25 10:00:00+00:00,CAL,California,WND,Wind,3934,megawatthours
2025-02-25 11:00:00+00:00,CAL,California,WND,Wind,3680,megawatthours
2025-02-25 12:00:00+00:00,CAL,California,WND,Wind,3341,megawatthours
2025-02-25 13:00:00+00:00,CAL,California,WND,Wind,2932,megawatthours
2025-02-25 14:00:00+00:00,CAL,California,WND,Wind,2627,megawatthours
2025-02-25 15:00:00+00:00,CAL,California,WND,Wind,2660,megawatthours
2025-02-25 16:00:00+00:00,CAL,California,WND,Wind,2503,megawatthours
2025-02-25 17:00:00+00:00,CAL,California,WND,Wind,1990,megawatthours
2025-02-25 18:00:00+00:00,CAL,California,WND,Wind,1805,megawatthours
2025-02-25 19:00:00+00:00,CAL,California,WND,Wind,1879,megawatthours
2025-02-25 20:00:00+00:00,CAL,California,WND,Wind,1772,megawatthours
2025-02-25 21:00:00+00:00,CAL,California,WND,Wind,1760,megawatthours
2025-02-25 22:00:00+00:00,CAL,California,WND,Wind,1829,megawatthours
2025-02-25 23:00:00+00:00,CAL,California,WND,Wind,2088,megawatthours
2025-02-26 00:00:00+00:00,CAL,California,WND,Wind,2296,megawatthours
2025-02-26 01:00:00+00:00,CAL,California,WND,Wind,2891,megawatthours
2025-02-26 02:00:00+00:00,CAL,California,WND,Wind,3279,megawatthours
2025-02-26 03:00:00+00:00,CAL,California,WND,Wind,3431,megawatthours
2025-02-26 04:00:00+00:00,CAL,California,WND,Wind,3123,megawatthours
2025-02-26 05:00:00+00:00,CAL,California,WND,Wind,2734,megawatthours
2025-02-26 06:00:00+00:00,CAL,California,WND,Wind,2405,megawatthours
2025-02-26 07:00:00+00:00,CAL,California,WND,Wind,2584,megawatthours
2025-02-26 08:00:00+00:00,CAL,California,WND,Wind,2696,megawatthours
2025-02-26 09:00:00+00:00,CAL,California,WND,Wind,2390,megawatthours
2025-02-26 10:00:00+00:00,CAL,California,WND,Wind,1556,megawatthours
2025-02-26 11:00:00+00:00,CAL,California,WND,Wind,1411,megawatthours
2025-02-26 12:00:00+00:00,CAL,California,WND,Wind,1185,megawatthours
2025-02-26 13:00:00+00:00,CAL,California,WND,Wind,858,megawatthours
2025-02-26 14:00:00+00:00,CAL,California,WND,Wind,999,megawatthours
2025-02-26 15:00:00+00:00,CAL,California,WND,Wind,1183,megawatthours
2025-02-26 16:00:00+00:00,CAL,California,WND,Wind,1081,megawatthours
2025-02-26 17:00:00+00:00,CAL,California,WND,Wind,1012,megawatthours
2025-02-26 18:00:00+00:00,CAL,California,WND,Wind,1009,megawatthours
2025-02-26 19:00:00+00:00,CAL,California,WND,Wind,1001,megawatthours
2025-02-26 20:00:00+00:00,CAL,California,WND,Wind,1035,megawatthours
2025-02-26 21:00:00+00:00,CAL,California,WND,Wind,995,megawatthours
2025-02-26 22:00:00+00:00,CAL,California,WND,Wind,971,megawatthours
2025-02-26 23:00:00+00:00,CAL,California,WND,Wind,894,megawatthours
2025-02-27 00:00:00+00:00,CAL,California,WND,Wind,1037,megawatthours
2025-02-27 01:00:00+00:00,CAL,California,WND,Wind,1383,megawatthours
2025-02-27 02:00:00+00:00,CAL,California,WND,Wind,1321,megawatthours
2025-02-27 03:00:00+00:00,CAL,California,WND,Wind,1453,megawatthours
2025-02-27 04:00:00+00:00,CAL,California,WND,Wind,1494,megawatthours
2025-02-27 05:00:00+00:00,CAL,California,WND,Wind,1395,megawatthours
2025-02-27 06:00:00+00:00,CAL,California,WND,Wind,1355,megawatthours
2025-02-27 07:00:00+00:00,CAL,California,WND,Wind,1250,megawatthours
2025-02-27 08:00:00+00:00,CAL,California,WND,Wind,1175,megawatthours
2025-02-27 09:00:00+00:00,CAL,California,WND,Wind,1404,megawatthours
2025-02-27 10:00:00+00:00,CAL,California,WND,Wind,1259,megawatthours
2025-02-27 11:00:00+00:00,CAL,California,WND,Wind,1037,megawatthours
2025-02-27 12:00:00+00:00,CAL,California,WND,Wind,1246,megawatthours
2025-02-27 13:00:00+00:00,CAL,California,WND,Wind,1369,megawatthours
2025-02-27 14:00:00+00:00,CAL,California,WND,Wind,1301,megawatthours
2025-02-27 15:00:00+00:00,CAL,California,WND,Wind,1438,megawatthours
2025-02-27 16:00:00+00:00,CAL,California,WND,Wind,1314,megawatthours
2025-02-27 17:00:00+00:00,CAL,California,WND,Wind,1488,megawatthours
2025-02-27 18:00:00+00:00,CAL,California,WND,Wind,1700,megawatthours
2025-02-27 19:00:00+00:00,CAL,California,WND,Wind,1952,megawatthours
2025-02-27 20:00:00+00:00,CAL,California,WND,Wind,2016,megawatthours
2025-02-27 21:00:00+00:00,CAL,California,WND,Wind,2200,megawatthours
2025-02-27 22:00:00+00:00,CAL,California,WND,Wind,2151,megawatthours
2025-02-27 23:00:00+00:00,CAL,California,WND,Wind,1893,megawatthours
2025-02-28 00:00:00+00:00,CAL,California,WND,Wind,1464,megawatthours
2025-02-28 01:00:00+00:00,CAL,California,WND,Wind,1166,megawatthours
2025-02-28 02:00:00+00:00,CAL,California,WND,Wind,1169,megawatthours
2025-02-28 03:00:00+00:00,CAL,California,WND,Wind,1122,megawatthours
2025-02-28 04:00:00+00:00,CAL,California,WND,Wind,1114,megawatthours
2025-02-28 05:00:00+00:00,CAL,California,WND,Wind,1125,megawatthours
2025-02-28 06:00:00+00:00,CAL,California,WND,Wind,1188,megawatthours
2025-02-28 07:00:00+00:00,CAL,California,WND,Wind,1051,megawatthours
2025-02-28 08:00:00+00:00,CAL,California,WND,Wind,932,megawatthours
2025-02-28 09:00:00+00:00,CAL,California,WND,Wind,1036,megawatthours
2025-02-28 10:00:00+00:00,CAL,California,WND,Wind,1415,megawatthours
2025-02-28 11:00:00+00:00,CAL,California,WND,Wind,1574,megawatthours
2025-02-28 12:00:00+00:00,CAL,California,WND,Wind,1633,megawatthours
2025-02-28 13:00:00+00:00,CAL,California,WND,Wind,1751,megawatthours
2025-02-28 14:00:00+00:00,CAL,California,WND,Wind,1585,megawatthours
2025-02-28 15:00:00+00:00,CAL,California,WND,Wind,1533,megawatthours
2025-02-28 16:00:00+00:00,CAL,California,WND,Wind,1456,megawatthours
2025-02-28 17:00:00+00:00,CAL,California,WND,Wind,1204,megawatthours
2025-02-28 18:00:00+00:00,CAL,California,WND,Wind,1323,megawatthours
2025-02-28 19:00:00+00:00,CAL,California,WND,Wind,1645,megawatthours
2025-02-28 20:00:00+00:00,CAL,California,WND,Wind,1949,megawatthours
2025-02-28 21:00:00+00:00,CAL,California,WND,Wind,2169,megawatthours
2025-02-28 22:00:00+00:00,CAL,California,WND,Wind,1848,megawatthours
2025-02-28 23:00:00+00:00,CAL,California,WND,Wind,1351,megawatthours
2025-03-01 00:00:00+00:00,CAL,California,WND,Wind,1061,megawatthours
2025-03-01 01:00:00+00:00,CAL,California,WND,Wind,894,megawatthours
2025-03-01 02:00:00+00:00,CAL,California,WND,Wind,815,megawatthours
2025-03-01 03:00:00+00:00,CAL,California,WND,Wind,700,megawatthours
2025-03-01 04:00:00+00:00,CAL,California,WND,Wind,541,megawatthours
2025-03-01 05:00:00+00:00,CAL,California,WND,Wind,892,megawatthours
2025-03-01 06:00:00+00:00,CAL,California,WND,Wind,1343,megawatthours
2025-03-01 07:00:00+00:00,CAL,California,WND,Wind,1356,megawatthours
2025-03-01 08:00:00+00:00,CAL,California,WND,Wind,1262,megawatthours
2025-03-01 09:00:00+00:00,CAL,California,WND,Wind,1528,megawatthours
2025-03-01 10:00:00+00:00,CAL,California,WND,Wind,1622,megawatthours
2025-03-01 11:00:00+00:00,CAL,California,WND,Wind,1671,megawatthours
2025-03-01 12:00:00+00:00,CAL,California,WND,Wind,2142,megawatthours
2025-03-01 13:00:00+00:00,CAL,California,WND,Wind,2657,megawatthours
2025-03-01 14:00:00+00:00,CAL,California,WND,Wind,3173,megawatthours
2025-03-01 15:00:00+00:00,CAL,California,WND,Wind,3165,megawatthours
2025-03-01 16:00:00+00:00,CAL,California,WND,Wind,3106,megawatthours
2025-03-01 17:00:00+00:00,CAL,California,WND,Wind,2435,megawatthours
2025-03-01 18:00:00+00:00,CAL,California,WND,Wind,2395,megawatthours
2025-03-01 19:00:00+00:00,CAL,California,WND,Wind,2356,megawatthours
2025-03-01 20:00:00+00:00,CAL,California,WND,Wind,2624,megawatthours
2025-03-01 21:00:00+00:00,CAL,California,WND,Wind,3193,megawatthours
2025-03-01 22:00:00+00:00,CAL,California,WND,Wind,3690,megawatthours
2025-03-01 23:00:00+00:00,CAL,California,WND,Wind,4124,megawatthours
2025-03-02 00:00:00+00:00,CAL,California,WND,Wind,4436,megawatthours
2025-03-02 01:00:00+00:00,CAL,California,WND,Wind,4852,megawatthours
2025-03-02 02:00:00+00:00,CAL,California,WND,Wind,5481,megawatthours
2025-03-02 03:00:00+00:00,CAL,California,WND,Wind,5167,megawatthours
2025-03-02 04:00:00+00:00,CAL,California,WND,Wind,4853,megawatthours
2025-03-02 05:00:00+00:00,CAL,California,WND,Wind,5044,megawatthours
2025-03-02 06:00:00+00:00,CAL,California,WND,Wind,5306,megawatthours
2025-03-02 07:00:00+00:00,CAL,California,WND,Wind,5079,megawatthours
2025-03-02 08:00:00+00:00,CAL,California,WND,Wind,5167,megawatthours
2025-03-02 09:00:00+00:00,CAL,California,WND,Wind,4535,megawatthours
2025-03-02 10:00:00+00:00,CAL,California,WND,Wind,4558,megawatthours
2025-03-02 11:00:00+00:00,CAL,California,WND,Wind,4187,megawatthours
2025-03-02 12:00:00+00:00,CAL,California,WND,Wind,4874,megawatthours
2025-03-02 13:00:00+00:00,CAL,California,WND,Wind,5205,megawatthours
2025-03-02 14:00:00+00:00,CAL,California,WND,Wind,4925,megawatthours
2025-03-02 15:00:00+00:00,CAL,California,WND,Wind,4436,megawatthours
2025-03-02 16:00:00+00:00,CAL,California,WND,Wind,3577,megawatthours
2025-03-02 17:00:00+00:00,CAL,California,WND,Wind,4260,megawatthours
2025-03-02 18:00:00+00:00,CAL,California,WND,Wind,4578,megawatthours
2025-03-02 19:00:00+00:00,CAL,California,WND,Wind,4765,megawatthours
2025-03-02 20:00:00+00:00,CAL,California,WND,Wind,4577,megawatthours
2025-03-02 21:00:00+00:00,CAL,California,WND,Wind,4768,megawatthours
2025-03-02 22:00:00+00:00,CAL,California,WND,Wind,4769,megawatthours
2025-03-02 23:00:00+00:00,CAL,California,WND,Wind,4899,megawatthours
2025-03-03 00:00:00+00:00,CAL,California,WND,Wind,5324,megawatthours
2025-03-03 01:00:00+00:00,CAL,California,WND,Wind,5243,megawatthours
2025-03-03 02:00:00+00:00,CAL,California,WND,Wind,5356,megawatthours
2025-03-03 03:00:00+00:00,CAL,California,WND,Wind,5318,megawatthours
2025-03-03 04:00:00+00:00,CAL,California,WND,Wind,5089,megawatthours
2025-03-03 05:00:00+00:00,CAL,California,WND,Wind,4826,megawatthours
2025-03-03 06:00:00+00:00,CAL,California,WND,Wind,4550,megawatthours
2025-03-03 07:00:00+00:00,CAL,California,WND,Wind,4754,megawatthours
2025-03-03 08:00:00+00:00,CAL,California,WND,Wind,4623,megawatthours
2025-03-03 09:00:00+00:00,CAL,California,WND,Wind,4471,megawatthours
2025-03-03 10:00:00+00:00,CAL,California,WND,Wind,4264,megawatthours
2025-03-03 11:00:00+00:00,CAL,California,WND,Wind,3973,megawatthours
2025-03-03 12:00:00+00:00,CAL,California,WND,Wind,3833,megawatthours
2025-03-03 13:00:00+00:00,CAL,California,WND,Wind,3714,megawatthours
2025-03-03 14:00:00+00:00,CAL,California,WND,Wind,3908,megawatthours
2025-03-03 15:00:00+00:00,CAL,California,WND,Wind,3903,megawatthours
2025-03-03 16:00:00+00:00,CAL,California,WND,Wind,4162,megawatthours
2025-03-03 17:00:00+00:00,CAL,California,WND,Wind,4036,megawatthours
2025-03-03 18:00:00+00:00,CAL,California,WND,Wind,4178,megawatthours
2025-03-03 19:00:00+00:00,CAL,California,WND,Wind,4064,megawatthours
2025-03-03 20:00:00+00:00,CAL,California,WND,Wind,3729,megawatthours
2025-03-03 21:00:00+00:00,CAL,California,WND,Wind,3527,megawatthours
2025-03-03 22:00:00+00:00,CAL,California,WND,Wind,3460,megawatthours
2025-03-03 23:00:00+00:00,CAL,California,WND,Wind,3383,megawatthours
2025-03-04 00:00:00+00:00,CAL,California,WND,Wind,3677,megawatthours
2025-03-04 01:00:00+00:00,CAL,California,WND,Wind,3412,megawatthours
2025-03-04 02:00:00+00:00,CAL,California,WND,Wind,3663,megawatthours
2025-03-04 03:00:00+00:00,CAL,California,WND,Wind,3882,megawatthours
2025-03-04 04:00:00+00:00,CAL,California,WND,Wind,3969,megawatthours
2025-03-04 05:00:00+00:00,CAL,California,WND,Wind,3870,megawatthours
2025-03-04 06:00:00+00:00,CAL,California,WND,Wind,4257,megawatthours
2025-03-04 07:00:00+00:00,CAL,California,WND,Wind,4613,megawatthours
2025-03-04 08:00:00+00:00,CAL,California,WND,Wind,4607,megawatthours
2025-03-04 09:00:00+00:00,CAL,California,WND,Wind,4689,megawatthours
2025-03-04 10:00:00+00:00,CAL,California,WND,Wind,4656,megawatthours
2025-03-04 11:00:00+00:00,CAL,California,WND,Wind,4442,megawatthours
2025-03-04 12:00:00+00:00,CAL,California,WND,Wind,3994,megawatthours
2025-03-04 13:00:00+00:00,CAL,California,WND,Wind,3851,megawatthours
2025-03-04 14:00:00+00:00,CAL,California,WND,Wind,3514,megawatthours
2025-03-04 15:00:00+00:00,CAL,California,WND,Wind,3180,megawatthours
2025-03-04 16:00:00+00:00,CAL,California,WND,Wind,2857,megawatthours
2025-03-04 17:00:00+00:00,CAL,California,WND,Wind,2234,megawatthours
2025-03-04 18:00:00+00:00,CAL,California,WND,Wind,1578,megawatthours
2025-03-04 19:00:00+00:00,CAL,California,WND,Wind,1532,megawatthours
2025-03-04 20:00:00+00:00,CAL,California,WND,Wind,1556,megawatthours
2025-03-04 21:00:00+00:00,CAL,California,WND,Wind,1334,megawatthours
2025-03-04 22:00:00+00:00,CAL,California,WND,Wind,1357,megawatthours
2025-03-04 23:00:00+00:00,CAL,California,WND,Wind,1542,megawatthours
2025-03-05 00:00:00+00:00,CAL,California,WND,Wind,1702,megawatthours
2025-03-05 01:00:00+00:00,CAL,California,WND,Wind,1826,megawatthours
2025-03-05 02:00:00+00:00,CAL,California,WND,Wind,1400,megawatthours
2025-03-05 03:00:00+00:00,CAL,California,WND,Wind,1349,megawatthours
2025-03-05 04:00:00+00:00,CAL,California,WND,Wind,1654,megawatthours
2025-03-05 05:00:00+00:00,CAL,California,WND,Wind,1281,megawatthours
2025-03-05 06:00:00+00:00,CAL,California,WND,Wind,942,megawatthours
2025-03-05 07:00:00+00:00,CAL,California,WND,Wind,812,megawatthours
2025-03-05 08:00:00+00:00,CAL,California,WND,Wind,793,megawatthours
2025-03-05 09:00:00+00:00,CAL,California,WND,Wind,633,megawatthours
2025-03-05 10:00:00+00:00,CAL,California,WND,Wind,702,megawatthours
2025-03-05 11:00:00+00:00,CAL,California,WND,Wind,649,megawatthours
2025-03-05 12:00:00+00:00,CAL,California,WND,Wind,558,megawatthours
2025-03-05 13:00:00+00:00,CAL,California,WND,Wind,455,megawatthours
2025-03-05 14:00:00+00:00,CAL,California,WND,Wind,677,megawatthours
2025-03-05 15:00:00+00:00,CAL,California,WND,Wind,682,megawatthours
2025-03-05 16:00:00+00:00,CAL,California,WND,Wind,677,megawatthours
2025-03-05 17:00:00+00:00,CAL,California,WND,Wind,613,megawatthours
2025-03-05 18:00:00+00:00,CAL,California,WND,Wind,570,megawatthours
2025-03-05 19:00:00+00:00,CAL,California,WND,Wind,743,megawatthours
2025-03-05 20:00:00+00:00,CAL,California,WND,Wind,1097,megawatthours
2025-03-05 21:00:00+00:00,CAL,California,WND,Wind,1350,megawatthours
2025-03-05 22:00:00+00:00,CAL,California,WND,Wind,1409,megawatthours
2025-03-05 23:00:00+00:00,CAL,California,WND,Wind,1578,megawatthours
2025-03-06 00:00:00+00:00,CAL,California,WND,Wind,2163,megawatthours
2025-03-06 01:00:00+00:00,CAL,California,WND,Wind,2780,megawatthours
2025-03-06 02:00:00+00:00,CAL,California,WND,Wind,3579,megawatthours
2025-03-06 03:00:00+00:00,CAL,California,WND,Wind,4000,megawatthours
2025-03-06 04:00:00+00:00,CAL,California,WND,Wind,4281,megawatthours
2025-03-06 05:00:00+00:00,CAL,California,WND,Wind,4369,megawatthours
2025-03-06 06:00:00+00:00,CAL,California,WND,Wind,4466,megawatthours
2025-03-06 07:00:00+00:00,CAL,California,WND,Wind,5257,megawatthours
2025-03-06 08:00:00+00:00,CAL,California,WND,Wind,5248,megawatthours
2025-03-06 09:00:00+00:00,CAL,California,WND,Wind,4831,megawatthours
2025-03-06 10:00:00+00:00,CAL,California,WND,Wind,4498,megawatthours
2025-03-06 11:00:00+00:00,CAL,California,WND,Wind,4614,megawatthours
2025-03-06 12:00:00+00:00,CAL,California,WND,Wind,5188,megawatthours
2025-03-06 13:00:00+00:00,CAL,California,WND,Wind,5214,megawatthours
2025-03-06 14:00:00+00:00,CAL,California,WND,Wind,4411,megawatthours
2025-03-06 15:00:00+00:00,CAL,California,WND,Wind,4215,megawatthours
2025-03-06 16:00:00+00:00,CAL,California,WND,Wind,4410,megawatthours
2025-03-06 17:00:00+00:00,CAL,California,WND,Wind,4172,megawatthours
2025-03-06 18:00:00+00:00,CAL,California,WND,Wind,3904,megawatthours
2025-03-06 19:00:00+00:00,CAL,California,WND,Wind,3983,megawatthours
2025-03-06 20:00:00+00:00,CAL,California,WND,Wind,3995,megawatthours
2025-03-06 21:00:00+00:00,CAL,California,WND,Wind,4261,megawatthours
2025-03-06 22:00:00+00:00,CAL,California,WND,Wind,4331,megawatthours
2025-03-06 23:00:00+00:00,CAL,California,WND,Wind,4325,megawatthours
2025-03-07 00:00:00+00:00,CAL,California,WND,Wind,4418,megawatthours
2025-03-07 01:00:00+00:00,CAL,California,WND,Wind,4517,megawatthours
2025-03-07 02:00:00+00:00,CAL,California,WND,Wind,4710,megawatthours
2025-03-07 03:00:00+00:00,CAL,California,WND,Wind,4891,megawatthours
2025-03-07 04:00:00+00:00,CAL,California,WND,Wind,4868,megawatthours
2025-03-07 05:00:00+00:00,CAL,California,WND,Wind,4844,megawatthours
2025-03-07 06:00:00+00:00,CAL,California,WND,Wind,4852,megawatthours
2025-03-07 07:00:00+00:00,CAL,California,WND,Wind,4303,megawatthours
2025-03-07 08:00:00+00:00,CAL,California,WND,Wind,4465,megawatthours
2025-03-07 09:00:00+00:00,CAL,California,WND,Wind,4605,megawatthours
2025-03-07 10:00:00+00:00,CAL,California,WND,Wind,4673,megawatthours
2025-03-07 11:00:00+00:00,CAL,California,WND,Wind,4580,megawatthours
2025-03-07 12:00:00+00:00,CAL,California,WND,Wind,4402,megawatthours
2025-03-07 13:00:00+00:00,CAL,California,WND,Wind,4094,megawatthours
2025-03-07 14:00:00+00:00,CAL,California,WND,Wind,3807,megawatthours
2025-03-07 15:00:00+00:00,CAL,California,WND,Wind,3764,megawatthours
2025-03-07 16:00:00+00:00,CAL,California,WND,Wind,4085,megawatthours
2025-03-07 17:00:00+00:00,CAL,California,WND,Wind,4133,megawatthours
2025-03-07 18:00:00+00:00,CAL,California,WND,Wind,4009,megawatthours
2025-03-07 19:00:00+00:00,CAL,California,WND,Wind,3987,megawatthours
2025-03-07 20:00:00+00:00,CAL,California,WND,Wind,4017,megawatthours
2025-03-07 21:00:00+00:00,CAL,California,WND,Wind,3958,megawatthours
2025-03-07 22:00:00+00:00,CAL,California,WND,Wind,3954,megawatthours
2025-03-07 23:00:00+00:00,CAL,California,WND,Wind,4285,megawatthours
2025-03-08 00:00:00+00:00,CAL,California,WND,Wind,4591,megawatthours
2025-03-08 01:00:00+00:00,CAL,California,WND,Wind,4133,megawatthours
2025-03-08 02:00:00+00:00,CAL,California,WND,Wind,3838,megawatthours
2025-03-08 03:00:00+00:00,CAL,California,WND,Wind,3667,megawatthours
2025-03-08 04:00:00+00:00,CAL,California,WND,Wind,3473,megawatthours
2025-03-08 05:00:00+00:00,CAL,California,WND,Wind,3625,megawatthours
2025-03-08 06:00:00+00:00,CAL,California,WND,Wind,3461,megawatthours
2025-03-08 07:00:00+00:00,CAL,California,WND,Wind,3103,megawatthours
2025-03-08 08:00:00+00:00,CAL,California,WND,Wind,2578,megawatthours
2025-03-08 09:00:00+00:00,CAL,California,WND,Wind,2408,megawatthours
2025-03-08 10:00:00+00:00,CAL,California,WND,Wind,4505,megawatthours
2025-03-08 11:00:00+00:00,CAL,California,WND,Wind,4459,megawatthours
2025-03-08 12:00:00+00:00,CAL,California,WND,Wind,4355,megawatthours
2025-03-08 13:00:00+00:00,CAL,California,WND,Wind,4066,megawatthours
2025-03-08 14:00:00+00:00,CAL,California,WND,Wind,3720,megawatthours
2025-03-08 15:00:00+00:00,CAL,California,WND,Wind,3524,megawatthours
2025-03-08 16:00:00+00:00,CAL,California,WND,Wind,3714,megawatthours
2025-03-08 17:00:00+00:00,CAL,California,WND,Wind,3731,megawatthours
2025-03-08 18:00:00+00:00,CAL,California,WND,Wind,3839,megawatthours
2025-03-08 19:00:00+00:00,CAL,California,WND,Wind,4047,megawatthours
2025-03-08 20:00:00+00:00,CAL,California,WND,Wind,4057,megawatthours
2025-03-08 21:00:00+00:00,CAL,California,WND,Wind,3969,megawatthours
2025-03-08 22:00:00+00:00,CAL,California,WND,Wind,4005,megawatthours
2025-03-08 23:00:00+00:00,CAL,California,WND,Wind,4289,megawatthours
2025-03-09 00:00:00+00:00,CAL,California,WND,Wind,4334,megawatthours
2025-03-09 01:00:00+00:00,CAL,California,WND,Wind,3872,megawatthours
2025-03-09 02:00:00+00:00,CAL,California,WND,Wind,3700,megawatthours
2025-03-09 03:00:00+00:00,CAL,California,WND,Wind,3389,megawatthours
2025-03-09 04:00:00+00:00,CAL,California,WND,Wind,3113,megawatthours
2025-03-09 05:00:00+00:00,CAL,California,WND,Wind,3202,megawatthours
2025-03-09 06:00:00+00:00,CAL,California,WND,Wind,3142,megawatthours
2025-03-09 07:00:00+00:00,CAL,California,WND,Wind,2785,megawatthours
2025-03-09 08:00:00+00:00,CAL,California,WND,Wind,2381,megawatthours
2025-03-09 09:00:00+00:00,CAL,California,WND,Wind,931,megawatthours
2025-03-09 10:00:00+00:00,CAL,California,WND,Wind,962,megawatthours
2025-03-09 11:00:00+00:00,CAL,California,WND,Wind,736,megawatthours
2025-03-09 12:00:00+00:00,CAL,California,WND,Wind,740,megawatthours
2025-03-09 13:00:00+00:00,CAL,California,WND,Wind,835,megawatthours
2025-03-09 14:00:00+00:00,CAL,California,WND,Wind,834,megawatthours
2025-03-09 15:00:00+00:00,CAL,California,WND,Wind,810,megawatthours
2025-03-09 16:00:00+00:00,CAL,California,WND,Wind,757,megawatthours
2025-03-09 17:00:00+00:00,CAL,California,WND,Wind,616,megawatthours
2025-03-09 18:00:00+00:00,CAL,California,WND,Wind,678,megawatthours
2025-03-09 19:00:00+00:00,CAL,California,WND,Wind,797,megawatthours
2025-03-09 20:00:00+00:00,CAL,California,WND,Wind,944,megawatthours
2025-03-09 21:00:00+00:00,CAL,California,WND,Wind,875,megawatthours
2025-03-09 22:00:00+00:00,CAL,California,WND,Wind,736,megawatthours
2025-03-09 23:00:00+00:00,CAL,California,WND,Wind,577,megawatthours
2025-03-10 00:00:00+00:00,CAL,California,WND,Wind,510,megawatthours
2025-03-10 01:00:00+00:00,CAL,California,WND,Wind,484,megawatthours
2025-03-10 02:00:00+00:00,CAL,California,WND,Wind,738,megawatthours
2025-03-10 03:00:00+00:00,CAL,California,WND,Wind,782,megawatthours
2025-03-10 04:00:00+00:00,CAL,California,WND,Wind,758,megawatthours
2025-03-10 05:00:00+00:00,CAL,California,WND,Wind,813,megawatthours
2025-03-10 06:00:00+00:00,CAL,California,WND,Wind,921,megawatthours
2025-03-10 07:00:00+00:00,CAL,California,WND,Wind,1070,megawatthours
2025-03-10 08:00:00+00:00,CAL,California,WND,Wind,1377,megawatthours
2025-03-10 09:00:00+00:00,CAL,California,WND,Wind,1407,megawatthours
2025-03-10 10:00:00+00:00,CAL,California,WND,Wind,1421,megawatthours
2025-03-10 11:00:00+00:00,CAL,California,WND,Wind,1488,megawatthours
2025-03-10 12:00:00+00:00,CAL,California,WND,Wind,1590,megawatthours
2025-03-10 13:00:00+00:00,CAL,California,WND,Wind,1453,megawatthours
2025-03-10 14:00:00+00:00,CAL,California,WND,Wind,1406,megawatthours
2025-03-10 15:00:00+00:00,CAL,California,WND,Wind,1248,megawatthours
2025-03-10 16:00:00+00:00,CAL,California,WND,Wind,949,megawatthours
2025-03-10 17:00:00+00:00,CAL,California,WND,Wind,753,megawatthours
2025-03-10 18:00:00+00:00,CAL,California,WND,Wind,810,megawatthours
2025-03-10 19:00:00+00:00,CAL,California,WND,Wind,1023,megawatthours
2025-03-10 20:00:00+00:00,CAL,California,WND,Wind,1058,megawatthours
2025-03-10 21:00:00+00:00,CAL,California,WND,Wind,1039,megawatthours
2025-03-10 22:00:00+00:00,CAL,California,WND,Wind,1053,megawatthours
2025-03-10 23:00:00+00:00,CAL,California,WND,Wind,941,megawatthours
2025-03-11 00:00:00+00:00,CAL,California,WND,Wind,1022,megawatthours
2025-03-11 01:00:00+00:00,CAL,California,WND,Wind,1168,megawatthours
2025-03-11 02:00:00+00:00,CAL,California,WND,Wind,1441,megawatthours
2025-03-11 03:00:00+00:00,CAL,California,WND,Wind,2039,megawatthours
2025-03-11 04:00:00+00:00,CAL,California,WND,Wind,2706,megawatthours
2025-03-11 05:00:00+00:00,CAL,California,WND,Wind,2842,megawatthours
2025-03-11 06:00:00+00:00,CAL,California,WND,Wind,2984,megawatthours
2025-03-11 07:00:00+00:00,CAL,California,WND,Wind,2630,megawatthours
2025-03-11 08:00:00+00:00,CAL,California,WND,Wind,2464,megawatthours
2025-03-11 09:00:00+00:00,CAL,California,WND,Wind,2513,megawatthours
2025-03-11 10:00:00+00:00,CAL,California,WND,Wind,2810,megawatthours
2025-03-11 11:00:00+00:00,CAL,California,WND,Wind,3027,megawatthours
2025-03-11 12:00:00+00:00,CAL,California,WND,Wind,2855,megawatthours
2025-03-11 13:00:00+00:00,CAL,California,WND,Wind,2978,megawatthours
2025-03-11 14:00:00+00:00,CAL,California,WND,Wind,2789,megawatthours
2025-03-11 15:00:00+00:00,CAL,California,WND,Wind,2494,megawatthours
2025-03-11 16:00:00+00:00,CAL,California,WND,Wind,2141,megawatthours
2025-03-11 17:00:00+00:00,CAL,California,WND,Wind,1652,megawatthours
2025-03-11 18:00:00+00:00,CAL,California,WND,Wind,1662,megawatthours
2025-03-11 19:00:00+00:00,CAL,California,WND,Wind,1855,megawatthours
2025-03-11 20:00:00+00:00,CAL,California,WND,Wind,2057,megawatthours
2025-03-11 21:00:00+00:00,CAL,California,WND,Wind,2252,megawatthours
2025-03-11 22:00:00+00:00,CAL,California,WND,Wind,2111,megawatthours
2025-03-11 23:00:00+00:00,CAL,California,WND,Wind,2223,megawatthours
2025-03-12 00:00:00+00:00,CAL,California,WND,Wind,2320,megawatthours
2025-03-12 01:00:00+00:00,CAL,California,WND,Wind,2531,megawatthours
2025-03-12 02:00:00+00:00,CAL,California,WND,Wind,2440,megawatthours
2025-03-12 03:00:00+00:00,CAL,California,WND,Wind,2400,megawatthours
2025-03-12 04:00:00+00:00,CAL,California,WND,Wind,2543,megawatthours
2025-03-12 05:00:00+00:00,CAL,California,WND,Wind,2602,megawatthours
2025-03-12 06:00:00+00:00,CAL,California,WND,Wind,2412,megawatthours
2025-03-12 07:00:00+00:00,CAL,California,WND,Wind,2273,megawatthours
2025-03-12 08:00:00+00:00,CAL,California,WND,Wind,2030,megawatthours
2025-03-12 09:00:00+00:00,CAL,California,WND,Wind,1828,megawatthours
2025-03-12 10:00:00+00:00,CAL,California,WND,Wind,1836,megawatthours
2025-03-12 11:00:00+00:00,CAL,California,WND,Wind,1880,megawatthours
2025-03-12 12:00:00+00:00,CAL,California,WND,Wind,1968,megawatthours
2025-03-12 13:00:00+00:00,CAL,California,WND,Wind,1753,megawatthours
2025-03-12 14:00:00+00:00,CAL,California,WND,Wind,1836,megawatthours
2025-03-12 15:00:00+00:00,CAL,California,WND,Wind,1880,megawatthours
2025-03-12 16:00:00+00:00,CAL,California,WND,Wind,1936,megawatthours
2025-03-12 17:00:00+00:00,CAL,California,WND,Wind,2043,megawatthours
2025-03-12 18:00:00+00:00,CAL,California,WND,Wind,2472,megawatthours
2025-03-12 19:00:00+00:00,CAL,California,WND,Wind,2909,megawatthours
2025-03-12 20:00:00+00:00,CAL,California,WND,Wind,3429,megawatthours
2025-03-12 21:00:00+00:00,CAL,California,WND,Wind,3441,megawatthours
2025-03-12 22:00:00+00:00,CAL,California,WND,Wind,3869,megawatthours
2025-03-12 23:00:00+00:00,CAL,California,WND,Wind,4299,megawatthours
2025-03-13 00:00:00+00:00,CAL,California,WND,Wind,4174,megawatthours
2025-03-13 01:00:00+00:00,CAL,California,WND,Wind,4121,megawatthours
2025-03-13 02:00:00+00:00,CAL,California,WND,Wind,3834,megawatthours
2025-03-13 03:00:00+00:00,CAL,California,WND,Wind,4117,megawatthours
2025-03-13 04:00:00+00:00,CAL,California,WND,Wind,4192,megawatthours
2025-03-13 05:00:00+00:00,CAL,California,WND,Wind,4039,megawatthours
2025-03-13 06:00:00+00:00,CAL,California,WND,Wind,3657,megawatthours
2025-03-13 07:00:00+00:00,CAL,California,WND,Wind,3036,megawatthours
2025-03-13 08:00:00+00:00,CAL,California,WND,Wind,2894,megawatthours
2025-03-13 09:00:00+00:00,CAL,California,WND,Wind,3000,megawatthours
2025-03-13 10:00:00+00:00,CAL,California,WND,Wind,3330,megawatthours
2025-03-13 11:00:00+00:00,CAL,California,WND,Wind,3190,megawatthours
2025-03-13 12:00:00+00:00,CAL,California,WND,Wind,3929,megawatthours
2025-03-13 13:00:00+00:00,CAL,California,WND,Wind,2877,megawatthours
2025-03-13 14:00:00+00:00,CAL,California,WND,Wind,3291,megawatthours
2025-03-13 15:00:00+00:00,CAL,California,WND,Wind,3368,megawatthours
2025-03-13 16:00:00+00:00,CAL,California,WND,Wind,3345,megawatthours
2025-03-13 17:00:00+00:00,CAL,California,WND,Wind,3577,megawatthours
2025-03-13 18:00:00+00:00,CAL,California,WND,Wind,3613,megawatthours
2025-03-13 19:00:00+00:00,CAL,California,WND,Wind,4301,megawatthours
2025-03-13 20:00:00+00:00,CAL,California,WND,Wind,5193,megawatthours
2025-03-13 21:00:00+00:00,CAL,California,WND,Wind,5445,megawatthours
2025-03-13 22:00:00+00:00,CAL,California,WND,Wind,5570,megawatthours
2025-03-13 23:00:00+00:00,CAL,California,WND,Wind,5454,megawatthours
2025-03-14 00:00:00+00:00,CAL,California,WND,Wind,5037,megawatthours
2025-03-14 01:00:00+00:00,CAL,California,WND,Wind,5034,megawatthours
2025-03-14 02:00:00+00:00,CAL,California,WND,Wind,5713,megawatthours
2025-03-14 03:00:00+00:00,CAL,California,WND,Wind,4604,megawatthours
2025-03-14 04:00:00+00:00,CAL,California,WND,Wind,4772,megawatthours
2025-03-14 05:00:00+00:00,CAL,California,WND,Wind,4528,megawatthours
2025-03-14 06:00:00+00:00,CAL,California,WND,Wind,4139,megawatthours
2025-03-14 07:00:00+00:00,CAL,California,WND,Wind,3701,megawatthours
2025-03-14 08:00:00+00:00,CAL,California,WND,Wind,3336,megawatthours
2025-03-14 09:00:00+00:00,CAL,California,WND,Wind,2979,megawatthours
2025-03-14 10:00:00+00:00,CAL,California,WND,Wind,2984,megawatthours
2025-03-14 11:00:00+00:00,CAL,California,WND,Wind,3241,megawatthours
2025-03-14 12:00:00+00:00,CAL,California,WND,Wind,3134,megawatthours
2025-03-14 13:00:00+00:00,CAL,California,WND,Wind,3351,megawatthours
2025-03-14 14:00:00+00:00,CAL,California,WND,Wind,3377,megawatthours
2025-03-14 15:00:00+00:00,CAL,California,WND,Wind,3781,megawatthours
2025-03-14 16:00:00+00:00,CAL,California,WND,Wind,3902,megawatthours
2025-03-14 17:00:00+00:00,CAL,California,WND,Wind,3536,megawatthours
2025-03-14 18:00:00+00:00,CAL,California,WND,Wind,3396,megawatthours
2025-03-14 19:00:00+00:00,CAL,California,WND,Wind,3782,megawatthours
2025-03-14 20:00:00+00:00,CAL,California,WND,Wind,3917,megawatthours
2025-03-14 21:00:00+00:00,CAL,California,WND,Wind,3936,megawatthours
2025-03-14 22:00:00+00:00,CAL,California,WND,Wind,4078,megawatthours
2025-03-14 23:00:00+00:00,CAL,California,WND,Wind,3853,megawatthours
2025-03-15 00:00:00+00:00,CAL,California,WND,Wind,3829,megawatthours
2025-03-15 01:00:00+00:00,CAL,California,WND,Wind,3793,megawatthours
2025-03-15 02:00:00+00:00,CAL,California,WND,Wind,4034,megawatthours
2025-03-15 03:00:00+00:00,CAL,California,WND,Wind,4648,megawatthours
2025-03-15 04:00:00+00:00,CAL,California,WND,Wind,4935,megawatthours
2025-03-15 05:00:00+00:00,CAL,California,WND,Wind,5142,megawatthours
2025-03-15 06:00:00+00:00,CAL,California,WND,Wind,5695,megawatthours
2025-03-15 07:00:00+00:00,CAL,California,WND,Wind,5193,megawatthours
2025-03-15 08:00:00+00:00,CAL,California,WND,Wind,4946,megawatthours
2025-03-15 09:00:00+00:00,CAL,California,WND,Wind,5071,megawatthours
2025-03-15 10:00:00+00:00,CAL,California,WND,Wind,4782,megawatthours
2025-03-15 11:00:00+00:00,CAL,California,WND,Wind,4083,megawatthours
2025-03-15 12:00:00+00:00,CAL,California,WND,Wind,3927,megawatthours
2025-03-15 13:00:00+00:00,CAL,California,WND,Wind,4110,megawatthours
2025-03-15 14:00:00+00:00,CAL,California,WND,Wind,3897,megawatthours
2025-03-15 15:00:00+00:00,CAL,California,WND,Wind,3672,megawatthours
2025-03-15 16:00:00+00:00,CAL,California,WND,Wind,3586,megawatthours
2025-03-15 17:00:00+00:00,CAL,California,WND,Wind,3211,megawatthours
2025-03-15 18:00:00+00:00,CAL,California,WND,Wind,2721,megawatthours
2025-03-15 19:00:00+00:00,CAL,California,WND,Wind,2418,megawatthours
2025-03-15 20:00:00+00:00,CAL,California,WND,Wind,2369,megawatthours
2025-03-15 21:00:00+00:00,CAL,California,WND,Wind,2538,megawatthours
2025-03-15 22:00:00+00:00,CAL,California,WND,Wind,2408,megawatthours
2025-03-15 23:00:00+00:00,CAL,California,WND,Wind,2417,megawatthours
2025-03-16 00:00:00+00:00,CAL,California,WND,Wind,2327,megawatthours
2025-03-16 01:00:00+00:00,CAL,California,WND,Wind,2149,megawatthours
2025-03-16 02:00:00+00:00,CAL,California,WND,Wind,2374,megawatthours
2025-03-16 03:00:00+00:00,CAL,California,WND,Wind,3023,megawatthours
2025-03-16 04:00:00+00:00,CAL,California,WND,Wind,3028,megawatthours
2025-03-16 05:00:00+00:00,CAL,California,WND,Wind,3222,megawatthours
2025-03-16 06:00:00+00:00,CAL,California,WND,Wind,3452,megawatthours
2025-03-16 07:00:00+00:00,CAL,California,WND,Wind,3549,megawatthours
2025-03-16 08:00:00+00:00,CAL,California,WND,Wind,3297,megawatthours
2025-03-16 09:00:00+00:00,CAL,California,WND,Wind,3709,megawatthours
2025-03-16 10:00:00+00:00,CAL,California,WND,Wind,3942,megawatthours
2025-03-16 11:00:00+00:00,CAL,California,WND,Wind,3017,megawatthours
2025-03-16 12:00:00+00:00,CAL,California,WND,Wind,2407,megawatthours
2025-03-16 13:00:00+00:00,CAL,California,WND,Wind,2112,megawatthours
2025-03-16 14:00:00+00:00,CAL,California,WND,Wind,1893,megawatthours
2025-03-16 15:00:00+00:00,CAL,California,WND,Wind,1682,megawatthours
2025-03-16 16:00:00+00:00,CAL,California,WND,Wind,1565,megawatthours
2025-03-16 17:00:00+00:00,CAL,California,WND,Wind,1669,megawatthours
2025-03-16 18:00:00+00:00,CAL,California,WND,Wind,1630,megawatthours
2025-03-16 19:00:00+00:00,CAL,California,WND,Wind,1557,megawatthours
2025-03-16 20:00:00+00:00,CAL,California,WND,Wind,1635,megawatthours
2025-03-16 21:00:00+00:00,CAL,California,WND,Wind,1798,megawatthours
2025-03-16 22:00:00+00:00,CAL,California,WND,Wind,2176,megawatthours
2025-03-16 23:00:00+00:00,CAL,California,WND,Wind,2669,megawatthours
2025-03-17 00:00:00+00:00,CAL,California,WND,Wind,2713,megawatthours
2025-03-17 01:00:00+00:00,CAL,California,WND,Wind,3071,megawatthours
2025-03-17 02:00:00+00:00,CAL,California,WND,Wind,2923,megawatthours
2025-03-17 03:00:00+00:00,CAL,California,WND,Wind,2728,megawatthours
2025-03-17 04:00:00+00:00,CAL,California,WND,Wind,2648,megawatthours
2025-03-17 05:00:00+00:00,CAL,California,WND,Wind,2428,megawatthours
2025-03-17 06:00:00+00:00,CAL,California,WND,Wind,2600,megawatthours
2025-03-17 07:00:00+00:00,CAL,California,WND,Wind,2692,megawatthours
2025-03-17 08:00:00+00:00,CAL,California,WND,Wind,2534,megawatthours
2025-03-17 09:00:00+00:00,CAL,California,WND,Wind,2569,megawatthours
2025-03-17 10:00:00+00:00,CAL,California,WND,Wind,2395,megawatthours
2025-03-17 11:00:00+00:00,CAL,California,WND,Wind,2372,megawatthours
2025-03-17 12:00:00+00:00,CAL,California,WND,Wind,2481,megawatthours
2025-03-17 13:00:00+00:00,CAL,California,WND,Wind,2729,megawatthours
2025-03-17 14:00:00+00:00,CAL,California,WND,Wind,2842,megawatthours
2025-03-17 15:00:00+00:00,CAL,California,WND,Wind,2906,megawatthours
2025-03-17 16:00:00+00:00,CAL,California,WND,Wind,2599,megawatthours
2025-03-17 17:00:00+00:00,CAL,California,WND,Wind,2475,megawatthours
2025-03-17 18:00:00+00:00,CAL,California,WND,Wind,2875,megawatthours
2025-03-17 19:00:00+00:00,CAL,California,WND,Wind,3560,megawatthours
2025-03-17 20:00:00+00:00,CAL,California,WND,Wind,4339,megawatthours
2025-03-17 21:00:00+00:00,CAL,California,WND,Wind,4669,megawatthours
2025-03-17 22:00:00+00:00,CAL,California,WND,Wind,4389,megawatthours
2025-03-17 23:00:00+00:00,CAL,California,WND,Wind,4781,megawatthours
2025-03-18 00:00:00+00:00,CAL,California,WND,Wind,4807,megawatthours
2025-03-18 01:00:00+00:00,CAL,California,WND,Wind,5563,megawatthours
2025-03-18 02:00:00+00:00,CAL,California,WND,Wind,6090,megawatthours
2025-03-18 03:00:00+00:00,CAL,California,WND,Wind,6042,megawatthours
2025-03-18 04:00:00+00:00,CAL,California,WND,Wind,5145,megawatthours
2025-03-18 05:00:00+00:00,CAL,California,WND,Wind,4799,megawatthours
2025-03-18 06:00:00+00:00,CAL,California,WND,Wind,4800,megawatthours
2025-03-18 07:00:00+00:00,CAL,California,WND,Wind,4410,megawatthours
2025-03-18 08:00:00+00:00,CAL,California,WND,Wind,4134,megawatthours
2025-03-18 09:00:00+00:00,CAL,California,WND,Wind,3936,megawatthours
2025-03-18 10:00:00+00:00,CAL,California,WND,Wind,3965,megawatthours
2025-03-18 11:00:00+00:00,CAL,California,WND,Wind,4079,megawatthours
2025-03-18 12:00:00+00:00,CAL,California,WND,Wind,4458,megawatthours
2025-03-18 13:00:00+00:00,CAL,California,WND,Wind,4433,megawatthours
2025-03-18 14:00:00+00:00,CAL,California,WND,Wind,4574,megawatthours
2025-03-18 15:00:00+00:00,CAL,California,WND,Wind,4532,megawatthours
2025-03-18 16:00:00+00:00,CAL,California,WND,Wind,4403,megawatthours
2025-03-18 17:00:00+00:00,CAL,California,WND,Wind,4189,megawatthours
2025-03-18 18:00:00+00:00,CAL,California,WND,Wind,3620,megawatthours
2025-03-18 19:00:00+00:00,CAL,California,WND,Wind,2945,megawatthours
2025-03-18 20:00:00+00:00,CAL,California,WND,Wind,2407,megawatthours
2025-03-18 21:00:00+00:00,CAL,California,WND,Wind,2585,megawatthours
2025-03-18 22:00:00+00:00,CAL,California,WND,Wind,2692,megawatthours
2025-03-18 23:00:00+00:00,CAL,California,WND,Wind,2450,megawatthours
2025-03-19 00:00:00+00:00,CAL,California,WND,Wind,2113,megawatthours
2025-03-19 01:00:00+00:00,CAL,California,WND,Wind,2074,megawatthours
2025-03-19 02:00:00+00:00,CAL,California,WND,Wind,2469,megawatthours
2025-03-19 03:00:00+00:00,CAL,California,WND,Wind,3308,megawatthours
2025-03-19 04:00:00+00:00,CAL,California,WND,Wind,3762,megawatthours
2025-03-19 05:00:00+00:00,CAL,California,WND,Wind,3900,megawatthours
2025-03-19 06:00:00+00:00,CAL,California,WND,Wind,4130,megawatthours
2025-03-19 07:00:00+00:00,CAL,California,WND,Wind,3972,megawatthours
2025-03-19 08:00:00+00:00,CAL,California,WND,Wind,2852,megawatthours
2025-03-19 09:00:00+00:00,CAL,California,WND,Wind,2186,megawatthours
2025-03-19 10:00:00+00:00,CAL,California,WND,Wind,2028,megawatthours
2025-03-19 11:00:00+00:00,CAL,California,WND,Wind,1701,megawatthours
2025-03-19 12:00:00+00:00,CAL,California,WND,Wind,1494,megawatthours
2025-03-19 13:00:00+00:00,CAL,California,WND,Wind,1444,megawatthours
2025-03-19 14:00:00+00:00,CAL,California,WND,Wind,1524,megawatthours
2025-03-19 15:00:00+00:00,CAL,California,WND,Wind,1534,megawatthours
2025-03-19 16:00:00+00:00,CAL,California,WND,Wind,1639,megawatthours
2025-03-19 17:00:00+00:00,CAL,California,WND,Wind,1618,megawatthours
2025-03-19 18:00:00+00:00,CAL,California,WND,Wind,1405,megawatthours
2025-03-19 19:00:00+00:00,CAL,California,WND,Wind,1221,megawatthours
2025-03-19 20:00:00+00:00,CAL,California,WND,Wind,1025,megawatthours
2025-03-19 21:00:00+00:00,CAL,California,WND,Wind,1071,megawatthours
2025-03-19 22:00:00+00:00,CAL,California,WND,Wind,1061,megawatthours
2025-03-19 23:00:00+00:00,CAL,California,WND,Wind,1129,megawatthours
2025-03-20 00:00:00+00:00,CAL,California,WND,Wind,1117,megawatthours
2025-03-20 01:00:00+00:00,CAL,California,WND,Wind,1360,megawatthours
2025-03-20 02:00:00+00:00,CAL,California,WND,Wind,1382,megawatthours
2025-03-20 03:00:00+00:00,CAL,California,WND,Wind,877,megawatthours
2025-03-20 04:00:00+00:00,CAL,California,WND,Wind,566,megawatthours
2025-03-20 05:00:00+00:00,CAL,California,WND,Wind,490,megawatthours
2025-03-20 06:00:00+00:00,CAL,California,WND,Wind,599,megawatthours
2025-03-20 07:00:00+00:00,CAL,California,WND,Wind,743,megawatthours
2025-03-20 08:00:00+00:00,CAL,California,WND,Wind,846,megawatthours
2025-03-20 09:00:00+00:00,CAL,California,WND,Wind,1235,megawatthours
2025-03-20 10:00:00+00:00,CAL,California,WND,Wind,1819,megawatthours
2025-03-20 11:00:00+00:00,CAL,California,WND,Wind,2363,megawatthours
2025-03-20 12:00:00+00:00,CAL,California,WND,Wind,3003,megawatthours
2025-03-20 13:00:00+00:00,CAL,California,WND,Wind,2774,megawatthours
2025-03-20 14:00:00+00:00,CAL,California,WND,Wind,2299,megawatthours
2025-03-20 15:00:00+00:00,CAL,California,WND,Wind,2471,megawatthours
2025-03-20 16:00:00+00:00,CAL,California,WND,Wind,2550,megawatthours
2025-03-20 17:00:00+00:00,CAL,California,WND,Wind,2720,megawatthours
2025-03-20 18:00:00+00:00,CAL,California,WND,Wind,2501,megawatthours
2025-03-20 19:00:00+00:00,CAL,California,WND,Wind,1919,megawatthours
2025-03-20 20:00:00+00:00,CAL,California,WND,Wind,1854,megawatthours
2025-03-20 21:00:00+00:00,CAL,California,WND,Wind,2106,megawatthours
2025-03-20 22:00:00+00:00,CAL,California,WND,Wind,2412,megawatthours
2025-03-20 23:00:00+00:00,CAL,California,WND,Wind,2585,megawatthours
2025-03-21 00:00:00+00:00,CAL,California,WND,Wind,2940,megawatthours
2025-03-21 01:00:00+00:00,CAL,California,WND,Wind,3376,megawatthours
2025-03-21 02:00:00+00:00,CAL,California,WND,Wind,3870,megawatthours
2025-03-21 03:00:00+00:00,CAL,California,WND,Wind,4234,megawatthours
2025-03-21 04:00:00+00:00,CAL,California,WND,Wind,4472,megawatthours
2025-03-21 05:00:00+00:00,CAL,California,WND,Wind,4641,megawatthours
2025-03-21 06:00:00+00:00,CAL,California,WND,Wind,4718,megawatthours
2025-03-21 07:00:00+00:00,CAL,California,WND,Wind,4456,megawatthours
2025-03-21 08:00:00+00:00,CAL,California,WND,Wind,4151,megawatthours
2025-03-21 09:00:00+00:00,CAL,California,WND,Wind,3937,megawatthours
2025-03-21 10:00:00+00:00,CAL,California,WND,Wind,3842,megawatthours
2025-03-21 11:00:00+00:00,CAL,California,WND,Wind,3755,megawatthours
2025-03-21 12:00:00+00:00,CAL,California,WND,Wind,3741,megawatthours
2025-03-21 13:00:00+00:00,CAL,California,WND,Wind,3351,megawatthours
2025-03-21 14:00:00+00:00,CAL,California,WND,Wind,2903,megawatthours
2025-03-21 15:00:00+00:00,CAL,California,WND,Wind,2389,megawatthours
2025-03-21 16:00:00+00:00,CAL,California,WND,Wind,1797,megawatthours
2025-03-21 17:00:00+00:00,CAL,California,WND,Wind,1173,megawatthours
2025-03-21 18:00:00+00:00,CAL,California,WND,Wind,864,megawatthours
2025-03-21 19:00:00+00:00,CAL,California,WND,Wind,718,megawatthours
2025-03-21 20:00:00+00:00,CAL,California,WND,Wind,701,megawatthours
2025-03-21 21:00:00+00:00,CAL,California,WND,Wind,861,megawatthours
2025-03-21 22:00:00+00:00,CAL,California,WND,Wind,1648,megawatthours
2025-03-21 23:00:00+00:00,CAL,California,WND,Wind,1781,megawatthours
2025-03-22 00:00:00+00:00,CAL,California,WND,Wind,2146,megawatthours
2025-03-22 01:00:00+00:00,CAL,California,WND,Wind,2523,megawatthours
2025-03-22 02:00:00+00:00,CAL,California,WND,Wind,3145,megawatthours
2025-03-22 03:00:00+00:00,CAL,California,WND,Wind,3346,megawatthours
2025-03-22 04:00:00+00:00,CAL,California,WND,Wind,4035,megawatthours
2025-03-22 05:00:00+00:00,CAL,California,WND,Wind,4611,megawatthours
2025-03-22 06:00:00+00:00,CAL,California,WND,Wind,4790,megawatthours
2025-03-22 07:00:00+00:00,CAL,California,WND,Wind,4935,megawatthours
2025-03-22 08:00:00+00:00,CAL,California,WND,Wind,4307,megawatthours
2025-03-22 09:00:00+00:00,CAL,California,WND,Wind,4044,megawatthours
2025-03-22 10:00:00+00:00,CAL,California,WND,Wind,3900,megawatthours
2025-03-22 11:00:00+00:00,CAL,California,WND,Wind,3885,megawatthours
2025-03-22 12:00:00+00:00,CAL,California,WND,Wind,3736,megawatthours
2025-03-22 13:00:00+00:00,CAL,California,WND,Wind,3875,megawatthours
2025-03-22 14:00:00+00:00,CAL,California,WND,Wind,3940,megawatthours
2025-03-22 15:00:00+00:00,CAL,California,WND,Wind,4041,megawatthours
2025-03-22 16:00:00+00:00,CAL,California,WND,Wind,3968,megawatthours
2025-03-22 17:00:00+00:00,CAL,California,WND,Wind,3766,megawatthours
2025-03-22 18:00:00+00:00,CAL,California,WND,Wind,3649,megawatthours
2025-03-22 19:00:00+00:00,CAL,California,WND,Wind,3299,megawatthours
2025-03-22 20:00:00+00:00,CAL,California,WND,Wind,3204,megawatthours
2025-03-22 21:00:00+00:00,CAL,California,WND,Wind,3135,megawatthours
2025-03-22 22:00:00+00:00,CAL,California,WND,Wind,3168,megawatthours
2025-03-22 23:00:00+00:00,CAL,California,WND,Wind,3055,megawatthours
2025-03-23 00:00:00+00:00,CAL,California,WND,Wind,3230,megawatthours
2025-03-23 01:00:00+00:00,CAL,California,WND,Wind,3710,megawatthours
2025-03-23 02:00:00+00:00,CAL,California,WND,Wind,4443,megawatthours
2025-03-23 03:00:00+00:00,CAL,California,WND,Wind,4706,megawatthours
2025-03-23 04:00:00+00:00,CAL,California,WND,Wind,4704,megawatthours
2025-03-23 05:00:00+00:00,CAL,California,WND,Wind,4827,megawatthours
2025-03-23 06:00:00+00:00,CAL,California,WND,Wind,4705,megawatthours
2025-03-23 07:00:00+00:00,CAL,California,WND,Wind,4780,megawatthours
2025-03-23 08:00:00+00:00,CAL,California,WND,Wind,4725,megawatthours
2025-03-23 09:00:00+00:00,CAL,California,WND,Wind,4390,megawatthours
2025-03-23 10:00:00+00:00,CAL,California,WND,Wind,4025,megawatthours
2025-03-23 11:00:00+00:00,CAL,California,WND,Wind,3671,megawatthours
2025-03-23 12:00:00+00:00,CAL,California,WND,Wind,3359,megawatthours
2025-03-23 13:00:00+00:00,CAL,California,WND,Wind,2899,megawatthours
2025-03-23 14:00:00+00:00,CAL,California,WND,Wind,2828,megawatthours
2025-03-23 15:00:00+00:00,CAL,California,WND,Wind,2458,megawatthours
2025-03-23 16:00:00+00:00,CAL,California,WND,Wind,1382,megawatthours
2025-03-23 17:00:00+00:00,CAL,California,WND,Wind,875,megawatthours
2025-03-23 18:00:00+00:00,CAL,California,WND,Wind,843,megawatthours
2025-03-23 19:00:00+00:00,CAL,California,WND,Wind,845,megawatthours
2025-03-23 20:00:00+00:00,CAL,California,WND,Wind,829,megawatthours
2025-03-23 21:00:00+00:00,CAL,California,WND,Wind,747,megawatthours
2025-03-23 22:00:00+00:00,CAL,California,WND,Wind,781,megawatthours
2025-03-23 23:00:00+00:00,CAL,California,WND,Wind,896,megawatthours
2025-03-24 00:00:00+00:00,CAL,California,WND,Wind,940,megawatthours
2025-03-24 01:00:00+00:00,CAL,California,WND,Wind,834,megawatthours
2025-03-24 02:00:00+00:00,CAL,California,WND,Wind,785,megawatthours
2025-03-24 03:00:00+00:00,CAL,California,WND,Wind,669,megawatthours
2025-03-24 04:00:00+00:00,CAL,California,WND,Wind,665,megawatthours
2025-03-24 05:00:00+00:00,CAL,California,WND,Wind,782,megawatthours
2025-03-24 06:00:00+00:00,CAL,California,WND,Wind,913,megawatthours
2025-03-24 07:00:00+00:00,CAL,California,WND,Wind,1006,megawatthours
2025-03-24 08:00:00+00:00,CAL,California,WND,Wind,1043,megawatthours
2025-03-24 09:00:00+00:00,CAL,California,WND,Wind,1189,megawatthours
2025-03-24 10:00:00+00:00,CAL,California,WND,Wind,1171,megawatthours
2025-03-24 11:00:00+00:00,CAL,California,WND,Wind,1197,megawatthours
2025-03-24 12:00:00+00:00,CAL,California,WND,Wind,1169,megawatthours
2025-03-24 13:00:00+00:00,CAL,California,WND,Wind,1261,megawatthours
2025-03-24 14:00:00+00:00,CAL,California,WND,Wind,1274,megawatthours
2025-03-24 15:00:00+00:00,CAL,California,WND,Wind,1212,megawatthours
2025-03-24 16:00:00+00:00,CAL,California,WND,Wind,1231,megawatthours
2025-03-24 17:00:00+00:00,CAL,California,WND,Wind,1077,megawatthours
2025-03-24 18:00:00+00:00,CAL,California,WND,Wind,1112,megawatthours
2025-03-24 19:00:00+00:00,CAL,California,WND,Wind,1113,megawatthours
2025-03-24 20:00:00+00:00,CAL,California,WND,Wind,1165,megawatthours
2025-03-24 21:00:00+00:00,CAL,California,WND,Wind,1157,megawatthours
2025-03-24 22:00:00+00:00,CAL,California,WND,Wind,1116,megawatthours
2025-03-24 23:00:00+00:00,CAL,California,WND,Wind,1010,megawatthours
2025-03-25 00:00:00+00:00,CAL,California,WND,Wind,910,megawatthours
2025-03-25 01:00:00+00:00,CAL,California,WND,Wind,898,megawatthours
2025-03-25 02:00:00+00:00,CAL,California,WND,Wind,780,megawatthours
2025-03-25 03:00:00+00:00,CAL,California,WND,Wind,673,megawatthours
2025-03-25 04:00:00+00:00,CAL,California,WND,Wind,787,megawatthours
2025-03-25 05:00:00+00:00,CAL,California,WND,Wind,1294,megawatthours
2025-03-25 06:00:00+00:00,CAL,California,WND,Wind,1259,megawatthours
2025-03-25 07:00:00+00:00,CAL,California,WND,Wind,1060,megawatthours
2025-03-25 08:00:00+00:00,CAL,California,WND,Wind,937,megawatthours
2025-03-25 09:00:00+00:00,CAL,California,WND,Wind,920,megawatthours
2025-03-25 10:00:00+00:00,CAL,California,WND,Wind,930,megawatthours
2025-03-25 11:00:00+00:00,CAL,California,WND,Wind,882,megawatthours
2025-03-25 12:00:00+00:00,CAL,California,WND,Wind,818,megawatthours
2025-03-25 13:00:00+00:00,CAL,California,WND,Wind,730,megawatthours
2025-03-25 14:00:00+00:00,CAL,California,WND,Wind,582,megawatthours
2025-03-25 15:00:00+00:00,CAL,California,WND,Wind,439,megawatthours
2025-03-25 16:00:00+00:00,CAL,California,WND,Wind,356,megawatthours
2025-03-25 17:00:00+00:00,CAL,California,WND,Wind,298,megawatthours
2025-03-25 18:00:00+00:00,CAL,California,WND,Wind,363,megawatthours
2025-03-25 19:00:00+00:00,CAL,California,WND,Wind,402,megawatthours
2025-03-25 20:00:00+00:00,CAL,California,WND,Wind,452,megawatthours
2025-03-25 21:00:00+00:00,CAL,California,WND,Wind,444,megawatthours
2025-03-25 22:00:00+00:00,CAL,California,WND,Wind,414,megawatthours
2025-03-25 23:00:00+00:00,CAL,California,WND,Wind,314,megawatthours
2025-03-26 00:00:00+00:00,CAL,California,WND,Wind,178,megawatthours
2025-03-26 01:00:00+00:00,CAL,California,WND,Wind,298,megawatthours
2025-03-26 02:00:00+00:00,CAL,California,WND,Wind,708,megawatthours
2025-03-26 03:00:00+00:00,CAL,California,WND,Wind,1202,megawatthours
2025-03-26 04:00:00+00:00,CAL,California,WND,Wind,1508,megawatthours
2025-03-26 05:00:00+00:00,CAL,California,WND,Wind,1568,megawatthours
2025-03-26 06:00:00+00:00,CAL,California,WND,Wind,1618,megawatthours
2025-03-26 07:00:00+00:00,CAL,California,WND,Wind,1561,megawatthours
2025-03-26 08:00:00+00:00,CAL,California,WND,Wind,1531,megawatthours
2025-03-26 09:00:00+00:00,CAL,California,WND,Wind,1621,megawatthours
2025-03-26 10:00:00+00:00,CAL,California,WND,Wind,1851,megawatthours
2025-03-26 11:00:00+00:00,CAL,California,WND,Wind,2014,megawatthours
2025-03-26 12:00:00+00:00,CAL,California,WND,Wind,2289,megawatthours
2025-03-26 13:00:00+00:00,CAL,California,WND,Wind,2305,megawatthours
2025-03-26 14:00:00+00:00,CAL,California,WND,Wind,2185,megawatthours
2025-03-26 15:00:00+00:00,CAL,California,WND,Wind,2111,megawatthours
2025-03-26 16:00:00+00:00,CAL,California,WND,Wind,2107,megawatthours
2025-03-26 17:00:00+00:00,CAL,California,WND,Wind,2061,megawatthours
2025-03-26 18:00:00+00:00,CAL,California,WND,Wind,1973,megawatthours
2025-03-26 19:00:00+00:00,CAL,California,WND,Wind,2103,megawatthours
2025-03-26 20:00:00+00:00,CAL,California,WND,Wind,2164,megawatthours
2025-03-26 21:00:00+00:00,CAL,California,WND,Wind,2300,megawatthours
2025-03-26 22:00:00+00:00,CAL,California,WND,Wind,2684,megawatthours
2025-03-26 23:00:00+00:00,CAL,California,WND,Wind,3155,megawatthours
2025-03-27 00:00:00+00:00,CAL,California,WND,Wind,3412,megawatthours
2025-03-27 01:00:00+00:00,CAL,California,WND,Wind,3716,megawatthours
2025-03-27 02:00:00+00:00,CAL,California,WND,Wind,3855,megawatthours
2025-03-27 03:00:00+00:00,CAL,California,WND,Wind,3661,megawatthours
2025-03-27 04:00:00+00:00,CAL,California,WND,Wind,3972,megawatthours
2025-03-27 05:00:00+00:00,CAL,California,WND,Wind,4171,megawatthours
2025-03-27 06:00:00+00:00,CAL,California,WND,Wind,3877,megawatthours
2025-03-27 07:00:00+00:00,CAL,California,WND,Wind,4113,megawatthours
2025-03-27 08:00:00+00:00,CAL,California,WND,Wind,4345,megawatthours
2025-03-27 09:00:00+00:00,CAL,California,WND,Wind,4144,megawatthours
2025-03-27 10:00:00+00:00,CAL,California,WND,Wind,3597,megawatthours
2025-03-27 11:00:00+00:00,CAL,California,WND,Wind,3496,megawatthours
2025-03-27 12:00:00+00:00,CAL,California,WND,Wind,3863,megawatthours
2025-03-27 13:00:00+00:00,CAL,California,WND,Wind,4164,megawatthours
2025-03-27 14:00:00+00:00,CAL,California,WND,Wind,4061,megawatthours
2025-03-27 15:00:00+00:00,CAL,California,WND,Wind,3532,megawatthours
2025-03-27 16:00:00+00:00,CAL,California,WND,Wind,3598,megawatthours
2025-03-27 17:00:00+00:00,CAL,California,WND,Wind,3903,megawatthours
2025-03-27 18:00:00+00:00,CAL,California,WND,Wind,4191,megawatthours
2025-03-27 19:00:00+00:00,CAL,California,WND,Wind,4455,megawatthours
2025-03-27 20:00:00+00:00,CAL,California,WND,Wind,4325,megawatthours
2025-03-27 21:00:00+00:00,CAL,California,WND,Wind,4202,megawatthours
2025-03-27 22:00:00+00:00,CAL,California,WND,Wind,4286,megawatthours
2025-03-27 23:00:00+00:00,CAL,California,WND,Wind,4402,megawatthours
2025-03-28 00:00:00+00:00,CAL,California,WND,Wind,4140,megawatthours
2025-03-28 01:00:00+00:00,CAL,California,WND,Wind,4068,megawatthours
2025-03-28 02:00:00+00:00,CAL,California,WND,Wind,4505,megawatthours
2025-03-28 03:00:00+00:00,CAL,California,WND,Wind,4524,megawatthours
2025-03-28 04:00:00+00:00,CAL,California,WND,Wind,3927,megawatthours
2025-03-28 05:00:00+00:00,CAL,California,WND,Wind,4164,megawatthours
2025-03-28 06:00:00+00:00,CAL,California,WND,Wind,4435,megawatthours
2025-03-28 07:00:00+00:00,CAL,California,WND,Wind,4257,megawatthours
2025-03-28 08:00:00+00:00,CAL,California,WND,Wind,4008,megawatthours
2025-03-28 09:00:00+00:00,CAL,California,WND,Wind,4254,megawatthours
2025-03-28 10:00:00+00:00,CAL,California,WND,Wind,4868,megawatthours
2025-03-28 11:00:00+00:00,CAL,California,WND,Wind,5155,megawatthours
2025-03-28 12:00:00+00:00,CAL,California,WND,Wind,5090,megawatthours
2025-03-28 13:00:00+00:00,CAL,California,WND,Wind,4938,megawatthours
2025-03-28 14:00:00+00:00,CAL,California,WND,Wind,4830,megawatthours
2025-03-28 15:00:00+00:00,CAL,California,WND,Wind,4634,megawatthours
2025-03-28 16:00:00+00:00,CAL,California,WND,Wind,4614,megawatthours
2025-03-28 17:00:00+00:00,CAL,California,WND,Wind,4420,megawatthours
2025-03-28 18:00:00+00:00,CAL,California,WND,Wind,4282,megawatthours
2025-03-28 19:00:00+00:00,CAL,California,WND,Wind,4676,megawatthours
2025-03-28 20:00:00+00:00,CAL,California,WND,Wind,4870,megawatthours
2025-03-28 21:00:00+00:00,CAL,California,WND,Wind,4375,megawatthours
2025-03-28 22:00:00+00:00,CAL,California,WND,Wind,4901,megawatthours
2025-03-28 23:00:00+00:00,CAL,California,WND,Wind,5131,megawatthours
2025-03-29 00:00:00+00:00,CAL,California,WND,Wind,5237,megawatthours
2025-03-29 01:00:00+00:00,CAL,California,WND,Wind,4939,megawatthours
2025-03-29 02:00:00+00:00,CAL,California,WND,Wind,5473,megawatthours
2025-03-29 03:00:00+00:00,CAL,California,WND,Wind,5472,megawatthours
2025-03-29 04:00:00+00:00,CAL,California,WND,Wind,5517,megawatthours
2025-03-29 05:00:00+00:00,CAL,California,WND,Wind,5196,megawatthours
2025-03-29 06:00:00+00:00,CAL,California,WND,Wind,4911,megawatthours
2025-03-29 07:00:00+00:00,CAL,California,WND,Wind,4998,megawatthours
2025-03-29 08:00:00+00:00,CAL,California,WND,Wind,4914,megawatthours
2025-03-29 09:00:00+00:00,CAL,California,WND,Wind,4651,megawatthours
2025-03-29 10:00:00+00:00,CAL,California,WND,Wind,4525,megawatthours
2025-03-29 11:00:00+00:00,CAL,California,WND,Wind,4526,megawatthours
2025-03-29 12:00:00+00:00,CAL,California,WND,Wind,4634,megawatthours
2025-03-29 13:00:00+00:00,CAL,California,WND,Wind,4665,megawatthours
2025-03-29 14:00:00+00:00,CAL,California,WND,Wind,4337,megawatthours
2025-03-29 15:00:00+00:00,CAL,California,WND,Wind,4067,megawatthours
2025-03-29 16:00:00+00:00,CAL,California,WND,Wind,3527,megawatthours
2025-03-29 17:00:00+00:00,CAL,California,WND,Wind,3544,megawatthours
2025-03-29 18:00:00+00:00,CAL,California,WND,Wind,3313,megawatthours
2025-03-29 19:00:00+00:00,CAL,California,WND,Wind,3347,megawatthours
2025-03-29 20:00:00+00:00,CAL,California,WND,Wind,3583,megawatthours
2025-03-29 21:00:00+00:00,CAL,California,WND,Wind,3476,megawatthours
2025-03-29 22:00:00+00:00,CAL,California,WND,Wind,3225,megawatthours
2025-03-29 23:00:00+00:00,CAL,California,WND,Wind,2966,megawatthours
2025-03-30 00:00:00+00:00,CAL,California,WND,Wind,2980,megawatthours
2025-03-30 01:00:00+00:00,CAL,California,WND,Wind,3110,megawatthours
2025-03-30 02:00:00+00:00,CAL,California,WND,Wind,3403,megawatthours
2025-03-30 03:00:00+00:00,CAL,California,WND,Wind,3560,megawatthours
2025-03-30 04:00:00+00:00,CAL,California,WND,Wind,3623,megawatthours
2025-03-30 05:00:00+00:00,CAL,California,WND,Wind,3560,megawatthours
2025-03-30 06:00:00+00:00,CAL,California,WND,Wind,3563,megawatthours
2025-03-30 07:00:00+00:00,CAL,California,WND,Wind,3413,megawatthours
2025-03-30 08:00:00+00:00,CAL,California,WND,Wind,3074,megawatthours
2025-03-30 09:00:00+00:00,CAL,California,WND,Wind,3172,megawatthours
2025-03-30 10:00:00+00:00,CAL,California,WND,Wind,3415,megawatthours
2025-03-30 11:00:00+00:00,CAL,California,WND,Wind,3646,megawatthours
2025-03-30 12:00:00+00:00,CAL,California,WND,Wind,3985,megawatthours
2025-03-30 13:00:00+00:00,CAL,California,WND,Wind,4207,megawatthours
2025-03-30 14:00:00+00:00,CAL,California,WND,Wind,3577,megawatthours
2025-03-30 15:00:00+00:00,CAL,California,WND,Wind,3985,megawatthours
2025-03-30 16:00:00+00:00,CAL,California,WND,Wind,4520,megawatthours
2025-03-30 17:00:00+00:00,CAL,California,WND,Wind,4125,megawatthours
2025-03-30 18:00:00+00:00,CAL,California,WND,Wind,3858,megawatthours
2025-03-30 19:00:00+00:00,CAL,California,WND,Wind,3800,megawatthours
2025-03-30 20:00:00+00:00,CAL,California,WND,Wind,4139,megawatthours
2025-03-30 21:00:00+00:00,CAL,California,WND,Wind,4001,megawatthours
2025-03-30 22:00:00+00:00,CAL,California,WND,Wind,3989,megawatthours
2025-03-30 23:00:00+00:00,CAL,California,WND,Wind,3788,megawatthours
2025-03-31 00:00:00+00:00,CAL,California,WND,Wind,3898,megawatthours
2025-03-31 01:00:00+00:00,CAL,California,WND,Wind,3794,megawatthours
2025-03-31 02:00:00+00:00,CAL,California,WND,Wind,3845,megawatthours
2025-03-31 03:00:00+00:00,CAL,California,WND,Wind,4093,megawatthours
2025-03-31 04:00:00+00:00,CAL,California,WND,Wind,3942,megawatthours
2025-03-31 05:00:00+00:00,CAL,California,WND,Wind,3945,megawatthours
2025-03-31 06:00:00+00:00,CAL,California,WND,Wind,3512,megawatthours
2025-03-31 07:00:00+00:00,CAL,California,WND,Wind,3333,megawatthours
2025-03-31 08:00:00+00:00,CAL,California,WND,Wind,3456,megawatthours
2025-03-31 09:00:00+00:00,CAL,California,WND,Wind,3663,megawatthours
2025-03-31 10:00:00+00:00,CAL,California,WND,Wind,3742,megawatthours
2025-03-31 11:00:00+00:00,CAL,California,WND,Wind,3835,megawatthours
2025-03-31 12:00:00+00:00,CAL,California,WND,Wind,3870,megawatthours
2025-03-31 13:00:00+00:00,CAL,California,WND,Wind,3608,megawatthours
2025-03-31 14:00:00+00:00,CAL,California,WND,Wind,3419,megawatthours
2025-03-31 15:00:00+00:00,CAL,California,WND,Wind,3243,megawatthours
2025-03-31 16:00:00+00:00,CAL,California,WND,Wind,2984,megawatthours
2025-03-31 17:00:00+00:00,CAL,California,WND,Wind,3174,megawatthours
2025-03-31 18:00:00+00:00,CAL,California,WND,Wind,3591,megawatthours
2025-03-31 19:00:00+00:00,CAL,California,WND,Wind,3857,megawatthours
2025-03-31 20:00:00+00:00,CAL,California,WND,Wind,4329,megawatthours
2025-03-31 21:00:00+00:00,CAL,California,WND,Wind,4656,megawatthours
2025-03-31 22:00:00+00:00,CAL,California,WND,Wind,4733,megawatthours
2025-03-31 23:00:00+00:00,CAL,California,WND,Wind,5315,megawatthours
2025-04-01 00:00:00+00:00,CAL,California,WND,Wind,5471,megawatthours
2025-04-01 01:00:00+00:00,CAL,California,WND,Wind,5498,megawatthours
2025-04-01 02:00:00+00:00,CAL,California,WND,Wind,5791,megawatthours
2025-04-01 03:00:00+00:00,CAL,California,WND,Wind,5728,megawatthours
2025-04-01 04:00:00+00:00,CAL,California,WND,Wind,5488,megawatthours
2025-04-01 05:00:00+00:00,CAL,California,WND,Wind,5165,megawatthours
2025-04-01 06:00:00+00:00,CAL,California,WND,Wind,5018,megawatthours
2025-04-01 07:00:00+00:00,CAL,California,WND,Wind,5049,megawatthours
2025-04-01 08:00:00+00:00,CAL,California,WND,Wind,4490,megawatthours
2025-04-01 09:00:00+00:00,CAL,California,WND,Wind,4071,megawatthours
2025-04-01 10:00:00+00:00,CAL,California,WND,Wind,4021,megawatthours
2025-04-01 11:00:00+00:00,CAL,California,WND,Wind,3973,megawatthours
2025-04-01 12:00:00+00:00,CAL,California,WND,Wind,3933,megawatthours
2025-04-01 13:00:00+00:00,CAL,California,WND,Wind,3843,megawatthours
2025-04-01 14:00:00+00:00,CAL,California,WND,Wind,3933,megawatthours
2025-04-01 15:00:00+00:00,CAL,California,WND,Wind,3798,megawatthours
2025-04-01 16:00:00+00:00,CAL,California,WND,Wind,3589,megawatthours
2025-04-01 17:00:00+00:00,CAL,California,WND,Wind,3956,megawatthours
2025-04-01 18:00:00+00:00,CAL,California,WND,Wind,4539,megawatthours
2025-04-01 19:00:00+00:00,CAL,California,WND,Wind,4453,megawatthours
2025-04-01 20:00:00+00:00,CAL,California,WND,Wind,4110,megawatthours
2025-04-01 21:00:00+00:00,CAL,California,WND,Wind,3764,megawatthours
2025-04-01 22:00:00+00:00,CAL,California,WND,Wind,4062,megawatthours
2025-04-01 23:00:00+00:00,CAL,California,WND,Wind,4070,megawatthours
2025-04-02 00:00:00+00:00,CAL,California,WND,Wind,4191,megawatthours
2025-04-02 01:00:00+00:00,CAL,California,WND,Wind,4171,megawatthours
2025-04-02 02:00:00+00:00,CAL,California,WND,Wind,4175,megawatthours
2025-04-02 03:00:00+00:00,CAL,California,WND,Wind,4049,megawatthours
2025-04-02 04:00:00+00:00,CAL,California,WND,Wind,3983,megawatthours
2025-04-02 05:00:00+00:00,CAL,California,WND,Wind,4096,megawatthours
2025-04-02 06:00:00+00:00,CAL,California,WND,Wind,3966,megawatthours
2025-04-02 07:00:00+00:00,CAL,California,WND,Wind,3666,megawatthours
2025-04-02 08:00:00+00:00,CAL,California,WND,Wind,3411,megawatthours
2025-04-02 09:00:00+00:00,CAL,California,WND,Wind,3384,megawatthours
2025-04-02 10:00:00+00:00,CAL,California,WND,Wind,3459,megawatthours
2025-04-02 11:00:00+00:00,CAL,California,WND,Wind,2911,megawatthours
2025-04-02 12:00:00+00:00,CAL,California,WND,Wind,2823,megawatthours
2025-04-02 13:00:00+00:00,CAL,California,WND,Wind,3447,megawatthours
2025-04-02 14:00:00+00:00,CAL,California,WND,Wind,4042,megawatthours
2025-04-02 15:00:00+00:00,CAL,California,WND,Wind,4012,megawatthours
2025-04-02 16:00:00+00:00,CAL,California,WND,Wind,3657,megawatthours
2025-04-02 17:00:00+00:00,CAL,California,WND,Wind,3858,megawatthours
2025-04-02 18:00:00+00:00,CAL,California,WND,Wind,3723,megawatthours
2025-04-02 19:00:00+00:00,CAL,California,WND,Wind,3348,megawatthours
2025-04-02 20:00:00+00:00,CAL,California,WND,Wind,3608,megawatthours
2025-04-02 21:00:00+00:00,CAL,California,WND,Wind,3844,megawatthours
2025-04-02 22:00:00+00:00,CAL,California,WND,Wind,4121,megawatthours
2025-04-02 23:00:00+00:00,CAL,California,WND,Wind,4078,megawatthours
2025-04-03 00:00:00+00:00,CAL,California,WND,Wind,3887,megawatthours
2025-04-03 01:00:00+00:00,CAL,California,WND,Wind,4058,megawatthours
2025-04-03 02:00:00+00:00,CAL,California,WND,Wind,4055,megawatthours
2025-04-03 03:00:00+00:00,CAL,California,WND,Wind,4414,megawatthours
2025-04-03 04:00:00+00:00,CAL,California,WND,Wind,4783,megawatthours
2025-04-03 05:00:00+00:00,CAL,California,WND,Wind,4797,megawatthours
2025-04-03 06:00:00+00:00,CAL,California,WND,Wind,4710,megawatthours
2025-04-03 07:00:00+00:00,CAL,California,WND,Wind,4829,megawatthours
2025-04-03 08:00:00+00:00,CAL,California,WND,Wind,4888,megawatthours
2025-04-03 09:00:00+00:00,CAL,California,WND,Wind,4603,megawatthours
2025-04-03 10:00:00+00:00,CAL,California,WND,Wind,4281,megawatthours
2025-04-03 11:00:00+00:00,CAL,California,WND,Wind,4071,megawatthours
2025-04-03 12:00:00+00:00,CAL,California,WND,Wind,3606,megawatthours
2025-04-03 13:00:00+00:00,CAL,California,WND,Wind,3142,megawatthours
2025-04-03 14:00:00+00:00,CAL,California,WND,Wind,2740,megawatthours
2025-04-03 15:00:00+00:00,CAL,California,WND,Wind,2696,megawatthours
2025-04-03 16:00:00+00:00,CAL,California,WND,Wind,2776,megawatthours
2025-04-03 17:00:00+00:00,CAL,California,WND,Wind,2695,megawatthours
2025-04-03 18:00:00+00:00,CAL,California,WND,Wind,2589,megawatthours
2025-04-03 19:00:00+00:00,CAL,California,WND,Wind,2129,megawatthours
2025-04-03 20:00:00+00:00,CAL,California,WND,Wind,1732,megawatthours
2025-04-03 21:00:00+00:00,CAL,California,WND,Wind,1664,megawatthours
2025-04-03 22:00:00+00:00,CAL,California,WND,Wind,1478,megawatthours
2025-04-03 23:00:00+00:00,CAL,California,WND,Wind,1658,megawatthours
2025-04-04 00:00:00+00:00,CAL,California,WND,Wind,2199,megawatthours
2025-04-04 01:00:00+00:00,CAL,California,WND,Wind,3051,megawatthours
2025-04-04 02:00:00+00:00,CAL,California,WND,Wind,3848,megawatthours
2025-04-04 03:00:00+00:00,CAL,California,WND,Wind,4020,megawatthours
2025-04-04 04:00:00+00:00,CAL,California,WND,Wind,4158,megawatthours
2025-04-04 05:00:00+00:00,CAL,California,WND,Wind,4030,megawatthours
2025-04-04 06:00:00+00:00,CAL,California,WND,Wind,3907,megawatthours
2025-04-04 07:00:00+00:00,CAL,California,WND,Wind,3748,megawatthours
2025-04-04 08:00:00+00:00,CAL,California,WND,Wind,3888,megawatthours
2025-04-04 09:00:00+00:00,CAL,California,WND,Wind,3733,megawatthours
2025-04-04 10:00:00+00:00,CAL,California,WND,Wind,3598,megawatthours
2025-04-04 11:00:00+00:00,CAL,California,WND,Wind,3454,megawatthours
2025-04-04 12:00:00+00:00,CAL,California,WND,Wind,3091,megawatthours
2025-04-04 13:00:00+00:00,CAL,California,WND,Wind,2830,megawatthours
2025-04-04 14:00:00+00:00,CAL,California,WND,Wind,2976,megawatthours
2025-04-04 15:00:00+00:00,CAL,California,WND,Wind,2460,megawatthours
2025-04-04 16:00:00+00:00,CAL,California,WND,Wind,1546,megawatthours
2025-04-04 17:00:00+00:00,CAL,California,WND,Wind,1084,megawatthours
2025-04-04 18:00:00+00:00,CAL,California,WND,Wind,1251,megawatthours
2025-04-04 19:00:00+00:00,CAL,California,WND,Wind,1437,megawatthours
2025-04-04 20:00:00+00:00,CAL,California,WND,Wind,1386,megawatthours
2025-04-04 21:00:00+00:00,CAL,California,WND,Wind,1279,megawatthours
2025-04-04 22:00:00+00:00,CAL,California,WND,Wind,1397,megawatthours
2025-04-04 23:00:00+00:00,CAL,California,WND,Wind,1851,megawatthours
2025-04-05 00:00:00+00:00,CAL,California,WND,Wind,2003,megawatthours
2025-04-05 01:00:00+00:00,CAL,California,WND,Wind,2279,megawatthours
2025-04-05 02:00:00+00:00,CAL,California,WND,Wind,2677,megawatthours
2025-04-05 03:00:00+00:00,CAL,California,WND,Wind,2731,megawatthours
2025-04-05 04:00:00+00:00,CAL,California,WND,Wind,2664,megawatthours
2025-04-05 05:00:00+00:00,CAL,California,WND,Wind,2739,megawatthours
2025-04-05 06:00:00+00:00,CAL,California,WND,Wind,3067,megawatthours
2025-04-05 07:00:00+00:00,CAL,California,WND,Wind,3057,megawatthours
2025-04-05 08:00:00+00:00,CAL,California,WND,Wind,3078,megawatthours
2025-04-05 09:00:00+00:00,CAL,California,WND,Wind,3170,megawatthours
2025-04-05 10:00:00+00:00,CAL,California,WND,Wind,3261,megawatthours
2025-04-05 11:00:00+00:00,CAL,California,WND,Wind,2903,megawatthours
2025-04-05 12:00:00+00:00,CAL,California,WND,Wind,2504,megawatthours
2025-04-05 13:00:00+00:00,CAL,California,WND,Wind,2289,megawatthours
2025-04-05 14:00:00+00:00,CAL,California,WND,Wind,1864,megawatthours
2025-04-05 15:00:00+00:00,CAL,California,WND,Wind,1573,megawatthours
2025-04-05 16:00:00+00:00,CAL,California,WND,Wind,1384,megawatthours
2025-04-05 17:00:00+00:00,CAL,California,WND,Wind,1687,megawatthours
2025-04-05 18:00:00+00:00,CAL,California,WND,Wind,2375,megawatthours
2025-04-05 19:00:00+00:00,CAL,California,WND,Wind,2507,megawatthours
2025-04-05 20:00:00+00:00,CAL,California,WND,Wind,1970,megawatthours
2025-04-05 21:00:00+00:00,CAL,California,WND,Wind,1512,megawatthours
2025-04-05 22:00:00+00:00,CAL,California,WND,Wind,1221,megawatthours
2025-04-05 23:00:00+00:00,CAL,California,WND,Wind,1105,megawatthours
2025-04-06 00:00:00+00:00,CAL,California,WND,Wind,1234,megawatthours
2025-04-06 01:00:00+00:00,CAL,California,WND,Wind,1312,megawatthours
2025-04-06 02:00:00+00:00,CAL,California,WND,Wind,1591,megawatthours
2025-04-06 03:00:00+00:00,CAL,California,WND,Wind,1776,megawatthours
2025-04-06 04:00:00+00:00,CAL,California,WND,Wind,1921,megawatthours
2025-04-06 05:00:00+00:00,CAL,California,WND,Wind,1983,megawatthours
2025-04-06 06:00:00+00:00,CAL,California,WND,Wind,1942,megawatthours
2025-04-06 07:00:00+00:00,CAL,California,WND,Wind,1621,megawatthours
2025-04-06 08:00:00+00:00,CAL,California,WND,Wind,1422,megawatthours
2025-04-06 09:00:00+00:00,CAL,California,WND,Wind,1650,megawatthours
2025-04-06 10:00:00+00:00,CAL,California,WND,Wind,1941,megawatthours
2025-04-06 11:00:00+00:00,CAL,California,WND,Wind,2177,megawatthours
2025-04-06 12:00:00+00:00,CAL,California,WND,Wind,1928,megawatthours
2025-04-06 13:00:00+00:00,CAL,California,WND,Wind,1509,megawatthours
2025-04-06 14:00:00+00:00,CAL,California,WND,Wind,1245,megawatthours
2025-04-06 15:00:00+00:00,CAL,California,WND,Wind,882,megawatthours
2025-04-06 16:00:00+00:00,CAL,California,WND,Wind,651,megawatthours
2025-04-06 17:00:00+00:00,CAL,California,WND,Wind,506,megawatthours
2025-04-06 18:00:00+00:00,CAL,California,WND,Wind,389,megawatthours
2025-04-06 19:00:00+00:00,CAL,California,WND,Wind,340,megawatthours
2025-04-06 20:00:00+00:00,CAL,California,WND,Wind,304,megawatthours
2025-04-06 21:00:00+00:00,CAL,California,WND,Wind,292,megawatthours
2025-04-06 22:00:00+00:00,CAL,California,WND,Wind,309,megawatthours
2025-04-06 23:00:00+00:00,CAL,California,WND,Wind,660,megawatthours
2025-04-07 00:00:00+00:00,CAL,California,WND,Wind,1202,megawatthours
2025-04-07 01:00:00+00:00,CAL,California,WND,Wind,1508,megawatthours
2025-04-07 02:00:00+00:00,CAL,California,WND,Wind,1817,megawatthours
2025-04-07 03:00:00+00:00,CAL,California,WND,Wind,2196,megawatthours
2025-04-07 04:00:00+00:00,CAL,California,WND,Wind,2730,megawatthours
2025-04-07 05:00:00+00:00,CAL,California,WND,Wind,2962,megawatthours
2025-04-07 06:00:00+00:00,CAL,California,WND,Wind,3254,megawatthours
2025-04-07 07:00:00+00:00,CAL,California,WND,Wind,3517,megawatthours
2025-04-07 08:00:00+00:00,CAL,California,WND,Wind,3520,megawatthours
2025-04-07 09:00:00+00:00,CAL,California,WND,Wind,3435,megawatthours
2025-04-07 10:00:00+00:00,CAL,California,WND,Wind,3224,megawatthours
2025-04-07 11:00:00+00:00,CAL,California,WND,Wind,2918,megawatthours
2025-04-07 12:00:00+00:00,CAL,California,WND,Wind,2674,megawatthours
2025-04-07 13:00:00+00:00,CAL,California,WND,Wind,2783,megawatthours
2025-04-07 14:00:00+00:00,CAL,California,WND,Wind,2957,megawatthours
2025-04-07 15:00:00+00:00,CAL,California,WND,Wind,2617,megawatthours
2025-04-07 16:00:00+00:00,CAL,California,WND,Wind,2266,megawatthours
2025-04-07 17:00:00+00:00,CAL,California,WND,Wind,1702,megawatthours
2025-04-07 18:00:00+00:00,CAL,California,WND,Wind,1575,megawatthours
2025-04-07 19:00:00+00:00,CAL,California,WND,Wind,1647,megawatthours
2025-04-07 20:00:00+00:00,CAL,California,WND,Wind,1377,megawatthours
2025-04-07 21:00:00+00:00,CAL,California,WND,Wind,1239,megawatthours
2025-04-07 22:00:00+00:00,CAL,California,WND,Wind,1427,megawatthours
2025-04-07 23:00:00+00:00,CAL,California,WND,Wind,2327,megawatthours
2025-04-08 00:00:00+00:00,CAL,California,WND,Wind,2652,megawatthours
2025-04-08 01:00:00+00:00,CAL,California,WND,Wind,3018,megawatthours
2025-04-08 02:00:00+00:00,CAL,California,WND,Wind,3319,megawatthours
2025-04-08 03:00:00+00:00,CAL,California,WND,Wind,3637,megawatthours
2025-04-08 04:00:00+00:00,CAL,California,WND,Wind,4006,megawatthours
2025-04-08 05:00:00+00:00,CAL,California,WND,Wind,4057,megawatthours
2025-04-08 06:00:00+00:00,CAL,California,WND,Wind,4126,megawatthours
2025-04-08 07:00:00+00:00,CAL,California,WND,Wind,4280,megawatthours
2025-04-08 08:00:00+00:00,CAL,California,WND,Wind,4587,megawatthours
2025-04-08 09:00:00+00:00,CAL,California,WND,Wind,4457,megawatthours
2025-04-08 10:00:00+00:00,CAL,California,WND,Wind,4351,megawatthours
2025-04-08 11:00:00+00:00,CAL,California,WND,Wind,4068,megawatthours
2025-04-08 12:00:00+00:00,CAL,California,WND,Wind,4092,megawatthours
2025-04-08 13:00:00+00:00,CAL,California,WND,Wind,3874,megawatthours
2025-04-08 14:00:00+00:00,CAL,California,WND,Wind,3643,megawatthours
2025-04-08 15:00:00+00:00,CAL,California,WND,Wind,3806,megawatthours
2025-04-08 16:00:00+00:00,CAL,California,WND,Wind,4012,megawatthours
2025-04-08 17:00:00+00:00,CAL,California,WND,Wind,3922,megawatthours
2025-04-08 18:00:00+00:00,CAL,California,WND,Wind,3882,megawatthours
2025-04-08 19:00:00+00:00,CAL,California,WND,Wind,3506,megawatthours
2025-04-08 20:00:00+00:00,CAL,California,WND,Wind,2804,megawatthours
2025-04-08 21:00:00+00:00,CAL,California,WND,Wind,2178,megawatthours
2025-04-08 22:00:00+00:00,CAL,California,WND,Wind,1989,megawatthours
2025-04-08 23:00:00+00:00,CAL,California,WND,Wind,2228,megawatthours
2025-04-09 00:00:00+00:00,CAL,California,WND,Wind,2520,megawatthours
2025-04-09 01:00:00+00:00,CAL,California,WND,Wind,2776,megawatthours
2025-04-09 02:00:00+00:00,CAL,California,WND,Wind,3071,megawatthours
2025-04-09 03:00:00+00:00,CAL,California,WND,Wind,3418,megawatthours
2025-04-09 04:00:00+00:00,CAL,California,WND,Wind,4097,megawatthours
2025-04-09 05:00:00+00:00,CAL,California,WND,Wind,4524,megawatthours
2025-04-09 06:00:00+00:00,CAL,California,WND,Wind,4677,megawatthours
2025-04-09 07:00:00+00:00,CAL,California,WND,Wind,4506,megawatthours
2025-04-09 08:00:00+00:00,CAL,California,WND,Wind,4285,megawatthours
2025-04-09 09:00:00+00:00,CAL,California,WND,Wind,4113,megawatthours
2025-04-09 10:00:00+00:00,CAL,California,WND,Wind,4197,megawatthours
2025-04-09 11:00:00+00:00,CAL,California,WND,Wind,4189,megawatthours
2025-04-09 12:00:00+00:00,CAL,California,WND,Wind,3703,megawatthours
2025-04-09 13:00:00+00:00,CAL,California,WND,Wind,3387,megawatthours
2025-04-09 14:00:00+00:00,CAL,California,WND,Wind,3153,megawatthours
2025-04-09 15:00:00+00:00,CAL,California,WND,Wind,2629,megawatthours
2025-04-09 16:00:00+00:00,CAL,California,WND,Wind,1710,megawatthours
2025-04-09 17:00:00+00:00,CAL,California,WND,Wind,1069,megawatthours
2025-04-09 18:00:00+00:00,CAL,California,WND,Wind,624,megawatthours
2025-04-09 19:00:00+00:00,CAL,California,WND,Wind,744,megawatthours
2025-04-09 20:00:00+00:00,CAL,California,WND,Wind,696,megawatthours
2025-04-09 21:00:00+00:00,CAL,California,WND,Wind,544,megawatthours
2025-04-09 22:00:00+00:00,CAL,California,WND,Wind,547,megawatthours
2025-04-09 23:00:00+00:00,CAL,California,WND,Wind,674,megawatthours
2025-04-10 00:00:00+00:00,CAL,California,WND,Wind,933,megawatthours
2025-04-10 01:00:00+00:00,CAL,California,WND,Wind,1364,megawatthours
2025-04-10 02:00:00+00:00,CAL,California,WND,Wind,1726,megawatthours
2025-04-10 03:00:00+00:00,CAL,California,WND,Wind,1888,megawatthours
2025-04-10 04:00:00+00:00,CAL,California,WND,Wind,2198,megawatthours
2025-04-10 05:00:00+00:00,CAL,California,WND,Wind,2657,megawatthours
2025-04-10 06:00:00+00:00,CAL,California,WND,Wind,2662,megawatthours
2025-04-10 07:00:00+00:00,CAL,California,WND,Wind,2323,megawatthours
2025-04-10 08:00:00+00:00,CAL,California,WND,Wind,2003,megawatthours
2025-04-10 09:00:00+00:00,CAL,California,WND,Wind,1905,megawatthours
2025-04-10 10:00:00+00:00,CAL,California,WND,Wind,1744,megawatthours
2025-04-10 11:00:00+00:00,CAL,California,WND,Wind,1494,megawatthours
2025-04-10 12:00:00+00:00,CAL,California,WND,Wind,1308,megawatthours
2025-04-10 13:00:00+00:00,CAL,California,WND,Wind,1085,megawatthours
2025-04-10 14:00:00+00:00,CAL,California,WND,Wind,1123,megawatthours
2025-04-10 15:00:00+00:00,CAL,California,WND,Wind,1104,megawatthours
2025-04-10 16:00:00+00:00,CAL,California,WND,Wind,1004,megawatthours
2025-04-10 17:00:00+00:00,CAL,California,WND,Wind,964,megawatthours
2025-04-10 18:00:00+00:00,CAL,California,WND,Wind,951,megawatthours
2025-04-10 19:00:00+00:00,CAL,California,WND,Wind,852,megawatthours
2025-04-10 20:00:00+00:00,CAL,California,WND,Wind,536,megawatthours
2025-04-10 21:00:00+00:00,CAL,California,WND,Wind,394,megawatthours
2025-04-10 22:00:00+00:00,CAL,California,WND,Wind,428,megawatthours
2025-04-10 23:00:00+00:00,CAL,California,WND,Wind,661,megawatthours
2025-04-11 00:00:00+00:00,CAL,California,WND,Wind,1221,megawatthours
2025-04-11 01:00:00+00:00,CAL,California,WND,Wind,2042,megawatthours
2025-04-11 02:00:00+00:00,CAL,California,WND,Wind,2380,megawatthours
2025-04-11 03:00:00+00:00,CAL,California,WND,Wind,2773,megawatthours
2025-04-11 04:00:00+00:00,CAL,California,WND,Wind,3022,megawatthours
2025-04-11 05:00:00+00:00,CAL,California,WND,Wind,3733,megawatthours
2025-04-11 06:00:00+00:00,CAL,California,WND,Wind,4096,megawatthours
2025-04-11 07:00:00+00:00,CAL,California,WND,Wind,3980,megawatthours
2025-04-11 08:00:00+00:00,CAL,California,WND,Wind,4030,megawatthours
2025-04-11 09:00:00+00:00,CAL,California,WND,Wind,3847,megawatthours
2025-04-11 10:00:00+00:00,CAL,California,WND,Wind,3806,megawatthours
2025-04-11 11:00:00+00:00,CAL,California,WND,Wind,3890,megawatthours
2025-04-11 12:00:00+00:00,CAL,California,WND,Wind,3278,megawatthours
2025-04-11 13:00:00+00:00,CAL,California,WND,Wind,2709,megawatthours
2025-04-11 14:00:00+00:00,CAL,California,WND,Wind,2147,megawatthours
2025-04-11 15:00:00+00:00,CAL,California,WND,Wind,2038,megawatthours
2025-04-11 16:00:00+00:00,CAL,California,WND,Wind,1742,megawatthours
2025-04-11 17:00:00+00:00,CAL,California,WND,Wind,1356,megawatthours
2025-04-11 18:00:00+00:00,CAL,California,WND,Wind,1122,megawatthours
2025-04-11 19:00:00+00:00,CAL,California,WND,Wind,758,megawatthours
2025-04-11 20:00:00+00:00,CAL,California,WND,Wind,561,megawatthours
2025-04-11 21:00:00+00:00,CAL,California,WND,Wind,835,megawatthours
2025-04-11 22:00:00+00:00,CAL,California,WND,Wind,1588,megawatthours
2025-04-11 23:00:00+00:00,CAL,California,WND,Wind,2266,megawatthours
2025-04-12 00:00:00+00:00,CAL,California,WND,Wind,3061,megawatthours
2025-04-12 01:00:00+00:00,CAL,California,WND,Wind,3947,megawatthours
2025-04-12 02:00:00+00:00,CAL,California,WND,Wind,4108,megawatthours
2025-04-12 03:00:00+00:00,CAL,California,WND,Wind,4211,megawatthours
2025-04-12 04:00:00+00:00,CAL,California,WND,Wind,4538,megawatthours
2025-04-12 05:00:00+00:00,CAL,California,WND,Wind,4601,megawatthours
2025-04-12 06:00:00+00:00,CAL,California,WND,Wind,4312,megawatthours
2025-04-12 07:00:00+00:00,CAL,California,WND,Wind,4238,megawatthours
2025-04-12 08:00:00+00:00,CAL,California,WND,Wind,4158,megawatthours
2025-04-12 09:00:00+00:00,CAL,California,WND,Wind,4483,megawatthours
2025-04-12 10:00:00+00:00,CAL,California,WND,Wind,4601,megawatthours
2025-04-12 11:00:00+00:00,CAL,California,WND,Wind,4995,megawatthours
2025-04-12 12:00:00+00:00,CAL,California,WND,Wind,5047,megawatthours
2025-04-12 13:00:00+00:00,CAL,California,WND,Wind,4791,megawatthours
2025-04-12 14:00:00+00:00,CAL,California,WND,Wind,4691,megawatthours
2025-04-12 15:00:00+00:00,CAL,California,WND,Wind,4569,megawatthours
2025-04-12 16:00:00+00:00,CAL,California,WND,Wind,4244,megawatthours
2025-04-12 17:00:00+00:00,CAL,California,WND,Wind,4149,megawatthours
2025-04-12 18:00:00+00:00,CAL,California,WND,Wind,3675,megawatthours
2025-04-12 19:00:00+00:00,CAL,California,WND,Wind,3463,megawatthours
2025-04-12 20:00:00+00:00,CAL,California,WND,Wind,3132,megawatthours
2025-04-12 21:00:00+00:00,CAL,California,WND,Wind,3038,megawatthours
2025-04-12 22:00:00+00:00,CAL,California,WND,Wind,2966,megawatthours
2025-04-12 23:00:00+00:00,CAL,California,WND,Wind,3227,megawatthours
2025-04-13 00:00:00+00:00,CAL,California,WND,Wind,3222,megawatthours
2025-04-13 01:00:00+00:00,CAL,California,WND,Wind,3341,megawatthours
2025-04-13 02:00:00+00:00,CAL,California,WND,Wind,3850,megawatthours
2025-04-13 03:00:00+00:00,CAL,California,WND,Wind,3657,megawatthours
2025-04-13 04:00:00+00:00,CAL,California,WND,Wind,3843,megawatthours
2025-04-13 05:00:00+00:00,CAL,California,WND,Wind,3657,megawatthours
2025-04-13 06:00:00+00:00,CAL,California,WND,Wind,3570,megawatthours
2025-04-13 07:00:00+00:00,CAL,California,WND,Wind,3816,megawatthours
2025-04-13 08:00:00+00:00,CAL,California,WND,Wind,4040,megawatthours
2025-04-13 09:00:00+00:00,CAL,California,WND,Wind,4453,megawatthours
2025-04-13 10:00:00+00:00,CAL,California,WND,Wind,4337,megawatthours
2025-04-13 11:00:00+00:00,CAL,California,WND,Wind,4535,megawatthours
2025-04-13 12:00:00+00:00,CAL,California,WND,Wind,4201,megawatthours
2025-04-13 13:00:00+00:00,CAL,California,WND,Wind,3681,megawatthours
2025-04-13 14:00:00+00:00,CAL,California,WND,Wind,3194,megawatthours
2025-04-13 15:00:00+00:00,CAL,California,WND,Wind,2805,megawatthours
2025-04-13 16:00:00+00:00,CAL,California,WND,Wind,2592,megawatthours
2025-04-13 17:00:00+00:00,CAL,California,WND,Wind,2307,megawatthours
2025-04-13 18:00:00+00:00,CAL,California,WND,Wind,1874,megawatthours
2025-04-13 19:00:00+00:00,CAL,California,WND,Wind,1630,megawatthours
2025-04-13 20:00:00+00:00,CAL,California,WND,Wind,1783,megawatthours
2025-04-13 21:00:00+00:00,CAL,California,WND,Wind,1823,megawatthours
2025-04-13 22:00:00+00:00,CAL,California,WND,Wind,1814,megawatthours
2025-04-13 23:00:00+00:00,CAL,California,WND,Wind,1768,megawatthours
2025-04-14 00:00:00+00:00,CAL,California,WND,Wind,2139,megawatthours
2025-04-14 01:00:00+00:00,CAL,California,WND,Wind,2042,megawatthours
2025-04-14 02:00:00+00:00,CAL,California,WND,Wind,1925,megawatthours
2025-04-14 03:00:00+00:00,CAL,California,WND,Wind,2059,megawatthours
2025-04-14 04:00:00+00:00,CAL,California,WND,Wind,2392,megawatthours
2025-04-14 05:00:00+00:00,CAL,California,WND,Wind,2344,megawatthours
2025-04-14 06:00:00+00:00,CAL,California,WND,Wind,2069,megawatthours
2025-04-14 07:00:00+00:00,CAL,California,WND,Wind,2183,megawatthours
2025-04-14 08:00:00+00:00,CAL,California,WND,Wind,2098,megawatthours
2025-04-14 09:00:00+00:00,CAL,California,WND,Wind,1863,megawatthours
2025-04-14 10:00:00+00:00,CAL,California,WND,Wind,1672,megawatthours
2025-04-14 11:00:00+00:00,CAL,California,WND,Wind,1720,megawatthours
2025-04-14 12:00:00+00:00,CAL,California,WND,Wind,1569,megawatthours
2025-04-14 13:00:00+00:00,CAL,California,WND,Wind,1485,megawatthours
2025-04-14 14:00:00+00:00,CAL,California,WND,Wind,1534,megawatthours
2025-04-14 15:00:00+00:00,CAL,California,WND,Wind,1465,megawatthours
2025-04-14 16:00:00+00:00,CAL,California,WND,Wind,1281,megawatthours
2025-04-14 17:00:00+00:00,CAL,California,WND,Wind,1102,megawatthours
2025-04-14 18:00:00+00:00,CAL,California,WND,Wind,990,megawatthours
2025-04-14 19:00:00+00:00,CAL,California,WND,Wind,1150,megawatthours
2025-04-14 20:00:00+00:00,CAL,California,WND,Wind,1331,megawatthours
2025-04-14 21:00:00+00:00,CAL,California,WND,Wind,1187,megawatthours
2025-04-14 22:00:00+00:00,CAL,California,WND,Wind,1103,megawatthours
2025-04-14 23:00:00+00:00,CAL,California,WND,Wind,1047,megawatthours
2025-04-15 00:00:00+00:00,CAL,California,WND,Wind,1357,megawatthours
2025-04-15 01:00:00+00:00,CAL,California,WND,Wind,1490,megawatthours
2025-04-15 02:00:00+00:00,CAL,California,WND,Wind,2245,megawatthours
2025-04-15 03:00:00+00:00,CAL,California,WND,Wind,2183,megawatthours
2025-04-15 04:00:00+00:00,CAL,California,WND,Wind,2214,megawatthours
2025-04-15 05:00:00+00:00,CAL,California,WND,Wind,2459,megawatthours
2025-04-15 06:00:00+00:00,CAL,California,WND,Wind,2483,megawatthours
2025-04-15 07:00:00+00:00,CAL,California,WND,Wind,2471,megawatthours
2025-04-15 08:00:00+00:00,CAL,California,WND,Wind,2351,megawatthours
2025-04-15 09:00:00+00:00,CAL,California,WND,Wind,2187,megawatthours
2025-04-15 10:00:00+00:00,CAL,California,WND,Wind,2309,megawatthours
2025-04-15 11:00:00+00:00,CAL,California,WND,Wind,2308,megawatthours
2025-04-15 12:00:00+00:00,CAL,California,WND,Wind,2320,megawatthours
2025-04-15 13:00:00+00:00,CAL,California,WND,Wind,2186,megawatthours
2025-04-15 14:00:00+00:00,CAL,California,WND,Wind,2022,megawatthours
2025-04-15 15:00:00+00:00,CAL,California,WND,Wind,1893,megawatthours
2025-04-15 16:00:00+00:00,CAL,California,WND,Wind,1649,megawatthours
2025-04-15 17:00:00+00:00,CAL,California,WND,Wind,1556,megawatthours
2025-04-15 18:00:00+00:00,CAL,California,WND,Wind,1761,megawatthours
2025-04-15 19:00:00+00:00,CAL,California,WND,Wind,1867,megawatthours
2025-04-15 20:00:00+00:00,CAL,California,WND,Wind,1905,megawatthours
2025-04-15 21:00:00+00:00,CAL,California,WND,Wind,1983,megawatthours
2025-04-15 22:00:00+00:00,CAL,California,WND,Wind,2070,megawatthours
2025-04-15 23:00:00+00:00,CAL,California,WND,Wind,2103,megawatthours
2025-04-16 00:00:00+00:00,CAL,California,WND,Wind,2429,megawatthours
2025-04-16 01:00:00+00:00,CAL,California,WND,Wind,3017,megawatthours
2025-04-16 02:00:00+00:00,CAL,California,WND,Wind,3186,megawatthours
2025-04-16 03:00:00+00:00,CAL,California,WND,Wind,2976,megawatthours
2025-04-16 04:00:00+00:00,CAL,California,WND,Wind,2993,megawatthours
2025-04-16 05:00:00+00:00,CAL,California,WND,Wind,3070,megawatthours
2025-04-16 06:00:00+00:00,CAL,California,WND,Wind,3010,megawatthours
2025-04-16 07:00:00+00:00,CAL,California,WND,Wind,2847,megawatthours
2025-04-16 08:00:00+00:00,CAL,California,WND,Wind,2859,megawatthours
2025-04-16 09:00:00+00:00,CAL,California,WND,Wind,3005,megawatthours
2025-04-16 10:00:00+00:00,CAL,California,WND,Wind,2870,megawatthours
2025-04-16 11:00:00+00:00,CAL,California,WND,Wind,2832,megawatthours
2025-04-16 12:00:00+00:00,CAL,California,WND,Wind,2955,megawatthours
2025-04-16 13:00:00+00:00,CAL,California,WND,Wind,3442,megawatthours
2025-04-16 14:00:00+00:00,CAL,California,WND,Wind,3519,megawatthours
2025-04-16 15:00:00+00:00,CAL,California,WND,Wind,3534,megawatthours
2025-04-16 16:00:00+00:00,CAL,California,WND,Wind,3285,megawatthours
2025-04-16 17:00:00+00:00,CAL,California,WND,Wind,2836,megawatthours
2025-04-16 18:00:00+00:00,CAL,California,WND,Wind,2982,megawatthours
2025-04-16 19:00:00+00:00,CAL,California,WND,Wind,3240,megawatthours
2025-04-16 20:00:00+00:00,CAL,California,WND,Wind,3361,megawatthours
2025-04-16 21:00:00+00:00,CAL,California,WND,Wind,3608,megawatthours
2025-04-16 22:00:00+00:00,CAL,California,WND,Wind,4059,megawatthours
2025-04-16 23:00:00+00:00,CAL,California,WND,Wind,4433,megawatthours
2025-04-17 00:00:00+00:00,CAL,California,WND,Wind,4734,megawatthours
2025-04-17 01:00:00+00:00,CAL,California,WND,Wind,4889,megawatthours
2025-04-17 02:00:00+00:00,CAL,California,WND,Wind,4991,megawatthours
2025-04-17 03:00:00+00:00,CAL,California,WND,Wind,5307,megawatthours
2025-04-17 04:00:00+00:00,CAL,California,WND,Wind,5489,megawatthours
2025-04-17 05:00:00+00:00,CAL,California,WND,Wind,5365,megawatthours
2025-04-17 06:00:00+00:00,CAL,California,WND,Wind,5238,megawatthours
2025-04-17 07:00:00+00:00,CAL,California,WND,Wind,5150,megawatthours
2025-04-17 08:00:00+00:00,CAL,California,WND,Wind,5338,megawatthours
2025-04-17 09:00:00+00:00,CAL,California,WND,Wind,5286,megawatthours
2025-04-17 10:00:00+00:00,CAL,California,WND,Wind,4997,megawatthours
2025-04-17 11:00:00+00:00,CAL,California,WND,Wind,4701,megawatthours
2025-04-17 12:00:00+00:00,CAL,California,WND,Wind,4833,megawatthours
2025-04-17 13:00:00+00:00,CAL,California,WND,Wind,4765,megawatthours
2025-04-17 14:00:00+00:00,CAL,California,WND,Wind,4634,megawatthours
2025-04-17 15:00:00+00:00,CAL,California,WND,Wind,4804,megawatthours
2025-04-17 16:00:00+00:00,CAL,California,WND,Wind,4767,megawatthours
2025-04-17 17:00:00+00:00,CAL,California,WND,Wind,4942,megawatthours
2025-04-17 18:00:00+00:00,CAL,California,WND,Wind,5194,megawatthours
2025-04-17 19:00:00+00:00,CAL,California,WND,Wind,5195,megawatthours
2025-04-17 20:00:00+00:00,CAL,California,WND,Wind,5141,megawatthours
2025-04-17 21:00:00+00:00,CAL,California,WND,Wind,5003,megawatthours
2025-04-17 22:00:00+00:00,CAL,California,WND,Wind,4993,megawatthours
2025-04-17 23:00:00+00:00,CAL,California,WND,Wind,4776,megawatthours
2025-04-18 00:00:00+00:00,CAL,California,WND,Wind,4543,megawatthours
2025-04-18 01:00:00+00:00,CAL,California,WND,Wind,4208,megawatthours
2025-04-18 02:00:00+00:00,CAL,California,WND,Wind,4364,megawatthours
2025-04-18 03:00:00+00:00,CAL,California,WND,Wind,4487,megawatthours
2025-04-18 04:00:00+00:00,CAL,California,WND,Wind,4989,megawatthours
2025-04-18 05:00:00+00:00,CAL,California,WND,Wind,5361,megawatthours
2025-04-18 06:00:00+00:00,CAL,California,WND,Wind,5628,megawatthours
2025-04-18 07:00:00+00:00,CAL,California,WND,Wind,5915,megawatthours
2025-04-18 08:00:00+00:00,CAL,California,WND,Wind,5958,megawatthours
2025-04-18 09:00:00+00:00,CAL,California,WND,Wind,5978,megawatthours
2025-04-18 10:00:00+00:00,CAL,California,WND,Wind,5747,megawatthours
2025-04-18 11:00:00+00:00,CAL,California,WND,Wind,5458,megawatthours
2025-04-18 12:00:00+00:00,CAL,California,WND,Wind,5331,megawatthours
2025-04-18 13:00:00+00:00,CAL,California,WND,Wind,5164,megawatthours
2025-04-18 14:00:00+00:00,CAL,California,WND,Wind,4902,megawatthours
2025-04-18 15:00:00+00:00,CAL,California,WND,Wind,4703,megawatthours
2025-04-18 16:00:00+00:00,CAL,California,WND,Wind,4681,megawatthours
2025-04-18 17:00:00+00:00,CAL,California,WND,Wind,4280,megawatthours
2025-04-18 18:00:00+00:00,CAL,California,WND,Wind,4209,megawatthours
2025-04-18 19:00:00+00:00,CAL,California,WND,Wind,3900,megawatthours
2025-04-18 20:00:00+00:00,CAL,California,WND,Wind,3476,megawatthours
2025-04-18 21:00:00+00:00,CAL,California,WND,Wind,3973,megawatthours
2025-04-18 22:00:00+00:00,CAL,California,WND,Wind,4332,megawatthours
2025-04-18 23:00:00+00:00,CAL,California,WND,Wind,4561,megawatthours
2025-04-19 00:00:00+00:00,CAL,California,WND,Wind,5092,megawatthours
2025-04-19 01:00:00+00:00,CAL,California,WND,Wind,5665,megawatthours
2025-04-19 02:00:00+00:00,CAL,California,WND,Wind,5761,megawatthours
2025-04-19 03:00:00+00:00,CAL,California,WND,Wind,5839,megawatthours
2025-04-19 04:00:00+00:00,CAL,California,WND,Wind,5745,megawatthours
2025-04-19 05:00:00+00:00,CAL,California,WND,Wind,5164,megawatthours
2025-04-19 06:00:00+00:00,CAL,California,WND,Wind,4037,megawatthours
2025-04-19 07:00:00+00:00,CAL,California,WND,Wind,3336,megawatthours
2025-04-19 08:00:00+00:00,CAL,California,WND,Wind,3012,megawatthours
2025-04-19 09:00:00+00:00,CAL,California,WND,Wind,2502,megawatthours
2025-04-19 10:00:00+00:00,CAL,California,WND,Wind,2295,megawatthours
2025-04-19 11:00:00+00:00,CAL,California,WND,Wind,2147,megawatthours
2025-04-19 12:00:00+00:00,CAL,California,WND,Wind,1940,megawatthours
2025-04-19 13:00:00+00:00,CAL,California,WND,Wind,1489,megawatthours
2025-04-19 14:00:00+00:00,CAL,California,WND,Wind,1393,megawatthours
2025-04-19 15:00:00+00:00,CAL,California,WND,Wind,1360,megawatthours
2025-04-19 16:00:00+00:00,CAL,California,WND,Wind,1321,megawatthours
2025-04-19 17:00:00+00:00,CAL,California,WND,Wind,1339,megawatthours
2025-04-19 18:00:00+00:00,CAL,California,WND,Wind,1429,megawatthours
2025-04-19 19:00:00+00:00,CAL,California,WND,Wind,1374,megawatthours
2025-04-19 20:00:00+00:00,CAL,California,WND,Wind,1099,megawatthours
2025-04-19 21:00:00+00:00,CAL,California,WND,Wind,1018,megawatthours
2025-04-19 22:00:00+00:00,CAL,California,WND,Wind,1090,megawatthours
2025-04-19 23:00:00+00:00,CAL,California,WND,Wind,1178,megawatthours
2025-04-20 00:00:00+00:00,CAL,California,WND,Wind,1223,megawatthours
2025-04-20 01:00:00+00:00,CAL,California,WND,Wind,1349,megawatthours
2025-04-20 02:00:00+00:00,CAL,California,WND,Wind,2018,megawatthours
2025-04-20 03:00:00+00:00,CAL,California,WND,Wind,2665,megawatthours
2025-04-20 04:00:00+00:00,CAL,California,WND,Wind,3074,megawatthours
2025-04-20 05:00:00+00:00,CAL,California,WND,Wind,3203,megawatthours
2025-04-20 06:00:00+00:00,CAL,California,WND,Wind,3404,megawatthours
2025-04-20 07:00:00+00:00,CAL,California,WND,Wind,3489,megawatthours
2025-04-20 08:00:00+00:00,CAL,California,WND,Wind,3632,megawatthours
2025-04-20 09:00:00+00:00,CAL,California,WND,Wind,3277,megawatthours
2025-04-20 10:00:00+00:00,CAL,California,WND,Wind,3356,megawatthours
2025-04-20 11:00:00+00:00,CAL,California,WND,Wind,3441,megawatthours
2025-04-20 12:00:00+00:00,CAL,California,WND,Wind,3399,megawatthours
2025-04-20 13:00:00+00:00,CAL,California,WND,Wind,3027,megawatthours
2025-04-20 14:00:00+00:00,CAL,California,WND,Wind,2558,megawatthours
2025-04-20 15:00:00+00:00,CAL,California,WND,Wind,2096,megawatthours
2025-04-20 16:00:00+00:00,CAL,California,WND,Wind,1586,megawatthours
2025-04-20 17:00:00+00:00,CAL,California,WND,Wind,1318,megawatthours
2025-04-20 18:00:00+00:00,CAL,California,WND,Wind,1148,megawatthours
2025-04-20 19:00:00+00:00,CAL,California,WND,Wind,1052,megawatthours
2025-04-20 20:00:00+00:00,CAL,California,WND,Wind,1016,megawatthours
2025-04-20 21:00:00+00:00,CAL,California,WND,Wind,992,megawatthours
2025-04-20 22:00:00+00:00,CAL,California,WND,Wind,1030,megawatthours
2025-04-20 23:00:00+00:00,CAL,California,WND,Wind,1045,megawatthours
2025-04-21 00:00:00+00:00,CAL,California,WND,Wind,1229,megawatthours
2025-04-21 01:00:00+00:00,CAL,California,WND,Wind,1586,megawatthours
2025-04-21 02:00:00+00:00,CAL,California,WND,Wind,1977,megawatthours
2025-04-21 03:00:00+00:00,CAL,California,WND,Wind,2156,megawatthours
2025-04-21 04:00:00+00:00,CAL,California,WND,Wind,2511,megawatthours
2025-04-21 05:00:00+00:00,CAL,California,WND,Wind,2579,megawatthours
2025-04-21 06:00:00+00:00,CAL,California,WND,Wind,2791,megawatthours
2025-04-21 07:00:00+00:00,CAL,California,WND,Wind,3032,megawatthours
2025-04-21 08:00:00+00:00,CAL,California,WND,Wind,3244,megawatthours
2025-04-21 09:00:00+00:00,CAL,California,WND,Wind,3310,megawatthours
2025-04-21 10:00:00+00:00,CAL,California,WND,Wind,3361,megawatthours
2025-04-21 11:00:00+00:00,CAL,California,WND,Wind,3171,megawatthours
2025-04-21 12:00:00+00:00,CAL,California,WND,Wind,2926,megawatthours
2025-04-21 13:00:00+00:00,CAL,California,WND,Wind,2950,megawatthours
2025-04-21 14:00:00+00:00,CAL,California,WND,Wind,2874,megawatthours
2025-04-21 15:00:00+00:00,CAL,California,WND,Wind,2341,megawatthours
2025-04-21 16:00:00+00:00,CAL,California,WND,Wind,1800,megawatthours
2025-04-21 17:00:00+00:00,CAL,California,WND,Wind,1190,megawatthours
2025-04-21 18:00:00+00:00,CAL,California,WND,Wind,911,megawatthours
2025-04-21 19:00:00+00:00,CAL,California,WND,Wind,752,megawatthours
2025-04-21 20:00:00+00:00,CAL,California,WND,Wind,813,megawatthours
2025-04-21 21:00:00+00:00,CAL,California,WND,Wind,743,megawatthours
2025-04-21 22:00:00+00:00,CAL,California,WND,Wind,891,megawatthours
2025-04-21 23:00:00+00:00,CAL,California,WND,Wind,1166,megawatthours
2025-04-22 00:00:00+00:00,CAL,California,WND,Wind,1605,megawatthours
2025-04-22 01:00:00+00:00,CAL,California,WND,Wind,2082,megawatthours
2025-04-22 02:00:00+00:00,CAL,California,WND,Wind,2562,megawatthours
2025-04-22 03:00:00+00:00,CAL,California,WND,Wind,2720,megawatthours
2025-04-22 04:00:00+00:00,CAL,California,WND,Wind,2823,megawatthours
2025-04-22 05:00:00+00:00,CAL,California,WND,Wind,3176,megawatthours
2025-04-22 06:00:00+00:00,CAL,California,WND,Wind,3330,megawatthours
2025-04-22 07:00:00+00:00,CAL,California,WND,Wind,3316,megawatthours
2025-04-22 08:00:00+00:00,CAL,California,WND,Wind,3232,megawatthours
2025-04-22 09:00:00+00:00,CAL,California,WND,Wind,3276,megawatthours
2025-04-22 10:00:00+00:00,CAL,California,WND,Wind,3452,megawatthours
2025-04-22 11:00:00+00:00,CAL,California,WND,Wind,3598,megawatthours
2025-04-22 12:00:00+00:00,CAL,California,WND,Wind,3423,megawatthours
2025-04-22 13:00:00+00:00,CAL,California,WND,Wind,3084,megawatthours
2025-04-22 14:00:00+00:00,CAL,California,WND,Wind,2492,megawatthours
2025-04-22 15:00:00+00:00,CAL,California,WND,Wind,2000,megawatthours
2025-04-22 16:00:00+00:00,CAL,California,WND,Wind,1571,megawatthours
2025-04-22 17:00:00+00:00,CAL,California,WND,Wind,1273,megawatthours
2025-04-22 18:00:00+00:00,CAL,California,WND,Wind,924,megawatthours
2025-04-22 19:00:00+00:00,CAL,California,WND,Wind,585,megawatthours
2025-04-22 20:00:00+00:00,CAL,California,WND,Wind,535,megawatthours
2025-04-22 21:00:00+00:00,CAL,California,WND,Wind,733,megawatthours
2025-04-22 22:00:00+00:00,CAL,California,WND,Wind,1097,megawatthours
2025-04-22 23:00:00+00:00,CAL,California,WND,Wind,1762,megawatthours
2025-04-23 00:00:00+00:00,CAL,California,WND,Wind,2698,megawatthours
2025-04-23 01:00:00+00:00,CAL,California,WND,Wind,3305,megawatthours
2025-04-23 02:00:00+00:00,CAL,California,WND,Wind,3419,megawatthours
2025-04-23 03:00:00+00:00,CAL,California,WND,Wind,3464,megawatthours
2025-04-23 04:00:00+00:00,CAL,California,WND,Wind,3398,megawatthours
2025-04-23 05:00:00+00:00,CAL,California,WND,Wind,3662,megawatthours
2025-04-23 06:00:00+00:00,CAL,California,WND,Wind,3920,megawatthours
2025-04-23 07:00:00+00:00,CAL,California,WND,Wind,4036,megawatthours
2025-04-23 08:00:00+00:00,CAL,California,WND,Wind,3972,megawatthours
2025-04-23 09:00:00+00:00,CAL,California,WND,Wind,3898,megawatthours
2025-04-23 10:00:00+00:00,CAL,California,WND,Wind,4175,megawatthours
2025-04-23 11:00:00+00:00,CAL,California,WND,Wind,4276,megawatthours
2025-04-23 12:00:00+00:00,CAL,California,WND,Wind,4358,megawatthours
2025-04-23 13:00:00+00:00,CAL,California,WND,Wind,4504,megawatthours
2025-04-23 14:00:00+00:00,CAL,California,WND,Wind,4578,megawatthours
2025-04-23 15:00:00+00:00,CAL,California,WND,Wind,4367,megawatthours
2025-04-23 16:00:00+00:00,CAL,California,WND,Wind,4278,megawatthours
2025-04-23 17:00:00+00:00,CAL,California,WND,Wind,4395,megawatthours
2025-04-23 18:00:00+00:00,CAL,California,WND,Wind,4434,megawatthours
2025-04-23 19:00:00+00:00,CAL,California,WND,Wind,4418,megawatthours
2025-04-23 20:00:00+00:00,CAL,California,WND,Wind,4581,megawatthours
2025-04-23 21:00:00+00:00,CAL,California,WND,Wind,4875,megawatthours
2025-04-23 22:00:00+00:00,CAL,California,WND,Wind,5286,megawatthours
2025-04-23 23:00:00+00:00,CAL,California,WND,Wind,5358,megawatthours
2025-04-24 00:00:00+00:00,CAL,California,WND,Wind,5108,megawatthours
2025-04-24 01:00:00+00:00,CAL,California,WND,Wind,5164,megawatthours
2025-04-24 02:00:00+00:00,CAL,California,WND,Wind,5454,megawatthours
2025-04-24 03:00:00+00:00,CAL,California,WND,Wind,5420,megawatthours
2025-04-24 04:00:00+00:00,CAL,California,WND,Wind,5264,megawatthours
2025-04-24 05:00:00+00:00,CAL,California,WND,Wind,5194,megawatthours
2025-04-24 06:00:00+00:00,CAL,California,WND,Wind,5559,megawatthours
2025-04-24 07:00:00+00:00,CAL,California,WND,Wind,5750,megawatthours
2025-04-24 08:00:00+00:00,CAL,California,WND,Wind,5782,megawatthours
2025-04-24 09:00:00+00:00,CAL,California,WND,Wind,5797,megawatthours
2025-04-24 10:00:00+00:00,CAL,California,WND,Wind,5629,megawatthours
2025-04-24 11:00:00+00:00,CAL,California,WND,Wind,5334,megawatthours
2025-04-24 12:00:00+00:00,CAL,California,WND,Wind,4904,megawatthours
2025-04-24 13:00:00+00:00,CAL,California,WND,Wind,4644,megawatthours
2025-04-24 14:00:00+00:00,CAL,California,WND,Wind,4696,megawatthours
2025-04-24 15:00:00+00:00,CAL,California,WND,Wind,4712,megawatthours
2025-04-24 16:00:00+00:00,CAL,California,WND,Wind,4093,megawatthours
2025-04-24 17:00:00+00:00,CAL,California,WND,Wind,3201,megawatthours
2025-04-24 18:00:00+00:00,CAL,California,WND,Wind,2653,megawatthours
2025-04-24 19:00:00+00:00,CAL,California,WND,Wind,2929,megawatthours
2025-04-24 20:00:00+00:00,CAL,California,WND,Wind,2959,megawatthours
2025-04-24 21:00:00+00:00,CAL,California,WND,Wind,2646,megawatthours
2025-04-24 22:00:00+00:00,CAL,California,WND,Wind,2960,megawatthours
2025-04-24 23:00:00+00:00,CAL,California,WND,Wind,3229,megawatthours
2025-04-25 00:00:00+00:00,CAL,California,WND,Wind,3595,megawatthours
2025-04-25 01:00:00+00:00,CAL,California,WND,Wind,3876,megawatthours
2025-04-25 02:00:00+00:00,CAL,California,WND,Wind,3783,megawatthours
2025-04-25 03:00:00+00:00,CAL,California,WND,Wind,3777,megawatthours
2025-04-25 04:00:00+00:00,CAL,California,WND,Wind,3987,megawatthours
2025-04-25 05:00:00+00:00,CAL,California,WND,Wind,3877,megawatthours
2025-04-25 06:00:00+00:00,CAL,California,WND,Wind,3653,megawatthours
2025-04-25 07:00:00+00:00,CAL,California,WND,Wind,3714,megawatthours
2025-04-25 08:00:00+00:00,CAL,California,WND,Wind,3890,megawatthours
2025-04-25 09:00:00+00:00,CAL,California,WND,Wind,3960,megawatthours
2025-04-25 10:00:00+00:00,CAL,California,WND,Wind,3738,megawatthours
2025-04-25 11:00:00+00:00,CAL,California,WND,Wind,3992,megawatthours
2025-04-25 12:00:00+00:00,CAL,California,WND,Wind,3985,megawatthours
2025-04-25 13:00:00+00:00,CAL,California,WND,Wind,3649,megawatthours
2025-04-25 14:00:00+00:00,CAL,California,WND,Wind,3280,megawatthours
2025-04-25 15:00:00+00:00,CAL,California,WND,Wind,3061,megawatthours
2025-04-25 16:00:00+00:00,CAL,California,WND,Wind,2916,megawatthours
2025-04-25 17:00:00+00:00,CAL,California,WND,Wind,3210,megawatthours
2025-04-25 18:00:00+00:00,CAL,California,WND,Wind,3252,megawatthours
2025-04-25 19:00:00+00:00,CAL,California,WND,Wind,3098,megawatthours
2025-04-25 20:00:00+00:00,CAL,California,WND,Wind,3196,megawatthours
2025-04-25 21:00:00+00:00,CAL,California,WND,Wind,3217,megawatthours
2025-04-25 22:00:00+00:00,CAL,California,WND,Wind,3356,megawatthours
2025-04-25 23:00:00+00:00,CAL,California,WND,Wind,3479,megawatthours
2025-04-26 00:00:00+00:00,CAL,California,WND,Wind,3960,megawatthours
2025-04-26 01:00:00+00:00,CAL,California,WND,Wind,3873,megawatthours
2025-04-26 02:00:00+00:00,CAL,California,WND,Wind,3897,megawatthours
2025-04-26 03:00:00+00:00,CAL,California,WND,Wind,3967,megawatthours
2025-04-26 04:00:00+00:00,CAL,California,WND,Wind,3706,megawatthours
2025-04-26 05:00:00+00:00,CAL,California,WND,Wind,3500,megawatthours
2025-04-26 06:00:00+00:00,CAL,California,WND,Wind,3132,megawatthours
2025-04-26 07:00:00+00:00,CAL,California,WND,Wind,2941,megawatthours
2025-04-26 08:00:00+00:00,CAL,California,WND,Wind,2643,megawatthours
2025-04-26 09:00:00+00:00,CAL,California,WND,Wind,2647,megawatthours
2025-04-26 10:00:00+00:00,CAL,California,WND,Wind,2397,megawatthours
2025-04-26 11:00:00+00:00,CAL,California,WND,Wind,2139,megawatthours
2025-04-26 12:00:00+00:00,CAL,California,WND,Wind,1906,megawatthours
2025-04-26 13:00:00+00:00,CAL,California,WND,Wind,1811,megawatthours
2025-04-26 14:00:00+00:00,CAL,California,WND,Wind,1693,megawatthours
2025-04-26 15:00:00+00:00,CAL,California,WND,Wind,1916,megawatthours
2025-04-26 16:00:00+00:00,CAL,California,WND,Wind,2148,megawatthours
2025-04-26 17:00:00+00:00,CAL,California,WND,Wind,2241,megawatthours
2025-04-26 18:00:00+00:00,CAL,California,WND,Wind,2572,megawatthours
2025-04-26 19:00:00+00:00,CAL,California,WND,Wind,2573,megawatthours
2025-04-26 20:00:00+00:00,CAL,California,WND,Wind,2442,megawatthours
2025-04-26 21:00:00+00:00,CAL,California,WND,Wind,2812,megawatthours
2025-04-26 22:00:00+00:00,CAL,California,WND,Wind,3276,megawatthours
2025-04-26 23:00:00+00:00,CAL,California,WND,Wind,2950,megawatthours
2025-04-27 00:00:00+00:00,CAL,California,WND,Wind,3268,megawatthours
2025-04-27 01:00:00+00:00,CAL,California,WND,Wind,3255,megawatthours
2025-04-27 02:00:00+00:00,CAL,California,WND,Wind,3029,megawatthours
2025-04-27 03:00:00+00:00,CAL,California,WND,Wind,3406,megawatthours
2025-04-27 04:00:00+00:00,CAL,California,WND,Wind,3265,megawatthours
2025-04-27 05:00:00+00:00,CAL,California,WND,Wind,3099,megawatthours
2025-04-27 06:00:00+00:00,CAL,California,WND,Wind,2811,megawatthours
2025-04-27 07:00:00+00:00,CAL,California,WND,Wind,2765,megawatthours
2025-04-27 08:00:00+00:00,CAL,California,WND,Wind,2796,megawatthours
2025-04-27 09:00:00+00:00,CAL,California,WND,Wind,2720,megawatthours
2025-04-27 10:00:00+00:00,CAL,California,WND,Wind,2951,megawatthours
2025-04-27 11:00:00+00:00,CAL,California,WND,Wind,3350,megawatthours
2025-04-27 12:00:00+00:00,CAL,California,WND,Wind,2810,megawatthours
2025-04-27 13:00:00+00:00,CAL,California,WND,Wind,2467,megawatthours
2025-04-27 14:00:00+00:00,CAL,California,WND,Wind,2429,megawatthours
2025-04-27 15:00:00+00:00,CAL,California,WND,Wind,2728,megawatthours
2025-04-27 16:00:00+00:00,CAL,California,WND,Wind,2707,megawatthours
2025-04-27 17:00:00+00:00,CAL,California,WND,Wind,2531,megawatthours
2025-04-27 18:00:00+00:00,CAL,California,WND,Wind,2834,megawatthours
2025-04-27 19:00:00+00:00,CAL,California,WND,Wind,3150,megawatthours
2025-04-27 20:00:00+00:00,CAL,California,WND,Wind,3066,megawatthours
2025-04-27 21:00:00+00:00,CAL,California,WND,Wind,3291,megawatthours
2025-04-27 22:00:00+00:00,CAL,California,WND,Wind,3482,megawatthours
2025-04-27 23:00:00+00:00,CAL,California,WND,Wind,3358,megawatthours
2025-04-28 00:00:00+00:00,CAL,California,WND,Wind,3391,megawatthours
2025-04-28 01:00:00+00:00,CAL,California,WND,Wind,3393,megawatthours
2025-04-28 02:00:00+00:00,CAL,California,WND,Wind,3610,megawatthours
2025-04-28 03:00:00+00:00,CAL,California,WND,Wind,3641,megawatthours
2025-04-28 04:00:00+00:00,CAL,California,WND,Wind,3854,megawatthours
2025-04-28 05:00:00+00:00,CAL,California,WND,Wind,3906,megawatthours
2025-04-28 06:00:00+00:00,CAL,California,WND,Wind,3794,megawatthours
2025-04-28 07:00:00+00:00,CAL,California,WND,Wind,4114,megawatthours
2025-04-28 08:00:00+00:00,CAL,California,WND,Wind,4526,megawatthours
2025-04-28 09:00:00+00:00,CAL,California,WND,Wind,4556,megawatthours
2025-04-28 10:00:00+00:00,CAL,California,WND,Wind,4370,megawatthours
2025-04-28 11:00:00+00:00,CAL,California,WND,Wind,4255,megawatthours
2025-04-28 12:00:00+00:00,CAL,California,WND,Wind,4246,megawatthours
2025-04-28 13:00:00+00:00,CAL,California,WND,Wind,4053,megawatthours
2025-04-28 14:00:00+00:00,CAL,California,WND,Wind,3724,megawatthours
2025-04-28 15:00:00+00:00,CAL,California,WND,Wind,3396,megawatthours
2025-04-28 16:00:00+00:00,CAL,California,WND,Wind,3196,megawatthours
2025-04-28 17:00:00+00:00,CAL,California,WND,Wind,3048,megawatthours
2025-04-28 18:00:00+00:00,CAL,California,WND,Wind,2780,megawatthours
2025-04-28 19:00:00+00:00,CAL,California,WND,Wind,2449,megawatthours
2025-04-28 20:00:00+00:00,CAL,California,WND,Wind,1925,megawatthours
2025-04-28 21:00:00+00:00,CAL,California,WND,Wind,1733,megawatthours
2025-04-28 22:00:00+00:00,CAL,California,WND,Wind,1738,megawatthours
2025-04-28 23:00:00+00:00,CAL,California,WND,Wind,1941,megawatthours
2025-04-29 00:00:00+00:00,CAL,California,WND,Wind,2268,megawatthours
2025-04-29 01:00:00+00:00,CAL,California,WND,Wind,3053,megawatthours
2025-04-29 02:00:00+00:00,CAL,California,WND,Wind,3649,megawatthours
2025-04-29 03:00:00+00:00,CAL,California,WND,Wind,4044,megawatthours
2025-04-29 04:00:00+00:00,CAL,California,WND,Wind,4027,megawatthours
2025-04-29 05:00:00+00:00,CAL,California,WND,Wind,3999,megawatthours
2025-04-29 06:00:00+00:00,CAL,California,WND,Wind,3777,megawatthours
2025-04-29 07:00:00+00:00,CAL,California,WND,Wind,3358,megawatthours
2025-04-29 08:00:00+00:00,CAL,California,WND,Wind,2737,megawatthours
2025-04-29 09:00:00+00:00,CAL,California,WND,Wind,2356,megawatthours
2025-04-29 10:00:00+00:00,CAL,California,WND,Wind,2340,megawatthours
2025-04-29 11:00:00+00:00,CAL,California,WND,Wind,2075,megawatthours
2025-04-29 12:00:00+00:00,CAL,California,WND,Wind,2087,megawatthours
2025-04-29 13:00:00+00:00,CAL,California,WND,Wind,1886,megawatthours
2025-04-29 14:00:00+00:00,CAL,California,WND,Wind,1714,megawatthours
2025-04-29 15:00:00+00:00,CAL,California,WND,Wind,1554,megawatthours
2025-04-29 16:00:00+00:00,CAL,California,WND,Wind,1348,megawatthours
2025-04-29 17:00:00+00:00,CAL,California,WND,Wind,1249,megawatthours
2025-04-29 18:00:00+00:00,CAL,California,WND,Wind,1042,megawatthours
2025-04-29 19:00:00+00:00,CAL,California,WND,Wind,875,megawatthours
2025-04-29 20:00:00+00:00,CAL,California,WND,Wind,584,megawatthours
2025-04-29 21:00:00+00:00,CAL,California,WND,Wind,713,megawatthours
2025-04-29 22:00:00+00:00,CAL,California,WND,Wind,950,megawatthours
2025-04-29 23:00:00+00:00,CAL,California,WND,Wind,1466,megawatthours
2025-04-30 00:00:00+00:00,CAL,California,WND,Wind,1868,megawatthours
2025-04-30 01:00:00+00:00,CAL,California,WND,Wind,2522,megawatthours
2025-04-30 02:00:00+00:00,CAL,California,WND,Wind,3072,megawatthours
2025-04-30 03:00:00+00:00,CAL,California,WND,Wind,3168,megawatthours
2025-04-30 04:00:00+00:00,CAL,California,WND,Wind,3004,megawatthours
2025-04-30 05:00:00+00:00,CAL,California,WND,Wind,3059,megawatthours
2025-04-30 06:00:00+00:00,CAL,California,WND,Wind,3280,megawatthours
2025-04-30 07:00:00+00:00,CAL,California,WND,Wind,3237,megawatthours
2025-04-30 08:00:00+00:00,CAL,California,WND,Wind,3232,megawatthours
2025-04-30 09:00:00+00:00,CAL,California,WND,Wind,3140,megawatthours
2025-04-30 10:00:00+00:00,CAL,California,WND,Wind,3132,megawatthours
2025-04-30 11:00:00+00:00,CAL,California,WND,Wind,3190,megawatthours
2025-04-30 12:00:00+00:00,CAL,California,WND,Wind,3151,megawatthours
2025-04-30 13:00:00+00:00,CAL,California,WND,Wind,2909,megawatthours
2025-04-30 14:00:00+00:00,CAL,California,WND,Wind,2665,megawatthours
2025-04-30 15:00:00+00:00,CAL,California,WND,Wind,2465,megawatthours
2025-04-30 16:00:00+00:00,CAL,California,WND,Wind,2208,megawatthours
2025-04-30 17:00:00+00:00,CAL,California,WND,Wind,1784,megawatthours
2025-04-30 18:00:00+00:00,CAL,California,WND,Wind,1575,megawatthours
2025-04-30 19:00:00+00:00,CAL,California,WND,Wind,1690,megawatthours
2025-04-30 20:00:00+00:00,CAL,California,WND,Wind,1757,megawatthours
2025-04-30 21:00:00+00:00,CAL,California,WND,Wind,1492,megawatthours
2025-04-30 22:00:00+00:00,CAL,California,WND,Wind,1788,megawatthours
2025-04-30 23:00:00+00:00,CAL,California,WND,Wind,2195,megawatthours
2025-05-01 00:00:00+00:00,CAL,California,WND,Wind,2887,megawatthours
2025-05-01 01:00:00+00:00,CAL,California,WND,Wind,3287,megawatthours
2025-05-01 02:00:00+00:00,CAL,California,WND,Wind,3412,megawatthours
2025-05-01 03:00:00+00:00,CAL,California,WND,Wind,3143,megawatthours
2025-05-01 04:00:00+00:00,CAL,California,WND,Wind,2938,megawatthours
2025-05-01 05:00:00+00:00,CAL,California,WND,Wind,3106,megawatthours
2025-05-01 06:00:00+00:00,CAL,California,WND,Wind,3355,megawatthours
2025-05-01 07:00:00+00:00,CAL,California,WND,Wind,3386,megawatthours
2025-05-01 08:00:00+00:00,CAL,California,WND,Wind,3339,megawatthours
2025-05-01 09:00:00+00:00,CAL,California,WND,Wind,3316,megawatthours
2025-05-01 10:00:00+00:00,CAL,California,WND,Wind,2771,megawatthours
2025-05-01 11:00:00+00:00,CAL,California,WND,Wind,2497,megawatthours
2025-05-01 12:00:00+00:00,CAL,California,WND,Wind,2394,megawatthours
2025-05-01 13:00:00+00:00,CAL,California,WND,Wind,2399,megawatthours
2025-05-01 14:00:00+00:00,CAL,California,WND,Wind,2469,megawatthours
2025-05-01 15:00:00+00:00,CAL,California,WND,Wind,2292,megawatthours
2025-05-01 16:00:00+00:00,CAL,California,WND,Wind,1967,megawatthours
2025-05-01 17:00:00+00:00,CAL,California,WND,Wind,1552,megawatthours
2025-05-01 18:00:00+00:00,CAL,California,WND,Wind,1307,megawatthours
2025-05-01 19:00:00+00:00,CAL,California,WND,Wind,1325,megawatthours
2025-05-01 20:00:00+00:00,CAL,California,WND,Wind,1134,megawatthours
2025-05-01 21:00:00+00:00,CAL,California,WND,Wind,852,megawatthours
2025-05-01 22:00:00+00:00,CAL,California,WND,Wind,840,megawatthours
2025-05-01 23:00:00+00:00,CAL,California,WND,Wind,1351,megawatthours
2025-05-02 00:00:00+00:00,CAL,California,WND,Wind,2631,megawatthours
2025-05-02 01:00:00+00:00,CAL,California,WND,Wind,2935,megawatthours
2025-05-02 02:00:00+00:00,CAL,California,WND,Wind,3487,megawatthours
2025-05-02 03:00:00+00:00,CAL,California,WND,Wind,2851,megawatthours
2025-05-02 04:00:00+00:00,CAL,California,WND,Wind,2488,megawatthours
2025-05-02 05:00:00+00:00,CAL,California,WND,Wind,2622,megawatthours
2025-05-02 06:00:00+00:00,CAL,California,WND,Wind,3022,megawatthours
2025-05-02 07:00:00+00:00,CAL,California,WND,Wind,3139,megawatthours
2025-05-02 08:00:00+00:00,CAL,California,WND,Wind,3122,megawatthours
2025-05-02 09:00:00+00:00,CAL,California,WND,Wind,3230,megawatthours
2025-05-02 10:00:00+00:00,CAL,California,WND,Wind,3082,megawatthours
2025-05-02 11:00:00+00:00,CAL,California,WND,Wind,3349,megawatthours
2025-05-02 12:00:00+00:00,CAL,California,WND,Wind,3536,megawatthours
2025-05-02 13:00:00+00:00,CAL,California,WND,Wind,3505,megawatthours
2025-05-02 14:00:00+00:00,CAL,California,WND,Wind,3382,megawatthours
2025-05-02 15:00:00+00:00,CAL,California,WND,Wind,2966,megawatthours
2025-05-02 16:00:00+00:00,CAL,California,WND,Wind,2663,megawatthours
2025-05-02 17:00:00+00:00,CAL,California,WND,Wind,2555,megawatthours
2025-05-02 18:00:00+00:00,CAL,California,WND,Wind,2274,megawatthours
2025-05-02 19:00:00+00:00,CAL,California,WND,Wind,1794,megawatthours
2025-05-02 20:00:00+00:00,CAL,California,WND,Wind,1576,megawatthours
2025-05-02 21:00:00+00:00,CAL,California,WND,Wind,1630,megawatthours
2025-05-02 22:00:00+00:00,CAL,California,WND,Wind,1754,megawatthours
2025-05-02 23:00:00+00:00,CAL,California,WND,Wind,1634,megawatthours
2025-05-03 00:00:00+00:00,CAL,California,WND,Wind,1786,megawatthours
2025-05-03 01:00:00+00:00,CAL,California,WND,Wind,2698,megawatthours
2025-05-03 02:00:00+00:00,CAL,California,WND,Wind,2957,megawatthours
2025-05-03 03:00:00+00:00,CAL,California,WND,Wind,3041,megawatthours
2025-05-03 04:00:00+00:00,CAL,California,WND,Wind,3639,megawatthours
2025-05-03 05:00:00+00:00,CAL,California,WND,Wind,3946,megawatthours
2025-05-03 06:00:00+00:00,CAL,California,WND,Wind,3879,megawatthours
2025-05-03 07:00:00+00:00,CAL,California,WND,Wind,3711,megawatthours
2025-05-03 08:00:00+00:00,CAL,California,WND,Wind,3803,megawatthours
2025-05-03 09:00:00+00:00,CAL,California,WND,Wind,4072,megawatthours
2025-05-03 10:00:00+00:00,CAL,California,WND,Wind,4100,megawatthours
2025-05-03 11:00:00+00:00,CAL,California,WND,Wind,3930,megawatthours
2025-05-03 12:00:00+00:00,CAL,California,WND,Wind,3738,megawatthours
2025-05-03 13:00:00+00:00,CAL,California,WND,Wind,3379,megawatthours
2025-05-03 14:00:00+00:00,CAL,California,WND,Wind,2961,megawatthours
2025-05-03 15:00:00+00:00,CAL,California,WND,Wind,2856,megawatthours
2025-05-03 16:00:00+00:00,CAL,California,WND,Wind,2993,megawatthours
2025-05-03 17:00:00+00:00,CAL,California,WND,Wind,2924,megawatthours
2025-05-03 18:00:00+00:00,CAL,California,WND,Wind,3084,megawatthours
2025-05-03 19:00:00+00:00,CAL,California,WND,Wind,2982,megawatthours
2025-05-03 20:00:00+00:00,CAL,California,WND,Wind,3188,megawatthours
2025-05-03 21:00:00+00:00,CAL,California,WND,Wind,3724,megawatthours
2025-05-03 22:00:00+00:00,CAL,California,WND,Wind,4180,megawatthours
2025-05-03 23:00:00+00:00,CAL,California,WND,Wind,4767,megawatthours
2025-05-04 00:00:00+00:00,CAL,California,WND,Wind,5272,megawatthours
2025-05-04 01:00:00+00:00,CAL,California,WND,Wind,5150,megawatthours
2025-05-04 02:00:00+00:00,CAL,California,WND,Wind,4898,megawatthours
2025-05-04 03:00:00+00:00,CAL,California,WND,Wind,5198,megawatthours
2025-05-04 04:00:00+00:00,CAL,California,WND,Wind,4879,megawatthours
2025-05-04 05:00:00+00:00,CAL,California,WND,Wind,4913,megawatthours
2025-05-04 06:00:00+00:00,CAL,California,WND,Wind,4968,megawatthours
2025-05-04 07:00:00+00:00,CAL,California,WND,Wind,5060,megawatthours
2025-05-04 08:00:00+00:00,CAL,California,WND,Wind,5306,megawatthours
2025-05-04 09:00:00+00:00,CAL,California,WND,Wind,5372,megawatthours
2025-05-04 10:00:00+00:00,CAL,California,WND,Wind,5182,megawatthours
2025-05-04 11:00:00+00:00,CAL,California,WND,Wind,5074,megawatthours
2025-05-04 12:00:00+00:00,CAL,California,WND,Wind,4931,megawatthours
2025-05-04 13:00:00+00:00,CAL,California,WND,Wind,4657,megawatthours
2025-05-04 14:00:00+00:00,CAL,California,WND,Wind,4580,megawatthours
2025-05-04 15:00:00+00:00,CAL,California,WND,Wind,4533,megawatthours
2025-05-04 16:00:00+00:00,CAL,California,WND,Wind,4545,megawatthours
2025-05-04 17:00:00+00:00,CAL,California,WND,Wind,4506,megawatthours
2025-05-04 18:00:00+00:00,CAL,California,WND,Wind,4748,megawatthours
2025-05-04 19:00:00+00:00,CAL,California,WND,Wind,4929,megawatthours
2025-05-04 20:00:00+00:00,CAL,California,WND,Wind,4832,megawatthours
2025-05-04 21:00:00+00:00,CAL,California,WND,Wind,4474,megawatthours
2025-05-04 22:00:00+00:00,CAL,California,WND,Wind,4659,megawatthours
2025-05-04 23:00:00+00:00,CAL,California,WND,Wind,4301,megawatthours
2025-05-05 00:00:00+00:00,CAL,California,WND,Wind,4071,megawatthours
2025-05-05 01:00:00+00:00,CAL,California,WND,Wind,4391,megawatthours
2025-05-05 02:00:00+00:00,CAL,California,WND,Wind,4972,megawatthours
2025-05-05 03:00:00+00:00,CAL,California,WND,Wind,4744,megawatthours
2025-05-05 04:00:00+00:00,CAL,California,WND,Wind,4623,megawatthours
2025-05-05 05:00:00+00:00,CAL,California,WND,Wind,4688,megawatthours
2025-05-05 06:00:00+00:00,CAL,California,WND,Wind,4637,megawatthours
2025-05-05 07:00:00+00:00,CAL,California,WND,Wind,4049,megawatthours
2025-05-05 08:00:00+00:00,CAL,California,WND,Wind,3336,megawatthours
2025-05-05 09:00:00+00:00,CAL,California,WND,Wind,3420,megawatthours
2025-05-05 10:00:00+00:00,CAL,California,WND,Wind,3477,megawatthours
2025-05-05 11:00:00+00:00,CAL,California,WND,Wind,3934,megawatthours
2025-05-05 12:00:00+00:00,CAL,California,WND,Wind,4238,megawatthours
2025-05-05 13:00:00+00:00,CAL,California,WND,Wind,3908,megawatthours
2025-05-05 14:00:00+00:00,CAL,California,WND,Wind,3524,megawatthours
2025-05-05 15:00:00+00:00,CAL,California,WND,Wind,3307,megawatthours
2025-05-05 16:00:00+00:00,CAL,California,WND,Wind,2941,megawatthours
2025-05-05 17:00:00+00:00,CAL,California,WND,Wind,2470,megawatthours
2025-05-05 18:00:00+00:00,CAL,California,WND,Wind,2313,megawatthours
2025-05-05 19:00:00+00:00,CAL,California,WND,Wind,2326,megawatthours
2025-05-05 20:00:00+00:00,CAL,California,WND,Wind,2317,megawatthours
2025-05-05 21:00:00+00:00,CAL,California,WND,Wind,2651,megawatthours
2025-05-05 22:00:00+00:00,CAL,California,WND,Wind,2658,megawatthours
2025-05-05 23:00:00+00:00,CAL,California,WND,Wind,2489,megawatthours
2025-05-06 00:00:00+00:00,CAL,California,WND,Wind,2651,megawatthours
2025-05-06 01:00:00+00:00,CAL,California,WND,Wind,2984,megawatthours
2025-05-06 02:00:00+00:00,CAL,California,WND,Wind,3529,megawatthours
2025-05-06 03:00:00+00:00,CAL,California,WND,Wind,4190,megawatthours
2025-05-06 04:00:00+00:00,CAL,California,WND,Wind,4239,megawatthours
2025-05-06 05:00:00+00:00,CAL,California,WND,Wind,3935,megawatthours
2025-05-06 06:00:00+00:00,CAL,California,WND,Wind,3792,megawatthours
2025-05-06 07:00:00+00:00,CAL,California,WND,Wind,4020,megawatthours
2025-05-06 08:00:00+00:00,CAL,California,WND,Wind,4120,megawatthours
2025-05-06 09:00:00+00:00,CAL,California,WND,Wind,3913,megawatthours
2025-05-06 10:00:00+00:00,CAL,California,WND,Wind,3719,megawatthours
2025-05-06 11:00:00+00:00,CAL,California,WND,Wind,3395,megawatthours
2025-05-06 12:00:00+00:00,CAL,California,WND,Wind,2856,megawatthours
2025-05-06 13:00:00+00:00,CAL,California,WND,Wind,2786,megawatthours
2025-05-06 14:00:00+00:00,CAL,California,WND,Wind,2536,megawatthours
2025-05-06 15:00:00+00:00,CAL,California,WND,Wind,2128,megawatthours
2025-05-06 16:00:00+00:00,CAL,California,WND,Wind,1525,megawatthours
2025-05-06 17:00:00+00:00,CAL,California,WND,Wind,1084,megawatthours
2025-05-06 18:00:00+00:00,CAL,California,WND,Wind,939,megawatthours
2025-05-06 19:00:00+00:00,CAL,California,WND,Wind,1081,megawatthours
2025-05-06 20:00:00+00:00,CAL,California,WND,Wind,1540,megawatthours
2025-05-06 21:00:00+00:00,CAL,California,WND,Wind,2196,megawatthours
2025-05-06 22:00:00+00:00,CAL,California,WND,Wind,2582,megawatthours
2025-05-06 23:00:00+00:00,CAL,California,WND,Wind,3282,megawatthours
2025-05-07 00:00:00+00:00,CAL,California,WND,Wind,3718,megawatthours
2025-05-07 01:00:00+00:00,CAL,California,WND,Wind,3659,megawatthours
2025-05-07 02:00:00+00:00,CAL,California,WND,Wind,3577,megawatthours
2025-05-07 03:00:00+00:00,CAL,California,WND,Wind,3479,megawatthours
2025-05-07 04:00:00+00:00,CAL,California,WND,Wind,3480,megawatthours
2025-05-07 05:00:00+00:00,CAL,California,WND,Wind,3100,megawatthours
2025-05-07 06:00:00+00:00,CAL,California,WND,Wind,2781,megawatthours
2025-05-07 07:00:00+00:00,CAL,California,WND,Wind,2445,megawatthours
2025-05-07 08:00:00+00:00,CAL,California,WND,Wind,2321,megawatthours
2025-05-07 09:00:00+00:00,CAL,California,WND,Wind,2194,megawatthours
2025-05-07 10:00:00+00:00,CAL,California,WND,Wind,1877,megawatthours
2025-05-07 11:00:00+00:00,CAL,California,WND,Wind,1630,megawatthours
2025-05-07 12:00:00+00:00,CAL,California,WND,Wind,1550,megawatthours
2025-05-07 13:00:00+00:00,CAL,California,WND,Wind,1437,megawatthours
2025-05-07 14:00:00+00:00,CAL,California,WND,Wind,1319,megawatthours
2025-05-07 15:00:00+00:00,CAL,California,WND,Wind,1290,megawatthours
2025-05-07 16:00:00+00:00,CAL,California,WND,Wind,1224,megawatthours
2025-05-07 17:00:00+00:00,CAL,California,WND,Wind,1176,megawatthours
2025-05-07 18:00:00+00:00,CAL,California,WND,Wind,1254,megawatthours
2025-05-07 19:00:00+00:00,CAL,California,WND,Wind,1347,megawatthours
2025-05-07 20:00:00+00:00,CAL,California,WND,Wind,1204,megawatthours
2025-05-07 21:00:00+00:00,CAL,California,WND,Wind,1004,megawatthours
2025-05-07 22:00:00+00:00,CAL,California,WND,Wind,950,megawatthours
2025-05-07 23:00:00+00:00,CAL,California,WND,Wind,921,megawatthours
2025-05-08 00:00:00+00:00,CAL,California,WND,Wind,1150,megawatthours
2025-05-08 01:00:00+00:00,CAL,California,WND,Wind,1431,megawatthours
2025-05-08 02:00:00+00:00,CAL,California,WND,Wind,1832,megawatthours
2025-05-08 03:00:00+00:00,CAL,California,WND,Wind,2281,megawatthours
2025-05-08 04:00:00+00:00,CAL,California,WND,Wind,2612,megawatthours
2025-05-08 05:00:00+00:00,CAL,California,WND,Wind,2729,megawatthours
2025-05-08 06:00:00+00:00,CAL,California,WND,Wind,2485,megawatthours
2025-05-08 07:00:00+00:00,CAL,California,WND,Wind,2311,megawatthours
2025-05-08 08:00:00+00:00,CAL,California,WND,Wind,1950,megawatthours
2025-05-08 09:00:00+00:00,CAL,California,WND,Wind,1623,megawatthours
2025-05-08 10:00:00+00:00,CAL,California,WND,Wind,1556,megawatthours
2025-05-08 11:00:00+00:00,CAL,California,WND,Wind,1461,megawatthours
2025-05-08 12:00:00+00:00,CAL,California,WND,Wind,1408,megawatthours
2025-05-08 13:00:00+00:00,CAL,California,WND,Wind,1401,megawatthours
2025-05-08 14:00:00+00:00,CAL,California,WND,Wind,1333,megawatthours
2025-05-08 15:00:00+00:00,CAL,California,WND,Wind,936,megawatthours
2025-05-08 16:00:00+00:00,CAL,California,WND,Wind,602,megawatthours
2025-05-08 17:00:00+00:00,CAL,California,WND,Wind,402,megawatthours
2025-05-08 18:00:00+00:00,CAL,California,WND,Wind,298,megawatthours
2025-05-08 19:00:00+00:00,CAL,California,WND,Wind,309,megawatthours
2025-05-08 20:00:00+00:00,CAL,California,WND,Wind,343,megawatthours
2025-05-08 21:00:00+00:00,CAL,California,WND,Wind,367,megawatthours
2025-05-08 22:00:00+00:00,CAL,California,WND,Wind,371,megawatthours
2025-05-08 23:00:00+00:00,CAL,California,WND,Wind,412,megawatthours
2025-05-09 00:00:00+00:00,CAL,California,WND,Wind,507,megawatthours
2025-05-09 01:00:00+00:00,CAL,California,WND,Wind,681,megawatthours
2025-05-09 02:00:00+00:00,CAL,California,WND,Wind,708,megawatthours
2025-05-09 03:00:00+00:00,CAL,California,WND,Wind,1141,megawatthours
2025-05-09 04:00:00+00:00,CAL,California,WND,Wind,1529,megawatthours
2025-05-09 05:00:00+00:00,CAL,California,WND,Wind,1849,megawatthours
2025-05-09 06:00:00+00:00,CAL,California,WND,Wind,1924,megawatthours
2025-05-09 07:00:00+00:00,CAL,California,WND,Wind,1711,megawatthours
2025-05-09 08:00:00+00:00,CAL,California,WND,Wind,1640,megawatthours
2025-05-09 09:00:00+00:00,CAL,California,WND,Wind,1523,megawatthours
2025-05-09 10:00:00+00:00,CAL,California,WND,Wind,1456,megawatthours
2025-05-09 11:00:00+00:00,CAL,California,WND,Wind,1549,megawatthours
2025-05-09 12:00:00+00:00,CAL,California,WND,Wind,1347,megawatthours
2025-05-09 13:00:00+00:00,CAL,California,WND,Wind,1024,megawatthours
2025-05-09 14:00:00+00:00,CAL,California,WND,Wind,712,megawatthours
2025-05-09 15:00:00+00:00,CAL,California,WND,Wind,468,megawatthours
2025-05-09 16:00:00+00:00,CAL,California,WND,Wind,243,megawatthours
2025-05-09 17:00:00+00:00,CAL,California,WND,Wind,179,megawatthours
2025-05-09 18:00:00+00:00,CAL,California,WND,Wind,303,megawatthours
2025-05-09 19:00:00+00:00,CAL,California,WND,Wind,548,megawatthours
2025-05-09 20:00:00+00:00,CAL,California,WND,Wind,798,megawatthours
2025-05-09 21:00:00+00:00,CAL,California,WND,Wind,912,megawatthours
2025-05-09 22:00:00+00:00,CAL,California,WND,Wind,903,megawatthours
2025-05-09 23:00:00+00:00,CAL,California,WND,Wind,834,megawatthours
2025-05-10 00:00:00+00:00,CAL,California,WND,Wind,782,megawatthours
2025-05-10 01:00:00+00:00,CAL,California,WND,Wind,685,megawatthours
2025-05-10 02:00:00+00:00,CAL,California,WND,Wind,646,megawatthours
2025-05-10 03:00:00+00:00,CAL,California,WND,Wind,698,megawatthours
2025-05-10 04:00:00+00:00,CAL,California,WND,Wind,1078,megawatthours
2025-05-10 05:00:00+00:00,CAL,California,WND,Wind,1295,megawatthours
2025-05-10 06:00:00+00:00,CAL,California,WND,Wind,1284,megawatthours
2025-05-10 07:00:00+00:00,CAL,California,WND,Wind,1274,megawatthours
2025-05-10 08:00:00+00:00,CAL,California,WND,Wind,1314,megawatthours
2025-05-10 09:00:00+00:00,CAL,California,WND,Wind,1297,megawatthours
2025-05-10 10:00:00+00:00,CAL,California,WND,Wind,1413,megawatthours
2025-05-10 11:00:00+00:00,CAL,California,WND,Wind,1657,megawatthours
2025-05-10 12:00:00+00:00,CAL,California,WND,Wind,1813,megawatthours
2025-05-10 13:00:00+00:00,CAL,California,WND,Wind,1738,megawatthours
2025-05-10 14:00:00+00:00,CAL,California,WND,Wind,1714,megawatthours
2025-05-10 15:00:00+00:00,CAL,California,WND,Wind,1324,megawatthours
2025-05-10 16:00:00+00:00,CAL,California,WND,Wind,960,megawatthours
2025-05-10 17:00:00+00:00,CAL,California,WND,Wind,929,megawatthours
2025-05-10 18:00:00+00:00,CAL,California,WND,Wind,1014,megawatthours
2025-05-10 19:00:00+00:00,CAL,California,WND,Wind,1000,megawatthours
2025-05-10 20:00:00+00:00,CAL,California,WND,Wind,951,megawatthours
2025-05-10 21:00:00+00:00,CAL,California,WND,Wind,1043,megawatthours
2025-05-10 22:00:00+00:00,CAL,California,WND,Wind,1332,megawatthours
2025-05-10 23:00:00+00:00,CAL,California,WND,Wind,1530,megawatthours
2025-05-11 00:00:00+00:00,CAL,California,WND,Wind,2020,megawatthours
2025-05-11 01:00:00+00:00,CAL,California,WND,Wind,2058,megawatthours
2025-05-11 02:00:00+00:00,CAL,California,WND,Wind,2016,megawatthours
2025-05-11 03:00:00+00:00,CAL,California,WND,Wind,1964,megawatthours
2025-05-11 04:00:00+00:00,CAL,California,WND,Wind,1757,megawatthours
2025-05-11 05:00:00+00:00,CAL,California,WND,Wind,1736,megawatthours
2025-05-11 06:00:00+00:00,CAL,California,WND,Wind,1807,megawatthours
2025-05-11 07:00:00+00:00,CAL,California,WND,Wind,2013,megawatthours
2025-05-11 08:00:00+00:00,CAL,California,WND,Wind,2833,megawatthours
2025-05-11 09:00:00+00:00,CAL,California,WND,Wind,3159,megawatthours
2025-05-11 10:00:00+00:00,CAL,California,WND,Wind,3068,megawatthours
2025-05-11 11:00:00+00:00,CAL,California,WND,Wind,3034,megawatthours
2025-05-11 12:00:00+00:00,CAL,California,WND,Wind,2836,megawatthours
2025-05-11 13:00:00+00:00,CAL,California,WND,Wind,2619,megawatthours
2025-05-11 14:00:00+00:00,CAL,California,WND,Wind,2522,megawatthours
2025-05-11 15:00:00+00:00,CAL,California,WND,Wind,2534,megawatthours
2025-05-11 16:00:00+00:00,CAL,California,WND,Wind,2047,megawatthours
2025-05-11 17:00:00+00:00,CAL,California,WND,Wind,1795,megawatthours
2025-05-11 18:00:00+00:00,CAL,California,WND,Wind,1773,megawatthours
2025-05-11 19:00:00+00:00,CAL,California,WND,Wind,1898,megawatthours
2025-05-11 20:00:00+00:00,CAL,California,WND,Wind,2247,megawatthours
2025-05-11 21:00:00+00:00,CAL,California,WND,Wind,2571,megawatthours
2025-05-11 22:00:00+00:00,CAL,California,WND,Wind,3114,megawatthours
2025-05-11 23:00:00+00:00,CAL,California,WND,Wind,3642,megawatthours
2025-05-12 00:00:00+00:00,CAL,California,WND,Wind,3890,megawatthours
2025-05-12 01:00:00+00:00,CAL,California,WND,Wind,4174,megawatthours
2025-05-12 02:00:00+00:00,CAL,California,WND,Wind,4350,megawatthours
2025-05-12 03:00:00+00:00,CAL,California,WND,Wind,4431,megawatthours
2025-05-12 04:00:00+00:00,CAL,California,WND,Wind,4396,megawatthours
2025-05-12 05:00:00+00:00,CAL,California,WND,Wind,4379,megawatthours
2025-05-12 06:00:00+00:00,CAL,California,WND,Wind,4461,megawatthours
2025-05-12 07:00:00+00:00,CAL,California,WND,Wind,4032,megawatthours
2025-05-12 08:00:00+00:00,CAL,California,WND,Wind,3952,megawatthours
2025-05-12 09:00:00+00:00,CAL,California,WND,Wind,4683,megawatthours
2025-05-12 10:00:00+00:00,CAL,California,WND,Wind,4838,megawatthours
2025-05-12 11:00:00+00:00,CAL,California,WND,Wind,4862,megawatthours
2025-05-12 12:00:00+00:00,CAL,California,WND,Wind,4739,megawatthours
2025-05-12 13:00:00+00:00,CAL,California,WND,Wind,4671,megawatthours
2025-05-12 14:00:00+00:00,CAL,California,WND,Wind,4737,megawatthours
2025-05-12 15:00:00+00:00,CAL,California,WND,Wind,4342,megawatthours
2025-05-12 16:00:00+00:00,CAL,California,WND,Wind,4168,megawatthours
2025-05-12 17:00:00+00:00,CAL,California,WND,Wind,4122,megawatthours
2025-05-12 18:00:00+00:00,CAL,California,WND,Wind,4382,megawatthours
2025-05-12 19:00:00+00:00,CAL,California,WND,Wind,4328,megawatthours
2025-05-12 20:00:00+00:00,CAL,California,WND,Wind,4703,megawatthours
2025-05-12 21:00:00+00:00,CAL,California,WND,Wind,4929,megawatthours
2025-05-12 22:00:00+00:00,CAL,California,WND,Wind,4912,megawatthours
2025-05-12 23:00:00+00:00,CAL,California,WND,Wind,5068,megawatthours
2025-05-13 00:00:00+00:00,CAL,California,WND,Wind,5450,megawatthours
2025-05-13 01:00:00+00:00,CAL,California,WND,Wind,5802,megawatthours
2025-05-13 02:00:00+00:00,CAL,California,WND,Wind,5949,megawatthours
2025-05-13 03:00:00+00:00,CAL,California,WND,Wind,5547,megawatthours
2025-05-13 04:00:00+00:00,CAL,California,WND,Wind,5241,megawatthours
2025-05-13 05:00:00+00:00,CAL,California,WND,Wind,5198,megawatthours
2025-05-13 06:00:00+00:00,CAL,California,WND,Wind,5438,megawatthours
2025-05-13 07:00:00+00:00,CAL,California,WND,Wind,5691,megawatthours
2025-05-13 08:00:00+00:00,CAL,California,WND,Wind,5868,megawatthours
2025-05-13 09:00:00+00:00,CAL,California,WND,Wind,5671,megawatthours
2025-05-13 10:00:00+00:00,CAL,California,WND,Wind,5583,megawatthours
2025-05-13 11:00:00+00:00,CAL,California,WND,Wind,5327,megawatthours
2025-05-13 12:00:00+00:00,CAL,California,WND,Wind,4798,megawatthours
2025-05-13 13:00:00+00:00,CAL,California,WND,Wind,4366,megawatthours
2025-05-13 14:00:00+00:00,CAL,California,WND,Wind,4238,megawatthours
2025-05-13 15:00:00+00:00,CAL,California,WND,Wind,4458,megawatthours
2025-05-13 16:00:00+00:00,CAL,California,WND,Wind,4142,megawatthours
2025-05-13 17:00:00+00:00,CAL,California,WND,Wind,4049,megawatthours
2025-05-13 18:00:00+00:00,CAL,California,WND,Wind,4127,megawatthours
2025-05-13 19:00:00+00:00,CAL,California,WND,Wind,4358,megawatthours
2025-05-13 20:00:00+00:00,CAL,California,WND,Wind,4441,megawatthours
2025-05-13 21:00:00+00:00,CAL,California,WND,Wind,4240,megawatthours
2025-05-13 22:00:00+00:00,CAL,California,WND,Wind,4429,megawatthours
2025-05-13 23:00:00+00:00,CAL,California,WND,Wind,4344,megawatthours
2025-05-14 00:00:00+00:00,CAL,California,WND,Wind,4340,megawatthours
2025-05-14 01:00:00+00:00,CAL,California,WND,Wind,4292,megawatthours
2025-05-14 02:00:00+00:00,CAL,California,WND,Wind,4491,megawatthours
2025-05-14 03:00:00+00:00,CAL,California,WND,Wind,4964,megawatthours
2025-05-14 04:00:00+00:00,CAL,California,WND,Wind,4871,megawatthours
2025-05-14 05:00:00+00:00,CAL,California,WND,Wind,4356,megawatthours
2025-05-14 06:00:00+00:00,CAL,California,WND,Wind,4497,megawatthours
2025-05-14 07:00:00+00:00,CAL,California,WND,Wind,4770,megawatthours
2025-05-14 08:00:00+00:00,CAL,California,WND,Wind,4544,megawatthours
2025-05-14 09:00:00+00:00,CAL,California,WND,Wind,3898,megawatthours
2025-05-14 10:00:00+00:00,CAL,California,WND,Wind,4068,megawatthours
2025-05-14 11:00:00+00:00,CAL,California,WND,Wind,4482,megawatthours
2025-05-14 12:00:00+00:00,CAL,California,WND,Wind,4538,megawatthours
2025-05-14 13:00:00+00:00,CAL,California,WND,Wind,4452,megawatthours
2025-05-14 14:00:00+00:00,CAL,California,WND,Wind,4201,megawatthours
2025-05-14 15:00:00+00:00,CAL,California,WND,Wind,4019,megawatthours
2025-05-14 16:00:00+00:00,CAL,California,WND,Wind,3738,megawatthours
2025-05-14 17:00:00+00:00,CAL,California,WND,Wind,3523,megawatthours
2025-05-14 18:00:00+00:00,CAL,California,WND,Wind,3060,megawatthours
2025-05-14 19:00:00+00:00,CAL,California,WND,Wind,2048,megawatthours
2025-05-14 20:00:00+00:00,CAL,California,WND,Wind,1659,megawatthours
2025-05-14 21:00:00+00:00,CAL,California,WND,Wind,1841,megawatthours
2025-05-14 22:00:00+00:00,CAL,California,WND,Wind,2013,megawatthours
2025-05-14 23:00:00+00:00,CAL,California,WND,Wind,2368,megawatthours
2025-05-15 00:00:00+00:00,CAL,California,WND,Wind,2833,megawatthours
2025-05-15 01:00:00+00:00,CAL,California,WND,Wind,3236,megawatthours
2025-05-15 02:00:00+00:00,CAL,California,WND,Wind,3662,megawatthours
2025-05-15 03:00:00+00:00,CAL,California,WND,Wind,4128,megawatthours
2025-05-15 04:00:00+00:00,CAL,California,WND,Wind,4448,megawatthours
2025-05-15 05:00:00+00:00,CAL,California,WND,Wind,4351,megawatthours
2025-05-15 06:00:00+00:00,CAL,California,WND,Wind,4185,megawatthours
2025-05-15 07:00:00+00:00,CAL,California,WND,Wind,3922,megawatthours
2025-05-15 08:00:00+00:00,CAL,California,WND,Wind,3916,megawatthours
2025-05-15 09:00:00+00:00,CAL,California,WND,Wind,3664,megawatthours
2025-05-15 10:00:00+00:00,CAL,California,WND,Wind,3611,megawatthours
2025-05-15 11:00:00+00:00,CAL,California,WND,Wind,3339,megawatthours
2025-05-15 12:00:00+00:00,CAL,California,WND,Wind,2858,megawatthours
2025-05-15 13:00:00+00:00,CAL,California,WND,Wind,2700,megawatthours
2025-05-15 14:00:00+00:00,CAL,California,WND,Wind,2430,megawatthours
2025-05-15 15:00:00+00:00,CAL,California,WND,Wind,2203,megawatthours
2025-05-15 16:00:00+00:00,CAL,California,WND,Wind,1521,megawatthours
2025-05-15 17:00:00+00:00,CAL,California,WND,Wind,1073,megawatthours
2025-05-15 18:00:00+00:00,CAL,California,WND,Wind,879,megawatthours
2025-05-15 19:00:00+00:00,CAL,California,WND,Wind,895,megawatthours
2025-05-15 20:00:00+00:00,CAL,California,WND,Wind,949,megawatthours
2025-05-15 21:00:00+00:00,CAL,California,WND,Wind,948,megawatthours
2025-05-15 22:00:00+00:00,CAL,California,WND,Wind,949,megawatthours
2025-05-15 23:00:00+00:00,CAL,California,WND,Wind,1032,megawatthours
2025-05-16 00:00:00+00:00,CAL,California,WND,Wind,1422,megawatthours
2025-05-16 01:00:00+00:00,CAL,California,WND,Wind,2410,megawatthours
2025-05-16 02:00:00+00:00,CAL,California,WND,Wind,3532,megawatthours
2025-05-16 03:00:00+00:00,CAL,California,WND,Wind,4004,megawatthours
2025-05-16 04:00:00+00:00,CAL,California,WND,Wind,3854,megawatthours
2025-05-16 05:00:00+00:00,CAL,California,WND,Wind,3972,megawatthours
2025-05-16 06:00:00+00:00,CAL,California,WND,Wind,3825,megawatthours
2025-05-16 07:00:00+00:00,CAL,California,WND,Wind,3744,megawatthours
2025-05-16 08:00:00+00:00,CAL,California,WND,Wind,3998,megawatthours
2025-05-16 09:00:00+00:00,CAL,California,WND,Wind,4242,megawatthours
2025-05-16 10:00:00+00:00,CAL,California,WND,Wind,4284,megawatthours
2025-05-16 11:00:00+00:00,CAL,California,WND,Wind,4517,megawatthours
2025-05-16 12:00:00+00:00,CAL,California,WND,Wind,4396,megawatthours
2025-05-16 13:00:00+00:00,CAL,California,WND,Wind,4047,megawatthours
2025-05-16 14:00:00+00:00,CAL,California,WND,Wind,3741,megawatthours
2025-05-16 15:00:00+00:00,CAL,California,WND,Wind,3798,megawatthours
2025-05-16 16:00:00+00:00,CAL,California,WND,Wind,3304,megawatthours
2025-05-16 17:00:00+00:00,CAL,California,WND,Wind,3013,megawatthours
2025-05-16 18:00:00+00:00,CAL,California,WND,Wind,2089,megawatthours
2025-05-16 19:00:00+00:00,CAL,California,WND,Wind,1382,megawatthours
2025-05-16 20:00:00+00:00,CAL,California,WND,Wind,1157,megawatthours
2025-05-16 21:00:00+00:00,CAL,California,WND,Wind,1441,megawatthours
2025-05-16 22:00:00+00:00,CAL,California,WND,Wind,2083,megawatthours
2025-05-16 23:00:00+00:00,CAL,California,WND,Wind,2419,megawatthours
2025-05-17 00:00:00+00:00,CAL,California,WND,Wind,2898,megawatthours
2025-05-17 01:00:00+00:00,CAL,California,WND,Wind,3397,megawatthours
2025-05-17 02:00:00+00:00,CAL,California,WND,Wind,3683,megawatthours
2025-05-17 03:00:00+00:00,CAL,California,WND,Wind,3636,megawatthours
2025-05-17 04:00:00+00:00,CAL,California,WND,Wind,3625,megawatthours
2025-05-17 05:00:00+00:00,CAL,California,WND,Wind,3888,megawatthours
2025-05-17 06:00:00+00:00,CAL,California,WND,Wind,4024,megawatthours
2025-05-17 07:00:00+00:00,CAL,California,WND,Wind,4080,megawatthours
2025-05-17 08:00:00+00:00,CAL,California,WND,Wind,4079,megawatthours
2025-05-17 09:00:00+00:00,CAL,California,WND,Wind,4401,megawatthours
2025-05-17 10:00:00+00:00,CAL,California,WND,Wind,4248,megawatthours
2025-05-17 11:00:00+00:00,CAL,California,WND,Wind,4656,megawatthours
2025-05-17 12:00:00+00:00,CAL,California,WND,Wind,4742,megawatthours
2025-05-17 13:00:00+00:00,CAL,California,WND,Wind,4472,megawatthours
2025-05-17 14:00:00+00:00,CAL,California,WND,Wind,4255,megawatthours
2025-05-17 15:00:00+00:00,CAL,California,WND,Wind,4234,megawatthours
2025-05-17 16:00:00+00:00,CAL,California,WND,Wind,4061,megawatthours
2025-05-17 17:00:00+00:00,CAL,California,WND,Wind,4313,megawatthours
2025-05-17 18:00:00+00:00,CAL,California,WND,Wind,4720,megawatthours
2025-05-17 19:00:00+00:00,CAL,California,WND,Wind,4795,megawatthours
2025-05-17 20:00:00+00:00,CAL,California,WND,Wind,5247,megawatthours
2025-05-17 21:00:00+00:00,CAL,California,WND,Wind,5621,megawatthours
2025-05-17 22:00:00+00:00,CAL,California,WND,Wind,5696,megawatthours
2025-05-17 23:00:00+00:00,CAL,California,WND,Wind,5686,megawatthours
2025-05-18 00:00:00+00:00,CAL,California,WND,Wind,5763,megawatthours
2025-05-18 01:00:00+00:00,CAL,California,WND,Wind,5464,megawatthours
2025-05-18 02:00:00+00:00,CAL,California,WND,Wind,5328,megawatthours
2025-05-18 03:00:00+00:00,CAL,California,WND,Wind,5410,megawatthours
2025-05-18 04:00:00+00:00,CAL,California,WND,Wind,5347,megawatthours
2025-05-18 05:00:00+00:00,CAL,California,WND,Wind,4999,megawatthours
2025-05-18 06:00:00+00:00,CAL,California,WND,Wind,4742,megawatthours
2025-05-18 07:00:00+00:00,CAL,California,WND,Wind,4843,megawatthours
2025-05-18 08:00:00+00:00,CAL,California,WND,Wind,4685,megawatthours
2025-05-18 09:00:00+00:00,CAL,California,WND,Wind,4851,megawatthours
2025-05-18 10:00:00+00:00,CAL,California,WND,Wind,5064,megawatthours
2025-05-18 11:00:00+00:00,CAL,California,WND,Wind,5300,megawatthours
2025-05-18 12:00:00+00:00,CAL,California,WND,Wind,5009,megawatthours
2025-05-18 13:00:00+00:00,CAL,California,WND,Wind,4540,megawatthours
2025-05-18 14:00:00+00:00,CAL,California,WND,Wind,4322,megawatthours
2025-05-18 15:00:00+00:00,CAL,California,WND,Wind,4286,megawatthours
2025-05-18 16:00:00+00:00,CAL,California,WND,Wind,3951,megawatthours
2025-05-18 17:00:00+00:00,CAL,California,WND,Wind,3992,megawatthours
2025-05-18 18:00:00+00:00,CAL,California,WND,Wind,4011,megawatthours
2025-05-18 19:00:00+00:00,CAL,California,WND,Wind,3968,megawatthours
2025-05-18 20:00:00+00:00,CAL,California,WND,Wind,3898,megawatthours
2025-05-18 21:00:00+00:00,CAL,California,WND,Wind,3895,megawatthours
2025-05-18 22:00:00+00:00,CAL,California,WND,Wind,3861,megawatthours
2025-05-18 23:00:00+00:00,CAL,California,WND,Wind,3967,megawatthours
2025-05-19 00:00:00+00:00,CAL,California,WND,Wind,3974,megawatthours
2025-05-19 01:00:00+00:00,CAL,California,WND,Wind,3854,megawatthours
2025-05-19 02:00:00+00:00,CAL,California,WND,Wind,3914,megawatthours
2025-05-19 03:00:00+00:00,CAL,California,WND,Wind,4577,megawatthours
2025-05-19 04:00:00+00:00,CAL,California,WND,Wind,4386,megawatthours
2025-05-19 05:00:00+00:00,CAL,California,WND,Wind,4718,megawatthours
2025-05-19 06:00:00+00:00,CAL,California,WND,Wind,4804,megawatthours
2025-05-19 07:00:00+00:00,CAL,California,WND,Wind,4966,megawatthours
2025-05-19 08:00:00+00:00,CAL,California,WND,Wind,5066,megawatthours
2025-05-19 09:00:00+00:00,CAL,California,WND,Wind,5189,megawatthours
2025-05-19 10:00:00+00:00,CAL,California,WND,Wind,5238,megawatthours
2025-05-19 11:00:00+00:00,CAL,California,WND,Wind,4868,megawatthours
2025-05-19 12:00:00+00:00,CAL,California,WND,Wind,4710,megawatthours
2025-05-19 13:00:00+00:00,CAL,California,WND,Wind,4462,megawatthours
2025-05-19 14:00:00+00:00,CAL,California,WND,Wind,3891,megawatthours
2025-05-19 15:00:00+00:00,CAL,California,WND,Wind,3545,megawatthours
2025-05-19 16:00:00+00:00,CAL,California,WND,Wind,2886,megawatthours
2025-05-19 17:00:00+00:00,CAL,California,WND,Wind,2402,megawatthours
2025-05-19 18:00:00+00:00,CAL,California,WND,Wind,1888,megawatthours
2025-05-19 19:00:00+00:00,CAL,California,WND,Wind,1602,megawatthours
2025-05-19 20:00:00+00:00,CAL,California,WND,Wind,1621,megawatthours
2025-05-19 21:00:00+00:00,CAL,California,WND,Wind,2072,megawatthours
2025-05-19 22:00:00+00:00,CAL,California,WND,Wind,2155,megawatthours
2025-05-19 23:00:00+00:00,CAL,California,WND,Wind,2801,megawatthours
2025-05-20 00:00:00+00:00,CAL,California,WND,Wind,3637,megawatthours
2025-05-20 01:00:00+00:00,CAL,California,WND,Wind,3812,megawatthours
2025-05-20 02:00:00+00:00,CAL,California,WND,Wind,3948,megawatthours
2025-05-20 03:00:00+00:00,CAL,California,WND,Wind,4288,megawatthours
2025-05-20 04:00:00+00:00,CAL,California,WND,Wind,4686,megawatthours
2025-05-20 05:00:00+00:00,CAL,California,WND,Wind,4656,megawatthours
2025-05-20 06:00:00+00:00,CAL,California,WND,Wind,4741,megawatthours
2025-05-20 07:00:00+00:00,CAL,California,WND,Wind,4508,megawatthours
2025-05-20 08:00:00+00:00,CAL,California,WND,Wind,4569,megawatthours
2025-05-20 09:00:00+00:00,CAL,California,WND,Wind,4493,megawatthours
2025-05-20 10:00:00+00:00,CAL,California,WND,Wind,4435,megawatthours
2025-05-20 11:00:00+00:00,CAL,California,WND,Wind,4112,megawatthours
2025-05-20 12:00:00+00:00,CAL,California,WND,Wind,3765,megawatthours
2025-05-20 13:00:00+00:00,CAL,California,WND,Wind,3543,megawatthours
2025-05-20 14:00:00+00:00,CAL,California,WND,Wind,3126,megawatthours
2025-05-20 15:00:00+00:00,CAL,California,WND,Wind,2954,megawatthours
2025-05-20 16:00:00+00:00,CAL,California,WND,Wind,2946,megawatthours
2025-05-20 17:00:00+00:00,CAL,California,WND,Wind,2746,megawatthours
2025-05-20 18:00:00+00:00,CAL,California,WND,Wind,1986,megawatthours
2025-05-20 19:00:00+00:00,CAL,California,WND,Wind,1776,megawatthours
2025-05-20 20:00:00+00:00,CAL,California,WND,Wind,1641,megawatthours
2025-05-20 21:00:00+00:00,CAL,California,WND,Wind,1615,megawatthours
2025-05-20 22:00:00+00:00,CAL,California,WND,Wind,1820,megawatthours
2025-05-20 23:00:00+00:00,CAL,California,WND,Wind,2196,megawatthours
2025-05-21 00:00:00+00:00,CAL,California,WND,Wind,2694,megawatthours
2025-05-21 01:00:00+00:00,CAL,California,WND,Wind,3429,megawatthours
2025-05-21 02:00:00+00:00,CAL,California,WND,Wind,3924,megawatthours
2025-05-21 03:00:00+00:00,CAL,California,WND,Wind,4133,megawatthours
2025-05-21 04:00:00+00:00,CAL,California,WND,Wind,4164,megawatthours
2025-05-21 05:00:00+00:00,CAL,California,WND,Wind,4528,megawatthours
2025-05-21 06:00:00+00:00,CAL,California,WND,Wind,4484,megawatthours
2025-05-21 07:00:00+00:00,CAL,California,WND,Wind,4319,megawatthours
2025-05-21 08:00:00+00:00,CAL,California,WND,Wind,4148,megawatthours
2025-05-21 09:00:00+00:00,CAL,California,WND,Wind,4184,megawatthours
2025-05-21 10:00:00+00:00,CAL,California,WND,Wind,4084,megawatthours
2025-05-21 11:00:00+00:00,CAL,California,WND,Wind,3865,megawatthours
2025-05-21 12:00:00+00:00,CAL,California,WND,Wind,3642,megawatthours
2025-05-21 13:00:00+00:00,CAL,California,WND,Wind,3212,megawatthours
2025-05-21 14:00:00+00:00,CAL,California,WND,Wind,2812,megawatthours
2025-05-21 15:00:00+00:00,CAL,California,WND,Wind,2344,megawatthours
2025-05-21 16:00:00+00:00,CAL,California,WND,Wind,1782,megawatthours
2025-05-21 17:00:00+00:00,CAL,California,WND,Wind,1379,megawatthours
2025-05-21 18:00:00+00:00,CAL,California,WND,Wind,934,megawatthours
2025-05-21 19:00:00+00:00,CAL,California,WND,Wind,481,megawatthours
2025-05-21 20:00:00+00:00,CAL,California,WND,Wind,352,megawatthours
2025-05-21 21:00:00+00:00,CAL,California,WND,Wind,406,megawatthours
2025-05-21 22:00:00+00:00,CAL,California,WND,Wind,751,megawatthours
2025-05-21 23:00:00+00:00,CAL,California,WND,Wind,1567,megawatthours
2025-05-22 00:00:00+00:00,CAL,California,WND,Wind,2667,megawatthours
2025-05-22 01:00:00+00:00,CAL,California,WND,Wind,3594,megawatthours
2025-05-22 02:00:00+00:00,CAL,California,WND,Wind,3701,megawatthours
2025-05-22 03:00:00+00:00,CAL,California,WND,Wind,3790,megawatthours
2025-05-22 04:00:00+00:00,CAL,California,WND,Wind,4255,megawatthours
2025-05-22 05:00:00+00:00,CAL,California,WND,Wind,4467,megawatthours
2025-05-22 06:00:00+00:00,CAL,California,WND,Wind,4497,megawatthours
2025-05-22 07:00:00+00:00,CAL,California,WND,Wind,4416,megawatthours
2025-05-22 08:00:00+00:00,CAL,California,WND,Wind,4325,megawatthours
2025-05-22 09:00:00+00:00,CAL,California,WND,Wind,4618,megawatthours
2025-05-22 10:00:00+00:00,CAL,California,WND,Wind,4701,megawatthours
2025-05-22 11:00:00+00:00,CAL,California,WND,Wind,4731,megawatthours
2025-05-22 12:00:00+00:00,CAL,California,WND,Wind,4711,megawatthours
2025-05-22 13:00:00+00:00,CAL,California,WND,Wind,4548,megawatthours
2025-05-22 14:00:00+00:00,CAL,California,WND,Wind,4458,megawatthours
2025-05-22 15:00:00+00:00,CAL,California,WND,Wind,4245,megawatthours
2025-05-22 16:00:00+00:00,CAL,California,WND,Wind,3939,megawatthours
2025-05-22 17:00:00+00:00,CAL,California,WND,Wind,3932,megawatthours
2025-05-22 18:00:00+00:00,CAL,California,WND,Wind,4225,megawatthours
2025-05-22 19:00:00+00:00,CAL,California,WND,Wind,4246,megawatthours
2025-05-22 20:00:00+00:00,CAL,California,WND,Wind,4290,megawatthours
2025-05-22 21:00:00+00:00,CAL,California,WND,Wind,4573,megawatthours
2025-05-22 22:00:00+00:00,CAL,California,WND,Wind,4730,megawatthours
2025-05-22 23:00:00+00:00,CAL,California,WND,Wind,4897,megawatthours
2025-05-23 00:00:00+00:00,CAL,California,WND,Wind,5086,megawatthours
2025-05-23 01:00:00+00:00,CAL,California,WND,Wind,5033,megawatthours
2025-05-23 02:00:00+00:00,CAL,California,WND,Wind,5178,megawatthours
2025-05-23 03:00:00+00:00,CAL,California,WND,Wind,5542,megawatthours
2025-05-23 04:00:00+00:00,CAL,California,WND,Wind,5495,megawatthours
2025-05-23 05:00:00+00:00,CAL,California,WND,Wind,5131,megawatthours
2025-05-23 06:00:00+00:00,CAL,California,WND,Wind,4850,megawatthours
2025-05-23 07:00:00+00:00,CAL,California,WND,Wind,4759,megawatthours
2025-05-23 08:00:00+00:00,CAL,California,WND,Wind,4879,megawatthours
2025-05-23 09:00:00+00:00,CAL,California,WND,Wind,4886,megawatthours
2025-05-23 10:00:00+00:00,CAL,California,WND,Wind,4467,megawatthours
2025-05-23 11:00:00+00:00,CAL,California,WND,Wind,4382,megawatthours
2025-05-23 12:00:00+00:00,CAL,California,WND,Wind,4501,megawatthours
2025-05-23 13:00:00+00:00,CAL,California,WND,Wind,4375,megawatthours
2025-05-23 14:00:00+00:00,CAL,California,WND,Wind,4346,megawatthours
2025-05-23 15:00:00+00:00,CAL,California,WND,Wind,4097,megawatthours
2025-05-23 16:00:00+00:00,CAL,California,WND,Wind,4031,megawatthours
2025-05-23 17:00:00+00:00,CAL,California,WND,Wind,3513,megawatthours
2025-05-23 18:00:00+00:00,CAL,California,WND,Wind,3238,megawatthours
2025-05-23 19:00:00+00:00,CAL,California,WND,Wind,3459,megawatthours
2025-05-23 20:00:00+00:00,CAL,California,WND,Wind,3653,megawatthours
2025-05-23 21:00:00+00:00,CAL,California,WND,Wind,3942,megawatthours
2025-05-23 22:00:00+00:00,CAL,California,WND,Wind,4236,megawatthours
2025-05-23 23:00:00+00:00,CAL,California,WND,Wind,4501,megawatthours
2025-05-24 00:00:00+00:00,CAL,California,WND,Wind,4684,megawatthours
2025-05-24 01:00:00+00:00,CAL,California,WND,Wind,4907,megawatthours
2025-05-24 02:00:00+00:00,CAL,California,WND,Wind,4871,megawatthours
2025-05-24 03:00:00+00:00,CAL,California,WND,Wind,5099,megawatthours
2025-05-24 04:00:00+00:00,CAL,California,WND,Wind,5220,megawatthours
2025-05-24 05:00:00+00:00,CAL,California,WND,Wind,5015,megawatthours
2025-05-24 06:00:00+00:00,CAL,California,WND,Wind,4824,megawatthours
2025-05-24 07:00:00+00:00,CAL,California,WND,Wind,4524,megawatthours
2025-05-24 08:00:00+00:00,CAL,California,WND,Wind,4715,megawatthours
2025-05-24 09:00:00+00:00,CAL,California,WND,Wind,4445,megawatthours
2025-05-24 10:00:00+00:00,CAL,California,WND,Wind,4558,megawatthours
2025-05-24 11:00:00+00:00,CAL,California,WND,Wind,4810,megawatthours
2025-05-24 12:00:00+00:00,CAL,California,WND,Wind,4951,megawatthours
2025-05-24 13:00:00+00:00,CAL,California,WND,Wind,4976,megawatthours
2025-05-24 14:00:00+00:00,CAL,California,WND,Wind,4945,megawatthours
2025-05-24 15:00:00+00:00,CAL,California,WND,Wind,4623,megawatthours
2025-05-24 16:00:00+00:00,CAL,California,WND,Wind,4258,megawatthours
2025-05-24 17:00:00+00:00,CAL,California,WND,Wind,4433,megawatthours
2025-05-24 18:00:00+00:00,CAL,California,WND,Wind,4655,megawatthours
2025-05-24 19:00:00+00:00,CAL,California,WND,Wind,4616,megawatthours
2025-05-24 20:00:00+00:00,CAL,California,WND,Wind,4005,megawatthours
2025-05-24 21:00:00+00:00,CAL,California,WND,Wind,4007,megawatthours
2025-05-24 22:00:00+00:00,CAL,California,WND,Wind,4233,megawatthours
2025-05-24 23:00:00+00:00,CAL,California,WND,Wind,4608,megawatthours
2025-05-25 00:00:00+00:00,CAL,California,WND,Wind,5052,megawatthours
2025-05-25 01:00:00+00:00,CAL,California,WND,Wind,5281,megawatthours
2025-05-25 02:00:00+00:00,CAL,California,WND,Wind,5342,megawatthours
2025-05-25 03:00:00+00:00,CAL,California,WND,Wind,5349,megawatthours
2025-05-25 04:00:00+00:00,CAL,California,WND,Wind,5431,megawatthours
2025-05-25 05:00:00+00:00,CAL,California,WND,Wind,5515,megawatthours
2025-05-25 06:00:00+00:00,CAL,California,WND,Wind,5501,megawatthours
2025-05-25 07:00:00+00:00,CAL,California,WND,Wind,5499,megawatthours
2025-05-25 08:00:00+00:00,CAL,California,WND,Wind,5531,megawatthours
2025-05-25 09:00:00+00:00,CAL,California,WND,Wind,5412,megawatthours
2025-05-25 10:00:00+00:00,CAL,California,WND,Wind,5364,megawatthours
2025-05-25 11:00:00+00:00,CAL,California,WND,Wind,5328,megawatthours
2025-05-25 12:00:00+00:00,CAL,California,WND,Wind,5101,megawatthours
2025-05-25 13:00:00+00:00,CAL,California,WND,Wind,4761,megawatthours
2025-05-25 14:00:00+00:00,CAL,California,WND,Wind,4642,megawatthours
2025-05-25 15:00:00+00:00,CAL,California,WND,Wind,4497,megawatthours
2025-05-25 16:00:00+00:00,CAL,California,WND,Wind,4111,megawatthours
2025-05-25 17:00:00+00:00,CAL,California,WND,Wind,3809,megawatthours
2025-05-25 18:00:00+00:00,CAL,California,WND,Wind,3104,megawatthours
2025-05-25 19:00:00+00:00,CAL,California,WND,Wind,2590,megawatthours
2025-05-25 20:00:00+00:00,CAL,California,WND,Wind,2045,megawatthours
2025-05-25 21:00:00+00:00,CAL,California,WND,Wind,2316,megawatthours
2025-05-25 22:00:00+00:00,CAL,California,WND,Wind,2899,megawatthours
2025-05-25 23:00:00+00:00,CAL,California,WND,Wind,3623,megawatthours
2025-05-26 00:00:00+00:00,CAL,California,WND,Wind,4012,megawatthours
2025-05-26 01:00:00+00:00,CAL,California,WND,Wind,4416,megawatthours
2025-05-26 02:00:00+00:00,CAL,California,WND,Wind,4743,megawatthours
2025-05-26 03:00:00+00:00,CAL,California,WND,Wind,4986,megawatthours
2025-05-26 04:00:00+00:00,CAL,California,WND,Wind,4915,megawatthours
2025-05-26 05:00:00+00:00,CAL,California,WND,Wind,5196,megawatthours
2025-05-26 06:00:00+00:00,CAL,California,WND,Wind,5300,megawatthours
2025-05-26 07:00:00+00:00,CAL,California,WND,Wind,5203,megawatthours
2025-05-26 08:00:00+00:00,CAL,California,WND,Wind,5250,megawatthours
2025-05-26 09:00:00+00:00,CAL,California,WND,Wind,5336,megawatthours
2025-05-26 10:00:00+00:00,CAL,California,WND,Wind,5207,megawatthours
2025-05-26 11:00:00+00:00,CAL,California,WND,Wind,4742,megawatthours
2025-05-26 12:00:00+00:00,CAL,California,WND,Wind,4657,megawatthours
2025-05-26 13:00:00+00:00,CAL,California,WND,Wind,4491,megawatthours
2025-05-26 14:00:00+00:00,CAL,California,WND,Wind,4284,megawatthours
2025-05-26 15:00:00+00:00,CAL,California,WND,Wind,4152,megawatthours
2025-05-26 16:00:00+00:00,CAL,California,WND,Wind,4068,megawatthours
2025-05-26 17:00:00+00:00,CAL,California,WND,Wind,3902,megawatthours
2025-05-26 18:00:00+00:00,CAL,California,WND,Wind,3788,megawatthours
2025-05-26 19:00:00+00:00,CAL,California,WND,Wind,3822,megawatthours
2025-05-26 20:00:00+00:00,CAL,California,WND,Wind,3687,megawatthours
2025-05-26 21:00:00+00:00,CAL,California,WND,Wind,3852,megawatthours
2025-05-26 22:00:00+00:00,CAL,California,WND,Wind,4092,megawatthours
2025-05-26 23:00:00+00:00,CAL,California,WND,Wind,4575,megawatthours
2025-05-27 00:00:00+00:00,CAL,California,WND,Wind,4649,megawatthours
2025-05-27 01:00:00+00:00,CAL,California,WND,Wind,4917,megawatthours
2025-05-27 02:00:00+00:00,CAL,California,WND,Wind,4675,megawatthours
2025-05-27 03:00:00+00:00,CAL,California,WND,Wind,4632,megawatthours
2025-05-27 04:00:00+00:00,CAL,California,WND,Wind,4600,megawatthours
2025-05-27 05:00:00+00:00,CAL,California,WND,Wind,5065,megawatthours
2025-05-27 06:00:00+00:00,CAL,California,WND,Wind,5011,megawatthours
2025-05-27 07:00:00+00:00,CAL,California,WND,Wind,4701,megawatthours
2025-05-27 08:00:00+00:00,CAL,California,WND,Wind,4193,megawatthours
2025-05-27 09:00:00+00:00,CAL,California,WND,Wind,4128,megawatthours
2025-05-27 10:00:00+00:00,CAL,California,WND,Wind,4055,megawatthours
2025-05-27 11:00:00+00:00,CAL,California,WND,Wind,3767,megawatthours
2025-05-27 12:00:00+00:00,CAL,California,WND,Wind,3430,megawatthours
2025-05-27 13:00:00+00:00,CAL,California,WND,Wind,3089,megawatthours
2025-05-27 14:00:00+00:00,CAL,California,WND,Wind,2701,megawatthours
2025-05-27 15:00:00+00:00,CAL,California,WND,Wind,2035,megawatthours
2025-05-27 16:00:00+00:00,CAL,California,WND,Wind,1318,megawatthours
2025-05-27 17:00:00+00:00,CAL,California,WND,Wind,792,megawatthours
2025-05-27 18:00:00+00:00,CAL,California,WND,Wind,579,megawatthours
2025-05-27 19:00:00+00:00,CAL,California,WND,Wind,384,megawatthours
2025-05-27 20:00:00+00:00,CAL,California,WND,Wind,399,megawatthours
2025-05-27 21:00:00+00:00,CAL,California,WND,Wind,544,megawatthours
2025-05-27 22:00:00+00:00,CAL,California,WND,Wind,579,megawatthours
2025-05-27 23:00:00+00:00,CAL,California,WND,Wind,709,megawatthours
2025-05-28 00:00:00+00:00,CAL,California,WND,Wind,675,megawatthours
2025-05-28 01:00:00+00:00,CAL,California,WND,Wind,908,megawatthours
2025-05-28 02:00:00+00:00,CAL,California,WND,Wind,1377,megawatthours
2025-05-28 03:00:00+00:00,CAL,California,WND,Wind,2015,megawatthours
2025-05-28 04:00:00+00:00,CAL,California,WND,Wind,2361,megawatthours
2025-05-28 05:00:00+00:00,CAL,California,WND,Wind,2654,megawatthours
2025-05-28 06:00:00+00:00,CAL,California,WND,Wind,2805,megawatthours
2025-05-28 07:00:00+00:00,CAL,California,WND,Wind,3038,megawatthours
2025-05-28 08:00:00+00:00,CAL,California,WND,Wind,2852,megawatthours
2025-05-28 09:00:00+00:00,CAL,California,WND,Wind,2701,megawatthours
2025-05-28 10:00:00+00:00,CAL,California,WND,Wind,2522,megawatthours
2025-05-28 11:00:00+00:00,CAL,California,WND,Wind,2251,megawatthours
2025-05-28 12:00:00+00:00,CAL,California,WND,Wind,2216,megawatthours
2025-05-28 13:00:00+00:00,CAL,California,WND,Wind,2282,megawatthours
2025-05-28 14:00:00+00:00,CAL,California,WND,Wind,1884,megawatthours
2025-05-28 15:00:00+00:00,CAL,California,WND,Wind,1628,megawatthours
2025-05-28 16:00:00+00:00,CAL,California,WND,Wind,1482,megawatthours
2025-05-28 17:00:00+00:00,CAL,California,WND,Wind,1353,megawatthours
2025-05-28 18:00:00+00:00,CAL,California,WND,Wind,1240,megawatthours
2025-05-28 19:00:00+00:00,CAL,California,WND,Wind,1182,megawatthours
2025-05-28 20:00:00+00:00,CAL,California,WND,Wind,1407,megawatthours
2025-05-28 21:00:00+00:00,CAL,California,WND,Wind,1674,megawatthours
2025-05-28 22:00:00+00:00,CAL,California,WND,Wind,1783,megawatthours
2025-05-28 23:00:00+00:00,CAL,California,WND,Wind,1822,megawatthours
2025-05-29 00:00:00+00:00,CAL,California,WND,Wind,1908,megawatthours
2025-05-29 01:00:00+00:00,CAL,California,WND,Wind,3105,megawatthours
2025-05-29 02:00:00+00:00,CAL,California,WND,Wind,3418,megawatthours
2025-05-29 03:00:00+00:00,CAL,California,WND,Wind,3641,megawatthours
2025-05-29 04:00:00+00:00,CAL,California,WND,Wind,4241,megawatthours
2025-05-29 05:00:00+00:00,CAL,California,WND,Wind,4804,megawatthours
2025-05-29 06:00:00+00:00,CAL,California,WND,Wind,5256,megawatthours
2025-05-29 07:00:00+00:00,CAL,California,WND,Wind,5273,megawatthours
2025-05-29 08:00:00+00:00,CAL,California,WND,Wind,5143,megawatthours
2025-05-29 09:00:00+00:00,CAL,California,WND,Wind,5119,megawatthours
2025-05-29 10:00:00+00:00,CAL,California,WND,Wind,5284,megawatthours
2025-05-29 11:00:00+00:00,CAL,California,WND,Wind,5170,megawatthours
2025-05-29 12:00:00+00:00,CAL,California,WND,Wind,4812,megawatthours
2025-05-29 13:00:00+00:00,CAL,California,WND,Wind,4432,megawatthours
2025-05-29 14:00:00+00:00,CAL,California,WND,Wind,4067,megawatthours
2025-05-29 15:00:00+00:00,CAL,California,WND,Wind,3830,megawatthours
2025-05-29 16:00:00+00:00,CAL,California,WND,Wind,3376,megawatthours
2025-05-29 17:00:00+00:00,CAL,California,WND,Wind,2543,megawatthours
2025-05-29 18:00:00+00:00,CAL,California,WND,Wind,1673,megawatthours
2025-05-29 19:00:00+00:00,CAL,California,WND,Wind,1036,megawatthours
2025-05-29 20:00:00+00:00,CAL,California,WND,Wind,799,megawatthours
2025-05-29 21:00:00+00:00,CAL,California,WND,Wind,954,megawatthours
2025-05-29 22:00:00+00:00,CAL,California,WND,Wind,1305,megawatthours
2025-05-29 23:00:00+00:00,CAL,California,WND,Wind,1656,megawatthours
2025-05-30 00:00:00+00:00,CAL,California,WND,Wind,2289,megawatthours
2025-05-30 01:00:00+00:00,CAL,California,WND,Wind,2824,megawatthours
2025-05-30 02:00:00+00:00,CAL,California,WND,Wind,3019,megawatthours
2025-05-30 03:00:00+00:00,CAL,California,WND,Wind,3509,megawatthours
2025-05-30 04:00:00+00:00,CAL,California,WND,Wind,4110,megawatthours
2025-05-30 05:00:00+00:00,CAL,California,WND,Wind,4002,megawatthours
2025-05-30 06:00:00+00:00,CAL,California,WND,Wind,3636,megawatthours
2025-05-30 07:00:00+00:00,CAL,California,WND,Wind,3172,megawatthours
2025-05-30 08:00:00+00:00,CAL,California,WND,Wind,2553,megawatthours
2025-05-30 09:00:00+00:00,CAL,California,WND,Wind,2226,megawatthours
2025-05-30 10:00:00+00:00,CAL,California,WND,Wind,1839,megawatthours
2025-05-30 11:00:00+00:00,CAL,California,WND,Wind,1454,megawatthours
2025-05-30 12:00:00+00:00,CAL,California,WND,Wind,1004,megawatthours
2025-05-30 13:00:00+00:00,CAL,California,WND,Wind,571,megawatthours
2025-05-30 14:00:00+00:00,CAL,California,WND,Wind,578,megawatthours
2025-05-30 15:00:00+00:00,CAL,California,WND,Wind,464,megawatthours
2025-05-30 16:00:00+00:00,CAL,California,WND,Wind,294,megawatthours
2025-05-30 17:00:00+00:00,CAL,California,WND,Wind,238,megawatthours
2025-05-30 18:00:00+00:00,CAL,California,WND,Wind,314,megawatthours
2025-05-30 19:00:00+00:00,CAL,California,WND,Wind,387,megawatthours
2025-05-30 20:00:00+00:00,CAL,California,WND,Wind,515,megawatthours
2025-05-30 21:00:00+00:00,CAL,California,WND,Wind,431,megawatthours
2025-05-30 22:00:00+00:00,CAL,California,WND,Wind,465,megawatthours
2025-05-30 23:00:00+00:00,CAL,California,WND,Wind,618,megawatthours
2025-05-31 00:00:00+00:00,CAL,California,WND,Wind,634,megawatthours
2025-05-31 01:00:00+00:00,CAL,California,WND,Wind,1014,megawatthours
2025-05-31 02:00:00+00:00,CAL,California,WND,Wind,1326,megawatthours
2025-05-31 03:00:00+00:00,CAL,California,WND,Wind,1459,megawatthours
2025-05-31 04:00:00+00:00,CAL,California,WND,Wind,1639,megawatthours
2025-05-31 05:00:00+00:00,CAL,California,WND,Wind,1956,megawatthours
2025-05-31 06:00:00+00:00,CAL,California,WND,Wind,2129,megawatthours
2025-05-31 07:00:00+00:00,CAL,California,WND,Wind,2512,megawatthours
2025-05-31 08:00:00+00:00,CAL,California,WND,Wind,2827,megawatthours
2025-05-31 09:00:00+00:00,CAL,California,WND,Wind,2407,megawatthours
2025-05-31 10:00:00+00:00,CAL,California,WND,Wind,1768,megawatthours
2025-05-31 11:00:00+00:00,CAL,California,WND,Wind,1469,megawatthours
2025-05-31 12:00:00+00:00,CAL,California,WND,Wind,1367,megawatthours
2025-05-31 13:00:00+00:00,CAL,California,WND,Wind,1136,megawatthours
2025-05-31 14:00:00+00:00,CAL,California,WND,Wind,1114,megawatthours
2025-05-31 15:00:00+00:00,CAL,California,WND,Wind,767,megawatthours
2025-05-31 16:00:00+00:00,CAL,California,WND,Wind,504,megawatthours
2025-05-31 17:00:00+00:00,CAL,California,WND,Wind,498,megawatthours
2025-05-31 18:00:00+00:00,CAL,California,WND,Wind,627,megawatthours
2025-05-31 19:00:00+00:00,CAL,California,WND,Wind,622,megawatthours
2025-05-31 20:00:00+00:00,CAL,California,WND,Wind,599,megawatthours
2025-05-31 21:00:00+00:00,CAL,California,WND,Wind,729,megawatthours
2025-05-31 22:00:00+00:00,CAL,California,WND,Wind,833,megawatthours
2025-05-31 23:00:00+00:00,CAL,California,WND,Wind,1168,megawatthours
2025-06-01 00:00:00+00:00,CAL,California,WND,Wind,1593,megawatthours
2025-06-01 01:00:00+00:00,CAL,California,WND,Wind,2035,megawatthours
2025-06-01 02:00:00+00:00,CAL,California,WND,Wind,2438,megawatthours
2025-06-01 03:00:00+00:00,CAL,California,WND,Wind,2766,megawatthours
2025-06-01 04:00:00+00:00,CAL,California,WND,Wind,3254,megawatthours
2025-06-01 05:00:00+00:00,CAL,California,WND,Wind,3806,megawatthours
2025-06-01 06:00:00+00:00,CAL,California,WND,Wind,3992,megawatthours
2025-06-01 07:00:00+00:00,CAL,California,WND,Wind,4454,megawatthours
2025-06-01 08:00:00+00:00,CAL,California,WND,Wind,4468,megawatthours
2025-06-01 09:00:00+00:00,CAL,California,WND,Wind,4270,megawatthours
2025-06-01 10:00:00+00:00,CAL,California,WND,Wind,4597,megawatthours
2025-06-01 11:00:00+00:00,CAL,California,WND,Wind,4145,megawatthours
2025-06-01 12:00:00+00:00,CAL,California,WND,Wind,3743,megawatthours
2025-06-01 13:00:00+00:00,CAL,California,WND,Wind,3460,megawatthours
2025-06-01 14:00:00+00:00,CAL,California,WND,Wind,3519,megawatthours
2025-06-01 15:00:00+00:00,CAL,California,WND,Wind,3680,megawatthours
2025-06-01 16:00:00+00:00,CAL,California,WND,Wind,4499,megawatthours
2025-06-01 17:00:00+00:00,CAL,California,WND,Wind,4202,megawatthours
2025-06-01 18:00:00+00:00,CAL,California,WND,Wind,3763,megawatthours
2025-06-01 19:00:00+00:00,CAL,California,WND,Wind,3169,megawatthours
2025-06-01 20:00:00+00:00,CAL,California,WND,Wind,2932,megawatthours
2025-06-01 21:00:00+00:00,CAL,California,WND,Wind,2792,megawatthours
2025-06-01 22:00:00+00:00,CAL,California,WND,Wind,2724,megawatthours
2025-06-01 23:00:00+00:00,CAL,California,WND,Wind,2741,megawatthours
2025-06-02 00:00:00+00:00,CAL,California,WND,Wind,3068,megawatthours
2025-06-02 01:00:00+00:00,CAL,California,WND,Wind,3573,megawatthours
2025-06-02 02:00:00+00:00,CAL,California,WND,Wind,3881,megawatthours
2025-06-02 03:00:00+00:00,CAL,California,WND,Wind,3698,megawatthours
2025-06-02 04:00:00+00:00,CAL,California,WND,Wind,3545,megawatthours
2025-06-02 05:00:00+00:00,CAL,California,WND,Wind,2999,megawatthours
2025-06-02 06:00:00+00:00,CAL,California,WND,Wind,3222,megawatthours
2025-06-02 07:00:00+00:00,CAL,California,WND,Wind,3085,megawatthours
2025-06-02 08:00:00+00:00,CAL,California,WND,Wind,3248,megawatthours
2025-06-02 09:00:00+00:00,CAL,California,WND,Wind,3191,megawatthours
2025-06-02 10:00:00+00:00,CAL,California,WND,Wind,2914,megawatthours
2025-06-02 11:00:00+00:00,CAL,California,WND,Wind,2556,megawatthours
2025-06-02 12:00:00+00:00,CAL,California,WND,Wind,2026,megawatthours
2025-06-02 13:00:00+00:00,CAL,California,WND,Wind,2102,megawatthours
2025-06-02 14:00:00+00:00,CAL,California,WND,Wind,1864,megawatthours
2025-06-02 15:00:00+00:00,CAL,California,WND,Wind,1740,megawatthours
2025-06-02 16:00:00+00:00,CAL,California,WND,Wind,1889,megawatthours
2025-06-02 17:00:00+00:00,CAL,California,WND,Wind,2060,megawatthours
2025-06-02 18:00:00+00:00,CAL,California,WND,Wind,1801,megawatthours
2025-06-02 19:00:00+00:00,CAL,California,WND,Wind,1546,megawatthours
2025-06-02 20:00:00+00:00,CAL,California,WND,Wind,1495,megawatthours
2025-06-02 21:00:00+00:00,CAL,California,WND,Wind,1418,megawatthours
2025-06-02 22:00:00+00:00,CAL,California,WND,Wind,1904,megawatthours
2025-06-02 23:00:00+00:00,CAL,California,WND,Wind,2687,megawatthours
2025-06-03 00:00:00+00:00,CAL,California,WND,Wind,3088,megawatthours
2025-06-03 01:00:00+00:00,CAL,California,WND,Wind,3453,megawatthours
2025-06-03 02:00:00+00:00,CAL,California,WND,Wind,3587,megawatthours
2025-06-03 03:00:00+00:00,CAL,California,WND,Wind,4164,megawatthours
2025-06-03 04:00:00+00:00,CAL,California,WND,Wind,3907,megawatthours
2025-06-03 05:00:00+00:00,CAL,California,WND,Wind,4002,megawatthours
2025-06-03 06:00:00+00:00,CAL,California,WND,Wind,4252,megawatthours
2025-06-03 07:00:00+00:00,CAL,California,WND,Wind,4243,megawatthours
2025-06-03 08:00:00+00:00,CAL,California,WND,Wind,3753,megawatthours
2025-06-03 09:00:00+00:00,CAL,California,WND,Wind,3611,megawatthours
2025-06-03 10:00:00+00:00,CAL,California,WND,Wind,3615,megawatthours
2025-06-03 11:00:00+00:00,CAL,California,WND,Wind,3855,megawatthours
2025-06-03 12:00:00+00:00,CAL,California,WND,Wind,3747,megawatthours
2025-06-03 13:00:00+00:00,CAL,California,WND,Wind,3890,megawatthours
2025-06-03 14:00:00+00:00,CAL,California,WND,Wind,3827,megawatthours
2025-06-03 15:00:00+00:00,CAL,California,WND,Wind,3662,megawatthours
2025-06-03 16:00:00+00:00,CAL,California,WND,Wind,3380,megawatthours
2025-06-03 17:00:00+00:00,CAL,California,WND,Wind,3146,megawatthours
2025-06-03 18:00:00+00:00,CAL,California,WND,Wind,2475,megawatthours
2025-06-03 19:00:00+00:00,CAL,California,WND,Wind,1992,megawatthours
2025-06-03 20:00:00+00:00,CAL,California,WND,Wind,1641,megawatthours
2025-06-03 21:00:00+00:00,CAL,California,WND,Wind,1494,megawatthours
2025-06-03 22:00:00+00:00,CAL,California,WND,Wind,1374,megawatthours
2025-06-03 23:00:00+00:00,CAL,California,WND,Wind,1777,megawatthours
2025-06-04 00:00:00+00:00,CAL,California,WND,Wind,2733,megawatthours
2025-06-04 01:00:00+00:00,CAL,California,WND,Wind,2669,megawatthours
2025-06-04 02:00:00+00:00,CAL,California,WND,Wind,2817,megawatthours
2025-06-04 03:00:00+00:00,CAL,California,WND,Wind,3333,megawatthours
2025-06-04 04:00:00+00:00,CAL,California,WND,Wind,4105,megawatthours
2025-06-04 05:00:00+00:00,CAL,California,WND,Wind,4689,megawatthours
2025-06-04 06:00:00+00:00,CAL,California,WND,Wind,5045,megawatthours
2025-06-04 07:00:00+00:00,CAL,California,WND,Wind,4383,megawatthours
2025-06-04 08:00:00+00:00,CAL,California,WND,Wind,4031,megawatthours
2025-06-04 09:00:00+00:00,CAL,California,WND,Wind,4330,megawatthours
2025-06-04 10:00:00+00:00,CAL,California,WND,Wind,4431,megawatthours
2025-06-04 11:00:00+00:00,CAL,California,WND,Wind,4649,megawatthours
2025-06-04 12:00:00+00:00,CAL,California,WND,Wind,4403,megawatthours
2025-06-04 13:00:00+00:00,CAL,California,WND,Wind,3942,megawatthours
2025-06-04 14:00:00+00:00,CAL,California,WND,Wind,3440,megawatthours
2025-06-04 15:00:00+00:00,CAL,California,WND,Wind,2880,megawatthours
2025-06-04 16:00:00+00:00,CAL,California,WND,Wind,2471,megawatthours
2025-06-04 17:00:00+00:00,CAL,California,WND,Wind,2331,megawatthours
2025-06-04 18:00:00+00:00,CAL,California,WND,Wind,1723,megawatthours
2025-06-04 19:00:00+00:00,CAL,California,WND,Wind,1246,megawatthours
2025-06-04 20:00:00+00:00,CAL,California,WND,Wind,833,megawatthours
2025-06-04 21:00:00+00:00,CAL,California,WND,Wind,843,megawatthours
2025-06-04 22:00:00+00:00,CAL,California,WND,Wind,1079,megawatthours
2025-06-04 23:00:00+00:00,CAL,California,WND,Wind,1848,megawatthours
2025-06-05 00:00:00+00:00,CAL,California,WND,Wind,2674,megawatthours
2025-06-05 01:00:00+00:00,CAL,California,WND,Wind,3322,megawatthours
2025-06-05 02:00:00+00:00,CAL,California,WND,Wind,3926,megawatthours
2025-06-05 03:00:00+00:00,CAL,California,WND,Wind,4067,megawatthours
2025-06-05 04:00:00+00:00,CAL,California,WND,Wind,3810,megawatthours
2025-06-05 05:00:00+00:00,CAL,California,WND,Wind,3722,megawatthours
2025-06-05 06:00:00+00:00,CAL,California,WND,Wind,3781,megawatthours
2025-06-05 07:00:00+00:00,CAL,California,WND,Wind,3734,megawatthours
2025-06-05 08:00:00+00:00,CAL,California,WND,Wind,3904,megawatthours
2025-06-05 09:00:00+00:00,CAL,California,WND,Wind,3955,megawatthours
2025-06-05 10:00:00+00:00,CAL,California,WND,Wind,3948,megawatthours
2025-06-05 11:00:00+00:00,CAL,California,WND,Wind,3866,megawatthours
2025-06-05 12:00:00+00:00,CAL,California,WND,Wind,3563,megawatthours
2025-06-05 13:00:00+00:00,CAL,California,WND,Wind,3352,megawatthours
2025-06-05 14:00:00+00:00,CAL,California,WND,Wind,3298,megawatthours
2025-06-05 15:00:00+00:00,CAL,California,WND,Wind,3188,megawatthours
2025-06-05 16:00:00+00:00,CAL,California,WND,Wind,2976,megawatthours
2025-06-05 17:00:00+00:00,CAL,California,WND,Wind,2693,megawatthours
2025-06-05 18:00:00+00:00,CAL,California,WND,Wind,2378,megawatthours
2025-06-05 19:00:00+00:00,CAL,California,WND,Wind,2093,megawatthours
2025-06-05 20:00:00+00:00,CAL,California,WND,Wind,1981,megawatthours
2025-06-05 21:00:00+00:00,CAL,California,WND,Wind,2123,megawatthours
2025-06-05 22:00:00+00:00,CAL,California,WND,Wind,2396,megawatthours
2025-06-05 23:00:00+00:00,CAL,California,WND,Wind,2863,megawatthours
2025-06-06 00:00:00+00:00,CAL,California,WND,Wind,2946,megawatthours
2025-06-06 01:00:00+00:00,CAL,California,WND,Wind,3305,megawatthours
2025-06-06 02:00:00+00:00,CAL,California,WND,Wind,3466,megawatthours
2025-06-06 03:00:00+00:00,CAL,California,WND,Wind,3331,megawatthours
2025-06-06 04:00:00+00:00,CAL,California,WND,Wind,3070,megawatthours
2025-06-06 05:00:00+00:00,CAL,California,WND,Wind,3135,megawatthours
2025-06-06 06:00:00+00:00,CAL,California,WND,Wind,3373,megawatthours
2025-06-06 07:00:00+00:00,CAL,California,WND,Wind,3293,megawatthours
2025-06-06 08:00:00+00:00,CAL,California,WND,Wind,2946,megawatthours
2025-06-06 09:00:00+00:00,CAL,California,WND,Wind,2841,megawatthours
2025-06-06 10:00:00+00:00,CAL,California,WND,Wind,2660,megawatthours
2025-06-06 11:00:00+00:00,CAL,California,WND,Wind,2677,megawatthours
2025-06-06 12:00:00+00:00,CAL,California,WND,Wind,2555,megawatthours
2025-06-06 13:00:00+00:00,CAL,California,WND,Wind,2538,megawatthours
2025-06-06 14:00:00+00:00,CAL,California,WND,Wind,2410,megawatthours
2025-06-06 15:00:00+00:00,CAL,California,WND,Wind,2146,megawatthours
2025-06-06 16:00:00+00:00,CAL,California,WND,Wind,1621,megawatthours
2025-06-06 17:00:00+00:00,CAL,California,WND,Wind,1194,megawatthours
2025-06-06 18:00:00+00:00,CAL,California,WND,Wind,950,megawatthours
2025-06-06 19:00:00+00:00,CAL,California,WND,Wind,839,megawatthours
2025-06-06 20:00:00+00:00,CAL,California,WND,Wind,855,megawatthours
2025-06-06 21:00:00+00:00,CAL,California,WND,Wind,1052,megawatthours
2025-06-06 22:00:00+00:00,CAL,California,WND,Wind,1140,megawatthours
2025-06-06 23:00:00+00:00,CAL,California,WND,Wind,1256,megawatthours
2025-06-07 00:00:00+00:00,CAL,California,WND,Wind,1144,megawatthours
2025-06-07 01:00:00+00:00,CAL,California,WND,Wind,1303,megawatthours
2025-06-07 02:00:00+00:00,CAL,California,WND,Wind,1906,megawatthours
2025-06-07 03:00:00+00:00,CAL,California,WND,Wind,2519,megawatthours
2025-06-07 04:00:00+00:00,CAL,California,WND,Wind,3181,megawatthours
2025-06-07 05:00:00+00:00,CAL,California,WND,Wind,3697,megawatthours
2025-06-07 06:00:00+00:00,CAL,California,WND,Wind,3982,megawatthours
2025-06-07 07:00:00+00:00,CAL,California,WND,Wind,3983,megawatthours
2025-06-07 08:00:00+00:00,CAL,California,WND,Wind,3835,megawatthours
2025-06-07 09:00:00+00:00,CAL,California,WND,Wind,3661,megawatthours
2025-06-07 10:00:00+00:00,CAL,California,WND,Wind,3711,megawatthours
2025-06-07 11:00:00+00:00,CAL,California,WND,Wind,3502,megawatthours
2025-06-07 12:00:00+00:00,CAL,California,WND,Wind,3284,megawatthours
2025-06-07 13:00:00+00:00,CAL,California,WND,Wind,3252,megawatthours
2025-06-07 14:00:00+00:00,CAL,California,WND,Wind,3247,megawatthours
2025-06-07 15:00:00+00:00,CAL,California,WND,Wind,2612,megawatthours
2025-06-07 16:00:00+00:00,CAL,California,WND,Wind,1932,megawatthours
2025-06-07 17:00:00+00:00,CAL,California,WND,Wind,1536,megawatthours
2025-06-07 18:00:00+00:00,CAL,California,WND,Wind,1220,megawatthours
2025-06-07 19:00:00+00:00,CAL,California,WND,Wind,1112,megawatthours
2025-06-07 20:00:00+00:00,CAL,California,WND,Wind,1093,megawatthours
2025-06-07 21:00:00+00:00,CAL,California,WND,Wind,1164,megawatthours
2025-06-07 22:00:00+00:00,CAL,California,WND,Wind,1174,megawatthours
2025-06-07 23:00:00+00:00,CAL,California,WND,Wind,1419,megawatthours
2025-06-08 00:00:00+00:00,CAL,California,WND,Wind,1856,megawatthours
2025-06-08 01:00:00+00:00,CAL,California,WND,Wind,2226,megawatthours
2025-06-08 02:00:00+00:00,CAL,California,WND,Wind,2659,megawatthours
2025-06-08 03:00:00+00:00,CAL,California,WND,Wind,2786,megawatthours
2025-06-08 04:00:00+00:00,CAL,California,WND,Wind,3145,megawatthours
2025-06-08 05:00:00+00:00,CAL,California,WND,Wind,3595,megawatthours
2025-06-08 06:00:00+00:00,CAL,California,WND,Wind,4106,megawatthours
2025-06-08 07:00:00+00:00,CAL,California,WND,Wind,4481,megawatthours
2025-06-08 08:00:00+00:00,CAL,California,WND,Wind,4641,megawatthours
2025-06-08 09:00:00+00:00,CAL,California,WND,Wind,4219,megawatthours
2025-06-08 10:00:00+00:00,CAL,California,WND,Wind,3852,megawatthours
2025-06-08 11:00:00+00:00,CAL,California,WND,Wind,3757,megawatthours
2025-06-08 12:00:00+00:00,CAL,California,WND,Wind,3584,megawatthours
2025-06-08 13:00:00+00:00,CAL,California,WND,Wind,3386,megawatthours
2025-06-08 14:00:00+00:00,CAL,California,WND,Wind,3278,megawatthours
2025-06-08 15:00:00+00:00,CAL,California,WND,Wind,2899,megawatthours
2025-06-08 16:00:00+00:00,CAL,California,WND,Wind,2399,megawatthours
2025-06-08 17:00:00+00:00,CAL,California,WND,Wind,1839,megawatthours
2025-06-08 18:00:00+00:00,CAL,California,WND,Wind,1455,megawatthours
2025-06-08 19:00:00+00:00,CAL,California,WND,Wind,1406,megawatthours
2025-06-08 20:00:00+00:00,CAL,California,WND,Wind,1422,megawatthours
2025-06-08 21:00:00+00:00,CAL,California,WND,Wind,1604,megawatthours
2025-06-08 22:00:00+00:00,CAL,California,WND,Wind,1852,megawatthours
2025-06-08 23:00:00+00:00,CAL,California,WND,Wind,2155,megawatthours
2025-06-09 00:00:00+00:00,CAL,California,WND,Wind,2726,megawatthours
2025-06-09 01:00:00+00:00,CAL,California,WND,Wind,3206,megawatthours
2025-06-09 02:00:00+00:00,CAL,California,WND,Wind,3816,megawatthours
2025-06-09 03:00:00+00:00,CAL,California,WND,Wind,4225,megawatthours
2025-06-09 04:00:00+00:00,CAL,California,WND,Wind,4709,megawatthours
2025-06-09 05:00:00+00:00,CAL,California,WND,Wind,4864,megawatthours
2025-06-09 06:00:00+00:00,CAL,California,WND,Wind,5157,megawatthours
2025-06-09 07:00:00+00:00,CAL,California,WND,Wind,5395,megawatthours
2025-06-09 08:00:00+00:00,CAL,California,WND,Wind,5164,megawatthours
2025-06-09 09:00:00+00:00,CAL,California,WND,Wind,4924,megawatthours
2025-06-09 10:00:00+00:00,CAL,California,WND,Wind,4566,megawatthours
2025-06-09 11:00:00+00:00,CAL,California,WND,Wind,4389,megawatthours
2025-06-09 12:00:00+00:00,CAL,California,WND,Wind,4232,megawatthours
2025-06-09 13:00:00+00:00,CAL,California,WND,Wind,3742,megawatthours
2025-06-09 14:00:00+00:00,CAL,California,WND,Wind,3459,megawatthours
2025-06-09 15:00:00+00:00,CAL,California,WND,Wind,3173,megawatthours
2025-06-09 16:00:00+00:00,CAL,California,WND,Wind,2855,megawatthours
2025-06-09 17:00:00+00:00,CAL,California,WND,Wind,2436,megawatthours
2025-06-09 18:00:00+00:00,CAL,California,WND,Wind,1964,megawatthours
2025-06-09 19:00:00+00:00,CAL,California,WND,Wind,1817,megawatthours
2025-06-09 20:00:00+00:00,CAL,California,WND,Wind,1829,megawatthours
2025-06-09 21:00:00+00:00,CAL,California,WND,Wind,1850,megawatthours
2025-06-09 22:00:00+00:00,CAL,California,WND,Wind,2160,megawatthours
2025-06-09 23:00:00+00:00,CAL,California,WND,Wind,2405,megawatthours
2025-06-10 00:00:00+00:00,CAL,California,WND,Wind,3386,megawatthours
2025-06-10 01:00:00+00:00,CAL,California,WND,Wind,4323,megawatthours
2025-06-10 02:00:00+00:00,CAL,California,WND,Wind,4997,megawatthours
2025-06-10 03:00:00+00:00,CAL,California,WND,Wind,5157,megawatthours
2025-06-10 04:00:00+00:00,CAL,California,WND,Wind,4936,megawatthours
2025-06-10 05:00:00+00:00,CAL,California,WND,Wind,5011,megawatthours
2025-06-10 06:00:00+00:00,CAL,California,WND,Wind,4890,megawatthours
2025-06-10 07:00:00+00:00,CAL,California,WND,Wind,4756,megawatthours
2025-06-10 08:00:00+00:00,CAL,California,WND,Wind,4712,megawatthours
2025-06-10 09:00:00+00:00,CAL,California,WND,Wind,4735,megawatthours
2025-06-10 10:00:00+00:00,CAL,California,WND,Wind,4720,megawatthours
2025-06-10 11:00:00+00:00,CAL,California,WND,Wind,4484,megawatthours
2025-06-10 12:00:00+00:00,CAL,California,WND,Wind,4193,megawatthours
2025-06-10 13:00:00+00:00,CAL,California,WND,Wind,3788,megawatthours
2025-06-10 14:00:00+00:00,CAL,California,WND,Wind,3191,megawatthours
2025-06-10 15:00:00+00:00,CAL,California,WND,Wind,2766,megawatthours
2025-06-10 16:00:00+00:00,CAL,California,WND,Wind,2453,megawatthours
2025-06-10 17:00:00+00:00,CAL,California,WND,Wind,1891,megawatthours
2025-06-10 18:00:00+00:00,CAL,California,WND,Wind,1496,megawatthours
2025-06-10 19:00:00+00:00,CAL,California,WND,Wind,1369,megawatthours
2025-06-10 20:00:00+00:00,CAL,California,WND,Wind,1452,megawatthours
2025-06-10 21:00:00+00:00,CAL,California,WND,Wind,1688,megawatthours
2025-06-10 22:00:00+00:00,CAL,California,WND,Wind,2100,megawatthours
2025-06-10 23:00:00+00:00,CAL,California,WND,Wind,2277,megawatthours
2025-06-11 00:00:00+00:00,CAL,California,WND,Wind,2350,megawatthours
2025-06-11 01:00:00+00:00,CAL,California,WND,Wind,2620,megawatthours
2025-06-11 02:00:00+00:00,CAL,California,WND,Wind,3201,megawatthours
2025-06-11 03:00:00+00:00,CAL,California,WND,Wind,3763,megawatthours
2025-06-11 04:00:00+00:00,CAL,California,WND,Wind,3909,megawatthours
2025-06-11 05:00:00+00:00,CAL,California,WND,Wind,3981,megawatthours
2025-06-11 06:00:00+00:00,CAL,California,WND,Wind,4133,megawatthours
2025-06-11 07:00:00+00:00,CAL,California,WND,Wind,4146,megawatthours
2025-06-11 08:00:00+00:00,CAL,California,WND,Wind,4229,megawatthours
2025-06-11 09:00:00+00:00,CAL,California,WND,Wind,4204,megawatthours
2025-06-11 10:00:00+00:00,CAL,California,WND,Wind,4072,megawatthours
2025-06-11 11:00:00+00:00,CAL,California,WND,Wind,3776,megawatthours
2025-06-11 12:00:00+00:00,CAL,California,WND,Wind,3696,megawatthours
2025-06-11 13:00:00+00:00,CAL,California,WND,Wind,3744,megawatthours
2025-06-11 14:00:00+00:00,CAL,California,WND,Wind,4072,megawatthours
2025-06-11 15:00:00+00:00,CAL,California,WND,Wind,3955,megawatthours
2025-06-11 16:00:00+00:00,CAL,California,WND,Wind,3816,megawatthours
2025-06-11 17:00:00+00:00,CAL,California,WND,Wind,3489,megawatthours
2025-06-11 18:00:00+00:00,CAL,California,WND,Wind,3130,megawatthours
2025-06-11 19:00:00+00:00,CAL,California,WND,Wind,2961,megawatthours
2025-06-11 20:00:00+00:00,CAL,California,WND,Wind,3293,megawatthours
2025-06-11 21:00:00+00:00,CAL,California,WND,Wind,3917,megawatthours
2025-06-11 22:00:00+00:00,CAL,California,WND,Wind,4411,megawatthours
2025-06-11 23:00:00+00:00,CAL,California,WND,Wind,4751,megawatthours
2025-06-12 00:00:00+00:00,CAL,California,WND,Wind,5066,megawatthours
2025-06-12 01:00:00+00:00,CAL,California,WND,Wind,5388,megawatthours
2025-06-12 02:00:00+00:00,CAL,California,WND,Wind,5658,megawatthours
2025-06-12 03:00:00+00:00,CAL,California,WND,Wind,5602,megawatthours
2025-06-12 04:00:00+00:00,CAL,California,WND,Wind,5771,megawatthours
2025-06-12 05:00:00+00:00,CAL,California,WND,Wind,5519,megawatthours
2025-06-12 06:00:00+00:00,CAL,California,WND,Wind,5336,megawatthours
2025-06-12 07:00:00+00:00,CAL,California,WND,Wind,5152,megawatthours
2025-06-12 08:00:00+00:00,CAL,California,WND,Wind,4948,megawatthours
2025-06-12 09:00:00+00:00,CAL,California,WND,Wind,4906,megawatthours
2025-06-12 10:00:00+00:00,CAL,California,WND,Wind,4830,megawatthours
2025-06-12 11:00:00+00:00,CAL,California,WND,Wind,4605,megawatthours
2025-06-12 12:00:00+00:00,CAL,California,WND,Wind,4656,megawatthours
2025-06-12 13:00:00+00:00,CAL,California,WND,Wind,4675,megawatthours
2025-06-12 14:00:00+00:00,CAL,California,WND,Wind,4409,megawatthours
2025-06-12 15:00:00+00:00,CAL,California,WND,Wind,4023,megawatthours
2025-06-12 16:00:00+00:00,CAL,California,WND,Wind,4037,megawatthours
2025-06-12 17:00:00+00:00,CAL,California,WND,Wind,4033,megawatthours
2025-06-12 18:00:00+00:00,CAL,California,WND,Wind,3993,megawatthours
2025-06-12 19:00:00+00:00,CAL,California,WND,Wind,3992,megawatthours
2025-06-12 20:00:00+00:00,CAL,California,WND,Wind,4243,megawatthours
2025-06-12 21:00:00+00:00,CAL,California,WND,Wind,4337,megawatthours
2025-06-12 22:00:00+00:00,CAL,California,WND,Wind,4729,megawatthours
2025-06-12 23:00:00+00:00,CAL,California,WND,Wind,5161,megawatthours
2025-06-13 00:00:00+00:00,CAL,California,WND,Wind,5120,megawatthours
2025-06-13 01:00:00+00:00,CAL,California,WND,Wind,5509,megawatthours
2025-06-13 02:00:00+00:00,CAL,California,WND,Wind,5745,megawatthours
2025-06-13 03:00:00+00:00,CAL,California,WND,Wind,5696,megawatthours
2025-06-13 04:00:00+00:00,CAL,California,WND,Wind,5421,megawatthours
2025-06-13 05:00:00+00:00,CAL,California,WND,Wind,5216,megawatthours
2025-06-13 06:00:00+00:00,CAL,California,WND,Wind,4912,megawatthours
2025-06-13 07:00:00+00:00,CAL,California,WND,Wind,4721,megawatthours
2025-06-13 08:00:00+00:00,CAL,California,WND,Wind,4448,megawatthours
2025-06-13 09:00:00+00:00,CAL,California,WND,Wind,4380,megawatthours
2025-06-13 10:00:00+00:00,CAL,California,WND,Wind,4121,megawatthours
2025-06-13 11:00:00+00:00,CAL,California,WND,Wind,3990,megawatthours
2025-06-13 12:00:00+00:00,CAL,California,WND,Wind,3902,megawatthours
2025-06-13 13:00:00+00:00,CAL,California,WND,Wind,3781,megawatthours
2025-06-13 14:00:00+00:00,CAL,California,WND,Wind,3604,megawatthours
2025-06-13 15:00:00+00:00,CAL,California,WND,Wind,3456,megawatthours
2025-06-13 16:00:00+00:00,CAL,California,WND,Wind,3406,megawatthours
2025-06-13 17:00:00+00:00,CAL,California,WND,Wind,3417,megawatthours
2025-06-13 18:00:00+00:00,CAL,California,WND,Wind,3534,megawatthours
2025-06-13 19:00:00+00:00,CAL,California,WND,Wind,3659,megawatthours
2025-06-13 20:00:00+00:00,CAL,California,WND,Wind,3804,megawatthours
2025-06-13 21:00:00+00:00,CAL,California,WND,Wind,3839,megawatthours
2025-06-13 22:00:00+00:00,CAL,California,WND,Wind,3975,megawatthours
2025-06-13 23:00:00+00:00,CAL,California,WND,Wind,4203,megawatthours
2025-06-14 00:00:00+00:00,CAL,California,WND,Wind,4350,megawatthours
2025-06-14 01:00:00+00:00,CAL,California,WND,Wind,4603,megawatthours
2025-06-14 02:00:00+00:00,CAL,California,WND,Wind,4578,megawatthours
2025-06-14 03:00:00+00:00,CAL,California,WND,Wind,4602,megawatthours
2025-06-14 04:00:00+00:00,CAL,California,WND,Wind,4715,megawatthours
2025-06-14 05:00:00+00:00,CAL,California,WND,Wind,4816,megawatthours
2025-06-14 06:00:00+00:00,CAL,California,WND,Wind,4810,megawatthours
2025-06-14 07:00:00+00:00,CAL,California,WND,Wind,4977,megawatthours
2025-06-14 08:00:00+00:00,CAL,California,WND,Wind,5004,megawatthours
2025-06-14 09:00:00+00:00,CAL,California,WND,Wind,5025,megawatthours
2025-06-14 10:00:00+00:00,CAL,California,WND,Wind,4883,megawatthours
2025-06-14 11:00:00+00:00,CAL,California,WND,Wind,4544,megawatthours
2025-06-14 12:00:00+00:00,CAL,California,WND,Wind,3931,megawatthours
2025-06-14 13:00:00+00:00,CAL,California,WND,Wind,3747,megawatthours
2025-06-14 14:00:00+00:00,CAL,California,WND,Wind,3514,megawatthours
2025-06-14 15:00:00+00:00,CAL,California,WND,Wind,3393,megawatthours
2025-06-14 16:00:00+00:00,CAL,California,WND,Wind,3139,megawatthours
2025-06-14 17:00:00+00:00,CAL,California,WND,Wind,2745,megawatthours
2025-06-14 18:00:00+00:00,CAL,California,WND,Wind,2386,megawatthours
2025-06-14 19:00:00+00:00,CAL,California,WND,Wind,2013,megawatthours
2025-06-14 20:00:00+00:00,CAL,California,WND,Wind,1776,megawatthours
2025-06-14 21:00:00+00:00,CAL,California,WND,Wind,1901,megawatthours
2025-06-14 22:00:00+00:00,CAL,California,WND,Wind,2471,megawatthours
2025-06-14 23:00:00+00:00,CAL,California,WND,Wind,2710,megawatthours
2025-06-15 00:00:00+00:00,CAL,California,WND,Wind,3161,megawatthours
2025-06-15 01:00:00+00:00,CAL,California,WND,Wind,3428,megawatthours
2025-06-15 02:00:00+00:00,CAL,California,WND,Wind,3360,megawatthours
2025-06-15 03:00:00+00:00,CAL,California,WND,Wind,3422,megawatthours
2025-06-15 04:00:00+00:00,CAL,California,WND,Wind,3570,megawatthours
2025-06-15 05:00:00+00:00,CAL,California,WND,Wind,3834,megawatthours
2025-06-15 06:00:00+00:00,CAL,California,WND,Wind,4041,megawatthours
2025-06-15 07:00:00+00:00,CAL,California,WND,Wind,3903,megawatthours
2025-06-15 08:00:00+00:00,CAL,California,WND,Wind,3901,megawatthours
2025-06-15 09:00:00+00:00,CAL,California,WND,Wind,4052,megawatthours
2025-06-15 10:00:00+00:00,CAL,California,WND,Wind,4200,megawatthours
2025-06-15 11:00:00+00:00,CAL,California,WND,Wind,4188,megawatthours
2025-06-15 12:00:00+00:00,CAL,California,WND,Wind,4071,megawatthours
2025-06-15 13:00:00+00:00,CAL,California,WND,Wind,3964,megawatthours
2025-06-15 14:00:00+00:00,CAL,California,WND,Wind,3537,megawatthours
2025-06-15 15:00:00+00:00,CAL,California,WND,Wind,3083,megawatthours
2025-06-15 16:00:00+00:00,CAL,California,WND,Wind,2434,megawatthours
2025-06-15 17:00:00+00:00,CAL,California,WND,Wind,1950,megawatthours
2025-06-15 18:00:00+00:00,CAL,California,WND,Wind,1704,megawatthours
2025-06-15 19:00:00+00:00,CAL,California,WND,Wind,1639,megawatthours
2025-06-15 20:00:00+00:00,CAL,California,WND,Wind,1635,megawatthours
2025-06-15 21:00:00+00:00,CAL,California,WND,Wind,1744,megawatthours
2025-06-15 22:00:00+00:00,CAL,California,WND,Wind,1939,megawatthours
2025-06-15 23:00:00+00:00,CAL,California,WND,Wind,2428,megawatthours
2025-06-16 00:00:00+00:00,CAL,California,WND,Wind,3014,megawatthours
2025-06-16 01:00:00+00:00,CAL,California,WND,Wind,3644,megawatthours
2025-06-16 02:00:00+00:00,CAL,California,WND,Wind,4140,megawatthours
2025-06-16 03:00:00+00:00,CAL,California,WND,Wind,4657,megawatthours
2025-06-16 04:00:00+00:00,CAL,California,WND,Wind,4832,megawatthours
2025-06-16 05:00:00+00:00,CAL,California,WND,Wind,4969,megawatthours
2025-06-16 06:00:00+00:00,CAL,California,WND,Wind,4814,megawatthours
2025-06-16 07:00:00+00:00,CAL,California,WND,Wind,4879,megawatthours
2025-06-16 08:00:00+00:00,CAL,California,WND,Wind,4831,megawatthours
2025-06-16 09:00:00+00:00,CAL,California,WND,Wind,5015,megawatthours
2025-06-16 10:00:00+00:00,CAL,California,WND,Wind,5061,megawatthours
2025-06-16 11:00:00+00:00,CAL,California,WND,Wind,5112,megawatthours
2025-06-16 12:00:00+00:00,CAL,California,WND,Wind,4831,megawatthours
2025-06-16 13:00:00+00:00,CAL,California,WND,Wind,4447,megawatthours
2025-06-16 14:00:00+00:00,CAL,California,WND,Wind,4174,megawatthours
2025-06-16 15:00:00+00:00,CAL,California,WND,Wind,3882,megawatthours
2025-06-16 16:00:00+00:00,CAL,California,WND,Wind,3841,megawatthours
2025-06-16 17:00:00+00:00,CAL,California,WND,Wind,3902,megawatthours
2025-06-16 18:00:00+00:00,CAL,California,WND,Wind,3925,megawatthours
2025-06-16 19:00:00+00:00,CAL,California,WND,Wind,3922,megawatthours
2025-06-16 20:00:00+00:00,CAL,California,WND,Wind,3926,megawatthours
2025-06-16 21:00:00+00:00,CAL,California,WND,Wind,4303,megawatthours
2025-06-16 22:00:00+00:00,CAL,California,WND,Wind,4407,megawatthours
2025-06-16 23:00:00+00:00,CAL,California,WND,Wind,4614,megawatthours
2025-06-17 00:00:00+00:00,CAL,California,WND,Wind,4849,megawatthours
2025-06-17 01:00:00+00:00,CAL,California,WND,Wind,5131,megawatthours
2025-06-17 02:00:00+00:00,CAL,California,WND,Wind,5139,megawatthours
2025-06-17 03:00:00+00:00,CAL,California,WND,Wind,5201,megawatthours
2025-06-17 04:00:00+00:00,CAL,California,WND,Wind,5175,megawatthours
2025-06-17 05:00:00+00:00,CAL,California,WND,Wind,4815,megawatthours
2025-06-17 06:00:00+00:00,CAL,California,WND,Wind,4673,megawatthours
2025-06-17 07:00:00+00:00,CAL,California,WND,Wind,4379,megawatthours
2025-06-17 08:00:00+00:00,CAL,California,WND,Wind,4320,megawatthours
2025-06-17 09:00:00+00:00,CAL,California,WND,Wind,4548,megawatthours
2025-06-17 10:00:00+00:00,CAL,California,WND,Wind,4642,megawatthours
2025-06-17 11:00:00+00:00,CAL,California,WND,Wind,4562,megawatthours
2025-06-17 12:00:00+00:00,CAL,California,WND,Wind,4601,megawatthours
2025-06-17 13:00:00+00:00,CAL,California,WND,Wind,5010,megawatthours
2025-06-17 14:00:00+00:00,CAL,California,WND,Wind,4814,megawatthours
2025-06-17 15:00:00+00:00,CAL,California,WND,Wind,4521,megawatthours
2025-06-17 16:00:00+00:00,CAL,California,WND,Wind,4319,megawatthours
2025-06-17 17:00:00+00:00,CAL,California,WND,Wind,3836,megawatthours
2025-06-17 18:00:00+00:00,CAL,California,WND,Wind,3427,megawatthours
2025-06-17 19:00:00+00:00,CAL,California,WND,Wind,3024,megawatthours
2025-06-17 20:00:00+00:00,CAL,California,WND,Wind,2507,megawatthours
2025-06-17 21:00:00+00:00,CAL,California,WND,Wind,2410,megawatthours
2025-06-17 22:00:00+00:00,CAL,California,WND,Wind,2681,megawatthours
2025-06-17 23:00:00+00:00,CAL,California,WND,Wind,2883,megawatthours
2025-06-18 00:00:00+00:00,CAL,California,WND,Wind,2911,megawatthours
2025-06-18 01:00:00+00:00,CAL,California,WND,Wind,4184,megawatthours
2025-06-18 02:00:00+00:00,CAL,California,WND,Wind,4999,megawatthours
2025-06-18 03:00:00+00:00,CAL,California,WND,Wind,4918,megawatthours
2025-06-18 04:00:00+00:00,CAL,California,WND,Wind,4931,megawatthours
2025-06-18 05:00:00+00:00,CAL,California,WND,Wind,4825,megawatthours
2025-06-18 06:00:00+00:00,CAL,California,WND,Wind,5212,megawatthours
2025-06-18 07:00:00+00:00,CAL,California,WND,Wind,5515,megawatthours
2025-06-18 08:00:00+00:00,CAL,California,WND,Wind,5298,megawatthours
2025-06-18 09:00:00+00:00,CAL,California,WND,Wind,4807,megawatthours
2025-06-18 10:00:00+00:00,CAL,California,WND,Wind,4444,megawatthours
2025-06-18 11:00:00+00:00,CAL,California,WND,Wind,4472,megawatthours
2025-06-18 12:00:00+00:00,CAL,California,WND,Wind,4336,megawatthours
2025-06-18 13:00:00+00:00,CAL,California,WND,Wind,3903,megawatthours
2025-06-18 14:00:00+00:00,CAL,California,WND,Wind,3530,megawatthours
2025-06-18 15:00:00+00:00,CAL,California,WND,Wind,2893,megawatthours
2025-06-18 16:00:00+00:00,CAL,California,WND,Wind,2152,megawatthours
2025-06-18 17:00:00+00:00,CAL,California,WND,Wind,1338,megawatthours
2025-06-18 18:00:00+00:00,CAL,California,WND,Wind,713,megawatthours
2025-06-18 19:00:00+00:00,CAL,California,WND,Wind,449,megawatthours
2025-06-18 20:00:00+00:00,CAL,California,WND,Wind,382,megawatthours
2025-06-18 21:00:00+00:00,CAL,California,WND,Wind,441,megawatthours
2025-06-18 22:00:00+00:00,CAL,California,WND,Wind,640,megawatthours
2025-06-18 23:00:00+00:00,CAL,California,WND,Wind,846,megawatthours
2025-06-19 00:00:00+00:00,CAL,California,WND,Wind,1280,megawatthours
2025-06-19 01:00:00+00:00,CAL,California,WND,Wind,1890,megawatthours
2025-06-19 02:00:00+00:00,CAL,California,WND,Wind,2707,megawatthours
2025-06-19 03:00:00+00:00,CAL,California,WND,Wind,3525,megawatthours
2025-06-19 04:00:00+00:00,CAL,California,WND,Wind,4080,megawatthours
2025-06-19 05:00:00+00:00,CAL,California,WND,Wind,4537,megawatthours
2025-06-19 06:00:00+00:00,CAL,California,WND,Wind,4642,megawatthours
2025-06-19 07:00:00+00:00,CAL,California,WND,Wind,4817,megawatthours
2025-06-19 08:00:00+00:00,CAL,California,WND,Wind,4653,megawatthours
2025-06-19 09:00:00+00:00,CAL,California,WND,Wind,4484,megawatthours
2025-06-19 10:00:00+00:00,CAL,California,WND,Wind,4589,megawatthours
2025-06-19 11:00:00+00:00,CAL,California,WND,Wind,4558,megawatthours
2025-06-19 12:00:00+00:00,CAL,California,WND,Wind,4402,megawatthours
2025-06-19 13:00:00+00:00,CAL,California,WND,Wind,4106,megawatthours
2025-06-19 14:00:00+00:00,CAL,California,WND,Wind,4204,megawatthours
2025-06-19 15:00:00+00:00,CAL,California,WND,Wind,3744,megawatthours
2025-06-19 16:00:00+00:00,CAL,California,WND,Wind,3470,megawatthours
2025-06-19 17:00:00+00:00,CAL,California,WND,Wind,3185,megawatthours
2025-06-19 18:00:00+00:00,CAL,California,WND,Wind,3116,megawatthours
2025-06-19 19:00:00+00:00,CAL,California,WND,Wind,3525,megawatthours
2025-06-19 20:00:00+00:00,CAL,California,WND,Wind,3814,megawatthours
2025-06-19 21:00:00+00:00,CAL,California,WND,Wind,4105,megawatthours
2025-06-19 22:00:00+00:00,CAL,California,WND,Wind,4432,megawatthours
2025-06-19 23:00:00+00:00,CAL,California,WND,Wind,5493,megawatthours
2025-06-20 00:00:00+00:00,CAL,California,WND,Wind,5583,megawatthours
2025-06-20 01:00:00+00:00,CAL,California,WND,Wind,5478,megawatthours
2025-06-20 02:00:00+00:00,CAL,California,WND,Wind,5891,megawatthours
2025-06-20 03:00:00+00:00,CAL,California,WND,Wind,6181,megawatthours
2025-06-20 04:00:00+00:00,CAL,California,WND,Wind,5777,megawatthours
2025-06-20 05:00:00+00:00,CAL,California,WND,Wind,5739,megawatthours
2025-06-20 06:00:00+00:00,CAL,California,WND,Wind,5394,megawatthours
2025-06-20 07:00:00+00:00,CAL,California,WND,Wind,5390,megawatthours
2025-06-20 08:00:00+00:00,CAL,California,WND,Wind,5241,megawatthours
2025-06-20 09:00:00+00:00,CAL,California,WND,Wind,5184,megawatthours
2025-06-20 10:00:00+00:00,CAL,California,WND,Wind,4791,megawatthours
2025-06-20 11:00:00+00:00,CAL,California,WND,Wind,4699,megawatthours
2025-06-20 12:00:00+00:00,CAL,California,WND,Wind,4749,megawatthours
2025-06-20 13:00:00+00:00,CAL,California,WND,Wind,4447,megawatthours
2025-06-20 14:00:00+00:00,CAL,California,WND,Wind,4444,megawatthours
2025-06-20 15:00:00+00:00,CAL,California,WND,Wind,4694,megawatthours
2025-06-20 16:00:00+00:00,CAL,California,WND,Wind,4646,megawatthours
2025-06-20 17:00:00+00:00,CAL,California,WND,Wind,4658,megawatthours
2025-06-20 18:00:00+00:00,CAL,California,WND,Wind,5064,megawatthours
2025-06-20 19:00:00+00:00,CAL,California,WND,Wind,4939,megawatthours
2025-06-20 20:00:00+00:00,CAL,California,WND,Wind,4987,megawatthours
2025-06-20 21:00:00+00:00,CAL,California,WND,Wind,5140,megawatthours
2025-06-20 22:00:00+00:00,CAL,California,WND,Wind,5449,megawatthours
2025-06-20 23:00:00+00:00,CAL,California,WND,Wind,5733,megawatthours
2025-06-21 00:00:00+00:00,CAL,California,WND,Wind,5661,megawatthours
2025-06-21 01:00:00+00:00,CAL,California,WND,Wind,5840,megawatthours
2025-06-21 02:00:00+00:00,CAL,California,WND,Wind,5884,megawatthours
2025-06-21 03:00:00+00:00,CAL,California,WND,Wind,5892,megawatthours
2025-06-21 04:00:00+00:00,CAL,California,WND,Wind,5482,megawatthours
2025-06-21 05:00:00+00:00,CAL,California,WND,Wind,5405,megawatthours
2025-06-21 06:00:00+00:00,CAL,California,WND,Wind,5282,megawatthours
2025-06-21 07:00:00+00:00,CAL,California,WND,Wind,5260,megawatthours
2025-06-21 08:00:00+00:00,CAL,California,WND,Wind,5411,megawatthours
2025-06-21 09:00:00+00:00,CAL,California,WND,Wind,5233,megawatthours
2025-06-21 10:00:00+00:00,CAL,California,WND,Wind,5266,megawatthours
2025-06-21 11:00:00+00:00,CAL,California,WND,Wind,5069,megawatthours
2025-06-21 12:00:00+00:00,CAL,California,WND,Wind,5002,megawatthours
2025-06-21 13:00:00+00:00,CAL,California,WND,Wind,4931,megawatthours
2025-06-21 14:00:00+00:00,CAL,California,WND,Wind,4846,megawatthours
2025-06-21 15:00:00+00:00,CAL,California,WND,Wind,4622,megawatthours
2025-06-21 16:00:00+00:00,CAL,California,WND,Wind,4589,megawatthours
2025-06-21 17:00:00+00:00,CAL,California,WND,Wind,4162,megawatthours
2025-06-21 18:00:00+00:00,CAL,California,WND,Wind,3967,megawatthours
2025-06-21 19:00:00+00:00,CAL,California,WND,Wind,4114,megawatthours
2025-06-21 20:00:00+00:00,CAL,California,WND,Wind,4103,megawatthours
2025-06-21 21:00:00+00:00,CAL,California,WND,Wind,4123,megawatthours
2025-06-21 22:00:00+00:00,CAL,California,WND,Wind,4108,megawatthours
2025-06-21 23:00:00+00:00,CAL,California,WND,Wind,4265,megawatthours
2025-06-22 00:00:00+00:00,CAL,California,WND,Wind,4525,megawatthours
2025-06-22 01:00:00+00:00,CAL,California,WND,Wind,4623,megawatthours
2025-06-22 02:00:00+00:00,CAL,California,WND,Wind,4670,megawatthours
2025-06-22 03:00:00+00:00,CAL,California,WND,Wind,4240,megawatthours
2025-06-22 04:00:00+00:00,CAL,California,WND,Wind,4002,megawatthours
2025-06-22 05:00:00+00:00,CAL,California,WND,Wind,4141,megawatthours
2025-06-22 06:00:00+00:00,CAL,California,WND,Wind,4471,megawatthours
2025-06-22 07:00:00+00:00,CAL,California,WND,Wind,4366,megawatthours
2025-06-22 08:00:00+00:00,CAL,California,WND,Wind,3972,megawatthours
2025-06-22 09:00:00+00:00,CAL,California,WND,Wind,3718,megawatthours
2025-06-22 10:00:00+00:00,CAL,California,WND,Wind,3534,megawatthours
2025-06-22 11:00:00+00:00,CAL,California,WND,Wind,3723,megawatthours
2025-06-22 12:00:00+00:00,CAL,California,WND,Wind,3462,megawatthours
2025-06-22 13:00:00+00:00,CAL,California,WND,Wind,3344,megawatthours
2025-06-22 14:00:00+00:00,CAL,California,WND,Wind,2670,megawatthours
2025-06-22 15:00:00+00:00,CAL,California,WND,Wind,2383,megawatthours
2025-06-22 16:00:00+00:00,CAL,California,WND,Wind,2180,megawatthours
2025-06-22 17:00:00+00:00,CAL,California,WND,Wind,1924,megawatthours
2025-06-22 18:00:00+00:00,CAL,California,WND,Wind,1682,megawatthours
2025-06-22 19:00:00+00:00,CAL,California,WND,Wind,1478,megawatthours
2025-06-22 20:00:00+00:00,CAL,California,WND,Wind,1336,megawatthours
2025-06-22 21:00:00+00:00,CAL,California,WND,Wind,1370,megawatthours
2025-06-22 22:00:00+00:00,CAL,California,WND,Wind,1472,megawatthours
2025-06-22 23:00:00+00:00,CAL,California,WND,Wind,1855,megawatthours
2025-06-23 00:00:00+00:00,CAL,California,WND,Wind,2155,megawatthours
2025-06-23 01:00:00+00:00,CAL,California,WND,Wind,2581,megawatthours
2025-06-23 02:00:00+00:00,CAL,California,WND,Wind,3260,megawatthours
2025-06-23 03:00:00+00:00,CAL,California,WND,Wind,3734,megawatthours
2025-06-23 04:00:00+00:00,CAL,California,WND,Wind,4056,megawatthours
2025-06-23 05:00:00+00:00,CAL,California,WND,Wind,4122,megawatthours
2025-06-23 06:00:00+00:00,CAL,California,WND,Wind,4132,megawatthours
2025-06-23 07:00:00+00:00,CAL,California,WND,Wind,4064,megawatthours
2025-06-23 08:00:00+00:00,CAL,California,WND,Wind,3951,megawatthours
2025-06-23 09:00:00+00:00,CAL,California,WND,Wind,3734,megawatthours
2025-06-23 10:00:00+00:00,CAL,California,WND,Wind,3480,megawatthours
2025-06-23 11:00:00+00:00,CAL,California,WND,Wind,3238,megawatthours
2025-06-23 12:00:00+00:00,CAL,California,WND,Wind,3054,megawatthours
2025-06-23 13:00:00+00:00,CAL,California,WND,Wind,3044,megawatthours
2025-06-23 14:00:00+00:00,CAL,California,WND,Wind,2579,megawatthours
2025-06-23 15:00:00+00:00,CAL,California,WND,Wind,2178,megawatthours
2025-06-23 16:00:00+00:00,CAL,California,WND,Wind,1573,megawatthours
2025-06-23 17:00:00+00:00,CAL,California,WND,Wind,1102,megawatthours
2025-06-23 18:00:00+00:00,CAL,California,WND,Wind,713,megawatthours
2025-06-23 19:00:00+00:00,CAL,California,WND,Wind,551,megawatthours
2025-06-23 20:00:00+00:00,CAL,California,WND,Wind,553,megawatthours
2025-06-23 21:00:00+00:00,CAL,California,WND,Wind,787,megawatthours
2025-06-23 22:00:00+00:00,CAL,California,WND,Wind,1283,megawatthours
2025-06-23 23:00:00+00:00,CAL,California,WND,Wind,1955,megawatthours
2025-06-24 00:00:00+00:00,CAL,California,WND,Wind,2459,megawatthours
2025-06-24 01:00:00+00:00,CAL,California,WND,Wind,3293,megawatthours
2025-06-24 02:00:00+00:00,CAL,California,WND,Wind,4013,megawatthours
2025-06-24 03:00:00+00:00,CAL,California,WND,Wind,4503,megawatthours
2025-06-24 04:00:00+00:00,CAL,California,WND,Wind,4784,megawatthours
2025-06-24 05:00:00+00:00,CAL,California,WND,Wind,4473,megawatthours
2025-06-24 06:00:00+00:00,CAL,California,WND,Wind,4348,megawatthours
2025-06-24 07:00:00+00:00,CAL,California,WND,Wind,3860,megawatthours
2025-06-24 08:00:00+00:00,CAL,California,WND,Wind,3900,megawatthours
2025-06-24 09:00:00+00:00,CAL,California,WND,Wind,4000,megawatthours
2025-06-24 10:00:00+00:00,CAL,California,WND,Wind,4095,megawatthours
2025-06-24 11:00:00+00:00,CAL,California,WND,Wind,3934,megawatthours
2025-06-24 12:00:00+00:00,CAL,California,WND,Wind,3885,megawatthours
2025-06-24 13:00:00+00:00,CAL,California,WND,Wind,3716,megawatthours
2025-06-24 14:00:00+00:00,CAL,California,WND,Wind,3549,megawatthours
2025-06-24 15:00:00+00:00,CAL,California,WND,Wind,3198,megawatthours
2025-06-24 16:00:00+00:00,CAL,California,WND,Wind,2943,megawatthours
2025-06-24 17:00:00+00:00,CAL,California,WND,Wind,2691,megawatthours
2025-06-24 18:00:00+00:00,CAL,California,WND,Wind,2615,megawatthours
2025-06-24 19:00:00+00:00,CAL,California,WND,Wind,2188,megawatthours
2025-06-24 20:00:00+00:00,CAL,California,WND,Wind,1746,megawatthours
2025-06-24 21:00:00+00:00,CAL,California,WND,Wind,1738,megawatthours
2025-06-24 22:00:00+00:00,CAL,California,WND,Wind,2351,megawatthours
2025-06-24 23:00:00+00:00,CAL,California,WND,Wind,2698,megawatthours
2025-06-25 00:00:00+00:00,CAL,California,WND,Wind,2993,megawatthours
2025-06-25 01:00:00+00:00,CAL,California,WND,Wind,3680,megawatthours
2025-06-25 02:00:00+00:00,CAL,California,WND,Wind,3874,megawatthours
2025-06-25 03:00:00+00:00,CAL,California,WND,Wind,3884,megawatthours
2025-06-25 04:00:00+00:00,CAL,California,WND,Wind,4010,megawatthours
2025-06-25 05:00:00+00:00,CAL,California,WND,Wind,3947,megawatthours
2025-06-25 06:00:00+00:00,CAL,California,WND,Wind,3894,megawatthours
2025-06-25 07:00:00+00:00,CAL,California,WND,Wind,3958,megawatthours
2025-06-25 08:00:00+00:00,CAL,California,WND,Wind,4108,megawatthours
2025-06-25 09:00:00+00:00,CAL,California,WND,Wind,4283,megawatthours
2025-06-25 10:00:00+00:00,CAL,California,WND,Wind,4208,megawatthours
2025-06-25 11:00:00+00:00,CAL,California,WND,Wind,3854,megawatthours
2025-06-25 12:00:00+00:00,CAL,California,WND,Wind,3687,megawatthours
2025-06-25 13:00:00+00:00,CAL,California,WND,Wind,3553,megawatthours
2025-06-25 14:00:00+00:00,CAL,California,WND,Wind,3259,megawatthours
2025-06-25 15:00:00+00:00,CAL,California,WND,Wind,2851,megawatthours
2025-06-25 16:00:00+00:00,CAL,California,WND,Wind,2117,megawatthours
2025-06-25 17:00:00+00:00,CAL,California,WND,Wind,1497,megawatthours
2025-06-25 18:00:00+00:00,CAL,California,WND,Wind,1158,megawatthours
2025-06-25 19:00:00+00:00,CAL,California,WND,Wind,894,megawatthours
2025-06-25 20:00:00+00:00,CAL,California,WND,Wind,686,megawatthours
2025-06-25 21:00:00+00:00,CAL,California,WND,Wind,656,megawatthours
2025-06-25 22:00:00+00:00,CAL,California,WND,Wind,729,megawatthours
2025-06-25 23:00:00+00:00,CAL,California,WND,Wind,911,megawatthours
2025-06-26 00:00:00+00:00,CAL,California,WND,Wind,1357,megawatthours
2025-06-26 01:00:00+00:00,CAL,California,WND,Wind,1751,megawatthours
2025-06-26 02:00:00+00:00,CAL,California,WND,Wind,2322,megawatthours
2025-06-26 03:00:00+00:00,CAL,California,WND,Wind,2932,megawatthours
2025-06-26 04:00:00+00:00,CAL,California,WND,Wind,3165,megawatthours
2025-06-26 05:00:00+00:00,CAL,California,WND,Wind,3555,megawatthours
2025-06-26 06:00:00+00:00,CAL,California,WND,Wind,3842,megawatthours
2025-06-26 07:00:00+00:00,CAL,California,WND,Wind,4162,megawatthours
2025-06-26 08:00:00+00:00,CAL,California,WND,Wind,4350,megawatthours
2025-06-26 09:00:00+00:00,CAL,California,WND,Wind,4428,megawatthours
2025-06-26 10:00:00+00:00,CAL,California,WND,Wind,4435,megawatthours
2025-06-26 11:00:00+00:00,CAL,California,WND,Wind,4283,megawatthours
2025-06-26 12:00:00+00:00,CAL,California,WND,Wind,4039,megawatthours
2025-06-26 13:00:00+00:00,CAL,California,WND,Wind,3955,megawatthours
2025-06-26 14:00:00+00:00,CAL,California,WND,Wind,3529,megawatthours
2025-06-26 15:00:00+00:00,CAL,California,WND,Wind,2946,megawatthours
2025-06-26 16:00:00+00:00,CAL,California,WND,Wind,2126,megawatthours
2025-06-26 17:00:00+00:00,CAL,California,WND,Wind,1541,megawatthours
2025-06-26 18:00:00+00:00,CAL,California,WND,Wind,1003,megawatthours
2025-06-26 19:00:00+00:00,CAL,California,WND,Wind,776,megawatthours
2025-06-26 20:00:00+00:00,CAL,California,WND,Wind,734,megawatthours
2025-06-26 21:00:00+00:00,CAL,California,WND,Wind,775,megawatthours
2025-06-26 22:00:00+00:00,CAL,California,WND,Wind,1078,megawatthours
2025-06-26 23:00:00+00:00,CAL,California,WND,Wind,1527,megawatthours
2025-06-27 00:00:00+00:00,CAL,California,WND,Wind,2313,megawatthours
2025-06-27 01:00:00+00:00,CAL,California,WND,Wind,3212,megawatthours
2025-06-27 02:00:00+00:00,CAL,California,WND,Wind,3566,megawatthours
2025-06-27 03:00:00+00:00,CAL,California,WND,Wind,3336,megawatthours
2025-06-27 04:00:00+00:00,CAL,California,WND,Wind,3652,megawatthours
2025-06-27 05:00:00+00:00,CAL,California,WND,Wind,3706,megawatthours
2025-06-27 06:00:00+00:00,CAL,California,WND,Wind,3828,megawatthours
2025-06-27 07:00:00+00:00,CAL,California,WND,Wind,3858,megawatthours
2025-06-27 08:00:00+00:00,CAL,California,WND,Wind,3711,megawatthours
2025-06-27 09:00:00+00:00,CAL,California,WND,Wind,3838,megawatthours
2025-06-27 10:00:00+00:00,CAL,California,WND,Wind,3775,megawatthours
2025-06-27 11:00:00+00:00,CAL,California,WND,Wind,3349,megawatthours
2025-06-27 12:00:00+00:00,CAL,California,WND,Wind,2793,megawatthours
2025-06-27 13:00:00+00:00,CAL,California,WND,Wind,2167,megawatthours
2025-06-27 14:00:00+00:00,CAL,California,WND,Wind,1587,megawatthours
2025-06-27 15:00:00+00:00,CAL,California,WND,Wind,1306,megawatthours
2025-06-27 16:00:00+00:00,CAL,California,WND,Wind,1024,megawatthours
2025-06-27 17:00:00+00:00,CAL,California,WND,Wind,891,megawatthours
2025-06-27 18:00:00+00:00,CAL,California,WND,Wind,763,megawatthours
2025-06-27 19:00:00+00:00,CAL,California,WND,Wind,630,megawatthours
2025-06-27 20:00:00+00:00,CAL,California,WND,Wind,656,megawatthours
2025-06-27 21:00:00+00:00,CAL,California,WND,Wind,885,megawatthours
2025-06-27 22:00:00+00:00,CAL,California,WND,Wind,998,megawatthours
2025-06-27 23:00:00+00:00,CAL,California,WND,Wind,1408,megawatthours
2025-06-28 00:00:00+00:00,CAL,California,WND,Wind,1902,megawatthours
2025-06-28 01:00:00+00:00,CAL,California,WND,Wind,2180,megawatthours
2025-06-28 02:00:00+00:00,CAL,California,WND,Wind,2245,megawatthours
2025-06-28 03:00:00+00:00,CAL,California,WND,Wind,2581,megawatthours
2025-06-28 04:00:00+00:00,CAL,California,WND,Wind,3025,megawatthours
2025-06-28 05:00:00+00:00,CAL,California,WND,Wind,3167,megawatthours
2025-06-28 06:00:00+00:00,CAL,California,WND,Wind,3188,megawatthours
2025-06-28 07:00:00+00:00,CAL,California,WND,Wind,3226,megawatthours
2025-06-28 08:00:00+00:00,CAL,California,WND,Wind,3169,megawatthours
2025-06-28 09:00:00+00:00,CAL,California,WND,Wind,3133,megawatthours
2025-06-28 10:00:00+00:00,CAL,California,WND,Wind,2983,megawatthours
2025-06-28 11:00:00+00:00,CAL,California,WND,Wind,2818,megawatthours
2025-06-28 12:00:00+00:00,CAL,California,WND,Wind,2502,megawatthours
2025-06-28 13:00:00+00:00,CAL,California,WND,Wind,2320,megawatthours
2025-06-28 14:00:00+00:00,CAL,California,WND,Wind,2202,megawatthours
2025-06-28 15:00:00+00:00,CAL,California,WND,Wind,1815,megawatthours
2025-06-28 16:00:00+00:00,CAL,California,WND,Wind,1463,megawatthours
2025-06-28 17:00:00+00:00,CAL,California,WND,Wind,1316,megawatthours
2025-06-28 18:00:00+00:00,CAL,California,WND,Wind,1144,megawatthours
2025-06-28 19:00:00+00:00,CAL,California,WND,Wind,954,megawatthours
2025-06-28 20:00:00+00:00,CAL,California,WND,Wind,1041,megawatthours
2025-06-28 21:00:00+00:00,CAL,California,WND,Wind,1091,megawatthours
2025-06-28 22:00:00+00:00,CAL,California,WND,Wind,1176,megawatthours
2025-06-28 23:00:00+00:00,CAL,California,WND,Wind,1455,megawatthours
2025-06-29 00:00:00+00:00,CAL,California,WND,Wind,1753,megawatthours
2025-06-29 01:00:00+00:00,CAL,California,WND,Wind,2243,megawatthours
2025-06-29 02:00:00+00:00,CAL,California,WND,Wind,2330,megawatthours
2025-06-29 03:00:00+00:00,CAL,California,WND,Wind,2440,megawatthours
2025-06-29 04:00:00+00:00,CAL,California,WND,Wind,2440,megawatthours
2025-06-29 05:00:00+00:00,CAL,California,WND,Wind,2578,megawatthours
2025-06-29 06:00:00+00:00,CAL,California,WND,Wind,2624,megawatthours
2025-06-29 07:00:00+00:00,CAL,California,WND,Wind,2522,megawatthours
2025-06-29 08:00:00+00:00,CAL,California,WND,Wind,2404,megawatthours
2025-06-29 09:00:00+00:00,CAL,California,WND,Wind,2310,megawatthours
2025-06-29 10:00:00+00:00,CAL,California,WND,Wind,2188,megawatthours
2025-06-29 11:00:00+00:00,CAL,California,WND,Wind,2007,megawatthours
2025-06-29 12:00:00+00:00,CAL,California,WND,Wind,1993,megawatthours
2025-06-29 13:00:00+00:00,CAL,California,WND,Wind,1733,megawatthours
2025-06-29 14:00:00+00:00,CAL,California,WND,Wind,1743,megawatthours
2025-06-29 15:00:00+00:00,CAL,California,WND,Wind,1852,megawatthours
2025-06-29 16:00:00+00:00,CAL,California,WND,Wind,1825,megawatthours
2025-06-29 17:00:00+00:00,CAL,California,WND,Wind,1769,megawatthours
2025-06-29 18:00:00+00:00,CAL,California,WND,Wind,1432,megawatthours
2025-06-29 19:00:00+00:00,CAL,California,WND,Wind,1247,megawatthours
2025-06-29 20:00:00+00:00,CAL,California,WND,Wind,1267,megawatthours
2025-06-29 21:00:00+00:00,CAL,California,WND,Wind,1511,megawatthours
2025-06-29 22:00:00+00:00,CAL,California,WND,Wind,1814,megawatthours
2025-06-29 23:00:00+00:00,CAL,California,WND,Wind,1847,megawatthours
2025-06-30 00:00:00+00:00,CAL,California,WND,Wind,2028,megawatthours
2025-06-30 01:00:00+00:00,CAL,California,WND,Wind,2192,megawatthours
2025-06-30 02:00:00+00:00,CAL,California,WND,Wind,2136,megawatthours
2025-06-30 03:00:00+00:00,CAL,California,WND,Wind,2172,megawatthours
2025-06-30 04:00:00+00:00,CAL,California,WND,Wind,2093,megawatthours
2025-06-30 05:00:00+00:00,CAL,California,WND,Wind,1966,megawatthours
2025-06-30 06:00:00+00:00,CAL,California,WND,Wind,2316,megawatthours
2025-06-30 07:00:00+00:00,CAL,California,WND,Wind,2772,megawatthours
2025-06-30 08:00:00+00:00,CAL,California,WND,Wind,2848,megawatthours
2025-06-30 09:00:00+00:00,CAL,California,WND,Wind,3050,megawatthours
2025-06-30 10:00:00+00:00,CAL,California,WND,Wind,2997,megawatthours
2025-06-30 11:00:00+00:00,CAL,California,WND,Wind,2704,megawatthours
2025-06-30 12:00:00+00:00,CAL,California,WND,Wind,2390,megawatthours
2025-06-30 13:00:00+00:00,CAL,California,WND,Wind,2236,megawatthours
2025-06-30 14:00:00+00:00,CAL,California,WND,Wind,2290,megawatthours
2025-06-30 15:00:00+00:00,CAL,California,WND,Wind,2255,megawatthours
2025-06-30 16:00:00+00:00,CAL,California,WND,Wind,1782,megawatthours
2025-06-30 17:00:00+00:00,CAL,California,WND,Wind,1237,megawatthours
2025-06-30 18:00:00+00:00,CAL,California,WND,Wind,1025,megawatthours
2025-06-30 19:00:00+00:00,CAL,California,WND,Wind,1124,megawatthours
2025-06-30 20:00:00+00:00,CAL,California,WND,Wind,1475,megawatthours
2025-06-30 21:00:00+00:00,CAL,California,WND,Wind,1806,megawatthours
2025-06-30 22:00:00+00:00,CAL,California,WND,Wind,1928,megawatthours
2025-06-30 23:00:00+00:00,CAL,California,WND,Wind,1899,megawatthours
2025-07-01 00:00:00+00:00,CAL,California,WND,Wind,2451,megawatthours
2025-07-01 01:00:00+00:00,CAL,California,WND,Wind,2300,megawatthours
2025-07-01 02:00:00+00:00,CAL,California,WND,Wind,2191,megawatthours
2025-07-01 03:00:00+00:00,CAL,California,WND,Wind,2178,megawatthours
2025-07-01 04:00:00+00:00,CAL,California,WND,Wind,2392,megawatthours
2025-07-01 05:00:00+00:00,CAL,California,WND,Wind,2610,megawatthours
2025-07-01 06:00:00+00:00,CAL,California,WND,Wind,3012,megawatthours
2025-07-01 07:00:00+00:00,CAL,California,WND,Wind,3460,megawatthours
2025-07-01 08:00:00+00:00,CAL,California,WND,Wind,4104,megawatthours
2025-07-01 09:00:00+00:00,CAL,California,WND,Wind,3941,megawatthours
2025-07-01 10:00:00+00:00,CAL,California,WND,Wind,3831,megawatthours
2025-07-01 11:00:00+00:00,CAL,California,WND,Wind,3661,megawatthours
2025-07-01 12:00:00+00:00,CAL,California,WND,Wind,3320,megawatthours
2025-07-01 13:00:00+00:00,CAL,California,WND,Wind,3099,megawatthours
2025-07-01 14:00:00+00:00,CAL,California,WND,Wind,2883,megawatthours
2025-07-01 15:00:00+00:00,CAL,California,WND,Wind,2455,megawatthours
2025-07-01 16:00:00+00:00,CAL,California,WND,Wind,2204,megawatthours
2025-07-01 17:00:00+00:00,CAL,California,WND,Wind,1797,megawatthours
2025-07-01 18:00:00+00:00,CAL,California,WND,Wind,1655,megawatthours
2025-07-01 19:00:00+00:00,CAL,California,WND,Wind,1602,megawatthours
2025-07-01 20:00:00+00:00,CAL,California,WND,Wind,1464,megawatthours
2025-07-01 21:00:00+00:00,CAL,California,WND,Wind,1711,megawatthours
2025-07-01 22:00:00+00:00,CAL,California,WND,Wind,2245,megawatthours
2025-07-01 23:00:00+00:00,CAL,California,WND,Wind,2533,megawatthours
2025-07-02 00:00:00+00:00,CAL,California,WND,Wind,2535,megawatthours
2025-07-02 01:00:00+00:00,CAL,California,WND,Wind,2441,megawatthours
2025-07-02 02:00:00+00:00,CAL,California,WND,Wind,2531,megawatthours
2025-07-02 03:00:00+00:00,CAL,California,WND,Wind,2587,megawatthours
2025-07-02 04:00:00+00:00,CAL,California,WND,Wind,2832,megawatthours
2025-07-02 05:00:00+00:00,CAL,California,WND,Wind,3205,megawatthours
2025-07-02 06:00:00+00:00,CAL,California,WND,Wind,3278,megawatthours
2025-07-02 07:00:00+00:00,CAL,California,WND,Wind,3505,megawatthours
2025-07-02 08:00:00+00:00,CAL,California,WND,Wind,3965,megawatthours
2025-07-02 09:00:00+00:00,CAL,California,WND,Wind,4212,megawatthours
2025-07-02 10:00:00+00:00,CAL,California,WND,Wind,4126,megawatthours
2025-07-02 11:00:00+00:00,CAL,California,WND,Wind,3828,megawatthours
2025-07-02 12:00:00+00:00,CAL,California,WND,Wind,3699,megawatthours
2025-07-02 13:00:00+00:00,CAL,California,WND,Wind,3747,megawatthours
2025-07-02 14:00:00+00:00,CAL,California,WND,Wind,3512,megawatthours
2025-07-02 15:00:00+00:00,CAL,California,WND,Wind,3297,megawatthours
2025-07-02 16:00:00+00:00,CAL,California,WND,Wind,3028,megawatthours
2025-07-02 17:00:00+00:00,CAL,California,WND,Wind,2633,megawatthours
2025-07-02 18:00:00+00:00,CAL,California,WND,Wind,1999,megawatthours
2025-07-02 19:00:00+00:00,CAL,California,WND,Wind,1736,megawatthours
2025-07-02 20:00:00+00:00,CAL,California,WND,Wind,1718,megawatthours
2025-07-02 21:00:00+00:00,CAL,California,WND,Wind,1536,megawatthours
2025-07-02 22:00:00+00:00,CAL,California,WND,Wind,1613,megawatthours
2025-07-02 23:00:00+00:00,CAL,California,WND,Wind,2212,megawatthours
2025-07-03 00:00:00+00:00,CAL,California,WND,Wind,2891,megawatthours
2025-07-03 01:00:00+00:00,CAL,California,WND,Wind,3492,megawatthours
2025-07-03 02:00:00+00:00,CAL,California,WND,Wind,4318,megawatthours
2025-07-03 03:00:00+00:00,CAL,California,WND,Wind,4507,megawatthours
2025-07-03 04:00:00+00:00,CAL,California,WND,Wind,4645,megawatthours
2025-07-03 05:00:00+00:00,CAL,California,WND,Wind,4302,megawatthours
2025-07-03 06:00:00+00:00,CAL,California,WND,Wind,4452,megawatthours
2025-07-03 07:00:00+00:00,CAL,California,WND,Wind,4525,megawatthours
2025-07-03 08:00:00+00:00,CAL,California,WND,Wind,4212,megawatthours
2025-07-03 09:00:00+00:00,CAL,California,WND,Wind,3923,megawatthours
2025-07-03 10:00:00+00:00,CAL,California,WND,Wind,3717,megawatthours
2025-07-03 11:00:00+00:00,CAL,California,WND,Wind,3581,megawatthours
2025-07-03 12:00:00+00:00,CAL,California,WND,Wind,2897,megawatthours
2025-07-03 13:00:00+00:00,CAL,California,WND,Wind,2193,megawatthours
2025-07-03 14:00:00+00:00,CAL,California,WND,Wind,1839,megawatthours
2025-07-03 15:00:00+00:00,CAL,California,WND,Wind,1502,megawatthours
2025-07-03 16:00:00+00:00,CAL,California,WND,Wind,1390,megawatthours
2025-07-03 17:00:00+00:00,CAL,California,WND,Wind,1229,megawatthours
2025-07-03 18:00:00+00:00,CAL,California,WND,Wind,1295,megawatthours
2025-07-03 19:00:00+00:00,CAL,California,WND,Wind,1419,megawatthours
2025-07-03 20:00:00+00:00,CAL,California,WND,Wind,1468,megawatthours
2025-07-03 21:00:00+00:00,CAL,California,WND,Wind,1738,megawatthours
2025-07-03 22:00:00+00:00,CAL,California,WND,Wind,1860,megawatthours
2025-07-03 23:00:00+00:00,CAL,California,WND,Wind,2014,megawatthours
2025-07-04 00:00:00+00:00,CAL,California,WND,Wind,2476,megawatthours
2025-07-04 01:00:00+00:00,CAL,California,WND,Wind,2735,megawatthours
2025-07-04 02:00:00+00:00,CAL,California,WND,Wind,3166,megawatthours
2025-07-04 03:00:00+00:00,CAL,California,WND,Wind,3624,megawatthours
2025-07-04 04:00:00+00:00,CAL,California,WND,Wind,4179,megawatthours
2025-07-04 05:00:00+00:00,CAL,California,WND,Wind,4472,megawatthours
2025-07-04 06:00:00+00:00,CAL,California,WND,Wind,4740,megawatthours
2025-07-04 07:00:00+00:00,CAL,California,WND,Wind,4903,megawatthours
2025-07-04 08:00:00+00:00,CAL,California,WND,Wind,4810,megawatthours
2025-07-04 09:00:00+00:00,CAL,California,WND,Wind,4975,megawatthours
2025-07-04 10:00:00+00:00,CAL,California,WND,Wind,4704,megawatthours
2025-07-04 11:00:00+00:00,CAL,California,WND,Wind,4620,megawatthours
2025-07-04 12:00:00+00:00,CAL,California,WND,Wind,4788,megawatthours
2025-07-04 13:00:00+00:00,CAL,California,WND,Wind,4782,megawatthours
2025-07-04 14:00:00+00:00,CAL,California,WND,Wind,4650,megawatthours
2025-07-04 15:00:00+00:00,CAL,California,WND,Wind,4263,megawatthours
2025-07-04 16:00:00+00:00,CAL,California,WND,Wind,4021,megawatthours
2025-07-04 17:00:00+00:00,CAL,California,WND,Wind,3810,megawatthours
2025-07-04 18:00:00+00:00,CAL,California,WND,Wind,3620,megawatthours
2025-07-04 19:00:00+00:00,CAL,California,WND,Wind,3215,megawatthours
2025-07-04 20:00:00+00:00,CAL,California,WND,Wind,3016,megawatthours
2025-07-04 21:00:00+00:00,CAL,California,WND,Wind,3104,megawatthours
2025-07-04 22:00:00+00:00,CAL,California,WND,Wind,3491,megawatthours
2025-07-04 23:00:00+00:00,CAL,California,WND,Wind,4115,megawatthours
2025-07-05 00:00:00+00:00,CAL,California,WND,Wind,4605,megawatthours
2025-07-05 01:00:00+00:00,CAL,California,WND,Wind,5002,megawatthours
2025-07-05 02:00:00+00:00,CAL,California,WND,Wind,5053,megawatthours
2025-07-05 03:00:00+00:00,CAL,California,WND,Wind,4878,megawatthours
2025-07-05 04:00:00+00:00,CAL,California,WND,Wind,4662,megawatthours
2025-07-05 05:00:00+00:00,CAL,California,WND,Wind,4571,megawatthours
2025-07-05 06:00:00+00:00,CAL,California,WND,Wind,4502,megawatthours
2025-07-05 07:00:00+00:00,CAL,California,WND,Wind,4510,megawatthours
2025-07-05 08:00:00+00:00,CAL,California,WND,Wind,4527,megawatthours
2025-07-05 09:00:00+00:00,CAL,California,WND,Wind,4812,megawatthours
2025-07-05 10:00:00+00:00,CAL,California,WND,Wind,4910,megawatthours
2025-07-05 11:00:00+00:00,CAL,California,WND,Wind,4791,megawatthours
2025-07-05 12:00:00+00:00,CAL,California,WND,Wind,4570,megawatthours
2025-07-05 13:00:00+00:00,CAL,California,WND,Wind,4214,megawatthours
2025-07-05 14:00:00+00:00,CAL,California,WND,Wind,3665,megawatthours
2025-07-05 15:00:00+00:00,CAL,California,WND,Wind,2965,megawatthours
2025-07-05 16:00:00+00:00,CAL,California,WND,Wind,2390,megawatthours
2025-07-05 17:00:00+00:00,CAL,California,WND,Wind,2004,megawatthours
2025-07-05 18:00:00+00:00,CAL,California,WND,Wind,1597,megawatthours
2025-07-05 19:00:00+00:00,CAL,California,WND,Wind,1279,megawatthours
2025-07-05 20:00:00+00:00,CAL,California,WND,Wind,1167,megawatthours
2025-07-05 21:00:00+00:00,CAL,California,WND,Wind,1151,megawatthours
2025-07-05 22:00:00+00:00,CAL,California,WND,Wind,1329,megawatthours
2025-07-05 23:00:00+00:00,CAL,California,WND,Wind,1533,megawatthours
2025-07-06 00:00:00+00:00,CAL,California,WND,Wind,1820,megawatthours
2025-07-06 01:00:00+00:00,CAL,California,WND,Wind,2266,megawatthours
2025-07-06 02:00:00+00:00,CAL,California,WND,Wind,2795,megawatthours
2025-07-06 03:00:00+00:00,CAL,California,WND,Wind,3073,megawatthours
2025-07-06 04:00:00+00:00,CAL,California,WND,Wind,3466,megawatthours
2025-07-06 05:00:00+00:00,CAL,California,WND,Wind,3800,megawatthours
2025-07-06 06:00:00+00:00,CAL,California,WND,Wind,4148,megawatthours
2025-07-06 07:00:00+00:00,CAL,California,WND,Wind,4272,megawatthours
2025-07-06 08:00:00+00:00,CAL,California,WND,Wind,4125,megawatthours
2025-07-06 09:00:00+00:00,CAL,California,WND,Wind,3869,megawatthours
2025-07-06 10:00:00+00:00,CAL,California,WND,Wind,3706,megawatthours
2025-07-06 11:00:00+00:00,CAL,California,WND,Wind,3626,megawatthours
2025-07-06 12:00:00+00:00,CAL,California,WND,Wind,3361,megawatthours
2025-07-06 13:00:00+00:00,CAL,California,WND,Wind,3218,megawatthours
2025-07-06 14:00:00+00:00,CAL,California,WND,Wind,2744,megawatthours
2025-07-06 15:00:00+00:00,CAL,California,WND,Wind,2091,megawatthours
2025-07-06 16:00:00+00:00,CAL,California,WND,Wind,1461,megawatthours
2025-07-06 17:00:00+00:00,CAL,California,WND,Wind,1013,megawatthours
2025-07-06 18:00:00+00:00,CAL,California,WND,Wind,803,megawatthours
2025-07-06 19:00:00+00:00,CAL,California,WND,Wind,717,megawatthours
2025-07-06 20:00:00+00:00,CAL,California,WND,Wind,787,megawatthours
2025-07-06 21:00:00+00:00,CAL,California,WND,Wind,851,megawatthours
2025-07-06 22:00:00+00:00,CAL,California,WND,Wind,1018,megawatthours
2025-07-06 23:00:00+00:00,CAL,California,WND,Wind,1305,megawatthours
2025-07-07 00:00:00+00:00,CAL,California,WND,Wind,1585,megawatthours
2025-07-07 01:00:00+00:00,CAL,California,WND,Wind,2152,megawatthours
2025-07-07 02:00:00+00:00,CAL,California,WND,Wind,2372,megawatthours
2025-07-07 03:00:00+00:00,CAL,California,WND,Wind,2196,megawatthours
2025-07-07 04:00:00+00:00,CAL,California,WND,Wind,2112,megawatthours
2025-07-07 05:00:00+00:00,CAL,California,WND,Wind,2440,megawatthours
2025-07-07 06:00:00+00:00,CAL,California,WND,Wind,2627,megawatthours
2025-07-07 07:00:00+00:00,CAL,California,WND,Wind,2976,megawatthours
2025-07-07 08:00:00+00:00,CAL,California,WND,Wind,2730,megawatthours
2025-07-07 09:00:00+00:00,CAL,California,WND,Wind,2647,megawatthours
2025-07-07 10:00:00+00:00,CAL,California,WND,Wind,2423,megawatthours
2025-07-07 11:00:00+00:00,CAL,California,WND,Wind,2315,megawatthours
2025-07-07 12:00:00+00:00,CAL,California,WND,Wind,2409,megawatthours
2025-07-07 13:00:00+00:00,CAL,California,WND,Wind,2340,megawatthours
2025-07-07 14:00:00+00:00,CAL,California,WND,Wind,2059,megawatthours
2025-07-07 15:00:00+00:00,CAL,California,WND,Wind,1967,megawatthours
2025-07-07 16:00:00+00:00,CAL,California,WND,Wind,1873,megawatthours
2025-07-07 17:00:00+00:00,CAL,California,WND,Wind,1652,megawatthours
2025-07-07 18:00:00+00:00,CAL,California,WND,Wind,1558,megawatthours
2025-07-07 19:00:00+00:00,CAL,California,WND,Wind,1465,megawatthours
2025-07-07 20:00:00+00:00,CAL,California,WND,Wind,1560,megawatthours
2025-07-07 21:00:00+00:00,CAL,California,WND,Wind,1786,megawatthours
2025-07-07 22:00:00+00:00,CAL,California,WND,Wind,1860,megawatthours
2025-07-07 23:00:00+00:00,CAL,California,WND,Wind,2090,megawatthours
2025-07-08 00:00:00+00:00,CAL,California,WND,Wind,2189,megawatthours
2025-07-08 01:00:00+00:00,CAL,California,WND,Wind,2479,megawatthours
2025-07-08 02:00:00+00:00,CAL,California,WND,Wind,3036,megawatthours
2025-07-08 03:00:00+00:00,CAL,California,WND,Wind,2997,megawatthours
2025-07-08 04:00:00+00:00,CAL,California,WND,Wind,3040,megawatthours
2025-07-08 05:00:00+00:00,CAL,California,WND,Wind,2918,megawatthours
2025-07-08 06:00:00+00:00,CAL,California,WND,Wind,2842,megawatthours
2025-07-08 07:00:00+00:00,CAL,California,WND,Wind,2743,megawatthours
2025-07-08 08:00:00+00:00,CAL,California,WND,Wind,2607,megawatthours
2025-07-08 09:00:00+00:00,CAL,California,WND,Wind,2537,megawatthours
2025-07-08 10:00:00+00:00,CAL,California,WND,Wind,2365,megawatthours
2025-07-08 11:00:00+00:00,CAL,California,WND,Wind,2323,megawatthours
2025-07-08 12:00:00+00:00,CAL,California,WND,Wind,2154,megawatthours
2025-07-08 13:00:00+00:00,CAL,California,WND,Wind,2208,megawatthours
2025-07-08 14:00:00+00:00,CAL,California,WND,Wind,2159,megawatthours
2025-07-08 15:00:00+00:00,CAL,California,WND,Wind,1971,megawatthours
2025-07-08 16:00:00+00:00,CAL,California,WND,Wind,1679,megawatthours
2025-07-08 17:00:00+00:00,CAL,California,WND,Wind,1492,megawatthours
2025-07-08 18:00:00+00:00,CAL,California,WND,Wind,1288,megawatthours
2025-07-08 19:00:00+00:00,CAL,California,WND,Wind,1173,megawatthours
2025-07-08 20:00:00+00:00,CAL,California,WND,Wind,1287,megawatthours
2025-07-08 21:00:00+00:00,CAL,California,WND,Wind,1644,megawatthours
2025-07-08 22:00:00+00:00,CAL,California,WND,Wind,2136,megawatthours
2025-07-08 23:00:00+00:00,CAL,California,WND,Wind,2133,megawatthours
2025-07-09 00:00:00+00:00,CAL,California,WND,Wind,2235,megawatthours
2025-07-09 01:00:00+00:00,CAL,California,WND,Wind,2427,megawatthours
2025-07-09 02:00:00+00:00,CAL,California,WND,Wind,2453,megawatthours
2025-07-09 03:00:00+00:00,CAL,California,WND,Wind,2467,megawatthours
2025-07-09 04:00:00+00:00,CAL,California,WND,Wind,2736,megawatthours
2025-07-09 05:00:00+00:00,CAL,California,WND,Wind,3143,megawatthours
2025-07-09 06:00:00+00:00,CAL,California,WND,Wind,3534,megawatthours
2025-07-09 07:00:00+00:00,CAL,California,WND,Wind,3747,megawatthours
2025-07-09 08:00:00+00:00,CAL,California,WND,Wind,3753,megawatthours
2025-07-09 09:00:00+00:00,CAL,California,WND,Wind,3763,megawatthours
2025-07-09 10:00:00+00:00,CAL,California,WND,Wind,3557,megawatthours
2025-07-09 11:00:00+00:00,CAL,California,WND,Wind,3644,megawatthours
2025-07-09 12:00:00+00:00,CAL,California,WND,Wind,3530,megawatthours
2025-07-09 13:00:00+00:00,CAL,California,WND,Wind,3388,megawatthours
2025-07-09 14:00:00+00:00,CAL,California,WND,Wind,3431,megawatthours
2025-07-09 15:00:00+00:00,CAL,California,WND,Wind,3337,megawatthours
2025-07-09 16:00:00+00:00,CAL,California,WND,Wind,3046,megawatthours
2025-07-09 17:00:00+00:00,CAL,California,WND,Wind,2480,megawatthours
2025-07-09 18:00:00+00:00,CAL,California,WND,Wind,2269,megawatthours
2025-07-09 19:00:00+00:00,CAL,California,WND,Wind,1970,megawatthours
2025-07-09 20:00:00+00:00,CAL,California,WND,Wind,2040,megawatthours
2025-07-09 21:00:00+00:00,CAL,California,WND,Wind,2600,megawatthours
2025-07-09 22:00:00+00:00,CAL,California,WND,Wind,3037,megawatthours
2025-07-09 23:00:00+00:00,CAL,California,WND,Wind,3344,megawatthours
2025-07-10 00:00:00+00:00,CAL,California,WND,Wind,3641,megawatthours
2025-07-10 01:00:00+00:00,CAL,California,WND,Wind,3940,megawatthours
2025-07-10 02:00:00+00:00,CAL,California,WND,Wind,4125,megawatthours
2025-07-10 03:00:00+00:00,CAL,California,WND,Wind,4334,megawatthours
2025-07-10 04:00:00+00:00,CAL,California,WND,Wind,4494,megawatthours
2025-07-10 05:00:00+00:00,CAL,California,WND,Wind,4642,megawatthours
2025-07-10 06:00:00+00:00,CAL,California,WND,Wind,4822,megawatthours
2025-07-10 07:00:00+00:00,CAL,California,WND,Wind,4879,megawatthours
2025-07-10 08:00:00+00:00,CAL,California,WND,Wind,4654,megawatthours
2025-07-10 09:00:00+00:00,CAL,California,WND,Wind,4709,megawatthours
2025-07-10 10:00:00+00:00,CAL,California,WND,Wind,4759,megawatthours
2025-07-10 11:00:00+00:00,CAL,California,WND,Wind,4824,megawatthours
2025-07-10 12:00:00+00:00,CAL,California,WND,Wind,4935,megawatthours
2025-07-10 13:00:00+00:00,CAL,California,WND,Wind,4804,megawatthours
2025-07-10 14:00:00+00:00,CAL,California,WND,Wind,4466,megawatthours
2025-07-10 15:00:00+00:00,CAL,California,WND,Wind,3959,megawatthours
2025-07-10 16:00:00+00:00,CAL,California,WND,Wind,3395,megawatthours
2025-07-10 17:00:00+00:00,CAL,California,WND,Wind,2743,megawatthours
2025-07-10 18:00:00+00:00,CAL,California,WND,Wind,1867,megawatthours
2025-07-10 19:00:00+00:00,CAL,California,WND,Wind,1198,megawatthours
2025-07-10 20:00:00+00:00,CAL,California,WND,Wind,799,megawatthours
2025-07-10 21:00:00+00:00,CAL,California,WND,Wind,692,megawatthours
2025-07-10 22:00:00+00:00,CAL,California,WND,Wind,898,megawatthours
2025-07-10 23:00:00+00:00,CAL,California,WND,Wind,1591,megawatthours
2025-07-11 00:00:00+00:00,CAL,California,WND,Wind,2404,megawatthours
2025-07-11 01:00:00+00:00,CAL,California,WND,Wind,3331,megawatthours
2025-07-11 02:00:00+00:00,CAL,California,WND,Wind,4072,megawatthours
2025-07-11 03:00:00+00:00,CAL,California,WND,Wind,4357,megawatthours
2025-07-11 04:00:00+00:00,CAL,California,WND,Wind,4404,megawatthours
2025-07-11 05:00:00+00:00,CAL,California,WND,Wind,4719,megawatthours
2025-07-11 06:00:00+00:00,CAL,California,WND,Wind,4799,megawatthours
2025-07-11 07:00:00+00:00,CAL,California,WND,Wind,4761,megawatthours
2025-07-11 08:00:00+00:00,CAL,California,WND,Wind,4689,megawatthours
2025-07-11 09:00:00+00:00,CAL,California,WND,Wind,4632,megawatthours
2025-07-11 10:00:00+00:00,CAL,California,WND,Wind,4732,megawatthours
2025-07-11 11:00:00+00:00,CAL,California,WND,Wind,4570,megawatthours
2025-07-11 12:00:00+00:00,CAL,California,WND,Wind,4229,megawatthours
2025-07-11 13:00:00+00:00,CAL,California,WND,Wind,3709,megawatthours
2025-07-11 14:00:00+00:00,CAL,California,WND,Wind,3152,megawatthours
2025-07-11 15:00:00+00:00,CAL,California,WND,Wind,2766,megawatthours
2025-07-11 16:00:00+00:00,CAL,California,WND,Wind,2465,megawatthours
2025-07-11 17:00:00+00:00,CAL,California,WND,Wind,2096,megawatthours
2025-07-11 18:00:00+00:00,CAL,California,WND,Wind,1469,megawatthours
2025-07-11 19:00:00+00:00,CAL,California,WND,Wind,920,megawatthours
2025-07-11 20:00:00+00:00,CAL,California,WND,Wind,748,megawatthours
2025-07-11 21:00:00+00:00,CAL,California,WND,Wind,814,megawatthours
2025-07-11 22:00:00+00:00,CAL,California,WND,Wind,1025,megawatthours
2025-07-11 23:00:00+00:00,CAL,California,WND,Wind,1444,megawatthours
2025-07-12 00:00:00+00:00,CAL,California,WND,Wind,2070,megawatthours
2025-07-12 01:00:00+00:00,CAL,California,WND,Wind,2907,megawatthours
2025-07-12 02:00:00+00:00,CAL,California,WND,Wind,3781,megawatthours
2025-07-12 03:00:00+00:00,CAL,California,WND,Wind,4184,megawatthours
2025-07-12 04:00:00+00:00,CAL,California,WND,Wind,4556,megawatthours
2025-07-12 05:00:00+00:00,CAL,California,WND,Wind,5057,megawatthours
2025-07-12 06:00:00+00:00,CAL,California,WND,Wind,5207,megawatthours
2025-07-12 07:00:00+00:00,CAL,California,WND,Wind,5053,megawatthours
2025-07-12 08:00:00+00:00,CAL,California,WND,Wind,5115,megawatthours
2025-07-12 09:00:00+00:00,CAL,California,WND,Wind,5090,megawatthours
2025-07-12 10:00:00+00:00,CAL,California,WND,Wind,4775,megawatthours
2025-07-12 11:00:00+00:00,CAL,California,WND,Wind,4673,megawatthours
2025-07-12 12:00:00+00:00,CAL,California,WND,Wind,4576,megawatthours
2025-07-12 13:00:00+00:00,CAL,California,WND,Wind,4299,megawatthours
2025-07-12 14:00:00+00:00,CAL,California,WND,Wind,3570,megawatthours
2025-07-12 15:00:00+00:00,CAL,California,WND,Wind,3128,megawatthours
2025-07-12 16:00:00+00:00,CAL,California,WND,Wind,2616,megawatthours
2025-07-12 17:00:00+00:00,CAL,California,WND,Wind,2225,megawatthours
2025-07-12 18:00:00+00:00,CAL,California,WND,Wind,1773,megawatthours
2025-07-12 19:00:00+00:00,CAL,California,WND,Wind,1469,megawatthours
2025-07-12 20:00:00+00:00,CAL,California,WND,Wind,1207,megawatthours
2025-07-12 21:00:00+00:00,CAL,California,WND,Wind,1232,megawatthours
2025-07-12 22:00:00+00:00,CAL,California,WND,Wind,1587,megawatthours
2025-07-12 23:00:00+00:00,CAL,California,WND,Wind,2084,megawatthours
2025-07-13 00:00:00+00:00,CAL,California,WND,Wind,2400,megawatthours
2025-07-13 01:00:00+00:00,CAL,California,WND,Wind,2753,megawatthours
2025-07-13 02:00:00+00:00,CAL,California,WND,Wind,3132,megawatthours
2025-07-13 03:00:00+00:00,CAL,California,WND,Wind,3434,megawatthours
2025-07-13 04:00:00+00:00,CAL,California,WND,Wind,4133,megawatthours
2025-07-13 05:00:00+00:00,CAL,California,WND,Wind,4364,megawatthours
2025-07-13 06:00:00+00:00,CAL,California,WND,Wind,4316,megawatthours
2025-07-13 07:00:00+00:00,CAL,California,WND,Wind,4394,megawatthours
2025-07-13 08:00:00+00:00,CAL,California,WND,Wind,4310,megawatthours
2025-07-13 09:00:00+00:00,CAL,California,WND,Wind,4230,megawatthours
2025-07-13 10:00:00+00:00,CAL,California,WND,Wind,4151,megawatthours
2025-07-13 11:00:00+00:00,CAL,California,WND,Wind,4016,megawatthours
2025-07-13 12:00:00+00:00,CAL,California,WND,Wind,3757,megawatthours
2025-07-13 13:00:00+00:00,CAL,California,WND,Wind,3484,megawatthours
2025-07-13 14:00:00+00:00,CAL,California,WND,Wind,3280,megawatthours
2025-07-13 15:00:00+00:00,CAL,California,WND,Wind,2894,megawatthours
2025-07-13 16:00:00+00:00,CAL,California,WND,Wind,2476,megawatthours
2025-07-13 17:00:00+00:00,CAL,California,WND,Wind,2094,megawatthours
2025-07-13 18:00:00+00:00,CAL,California,WND,Wind,1665,megawatthours
2025-07-13 19:00:00+00:00,CAL,California,WND,Wind,1274,megawatthours
2025-07-13 20:00:00+00:00,CAL,California,WND,Wind,1036,megawatthours
2025-07-13 21:00:00+00:00,CAL,California,WND,Wind,973,megawatthours
2025-07-13 22:00:00+00:00,CAL,California,WND,Wind,1091,megawatthours
2025-07-13 23:00:00+00:00,CAL,California,WND,Wind,1343,megawatthours
2025-07-14 00:00:00+00:00,CAL,California,WND,Wind,1715,megawatthours
2025-07-14 01:00:00+00:00,CAL,California,WND,Wind,2433,megawatthours
2025-07-14 02:00:00+00:00,CAL,California,WND,Wind,3058,megawatthours
2025-07-14 03:00:00+00:00,CAL,California,WND,Wind,3337,megawatthours
2025-07-14 04:00:00+00:00,CAL,California,WND,Wind,3651,megawatthours
2025-07-14 05:00:00+00:00,CAL,California,WND,Wind,4062,megawatthours
2025-07-14 06:00:00+00:00,CAL,California,WND,Wind,4120,megawatthours
2025-07-14 07:00:00+00:00,CAL,California,WND,Wind,4071,megawatthours
2025-07-14 08:00:00+00:00,CAL,California,WND,Wind,3994,megawatthours
2025-07-14 09:00:00+00:00,CAL,California,WND,Wind,3831,megawatthours
2025-07-14 10:00:00+00:00,CAL,California,WND,Wind,3775,megawatthours
2025-07-14 11:00:00+00:00,CAL,California,WND,Wind,3658,megawatthours
2025-07-14 12:00:00+00:00,CAL,California,WND,Wind,3486,megawatthours
2025-07-14 13:00:00+00:00,CAL,California,WND,Wind,3136,megawatthours
2025-07-14 14:00:00+00:00,CAL,California,WND,Wind,2491,megawatthours
2025-07-14 15:00:00+00:00,CAL,California,WND,Wind,2159,megawatthours
2025-07-14 16:00:00+00:00,CAL,California,WND,Wind,1600,megawatthours
2025-07-14 17:00:00+00:00,CAL,California,WND,Wind,1051,megawatthours
2025-07-14 18:00:00+00:00,CAL,California,WND,Wind,758,megawatthours
2025-07-14 19:00:00+00:00,CAL,California,WND,Wind,617,megawatthours
2025-07-14 20:00:00+00:00,CAL,California,WND,Wind,525,megawatthours
2025-07-14 21:00:00+00:00,CAL,California,WND,Wind,620,megawatthours
2025-07-14 22:00:00+00:00,CAL,California,WND,Wind,867,megawatthours
2025-07-14 23:00:00+00:00,CAL,California,WND,Wind,1247,megawatthours
2025-07-15 00:00:00+00:00,CAL,California,WND,Wind,1752,megawatthours
2025-07-15 01:00:00+00:00,CAL,California,WND,Wind,1930,megawatthours
2025-07-15 02:00:00+00:00,CAL,California,WND,Wind,2549,megawatthours
2025-07-15 03:00:00+00:00,CAL,California,WND,Wind,3042,megawatthours
2025-07-15 04:00:00+00:00,CAL,California,WND,Wind,3439,megawatthours
2025-07-15 05:00:00+00:00,CAL,California,WND,Wind,3956,megawatthours
2025-07-15 06:00:00+00:00,CAL,California,WND,Wind,4066,megawatthours
2025-07-15 07:00:00+00:00,CAL,California,WND,Wind,3959,megawatthours
2025-07-15 08:00:00+00:00,CAL,California,WND,Wind,3817,megawatthours
2025-07-15 09:00:00+00:00,CAL,California,WND,Wind,3736,megawatthours
2025-07-15 10:00:00+00:00,CAL,California,WND,Wind,3965,megawatthours
2025-07-15 11:00:00+00:00,CAL,California,WND,Wind,4121,megawatthours
2025-07-15 12:00:00+00:00,CAL,California,WND,Wind,4035,megawatthours
2025-07-15 13:00:00+00:00,CAL,California,WND,Wind,4095,megawatthours
2025-07-15 14:00:00+00:00,CAL,California,WND,Wind,3723,megawatthours
2025-07-15 15:00:00+00:00,CAL,California,WND,Wind,3314,megawatthours
2025-07-15 16:00:00+00:00,CAL,California,WND,Wind,3214,megawatthours
2025-07-15 17:00:00+00:00,CAL,California,WND,Wind,3045,megawatthours
2025-07-15 18:00:00+00:00,CAL,California,WND,Wind,2765,megawatthours
2025-07-15 19:00:00+00:00,CAL,California,WND,Wind,2466,megawatthours
2025-07-15 20:00:00+00:00,CAL,California,WND,Wind,2622,megawatthours
2025-07-15 21:00:00+00:00,CAL,California,WND,Wind,3046,megawatthours
2025-07-15 22:00:00+00:00,CAL,California,WND,Wind,3418,megawatthours
2025-07-15 23:00:00+00:00,CAL,California,WND,Wind,3574,megawatthours
2025-07-16 00:00:00+00:00,CAL,California,WND,Wind,3768,megawatthours
2025-07-16 01:00:00+00:00,CAL,California,WND,Wind,3761,megawatthours
2025-07-16 02:00:00+00:00,CAL,California,WND,Wind,3983,megawatthours
2025-07-16 03:00:00+00:00,CAL,California,WND,Wind,4226,megawatthours
2025-07-16 04:00:00+00:00,CAL,California,WND,Wind,4313,megawatthours
2025-07-16 05:00:00+00:00,CAL,California,WND,Wind,4476,megawatthours
2025-07-16 06:00:00+00:00,CAL,California,WND,Wind,4283,megawatthours
2025-07-16 07:00:00+00:00,CAL,California,WND,Wind,4357,megawatthours
2025-07-16 08:00:00+00:00,CAL,California,WND,Wind,4256,megawatthours
2025-07-16 09:00:00+00:00,CAL,California,WND,Wind,4141,megawatthours
2025-07-16 10:00:00+00:00,CAL,California,WND,Wind,3966,megawatthours
2025-07-16 11:00:00+00:00,CAL,California,WND,Wind,3627,megawatthours
2025-07-16 12:00:00+00:00,CAL,California,WND,Wind,3540,megawatthours
2025-07-16 13:00:00+00:00,CAL,California,WND,Wind,3542,megawatthours
2025-07-16 14:00:00+00:00,CAL,California,WND,Wind,2957,megawatthours
2025-07-16 15:00:00+00:00,CAL,California,WND,Wind,2805,megawatthours
2025-07-16 16:00:00+00:00,CAL,California,WND,Wind,2492,megawatthours
2025-07-16 17:00:00+00:00,CAL,California,WND,Wind,2134,megawatthours
2025-07-16 18:00:00+00:00,CAL,California,WND,Wind,1850,megawatthours
2025-07-16 19:00:00+00:00,CAL,California,WND,Wind,1647,megawatthours
2025-07-16 20:00:00+00:00,CAL,California,WND,Wind,1684,megawatthours
2025-07-16 21:00:00+00:00,CAL,California,WND,Wind,1822,megawatthours
2025-07-16 22:00:00+00:00,CAL,California,WND,Wind,2035,megawatthours
2025-07-16 23:00:00+00:00,CAL,California,WND,Wind,2418,megawatthours
2025-07-17 00:00:00+00:00,CAL,California,WND,Wind,2736,megawatthours
2025-07-17 01:00:00+00:00,CAL,California,WND,Wind,3281,megawatthours
2025-07-17 02:00:00+00:00,CAL,California,WND,Wind,3173,megawatthours
2025-07-17 03:00:00+00:00,CAL,California,WND,Wind,3212,megawatthours
2025-07-17 04:00:00+00:00,CAL,California,WND,Wind,3331,megawatthours
2025-07-17 05:00:00+00:00,CAL,California,WND,Wind,3378,megawatthours
2025-07-17 06:00:00+00:00,CAL,California,WND,Wind,3694,megawatthours
2025-07-17 07:00:00+00:00,CAL,California,WND,Wind,3781,megawatthours
2025-07-17 08:00:00+00:00,CAL,California,WND,Wind,3749,megawatthours
2025-07-17 09:00:00+00:00,CAL,California,WND,Wind,3458,megawatthours
2025-07-17 10:00:00+00:00,CAL,California,WND,Wind,3315,megawatthours
2025-07-17 11:00:00+00:00,CAL,California,WND,Wind,3165,megawatthours
2025-07-17 12:00:00+00:00,CAL,California,WND,Wind,3050,megawatthours
2025-07-17 13:00:00+00:00,CAL,California,WND,Wind,2837,megawatthours
2025-07-17 14:00:00+00:00,CAL,California,WND,Wind,2641,megawatthours
2025-07-17 15:00:00+00:00,CAL,California,WND,Wind,2156,megawatthours
2025-07-17 16:00:00+00:00,CAL,California,WND,Wind,1668,megawatthours
2025-07-17 17:00:00+00:00,CAL,California,WND,Wind,1363,megawatthours
2025-07-17 18:00:00+00:00,CAL,California,WND,Wind,1221,megawatthours
2025-07-17 19:00:00+00:00,CAL,California,WND,Wind,1241,megawatthours
2025-07-17 20:00:00+00:00,CAL,California,WND,Wind,1284,megawatthours
2025-07-17 21:00:00+00:00,CAL,California,WND,Wind,1428,megawatthours
2025-07-17 22:00:00+00:00,CAL,California,WND,Wind,1571,megawatthours
2025-07-17 23:00:00+00:00,CAL,California,WND,Wind,1889,megawatthours
2025-07-18 00:00:00+00:00,CAL,California,WND,Wind,2021,megawatthours
2025-07-18 01:00:00+00:00,CAL,California,WND,Wind,2247,megawatthours
2025-07-18 02:00:00+00:00,CAL,California,WND,Wind,2619,megawatthours
2025-07-18 03:00:00+00:00,CAL,California,WND,Wind,2928,megawatthours
2025-07-18 04:00:00+00:00,CAL,California,WND,Wind,3119,megawatthours
2025-07-18 05:00:00+00:00,CAL,California,WND,Wind,3384,megawatthours
2025-07-18 06:00:00+00:00,CAL,California,WND,Wind,3696,megawatthours
2025-07-18 07:00:00+00:00,CAL,California,WND,Wind,3860,megawatthours
2025-07-18 08:00:00+00:00,CAL,California,WND,Wind,3810,megawatthours
2025-07-18 09:00:00+00:00,CAL,California,WND,Wind,3570,megawatthours
2025-07-18 10:00:00+00:00,CAL,California,WND,Wind,3477,megawatthours
2025-07-18 11:00:00+00:00,CAL,California,WND,Wind,3677,megawatthours
2025-07-18 12:00:00+00:00,CAL,California,WND,Wind,3620,megawatthours
2025-07-18 13:00:00+00:00,CAL,California,WND,Wind,2881,megawatthours
2025-07-18 14:00:00+00:00,CAL,California,WND,Wind,2546,megawatthours
2025-07-18 15:00:00+00:00,CAL,California,WND,Wind,2250,megawatthours
2025-07-18 16:00:00+00:00,CAL,California,WND,Wind,1795,megawatthours
2025-07-18 17:00:00+00:00,CAL,California,WND,Wind,1660,megawatthours
2025-07-18 18:00:00+00:00,CAL,California,WND,Wind,1590,megawatthours
2025-07-18 19:00:00+00:00,CAL,California,WND,Wind,1393,megawatthours
2025-07-18 20:00:00+00:00,CAL,California,WND,Wind,1219,megawatthours
2025-07-18 21:00:00+00:00,CAL,California,WND,Wind,1242,megawatthours
2025-07-18 22:00:00+00:00,CAL,California,WND,Wind,1676,megawatthours
2025-07-18 23:00:00+00:00,CAL,California,WND,Wind,2247,megawatthours
2025-07-19 00:00:00+00:00,CAL,California,WND,Wind,2492,megawatthours
2025-07-19 01:00:00+00:00,CAL,California,WND,Wind,2923,megawatthours
2025-07-19 02:00:00+00:00,CAL,California,WND,Wind,3435,megawatthours
2025-07-19 03:00:00+00:00,CAL,California,WND,Wind,3458,megawatthours
2025-07-19 04:00:00+00:00,CAL,California,WND,Wind,3760,megawatthours
2025-07-19 05:00:00+00:00,CAL,California,WND,Wind,3746,megawatthours
2025-07-19 06:00:00+00:00,CAL,California,WND,Wind,3868,megawatthours
2025-07-19 07:00:00+00:00,CAL,California,WND,Wind,3998,megawatthours
2025-07-19 08:00:00+00:00,CAL,California,WND,Wind,3949,megawatthours
2025-07-19 09:00:00+00:00,CAL,California,WND,Wind,3981,megawatthours
2025-07-19 10:00:00+00:00,CAL,California,WND,Wind,4286,megawatthours
2025-07-19 11:00:00+00:00,CAL,California,WND,Wind,4369,megawatthours
2025-07-19 12:00:00+00:00,CAL,California,WND,Wind,4110,megawatthours
2025-07-19 13:00:00+00:00,CAL,California,WND,Wind,3903,megawatthours
2025-07-19 14:00:00+00:00,CAL,California,WND,Wind,3656,megawatthours
2025-07-19 15:00:00+00:00,CAL,California,WND,Wind,3247,megawatthours
2025-07-19 16:00:00+00:00,CAL,California,WND,Wind,2589,megawatthours
2025-07-19 17:00:00+00:00,CAL,California,WND,Wind,2243,megawatthours
2025-07-19 18:00:00+00:00,CAL,California,WND,Wind,1865,megawatthours
2025-07-19 19:00:00+00:00,CAL,California,WND,Wind,1424,megawatthours
2025-07-19 20:00:00+00:00,CAL,California,WND,Wind,1184,megawatthours
2025-07-19 21:00:00+00:00,CAL,California,WND,Wind,1230,megawatthours
2025-07-19 22:00:00+00:00,CAL,California,WND,Wind,1380,megawatthours
2025-07-19 23:00:00+00:00,CAL,California,WND,Wind,1603,megawatthours
2025-07-20 00:00:00+00:00,CAL,California,WND,Wind,1924,megawatthours
2025-07-20 01:00:00+00:00,CAL,California,WND,Wind,2743,megawatthours
2025-07-20 02:00:00+00:00,CAL,California,WND,Wind,3735,megawatthours
2025-07-20 03:00:00+00:00,CAL,California,WND,Wind,4407,megawatthours
2025-07-20 04:00:00+00:00,CAL,California,WND,Wind,4897,megawatthours
2025-07-20 05:00:00+00:00,CAL,California,WND,Wind,5167,megawatthours
2025-07-20 06:00:00+00:00,CAL,California,WND,Wind,5252,megawatthours
2025-07-20 07:00:00+00:00,CAL,California,WND,Wind,5257,megawatthours
2025-07-20 08:00:00+00:00,CAL,California,WND,Wind,4945,megawatthours
2025-07-20 09:00:00+00:00,CAL,California,WND,Wind,4570,megawatthours
2025-07-20 10:00:00+00:00,CAL,California,WND,Wind,4509,megawatthours
2025-07-20 11:00:00+00:00,CAL,California,WND,Wind,4451,megawatthours
2025-07-20 12:00:00+00:00,CAL,California,WND,Wind,4367,megawatthours
2025-07-20 13:00:00+00:00,CAL,California,WND,Wind,4249,megawatthours
2025-07-20 14:00:00+00:00,CAL,California,WND,Wind,3814,megawatthours
2025-07-20 15:00:00+00:00,CAL,California,WND,Wind,3122,megawatthours
2025-07-20 16:00:00+00:00,CAL,California,WND,Wind,2582,megawatthours
2025-07-20 17:00:00+00:00,CAL,California,WND,Wind,2268,megawatthours
2025-07-20 18:00:00+00:00,CAL,California,WND,Wind,1703,megawatthours
2025-07-20 19:00:00+00:00,CAL,California,WND,Wind,1306,megawatthours
2025-07-20 20:00:00+00:00,CAL,California,WND,Wind,1175,megawatthours
2025-07-20 21:00:00+00:00,CAL,California,WND,Wind,1450,megawatthours
2025-07-20 22:00:00+00:00,CAL,California,WND,Wind,1793,megawatthours
2025-07-20 23:00:00+00:00,CAL,California,WND,Wind,2363,megawatthours
2025-07-21 00:00:00+00:00,CAL,California,WND,Wind,3051,megawatthours
2025-07-21 01:00:00+00:00,CAL,California,WND,Wind,3418,megawatthours
2025-07-21 02:00:00+00:00,CAL,California,WND,Wind,3735,megawatthours
2025-07-21 03:00:00+00:00,CAL,California,WND,Wind,3898,megawatthours
2025-07-21 04:00:00+00:00,CAL,California,WND,Wind,4014,megawatthours
2025-07-21 05:00:00+00:00,CAL,California,WND,Wind,4199,megawatthours
2025-07-21 06:00:00+00:00,CAL,California,WND,Wind,4291,megawatthours
2025-07-21 07:00:00+00:00,CAL,California,WND,Wind,4060,megawatthours
2025-07-21 08:00:00+00:00,CAL,California,WND,Wind,3746,megawatthours
2025-07-21 09:00:00+00:00,CAL,California,WND,Wind,3734,megawatthours
2025-07-21 10:00:00+00:00,CAL,California,WND,Wind,3509,megawatthours
2025-07-21 11:00:00+00:00,CAL,California,WND,Wind,3482,megawatthours
2025-07-21 12:00:00+00:00,CAL,California,WND,Wind,3583,megawatthours
2025-07-21 13:00:00+00:00,CAL,California,WND,Wind,3498,megawatthours
2025-07-21 14:00:00+00:00,CAL,California,WND,Wind,3486,megawatthours
2025-07-21 15:00:00+00:00,CAL,California,WND,Wind,3553,megawatthours
2025-07-21 16:00:00+00:00,CAL,California,WND,Wind,3648,megawatthours
2025-07-21 17:00:00+00:00,CAL,California,WND,Wind,3799,megawatthours
2025-07-21 18:00:00+00:00,CAL,California,WND,Wind,3811,megawatthours
2025-07-21 19:00:00+00:00,CAL,California,WND,Wind,3593,megawatthours
2025-07-21 20:00:00+00:00,CAL,California,WND,Wind,3342,megawatthours
2025-07-21 21:00:00+00:00,CAL,California,WND,Wind,3360,megawatthours
2025-07-21 22:00:00+00:00,CAL,California,WND,Wind,3634,megawatthours
2025-07-21 23:00:00+00:00,CAL,California,WND,Wind,4024,megawatthours
2025-07-22 00:00:00+00:00,CAL,California,WND,Wind,4299,megawatthours
2025-07-22 01:00:00+00:00,CAL,California,WND,Wind,4838,megawatthours
2025-07-22 02:00:00+00:00,CAL,California,WND,Wind,5135,megawatthours
2025-07-22 03:00:00+00:00,CAL,California,WND,Wind,5199,megawatthours
2025-07-22 04:00:00+00:00,CAL,California,WND,Wind,5062,megawatthours
2025-07-22 05:00:00+00:00,CAL,California,WND,Wind,4972,megawatthours
2025-07-22 06:00:00+00:00,CAL,California,WND,Wind,4636,megawatthours
2025-07-22 07:00:00+00:00,CAL,California,WND,Wind,4754,megawatthours
2025-07-22 08:00:00+00:00,CAL,California,WND,Wind,4816,megawatthours
2025-07-22 09:00:00+00:00,CAL,California,WND,Wind,5058,megawatthours
2025-07-22 10:00:00+00:00,CAL,California,WND,Wind,5295,megawatthours
2025-07-22 11:00:00+00:00,CAL,California,WND,Wind,5210,megawatthours
2025-07-22 12:00:00+00:00,CAL,California,WND,Wind,5088,megawatthours
2025-07-22 13:00:00+00:00,CAL,California,WND,Wind,4922,megawatthours
2025-07-22 14:00:00+00:00,CAL,California,WND,Wind,4554,megawatthours
2025-07-22 15:00:00+00:00,CAL,California,WND,Wind,4247,megawatthours
2025-07-22 16:00:00+00:00,CAL,California,WND,Wind,3936,megawatthours
2025-07-22 17:00:00+00:00,CAL,California,WND,Wind,3631,megawatthours
2025-07-22 18:00:00+00:00,CAL,California,WND,Wind,3141,megawatthours
2025-07-22 19:00:00+00:00,CAL,California,WND,Wind,2714,megawatthours
2025-07-22 20:00:00+00:00,CAL,California,WND,Wind,2831,megawatthours
2025-07-22 21:00:00+00:00,CAL,California,WND,Wind,3001,megawatthours
2025-07-22 22:00:00+00:00,CAL,California,WND,Wind,3378,megawatthours
2025-07-22 23:00:00+00:00,CAL,California,WND,Wind,4087,megawatthours
2025-07-23 00:00:00+00:00,CAL,California,WND,Wind,4398,megawatthours
2025-07-23 01:00:00+00:00,CAL,California,WND,Wind,4270,megawatthours
2025-07-23 02:00:00+00:00,CAL,California,WND,Wind,4459,megawatthours
2025-07-23 03:00:00+00:00,CAL,California,WND,Wind,4527,megawatthours
2025-07-23 04:00:00+00:00,CAL,California,WND,Wind,4400,megawatthours
2025-07-23 05:00:00+00:00,CAL,California,WND,Wind,4527,megawatthours
2025-07-23 06:00:00+00:00,CAL,California,WND,Wind,4508,megawatthours
2025-07-23 07:00:00+00:00,CAL,California,WND,Wind,4472,megawatthours
2025-07-23 08:00:00+00:00,CAL,California,WND,Wind,4338,megawatthours
2025-07-23 09:00:00+00:00,CAL,California,WND,Wind,4089,megawatthours
2025-07-23 10:00:00+00:00,CAL,California,WND,Wind,4195,megawatthours
2025-07-23 11:00:00+00:00,CAL,California,WND,Wind,4030,megawatthours
2025-07-23 12:00:00+00:00,CAL,California,WND,Wind,3924,megawatthours
2025-07-23 13:00:00+00:00,CAL,California,WND,Wind,3660,megawatthours
2025-07-23 14:00:00+00:00,CAL,California,WND,Wind,3662,megawatthours
2025-07-23 15:00:00+00:00,CAL,California,WND,Wind,3401,megawatthours
2025-07-23 16:00:00+00:00,CAL,California,WND,Wind,3205,megawatthours
2025-07-23 17:00:00+00:00,CAL,California,WND,Wind,2724,megawatthours
2025-07-23 18:00:00+00:00,CAL,California,WND,Wind,2397,megawatthours
2025-07-23 19:00:00+00:00,CAL,California,WND,Wind,2144,megawatthours
2025-07-23 20:00:00+00:00,CAL,California,WND,Wind,2001,megawatthours
2025-07-23 21:00:00+00:00,CAL,California,WND,Wind,1890,megawatthours
2025-07-23 22:00:00+00:00,CAL,California,WND,Wind,2166,megawatthours
2025-07-23 23:00:00+00:00,CAL,California,WND,Wind,2603,megawatthours
2025-07-24 00:00:00+00:00,CAL,California,WND,Wind,3067,megawatthours
2025-07-24 01:00:00+00:00,CAL,California,WND,Wind,3083,megawatthours
2025-07-24 02:00:00+00:00,CAL,California,WND,Wind,3277,megawatthours
2025-07-24 03:00:00+00:00,CAL,California,WND,Wind,3347,megawatthours
2025-07-24 04:00:00+00:00,CAL,California,WND,Wind,2870,megawatthours
2025-07-24 05:00:00+00:00,CAL,California,WND,Wind,2875,megawatthours
2025-07-24 06:00:00+00:00,CAL,California,WND,Wind,3090,megawatthours
2025-07-24 07:00:00+00:00,CAL,California,WND,Wind,2995,megawatthours
2025-07-24 08:00:00+00:00,CAL,California,WND,Wind,3097,megawatthours
2025-07-24 09:00:00+00:00,CAL,California,WND,Wind,3047,megawatthours
2025-07-24 10:00:00+00:00,CAL,California,WND,Wind,2975,megawatthours
2025-07-24 11:00:00+00:00,CAL,California,WND,Wind,2812,megawatthours
2025-07-24 12:00:00+00:00,CAL,California,WND,Wind,2869,megawatthours
2025-07-24 13:00:00+00:00,CAL,California,WND,Wind,2768,megawatthours
2025-07-24 14:00:00+00:00,CAL,California,WND,Wind,2482,megawatthours
2025-07-24 15:00:00+00:00,CAL,California,WND,Wind,2209,megawatthours
2025-07-24 16:00:00+00:00,CAL,California,WND,Wind,1979,megawatthours
2025-07-24 17:00:00+00:00,CAL,California,WND,Wind,1999,megawatthours
2025-07-24 18:00:00+00:00,CAL,California,WND,Wind,1927,megawatthours
2025-07-24 19:00:00+00:00,CAL,California,WND,Wind,1881,megawatthours
2025-07-24 20:00:00+00:00,CAL,California,WND,Wind,1842,megawatthours
2025-07-24 21:00:00+00:00,CAL,California,WND,Wind,2030,megawatthours
2025-07-24 22:00:00+00:00,CAL,California,WND,Wind,2367,megawatthours
2025-07-24 23:00:00+00:00,CAL,California,WND,Wind,2630,megawatthours
2025-07-25 00:00:00+00:00,CAL,California,WND,Wind,2702,megawatthours
2025-07-25 01:00:00+00:00,CAL,California,WND,Wind,2575,megawatthours
2025-07-25 02:00:00+00:00,CAL,California,WND,Wind,2693,megawatthours
2025-07-25 03:00:00+00:00,CAL,California,WND,Wind,2713,megawatthours
2025-07-25 04:00:00+00:00,CAL,California,WND,Wind,3088,megawatthours
2025-07-25 05:00:00+00:00,CAL,California,WND,Wind,3115,megawatthours
2025-07-25 06:00:00+00:00,CAL,California,WND,Wind,2987,megawatthours
2025-07-25 07:00:00+00:00,CAL,California,WND,Wind,3161,megawatthours
2025-07-25 08:00:00+00:00,CAL,California,WND,Wind,3441,megawatthours
2025-07-25 09:00:00+00:00,CAL,California,WND,Wind,3398,megawatthours
2025-07-25 10:00:00+00:00,CAL,California,WND,Wind,3447,megawatthours
2025-07-25 11:00:00+00:00,CAL,California,WND,Wind,3567,megawatthours
2025-07-25 12:00:00+00:00,CAL,California,WND,Wind,3452,megawatthours
2025-07-25 13:00:00+00:00,CAL,California,WND,Wind,3211,megawatthours
2025-07-25 14:00:00+00:00,CAL,California,WND,Wind,2938,megawatthours
2025-07-25 15:00:00+00:00,CAL,California,WND,Wind,2652,megawatthours
2025-07-25 16:00:00+00:00,CAL,California,WND,Wind,2391,megawatthours
2025-07-25 17:00:00+00:00,CAL,California,WND,Wind,2110,megawatthours
2025-07-25 18:00:00+00:00,CAL,California,WND,Wind,2000,megawatthours
2025-07-25 19:00:00+00:00,CAL,California,WND,Wind,2017,megawatthours
2025-07-25 20:00:00+00:00,CAL,California,WND,Wind,2022,megawatthours
2025-07-25 21:00:00+00:00,CAL,California,WND,Wind,2269,megawatthours
2025-07-25 22:00:00+00:00,CAL,California,WND,Wind,2681,megawatthours
2025-07-25 23:00:00+00:00,CAL,California,WND,Wind,3010,megawatthours
2025-07-26 00:00:00+00:00,CAL,California,WND,Wind,3350,megawatthours
2025-07-26 01:00:00+00:00,CAL,California,WND,Wind,3665,megawatthours
2025-07-26 02:00:00+00:00,CAL,California,WND,Wind,4009,megawatthours
2025-07-26 03:00:00+00:00,CAL,California,WND,Wind,4327,megawatthours
2025-07-26 04:00:00+00:00,CAL,California,WND,Wind,4500,megawatthours
2025-07-26 05:00:00+00:00,CAL,California,WND,Wind,4575,megawatthours
2025-07-26 06:00:00+00:00,CAL,California,WND,Wind,4584,megawatthours
2025-07-26 07:00:00+00:00,CAL,California,WND,Wind,4038,megawatthours
2025-07-26 08:00:00+00:00,CAL,California,WND,Wind,3979,megawatthours
2025-07-26 09:00:00+00:00,CAL,California,WND,Wind,4087,megawatthours
2025-07-26 10:00:00+00:00,CAL,California,WND,Wind,4064,megawatthours
2025-07-26 11:00:00+00:00,CAL,California,WND,Wind,4166,megawatthours
2025-07-26 12:00:00+00:00,CAL,California,WND,Wind,4275,megawatthours
2025-07-26 13:00:00+00:00,CAL,California,WND,Wind,4524,megawatthours
2025-07-26 14:00:00+00:00,CAL,California,WND,Wind,4464,megawatthours
2025-07-26 15:00:00+00:00,CAL,California,WND,Wind,4438,megawatthours
2025-07-26 16:00:00+00:00,CAL,California,WND,Wind,4188,megawatthours
2025-07-26 17:00:00+00:00,CAL,California,WND,Wind,4000,megawatthours
2025-07-26 18:00:00+00:00,CAL,California,WND,Wind,3656,megawatthours
2025-07-26 19:00:00+00:00,CAL,California,WND,Wind,3591,megawatthours
2025-07-26 20:00:00+00:00,CAL,California,WND,Wind,3600,megawatthours
2025-07-26 21:00:00+00:00,CAL,California,WND,Wind,3365,megawatthours
2025-07-26 22:00:00+00:00,CAL,California,WND,Wind,3301,megawatthours
2025-07-26 23:00:00+00:00,CAL,California,WND,Wind,3512,megawatthours
2025-07-27 00:00:00+00:00,CAL,California,WND,Wind,3812,megawatthours
2025-07-27 01:00:00+00:00,CAL,California,WND,Wind,4306,megawatthours
2025-07-27 02:00:00+00:00,CAL,California,WND,Wind,4681,megawatthours
2025-07-27 03:00:00+00:00,CAL,California,WND,Wind,4555,megawatthours
2025-07-27 04:00:00+00:00,CAL,California,WND,Wind,4398,megawatthours
2025-07-27 05:00:00+00:00,CAL,California,WND,Wind,4885,megawatthours
2025-07-27 06:00:00+00:00,CAL,California,WND,Wind,4772,megawatthours
2025-07-27 07:00:00+00:00,CAL,California,WND,Wind,4794,megawatthours
2025-07-27 08:00:00+00:00,CAL,California,WND,Wind,4704,megawatthours
2025-07-27 09:00:00+00:00,CAL,California,WND,Wind,4827,megawatthours
2025-07-27 10:00:00+00:00,CAL,California,WND,Wind,4794,megawatthours
2025-07-27 11:00:00+00:00,CAL,California,WND,Wind,4753,megawatthours
2025-07-27 12:00:00+00:00,CAL,California,WND,Wind,4714,megawatthours
2025-07-27 13:00:00+00:00,CAL,California,WND,Wind,4285,megawatthours
2025-07-27 14:00:00+00:00,CAL,California,WND,Wind,3764,megawatthours
2025-07-27 15:00:00+00:00,CAL,California,WND,Wind,3365,megawatthours
2025-07-27 16:00:00+00:00,CAL,California,WND,Wind,3037,megawatthours
2025-07-27 17:00:00+00:00,CAL,California,WND,Wind,2575,megawatthours
2025-07-27 18:00:00+00:00,CAL,California,WND,Wind,2098,megawatthours
2025-07-27 19:00:00+00:00,CAL,California,WND,Wind,1549,megawatthours
2025-07-27 20:00:00+00:00,CAL,California,WND,Wind,1427,megawatthours
2025-07-27 21:00:00+00:00,CAL,California,WND,Wind,1411,megawatthours
2025-07-27 22:00:00+00:00,CAL,California,WND,Wind,1687,megawatthours
2025-07-27 23:00:00+00:00,CAL,California,WND,Wind,2081,megawatthours
2025-07-28 00:00:00+00:00,CAL,California,WND,Wind,2264,megawatthours
2025-07-28 01:00:00+00:00,CAL,California,WND,Wind,2625,megawatthours
2025-07-28 02:00:00+00:00,CAL,California,WND,Wind,3318,megawatthours
2025-07-28 03:00:00+00:00,CAL,California,WND,Wind,4040,megawatthours
2025-07-28 04:00:00+00:00,CAL,California,WND,Wind,4200,megawatthours
2025-07-28 05:00:00+00:00,CAL,California,WND,Wind,4300,megawatthours
2025-07-28 06:00:00+00:00,CAL,California,WND,Wind,4165,megawatthours
2025-07-28 07:00:00+00:00,CAL,California,WND,Wind,4335,megawatthours
2025-07-28 08:00:00+00:00,CAL,California,WND,Wind,4244,megawatthours
2025-07-28 09:00:00+00:00,CAL,California,WND,Wind,4215,megawatthours
2025-07-28 10:00:00+00:00,CAL,California,WND,Wind,4020,megawatthours
2025-07-28 11:00:00+00:00,CAL,California,WND,Wind,3838,megawatthours
2025-07-28 12:00:00+00:00,CAL,California,WND,Wind,3658,megawatthours
2025-07-28 13:00:00+00:00,CAL,California,WND,Wind,3571,megawatthours
2025-07-28 14:00:00+00:00,CAL,California,WND,Wind,3471,megawatthours
2025-07-28 15:00:00+00:00,CAL,California,WND,Wind,3023,megawatthours
2025-07-28 16:00:00+00:00,CAL,California,WND,Wind,2059,megawatthours
2025-07-28 17:00:00+00:00,CAL,California,WND,Wind,1396,megawatthours
2025-07-28 18:00:00+00:00,CAL,California,WND,Wind,1038,megawatthours
2025-07-28 19:00:00+00:00,CAL,California,WND,Wind,909,megawatthours
2025-07-28 20:00:00+00:00,CAL,California,WND,Wind,857,megawatthours
2025-07-28 21:00:00+00:00,CAL,California,WND,Wind,1035,megawatthours
2025-07-28 22:00:00+00:00,CAL,California,WND,Wind,1436,megawatthours
2025-07-28 23:00:00+00:00,CAL,California,WND,Wind,1970,megawatthours
2025-07-29 00:00:00+00:00,CAL,California,WND,Wind,2549,megawatthours
2025-07-29 01:00:00+00:00,CAL,California,WND,Wind,3268,megawatthours
2025-07-29 02:00:00+00:00,CAL,California,WND,Wind,3700,megawatthours
2025-07-29 03:00:00+00:00,CAL,California,WND,Wind,3974,megawatthours
2025-07-29 04:00:00+00:00,CAL,California,WND,Wind,4304,megawatthours
2025-07-29 05:00:00+00:00,CAL,California,WND,Wind,4609,megawatthours
2025-07-29 06:00:00+00:00,CAL,California,WND,Wind,4721,megawatthours
2025-07-29 07:00:00+00:00,CAL,California,WND,Wind,4666,megawatthours
2025-07-29 08:00:00+00:00,CAL,California,WND,Wind,4516,megawatthours
2025-07-29 09:00:00+00:00,CAL,California,WND,Wind,4504,megawatthours
2025-07-29 10:00:00+00:00,CAL,California,WND,Wind,4666,megawatthours
2025-07-29 11:00:00+00:00,CAL,California,WND,Wind,4459,megawatthours
2025-07-29 12:00:00+00:00,CAL,California,WND,Wind,4160,megawatthours
2025-07-29 13:00:00+00:00,CAL,California,WND,Wind,4134,megawatthours
2025-07-29 14:00:00+00:00,CAL,California,WND,Wind,3980,megawatthours
2025-07-29 15:00:00+00:00,CAL,California,WND,Wind,3479,megawatthours
2025-07-29 16:00:00+00:00,CAL,California,WND,Wind,3041,megawatthours
2025-07-29 17:00:00+00:00,CAL,California,WND,Wind,2850,megawatthours
2025-07-29 18:00:00+00:00,CAL,California,WND,Wind,2604,megawatthours
2025-07-29 19:00:00+00:00,CAL,California,WND,Wind,2305,megawatthours
2025-07-29 20:00:00+00:00,CAL,California,WND,Wind,2209,megawatthours
2025-07-29 21:00:00+00:00,CAL,California,WND,Wind,2133,megawatthours
2025-07-29 22:00:00+00:00,CAL,California,WND,Wind,2443,megawatthours
2025-07-29 23:00:00+00:00,CAL,California,WND,Wind,2705,megawatthours
2025-07-30 00:00:00+00:00,CAL,California,WND,Wind,3258,megawatthours
2025-07-30 01:00:00+00:00,CAL,California,WND,Wind,4200,megawatthours
2025-07-30 02:00:00+00:00,CAL,California,WND,Wind,4238,megawatthours
2025-07-30 03:00:00+00:00,CAL,California,WND,Wind,4524,megawatthours
2025-07-30 04:00:00+00:00,CAL,California,WND,Wind,4375,megawatthours
2025-07-30 05:00:00+00:00,CAL,California,WND,Wind,4390,megawatthours
2025-07-30 06:00:00+00:00,CAL,California,WND,Wind,4360,megawatthours
2025-07-30 07:00:00+00:00,CAL,California,WND,Wind,4358,megawatthours
2025-07-30 08:00:00+00:00,CAL,California,WND,Wind,4388,megawatthours
2025-07-30 09:00:00+00:00,CAL,California,WND,Wind,4508,megawatthours
2025-07-30 10:00:00+00:00,CAL,California,WND,Wind,4424,megawatthours
2025-07-30 11:00:00+00:00,CAL,California,WND,Wind,4377,megawatthours
2025-07-30 12:00:00+00:00,CAL,California,WND,Wind,3901,megawatthours
2025-07-30 13:00:00+00:00,CAL,California,WND,Wind,3560,megawatthours
2025-07-30 14:00:00+00:00,CAL,California,WND,Wind,3603,megawatthours
2025-07-30 15:00:00+00:00,CAL,California,WND,Wind,3453,megawatthours
2025-07-30 16:00:00+00:00,CAL,California,WND,Wind,3106,megawatthours
2025-07-30 17:00:00+00:00,CAL,California,WND,Wind,3036,megawatthours
2025-07-30 18:00:00+00:00,CAL,California,WND,Wind,3309,megawatthours
2025-07-30 19:00:00+00:00,CAL,California,WND,Wind,3397,megawatthours
2025-07-30 20:00:00+00:00,CAL,California,WND,Wind,3162,megawatthours
2025-07-30 21:00:00+00:00,CAL,California,WND,Wind,3140,megawatthours
2025-07-30 22:00:00+00:00,CAL,California,WND,Wind,3549,megawatthours
2025-07-30 23:00:00+00:00,CAL,California,WND,Wind,3812,megawatthours
2025-07-31 00:00:00+00:00,CAL,California,WND,Wind,3926,megawatthours
2025-07-31 01:00:00+00:00,CAL,California,WND,Wind,3899,megawatthours
2025-07-31 02:00:00+00:00,CAL,California,WND,Wind,4183,megawatthours
2025-07-31 03:00:00+00:00,CAL,California,WND,Wind,4414,megawatthours
2025-07-31 04:00:00+00:00,CAL,California,WND,Wind,4565,megawatthours
2025-07-31 05:00:00+00:00,CAL,California,WND,Wind,4414,megawatthours
2025-07-31 06:00:00+00:00,CAL,California,WND,Wind,4326,megawatthours
2025-07-31 07:00:00+00:00,CAL,California,WND,Wind,4145,megawatthours
2025-07-31 08:00:00+00:00,CAL,California,WND,Wind,4248,megawatthours
2025-07-31 09:00:00+00:00,CAL,California,WND,Wind,4094,megawatthours
2025-07-31 10:00:00+00:00,CAL,California,WND,Wind,3704,megawatthours
2025-07-31 11:00:00+00:00,CAL,California,WND,Wind,3550,megawatthours
2025-07-31 12:00:00+00:00,CAL,California,WND,Wind,3475,megawatthours
2025-07-31 13:00:00+00:00,CAL,California,WND,Wind,3257,megawatthours
2025-07-31 14:00:00+00:00,CAL,California,WND,Wind,2989,megawatthours
2025-07-31 15:00:00+00:00,CAL,California,WND,Wind,2522,megawatthours
2025-07-31 16:00:00+00:00,CAL,California,WND,Wind,2030,megawatthours
2025-07-31 17:00:00+00:00,CAL,California,WND,Wind,1380,megawatthours
2025-07-31 18:00:00+00:00,CAL,California,WND,Wind,1003,megawatthours
2025-07-31 19:00:00+00:00,CAL,California,WND,Wind,736,megawatthours
2025-07-31 20:00:00+00:00,CAL,California,WND,Wind,615,megawatthours
2025-07-31 21:00:00+00:00,CAL,California,WND,Wind,639,megawatthours
2025-07-31 22:00:00+00:00,CAL,California,WND,Wind,874,megawatthours
2025-07-31 23:00:00+00:00,CAL,California,WND,Wind,1250,megawatthours
2025-08-01 00:00:00+00:00,CAL,California,WND,Wind,1916,megawatthours
2025-08-01 01:00:00+00:00,CAL,California,WND,Wind,2550,megawatthours
2025-08-01 02:00:00+00:00,CAL,California,WND,Wind,2981,megawatthours
2025-08-01 03:00:00+00:00,CAL,California,WND,Wind,3196,megawatthours
2025-08-01 04:00:00+00:00,CAL,California,WND,Wind,3230,megawatthours
2025-08-01 05:00:00+00:00,CAL,California,WND,Wind,3335,megawatthours
2025-08-01 06:00:00+00:00,CAL,California,WND,Wind,3500,megawatthours
2025-08-01 07:00:00+00:00,CAL,California,WND,Wind,3711,megawatthours
2025-08-01 08:00:00+00:00,CAL,California,WND,Wind,3813,megawatthours
2025-08-01 09:00:00+00:00,CAL,California,WND,Wind,4280,megawatthours
2025-08-01 10:00:00+00:00,CAL,California,WND,Wind,4323,megawatthours
2025-08-01 11:00:00+00:00,CAL,California,WND,Wind,3685,megawatthours
2025-08-01 12:00:00+00:00,CAL,California,WND,Wind,3350,megawatthours
2025-08-01 13:00:00+00:00,CAL,California,WND,Wind,3269,megawatthours
2025-08-01 14:00:00+00:00,CAL,California,WND,Wind,3021,megawatthours
2025-08-01 15:00:00+00:00,CAL,California,WND,Wind,2543,megawatthours
2025-08-01 16:00:00+00:00,CAL,California,WND,Wind,2112,megawatthours
2025-08-01 17:00:00+00:00,CAL,California,WND,Wind,1932,megawatthours
2025-08-01 18:00:00+00:00,CAL,California,WND,Wind,1538,megawatthours
2025-08-01 19:00:00+00:00,CAL,California,WND,Wind,1070,megawatthours
2025-08-01 20:00:00+00:00,CAL,California,WND,Wind,986,megawatthours
2025-08-01 21:00:00+00:00,CAL,California,WND,Wind,1076,megawatthours
2025-08-01 22:00:00+00:00,CAL,California,WND,Wind,1463,megawatthours
2025-08-01 23:00:00+00:00,CAL,California,WND,Wind,1932,megawatthours
2025-08-02 00:00:00+00:00,CAL,California,WND,Wind,2560,megawatthours
2025-08-02 01:00:00+00:00,CAL,California,WND,Wind,3198,megawatthours
2025-08-02 02:00:00+00:00,CAL,California,WND,Wind,3728,megawatthours
2025-08-02 03:00:00+00:00,CAL,California,WND,Wind,3944,megawatthours
2025-08-02 04:00:00+00:00,CAL,California,WND,Wind,3954,megawatthours
2025-08-02 05:00:00+00:00,CAL,California,WND,Wind,4030,megawatthours
2025-08-02 06:00:00+00:00,CAL,California,WND,Wind,4221,megawatthours
2025-08-02 07:00:00+00:00,CAL,California,WND,Wind,4122,megawatthours
2025-08-02 08:00:00+00:00,CAL,California,WND,Wind,4268,megawatthours
2025-08-02 09:00:00+00:00,CAL,California,WND,Wind,4572,megawatthours
2025-08-02 10:00:00+00:00,CAL,California,WND,Wind,4663,megawatthours
2025-08-02 11:00:00+00:00,CAL,California,WND,Wind,4324,megawatthours
2025-08-02 12:00:00+00:00,CAL,California,WND,Wind,4247,megawatthours
2025-08-02 13:00:00+00:00,CAL,California,WND,Wind,4274,megawatthours
2025-08-02 14:00:00+00:00,CAL,California,WND,Wind,4113,megawatthours
2025-08-02 15:00:00+00:00,CAL,California,WND,Wind,3972,megawatthours
2025-08-02 16:00:00+00:00,CAL,California,WND,Wind,3603,megawatthours
2025-08-02 17:00:00+00:00,CAL,California,WND,Wind,3285,megawatthours
2025-08-02 18:00:00+00:00,CAL,California,WND,Wind,3305,megawatthours
2025-08-02 19:00:00+00:00,CAL,California,WND,Wind,2862,megawatthours
2025-08-02 20:00:00+00:00,CAL,California,WND,Wind,3029,megawatthours
2025-08-02 21:00:00+00:00,CAL,California,WND,Wind,3132,megawatthours
2025-08-02 22:00:00+00:00,CAL,California,WND,Wind,3385,megawatthours
2025-08-02 23:00:00+00:00,CAL,California,WND,Wind,3815,megawatthours
2025-08-03 00:00:00+00:00,CAL,California,WND,Wind,4112,megawatthours
2025-08-03 01:00:00+00:00,CAL,California,WND,Wind,4171,megawatthours
2025-08-03 02:00:00+00:00,CAL,California,WND,Wind,4629,megawatthours
2025-08-03 03:00:00+00:00,CAL,California,WND,Wind,4936,megawatthours
2025-08-03 04:00:00+00:00,CAL,California,WND,Wind,5387,megawatthours
2025-08-03 05:00:00+00:00,CAL,California,WND,Wind,5696,megawatthours
2025-08-03 06:00:00+00:00,CAL,California,WND,Wind,5540,megawatthours
2025-08-03 07:00:00+00:00,CAL,California,WND,Wind,5306,megawatthours
2025-08-03 08:00:00+00:00,CAL,California,WND,Wind,5268,megawatthours
2025-08-03 09:00:00+00:00,CAL,California,WND,Wind,5156,megawatthours
2025-08-03 10:00:00+00:00,CAL,California,WND,Wind,5014,megawatthours
2025-08-03 11:00:00+00:00,CAL,California,WND,Wind,5218,megawatthours
2025-08-03 12:00:00+00:00,CAL,California,WND,Wind,5244,megawatthours
2025-08-03 13:00:00+00:00,CAL,California,WND,Wind,5095,megawatthours
2025-08-03 14:00:00+00:00,CAL,California,WND,Wind,5053,megawatthours
2025-08-03 15:00:00+00:00,CAL,California,WND,Wind,4514,megawatthours
2025-08-03 16:00:00+00:00,CAL,California,WND,Wind,4001,megawatthours
2025-08-03 17:00:00+00:00,CAL,California,WND,Wind,3826,megawatthours
2025-08-03 18:00:00+00:00,CAL,California,WND,Wind,3417,megawatthours
2025-08-03 19:00:00+00:00,CAL,California,WND,Wind,3134,megawatthours
2025-08-03 20:00:00+00:00,CAL,California,WND,Wind,3371,megawatthours
2025-08-03 21:00:00+00:00,CAL,California,WND,Wind,3657,megawatthours
2025-08-03 22:00:00+00:00,CAL,California,WND,Wind,3865,megawatthours
2025-08-03 23:00:00+00:00,CAL,California,WND,Wind,4452,megawatthours
2025-08-04 00:00:00+00:00,CAL,California,WND,Wind,4868,megawatthours
2025-08-04 01:00:00+00:00,CAL,California,WND,Wind,4995,megawatthours
2025-08-04 02:00:00+00:00,CAL,California,WND,Wind,4934,megawatthours
2025-08-04 03:00:00+00:00,CAL,California,WND,Wind,4888,megawatthours
2025-08-04 04:00:00+00:00,CAL,California,WND,Wind,4783,megawatthours
2025-08-04 05:00:00+00:00,CAL,California,WND,Wind,5032,megawatthours
2025-08-04 06:00:00+00:00,CAL,California,WND,Wind,5100,megawatthours
2025-08-04 07:00:00+00:00,CAL,California,WND,Wind,5118,megawatthours
2025-08-04 08:00:00+00:00,CAL,California,WND,Wind,5069,megawatthours
2025-08-04 09:00:00+00:00,CAL,California,WND,Wind,5180,megawatthours
2025-08-04 10:00:00+00:00,CAL,California,WND,Wind,4792,megawatthours
2025-08-04 11:00:00+00:00,CAL,California,WND,Wind,4749,megawatthours
2025-08-04 12:00:00+00:00,CAL,California,WND,Wind,4814,megawatthours
2025-08-04 13:00:00+00:00,CAL,California,WND,Wind,4947,megawatthours
2025-08-04 14:00:00+00:00,CAL,California,WND,Wind,4954,megawatthours
2025-08-04 15:00:00+00:00,CAL,California,WND,Wind,4891,megawatthours
2025-08-04 16:00:00+00:00,CAL,California,WND,Wind,4419,megawatthours
2025-08-04 17:00:00+00:00,CAL,California,WND,Wind,3873,megawatthours
2025-08-04 18:00:00+00:00,CAL,California,WND,Wind,3677,megawatthours
2025-08-04 19:00:00+00:00,CAL,California,WND,Wind,3542,megawatthours
2025-08-04 20:00:00+00:00,CAL,California,WND,Wind,3526,megawatthours
2025-08-04 21:00:00+00:00,CAL,California,WND,Wind,3888,megawatthours
2025-08-04 22:00:00+00:00,CAL,California,WND,Wind,3988,megawatthours
2025-08-04 23:00:00+00:00,CAL,California,WND,Wind,3828,megawatthours
2025-08-05 00:00:00+00:00,CAL,California,WND,Wind,4097,megawatthours
2025-08-05 01:00:00+00:00,CAL,California,WND,Wind,4405,megawatthours
2025-08-05 02:00:00+00:00,CAL,California,WND,Wind,5024,megawatthours
2025-08-05 03:00:00+00:00,CAL,California,WND,Wind,4948,megawatthours
2025-08-05 04:00:00+00:00,CAL,California,WND,Wind,4820,megawatthours
2025-08-05 05:00:00+00:00,CAL,California,WND,Wind,4816,megawatthours
2025-08-05 06:00:00+00:00,CAL,California,WND,Wind,5040,megawatthours
2025-08-05 07:00:00+00:00,CAL,California,WND,Wind,5254,megawatthours
2025-08-05 08:00:00+00:00,CAL,California,WND,Wind,5623,megawatthours
2025-08-05 09:00:00+00:00,CAL,California,WND,Wind,5769,megawatthours
2025-08-05 10:00:00+00:00,CAL,California,WND,Wind,5665,megawatthours
2025-08-05 11:00:00+00:00,CAL,California,WND,Wind,5409,megawatthours
2025-08-05 12:00:00+00:00,CAL,California,WND,Wind,4826,megawatthours
2025-08-05 13:00:00+00:00,CAL,California,WND,Wind,4505,megawatthours
2025-08-05 14:00:00+00:00,CAL,California,WND,Wind,3944,megawatthours
2025-08-05 15:00:00+00:00,CAL,California,WND,Wind,3468,megawatthours
2025-08-05 16:00:00+00:00,CAL,California,WND,Wind,3251,megawatthours
2025-08-05 17:00:00+00:00,CAL,California,WND,Wind,2915,megawatthours
2025-08-05 18:00:00+00:00,CAL,California,WND,Wind,2751,megawatthours
2025-08-05 19:00:00+00:00,CAL,California,WND,Wind,1985,megawatthours
2025-08-05 20:00:00+00:00,CAL,California,WND,Wind,1637,megawatthours
2025-08-05 21:00:00+00:00,CAL,California,WND,Wind,1611,megawatthours
2025-08-05 22:00:00+00:00,CAL,California,WND,Wind,1870,megawatthours
2025-08-05 23:00:00+00:00,CAL,California,WND,Wind,2256,megawatthours
2025-08-06 00:00:00+00:00,CAL,California,WND,Wind,2772,megawatthours
2025-08-06 01:00:00+00:00,CAL,California,WND,Wind,3097,megawatthours
2025-08-06 02:00:00+00:00,CAL,California,WND,Wind,3300,megawatthours
2025-08-06 03:00:00+00:00,CAL,California,WND,Wind,3483,megawatthours
2025-08-06 04:00:00+00:00,CAL,California,WND,Wind,3710,megawatthours
2025-08-06 05:00:00+00:00,CAL,California,WND,Wind,4007,megawatthours
2025-08-06 06:00:00+00:00,CAL,California,WND,Wind,4075,megawatthours
2025-08-06 07:00:00+00:00,CAL,California,WND,Wind,3826,megawatthours
2025-08-06 08:00:00+00:00,CAL,California,WND,Wind,3580,megawatthours
2025-08-06 09:00:00+00:00,CAL,California,WND,Wind,3659,megawatthours
2025-08-06 10:00:00+00:00,CAL,California,WND,Wind,3815,megawatthours
2025-08-06 11:00:00+00:00,CAL,California,WND,Wind,4123,megawatthours
2025-08-06 12:00:00+00:00,CAL,California,WND,Wind,4346,megawatthours
2025-08-06 13:00:00+00:00,CAL,California,WND,Wind,4220,megawatthours
2025-08-06 14:00:00+00:00,CAL,California,WND,Wind,3501,megawatthours
2025-08-06 15:00:00+00:00,CAL,California,WND,Wind,2984,megawatthours
2025-08-06 16:00:00+00:00,CAL,California,WND,Wind,2389,megawatthours
2025-08-06 17:00:00+00:00,CAL,California,WND,Wind,2112,megawatthours
2025-08-06 18:00:00+00:00,CAL,California,WND,Wind,1724,megawatthours
2025-08-06 19:00:00+00:00,CAL,California,WND,Wind,1393,megawatthours
2025-08-06 20:00:00+00:00,CAL,California,WND,Wind,1137,megawatthours
2025-08-06 21:00:00+00:00,CAL,California,WND,Wind,1184,megawatthours
2025-08-06 22:00:00+00:00,CAL,California,WND,Wind,1358,megawatthours
2025-08-06 23:00:00+00:00,CAL,California,WND,Wind,1579,megawatthours
2025-08-07 00:00:00+00:00,CAL,California,WND,Wind,1794,megawatthours
2025-08-07 01:00:00+00:00,CAL,California,WND,Wind,1979,megawatthours
2025-08-07 02:00:00+00:00,CAL,California,WND,Wind,2372,megawatthours
2025-08-07 03:00:00+00:00,CAL,California,WND,Wind,3229,megawatthours
2025-08-07 04:00:00+00:00,CAL,California,WND,Wind,3288,megawatthours
2025-08-07 05:00:00+00:00,CAL,California,WND,Wind,3112,megawatthours
2025-08-07 06:00:00+00:00,CAL,California,WND,Wind,3180,megawatthours
2025-08-07 07:00:00+00:00,CAL,California,WND,Wind,3263,megawatthours
2025-08-07 08:00:00+00:00,CAL,California,WND,Wind,3278,megawatthours
2025-08-07 09:00:00+00:00,CAL,California,WND,Wind,3487,megawatthours
2025-08-07 10:00:00+00:00,CAL,California,WND,Wind,3500,megawatthours
2025-08-07 11:00:00+00:00,CAL,California,WND,Wind,3812,megawatthours
2025-08-07 12:00:00+00:00,CAL,California,WND,Wind,4130,megawatthours
2025-08-07 13:00:00+00:00,CAL,California,WND,Wind,4061,megawatthours
2025-08-07 14:00:00+00:00,CAL,California,WND,Wind,3909,megawatthours
2025-08-07 15:00:00+00:00,CAL,California,WND,Wind,3639,megawatthours
2025-08-07 16:00:00+00:00,CAL,California,WND,Wind,3149,megawatthours
2025-08-07 17:00:00+00:00,CAL,California,WND,Wind,2442,megawatthours
2025-08-07 18:00:00+00:00,CAL,California,WND,Wind,2107,megawatthours
2025-08-07 19:00:00+00:00,CAL,California,WND,Wind,1640,megawatthours
2025-08-07 20:00:00+00:00,CAL,California,WND,Wind,1396,megawatthours
2025-08-07 21:00:00+00:00,CAL,California,WND,Wind,1408,megawatthours
2025-08-07 22:00:00+00:00,CAL,California,WND,Wind,1446,megawatthours
2025-08-07 23:00:00+00:00,CAL,California,WND,Wind,1748,megawatthours
2025-08-08 00:00:00+00:00,CAL,California,WND,Wind,1975,megawatthours
2025-08-08 01:00:00+00:00,CAL,California,WND,Wind,2277,megawatthours
2025-08-08 02:00:00+00:00,CAL,California,WND,Wind,2758,megawatthours
2025-08-08 03:00:00+00:00,CAL,California,WND,Wind,3037,megawatthours
2025-08-08 04:00:00+00:00,CAL,California,WND,Wind,3316,megawatthours
2025-08-08 05:00:00+00:00,CAL,California,WND,Wind,3485,megawatthours
2025-08-08 06:00:00+00:00,CAL,California,WND,Wind,3424,megawatthours
2025-08-08 07:00:00+00:00,CAL,California,WND,Wind,3671,megawatthours
2025-08-08 08:00:00+00:00,CAL,California,WND,Wind,3750,megawatthours
2025-08-08 09:00:00+00:00,CAL,California,WND,Wind,3882,megawatthours
2025-08-08 10:00:00+00:00,CAL,California,WND,Wind,3736,megawatthours
2025-08-08 11:00:00+00:00,CAL,California,WND,Wind,3559,megawatthours
2025-08-08 12:00:00+00:00,CAL,California,WND,Wind,3260,megawatthours
2025-08-08 13:00:00+00:00,CAL,California,WND,Wind,2915,megawatthours
2025-08-08 14:00:00+00:00,CAL,California,WND,Wind,2798,megawatthours
2025-08-08 15:00:00+00:00,CAL,California,WND,Wind,2422,megawatthours
2025-08-08 16:00:00+00:00,CAL,California,WND,Wind,2037,megawatthours
2025-08-08 17:00:00+00:00,CAL,California,WND,Wind,1587,megawatthours
2025-08-08 18:00:00+00:00,CAL,California,WND,Wind,1215,megawatthours
2025-08-08 19:00:00+00:00,CAL,California,WND,Wind,983,megawatthours
2025-08-08 20:00:00+00:00,CAL,California,WND,Wind,812,megawatthours
2025-08-08 21:00:00+00:00,CAL,California,WND,Wind,817,megawatthours
2025-08-08 22:00:00+00:00,CAL,California,WND,Wind,1103,megawatthours
2025-08-08 23:00:00+00:00,CAL,California,WND,Wind,1494,megawatthours
2025-08-09 00:00:00+00:00,CAL,California,WND,Wind,1664,megawatthours
2025-08-09 01:00:00+00:00,CAL,California,WND,Wind,1729,megawatthours
2025-08-09 02:00:00+00:00,CAL,California,WND,Wind,1924,megawatthours
2025-08-09 03:00:00+00:00,CAL,California,WND,Wind,2254,megawatthours
2025-08-09 04:00:00+00:00,CAL,California,WND,Wind,2368,megawatthours
2025-08-09 05:00:00+00:00,CAL,California,WND,Wind,2454,megawatthours
2025-08-09 06:00:00+00:00,CAL,California,WND,Wind,2646,megawatthours
2025-08-09 07:00:00+00:00,CAL,California,WND,Wind,2721,megawatthours
2025-08-09 08:00:00+00:00,CAL,California,WND,Wind,3023,megawatthours
2025-08-09 09:00:00+00:00,CAL,California,WND,Wind,3126,megawatthours
2025-08-09 10:00:00+00:00,CAL,California,WND,Wind,3232,megawatthours
2025-08-09 11:00:00+00:00,CAL,California,WND,Wind,3075,megawatthours
2025-08-09 12:00:00+00:00,CAL,California,WND,Wind,3026,megawatthours
2025-08-09 13:00:00+00:00,CAL,California,WND,Wind,2890,megawatthours
2025-08-09 14:00:00+00:00,CAL,California,WND,Wind,2580,megawatthours
2025-08-09 15:00:00+00:00,CAL,California,WND,Wind,2321,megawatthours
2025-08-09 16:00:00+00:00,CAL,California,WND,Wind,1645,megawatthours
2025-08-09 17:00:00+00:00,CAL,California,WND,Wind,1027,megawatthours
2025-08-09 18:00:00+00:00,CAL,California,WND,Wind,682,megawatthours
2025-08-09 19:00:00+00:00,CAL,California,WND,Wind,524,megawatthours
2025-08-09 20:00:00+00:00,CAL,California,WND,Wind,460,megawatthours
2025-08-09 21:00:00+00:00,CAL,California,WND,Wind,544,megawatthours
2025-08-09 22:00:00+00:00,CAL,California,WND,Wind,973,megawatthours
2025-08-09 23:00:00+00:00,CAL,California,WND,Wind,1230,megawatthours
2025-08-10 00:00:00+00:00,CAL,California,WND,Wind,1505,megawatthours
2025-08-10 01:00:00+00:00,CAL,California,WND,Wind,2057,megawatthours
2025-08-10 02:00:00+00:00,CAL,California,WND,Wind,2780,megawatthours
2025-08-10 03:00:00+00:00,CAL,California,WND,Wind,3141,megawatthours
2025-08-10 04:00:00+00:00,CAL,California,WND,Wind,3309,megawatthours
2025-08-10 05:00:00+00:00,CAL,California,WND,Wind,3690,megawatthours
2025-08-10 06:00:00+00:00,CAL,California,WND,Wind,4046,megawatthours
2025-08-10 07:00:00+00:00,CAL,California,WND,Wind,4202,megawatthours
2025-08-10 08:00:00+00:00,CAL,California,WND,Wind,4189,megawatthours
2025-08-10 09:00:00+00:00,CAL,California,WND,Wind,4058,megawatthours
2025-08-10 10:00:00+00:00,CAL,California,WND,Wind,4027,megawatthours
2025-08-10 11:00:00+00:00,CAL,California,WND,Wind,3534,megawatthours
2025-08-10 12:00:00+00:00,CAL,California,WND,Wind,3225,megawatthours
2025-08-10 13:00:00+00:00,CAL,California,WND,Wind,3020,megawatthours
2025-08-10 14:00:00+00:00,CAL,California,WND,Wind,2932,megawatthours
2025-08-10 15:00:00+00:00,CAL,California,WND,Wind,2596,megawatthours
2025-08-10 16:00:00+00:00,CAL,California,WND,Wind,1969,megawatthours
2025-08-10 17:00:00+00:00,CAL,California,WND,Wind,1436,megawatthours
2025-08-10 18:00:00+00:00,CAL,California,WND,Wind,1132,megawatthours
2025-08-10 19:00:00+00:00,CAL,California,WND,Wind,1090,megawatthours
2025-08-10 20:00:00+00:00,CAL,California,WND,Wind,1242,megawatthours
2025-08-10 21:00:00+00:00,CAL,California,WND,Wind,1230,megawatthours
2025-08-10 22:00:00+00:00,CAL,California,WND,Wind,1461,megawatthours
2025-08-10 23:00:00+00:00,CAL,California,WND,Wind,2016,megawatthours
2025-08-11 00:00:00+00:00,CAL,California,WND,Wind,2632,megawatthours
2025-08-11 01:00:00+00:00,CAL,California,WND,Wind,3162,megawatthours
2025-08-11 02:00:00+00:00,CAL,California,WND,Wind,3601,megawatthours
2025-08-11 03:00:00+00:00,CAL,California,WND,Wind,3547,megawatthours
2025-08-11 04:00:00+00:00,CAL,California,WND,Wind,3809,megawatthours
2025-08-11 05:00:00+00:00,CAL,California,WND,Wind,4444,megawatthours
2025-08-11 06:00:00+00:00,CAL,California,WND,Wind,4839,megawatthours
2025-08-11 07:00:00+00:00,CAL,California,WND,Wind,4986,megawatthours
2025-08-11 08:00:00+00:00,CAL,California,WND,Wind,4807,megawatthours
2025-08-11 09:00:00+00:00,CAL,California,WND,Wind,4975,megawatthours
2025-08-11 10:00:00+00:00,CAL,California,WND,Wind,5090,megawatthours
2025-08-11 11:00:00+00:00,CAL,California,WND,Wind,4907,megawatthours
2025-08-11 12:00:00+00:00,CAL,California,WND,Wind,4802,megawatthours
2025-08-11 13:00:00+00:00,CAL,California,WND,Wind,4688,megawatthours
2025-08-11 14:00:00+00:00,CAL,California,WND,Wind,4432,megawatthours
2025-08-11 15:00:00+00:00,CAL,California,WND,Wind,4069,megawatthours
2025-08-11 16:00:00+00:00,CAL,California,WND,Wind,3630,megawatthours
2025-08-11 17:00:00+00:00,CAL,California,WND,Wind,3041,megawatthours
2025-08-11 18:00:00+00:00,CAL,California,WND,Wind,2530,megawatthours
2025-08-11 19:00:00+00:00,CAL,California,WND,Wind,2086,megawatthours
2025-08-11 20:00:00+00:00,CAL,California,WND,Wind,1823,megawatthours
2025-08-11 21:00:00+00:00,CAL,California,WND,Wind,1889,megawatthours
2025-08-11 22:00:00+00:00,CAL,California,WND,Wind,2316,megawatthours
2025-08-11 23:00:00+00:00,CAL,California,WND,Wind,2966,megawatthours
2025-08-12 00:00:00+00:00,CAL,California,WND,Wind,3765,megawatthours
2025-08-12 01:00:00+00:00,CAL,California,WND,Wind,4309,megawatthours
2025-08-12 02:00:00+00:00,CAL,California,WND,Wind,4670,megawatthours
2025-08-12 03:00:00+00:00,CAL,California,WND,Wind,4799,megawatthours
2025-08-12 04:00:00+00:00,CAL,California,WND,Wind,4921,megawatthours
2025-08-12 05:00:00+00:00,CAL,California,WND,Wind,4918,megawatthours
2025-08-12 06:00:00+00:00,CAL,California,WND,Wind,5143,megawatthours
2025-08-12 07:00:00+00:00,CAL,California,WND,Wind,5056,megawatthours
2025-08-12 08:00:00+00:00,CAL,California,WND,Wind,4907,megawatthours
2025-08-12 09:00:00+00:00,CAL,California,WND,Wind,4858,megawatthours
2025-08-12 10:00:00+00:00,CAL,California,WND,Wind,4901,megawatthours
2025-08-12 11:00:00+00:00,CAL,California,WND,Wind,4534,megawatthours
2025-08-12 12:00:00+00:00,CAL,California,WND,Wind,4306,megawatthours
2025-08-12 13:00:00+00:00,CAL,California,WND,Wind,4058,megawatthours
2025-08-12 14:00:00+00:00,CAL,California,WND,Wind,3674,megawatthours
2025-08-12 15:00:00+00:00,CAL,California,WND,Wind,3250,megawatthours
2025-08-12 16:00:00+00:00,CAL,California,WND,Wind,3028,megawatthours
2025-08-12 17:00:00+00:00,CAL,California,WND,Wind,2740,megawatthours
2025-08-12 18:00:00+00:00,CAL,California,WND,Wind,2562,megawatthours
2025-08-12 19:00:00+00:00,CAL,California,WND,Wind,2268,megawatthours
2025-08-12 20:00:00+00:00,CAL,California,WND,Wind,2207,megawatthours
2025-08-12 21:00:00+00:00,CAL,California,WND,Wind,2551,megawatthours
2025-08-12 22:00:00+00:00,CAL,California,WND,Wind,2962,megawatthours
2025-08-12 23:00:00+00:00,CAL,California,WND,Wind,3423,megawatthours
2025-08-13 00:00:00+00:00,CAL,California,WND,Wind,3676,megawatthours
2025-08-13 01:00:00+00:00,CAL,California,WND,Wind,4290,megawatthours
2025-08-13 02:00:00+00:00,CAL,California,WND,Wind,4636,megawatthours
2025-08-13 03:00:00+00:00,CAL,California,WND,Wind,4587,megawatthours
2025-08-13 04:00:00+00:00,CAL,California,WND,Wind,4621,megawatthours
2025-08-13 05:00:00+00:00,CAL,California,WND,Wind,4824,megawatthours
2025-08-13 06:00:00+00:00,CAL,California,WND,Wind,4990,megawatthours
2025-08-13 07:00:00+00:00,CAL,California,WND,Wind,4809,megawatthours
2025-08-13 08:00:00+00:00,CAL,California,WND,Wind,4753,megawatthours
2025-08-13 09:00:00+00:00,CAL,California,WND,Wind,4836,megawatthours
2025-08-13 10:00:00+00:00,CAL,California,WND,Wind,4736,megawatthours
2025-08-13 11:00:00+00:00,CAL,California,WND,Wind,4663,megawatthours
2025-08-13 12:00:00+00:00,CAL,California,WND,Wind,4681,megawatthours
2025-08-13 13:00:00+00:00,CAL,California,WND,Wind,4559,megawatthours
2025-08-13 14:00:00+00:00,CAL,California,WND,Wind,4460,megawatthours
2025-08-13 15:00:00+00:00,CAL,California,WND,Wind,4339,megawatthours
2025-08-13 16:00:00+00:00,CAL,California,WND,Wind,4129,megawatthours
2025-08-13 17:00:00+00:00,CAL,California,WND,Wind,3997,megawatthours
2025-08-13 18:00:00+00:00,CAL,California,WND,Wind,4029,megawatthours
2025-08-13 19:00:00+00:00,CAL,California,WND,Wind,3896,megawatthours
2025-08-13 20:00:00+00:00,CAL,California,WND,Wind,3748,megawatthours
2025-08-13 21:00:00+00:00,CAL,California,WND,Wind,3757,megawatthours
2025-08-13 22:00:00+00:00,CAL,California,WND,Wind,4046,megawatthours
2025-08-13 23:00:00+00:00,CAL,California,WND,Wind,4455,megawatthours
2025-08-14 00:00:00+00:00,CAL,California,WND,Wind,4751,megawatthours
2025-08-14 01:00:00+00:00,CAL,California,WND,Wind,4958,megawatthours
2025-08-14 02:00:00+00:00,CAL,California,WND,Wind,5076,megawatthours
2025-08-14 03:00:00+00:00,CAL,California,WND,Wind,5358,megawatthours
2025-08-14 04:00:00+00:00,CAL,California,WND,Wind,5611,megawatthours
2025-08-14 05:00:00+00:00,CAL,California,WND,Wind,5704,megawatthours
2025-08-14 06:00:00+00:00,CAL,California,WND,Wind,5771,megawatthours
2025-08-14 07:00:00+00:00,CAL,California,WND,Wind,5767,megawatthours
2025-08-14 08:00:00+00:00,CAL,California,WND,Wind,5773,megawatthours
2025-08-14 09:00:00+00:00,CAL,California,WND,Wind,5722,megawatthours
2025-08-14 10:00:00+00:00,CAL,California,WND,Wind,5658,megawatthours
2025-08-14 11:00:00+00:00,CAL,California,WND,Wind,5564,megawatthours
2025-08-14 12:00:00+00:00,CAL,California,WND,Wind,5252,megawatthours
2025-08-14 13:00:00+00:00,CAL,California,WND,Wind,4994,megawatthours
2025-08-14 14:00:00+00:00,CAL,California,WND,Wind,5096,megawatthours
2025-08-14 15:00:00+00:00,CAL,California,WND,Wind,4864,megawatthours
2025-08-14 16:00:00+00:00,CAL,California,WND,Wind,4426,megawatthours
2025-08-14 17:00:00+00:00,CAL,California,WND,Wind,4015,megawatthours
2025-08-14 18:00:00+00:00,CAL,California,WND,Wind,3857,megawatthours
2025-08-14 19:00:00+00:00,CAL,California,WND,Wind,3532,megawatthours
2025-08-14 20:00:00+00:00,CAL,California,WND,Wind,3524,megawatthours
2025-08-14 21:00:00+00:00,CAL,California,WND,Wind,3685,megawatthours
2025-08-14 22:00:00+00:00,CAL,California,WND,Wind,3948,megawatthours
2025-08-14 23:00:00+00:00,CAL,California,WND,Wind,4287,megawatthours
2025-08-15 00:00:00+00:00,CAL,California,WND,Wind,4713,megawatthours
2025-08-15 01:00:00+00:00,CAL,California,WND,Wind,5068,megawatthours
2025-08-15 02:00:00+00:00,CAL,California,WND,Wind,5017,megawatthours
2025-08-15 03:00:00+00:00,CAL,California,WND,Wind,5079,megawatthours
2025-08-15 04:00:00+00:00,CAL,California,WND,Wind,5277,megawatthours
2025-08-15 05:00:00+00:00,CAL,California,WND,Wind,5235,megawatthours
2025-08-15 06:00:00+00:00,CAL,California,WND,Wind,5276,megawatthours
2025-08-15 07:00:00+00:00,CAL,California,WND,Wind,5431,megawatthours
2025-08-15 08:00:00+00:00,CAL,California,WND,Wind,5352,megawatthours
2025-08-15 09:00:00+00:00,CAL,California,WND,Wind,5346,megawatthours
2025-08-15 10:00:00+00:00,CAL,California,WND,Wind,5254,megawatthours
2025-08-15 11:00:00+00:00,CAL,California,WND,Wind,4947,megawatthours
2025-08-15 12:00:00+00:00,CAL,California,WND,Wind,4351,megawatthours
2025-08-15 13:00:00+00:00,CAL,California,WND,Wind,3719,megawatthours
2025-08-15 14:00:00+00:00,CAL,California,WND,Wind,3069,megawatthours
2025-08-15 15:00:00+00:00,CAL,California,WND,Wind,2796,megawatthours
2025-08-15 16:00:00+00:00,CAL,California,WND,Wind,2397,megawatthours
2025-08-15 17:00:00+00:00,CAL,California,WND,Wind,2215,megawatthours
2025-08-15 18:00:00+00:00,CAL,California,WND,Wind,1745,megawatthours
2025-08-15 19:00:00+00:00,CAL,California,WND,Wind,1081,megawatthours
2025-08-15 20:00:00+00:00,CAL,California,WND,Wind,989,megawatthours
2025-08-15 21:00:00+00:00,CAL,California,WND,Wind,1047,megawatthours
2025-08-15 22:00:00+00:00,CAL,California,WND,Wind,1537,megawatthours
2025-08-15 23:00:00+00:00,CAL,California,WND,Wind,2158,megawatthours
2025-08-16 00:00:00+00:00,CAL,California,WND,Wind,3051,megawatthours
2025-08-16 01:00:00+00:00,CAL,California,WND,Wind,3867,megawatthours
2025-08-16 02:00:00+00:00,CAL,California,WND,Wind,4214,megawatthours
2025-08-16 03:00:00+00:00,CAL,California,WND,Wind,4474,megawatthours
2025-08-16 04:00:00+00:00,CAL,California,WND,Wind,4550,megawatthours
2025-08-16 05:00:00+00:00,CAL,California,WND,Wind,4444,megawatthours
2025-08-16 06:00:00+00:00,CAL,California,WND,Wind,4704,megawatthours
2025-08-16 07:00:00+00:00,CAL,California,WND,Wind,4906,megawatthours
2025-08-16 08:00:00+00:00,CAL,California,WND,Wind,4849,megawatthours
2025-08-16 09:00:00+00:00,CAL,California,WND,Wind,4590,megawatthours
2025-08-16 10:00:00+00:00,CAL,California,WND,Wind,4239,megawatthours
2025-08-16 11:00:00+00:00,CAL,California,WND,Wind,4083,megawatthours
2025-08-16 12:00:00+00:00,CAL,California,WND,Wind,3933,megawatthours
2025-08-16 13:00:00+00:00,CAL,California,WND,Wind,3817,megawatthours
2025-08-16 14:00:00+00:00,CAL,California,WND,Wind,3329,megawatthours
2025-08-16 15:00:00+00:00,CAL,California,WND,Wind,2997,megawatthours
2025-08-16 16:00:00+00:00,CAL,California,WND,Wind,2553,megawatthours
2025-08-16 17:00:00+00:00,CAL,California,WND,Wind,2057,megawatthours
2025-08-16 18:00:00+00:00,CAL,California,WND,Wind,1812,megawatthours
2025-08-16 19:00:00+00:00,CAL,California,WND,Wind,1726,megawatthours
2025-08-16 20:00:00+00:00,CAL,California,WND,Wind,1942,megawatthours
2025-08-16 21:00:00+00:00,CAL,California,WND,Wind,2336,megawatthours
2025-08-16 22:00:00+00:00,CAL,California,WND,Wind,2369,megawatthours
2025-08-16 23:00:00+00:00,CAL,California,WND,Wind,2888,megawatthours
2025-08-17 00:00:00+00:00,CAL,California,WND,Wind,3687,megawatthours
2025-08-17 01:00:00+00:00,CAL,California,WND,Wind,4087,megawatthours
2025-08-17 02:00:00+00:00,CAL,California,WND,Wind,4527,megawatthours
2025-08-17 03:00:00+00:00,CAL,California,WND,Wind,4660,megawatthours
2025-08-17 04:00:00+00:00,CAL,California,WND,Wind,4587,megawatthours
2025-08-17 05:00:00+00:00,CAL,California,WND,Wind,4625,megawatthours
2025-08-17 06:00:00+00:00,CAL,California,WND,Wind,4712,megawatthours
2025-08-17 07:00:00+00:00,CAL,California,WND,Wind,4838,megawatthours
2025-08-17 08:00:00+00:00,CAL,California,WND,Wind,4760,megawatthours
2025-08-17 09:00:00+00:00,CAL,California,WND,Wind,4651,megawatthours
2025-08-17 10:00:00+00:00,CAL,California,WND,Wind,4623,megawatthours
2025-08-17 11:00:00+00:00,CAL,California,WND,Wind,4418,megawatthours
2025-08-17 12:00:00+00:00,CAL,California,WND,Wind,4376,megawatthours
2025-08-17 13:00:00+00:00,CAL,California,WND,Wind,4287,megawatthours
2025-08-17 14:00:00+00:00,CAL,California,WND,Wind,3946,megawatthours
2025-08-17 15:00:00+00:00,CAL,California,WND,Wind,3554,megawatthours
2025-08-17 16:00:00+00:00,CAL,California,WND,Wind,3170,megawatthours
2025-08-17 17:00:00+00:00,CAL,California,WND,Wind,2980,megawatthours
2025-08-17 18:00:00+00:00,CAL,California,WND,Wind,2562,megawatthours
2025-08-17 19:00:00+00:00,CAL,California,WND,Wind,2175,megawatthours
2025-08-17 20:00:00+00:00,CAL,California,WND,Wind,1960,megawatthours
2025-08-17 21:00:00+00:00,CAL,California,WND,Wind,1971,megawatthours
2025-08-17 22:00:00+00:00,CAL,California,WND,Wind,1919,megawatthours
2025-08-17 23:00:00+00:00,CAL,California,WND,Wind,2127,megawatthours
2025-08-18 00:00:00+00:00,CAL,California,WND,Wind,2462,megawatthours
2025-08-18 01:00:00+00:00,CAL,California,WND,Wind,2980,megawatthours
2025-08-18 02:00:00+00:00,CAL,California,WND,Wind,3370,megawatthours
2025-08-18 03:00:00+00:00,CAL,California,WND,Wind,3739,megawatthours
2025-08-18 04:00:00+00:00,CAL,California,WND,Wind,4013,megawatthours
2025-08-18 05:00:00+00:00,CAL,California,WND,Wind,4257,megawatthours
2025-08-18 06:00:00+00:00,CAL,California,WND,Wind,4256,megawatthours
2025-08-18 07:00:00+00:00,CAL,California,WND,Wind,4207,megawatthours
2025-08-18 08:00:00+00:00,CAL,California,WND,Wind,4109,megawatthours
2025-08-18 09:00:00+00:00,CAL,California,WND,Wind,4138,megawatthours
2025-08-18 10:00:00+00:00,CAL,California,WND,Wind,4223,megawatthours
2025-08-18 11:00:00+00:00,CAL,California,WND,Wind,4083,megawatthours
2025-08-18 12:00:00+00:00,CAL,California,WND,Wind,3866,megawatthours
2025-08-18 13:00:00+00:00,CAL,California,WND,Wind,3575,megawatthours
2025-08-18 14:00:00+00:00,CAL,California,WND,Wind,3408,megawatthours
2025-08-18 15:00:00+00:00,CAL,California,WND,Wind,2898,megawatthours
2025-08-18 16:00:00+00:00,CAL,California,WND,Wind,2210,megawatthours
2025-08-18 17:00:00+00:00,CAL,California,WND,Wind,1611,megawatthours
2025-08-18 18:00:00+00:00,CAL,California,WND,Wind,958,megawatthours
2025-08-18 19:00:00+00:00,CAL,California,WND,Wind,707,megawatthours
2025-08-18 20:00:00+00:00,CAL,California,WND,Wind,722,megawatthours
2025-08-18 21:00:00+00:00,CAL,California,WND,Wind,678,megawatthours
2025-08-18 22:00:00+00:00,CAL,California,WND,Wind,766,megawatthours
2025-08-18 23:00:00+00:00,CAL,California,WND,Wind,875,megawatthours
2025-08-19 00:00:00+00:00,CAL,California,WND,Wind,1081,megawatthours
2025-08-19 01:00:00+00:00,CAL,California,WND,Wind,1343,megawatthours
2025-08-19 02:00:00+00:00,CAL,California,WND,Wind,1804,megawatthours
2025-08-19 03:00:00+00:00,CAL,California,WND,Wind,2503,megawatthours
2025-08-19 04:00:00+00:00,CAL,California,WND,Wind,2971,megawatthours
2025-08-19 05:00:00+00:00,CAL,California,WND,Wind,3224,megawatthours
2025-08-19 06:00:00+00:00,CAL,California,WND,Wind,2743,megawatthours
2025-08-19 07:00:00+00:00,CAL,California,WND,Wind,2506,megawatthours
2025-08-19 08:00:00+00:00,CAL,California,WND,Wind,2357,megawatthours
2025-08-19 09:00:00+00:00,CAL,California,WND,Wind,2609,megawatthours
2025-08-19 10:00:00+00:00,CAL,California,WND,Wind,2486,megawatthours
2025-08-19 11:00:00+00:00,CAL,California,WND,Wind,2209,megawatthours
2025-08-19 12:00:00+00:00,CAL,California,WND,Wind,2146,megawatthours
2025-08-19 13:00:00+00:00,CAL,California,WND,Wind,2085,megawatthours
2025-08-19 14:00:00+00:00,CAL,California,WND,Wind,1747,megawatthours
2025-08-19 15:00:00+00:00,CAL,California,WND,Wind,1343,megawatthours
2025-08-19 16:00:00+00:00,CAL,California,WND,Wind,1013,megawatthours
2025-08-19 17:00:00+00:00,CAL,California,WND,Wind,915,megawatthours
2025-08-19 18:00:00+00:00,CAL,California,WND,Wind,691,megawatthours
2025-08-19 19:00:00+00:00,CAL,California,WND,Wind,577,megawatthours
2025-08-19 20:00:00+00:00,CAL,California,WND,Wind,613,megawatthours
2025-08-19 21:00:00+00:00,CAL,California,WND,Wind,573,megawatthours
2025-08-19 22:00:00+00:00,CAL,California,WND,Wind,722,megawatthours
2025-08-19 23:00:00+00:00,CAL,California,WND,Wind,935,megawatthours
2025-08-20 00:00:00+00:00,CAL,California,WND,Wind,1386,megawatthours
2025-08-20 01:00:00+00:00,CAL,California,WND,Wind,1785,megawatthours
2025-08-20 02:00:00+00:00,CAL,California,WND,Wind,2359,megawatthours
2025-08-20 03:00:00+00:00,CAL,California,WND,Wind,3182,megawatthours
2025-08-20 04:00:00+00:00,CAL,California,WND,Wind,3666,megawatthours
2025-08-20 05:00:00+00:00,CAL,California,WND,Wind,3832,megawatthours
2025-08-20 06:00:00+00:00,CAL,California,WND,Wind,3936,megawatthours
2025-08-20 07:00:00+00:00,CAL,California,WND,Wind,3872,megawatthours
2025-08-20 08:00:00+00:00,CAL,California,WND,Wind,3906,megawatthours
2025-08-20 09:00:00+00:00,CAL,California,WND,Wind,3910,megawatthours
2025-08-20 10:00:00+00:00,CAL,California,WND,Wind,4051,megawatthours
2025-08-20 11:00:00+00:00,CAL,California,WND,Wind,4014,megawatthours
2025-08-20 12:00:00+00:00,CAL,California,WND,Wind,3931,megawatthours
2025-08-20 13:00:00+00:00,CAL,California,WND,Wind,3705,megawatthours
2025-08-20 14:00:00+00:00,CAL,California,WND,Wind,3250,megawatthours
2025-08-20 15:00:00+00:00,CAL,California,WND,Wind,2840,megawatthours
2025-08-20 16:00:00+00:00,CAL,California,WND,Wind,2203,megawatthours
2025-08-20 17:00:00+00:00,CAL,California,WND,Wind,1526,megawatthours
2025-08-20 18:00:00+00:00,CAL,California,WND,Wind,975,megawatthours
2025-08-20 19:00:00+00:00,CAL,California,WND,Wind,603,megawatthours
2025-08-20 20:00:00+00:00,CAL,California,WND,Wind,452,megawatthours
2025-08-20 21:00:00+00:00,CAL,California,WND,Wind,392,megawatthours
2025-08-20 22:00:00+00:00,CAL,California,WND,Wind,616,megawatthours
2025-08-20 23:00:00+00:00,CAL,California,WND,Wind,910,megawatthours
2025-08-21 00:00:00+00:00,CAL,California,WND,Wind,1290,megawatthours
2025-08-21 01:00:00+00:00,CAL,California,WND,Wind,1769,megawatthours
2025-08-21 02:00:00+00:00,CAL,California,WND,Wind,2695,megawatthours
2025-08-21 03:00:00+00:00,CAL,California,WND,Wind,3155,megawatthours
2025-08-21 04:00:00+00:00,CAL,California,WND,Wind,3342,megawatthours
2025-08-21 05:00:00+00:00,CAL,California,WND,Wind,3620,megawatthours
2025-08-21 06:00:00+00:00,CAL,California,WND,Wind,3378,megawatthours
2025-08-21 07:00:00+00:00,CAL,California,WND,Wind,3264,megawatthours
2025-08-21 08:00:00+00:00,CAL,California,WND,Wind,2934,megawatthours
2025-08-21 09:00:00+00:00,CAL,California,WND,Wind,2917,megawatthours
2025-08-21 10:00:00+00:00,CAL,California,WND,Wind,2658,megawatthours
2025-08-21 11:00:00+00:00,CAL,California,WND,Wind,2266,megawatthours
2025-08-21 12:00:00+00:00,CAL,California,WND,Wind,1814,megawatthours
2025-08-21 13:00:00+00:00,CAL,California,WND,Wind,1282,megawatthours
2025-08-21 14:00:00+00:00,CAL,California,WND,Wind,892,megawatthours
2025-08-21 15:00:00+00:00,CAL,California,WND,Wind,581,megawatthours
2025-08-21 16:00:00+00:00,CAL,California,WND,Wind,410,megawatthours
2025-08-21 17:00:00+00:00,CAL,California,WND,Wind,286,megawatthours
2025-08-21 18:00:00+00:00,CAL,California,WND,Wind,185,megawatthours
2025-08-21 19:00:00+00:00,CAL,California,WND,Wind,161,megawatthours
2025-08-21 20:00:00+00:00,CAL,California,WND,Wind,232,megawatthours
2025-08-21 21:00:00+00:00,CAL,California,WND,Wind,327,megawatthours
2025-08-21 22:00:00+00:00,CAL,California,WND,Wind,370,megawatthours
2025-08-21 23:00:00+00:00,CAL,California,WND,Wind,574,megawatthours
2025-08-22 00:00:00+00:00,CAL,California,WND,Wind,705,megawatthours
2025-08-22 01:00:00+00:00,CAL,California,WND,Wind,1160,megawatthours
2025-08-22 02:00:00+00:00,CAL,California,WND,Wind,1537,megawatthours
2025-08-22 03:00:00+00:00,CAL,California,WND,Wind,2074,megawatthours
2025-08-22 04:00:00+00:00,CAL,California,WND,Wind,2557,megawatthours
2025-08-22 05:00:00+00:00,CAL,California,WND,Wind,3056,megawatthours
2025-08-22 06:00:00+00:00,CAL,California,WND,Wind,3301,megawatthours
2025-08-22 07:00:00+00:00,CAL,California,WND,Wind,3126,megawatthours
2025-08-22 08:00:00+00:00,CAL,California,WND,Wind,2707,megawatthours
2025-08-22 09:00:00+00:00,CAL,California,WND,Wind,2315,megawatthours
2025-08-22 10:00:00+00:00,CAL,California,WND,Wind,2068,megawatthours
2025-08-22 11:00:00+00:00,CAL,California,WND,Wind,1766,megawatthours
2025-08-22 12:00:00+00:00,CAL,California,WND,Wind,1440,megawatthours
2025-08-22 13:00:00+00:00,CAL,California,WND,Wind,1351,megawatthours
2025-08-22 14:00:00+00:00,CAL,California,WND,Wind,1241,megawatthours
2025-08-22 15:00:00+00:00,CAL,California,WND,Wind,1047,megawatthours
2025-08-22 16:00:00+00:00,CAL,California,WND,Wind,831,megawatthours
2025-08-22 17:00:00+00:00,CAL,California,WND,Wind,680,megawatthours
2025-08-22 18:00:00+00:00,CAL,California,WND,Wind,508,megawatthours
2025-08-22 19:00:00+00:00,CAL,California,WND,Wind,352,megawatthours
2025-08-22 20:00:00+00:00,CAL,California,WND,Wind,338,megawatthours
2025-08-22 21:00:00+00:00,CAL,California,WND,Wind,366,megawatthours
2025-08-22 22:00:00+00:00,CAL,California,WND,Wind,441,megawatthours
2025-08-22 23:00:00+00:00,CAL,California,WND,Wind,525,megawatthours
2025-08-23 00:00:00+00:00,CAL,California,WND,Wind,573,megawatthours
2025-08-23 01:00:00+00:00,CAL,California,WND,Wind,706,megawatthours
2025-08-23 02:00:00+00:00,CAL,California,WND,Wind,1048,megawatthours
2025-08-23 03:00:00+00:00,CAL,California,WND,Wind,1371,megawatthours
2025-08-23 04:00:00+00:00,CAL,California,WND,Wind,1746,megawatthours
2025-08-23 05:00:00+00:00,CAL,California,WND,Wind,2267,megawatthours
2025-08-23 06:00:00+00:00,CAL,California,WND,Wind,2687,megawatthours
2025-08-23 07:00:00+00:00,CAL,California,WND,Wind,2771,megawatthours
2025-08-23 08:00:00+00:00,CAL,California,WND,Wind,2701,megawatthours
2025-08-23 09:00:00+00:00,CAL,California,WND,Wind,2630,megawatthours
2025-08-23 10:00:00+00:00,CAL,California,WND,Wind,2637,megawatthours
2025-08-23 11:00:00+00:00,CAL,California,WND,Wind,2120,megawatthours
2025-08-23 12:00:00+00:00,CAL,California,WND,Wind,1807,megawatthours
2025-08-23 13:00:00+00:00,CAL,California,WND,Wind,1438,megawatthours
2025-08-23 14:00:00+00:00,CAL,California,WND,Wind,1250,megawatthours
2025-08-23 15:00:00+00:00,CAL,California,WND,Wind,1107,megawatthours
2025-08-23 16:00:00+00:00,CAL,California,WND,Wind,1052,megawatthours
2025-08-23 17:00:00+00:00,CAL,California,WND,Wind,1007,megawatthours
2025-08-23 18:00:00+00:00,CAL,California,WND,Wind,865,megawatthours
2025-08-23 19:00:00+00:00,CAL,California,WND,Wind,861,megawatthours
2025-08-23 20:00:00+00:00,CAL,California,WND,Wind,999,megawatthours
2025-08-23 21:00:00+00:00,CAL,California,WND,Wind,1749,megawatthours
2025-08-23 22:00:00+00:00,CAL,California,WND,Wind,1338,megawatthours
2025-08-23 23:00:00+00:00,CAL,California,WND,Wind,1299,megawatthours
2025-08-24 00:00:00+00:00,CAL,California,WND,Wind,1545,megawatthours
2025-08-24 01:00:00+00:00,CAL,California,WND,Wind,1445,megawatthours
2025-08-24 02:00:00+00:00,CAL,California,WND,Wind,1506,megawatthours
2025-08-24 03:00:00+00:00,CAL,California,WND,Wind,2105,megawatthours
2025-08-24 04:00:00+00:00,CAL,California,WND,Wind,2177,megawatthours
2025-08-24 05:00:00+00:00,CAL,California,WND,Wind,2365,megawatthours
2025-08-24 06:00:00+00:00,CAL,California,WND,Wind,2292,megawatthours
2025-08-24 07:00:00+00:00,CAL,California,WND,Wind,2087,megawatthours
2025-08-24 08:00:00+00:00,CAL,California,WND,Wind,1933,megawatthours
2025-08-24 09:00:00+00:00,CAL,California,WND,Wind,1734,megawatthours
2025-08-24 10:00:00+00:00,CAL,California,WND,Wind,1519,megawatthours
2025-08-24 11:00:00+00:00,CAL,California,WND,Wind,1357,megawatthours
2025-08-24 12:00:00+00:00,CAL,California,WND,Wind,1366,megawatthours
2025-08-24 13:00:00+00:00,CAL,California,WND,Wind,1327,megawatthours
2025-08-24 14:00:00+00:00,CAL,California,WND,Wind,1306,megawatthours
2025-08-24 15:00:00+00:00,CAL,California,WND,Wind,1300,megawatthours
2025-08-24 16:00:00+00:00,CAL,California,WND,Wind,1189,megawatthours
2025-08-24 17:00:00+00:00,CAL,California,WND,Wind,1230,megawatthours
2025-08-24 18:00:00+00:00,CAL,California,WND,Wind,1122,megawatthours
2025-08-24 19:00:00+00:00,CAL,California,WND,Wind,939,megawatthours
2025-08-24 20:00:00+00:00,CAL,California,WND,Wind,932,megawatthours
2025-08-24 21:00:00+00:00,CAL,California,WND,Wind,1123,megawatthours
2025-08-24 22:00:00+00:00,CAL,California,WND,Wind,1222,megawatthours
2025-08-24 23:00:00+00:00,CAL,California,WND,Wind,1433,megawatthours
2025-08-25 00:00:00+00:00,CAL,California,WND,Wind,2130,megawatthours
2025-08-25 01:00:00+00:00,CAL,California,WND,Wind,2905,megawatthours
2025-08-25 02:00:00+00:00,CAL,California,WND,Wind,2532,megawatthours
2025-08-25 03:00:00+00:00,CAL,California,WND,Wind,2280,megawatthours
2025-08-25 04:00:00+00:00,CAL,California,WND,Wind,2515,megawatthours
2025-08-25 05:00:00+00:00,CAL,California,WND,Wind,2678,megawatthours
2025-08-25 06:00:00+00:00,CAL,California,WND,Wind,2747,megawatthours
2025-08-25 07:00:00+00:00,CAL,California,WND,Wind,2652,megawatthours
2025-08-25 08:00:00+00:00,CAL,California,WND,Wind,2546,megawatthours
2025-08-25 09:00:00+00:00,CAL,California,WND,Wind,2601,megawatthours
2025-08-25 10:00:00+00:00,CAL,California,WND,Wind,2517,megawatthours
2025-08-25 11:00:00+00:00,CAL,California,WND,Wind,2201,megawatthours
2025-08-25 12:00:00+00:00,CAL,California,WND,Wind,1843,megawatthours
2025-08-25 13:00:00+00:00,CAL,California,WND,Wind,1619,megawatthours
2025-08-25 14:00:00+00:00,CAL,California,WND,Wind,1537,megawatthours
2025-08-25 15:00:00+00:00,CAL,California,WND,Wind,1586,megawatthours
2025-08-25 16:00:00+00:00,CAL,California,WND,Wind,1559,megawatthours
2025-08-25 17:00:00+00:00,CAL,California,WND,Wind,1635,megawatthours
2025-08-25 18:00:00+00:00,CAL,California,WND,Wind,1626,megawatthours
2025-08-25 19:00:00+00:00,CAL,California,WND,Wind,1440,megawatthours
2025-08-25 20:00:00+00:00,CAL,California,WND,Wind,1116,megawatthours
2025-08-25 21:00:00+00:00,CAL,California,WND,Wind,1118,megawatthours
2025-08-25 22:00:00+00:00,CAL,California,WND,Wind,1335,megawatthours
2025-08-25 23:00:00+00:00,CAL,California,WND,Wind,1623,megawatthours
2025-08-26 00:00:00+00:00,CAL,California,WND,Wind,1698,megawatthours
2025-08-26 01:00:00+00:00,CAL,California,WND,Wind,1916,megawatthours
2025-08-26 02:00:00+00:00,CAL,California,WND,Wind,2073,megawatthours
2025-08-26 03:00:00+00:00,CAL,California,WND,Wind,2254,megawatthours
2025-08-26 04:00:00+00:00,CAL,California,WND,Wind,2454,megawatthours
2025-08-26 05:00:00+00:00,CAL,California,WND,Wind,2363,megawatthours
2025-08-26 06:00:00+00:00,CAL,California,WND,Wind,2152,megawatthours
2025-08-26 07:00:00+00:00,CAL,California,WND,Wind,2219,megawatthours
2025-08-26 08:00:00+00:00,CAL,California,WND,Wind,1999,megawatthours
2025-08-26 09:00:00+00:00,CAL,California,WND,Wind,1645,megawatthours
2025-08-26 10:00:00+00:00,CAL,California,WND,Wind,1751,megawatthours
2025-08-26 11:00:00+00:00,CAL,California,WND,Wind,1610,megawatthours
2025-08-26 12:00:00+00:00,CAL,California,WND,Wind,1664,megawatthours
2025-08-26 13:00:00+00:00,CAL,California,WND,Wind,1583,megawatthours
2025-08-26 14:00:00+00:00,CAL,California,WND,Wind,1376,megawatthours
2025-08-26 15:00:00+00:00,CAL,California,WND,Wind,1279,megawatthours
2025-08-26 16:00:00+00:00,CAL,California,WND,Wind,1168,megawatthours
2025-08-26 17:00:00+00:00,CAL,California,WND,Wind,1182,megawatthours
2025-08-26 18:00:00+00:00,CAL,California,WND,Wind,1110,megawatthours
2025-08-26 19:00:00+00:00,CAL,California,WND,Wind,994,megawatthours
2025-08-26 20:00:00+00:00,CAL,California,WND,Wind,694,megawatthours
2025-08-26 21:00:00+00:00,CAL,California,WND,Wind,790,megawatthours
2025-08-26 22:00:00+00:00,CAL,California,WND,Wind,1062,megawatthours
2025-08-26 23:00:00+00:00,CAL,California,WND,Wind,1544,megawatthours
2025-08-27 00:00:00+00:00,CAL,California,WND,Wind,1713,megawatthours
2025-08-27 01:00:00+00:00,CAL,California,WND,Wind,1822,megawatthours
2025-08-27 02:00:00+00:00,CAL,California,WND,Wind,1932,megawatthours
2025-08-27 03:00:00+00:00,CAL,California,WND,Wind,1883,megawatthours
2025-08-27 04:00:00+00:00,CAL,California,WND,Wind,1719,megawatthours
2025-08-27 05:00:00+00:00,CAL,California,WND,Wind,1912,megawatthours
2025-08-27 06:00:00+00:00,CAL,California,WND,Wind,1925,megawatthours
2025-08-27 07:00:00+00:00,CAL,California,WND,Wind,1850,megawatthours
2025-08-27 08:00:00+00:00,CAL,California,WND,Wind,1813,megawatthours
2025-08-27 09:00:00+00:00,CAL,California,WND,Wind,1955,megawatthours
2025-08-27 10:00:00+00:00,CAL,California,WND,Wind,1890,megawatthours
2025-08-27 11:00:00+00:00,CAL,California,WND,Wind,1867,megawatthours
2025-08-27 12:00:00+00:00,CAL,California,WND,Wind,1641,megawatthours
2025-08-27 13:00:00+00:00,CAL,California,WND,Wind,1581,megawatthours
2025-08-27 14:00:00+00:00,CAL,California,WND,Wind,1481,megawatthours
2025-08-27 15:00:00+00:00,CAL,California,WND,Wind,1398,megawatthours
2025-08-27 16:00:00+00:00,CAL,California,WND,Wind,1422,megawatthours
2025-08-27 17:00:00+00:00,CAL,California,WND,Wind,1416,megawatthours
2025-08-27 18:00:00+00:00,CAL,California,WND,Wind,1442,megawatthours
2025-08-27 19:00:00+00:00,CAL,California,WND,Wind,1290,megawatthours
2025-08-27 20:00:00+00:00,CAL,California,WND,Wind,1143,megawatthours
2025-08-27 21:00:00+00:00,CAL,California,WND,Wind,1058,megawatthours
2025-08-27 22:00:00+00:00,CAL,California,WND,Wind,997,megawatthours
2025-08-27 23:00:00+00:00,CAL,California,WND,Wind,1069,megawatthours
2025-08-28 00:00:00+00:00,CAL,California,WND,Wind,1358,megawatthours
2025-08-28 01:00:00+00:00,CAL,California,WND,Wind,1765,megawatthours
2025-08-28 02:00:00+00:00,CAL,California,WND,Wind,2014,megawatthours
2025-08-28 03:00:00+00:00,CAL,California,WND,Wind,2474,megawatthours
2025-08-28 04:00:00+00:00,CAL,California,WND,Wind,2616,megawatthours
2025-08-28 05:00:00+00:00,CAL,California,WND,Wind,2693,megawatthours
2025-08-28 06:00:00+00:00,CAL,California,WND,Wind,2989,megawatthours
2025-08-28 07:00:00+00:00,CAL,California,WND,Wind,3400,megawatthours
2025-08-28 08:00:00+00:00,CAL,California,WND,Wind,3796,megawatthours
2025-08-28 09:00:00+00:00,CAL,California,WND,Wind,3605,megawatthours
2025-08-28 10:00:00+00:00,CAL,California,WND,Wind,3505,megawatthours
2025-08-28 11:00:00+00:00,CAL,California,WND,Wind,3370,megawatthours
2025-08-28 12:00:00+00:00,CAL,California,WND,Wind,3113,megawatthours
2025-08-28 13:00:00+00:00,CAL,California,WND,Wind,2699,megawatthours
2025-08-28 14:00:00+00:00,CAL,California,WND,Wind,2114,megawatthours
2025-08-28 15:00:00+00:00,CAL,California,WND,Wind,1697,megawatthours
2025-08-28 16:00:00+00:00,CAL,California,WND,Wind,1312,megawatthours
2025-08-28 17:00:00+00:00,CAL,California,WND,Wind,1043,megawatthours
2025-08-28 18:00:00+00:00,CAL,California,WND,Wind,1087,megawatthours
2025-08-28 19:00:00+00:00,CAL,California,WND,Wind,1081,megawatthours
2025-08-28 20:00:00+00:00,CAL,California,WND,Wind,790,megawatthours
2025-08-28 21:00:00+00:00,CAL,California,WND,Wind,725,megawatthours
2025-08-28 22:00:00+00:00,CAL,California,WND,Wind,629,megawatthours
2025-08-28 23:00:00+00:00,CAL,California,WND,Wind,459,megawatthours
2025-08-29 00:00:00+00:00,CAL,California,WND,Wind,625,megawatthours
2025-08-29 01:00:00+00:00,CAL,California,WND,Wind,637,megawatthours
2025-08-29 02:00:00+00:00,CAL,California,WND,Wind,917,megawatthours
2025-08-29 03:00:00+00:00,CAL,California,WND,Wind,1498,megawatthours
2025-08-29 04:00:00+00:00,CAL,California,WND,Wind,1952,megawatthours
2025-08-29 05:00:00+00:00,CAL,California,WND,Wind,2186,megawatthours
2025-08-29 06:00:00+00:00,CAL,California,WND,Wind,2123,megawatthours
2025-08-29 07:00:00+00:00,CAL,California,WND,Wind,2012,megawatthours
2025-08-29 08:00:00+00:00,CAL,California,WND,Wind,1809,megawatthours
2025-08-29 09:00:00+00:00,CAL,California,WND,Wind,1701,megawatthours
2025-08-29 10:00:00+00:00,CAL,California,WND,Wind,1829,megawatthours
2025-08-29 11:00:00+00:00,CAL,California,WND,Wind,1780,megawatthours
2025-08-29 12:00:00+00:00,CAL,California,WND,Wind,1731,megawatthours
2025-08-29 13:00:00+00:00,CAL,California,WND,Wind,1590,megawatthours
2025-08-29 14:00:00+00:00,CAL,California,WND,Wind,1626,megawatthours
2025-08-29 15:00:00+00:00,CAL,California,WND,Wind,1476,megawatthours
2025-08-29 16:00:00+00:00,CAL,California,WND,Wind,1348,megawatthours
2025-08-29 17:00:00+00:00,CAL,California,WND,Wind,1233,megawatthours
2025-08-29 18:00:00+00:00,CAL,California,WND,Wind,1142,megawatthours
2025-08-29 19:00:00+00:00,CAL,California,WND,Wind,1106,megawatthours
2025-08-29 20:00:00+00:00,CAL,California,WND,Wind,922,megawatthours
2025-08-29 21:00:00+00:00,CAL,California,WND,Wind,933,megawatthours
2025-08-29 22:00:00+00:00,CAL,California,WND,Wind,979,megawatthours
2025-08-29 23:00:00+00:00,CAL,California,WND,Wind,1088,megawatthours
2025-08-30 00:00:00+00:00,CAL,California,WND,Wind,1179,megawatthours
2025-08-30 01:00:00+00:00,CAL,California,WND,Wind,1288,megawatthours
2025-08-30 02:00:00+00:00,CAL,California,WND,Wind,1909,megawatthours
2025-08-30 03:00:00+00:00,CAL,California,WND,Wind,2569,megawatthours
2025-08-30 04:00:00+00:00,CAL,California,WND,Wind,2907,megawatthours
2025-08-30 05:00:00+00:00,CAL,California,WND,Wind,2928,megawatthours
2025-08-30 06:00:00+00:00,CAL,California,WND,Wind,2921,megawatthours
2025-08-30 07:00:00+00:00,CAL,California,WND,Wind,3054,megawatthours
2025-08-30 08:00:00+00:00,CAL,California,WND,Wind,3402,megawatthours
2025-08-30 09:00:00+00:00,CAL,California,WND,Wind,3365,megawatthours
2025-08-30 10:00:00+00:00,CAL,California,WND,Wind,3287,megawatthours
2025-08-30 11:00:00+00:00,CAL,California,WND,Wind,2815,megawatthours
2025-08-30 12:00:00+00:00,CAL,California,WND,Wind,2377,megawatthours
2025-08-30 13:00:00+00:00,CAL,California,WND,Wind,2033,megawatthours
2025-08-30 14:00:00+00:00,CAL,California,WND,Wind,1564,megawatthours
2025-08-30 15:00:00+00:00,CAL,California,WND,Wind,1259,megawatthours
2025-08-30 16:00:00+00:00,CAL,California,WND,Wind,893,megawatthours
2025-08-30 17:00:00+00:00,CAL,California,WND,Wind,461,megawatthours
2025-08-30 18:00:00+00:00,CAL,California,WND,Wind,283,megawatthours
2025-08-30 19:00:00+00:00,CAL,California,WND,Wind,243,megawatthours
2025-08-30 20:00:00+00:00,CAL,California,WND,Wind,284,megawatthours
2025-08-30 21:00:00+00:00,CAL,California,WND,Wind,393,megawatthours
2025-08-30 22:00:00+00:00,CAL,California,WND,Wind,506,megawatthours
2025-08-30 23:00:00+00:00,CAL,California,WND,Wind,450,megawatthours
2025-08-31 00:00:00+00:00,CAL,California,WND,Wind,416,megawatthours
2025-08-31 01:00:00+00:00,CAL,California,WND,Wind,424,megawatthours
2025-08-31 02:00:00+00:00,CAL,California,WND,Wind,686,megawatthours
2025-08-31 03:00:00+00:00,CAL,California,WND,Wind,1488,megawatthours
2025-08-31 04:00:00+00:00,CAL,California,WND,Wind,2402,megawatthours
2025-08-31 05:00:00+00:00,CAL,California,WND,Wind,2670,megawatthours
2025-08-31 06:00:00+00:00,CAL,California,WND,Wind,2715,megawatthours
2025-08-31 07:00:00+00:00,CAL,California,WND,Wind,2406,megawatthours
2025-08-31 08:00:00+00:00,CAL,California,WND,Wind,2290,megawatthours
2025-08-31 09:00:00+00:00,CAL,California,WND,Wind,2076,megawatthours
2025-08-31 10:00:00+00:00,CAL,California,WND,Wind,2010,megawatthours
2025-08-31 11:00:00+00:00,CAL,California,WND,Wind,2238,megawatthours
2025-08-31 12:00:00+00:00,CAL,California,WND,Wind,2167,megawatthours
2025-08-31 13:00:00+00:00,CAL,California,WND,Wind,1704,megawatthours
2025-08-31 14:00:00+00:00,CAL,California,WND,Wind,1252,megawatthours
2025-08-31 15:00:00+00:00,CAL,California,WND,Wind,888,megawatthours
2025-08-31 16:00:00+00:00,CAL,California,WND,Wind,779,megawatthours
2025-08-31 17:00:00+00:00,CAL,California,WND,Wind,682,megawatthours
2025-08-31 18:00:00+00:00,CAL,California,WND,Wind,516,megawatthours
2025-08-31 19:00:00+00:00,CAL,California,WND,Wind,409,megawatthours
2025-08-31 20:00:00+00:00,CAL,California,WND,Wind,378,megawatthours
2025-08-31 21:00:00+00:00,CAL,California,WND,Wind,332,megawatthours
2025-08-31 22:00:00+00:00,CAL,California,WND,Wind,412,megawatthours
2025-08-31 23:00:00+00:00,CAL,California,WND,Wind,696,megawatthours
2025-09-01 00:00:00+00:00,CAL,California,WND,Wind,1025,megawatthours
2025-09-01 01:00:00+00:00,CAL,California,WND,Wind,1267,megawatthours
2025-09-01 02:00:00+00:00,CAL,California,WND,Wind,1858,megawatthours
2025-09-01 03:00:00+00:00,CAL,California,WND,Wind,2243,megawatthours
2025-09-01 04:00:00+00:00,CAL,California,WND,Wind,2583,megawatthours
2025-09-01 05:00:00+00:00,CAL,California,WND,Wind,2420,megawatthours
2025-09-01 06:00:00+00:00,CAL,California,WND,Wind,2313,megawatthours
2025-09-01 07:00:00+00:00,CAL,California,WND,Wind,2329,megawatthours
2025-09-01 08:00:00+00:00,CAL,California,WND,Wind,2468,megawatthours
2025-09-01 09:00:00+00:00,CAL,California,WND,Wind,2643,megawatthours
2025-09-01 10:00:00+00:00,CAL,California,WND,Wind,2672,megawatthours
2025-09-01 11:00:00+00:00,CAL,California,WND,Wind,2350,megawatthours
2025-09-01 12:00:00+00:00,CAL,California,WND,Wind,1853,megawatthours
2025-09-01 13:00:00+00:00,CAL,California,WND,Wind,1598,megawatthours
2025-09-01 14:00:00+00:00,CAL,California,WND,Wind,1307,megawatthours
2025-09-01 15:00:00+00:00,CAL,California,WND,Wind,1073,megawatthours
2025-09-01 16:00:00+00:00,CAL,California,WND,Wind,756,megawatthours
2025-09-01 17:00:00+00:00,CAL,California,WND,Wind,428,megawatthours
2025-09-01 18:00:00+00:00,CAL,California,WND,Wind,277,megawatthours
2025-09-01 19:00:00+00:00,CAL,California,WND,Wind,231,megawatthours
2025-09-01 20:00:00+00:00,CAL,California,WND,Wind,263,megawatthours
2025-09-01 21:00:00+00:00,CAL,California,WND,Wind,351,megawatthours
2025-09-01 22:00:00+00:00,CAL,California,WND,Wind,492,megawatthours
2025-09-01 23:00:00+00:00,CAL,California,WND,Wind,586,megawatthours
2025-09-02 00:00:00+00:00,CAL,California,WND,Wind,583,megawatthours
2025-09-02 01:00:00+00:00,CAL,California,WND,Wind,666,megawatthours
2025-09-02 02:00:00+00:00,CAL,California,WND,Wind,967,megawatthours
2025-09-02 03:00:00+00:00,CAL,California,WND,Wind,1068,megawatthours
2025-09-02 04:00:00+00:00,CAL,California,WND,Wind,829,megawatthours
2025-09-02 05:00:00+00:00,CAL,California,WND,Wind,846,megawatthours
2025-09-02 06:00:00+00:00,CAL,California,WND,Wind,929,megawatthours
2025-09-02 07:00:00+00:00,CAL,California,WND,Wind,930,megawatthours
2025-09-02 08:00:00+00:00,CAL,California,WND,Wind,875,megawatthours
2025-09-02 09:00:00+00:00,CAL,California,WND,Wind,869,megawatthours
2025-09-02 10:00:00+00:00,CAL,California,WND,Wind,1005,megawatthours
2025-09-02 11:00:00+00:00,CAL,California,WND,Wind,1281,megawatthours
2025-09-02 12:00:00+00:00,CAL,California,WND,Wind,1133,megawatthours
2025-09-02 13:00:00+00:00,CAL,California,WND,Wind,985,megawatthours
2025-09-02 14:00:00+00:00,CAL,California,WND,Wind,636,megawatthours
2025-09-02 15:00:00+00:00,CAL,California,WND,Wind,521,megawatthours
2025-09-02 16:00:00+00:00,CAL,California,WND,Wind,566,megawatthours
2025-09-02 17:00:00+00:00,CAL,California,WND,Wind,549,megawatthours
2025-09-02 18:00:00+00:00,CAL,California,WND,Wind,576,megawatthours
2025-09-02 19:00:00+00:00,CAL,California,WND,Wind,1302,megawatthours
2025-09-02 20:00:00+00:00,CAL,California,WND,Wind,1981,megawatthours
2025-09-02 21:00:00+00:00,CAL,California,WND,Wind,2119,megawatthours
2025-09-02 22:00:00+00:00,CAL,California,WND,Wind,2716,megawatthours
2025-09-02 23:00:00+00:00,CAL,California,WND,Wind,3085,megawatthours
2025-09-03 00:00:00+00:00,CAL,California,WND,Wind,2713,megawatthours
2025-09-03 01:00:00+00:00,CAL,California,WND,Wind,2349,megawatthours
2025-09-03 02:00:00+00:00,CAL,California,WND,Wind,2450,megawatthours
2025-09-03 03:00:00+00:00,CAL,California,WND,Wind,2115,megawatthours
2025-09-03 04:00:00+00:00,CAL,California,WND,Wind,1737,megawatthours
2025-09-03 05:00:00+00:00,CAL,California,WND,Wind,1649,megawatthours
2025-09-03 06:00:00+00:00,CAL,California,WND,Wind,1872,megawatthours
2025-09-03 07:00:00+00:00,CAL,California,WND,Wind,1659,megawatthours
2025-09-03 08:00:00+00:00,CAL,California,WND,Wind,1449,megawatthours
2025-09-03 09:00:00+00:00,CAL,California,WND,Wind,1306,megawatthours
2025-09-03 10:00:00+00:00,CAL,California,WND,Wind,1069,megawatthours
2025-09-03 11:00:00+00:00,CAL,California,WND,Wind,736,megawatthours
2025-09-03 12:00:00+00:00,CAL,California,WND,Wind,713,megawatthours
2025-09-03 13:00:00+00:00,CAL,California,WND,Wind,748,megawatthours
2025-09-03 14:00:00+00:00,CAL,California,WND,Wind,715,megawatthours
2025-09-03 15:00:00+00:00,CAL,California,WND,Wind,754,megawatthours
2025-09-03 16:00:00+00:00,CAL,California,WND,Wind,766,megawatthours
2025-09-03 17:00:00+00:00,CAL,California,WND,Wind,879,megawatthours
2025-09-03 18:00:00+00:00,CAL,California,WND,Wind,1220,megawatthours
2025-09-03 19:00:00+00:00,CAL,California,WND,Wind,1202,megawatthours
2025-09-03 20:00:00+00:00,CAL,California,WND,Wind,950,megawatthours
2025-09-03 21:00:00+00:00,CAL,California,WND,Wind,809,megawatthours
2025-09-03 22:00:00+00:00,CAL,California,WND,Wind,805,megawatthours
2025-09-03 23:00:00+00:00,CAL,California,WND,Wind,807,megawatthours
2025-09-04 00:00:00+00:00,CAL,California,WND,Wind,853,megawatthours
2025-09-04 01:00:00+00:00,CAL,California,WND,Wind,902,megawatthours
2025-09-04 02:00:00+00:00,CAL,California,WND,Wind,896,megawatthours
2025-09-04 03:00:00+00:00,CAL,California,WND,Wind,1075,megawatthours
2025-09-04 04:00:00+00:00,CAL,California,WND,Wind,1525,megawatthours
2025-09-04 05:00:00+00:00,CAL,California,WND,Wind,1936,megawatthours
2025-09-04 06:00:00+00:00,CAL,California,WND,Wind,2384,megawatthours
2025-09-04 07:00:00+00:00,CAL,California,WND,Wind,2622,megawatthours
2025-09-04 08:00:00+00:00,CAL,California,WND,Wind,2711,megawatthours
2025-09-04 09:00:00+00:00,CAL,California,WND,Wind,2970,megawatthours
2025-09-04 10:00:00+00:00,CAL,California,WND,Wind,3046,megawatthours
2025-09-04 11:00:00+00:00,CAL,California,WND,Wind,2855,megawatthours
2025-09-04 12:00:00+00:00,CAL,California,WND,Wind,2437,megawatthours
2025-09-04 13:00:00+00:00,CAL,California,WND,Wind,2092,megawatthours
2025-09-04 14:00:00+00:00,CAL,California,WND,Wind,1841,megawatthours
2025-09-04 15:00:00+00:00,CAL,California,WND,Wind,1640,megawatthours
2025-09-04 16:00:00+00:00,CAL,California,WND,Wind,1383,megawatthours
2025-09-04 17:00:00+00:00,CAL,California,WND,Wind,1332,megawatthours
2025-09-04 18:00:00+00:00,CAL,California,WND,Wind,1250,megawatthours
2025-09-04 19:00:00+00:00,CAL,California,WND,Wind,1249,megawatthours
2025-09-04 20:00:00+00:00,CAL,California,WND,Wind,1312,megawatthours
2025-09-04 21:00:00+00:00,CAL,California,WND,Wind,1263,megawatthours
2025-09-04 22:00:00+00:00,CAL,California,WND,Wind,1433,megawatthours
2025-09-04 23:00:00+00:00,CAL,California,WND,Wind,1716,megawatthours
2025-09-05 00:00:00+00:00,CAL,California,WND,Wind,1835,megawatthours
2025-09-05 01:00:00+00:00,CAL,California,WND,Wind,2019,megawatthours
2025-09-05 02:00:00+00:00,CAL,California,WND,Wind,2402,megawatthours
2025-09-05 03:00:00+00:00,CAL,California,WND,Wind,2817,megawatthours
2025-09-05 04:00:00+00:00,CAL,California,WND,Wind,2998,megawatthours
2025-09-05 05:00:00+00:00,CAL,California,WND,Wind,3412,megawatthours
2025-09-05 06:00:00+00:00,CAL,California,WND,Wind,4014,megawatthours
2025-09-05 07:00:00+00:00,CAL,California,WND,Wind,4118,megawatthours
2025-09-05 08:00:00+00:00,CAL,California,WND,Wind,3830,megawatthours
2025-09-05 09:00:00+00:00,CAL,California,WND,Wind,3271,megawatthours
2025-09-05 10:00:00+00:00,CAL,California,WND,Wind,3166,megawatthours
2025-09-05 11:00:00+00:00,CAL,California,WND,Wind,3183,megawatthours
2025-09-05 12:00:00+00:00,CAL,California,WND,Wind,3041,megawatthours
2025-09-05 13:00:00+00:00,CAL,California,WND,Wind,2775,megawatthours
2025-09-05 14:00:00+00:00,CAL,California,WND,Wind,2356,megawatthours
2025-09-05 15:00:00+00:00,CAL,California,WND,Wind,1733,megawatthours
2025-09-05 16:00:00+00:00,CAL,California,WND,Wind,1212,megawatthours
2025-09-05 17:00:00+00:00,CAL,California,WND,Wind,972,megawatthours
2025-09-05 18:00:00+00:00,CAL,California,WND,Wind,843,megawatthours
2025-09-05 19:00:00+00:00,CAL,California,WND,Wind,732,megawatthours
2025-09-05 20:00:00+00:00,CAL,California,WND,Wind,935,megawatthours
2025-09-05 21:00:00+00:00,CAL,California,WND,Wind,1125,megawatthours
2025-09-05 22:00:00+00:00,CAL,California,WND,Wind,1378,megawatthours
2025-09-05 23:00:00+00:00,CAL,California,WND,Wind,1515,megawatthours
2025-09-06 00:00:00+00:00,CAL,California,WND,Wind,1800,megawatthours
2025-09-06 01:00:00+00:00,CAL,California,WND,Wind,2009,megawatthours
2025-09-06 02:00:00+00:00,CAL,California,WND,Wind,2226,megawatthours
2025-09-06 03:00:00+00:00,CAL,California,WND,Wind,2251,megawatthours
2025-09-06 04:00:00+00:00,CAL,California,WND,Wind,2214,megawatthours
2025-09-06 05:00:00+00:00,CAL,California,WND,Wind,2547,megawatthours
2025-09-06 06:00:00+00:00,CAL,California,WND,Wind,2368,megawatthours
2025-09-06 07:00:00+00:00,CAL,California,WND,Wind,1987,megawatthours
2025-09-06 08:00:00+00:00,CAL,California,WND,Wind,1801,megawatthours
2025-09-06 09:00:00+00:00,CAL,California,WND,Wind,1727,megawatthours
2025-09-06 10:00:00+00:00,CAL,California,WND,Wind,1704,megawatthours
2025-09-06 11:00:00+00:00,CAL,California,WND,Wind,1530,megawatthours
2025-09-06 12:00:00+00:00,CAL,California,WND,Wind,1305,megawatthours
2025-09-06 13:00:00+00:00,CAL,California,WND,Wind,1398,megawatthours
2025-09-06 14:00:00+00:00,CAL,California,WND,Wind,1169,megawatthours
2025-09-06 15:00:00+00:00,CAL,California,WND,Wind,1017,megawatthours
2025-09-06 16:00:00+00:00,CAL,California,WND,Wind,1157,megawatthours
2025-09-06 17:00:00+00:00,CAL,California,WND,Wind,1451,megawatthours
2025-09-06 18:00:00+00:00,CAL,California,WND,Wind,1578,megawatthours
2025-09-06 19:00:00+00:00,CAL,California,WND,Wind,1554,megawatthours
2025-09-06 20:00:00+00:00,CAL,California,WND,Wind,1514,megawatthours
2025-09-06 21:00:00+00:00,CAL,California,WND,Wind,1732,megawatthours
2025-09-06 22:00:00+00:00,CAL,California,WND,Wind,1649,megawatthours
2025-09-06 23:00:00+00:00,CAL,California,WND,Wind,1907,megawatthours
2025-09-07 00:00:00+00:00,CAL,California,WND,Wind,1888,megawatthours
2025-09-07 01:00:00+00:00,CAL,California,WND,Wind,1917,megawatthours
2025-09-07 02:00:00+00:00,CAL,California,WND,Wind,2073,megawatthours
2025-09-07 03:00:00+00:00,CAL,California,WND,Wind,2107,megawatthours
2025-09-07 04:00:00+00:00,CAL,California,WND,Wind,2185,megawatthours
2025-09-07 05:00:00+00:00,CAL,California,WND,Wind,2258,megawatthours
2025-09-07 06:00:00+00:00,CAL,California,WND,Wind,2253,megawatthours
2025-09-07 07:00:00+00:00,CAL,California,WND,Wind,2413,megawatthours
2025-09-07 08:00:00+00:00,CAL,California,WND,Wind,2280,megawatthours
2025-09-07 09:00:00+00:00,CAL,California,WND,Wind,1910,megawatthours
2025-09-07 10:00:00+00:00,CAL,California,WND,Wind,1959,megawatthours
2025-09-07 11:00:00+00:00,CAL,California,WND,Wind,1997,megawatthours
2025-09-07 12:00:00+00:00,CAL,California,WND,Wind,1765,megawatthours
2025-09-07 13:00:00+00:00,CAL,California,WND,Wind,1488,megawatthours
2025-09-07 14:00:00+00:00,CAL,California,WND,Wind,1402,megawatthours
2025-09-07 15:00:00+00:00,CAL,California,WND,Wind,1521,megawatthours
2025-09-07 16:00:00+00:00,CAL,California,WND,Wind,1504,megawatthours
2025-09-07 17:00:00+00:00,CAL,California,WND,Wind,1361,megawatthours
2025-09-07 18:00:00+00:00,CAL,California,WND,Wind,1386,megawatthours
2025-09-07 19:00:00+00:00,CAL,California,WND,Wind,1320,megawatthours
2025-09-07 20:00:00+00:00,CAL,California,WND,Wind,1387,megawatthours
2025-09-07 21:00:00+00:00,CAL,California,WND,Wind,1396,megawatthours
2025-09-07 22:00:00+00:00,CAL,California,WND,Wind,1387,megawatthours
2025-09-07 23:00:00+00:00,CAL,California,WND,Wind,1460,megawatthours
2025-09-08 00:00:00+00:00,CAL,California,WND,Wind,1558,megawatthours
2025-09-08 01:00:00+00:00,CAL,California,WND,Wind,1842,megawatthours
2025-09-08 02:00:00+00:00,CAL,California,WND,Wind,1849,megawatthours
2025-09-08 03:00:00+00:00,CAL,California,WND,Wind,1761,megawatthours
2025-09-08 04:00:00+00:00,CAL,California,WND,Wind,1912,megawatthours
2025-09-08 05:00:00+00:00,CAL,California,WND,Wind,2156,megawatthours
2025-09-08 06:00:00+00:00,CAL,California,WND,Wind,2232,megawatthours
2025-09-08 07:00:00+00:00,CAL,California,WND,Wind,2336,megawatthours
2025-09-08 08:00:00+00:00,CAL,California,WND,Wind,2263,megawatthours
2025-09-08 09:00:00+00:00,CAL,California,WND,Wind,2265,megawatthours
2025-09-08 10:00:00+00:00,CAL,California,WND,Wind,2281,megawatthours
2025-09-08 11:00:00+00:00,CAL,California,WND,Wind,2367,megawatthours
2025-09-08 12:00:00+00:00,CAL,California,WND,Wind,2534,megawatthours
2025-09-08 13:00:00+00:00,CAL,California,WND,Wind,2470,megawatthours
2025-09-08 14:00:00+00:00,CAL,California,WND,Wind,2329,megawatthours
2025-09-08 15:00:00+00:00,CAL,California,WND,Wind,2109,megawatthours
2025-09-08 16:00:00+00:00,CAL,California,WND,Wind,1846,megawatthours
2025-09-08 17:00:00+00:00,CAL,California,WND,Wind,1827,megawatthours
2025-09-08 18:00:00+00:00,CAL,California,WND,Wind,1770,megawatthours
2025-09-08 19:00:00+00:00,CAL,California,WND,Wind,1915,megawatthours
2025-09-08 20:00:00+00:00,CAL,California,WND,Wind,2114,megawatthours
2025-09-08 21:00:00+00:00,CAL,California,WND,Wind,2317,megawatthours
2025-09-08 22:00:00+00:00,CAL,California,WND,Wind,2630,megawatthours
2025-09-08 23:00:00+00:00,CAL,California,WND,Wind,3103,megawatthours
2025-09-09 00:00:00+00:00,CAL,California,WND,Wind,3372,megawatthours
2025-09-09 01:00:00+00:00,CAL,California,WND,Wind,3534,megawatthours
2025-09-09 02:00:00+00:00,CAL,California,WND,Wind,3440,megawatthours
2025-09-09 03:00:00+00:00,CAL,California,WND,Wind,3359,megawatthours
2025-09-09 04:00:00+00:00,CAL,California,WND,Wind,3382,megawatthours
2025-09-09 05:00:00+00:00,CAL,California,WND,Wind,3251,megawatthours
2025-09-09 06:00:00+00:00,CAL,California,WND,Wind,3063,megawatthours
2025-09-09 07:00:00+00:00,CAL,California,WND,Wind,3161,megawatthours
2025-09-09 08:00:00+00:00,CAL,California,WND,Wind,3027,megawatthours
2025-09-09 09:00:00+00:00,CAL,California,WND,Wind,3152,megawatthours
2025-09-09 10:00:00+00:00,CAL,California,WND,Wind,3062,megawatthours
2025-09-09 11:00:00+00:00,CAL,California,WND,Wind,3070,megawatthours
2025-09-09 12:00:00+00:00,CAL,California,WND,Wind,3325,megawatthours
2025-09-09 13:00:00+00:00,CAL,California,WND,Wind,3433,megawatthours
2025-09-09 14:00:00+00:00,CAL,California,WND,Wind,3387,megawatthours
2025-09-09 15:00:00+00:00,CAL,California,WND,Wind,3012,megawatthours
2025-09-09 16:00:00+00:00,CAL,California,WND,Wind,3041,megawatthours
2025-09-09 17:00:00+00:00,CAL,California,WND,Wind,3065,megawatthours
2025-09-09 18:00:00+00:00,CAL,California,WND,Wind,2689,megawatthours
2025-09-09 19:00:00+00:00,CAL,California,WND,Wind,2462,megawatthours
2025-09-09 20:00:00+00:00,CAL,California,WND,Wind,2445,megawatthours
2025-09-09 21:00:00+00:00,CAL,California,WND,Wind,2588,megawatthours
2025-09-09 22:00:00+00:00,CAL,California,WND,Wind,2955,megawatthours
2025-09-09 23:00:00+00:00,CAL,California,WND,Wind,3106,megawatthours
2025-09-10 00:00:00+00:00,CAL,California,WND,Wind,3304,megawatthours
2025-09-10 01:00:00+00:00,CAL,California,WND,Wind,3576,megawatthours
2025-09-10 02:00:00+00:00,CAL,California,WND,Wind,3903,megawatthours
2025-09-10 03:00:00+00:00,CAL,California,WND,Wind,3888,megawatthours
2025-09-10 04:00:00+00:00,CAL,California,WND,Wind,3749,megawatthours
2025-09-10 05:00:00+00:00,CAL,California,WND,Wind,3728,megawatthours
2025-09-10 06:00:00+00:00,CAL,California,WND,Wind,3579,megawatthours
2025-09-10 07:00:00+00:00,CAL,California,WND,Wind,3449,megawatthours
2025-09-10 08:00:00+00:00,CAL,California,WND,Wind,3276,megawatthours
2025-09-10 09:00:00+00:00,CAL,California,WND,Wind,3171,megawatthours
2025-09-10 10:00:00+00:00,CAL,California,WND,Wind,3127,megawatthours
2025-09-10 11:00:00+00:00,CAL,California,WND,Wind,3010,megawatthours
2025-09-10 12:00:00+00:00,CAL,California,WND,Wind,3044,megawatthours
2025-09-10 13:00:00+00:00,CAL,California,WND,Wind,3340,megawatthours
2025-09-10 14:00:00+00:00,CAL,California,WND,Wind,3614,megawatthours
2025-09-10 15:00:00+00:00,CAL,California,WND,Wind,3402,megawatthours
2025-09-10 16:00:00+00:00,CAL,California,WND,Wind,2670,megawatthours
2025-09-10 17:00:00+00:00,CAL,California,WND,Wind,2757,megawatthours
2025-09-10 18:00:00+00:00,CAL,California,WND,Wind,2806,megawatthours
2025-09-10 19:00:00+00:00,CAL,California,WND,Wind,2736,megawatthours
2025-09-10 20:00:00+00:00,CAL,California,WND,Wind,3079,megawatthours
2025-09-10 21:00:00+00:00,CAL,California,WND,Wind,3427,megawatthours
2025-09-10 22:00:00+00:00,CAL,California,WND,Wind,3528,megawatthours
2025-09-10 23:00:00+00:00,CAL,California,WND,Wind,3916,megawatthours
2025-09-11 00:00:00+00:00,CAL,California,WND,Wind,4133,megawatthours
2025-09-11 01:00:00+00:00,CAL,California,WND,Wind,4057,megawatthours
2025-09-11 02:00:00+00:00,CAL,California,WND,Wind,4051,megawatthours
2025-09-11 03:00:00+00:00,CAL,California,WND,Wind,3866,megawatthours
2025-09-11 04:00:00+00:00,CAL,California,WND,Wind,3736,megawatthours
2025-09-11 05:00:00+00:00,CAL,California,WND,Wind,3771,megawatthours
2025-09-11 06:00:00+00:00,CAL,California,WND,Wind,3697,megawatthours
2025-09-11 07:00:00+00:00,CAL,California,WND,Wind,3853,megawatthours
2025-09-11 08:00:00+00:00,CAL,California,WND,Wind,3879,megawatthours
2025-09-11 09:00:00+00:00,CAL,California,WND,Wind,3829,megawatthours
2025-09-11 10:00:00+00:00,CAL,California,WND,Wind,3427,megawatthours
2025-09-11 11:00:00+00:00,CAL,California,WND,Wind,3103,megawatthours
2025-09-11 12:00:00+00:00,CAL,California,WND,Wind,3035,megawatthours
2025-09-11 13:00:00+00:00,CAL,California,WND,Wind,2859,megawatthours
2025-09-11 14:00:00+00:00,CAL,California,WND,Wind,2839,megawatthours
2025-09-11 15:00:00+00:00,CAL,California,WND,Wind,2571,megawatthours
2025-09-11 16:00:00+00:00,CAL,California,WND,Wind,2547,megawatthours
2025-09-11 17:00:00+00:00,CAL,California,WND,Wind,2662,megawatthours
2025-09-11 18:00:00+00:00,CAL,California,WND,Wind,2717,megawatthours
2025-09-11 19:00:00+00:00,CAL,California,WND,Wind,2229,megawatthours
2025-09-11 20:00:00+00:00,CAL,California,WND,Wind,1710,megawatthours
2025-09-11 21:00:00+00:00,CAL,California,WND,Wind,1749,megawatthours
2025-09-11 22:00:00+00:00,CAL,California,WND,Wind,2014,megawatthours
2025-09-11 23:00:00+00:00,CAL,California,WND,Wind,2290,megawatthours
2025-09-12 00:00:00+00:00,CAL,California,WND,Wind,2643,megawatthours
2025-09-12 01:00:00+00:00,CAL,California,WND,Wind,3351,megawatthours
2025-09-12 02:00:00+00:00,CAL,California,WND,Wind,4257,megawatthours
2025-09-12 03:00:00+00:00,CAL,California,WND,Wind,4482,megawatthours
2025-09-12 04:00:00+00:00,CAL,California,WND,Wind,4423,megawatthours
2025-09-12 05:00:00+00:00,CAL,California,WND,Wind,4372,megawatthours
2025-09-12 06:00:00+00:00,CAL,California,WND,Wind,4296,megawatthours
2025-09-12 07:00:00+00:00,CAL,California,WND,Wind,4410,megawatthours
2025-09-12 08:00:00+00:00,CAL,California,WND,Wind,4434,megawatthours
2025-09-12 09:00:00+00:00,CAL,California,WND,Wind,4070,megawatthours
2025-09-12 10:00:00+00:00,CAL,California,WND,Wind,4053,megawatthours
2025-09-12 11:00:00+00:00,CAL,California,WND,Wind,4113,megawatthours
2025-09-12 12:00:00+00:00,CAL,California,WND,Wind,4020,megawatthours
2025-09-12 13:00:00+00:00,CAL,California,WND,Wind,3790,megawatthours
2025-09-12 14:00:00+00:00,CAL,California,WND,Wind,3529,megawatthours
2025-09-12 15:00:00+00:00,CAL,California,WND,Wind,3249,megawatthours
2025-09-12 16:00:00+00:00,CAL,California,WND,Wind,2947,megawatthours
2025-09-12 17:00:00+00:00,CAL,California,WND,Wind,2613,megawatthours
2025-09-12 18:00:00+00:00,CAL,California,WND,Wind,2361,megawatthours
2025-09-12 19:00:00+00:00,CAL,California,WND,Wind,2518,megawatthours
2025-09-12 20:00:00+00:00,CAL,California,WND,Wind,2629,megawatthours
2025-09-12 21:00:00+00:00,CAL,California,WND,Wind,2412,megawatthours
2025-09-12 22:00:00+00:00,CAL,California,WND,Wind,2526,megawatthours
2025-09-12 23:00:00+00:00,CAL,California,WND,Wind,2915,megawatthours
2025-09-13 00:00:00+00:00,CAL,California,WND,Wind,3040,megawatthours
2025-09-13 01:00:00+00:00,CAL,California,WND,Wind,3264,megawatthours
2025-09-13 02:00:00+00:00,CAL,California,WND,Wind,4076,megawatthours
2025-09-13 03:00:00+00:00,CAL,California,WND,Wind,4418,megawatthours
2025-09-13 04:00:00+00:00,CAL,California,WND,Wind,4621,megawatthours
2025-09-13 05:00:00+00:00,CAL,California,WND,Wind,4535,megawatthours
2025-09-13 06:00:00+00:00,CAL,California,WND,Wind,4428,megawatthours
2025-09-13 07:00:00+00:00,CAL,California,WND,Wind,4322,megawatthours
2025-09-13 08:00:00+00:00,CAL,California,WND,Wind,4290,megawatthours
2025-09-13 09:00:00+00:00,CAL,California,WND,Wind,4258,megawatthours
2025-09-13 10:00:00+00:00,CAL,California,WND,Wind,3854,megawatthours
2025-09-13 11:00:00+00:00,CAL,California,WND,Wind,3561,megawatthours
2025-09-13 12:00:00+00:00,CAL,California,WND,Wind,3426,megawatthours
2025-09-13 13:00:00+00:00,CAL,California,WND,Wind,3316,megawatthours
2025-09-13 14:00:00+00:00,CAL,California,WND,Wind,3060,megawatthours
2025-09-13 15:00:00+00:00,CAL,California,WND,Wind,2452,megawatthours
2025-09-13 16:00:00+00:00,CAL,California,WND,Wind,2220,megawatthours
2025-09-13 17:00:00+00:00,CAL,California,WND,Wind,1967,megawatthours
2025-09-13 18:00:00+00:00,CAL,California,WND,Wind,1391,megawatthours
2025-09-13 19:00:00+00:00,CAL,California,WND,Wind,980,megawatthours
2025-09-13 20:00:00+00:00,CAL,California,WND,Wind,930,megawatthours
2025-09-13 21:00:00+00:00,CAL,California,WND,Wind,950,megawatthours
2025-09-13 22:00:00+00:00,CAL,California,WND,Wind,1146,megawatthours
2025-09-13 23:00:00+00:00,CAL,California,WND,Wind,1436,megawatthours
2025-09-14 00:00:00+00:00,CAL,California,WND,Wind,1592,megawatthours
2025-09-14 01:00:00+00:00,CAL,California,WND,Wind,2013,megawatthours
2025-09-14 02:00:00+00:00,CAL,California,WND,Wind,2505,megawatthours
2025-09-14 03:00:00+00:00,CAL,California,WND,Wind,3124,megawatthours
2025-09-14 04:00:00+00:00,CAL,California,WND,Wind,3678,megawatthours
2025-09-14 05:00:00+00:00,CAL,California,WND,Wind,3815,megawatthours
2025-09-14 06:00:00+00:00,CAL,California,WND,Wind,3876,megawatthours
2025-09-14 07:00:00+00:00,CAL,California,WND,Wind,3806,megawatthours
2025-09-14 08:00:00+00:00,CAL,California,WND,Wind,3727,megawatthours
2025-09-14 09:00:00+00:00,CAL,California,WND,Wind,3689,megawatthours
2025-09-14 10:00:00+00:00,CAL,California,WND,Wind,3497,megawatthours
2025-09-14 11:00:00+00:00,CAL,California,WND,Wind,3035,megawatthours
2025-09-14 12:00:00+00:00,CAL,California,WND,Wind,3060,megawatthours
2025-09-14 13:00:00+00:00,CAL,California,WND,Wind,3069,megawatthours
2025-09-14 14:00:00+00:00,CAL,California,WND,Wind,2605,megawatthours
2025-09-14 15:00:00+00:00,CAL,California,WND,Wind,2249,megawatthours
2025-09-14 16:00:00+00:00,CAL,California,WND,Wind,1589,megawatthours
2025-09-14 17:00:00+00:00,CAL,California,WND,Wind,1444,megawatthours
2025-09-14 18:00:00+00:00,CAL,California,WND,Wind,1208,megawatthours
2025-09-14 19:00:00+00:00,CAL,California,WND,Wind,1023,megawatthours
2025-09-14 20:00:00+00:00,CAL,California,WND,Wind,908,megawatthours
2025-09-14 21:00:00+00:00,CAL,California,WND,Wind,944,megawatthours
2025-09-14 22:00:00+00:00,CAL,California,WND,Wind,1219,megawatthours
2025-09-14 23:00:00+00:00,CAL,California,WND,Wind,1191,megawatthours
2025-09-15 00:00:00+00:00,CAL,California,WND,Wind,1417,megawatthours
2025-09-15 01:00:00+00:00,CAL,California,WND,Wind,2166,megawatthours
2025-09-15 02:00:00+00:00,CAL,California,WND,Wind,2446,megawatthours
2025-09-15 03:00:00+00:00,CAL,California,WND,Wind,2482,megawatthours
2025-09-15 04:00:00+00:00,CAL,California,WND,Wind,2625,megawatthours
2025-09-15 05:00:00+00:00,CAL,California,WND,Wind,2631,megawatthours
2025-09-15 06:00:00+00:00,CAL,California,WND,Wind,2801,megawatthours
2025-09-15 07:00:00+00:00,CAL,California,WND,Wind,2842,megawatthours
2025-09-15 08:00:00+00:00,CAL,California,WND,Wind,2677,megawatthours
2025-09-15 09:00:00+00:00,CAL,California,WND,Wind,2362,megawatthours
2025-09-15 10:00:00+00:00,CAL,California,WND,Wind,2229,megawatthours
2025-09-15 11:00:00+00:00,CAL,California,WND,Wind,1982,megawatthours
2025-09-15 12:00:00+00:00,CAL,California,WND,Wind,1726,megawatthours
2025-09-15 13:00:00+00:00,CAL,California,WND,Wind,1082,megawatthours
2025-09-15 14:00:00+00:00,CAL,California,WND,Wind,670,megawatthours
2025-09-15 15:00:00+00:00,CAL,California,WND,Wind,454,megawatthours
2025-09-15 16:00:00+00:00,CAL,California,WND,Wind,310,megawatthours
2025-09-15 17:00:00+00:00,CAL,California,WND,Wind,210,megawatthours
2025-09-15 18:00:00+00:00,CAL,California,WND,Wind,214,megawatthours
2025-09-15 19:00:00+00:00,CAL,California,WND,Wind,255,megawatthours
2025-09-15 20:00:00+00:00,CAL,California,WND,Wind,311,megawatthours
2025-09-15 21:00:00+00:00,CAL,California,WND,Wind,355,megawatthours
2025-09-15 22:00:00+00:00,CAL,California,WND,Wind,325,megawatthours
2025-09-15 23:00:00+00:00,CAL,California,WND,Wind,339,megawatthours
2025-09-16 00:00:00+00:00,CAL,California,WND,Wind,474,megawatthours
2025-09-16 01:00:00+00:00,CAL,California,WND,Wind,549,megawatthours
2025-09-16 02:00:00+00:00,CAL,California,WND,Wind,815,megawatthours
2025-09-16 03:00:00+00:00,CAL,California,WND,Wind,1127,megawatthours
2025-09-16 04:00:00+00:00,CAL,California,WND,Wind,1436,megawatthours
2025-09-16 05:00:00+00:00,CAL,California,WND,Wind,1648,megawatthours
2025-09-16 06:00:00+00:00,CAL,California,WND,Wind,1597,megawatthours
2025-09-16 07:00:00+00:00,CAL,California,WND,Wind,1348,megawatthours
2025-09-16 08:00:00+00:00,CAL,California,WND,Wind,1024,megawatthours
2025-09-16 09:00:00+00:00,CAL,California,WND,Wind,883,megawatthours
2025-09-16 10:00:00+00:00,CAL,California,WND,Wind,732,megawatthours
2025-09-16 11:00:00+00:00,CAL,California,WND,Wind,533,megawatthours
2025-09-16 12:00:00+00:00,CAL,California,WND,Wind,388,megawatthours
2025-09-16 13:00:00+00:00,CAL,California,WND,Wind,377,megawatthours
2025-09-16 14:00:00+00:00,CAL,California,WND,Wind,408,megawatthours
2025-09-16 15:00:00+00:00,CAL,California,WND,Wind,278,megawatthours
2025-09-16 16:00:00+00:00,CAL,California,WND,Wind,173,megawatthours
2025-09-16 17:00:00+00:00,CAL,California,WND,Wind,207,megawatthours
2025-09-16 18:00:00+00:00,CAL,California,WND,Wind,276,megawatthours
2025-09-16 19:00:00+00:00,CAL,California,WND,Wind,466,megawatthours
2025-09-16 20:00:00+00:00,CAL,California,WND,Wind,548,megawatthours
2025-09-16 21:00:00+00:00,CAL,California,WND,Wind,714,megawatthours
2025-09-16 22:00:00+00:00,CAL,California,WND,Wind,805,megawatthours
2025-09-16 23:00:00+00:00,CAL,California,WND,Wind,884,megawatthours
2025-09-17 00:00:00+00:00,CAL,California,WND,Wind,841,megawatthours
2025-09-17 01:00:00+00:00,CAL,California,WND,Wind,813,megawatthours
2025-09-17 02:00:00+00:00,CAL,California,WND,Wind,975,megawatthours
2025-09-17 03:00:00+00:00,CAL,California,WND,Wind,1089,megawatthours
2025-09-17 04:00:00+00:00,CAL,California,WND,Wind,1521,megawatthours
2025-09-17 05:00:00+00:00,CAL,California,WND,Wind,1906,megawatthours
2025-09-17 06:00:00+00:00,CAL,California,WND,Wind,1886,megawatthours
2025-09-17 07:00:00+00:00,CAL,California,WND,Wind,1573,megawatthours
2025-09-17 08:00:00+00:00,CAL,California,WND,Wind,1547,megawatthours
2025-09-17 09:00:00+00:00,CAL,California,WND,Wind,1873,megawatthours
2025-09-17 10:00:00+00:00,CAL,California,WND,Wind,1927,megawatthours
2025-09-17 11:00:00+00:00,CAL,California,WND,Wind,1749,megawatthours
2025-09-17 12:00:00+00:00,CAL,California,WND,Wind,1792,megawatthours
2025-09-17 13:00:00+00:00,CAL,California,WND,Wind,1437,megawatthours
2025-09-17 14:00:00+00:00,CAL,California,WND,Wind,1159,megawatthours
2025-09-17 15:00:00+00:00,CAL,California,WND,Wind,1038,megawatthours
2025-09-17 16:00:00+00:00,CAL,California,WND,Wind,680,megawatthours
2025-09-17 17:00:00+00:00,CAL,California,WND,Wind,385,megawatthours
2025-09-17 18:00:00+00:00,CAL,California,WND,Wind,297,megawatthours
2025-09-17 19:00:00+00:00,CAL,California,WND,Wind,276,megawatthours
2025-09-17 20:00:00+00:00,CAL,California,WND,Wind,324,megawatthours
2025-09-17 21:00:00+00:00,CAL,California,WND,Wind,387,megawatthours
2025-09-17 22:00:00+00:00,CAL,California,WND,Wind,453,megawatthours
2025-09-17 23:00:00+00:00,CAL,California,WND,Wind,738,megawatthours
2025-09-18 00:00:00+00:00,CAL,California,WND,Wind,1706,megawatthours
2025-09-18 01:00:00+00:00,CAL,California,WND,Wind,2084,megawatthours
2025-09-18 02:00:00+00:00,CAL,California,WND,Wind,2358,megawatthours
2025-09-18 03:00:00+00:00,CAL,California,WND,Wind,3071,megawatthours
2025-09-18 04:00:00+00:00,CAL,California,WND,Wind,3258,megawatthours
2025-09-18 05:00:00+00:00,CAL,California,WND,Wind,3361,megawatthours
2025-09-18 06:00:00+00:00,CAL,California,WND,Wind,3268,megawatthours
2025-09-18 07:00:00+00:00,CAL,California,WND,Wind,3242,megawatthours
2025-09-18 08:00:00+00:00,CAL,California,WND,Wind,3061,megawatthours
2025-09-18 09:00:00+00:00,CAL,California,WND,Wind,3009,megawatthours
2025-09-18 10:00:00+00:00,CAL,California,WND,Wind,2709,megawatthours
2025-09-18 11:00:00+00:00,CAL,California,WND,Wind,2109,megawatthours
2025-09-18 12:00:00+00:00,CAL,California,WND,Wind,1657,megawatthours
2025-09-18 13:00:00+00:00,CAL,California,WND,Wind,1409,megawatthours
2025-09-18 14:00:00+00:00,CAL,California,WND,Wind,1395,megawatthours
2025-09-18 15:00:00+00:00,CAL,California,WND,Wind,1135,megawatthours
2025-09-18 16:00:00+00:00,CAL,California,WND,Wind,946,megawatthours
2025-09-18 17:00:00+00:00,CAL,California,WND,Wind,844,megawatthours
2025-09-18 18:00:00+00:00,CAL,California,WND,Wind,755,megawatthours
2025-09-18 19:00:00+00:00,CAL,California,WND,Wind,1070,megawatthours
2025-09-18 20:00:00+00:00,CAL,California,WND,Wind,1279,megawatthours
2025-09-18 21:00:00+00:00,CAL,California,WND,Wind,1161,megawatthours
2025-09-18 22:00:00+00:00,CAL,California,WND,Wind,1315,megawatthours
2025-09-18 23:00:00+00:00,CAL,California,WND,Wind,1316,megawatthours
2025-09-19 00:00:00+00:00,CAL,California,WND,Wind,1736,megawatthours
2025-09-19 01:00:00+00:00,CAL,California,WND,Wind,1393,megawatthours
2025-09-19 02:00:00+00:00,CAL,California,WND,Wind,1066,megawatthours
2025-09-19 03:00:00+00:00,CAL,California,WND,Wind,1176,megawatthours
2025-09-19 04:00:00+00:00,CAL,California,WND,Wind,1303,megawatthours
2025-09-19 05:00:00+00:00,CAL,California,WND,Wind,1068,megawatthours
2025-09-19 06:00:00+00:00,CAL,California,WND,Wind,860,megawatthours
2025-09-19 07:00:00+00:00,CAL,California,WND,Wind,728,megawatthours
2025-09-19 08:00:00+00:00,CAL,California,WND,Wind,604,megawatthours
2025-09-19 09:00:00+00:00,CAL,California,WND,Wind,619,megawatthours
2025-09-19 10:00:00+00:00,CAL,California,WND,Wind,486,megawatthours
2025-09-19 11:00:00+00:00,CAL,California,WND,Wind,526,megawatthours
2025-09-19 12:00:00+00:00,CAL,California,WND,Wind,512,megawatthours
2025-09-19 13:00:00+00:00,CAL,California,WND,Wind,340,megawatthours
2025-09-19 14:00:00+00:00,CAL,California,WND,Wind,219,megawatthours
2025-09-19 15:00:00+00:00,CAL,California,WND,Wind,225,megawatthours
2025-09-19 16:00:00+00:00,CAL,California,WND,Wind,203,megawatthours
2025-09-19 17:00:00+00:00,CAL,California,WND,Wind,191,megawatthours
2025-09-19 18:00:00+00:00,CAL,California,WND,Wind,174,megawatthours
2025-09-19 19:00:00+00:00,CAL,California,WND,Wind,190,megawatthours
2025-09-19 20:00:00+00:00,CAL,California,WND,Wind,193,megawatthours
2025-09-19 21:00:00+00:00,CAL,California,WND,Wind,334,megawatthours
2025-09-19 22:00:00+00:00,CAL,California,WND,Wind,442,megawatthours
2025-09-19 23:00:00+00:00,CAL,California,WND,Wind,435,megawatthours
2025-09-20 00:00:00+00:00,CAL,California,WND,Wind,711,megawatthours
2025-09-20 01:00:00+00:00,CAL,California,WND,Wind,1037,megawatthours
2025-09-20 02:00:00+00:00,CAL,California,WND,Wind,1158,megawatthours
2025-09-20 03:00:00+00:00,CAL,California,WND,Wind,1342,megawatthours
2025-09-20 04:00:00+00:00,CAL,California,WND,Wind,1375,megawatthours
2025-09-20 05:00:00+00:00,CAL,California,WND,Wind,1353,megawatthours
2025-09-20 06:00:00+00:00,CAL,California,WND,Wind,1134,megawatthours
2025-09-20 07:00:00+00:00,CAL,California,WND,Wind,1212,megawatthours
2025-09-20 08:00:00+00:00,CAL,California,WND,Wind,1349,megawatthours
2025-09-20 09:00:00+00:00,CAL,California,WND,Wind,1246,megawatthours
2025-09-20 10:00:00+00:00,CAL,California,WND,Wind,1192,megawatthours
2025-09-20 11:00:00+00:00,CAL,California,WND,Wind,1071,megawatthours
2025-09-20 12:00:00+00:00,CAL,California,WND,Wind,1097,megawatthours
2025-09-20 13:00:00+00:00,CAL,California,WND,Wind,1145,megawatthours
2025-09-20 14:00:00+00:00,CAL,California,WND,Wind,1182,megawatthours
2025-09-20 15:00:00+00:00,CAL,California,WND,Wind,1134,megawatthours
2025-09-20 16:00:00+00:00,CAL,California,WND,Wind,940,megawatthours
2025-09-20 17:00:00+00:00,CAL,California,WND,Wind,850,megawatthours
2025-09-20 18:00:00+00:00,CAL,California,WND,Wind,883,megawatthours
2025-09-20 19:00:00+00:00,CAL,California,WND,Wind,779,megawatthours
2025-09-20 20:00:00+00:00,CAL,California,WND,Wind,760,megawatthours
2025-09-20 21:00:00+00:00,CAL,California,WND,Wind,751,megawatthours
2025-09-20 22:00:00+00:00,CAL,California,WND,Wind,819,megawatthours
2025-09-20 23:00:00+00:00,CAL,California,WND,Wind,1046,megawatthours
2025-09-21 00:00:00+00:00,CAL,California,WND,Wind,1239,megawatthours
2025-09-21 01:00:00+00:00,CAL,California,WND,Wind,1282,megawatthours
2025-09-21 02:00:00+00:00,CAL,California,WND,Wind,1466,megawatthours
2025-09-21 03:00:00+00:00,CAL,California,WND,Wind,1942,megawatthours
2025-09-21 04:00:00+00:00,CAL,California,WND,Wind,2359,megawatthours
2025-09-21 05:00:00+00:00,CAL,California,WND,Wind,2675,megawatthours
2025-09-21 06:00:00+00:00,CAL,California,WND,Wind,2790,megawatthours
2025-09-21 07:00:00+00:00,CAL,California,WND,Wind,2760,megawatthours
2025-09-21 08:00:00+00:00,CAL,California,WND,Wind,2724,megawatthours
2025-09-21 09:00:00+00:00,CAL,California,WND,Wind,2598,megawatthours
2025-09-21 10:00:00+00:00,CAL,California,WND,Wind,2363,megawatthours
2025-09-21 11:00:00+00:00,CAL,California,WND,Wind,2253,megawatthours
2025-09-21 12:00:00+00:00,CAL,California,WND,Wind,2140,megawatthours
2025-09-21 13:00:00+00:00,CAL,California,WND,Wind,2085,megawatthours
2025-09-21 14:00:00+00:00,CAL,California,WND,Wind,2074,megawatthours
2025-09-21 15:00:00+00:00,CAL,California,WND,Wind,1840,megawatthours
2025-09-21 16:00:00+00:00,CAL,California,WND,Wind,1654,megawatthours
2025-09-21 17:00:00+00:00,CAL,California,WND,Wind,1203,megawatthours
2025-09-21 18:00:00+00:00,CAL,California,WND,Wind,1124,megawatthours
2025-09-21 19:00:00+00:00,CAL,California,WND,Wind,1120,megawatthours
2025-09-21 20:00:00+00:00,CAL,California,WND,Wind,1077,megawatthours
2025-09-21 21:00:00+00:00,CAL,California,WND,Wind,1018,megawatthours
2025-09-21 22:00:00+00:00,CAL,California,WND,Wind,1214,megawatthours
2025-09-21 23:00:00+00:00,CAL,California,WND,Wind,1350,megawatthours
2025-09-22 00:00:00+00:00,CAL,California,WND,Wind,1453,megawatthours
2025-09-22 01:00:00+00:00,CAL,California,WND,Wind,1749,megawatthours
2025-09-22 02:00:00+00:00,CAL,California,WND,Wind,2035,megawatthours
2025-09-22 03:00:00+00:00,CAL,California,WND,Wind,2511,megawatthours
2025-09-22 04:00:00+00:00,CAL,California,WND,Wind,2632,megawatthours
2025-09-22 05:00:00+00:00,CAL,California,WND,Wind,2712,megawatthours
2025-09-22 06:00:00+00:00,CAL,California,WND,Wind,3059,megawatthours
2025-09-22 07:00:00+00:00,CAL,California,WND,Wind,3491,megawatthours
2025-09-22 08:00:00+00:00,CAL,California,WND,Wind,3464,megawatthours
2025-09-22 09:00:00+00:00,CAL,California,WND,Wind,3494,megawatthours
2025-09-22 10:00:00+00:00,CAL,California,WND,Wind,2968,megawatthours
2025-09-22 11:00:00+00:00,CAL,California,WND,Wind,2746,megawatthours
2025-09-22 12:00:00+00:00,CAL,California,WND,Wind,2644,megawatthours
2025-09-22 13:00:00+00:00,CAL,California,WND,Wind,2191,megawatthours
2025-09-22 14:00:00+00:00,CAL,California,WND,Wind,1786,megawatthours
2025-09-22 15:00:00+00:00,CAL,California,WND,Wind,1594,megawatthours
2025-09-22 16:00:00+00:00,CAL,California,WND,Wind,1139,megawatthours
2025-09-22 17:00:00+00:00,CAL,California,WND,Wind,791,megawatthours
2025-09-22 18:00:00+00:00,CAL,California,WND,Wind,409,megawatthours
2025-09-22 19:00:00+00:00,CAL,California,WND,Wind,403,megawatthours
2025-09-22 20:00:00+00:00,CAL,California,WND,Wind,603,megawatthours
2025-09-22 21:00:00+00:00,CAL,California,WND,Wind,825,megawatthours
2025-09-22 22:00:00+00:00,CAL,California,WND,Wind,788,megawatthours
2025-09-22 23:00:00+00:00,CAL,California,WND,Wind,705,megawatthours
2025-09-23 00:00:00+00:00,CAL,California,WND,Wind,738,megawatthours
2025-09-23 01:00:00+00:00,CAL,California,WND,Wind,758,megawatthours
2025-09-23 02:00:00+00:00,CAL,California,WND,Wind,592,megawatthours
2025-09-23 03:00:00+00:00,CAL,California,WND,Wind,555,megawatthours
2025-09-23 04:00:00+00:00,CAL,California,WND,Wind,695,megawatthours
2025-09-23 05:00:00+00:00,CAL,California,WND,Wind,741,megawatthours
2025-09-23 06:00:00+00:00,CAL,California,WND,Wind,679,megawatthours
2025-09-23 07:00:00+00:00,CAL,California,WND,Wind,785,megawatthours
2025-09-23 08:00:00+00:00,CAL,California,WND,Wind,900,megawatthours
2025-09-23 09:00:00+00:00,CAL,California,WND,Wind,983,megawatthours
2025-09-23 10:00:00+00:00,CAL,California,WND,Wind,1099,megawatthours
2025-09-23 11:00:00+00:00,CAL,California,WND,Wind,1050,megawatthours
2025-09-23 12:00:00+00:00,CAL,California,WND,Wind,982,megawatthours
2025-09-23 13:00:00+00:00,CAL,California,WND,Wind,807,megawatthours
2025-09-23 14:00:00+00:00,CAL,California,WND,Wind,459,megawatthours
2025-09-23 15:00:00+00:00,CAL,California,WND,Wind,261,megawatthours
2025-09-23 16:00:00+00:00,CAL,California,WND,Wind,264,megawatthours
2025-09-23 17:00:00+00:00,CAL,California,WND,Wind,391,megawatthours
2025-09-23 18:00:00+00:00,CAL,California,WND,Wind,486,megawatthours
2025-09-23 19:00:00+00:00,CAL,California,WND,Wind,709,megawatthours
2025-09-23 20:00:00+00:00,CAL,California,WND,Wind,937,megawatthours
2025-09-23 21:00:00+00:00,CAL,California,WND,Wind,1061,megawatthours
2025-09-23 22:00:00+00:00,CAL,California,WND,Wind,957,megawatthours
2025-09-23 23:00:00+00:00,CAL,California,WND,Wind,1046,megawatthours
2025-09-24 00:00:00+00:00,CAL,California,WND,Wind,1119,megawatthours
2025-09-24 01:00:00+00:00,CAL,California,WND,Wind,1281,megawatthours
2025-09-24 02:00:00+00:00,CAL,California,WND,Wind,1290,megawatthours
2025-09-24 03:00:00+00:00,CAL,California,WND,Wind,1130,megawatthours
2025-09-24 04:00:00+00:00,CAL,California,WND,Wind,1079,megawatthours
2025-09-24 05:00:00+00:00,CAL,California,WND,Wind,1244,megawatthours
2025-09-24 06:00:00+00:00,CAL,California,WND,Wind,1216,megawatthours
2025-09-24 07:00:00+00:00,CAL,California,WND,Wind,1515,megawatthours
2025-09-24 08:00:00+00:00,CAL,California,WND,Wind,1562,megawatthours
2025-09-24 09:00:00+00:00,CAL,California,WND,Wind,1882,megawatthours
2025-09-24 10:00:00+00:00,CAL,California,WND,Wind,1939,megawatthours
2025-09-24 11:00:00+00:00,CAL,California,WND,Wind,1933,megawatthours
2025-09-24 12:00:00+00:00,CAL,California,WND,Wind,1839,megawatthours
2025-09-24 13:00:00+00:00,CAL,California,WND,Wind,1774,megawatthours
2025-09-24 14:00:00+00:00,CAL,California,WND,Wind,1725,megawatthours
2025-09-24 15:00:00+00:00,CAL,California,WND,Wind,1671,megawatthours
2025-09-24 16:00:00+00:00,CAL,California,WND,Wind,1549,megawatthours
2025-09-24 17:00:00+00:00,CAL,California,WND,Wind,1419,megawatthours
2025-09-24 18:00:00+00:00,CAL,California,WND,Wind,1183,megawatthours
2025-09-24 19:00:00+00:00,CAL,California,WND,Wind,1282,megawatthours
2025-09-24 20:00:00+00:00,CAL,California,WND,Wind,1199,megawatthours
2025-09-24 21:00:00+00:00,CAL,California,WND,Wind,1125,megawatthours
2025-09-24 22:00:00+00:00,CAL,California,WND,Wind,957,megawatthours
2025-09-24 23:00:00+00:00,CAL,California,WND,Wind,738,megawatthours
2025-09-25 00:00:00+00:00,CAL,California,WND,Wind,888,megawatthours
2025-09-25 01:00:00+00:00,CAL,California,WND,Wind,1177,megawatthours
2025-09-25 02:00:00+00:00,CAL,California,WND,Wind,1211,megawatthours
2025-09-25 03:00:00+00:00,CAL,California,WND,Wind,1729,megawatthours
2025-09-25 04:00:00+00:00,CAL,California,WND,Wind,2376,megawatthours
2025-09-25 05:00:00+00:00,CAL,California,WND,Wind,2047,megawatthours
2025-09-25 06:00:00+00:00,CAL,California,WND,Wind,1617,megawatthours
2025-09-25 07:00:00+00:00,CAL,California,WND,Wind,1782,megawatthours
2025-09-25 08:00:00+00:00,CAL,California,WND,Wind,1522,megawatthours
2025-09-25 09:00:00+00:00,CAL,California,WND,Wind,1834,megawatthours
2025-09-25 10:00:00+00:00,CAL,California,WND,Wind,1788,megawatthours
2025-09-25 11:00:00+00:00,CAL,California,WND,Wind,2035,megawatthours
2025-09-25 12:00:00+00:00,CAL,California,WND,Wind,2094,megawatthours
2025-09-25 13:00:00+00:00,CAL,California,WND,Wind,2331,megawatthours
2025-09-25 14:00:00+00:00,CAL,California,WND,Wind,2490,megawatthours
2025-09-25 15:00:00+00:00,CAL,California,WND,Wind,2183,megawatthours
2025-09-25 16:00:00+00:00,CAL,California,WND,Wind,1781,megawatthours
2025-09-25 17:00:00+00:00,CAL,California,WND,Wind,2071,megawatthours
2025-09-25 18:00:00+00:00,CAL,California,WND,Wind,2128,megawatthours
2025-09-25 19:00:00+00:00,CAL,California,WND,Wind,2052,megawatthours
2025-09-25 20:00:00+00:00,CAL,California,WND,Wind,2406,megawatthours
2025-09-25 21:00:00+00:00,CAL,California,WND,Wind,3398,megawatthours
2025-09-25 22:00:00+00:00,CAL,California,WND,Wind,3827,megawatthours
2025-09-25 23:00:00+00:00,CAL,California,WND,Wind,4090,megawatthours
2025-09-26 00:00:00+00:00,CAL,California,WND,Wind,4130,megawatthours
2025-09-26 01:00:00+00:00,CAL,California,WND,Wind,4428,megawatthours
2025-09-26 02:00:00+00:00,CAL,California,WND,Wind,4624,megawatthours
2025-09-26 03:00:00+00:00,CAL,California,WND,Wind,4873,megawatthours
2025-09-26 04:00:00+00:00,CAL,California,WND,Wind,5255,megawatthours
2025-09-26 05:00:00+00:00,CAL,California,WND,Wind,5478,megawatthours
2025-09-26 06:00:00+00:00,CAL,California,WND,Wind,5628,megawatthours
2025-09-26 07:00:00+00:00,CAL,California,WND,Wind,5703,megawatthours
2025-09-26 08:00:00+00:00,CAL,California,WND,Wind,5692,megawatthours
2025-09-26 09:00:00+00:00,CAL,California,WND,Wind,5580,megawatthours
2025-09-26 10:00:00+00:00,CAL,California,WND,Wind,5364,megawatthours
2025-09-26 11:00:00+00:00,CAL,California,WND,Wind,5139,megawatthours
2025-09-26 12:00:00+00:00,CAL,California,WND,Wind,5161,megawatthours
2025-09-26 13:00:00+00:00,CAL,California,WND,Wind,4886,megawatthours
2025-09-26 14:00:00+00:00,CAL,California,WND,Wind,4707,megawatthours
2025-09-26 15:00:00+00:00,CAL,California,WND,Wind,4072,megawatthours
2025-09-26 16:00:00+00:00,CAL,California,WND,Wind,3396,megawatthours
2025-09-26 17:00:00+00:00,CAL,California,WND,Wind,2579,megawatthours
2025-09-26 18:00:00+00:00,CAL,California,WND,Wind,1843,megawatthours
2025-09-26 19:00:00+00:00,CAL,California,WND,Wind,1404,megawatthours
2025-09-26 20:00:00+00:00,CAL,California,WND,Wind,1174,megawatthours
2025-09-26 21:00:00+00:00,CAL,California,WND,Wind,1222,megawatthours
2025-09-26 22:00:00+00:00,CAL,California,WND,Wind,1322,megawatthours
2025-09-26 23:00:00+00:00,CAL,California,WND,Wind,1493,megawatthours
2025-09-27 00:00:00+00:00,CAL,California,WND,Wind,1696,megawatthours
2025-09-27 01:00:00+00:00,CAL,California,WND,Wind,2110,megawatthours
2025-09-27 02:00:00+00:00,CAL,California,WND,Wind,2535,megawatthours
2025-09-27 03:00:00+00:00,CAL,California,WND,Wind,2907,megawatthours
2025-09-27 04:00:00+00:00,CAL,California,WND,Wind,3070,megawatthours
2025-09-27 05:00:00+00:00,CAL,California,WND,Wind,2332,megawatthours
2025-09-27 06:00:00+00:00,CAL,California,WND,Wind,2053,megawatthours
2025-09-27 07:00:00+00:00,CAL,California,WND,Wind,1953,megawatthours
2025-09-27 08:00:00+00:00,CAL,California,WND,Wind,1909,megawatthours
2025-09-27 09:00:00+00:00,CAL,California,WND,Wind,1822,megawatthours
2025-09-27 10:00:00+00:00,CAL,California,WND,Wind,1373,megawatthours
2025-09-27 11:00:00+00:00,CAL,California,WND,Wind,1060,megawatthours
2025-09-27 12:00:00+00:00,CAL,California,WND,Wind,909,megawatthours
2025-09-27 13:00:00+00:00,CAL,California,WND,Wind,971,megawatthours
2025-09-27 14:00:00+00:00,CAL,California,WND,Wind,1188,megawatthours
2025-09-27 15:00:00+00:00,CAL,California,WND,Wind,1280,megawatthours
2025-09-27 16:00:00+00:00,CAL,California,WND,Wind,1187,megawatthours
2025-09-27 17:00:00+00:00,CAL,California,WND,Wind,946,megawatthours
2025-09-27 18:00:00+00:00,CAL,California,WND,Wind,937,megawatthours
2025-09-27 19:00:00+00:00,CAL,California,WND,Wind,1093,megawatthours
2025-09-27 20:00:00+00:00,CAL,California,WND,Wind,1189,megawatthours
2025-09-27 21:00:00+00:00,CAL,California,WND,Wind,1417,megawatthours
2025-09-27 22:00:00+00:00,CAL,California,WND,Wind,1800,megawatthours
2025-09-27 23:00:00+00:00,CAL,California,WND,Wind,1737,megawatthours
2025-09-28 00:00:00+00:00,CAL,California,WND,Wind,1982,megawatthours
2025-09-28 01:00:00+00:00,CAL,California,WND,Wind,1741,megawatthours
2025-09-28 02:00:00+00:00,CAL,California,WND,Wind,1404,megawatthours
2025-09-28 03:00:00+00:00,CAL,California,WND,Wind,1623,megawatthours
2025-09-28 04:00:00+00:00,CAL,California,WND,Wind,1944,megawatthours
2025-09-28 05:00:00+00:00,CAL,California,WND,Wind,2007,megawatthours
2025-09-28 06:00:00+00:00,CAL,California,WND,Wind,1908,megawatthours
2025-09-28 07:00:00+00:00,CAL,California,WND,Wind,1861,megawatthours
2025-09-28 08:00:00+00:00,CAL,California,WND,Wind,1961,megawatthours
2025-09-28 09:00:00+00:00,CAL,California,WND,Wind,1739,megawatthours
2025-09-28 10:00:00+00:00,CAL,California,WND,Wind,1677,megawatthours
2025-09-28 11:00:00+00:00,CAL,California,WND,Wind,1327,megawatthours
2025-09-28 12:00:00+00:00,CAL,California,WND,Wind,1316,megawatthours
2025-09-28 13:00:00+00:00,CAL,California,WND,Wind,1358,megawatthours
2025-09-28 14:00:00+00:00,CAL,California,WND,Wind,1379,megawatthours
2025-09-28 15:00:00+00:00,CAL,California,WND,Wind,1213,megawatthours
2025-09-28 16:00:00+00:00,CAL,California,WND,Wind,919,megawatthours
2025-09-28 17:00:00+00:00,CAL,California,WND,Wind,800,megawatthours
2025-09-28 18:00:00+00:00,CAL,California,WND,Wind,674,megawatthours
2025-09-28 19:00:00+00:00,CAL,California,WND,Wind,679,megawatthours
2025-09-28 20:00:00+00:00,CAL,California,WND,Wind,531,megawatthours
2025-09-28 21:00:00+00:00,CAL,California,WND,Wind,593,megawatthours
2025-09-28 22:00:00+00:00,CAL,California,WND,Wind,816,megawatthours
2025-09-28 23:00:00+00:00,CAL,California,WND,Wind,909,megawatthours
2025-09-29 00:00:00+00:00,CAL,California,WND,Wind,1006,megawatthours
2025-09-29 01:00:00+00:00,CAL,California,WND,Wind,1158,megawatthours
2025-09-29 02:00:00+00:00,CAL,California,WND,Wind,1366,megawatthours
2025-09-29 03:00:00+00:00,CAL,California,WND,Wind,1619,megawatthours
2025-09-29 04:00:00+00:00,CAL,California,WND,Wind,1925,megawatthours
2025-09-29 05:00:00+00:00,CAL,California,WND,Wind,1635,megawatthours
2025-09-29 06:00:00+00:00,CAL,California,WND,Wind,1161,megawatthours
2025-09-29 07:00:00+00:00,CAL,California,WND,Wind,899,megawatthours
2025-09-29 08:00:00+00:00,CAL,California,WND,Wind,631,megawatthours
2025-09-29 09:00:00+00:00,CAL,California,WND,Wind,510,megawatthours
2025-09-29 10:00:00+00:00,CAL,California,WND,Wind,518,megawatthours
2025-09-29 11:00:00+00:00,CAL,California,WND,Wind,599,megawatthours
2025-09-29 12:00:00+00:00,CAL,California,WND,Wind,508,megawatthours
2025-09-29 13:00:00+00:00,CAL,California,WND,Wind,414,megawatthours
2025-09-29 14:00:00+00:00,CAL,California,WND,Wind,304,megawatthours
2025-09-29 15:00:00+00:00,CAL,California,WND,Wind,201,megawatthours
2025-09-29 16:00:00+00:00,CAL,California,WND,Wind,159,megawatthours
2025-09-29 17:00:00+00:00,CAL,California,WND,Wind,185,megawatthours
2025-09-29 18:00:00+00:00,CAL,California,WND,Wind,191,megawatthours
2025-09-29 19:00:00+00:00,CAL,California,WND,Wind,322,megawatthours
2025-09-29 20:00:00+00:00,CAL,California,WND,Wind,507,megawatthours
2025-09-29 21:00:00+00:00,CAL,California,WND,Wind,743,megawatthours
2025-09-29 22:00:00+00:00,CAL,California,WND,Wind,1197,megawatthours
2025-09-29 23:00:00+00:00,CAL,California,WND,Wind,1582,megawatthours
2025-09-30 00:00:00+00:00,CAL,California,WND,Wind,1564,megawatthours
2025-09-30 01:00:00+00:00,CAL,California,WND,Wind,1514,megawatthours
2025-09-30 02:00:00+00:00,CAL,California,WND,Wind,1590,megawatthours
2025-09-30 03:00:00+00:00,CAL,California,WND,Wind,1542,megawatthours
2025-09-30 04:00:00+00:00,CAL,California,WND,Wind,1747,megawatthours
2025-09-30 05:00:00+00:00,CAL,California,WND,Wind,2150,megawatthours
2025-09-30 06:00:00+00:00,CAL,California,WND,Wind,2031,megawatthours
2025-09-30 07:00:00+00:00,CAL,California,WND,Wind,1891,megawatthours
2025-09-30 08:00:00+00:00,CAL,California,WND,Wind,1700,megawatthours
2025-09-30 09:00:00+00:00,CAL,California,WND,Wind,2053,megawatthours
2025-09-30 10:00:00+00:00,CAL,California,WND,Wind,2129,megawatthours
2025-09-30 11:00:00+00:00,CAL,California,WND,Wind,2513,megawatthours
2025-09-30 12:00:00+00:00,CAL,California,WND,Wind,2695,megawatthours
2025-09-30 13:00:00+00:00,CAL,California,WND,Wind,2746,megawatthours
2025-09-30 14:00:00+00:00,CAL,California,WND,Wind,2928,megawatthours
2025-09-30 15:00:00+00:00,CAL,California,WND,Wind,2866,megawatthours
2025-09-30 16:00:00+00:00,CAL,California,WND,Wind,2953,megawatthours
2025-09-30 17:00:00+00:00,CAL,California,WND,Wind,2928,megawatthours
2025-09-30 18:00:00+00:00,CAL,California,WND,Wind,2746,megawatthours
2025-09-30 19:00:00+00:00,CAL,California,WND,Wind,2575,megawatthours
2025-09-30 20:00:00+00:00,CAL,California,WND,Wind,2516,megawatthours
2025-09-30 21:00:00+00:00,CAL,California,WND,Wind,2880,megawatthours
2025-09-30 22:00:00+00:00,CAL,California,WND,Wind,3453,megawatthours
2025-09-30 23:00:00+00:00,CAL,California,WND,Wind,3963,megawatthours
2025-10-01 00:00:00+00:00,CAL,California,WND,Wind,3860,megawatthours
2025-10-01 01:00:00+00:00,CAL,California,WND,Wind,3663,megawatthours
2025-10-01 02:00:00+00:00,CAL,California,WND,Wind,3408,megawatthours
2025-10-01 03:00:00+00:00,CAL,California,WND,Wind,3272,megawatthours
2025-10-01 04:00:00+00:00,CAL,California,WND,Wind,3233,megawatthours
2025-10-01 05:00:00+00:00,CAL,California,WND,Wind,3548,megawatthours
2025-10-01 06:00:00+00:00,CAL,California,WND,Wind,3621,megawatthours
2025-10-01 07:00:00+00:00,CAL,California,WND,Wind,3296,megawatthours
2025-10-01 08:00:00+00:00,CAL,California,WND,Wind,3288,megawatthours
2025-10-01 09:00:00+00:00,CAL,California,WND,Wind,3365,megawatthours
2025-10-01 10:00:00+00:00,CAL,California,WND,Wind,3405,megawatthours
2025-10-01 11:00:00+00:00,CAL,California,WND,Wind,3421,megawatthours
2025-10-01 12:00:00+00:00,CAL,California,WND,Wind,3171,megawatthours
2025-10-01 13:00:00+00:00,CAL,California,WND,Wind,3207,megawatthours
2025-10-01 14:00:00+00:00,CAL,California,WND,Wind,3195,megawatthours
2025-10-01 15:00:00+00:00,CAL,California,WND,Wind,2738,megawatthours
2025-10-01 16:00:00+00:00,CAL,California,WND,Wind,2096,megawatthours
2025-10-01 17:00:00+00:00,CAL,California,WND,Wind,1677,megawatthours
2025-10-01 18:00:00+00:00,CAL,California,WND,Wind,1471,megawatthours
2025-10-01 19:00:00+00:00,CAL,California,WND,Wind,1085,megawatthours
2025-10-01 20:00:00+00:00,CAL,California,WND,Wind,793,megawatthours
2025-10-01 21:00:00+00:00,CAL,California,WND,Wind,744,megawatthours
2025-10-01 22:00:00+00:00,CAL,California,WND,Wind,866,megawatthours
2025-10-01 23:00:00+00:00,CAL,California,WND,Wind,1052,megawatthours
2025-10-02 00:00:00+00:00,CAL,California,WND,Wind,1298,megawatthours
2025-10-02 01:00:00+00:00,CAL,California,WND,Wind,1465,megawatthours
2025-10-02 02:00:00+00:00,CAL,California,WND,Wind,1490,megawatthours
2025-10-02 03:00:00+00:00,CAL,California,WND,Wind,1757,megawatthours
2025-10-02 04:00:00+00:00,CAL,California,WND,Wind,2032,megawatthours
2025-10-02 05:00:00+00:00,CAL,California,WND,Wind,2259,megawatthours
2025-10-02 06:00:00+00:00,CAL,California,WND,Wind,2320,megawatthours
2025-10-02 07:00:00+00:00,CAL,California,WND,Wind,2100,megawatthours
2025-10-02 08:00:00+00:00,CAL,California,WND,Wind,1866,megawatthours
2025-10-02 09:00:00+00:00,CAL,California,WND,Wind,1783,megawatthours
2025-10-02 10:00:00+00:00,CAL,California,WND,Wind,1910,megawatthours
2025-10-02 11:00:00+00:00,CAL,California,WND,Wind,2065,megawatthours
2025-10-02 12:00:00+00:00,CAL,California,WND,Wind,1944,megawatthours
2025-10-02 13:00:00+00:00,CAL,California,WND,Wind,1957,megawatthours
2025-10-02 14:00:00+00:00,CAL,California,WND,Wind,1477,megawatthours
2025-10-02 15:00:00+00:00,CAL,California,WND,Wind,841,megawatthours
2025-10-02 16:00:00+00:00,CAL,California,WND,Wind,609,megawatthours
2025-10-02 17:00:00+00:00,CAL,California,WND,Wind,565,megawatthours
2025-10-02 18:00:00+00:00,CAL,California,WND,Wind,729,megawatthours
2025-10-02 19:00:00+00:00,CAL,California,WND,Wind,610,megawatthours
2025-10-02 20:00:00+00:00,CAL,California,WND,Wind,634,megawatthours
2025-10-02 21:00:00+00:00,CAL,California,WND,Wind,779,megawatthours
2025-10-02 22:00:00+00:00,CAL,California,WND,Wind,1027,megawatthours
2025-10-02 23:00:00+00:00,CAL,California,WND,Wind,1665,megawatthours
2025-10-03 00:00:00+00:00,CAL,California,WND,Wind,1913,megawatthours
2025-10-03 01:00:00+00:00,CAL,California,WND,Wind,2502,megawatthours
2025-10-03 02:00:00+00:00,CAL,California,WND,Wind,3015,megawatthours
2025-10-03 03:00:00+00:00,CAL,California,WND,Wind,2843,megawatthours
2025-10-03 04:00:00+00:00,CAL,California,WND,Wind,3211,megawatthours
2025-10-03 05:00:00+00:00,CAL,California,WND,Wind,3509,megawatthours
2025-10-03 06:00:00+00:00,CAL,California,WND,Wind,3765,megawatthours
2025-10-03 07:00:00+00:00,CAL,California,WND,Wind,4303,megawatthours
2025-10-03 08:00:00+00:00,CAL,California,WND,Wind,3855,megawatthours
2025-10-03 09:00:00+00:00,CAL,California,WND,Wind,3640,megawatthours
2025-10-03 10:00:00+00:00,CAL,California,WND,Wind,3454,megawatthours
2025-10-03 11:00:00+00:00,CAL,California,WND,Wind,3251,megawatthours
2025-10-03 12:00:00+00:00,CAL,California,WND,Wind,3508,megawatthours
2025-10-03 13:00:00+00:00,CAL,California,WND,Wind,4025,megawatthours
2025-10-03 14:00:00+00:00,CAL,California,WND,Wind,4303,megawatthours
2025-10-03 15:00:00+00:00,CAL,California,WND,Wind,4391,megawatthours
2025-10-03 16:00:00+00:00,CAL,California,WND,Wind,4223,megawatthours
2025-10-03 17:00:00+00:00,CAL,California,WND,Wind,3773,megawatthours
2025-10-03 18:00:00+00:00,CAL,California,WND,Wind,3792,megawatthours
2025-10-03 19:00:00+00:00,CAL,California,WND,Wind,3966,megawatthours
2025-10-03 20:00:00+00:00,CAL,California,WND,Wind,3912,megawatthours
2025-10-03 21:00:00+00:00,CAL,California,WND,Wind,3870,megawatthours
2025-10-03 22:00:00+00:00,CAL,California,WND,Wind,3913,megawatthours
2025-10-03 23:00:00+00:00,CAL,California,WND,Wind,3945,megawatthours
2025-10-04 00:00:00+00:00,CAL,California,WND,Wind,4355,megawatthours
2025-10-04 01:00:00+00:00,CAL,California,WND,Wind,4179,megawatthours
2025-10-04 02:00:00+00:00,CAL,California,WND,Wind,4373,megawatthours
2025-10-04 03:00:00+00:00,CAL,California,WND,Wind,4159,megawatthours
2025-10-04 04:00:00+00:00,CAL,California,WND,Wind,4229,megawatthours
2025-10-04 05:00:00+00:00,CAL,California,WND,Wind,4229,megawatthours
2025-10-04 06:00:00+00:00,CAL,California,WND,Wind,4713,megawatthours
2025-10-04 07:00:00+00:00,CAL,California,WND,Wind,4742,megawatthours
2025-10-04 08:00:00+00:00,CAL,California,WND,Wind,4847,megawatthours
2025-10-04 09:00:00+00:00,CAL,California,WND,Wind,4831,megawatthours
2025-10-04 10:00:00+00:00,CAL,California,WND,Wind,4608,megawatthours
2025-10-04 11:00:00+00:00,CAL,California,WND,Wind,4175,megawatthours
2025-10-04 12:00:00+00:00,CAL,California,WND,Wind,4023,megawatthours
2025-10-04 13:00:00+00:00,CAL,California,WND,Wind,3952,megawatthours
2025-10-04 14:00:00+00:00,CAL,California,WND,Wind,3688,megawatthours
2025-10-04 15:00:00+00:00,CAL,California,WND,Wind,3469,megawatthours
2025-10-04 16:00:00+00:00,CAL,California,WND,Wind,2880,megawatthours
2025-10-04 17:00:00+00:00,CAL,California,WND,Wind,2267,megawatthours
2025-10-04 18:00:00+00:00,CAL,California,WND,Wind,1621,megawatthours
2025-10-04 19:00:00+00:00,CAL,California,WND,Wind,1141,megawatthours
2025-10-04 20:00:00+00:00,CAL,California,WND,Wind,899,megawatthours
2025-10-04 21:00:00+00:00,CAL,California,WND,Wind,909,megawatthours
2025-10-04 22:00:00+00:00,CAL,California,WND,Wind,985,megawatthours
2025-10-04 23:00:00+00:00,CAL,California,WND,Wind,1032,megawatthours
2025-10-05 00:00:00+00:00,CAL,California,WND,Wind,1127,megawatthours
2025-10-05 01:00:00+00:00,CAL,California,WND,Wind,1445,megawatthours
2025-10-05 02:00:00+00:00,CAL,California,WND,Wind,1908,megawatthours
2025-10-05 03:00:00+00:00,CAL,California,WND,Wind,2448,megawatthours
2025-10-05 04:00:00+00:00,CAL,California,WND,Wind,2732,megawatthours
2025-10-05 05:00:00+00:00,CAL,California,WND,Wind,2464,megawatthours
2025-10-05 06:00:00+00:00,CAL,California,WND,Wind,2241,megawatthours
2025-10-05 07:00:00+00:00,CAL,California,WND,Wind,2041,megawatthours
2025-10-05 08:00:00+00:00,CAL,California,WND,Wind,1738,megawatthours
2025-10-05 09:00:00+00:00,CAL,California,WND,Wind,1368,megawatthours
2025-10-05 10:00:00+00:00,CAL,California,WND,Wind,1016,megawatthours
2025-10-05 11:00:00+00:00,CAL,California,WND,Wind,878,megawatthours
2025-10-05 12:00:00+00:00,CAL,California,WND,Wind,594,megawatthours
2025-10-05 13:00:00+00:00,CAL,California,WND,Wind,468,megawatthours
2025-10-05 14:00:00+00:00,CAL,California,WND,Wind,563,megawatthours
2025-10-05 15:00:00+00:00,CAL,California,WND,Wind,569,megawatthours
2025-10-05 16:00:00+00:00,CAL,California,WND,Wind,523,megawatthours
2025-10-05 17:00:00+00:00,CAL,California,WND,Wind,591,megawatthours
2025-10-05 18:00:00+00:00,CAL,California,WND,Wind,649,megawatthours
2025-10-05 19:00:00+00:00,CAL,California,WND,Wind,820,megawatthours
2025-10-05 20:00:00+00:00,CAL,California,WND,Wind,969,megawatthours
2025-10-05 21:00:00+00:00,CAL,California,WND,Wind,1004,megawatthours
2025-10-05 22:00:00+00:00,CAL,California,WND,Wind,1081,megawatthours
2025-10-05 23:00:00+00:00,CAL,California,WND,Wind,1137,megawatthours
2025-10-06 00:00:00+00:00,CAL,California,WND,Wind,1139,megawatthours
2025-10-06 01:00:00+00:00,CAL,California,WND,Wind,1116,megawatthours
2025-10-06 02:00:00+00:00,CAL,California,WND,Wind,1000,megawatthours
2025-10-06 03:00:00+00:00,CAL,California,WND,Wind,1007,megawatthours
2025-10-06 04:00:00+00:00,CAL,California,WND,Wind,996,megawatthours
2025-10-06 05:00:00+00:00,CAL,California,WND,Wind,939,megawatthours
2025-10-06 06:00:00+00:00,CAL,California,WND,Wind,884,megawatthours
2025-10-06 07:00:00+00:00,CAL,California,WND,Wind,869,megawatthours
2025-10-06 08:00:00+00:00,CAL,California,WND,Wind,742,megawatthours
2025-10-06 09:00:00+00:00,CAL,California,WND,Wind,700,megawatthours
2025-10-06 10:00:00+00:00,CAL,California,WND,Wind,518,megawatthours
2025-10-06 11:00:00+00:00,CAL,California,WND,Wind,473,megawatthours
2025-10-06 12:00:00+00:00,CAL,California,WND,Wind,599,megawatthours
2025-10-06 13:00:00+00:00,CAL,California,WND,Wind,739,megawatthours
2025-10-06 14:00:00+00:00,CAL,California,WND,Wind,765,megawatthours
2025-10-06 15:00:00+00:00,CAL,California,WND,Wind,839,megawatthours
2025-10-06 16:00:00+00:00,CAL,California,WND,Wind,851,megawatthours
2025-10-06 17:00:00+00:00,CAL,California,WND,Wind,905,megawatthours
2025-10-06 18:00:00+00:00,CAL,California,WND,Wind,1282,megawatthours
2025-10-06 19:00:00+00:00,CAL,California,WND,Wind,1528,megawatthours
2025-10-06 20:00:00+00:00,CAL,California,WND,Wind,1673,megawatthours
2025-10-06 21:00:00+00:00,CAL,California,WND,Wind,1715,megawatthours
2025-10-06 22:00:00+00:00,CAL,California,WND,Wind,1645,megawatthours
2025-10-06 23:00:00+00:00,CAL,California,WND,Wind,1527,megawatthours
2025-10-07 00:00:00+00:00,CAL,California,WND,Wind,1389,megawatthours
2025-10-07 01:00:00+00:00,CAL,California,WND,Wind,1349,megawatthours
2025-10-07 02:00:00+00:00,CAL,California,WND,Wind,1273,megawatthours
2025-10-07 03:00:00+00:00,CAL,California,WND,Wind,1079,megawatthours
2025-10-07 04:00:00+00:00,CAL,California,WND,Wind,1080,megawatthours
2025-10-07 05:00:00+00:00,CAL,California,WND,Wind,1122,megawatthours
2025-10-07 06:00:00+00:00,CAL,California,WND,Wind,1166,megawatthours
2025-10-07 07:00:00+00:00,CAL,California,WND,Wind,1096,megawatthours
2025-10-07 08:00:00+00:00,CAL,California,WND,Wind,1071,megawatthours
2025-10-07 09:00:00+00:00,CAL,California,WND,Wind,917,megawatthours
2025-10-07 10:00:00+00:00,CAL,California,WND,Wind,942,megawatthours
2025-10-07 11:00:00+00:00,CAL,California,WND,Wind,835,megawatthours
2025-10-07 12:00:00+00:00,CAL,California,WND,Wind,845,megawatthours
2025-10-07 13:00:00+00:00,CAL,California,WND,Wind,929,megawatthours
2025-10-07 14:00:00+00:00,CAL,California,WND,Wind,1019,megawatthours
2025-10-07 15:00:00+00:00,CAL,California,WND,Wind,1096,megawatthours
2025-10-07 16:00:00+00:00,CAL,California,WND,Wind,1166,megawatthours
2025-10-07 17:00:00+00:00,CAL,California,WND,Wind,1068,megawatthours
2025-10-07 18:00:00+00:00,CAL,California,WND,Wind,1206,megawatthours
2025-10-07 19:00:00+00:00,CAL,California,WND,Wind,1358,megawatthours
2025-10-07 20:00:00+00:00,CAL,California,WND,Wind,1281,megawatthours
2025-10-07 21:00:00+00:00,CAL,California,WND,Wind,1167,megawatthours
2025-10-07 22:00:00+00:00,CAL,California,WND,Wind,966,megawatthours
2025-10-07 23:00:00+00:00,CAL,California,WND,Wind,833,megawatthours
2025-10-08 00:00:00+00:00,CAL,California,WND,Wind,735,megawatthours
2025-10-08 01:00:00+00:00,CAL,California,WND,Wind,551,megawatthours
2025-10-08 02:00:00+00:00,CAL,California,WND,Wind,402,megawatthours
2025-10-08 03:00:00+00:00,CAL,California,WND,Wind,359,megawatthours
2025-10-08 04:00:00+00:00,CAL,California,WND,Wind,583,megawatthours
2025-10-08 05:00:00+00:00,CAL,California,WND,Wind,699,megawatthours
2025-10-08 06:00:00+00:00,CAL,California,WND,Wind,815,megawatthours
2025-10-08 07:00:00+00:00,CAL,California,WND,Wind,1077,megawatthours
2025-10-08 08:00:00+00:00,CAL,California,WND,Wind,1235,megawatthours
2025-10-08 09:00:00+00:00,CAL,California,WND,Wind,1325,megawatthours
2025-10-08 10:00:00+00:00,CAL,California,WND,Wind,1128,megawatthours
2025-10-08 11:00:00+00:00,CAL,California,WND,Wind,1172,megawatthours
2025-10-08 12:00:00+00:00,CAL,California,WND,Wind,1188,megawatthours
2025-10-08 13:00:00+00:00,CAL,California,WND,Wind,1266,megawatthours
2025-10-08 14:00:00+00:00,CAL,California,WND,Wind,1363,megawatthours
2025-10-08 15:00:00+00:00,CAL,California,WND,Wind,1384,megawatthours
2025-10-08 16:00:00+00:00,CAL,California,WND,Wind,1504,megawatthours
2025-10-08 17:00:00+00:00,CAL,California,WND,Wind,1489,megawatthours
2025-10-08 18:00:00+00:00,CAL,California,WND,Wind,1350,megawatthours
2025-10-08 19:00:00+00:00,CAL,California,WND,Wind,1488,megawatthours
2025-10-08 20:00:00+00:00,CAL,California,WND,Wind,1601,megawatthours
2025-10-08 21:00:00+00:00,CAL,California,WND,Wind,1685,megawatthours
2025-10-08 22:00:00+00:00,CAL,California,WND,Wind,1708,megawatthours
2025-10-08 23:00:00+00:00,CAL,California,WND,Wind,1826,megawatthours
2025-10-09 00:00:00+00:00,CAL,California,WND,Wind,2003,megawatthours
2025-10-09 01:00:00+00:00,CAL,California,WND,Wind,2155,megawatthours
2025-10-09 02:00:00+00:00,CAL,California,WND,Wind,2079,megawatthours
2025-10-09 03:00:00+00:00,CAL,California,WND,Wind,2031,megawatthours
2025-10-09 04:00:00+00:00,CAL,California,WND,Wind,2077,megawatthours
2025-10-09 05:00:00+00:00,CAL,California,WND,Wind,1774,megawatthours
2025-10-09 06:00:00+00:00,CAL,California,WND,Wind,1830,megawatthours
2025-10-09 07:00:00+00:00,CAL,California,WND,Wind,1776,megawatthours
2025-10-09 08:00:00+00:00,CAL,California,WND,Wind,1725,megawatthours
2025-10-09 09:00:00+00:00,CAL,California,WND,Wind,1610,megawatthours
2025-10-09 10:00:00+00:00,CAL,California,WND,Wind,1392,megawatthours
2025-10-09 11:00:00+00:00,CAL,California,WND,Wind,1175,megawatthours
2025-10-09 12:00:00+00:00,CAL,California,WND,Wind,986,megawatthours
2025-10-09 13:00:00+00:00,CAL,California,WND,Wind,744,megawatthours
2025-10-09 14:00:00+00:00,CAL,California,WND,Wind,568,megawatthours
2025-10-09 15:00:00+00:00,CAL,California,WND,Wind,443,megawatthours
2025-10-09 16:00:00+00:00,CAL,California,WND,Wind,330,megawatthours
2025-10-09 17:00:00+00:00,CAL,California,WND,Wind,384,megawatthours
2025-10-09 18:00:00+00:00,CAL,California,WND,Wind,648,megawatthours
2025-10-09 19:00:00+00:00,CAL,California,WND,Wind,884,megawatthours
2025-10-09 20:00:00+00:00,CAL,California,WND,Wind,811,megawatthours
2025-10-09 21:00:00+00:00,CAL,California,WND,Wind,739,megawatthours
2025-10-09 22:00:00+00:00,CAL,California,WND,Wind,775,megawatthours
2025-10-09 23:00:00+00:00,CAL,California,WND,Wind,1021,megawatthours
2025-10-10 00:00:00+00:00,CAL,California,WND,Wind,1388,megawatthours
2025-10-10 01:00:00+00:00,CAL,California,WND,Wind,1378,megawatthours
2025-10-10 02:00:00+00:00,CAL,California,WND,Wind,1225,megawatthours
2025-10-10 03:00:00+00:00,CAL,California,WND,Wind,998,megawatthours
2025-10-10 04:00:00+00:00,CAL,California,WND,Wind,1040,megawatthours
2025-10-10 05:00:00+00:00,CAL,California,WND,Wind,1046,megawatthours
2025-10-10 06:00:00+00:00,CAL,California,WND,Wind,1014,megawatthours
2025-10-10 07:00:00+00:00,CAL,California,WND,Wind,974,megawatthours
2025-10-10 08:00:00+00:00,CAL,California,WND,Wind,1011,megawatthours
2025-10-10 09:00:00+00:00,CAL,California,WND,Wind,992,megawatthours
2025-10-10 10:00:00+00:00,CAL,California,WND,Wind,1032,megawatthours
2025-10-10 11:00:00+00:00,CAL,California,WND,Wind,923,megawatthours
2025-10-10 12:00:00+00:00,CAL,California,WND,Wind,707,megawatthours
2025-10-10 13:00:00+00:00,CAL,California,WND,Wind,631,megawatthours
2025-10-10 14:00:00+00:00,CAL,California,WND,Wind,734,megawatthours
2025-10-10 15:00:00+00:00,CAL,California,WND,Wind,723,megawatthours
2025-10-10 16:00:00+00:00,CAL,California,WND,Wind,719,megawatthours
2025-10-10 17:00:00+00:00,CAL,California,WND,Wind,548,megawatthours
2025-10-10 18:00:00+00:00,CAL,California,WND,Wind,535,megawatthours
2025-10-10 19:00:00+00:00,CAL,California,WND,Wind,613,megawatthours
2025-10-10 20:00:00+00:00,CAL,California,WND,Wind,726,megawatthours
2025-10-10 21:00:00+00:00,CAL,California,WND,Wind,922,megawatthours
2025-10-10 22:00:00+00:00,CAL,California,WND,Wind,1198,megawatthours
2025-10-10 23:00:00+00:00,CAL,California,WND,Wind,1733,megawatthours
2025-10-11 00:00:00+00:00,CAL,California,WND,Wind,2115,megawatthours
2025-10-11 01:00:00+00:00,CAL,California,WND,Wind,2272,megawatthours
2025-10-11 02:00:00+00:00,CAL,California,WND,Wind,2200,megawatthours
2025-10-11 03:00:00+00:00,CAL,California,WND,Wind,2443,megawatthours
2025-10-11 04:00:00+00:00,CAL,California,WND,Wind,2512,megawatthours
2025-10-11 05:00:00+00:00,CAL,California,WND,Wind,2315,megawatthours
2025-10-11 06:00:00+00:00,CAL,California,WND,Wind,2475,megawatthours
2025-10-11 07:00:00+00:00,CAL,California,WND,Wind,3178,megawatthours
2025-10-11 08:00:00+00:00,CAL,California,WND,Wind,2930,megawatthours
2025-10-11 09:00:00+00:00,CAL,California,WND,Wind,2619,megawatthours
2025-10-11 10:00:00+00:00,CAL,California,WND,Wind,2737,megawatthours
2025-10-11 11:00:00+00:00,CAL,California,WND,Wind,2928,megawatthours
2025-10-11 12:00:00+00:00,CAL,California,WND,Wind,2495,megawatthours
2025-10-11 13:00:00+00:00,CAL,California,WND,Wind,2773,megawatthours
2025-10-11 14:00:00+00:00,CAL,California,WND,Wind,2973,megawatthours
2025-10-11 15:00:00+00:00,CAL,California,WND,Wind,3058,megawatthours
2025-10-11 16:00:00+00:00,CAL,California,WND,Wind,3371,megawatthours
2025-10-11 17:00:00+00:00,CAL,California,WND,Wind,3589,megawatthours
2025-10-11 18:00:00+00:00,CAL,California,WND,Wind,3869,megawatthours
2025-10-11 19:00:00+00:00,CAL,California,WND,Wind,4245,megawatthours
2025-10-11 20:00:00+00:00,CAL,California,WND,Wind,4669,megawatthours
2025-10-11 21:00:00+00:00,CAL,California,WND,Wind,4769,megawatthours
2025-10-11 22:00:00+00:00,CAL,California,WND,Wind,4771,megawatthours
2025-10-11 23:00:00+00:00,CAL,California,WND,Wind,4612,megawatthours
2025-10-12 00:00:00+00:00,CAL,California,WND,Wind,4803,megawatthours
2025-10-12 01:00:00+00:00,CAL,California,WND,Wind,4493,megawatthours
2025-10-12 02:00:00+00:00,CAL,California,WND,Wind,4464,megawatthours
2025-10-12 03:00:00+00:00,CAL,California,WND,Wind,4601,megawatthours
2025-10-12 04:00:00+00:00,CAL,California,WND,Wind,4554,megawatthours
2025-10-12 05:00:00+00:00,CAL,California,WND,Wind,4415,megawatthours
2025-10-12 06:00:00+00:00,CAL,California,WND,Wind,4262,megawatthours
2025-10-12 07:00:00+00:00,CAL,California,WND,Wind,4267,megawatthours
2025-10-12 08:00:00+00:00,CAL,California,WND,Wind,4585,megawatthours
2025-10-12 09:00:00+00:00,CAL,California,WND,Wind,4629,megawatthours
2025-10-12 10:00:00+00:00,CAL,California,WND,Wind,4446,megawatthours
2025-10-12 11:00:00+00:00,CAL,California,WND,Wind,3961,megawatthours
2025-10-12 12:00:00+00:00,CAL,California,WND,Wind,3790,megawatthours
2025-10-12 13:00:00+00:00,CAL,California,WND,Wind,3551,megawatthours
2025-10-12 14:00:00+00:00,CAL,California,WND,Wind,3126,megawatthours
2025-10-12 15:00:00+00:00,CAL,California,WND,Wind,2486,megawatthours
2025-10-12 16:00:00+00:00,CAL,California,WND,Wind,1671,megawatthours
2025-10-12 17:00:00+00:00,CAL,California,WND,Wind,1107,megawatthours
2025-10-12 18:00:00+00:00,CAL,California,WND,Wind,1027,megawatthours
2025-10-12 19:00:00+00:00,CAL,California,WND,Wind,1220,megawatthours
2025-10-12 20:00:00+00:00,CAL,California,WND,Wind,1167,megawatthours
2025-10-12 21:00:00+00:00,CAL,California,WND,Wind,1049,megawatthours
2025-10-12 22:00:00+00:00,CAL,California,WND,Wind,818,megawatthours
2025-10-12 23:00:00+00:00,CAL,California,WND,Wind,693,megawatthours
2025-10-13 00:00:00+00:00,CAL,California,WND,Wind,470,megawatthours
2025-10-13 01:00:00+00:00,CAL,California,WND,Wind,498,megawatthours
2025-10-13 02:00:00+00:00,CAL,California,WND,Wind,890,megawatthours
2025-10-13 03:00:00+00:00,CAL,California,WND,Wind,1396,megawatthours
2025-10-13 04:00:00+00:00,CAL,California,WND,Wind,1899,megawatthours
2025-10-13 05:00:00+00:00,CAL,California,WND,Wind,2359,megawatthours
2025-10-13 06:00:00+00:00,CAL,California,WND,Wind,2512,megawatthours
2025-10-13 07:00:00+00:00,CAL,California,WND,Wind,2601,megawatthours
2025-10-13 08:00:00+00:00,CAL,California,WND,Wind,2616,megawatthours
2025-10-13 09:00:00+00:00,CAL,California,WND,Wind,2947,megawatthours
2025-10-13 10:00:00+00:00,CAL,California,WND,Wind,3114,megawatthours
2025-10-13 11:00:00+00:00,CAL,California,WND,Wind,2907,megawatthours
2025-10-13 12:00:00+00:00,CAL,California,WND,Wind,2860,megawatthours
2025-10-13 13:00:00+00:00,CAL,California,WND,Wind,2948,megawatthours
2025-10-13 14:00:00+00:00,CAL,California,WND,Wind,3054,megawatthours
2025-10-13 15:00:00+00:00,CAL,California,WND,Wind,2729,megawatthours
2025-10-13 16:00:00+00:00,CAL,California,WND,Wind,2692,megawatthours
2025-10-13 17:00:00+00:00,CAL,California,WND,Wind,2726,megawatthours
2025-10-13 18:00:00+00:00,CAL,California,WND,Wind,2312,megawatthours
2025-10-13 19:00:00+00:00,CAL,California,WND,Wind,2309,megawatthours
2025-10-13 20:00:00+00:00,CAL,California,WND,Wind,2604,megawatthours
2025-10-13 21:00:00+00:00,CAL,California,WND,Wind,3019,megawatthours
2025-10-13 22:00:00+00:00,CAL,California,WND,Wind,3375,megawatthours
2025-10-13 23:00:00+00:00,CAL,California,WND,Wind,3417,megawatthours
2025-10-14 00:00:00+00:00,CAL,California,WND,Wind,3410,megawatthours
2025-10-14 01:00:00+00:00,CAL,California,WND,Wind,2944,megawatthours
2025-10-14 02:00:00+00:00,CAL,California,WND,Wind,2488,megawatthours
2025-10-14 03:00:00+00:00,CAL,California,WND,Wind,2201,megawatthours
2025-10-14 04:00:00+00:00,CAL,California,WND,Wind,2167,megawatthours
2025-10-14 05:00:00+00:00,CAL,California,WND,Wind,2276,megawatthours
2025-10-14 06:00:00+00:00,CAL,California,WND,Wind,2231,megawatthours
2025-10-14 07:00:00+00:00,CAL,California,WND,Wind,2633,megawatthours
2025-10-14 08:00:00+00:00,CAL,California,WND,Wind,2616,megawatthours
2025-10-14 09:00:00+00:00,CAL,California,WND,Wind,2210,megawatthours
2025-10-14 10:00:00+00:00,CAL,California,WND,Wind,2035,megawatthours
2025-10-14 11:00:00+00:00,CAL,California,WND,Wind,2044,megawatthours
2025-10-14 12:00:00+00:00,CAL,California,WND,Wind,1884,megawatthours
2025-10-14 13:00:00+00:00,CAL,California,WND,Wind,1950,megawatthours
2025-10-14 14:00:00+00:00,CAL,California,WND,Wind,1767,megawatthours
2025-10-14 15:00:00+00:00,CAL,California,WND,Wind,1594,megawatthours
2025-10-14 16:00:00+00:00,CAL,California,WND,Wind,1562,megawatthours
2025-10-14 17:00:00+00:00,CAL,California,WND,Wind,1661,megawatthours
2025-10-14 18:00:00+00:00,CAL,California,WND,Wind,1490,megawatthours
2025-10-14 19:00:00+00:00,CAL,California,WND,Wind,1938,megawatthours
2025-10-14 20:00:00+00:00,CAL,California,WND,Wind,1895,megawatthours
2025-10-14 21:00:00+00:00,CAL,California,WND,Wind,1623,megawatthours
2025-10-14 22:00:00+00:00,CAL,California,WND,Wind,1811,megawatthours
2025-10-14 23:00:00+00:00,CAL,California,WND,Wind,1965,megawatthours
2025-10-15 00:00:00+00:00,CAL,California,WND,Wind,2536,megawatthours
2025-10-15 01:00:00+00:00,CAL,California,WND,Wind,2592,megawatthours
2025-10-15 02:00:00+00:00,CAL,California,WND,Wind,2377,megawatthours
2025-10-15 03:00:00+00:00,CAL,California,WND,Wind,2320,megawatthours
2025-10-15 04:00:00+00:00,CAL,California,WND,Wind,2219,megawatthours
2025-10-15 05:00:00+00:00,CAL,California,WND,Wind,2237,megawatthours
2025-10-15 06:00:00+00:00,CAL,California,WND,Wind,2403,megawatthours
2025-10-15 07:00:00+00:00,CAL,California,WND,Wind,2625,megawatthours
2025-10-15 08:00:00+00:00,CAL,California,WND,Wind,2674,megawatthours
2025-10-15 09:00:00+00:00,CAL,California,WND,Wind,2528,megawatthours
2025-10-15 10:00:00+00:00,CAL,California,WND,Wind,2155,megawatthours
2025-10-15 11:00:00+00:00,CAL,California,WND,Wind,2342,megawatthours
2025-10-15 12:00:00+00:00,CAL,California,WND,Wind,2538,megawatthours
2025-10-15 13:00:00+00:00,CAL,California,WND,Wind,2586,megawatthours
2025-10-15 14:00:00+00:00,CAL,California,WND,Wind,2111,megawatthours
2025-10-15 15:00:00+00:00,CAL,California,WND,Wind,2115,megawatthours
2025-10-15 16:00:00+00:00,CAL,California,WND,Wind,2232,megawatthours
2025-10-15 17:00:00+00:00,CAL,California,WND,Wind,2036,megawatthours
2025-10-15 18:00:00+00:00,CAL,California,WND,Wind,2351,megawatthours
2025-10-15 19:00:00+00:00,CAL,California,WND,Wind,2401,megawatthours
2025-10-15 20:00:00+00:00,CAL,California,WND,Wind,2501,megawatthours
2025-10-15 21:00:00+00:00,CAL,California,WND,Wind,2660,megawatthours
2025-10-15 22:00:00+00:00,CAL,California,WND,Wind,2563,megawatthours
2025-10-15 23:00:00+00:00,CAL,California,WND,Wind,2241,megawatthours
2025-10-16 00:00:00+00:00,CAL,California,WND,Wind,2355,megawatthours
2025-10-16 01:00:00+00:00,CAL,California,WND,Wind,2437,megawatthours
2025-10-16 02:00:00+00:00,CAL,California,WND,Wind,2549,megawatthours
2025-10-16 03:00:00+00:00,CAL,California,WND,Wind,2715,megawatthours
2025-10-16 04:00:00+00:00,CAL,California,WND,Wind,3044,megawatthours
2025-10-16 05:00:00+00:00,CAL,California,WND,Wind,2718,megawatthours
2025-10-16 06:00:00+00:00,CAL,California,WND,Wind,2601,megawatthours
2025-10-16 07:00:00+00:00,CAL,California,WND,Wind,2552,megawatthours
2025-10-16 08:00:00+00:00,CAL,California,WND,Wind,2080,megawatthours
2025-10-16 09:00:00+00:00,CAL,California,WND,Wind,1961,megawatthours
2025-10-16 10:00:00+00:00,CAL,California,WND,Wind,1439,megawatthours
2025-10-16 11:00:00+00:00,CAL,California,WND,Wind,920,megawatthours
2025-10-16 12:00:00+00:00,CAL,California,WND,Wind,612,megawatthours
2025-10-16 13:00:00+00:00,CAL,California,WND,Wind,687,megawatthours
2025-10-16 14:00:00+00:00,CAL,California,WND,Wind,930,megawatthours
2025-10-16 15:00:00+00:00,CAL,California,WND,Wind,1089,megawatthours
2025-10-16 16:00:00+00:00,CAL,California,WND,Wind,1003,megawatthours
2025-10-16 17:00:00+00:00,CAL,California,WND,Wind,931,megawatthours
2025-10-16 18:00:00+00:00,CAL,California,WND,Wind,964,megawatthours
2025-10-16 19:00:00+00:00,CAL,California,WND,Wind,1193,megawatthours
2025-10-16 20:00:00+00:00,CAL,California,WND,Wind,1243,megawatthours
2025-10-16 21:00:00+00:00,CAL,California,WND,Wind,1249,megawatthours
2025-10-16 22:00:00+00:00,CAL,California,WND,Wind,1154,megawatthours
2025-10-16 23:00:00+00:00,CAL,California,WND,Wind,1161,megawatthours
2025-10-17 00:00:00+00:00,CAL,California,WND,Wind,1097,megawatthours
2025-10-17 01:00:00+00:00,CAL,California,WND,Wind,940,megawatthours
2025-10-17 02:00:00+00:00,CAL,California,WND,Wind,894,megawatthours
2025-10-17 03:00:00+00:00,CAL,California,WND,Wind,755,megawatthours
2025-10-17 04:00:00+00:00,CAL,California,WND,Wind,759,megawatthours
2025-10-17 05:00:00+00:00,CAL,California,WND,Wind,769,megawatthours
2025-10-17 06:00:00+00:00,CAL,California,WND,Wind,805,megawatthours
2025-10-17 07:00:00+00:00,CAL,California,WND,Wind,822,megawatthours
2025-10-17 08:00:00+00:00,CAL,California,WND,Wind,814,megawatthours
2025-10-17 09:00:00+00:00,CAL,California,WND,Wind,666,megawatthours
2025-10-17 10:00:00+00:00,CAL,California,WND,Wind,628,megawatthours
2025-10-17 11:00:00+00:00,CAL,California,WND,Wind,752,megawatthours
2025-10-17 12:00:00+00:00,CAL,California,WND,Wind,756,megawatthours
2025-10-17 13:00:00+00:00,CAL,California,WND,Wind,692,megawatthours
2025-10-17 14:00:00+00:00,CAL,California,WND,Wind,779,megawatthours
2025-10-17 15:00:00+00:00,CAL,California,WND,Wind,662,megawatthours
2025-10-17 16:00:00+00:00,CAL,California,WND,Wind,463,megawatthours
2025-10-17 17:00:00+00:00,CAL,California,WND,Wind,453,megawatthours
2025-10-17 18:00:00+00:00,CAL,California,WND,Wind,565,megawatthours
2025-10-17 19:00:00+00:00,CAL,California,WND,Wind,788,megawatthours
2025-10-17 20:00:00+00:00,CAL,California,WND,Wind,949,megawatthours
2025-10-17 21:00:00+00:00,CAL,California,WND,Wind,950,megawatthours
2025-10-17 22:00:00+00:00,CAL,California,WND,Wind,1048,megawatthours
2025-10-17 23:00:00+00:00,CAL,California,WND,Wind,1139,megawatthours
2025-10-18 00:00:00+00:00,CAL,California,WND,Wind,970,megawatthours
2025-10-18 01:00:00+00:00,CAL,California,WND,Wind,730,megawatthours
2025-10-18 02:00:00+00:00,CAL,California,WND,Wind,476,megawatthours
2025-10-18 03:00:00+00:00,CAL,California,WND,Wind,550,megawatthours
2025-10-18 04:00:00+00:00,CAL,California,WND,Wind,718,megawatthours
2025-10-18 05:00:00+00:00,CAL,California,WND,Wind,984,megawatthours
2025-10-18 06:00:00+00:00,CAL,California,WND,Wind,1070,megawatthours
2025-10-18 07:00:00+00:00,CAL,California,WND,Wind,838,megawatthours
2025-10-18 08:00:00+00:00,CAL,California,WND,Wind,773,megawatthours
2025-10-18 09:00:00+00:00,CAL,California,WND,Wind,929,megawatthours
2025-10-18 10:00:00+00:00,CAL,California,WND,Wind,1109,megawatthours
2025-10-18 11:00:00+00:00,CAL,California,WND,Wind,1116,megawatthours
2025-10-18 12:00:00+00:00,CAL,California,WND,Wind,1183,megawatthours
2025-10-18 13:00:00+00:00,CAL,California,WND,Wind,1184,megawatthours
2025-10-18 14:00:00+00:00,CAL,California,WND,Wind,1009,megawatthours
2025-10-18 15:00:00+00:00,CAL,California,WND,Wind,999,megawatthours
2025-10-18 16:00:00+00:00,CAL,California,WND,Wind,1057,megawatthours
2025-10-18 17:00:00+00:00,CAL,California,WND,Wind,1108,megawatthours
2025-10-18 18:00:00+00:00,CAL,California,WND,Wind,1123,megawatthours
2025-10-18 19:00:00+00:00,CAL,California,WND,Wind,1109,megawatthours
2025-10-18 20:00:00+00:00,CAL,California,WND,Wind,1173,megawatthours
2025-10-18 21:00:00+00:00,CAL,California,WND,Wind,1168,megawatthours
2025-10-18 22:00:00+00:00,CAL,California,WND,Wind,1152,megawatthours
2025-10-18 23:00:00+00:00,CAL,California,WND,Wind,1001,megawatthours
2025-10-19 00:00:00+00:00,CAL,California,WND,Wind,967,megawatthours
2025-10-19 01:00:00+00:00,CAL,California,WND,Wind,898,megawatthours
2025-10-19 02:00:00+00:00,CAL,California,WND,Wind,873,megawatthours
2025-10-19 03:00:00+00:00,CAL,California,WND,Wind,898,megawatthours
2025-10-19 04:00:00+00:00,CAL,California,WND,Wind,814,megawatthours
2025-10-19 05:00:00+00:00,CAL,California,WND,Wind,749,megawatthours
2025-10-19 06:00:00+00:00,CAL,California,WND,Wind,724,megawatthours
2025-10-19 07:00:00+00:00,CAL,California,WND,Wind,670,megawatthours
2025-10-19 08:00:00+00:00,CAL,California,WND,Wind,504,megawatthours
2025-10-19 09:00:00+00:00,CAL,California,WND,Wind,380,megawatthours
2025-10-19 10:00:00+00:00,CAL,California,WND,Wind,375,megawatthours
2025-10-19 11:00:00+00:00,CAL,California,WND,Wind,320,megawatthours
2025-10-19 12:00:00+00:00,CAL,California,WND,Wind,332,megawatthours
2025-10-19 13:00:00+00:00,CAL,California,WND,Wind,376,megawatthours
2025-10-19 14:00:00+00:00,CAL,California,WND,Wind,412,megawatthours
2025-10-19 15:00:00+00:00,CAL,California,WND,Wind,563,megawatthours
2025-10-19 16:00:00+00:00,CAL,California,WND,Wind,610,megawatthours
2025-10-19 17:00:00+00:00,CAL,California,WND,Wind,592,megawatthours
2025-10-19 18:00:00+00:00,CAL,California,WND,Wind,783,megawatthours
2025-10-19 19:00:00+00:00,CAL,California,WND,Wind,1078,megawatthours
2025-10-19 20:00:00+00:00,CAL,California,WND,Wind,1536,megawatthours
2025-10-19 21:00:00+00:00,CAL,California,WND,Wind,1857,megawatthours
2025-10-19 22:00:00+00:00,CAL,California,WND,Wind,1854,megawatthours
2025-10-19 23:00:00+00:00,CAL,California,WND,Wind,2041,megawatthours
2025-10-20 00:00:00+00:00,CAL,California,WND,Wind,2132,megawatthours
2025-10-20 01:00:00+00:00,CAL,California,WND,Wind,2452,megawatthours
2025-10-20 02:00:00+00:00,CAL,California,WND,Wind,3051,megawatthours
2025-10-20 03:00:00+00:00,CAL,California,WND,Wind,3716,megawatthours
2025-10-20 04:00:00+00:00,CAL,California,WND,Wind,3967,megawatthours
2025-10-20 05:00:00+00:00,CAL,California,WND,Wind,4113,megawatthours
2025-10-20 06:00:00+00:00,CAL,California,WND,Wind,4130,megawatthours
2025-10-20 07:00:00+00:00,CAL,California,WND,Wind,3811,megawatthours
2025-10-20 08:00:00+00:00,CAL,California,WND,Wind,3561,megawatthours
2025-10-20 09:00:00+00:00,CAL,California,WND,Wind,3212,megawatthours
2025-10-20 10:00:00+00:00,CAL,California,WND,Wind,2985,megawatthours
2025-10-20 11:00:00+00:00,CAL,California,WND,Wind,2777,megawatthours
2025-10-20 12:00:00+00:00,CAL,California,WND,Wind,2954,megawatthours
2025-10-20 13:00:00+00:00,CAL,California,WND,Wind,2912,megawatthours
2025-10-20 14:00:00+00:00,CAL,California,WND,Wind,2522,megawatthours
2025-10-20 15:00:00+00:00,CAL,California,WND,Wind,2309,megawatthours
2025-10-20 16:00:00+00:00,CAL,California,WND,Wind,2073,megawatthours
2025-10-20 17:00:00+00:00,CAL,California,WND,Wind,1899,megawatthours
2025-10-20 18:00:00+00:00,CAL,California,WND,Wind,1853,megawatthours
2025-10-20 19:00:00+00:00,CAL,California,WND,Wind,1580,megawatthours
2025-10-20 20:00:00+00:00,CAL,California,WND,Wind,1336,megawatthours
2025-10-20 21:00:00+00:00,CAL,California,WND,Wind,1270,megawatthours
2025-10-20 22:00:00+00:00,CAL,California,WND,Wind,1181,megawatthours
2025-10-20 23:00:00+00:00,CAL,California,WND,Wind,1139,megawatthours
2025-10-21 00:00:00+00:00,CAL,California,WND,Wind,1035,megawatthours
2025-10-21 01:00:00+00:00,CAL,California,WND,Wind,1016,megawatthours
2025-10-21 02:00:00+00:00,CAL,California,WND,Wind,960,megawatthours
2025-10-21 03:00:00+00:00,CAL,California,WND,Wind,1015,megawatthours
2025-10-21 04:00:00+00:00,CAL,California,WND,Wind,1046,megawatthours
2025-10-21 05:00:00+00:00,CAL,California,WND,Wind,822,megawatthours
2025-10-21 06:00:00+00:00,CAL,California,WND,Wind,659,megawatthours
2025-10-21 07:00:00+00:00,CAL,California,WND,Wind,688,megawatthours
2025-10-21 08:00:00+00:00,CAL,California,WND,Wind,561,megawatthours
2025-10-21 09:00:00+00:00,CAL,California,WND,Wind,419,megawatthours
2025-10-21 10:00:00+00:00,CAL,California,WND,Wind,368,megawatthours
2025-10-21 11:00:00+00:00,CAL,California,WND,Wind,316,megawatthours
2025-10-21 12:00:00+00:00,CAL,California,WND,Wind,323,megawatthours
2025-10-21 13:00:00+00:00,CAL,California,WND,Wind,358,megawatthours
2025-10-21 14:00:00+00:00,CAL,California,WND,Wind,351,megawatthours
2025-10-21 15:00:00+00:00,CAL,California,WND,Wind,438,megawatthours
2025-10-21 16:00:00+00:00,CAL,California,WND,Wind,493,megawatthours
2025-10-21 17:00:00+00:00,CAL,California,WND,Wind,563,megawatthours
2025-10-21 18:00:00+00:00,CAL,California,WND,Wind,499,megawatthours
2025-10-21 19:00:00+00:00,CAL,California,WND,Wind,451,megawatthours
2025-10-21 20:00:00+00:00,CAL,California,WND,Wind,468,megawatthours
2025-10-21 21:00:00+00:00,CAL,California,WND,Wind,462,megawatthours
2025-10-21 22:00:00+00:00,CAL,California,WND,Wind,398,megawatthours
2025-10-21 23:00:00+00:00,CAL,California,WND,Wind,350,megawatthours
2025-10-22 00:00:00+00:00,CAL,California,WND,Wind,367,megawatthours
2025-10-22 01:00:00+00:00,CAL,California,WND,Wind,365,megawatthours
2025-10-22 02:00:00+00:00,CAL,California,WND,Wind,421,megawatthours
2025-10-22 03:00:00+00:00,CAL,California,WND,Wind,456,megawatthours
2025-10-22 04:00:00+00:00,CAL,California,WND,Wind,505,megawatthours
2025-10-22 05:00:00+00:00,CAL,California,WND,Wind,1014,megawatthours
2025-10-22 06:00:00+00:00,CAL,California,WND,Wind,1928,megawatthours
2025-10-22 07:00:00+00:00,CAL,California,WND,Wind,2198,megawatthours
2025-10-22 08:00:00+00:00,CAL,California,WND,Wind,2128,megawatthours
2025-10-22 09:00:00+00:00,CAL,California,WND,Wind,2014,megawatthours
2025-10-22 10:00:00+00:00,CAL,California,WND,Wind,2185,megawatthours
2025-10-22 11:00:00+00:00,CAL,California,WND,Wind,2396,megawatthours
2025-10-22 12:00:00+00:00,CAL,California,WND,Wind,2727,megawatthours
2025-10-22 13:00:00+00:00,CAL,California,WND,Wind,2924,megawatthours
2025-10-22 14:00:00+00:00,CAL,California,WND,Wind,2880,megawatthours
2025-10-22 15:00:00+00:00,CAL,California,WND,Wind,2921,megawatthours
2025-10-22 16:00:00+00:00,CAL,California,WND,Wind,2974,megawatthours
2025-10-22 17:00:00+00:00,CAL,California,WND,Wind,3372,megawatthours
2025-10-22 18:00:00+00:00,CAL,California,WND,Wind,3591,megawatthours
2025-10-22 19:00:00+00:00,CAL,California,WND,Wind,3475,megawatthours
2025-10-22 20:00:00+00:00,CAL,California,WND,Wind,2792,megawatthours
2025-10-22 21:00:00+00:00,CAL,California,WND,Wind,2478,megawatthours
2025-10-22 22:00:00+00:00,CAL,California,WND,Wind,3282,megawatthours
2025-10-22 23:00:00+00:00,CAL,California,WND,Wind,3737,megawatthours
2025-10-23 00:00:00+00:00,CAL,California,WND,Wind,4217,megawatthours
2025-10-23 01:00:00+00:00,CAL,California,WND,Wind,4581,megawatthours
2025-10-23 02:00:00+00:00,CAL,California,WND,Wind,4653,megawatthours
2025-10-23 03:00:00+00:00,CAL,California,WND,Wind,4511,megawatthours
2025-10-23 04:00:00+00:00,CAL,California,WND,Wind,4493,megawatthours
2025-10-23 05:00:00+00:00,CAL,California,WND,Wind,4443,megawatthours
2025-10-23 06:00:00+00:00,CAL,California,WND,Wind,4559,megawatthours
2025-10-23 07:00:00+00:00,CAL,California,WND,Wind,4608,megawatthours
2025-10-23 08:00:00+00:00,CAL,California,WND,Wind,4604,megawatthours
2025-10-23 09:00:00+00:00,CAL,California,WND,Wind,4598,megawatthours
2025-10-23 10:00:00+00:00,CAL,California,WND,Wind,4470,megawatthours
2025-10-23 11:00:00+00:00,CAL,California,WND,Wind,4243,megawatthours
2025-10-23 12:00:00+00:00,CAL,California,WND,Wind,3374,megawatthours
2025-10-23 13:00:00+00:00,CAL,California,WND,Wind,3117,megawatthours
2025-10-23 14:00:00+00:00,CAL,California,WND,Wind,2903,megawatthours
2025-10-23 15:00:00+00:00,CAL,California,WND,Wind,2334,megawatthours
2025-10-23 16:00:00+00:00,CAL,California,WND,Wind,1933,megawatthours
2025-10-23 17:00:00+00:00,CAL,California,WND,Wind,1987,megawatthours
2025-10-23 18:00:00+00:00,CAL,California,WND,Wind,1700,megawatthours
2025-10-23 19:00:00+00:00,CAL,California,WND,Wind,1152,megawatthours
2025-10-23 20:00:00+00:00,CAL,California,WND,Wind,1376,megawatthours
2025-10-23 21:00:00+00:00,CAL,California,WND,Wind,1569,megawatthours
2025-10-23 22:00:00+00:00,CAL,California,WND,Wind,1936,megawatthours
2025-10-23 23:00:00+00:00,CAL,California,WND,Wind,2192,megawatthours
2025-10-24 00:00:00+00:00,CAL,California,WND,Wind,2267,megawatthours
2025-10-24 01:00:00+00:00,CAL,California,WND,Wind,2305,megawatthours
2025-10-24 02:00:00+00:00,CAL,California,WND,Wind,3037,megawatthours
2025-10-24 03:00:00+00:00,CAL,California,WND,Wind,3350,megawatthours
2025-10-24 04:00:00+00:00,CAL,California,WND,Wind,3142,megawatthours
2025-10-24 05:00:00+00:00,CAL,California,WND,Wind,2738,megawatthours
2025-10-24 06:00:00+00:00,CAL,California,WND,Wind,2209,megawatthours
2025-10-24 07:00:00+00:00,CAL,California,WND,Wind,2033,megawatthours
2025-10-24 08:00:00+00:00,CAL,California,WND,Wind,1344,megawatthours
2025-10-24 09:00:00+00:00,CAL,California,WND,Wind,958,megawatthours
2025-10-24 10:00:00+00:00,CAL,California,WND,Wind,835,megawatthours
2025-10-24 11:00:00+00:00,CAL,California,WND,Wind,1044,megawatthours
2025-10-24 12:00:00+00:00,CAL,California,WND,Wind,1054,megawatthours
2025-10-24 13:00:00+00:00,CAL,California,WND,Wind,994,megawatthours
2025-10-24 14:00:00+00:00,CAL,California,WND,Wind,657,megawatthours
2025-10-24 15:00:00+00:00,CAL,California,WND,Wind,470,megawatthours
2025-10-24 16:00:00+00:00,CAL,California,WND,Wind,487,megawatthours
2025-10-24 17:00:00+00:00,CAL,California,WND,Wind,397,megawatthours
2025-10-24 18:00:00+00:00,CAL,California,WND,Wind,318,megawatthours
2025-10-24 19:00:00+00:00,CAL,California,WND,Wind,415,megawatthours
2025-10-24 20:00:00+00:00,CAL,California,WND,Wind,425,megawatthours
2025-10-24 21:00:00+00:00,CAL,California,WND,Wind,522,megawatthours
2025-10-24 22:00:00+00:00,CAL,California,WND,Wind,775,megawatthours
2025-10-24 23:00:00+00:00,CAL,California,WND,Wind,1113,megawatthours
2025-10-25 00:00:00+00:00,CAL,California,WND,Wind,1738,megawatthours
2025-10-25 01:00:00+00:00,CAL,California,WND,Wind,2358,megawatthours
2025-10-25 02:00:00+00:00,CAL,California,WND,Wind,2916,megawatthours
2025-10-25 03:00:00+00:00,CAL,California,WND,Wind,3355,megawatthours
2025-10-25 04:00:00+00:00,CAL,California,WND,Wind,3275,megawatthours
2025-10-25 05:00:00+00:00,CAL,California,WND,Wind,3153,megawatthours
2025-10-25 06:00:00+00:00,CAL,California,WND,Wind,2984,megawatthours
2025-10-25 07:00:00+00:00,CAL,California,WND,Wind,2875,megawatthours
2025-10-25 08:00:00+00:00,CAL,California,WND,Wind,2588,megawatthours
2025-10-25 09:00:00+00:00,CAL,California,WND,Wind,2132,megawatthours
2025-10-25 10:00:00+00:00,CAL,California,WND,Wind,1412,megawatthours
2025-10-25 11:00:00+00:00,CAL,California,WND,Wind,1386,megawatthours
2025-10-25 12:00:00+00:00,CAL,California,WND,Wind,1478,megawatthours
2025-10-25 13:00:00+00:00,CAL,California,WND,Wind,1295,megawatthours
2025-10-25 14:00:00+00:00,CAL,California,WND,Wind,1093,megawatthours
2025-10-25 15:00:00+00:00,CAL,California,WND,Wind,1349,megawatthours
2025-10-25 16:00:00+00:00,CAL,California,WND,Wind,1799,megawatthours
2025-10-25 17:00:00+00:00,CAL,California,WND,Wind,1940,megawatthours
2025-10-25 18:00:00+00:00,CAL,California,WND,Wind,1937,megawatthours
2025-10-25 19:00:00+00:00,CAL,California,WND,Wind,1708,megawatthours
2025-10-25 20:00:00+00:00,CAL,California,WND,Wind,1991,megawatthours
2025-10-25 21:00:00+00:00,CAL,California,WND,Wind,2921,megawatthours
2025-10-25 22:00:00+00:00,CAL,California,WND,Wind,3186,megawatthours
2025-10-25 23:00:00+00:00,CAL,California,WND,Wind,3016,megawatthours
2025-10-26 00:00:00+00:00,CAL,California,WND,Wind,3375,megawatthours
2025-10-26 01:00:00+00:00,CAL,California,WND,Wind,3403,megawatthours
2025-10-26 02:00:00+00:00,CAL,California,WND,Wind,3787,megawatthours
2025-10-26 03:00:00+00:00,CAL,California,WND,Wind,3853,megawatthours
2025-10-26 04:00:00+00:00,CAL,California,WND,Wind,3809,megawatthours
2025-10-26 05:00:00+00:00,CAL,California,WND,Wind,4000,megawatthours
2025-10-26 06:00:00+00:00,CAL,California,WND,Wind,4384,megawatthours
2025-10-26 07:00:00+00:00,CAL,California,WND,Wind,4419,megawatthours
2025-10-26 08:00:00+00:00,CAL,California,WND,Wind,4435,megawatthours
2025-10-26 09:00:00+00:00,CAL,California,WND,Wind,4295,megawatthours
2025-10-26 10:00:00+00:00,CAL,California,WND,Wind,4167,megawatthours
2025-10-26 11:00:00+00:00,CAL,California,WND,Wind,4218,megawatthours
2025-10-26 12:00:00+00:00,CAL,California,WND,Wind,3953,megawatthours
2025-10-26 13:00:00+00:00,CAL,California,WND,Wind,4004,megawatthours
2025-10-26 14:00:00+00:00,CAL,California,WND,Wind,3974,megawatthours
2025-10-26 15:00:00+00:00,CAL,California,WND,Wind,4094,megawatthours
2025-10-26 16:00:00+00:00,CAL,California,WND,Wind,3676,megawatthours
2025-10-26 17:00:00+00:00,CAL,California,WND,Wind,3455,megawatthours
2025-10-26 18:00:00+00:00,CAL,California,WND,Wind,3781,megawatthours
2025-10-26 19:00:00+00:00,CAL,California,WND,Wind,3990,megawatthours
2025-10-26 20:00:00+00:00,CAL,California,WND,Wind,4089,megawatthours
2025-10-26 21:00:00+00:00,CAL,California,WND,Wind,4180,megawatthours
2025-10-26 22:00:00+00:00,CAL,California,WND,Wind,4272,megawatthours
2025-10-26 23:00:00+00:00,CAL,California,WND,Wind,4021,megawatthours
2025-10-27 00:00:00+00:00,CAL,California,WND,Wind,4215,megawatthours
2025-10-27 01:00:00+00:00,CAL,California,WND,Wind,4272,megawatthours
2025-10-27 02:00:00+00:00,CAL,California,WND,Wind,4584,megawatthours
2025-10-27 03:00:00+00:00,CAL,California,WND,Wind,4760,megawatthours
2025-10-27 04:00:00+00:00,CAL,California,WND,Wind,4643,megawatthours
2025-10-27 05:00:00+00:00,CAL,California,WND,Wind,4604,megawatthours
2025-10-27 06:00:00+00:00,CAL,California,WND,Wind,4791,megawatthours
2025-10-27 07:00:00+00:00,CAL,California,WND,Wind,4908,megawatthours
2025-10-27 08:00:00+00:00,CAL,California,WND,Wind,4655,megawatthours
2025-10-27 09:00:00+00:00,CAL,California,WND,Wind,4660,megawatthours
2025-10-27 10:00:00+00:00,CAL,California,WND,Wind,4586,megawatthours
2025-10-27 11:00:00+00:00,CAL,California,WND,Wind,4535,megawatthours
2025-10-27 12:00:00+00:00,CAL,California,WND,Wind,4263,megawatthours
2025-10-27 13:00:00+00:00,CAL,California,WND,Wind,4026,megawatthours
2025-10-27 14:00:00+00:00,CAL,California,WND,Wind,3955,megawatthours
2025-10-27 15:00:00+00:00,CAL,California,WND,Wind,3818,megawatthours
2025-10-27 16:00:00+00:00,CAL,California,WND,Wind,3556,megawatthours
2025-10-27 17:00:00+00:00,CAL,California,WND,Wind,3722,megawatthours
2025-10-27 18:00:00+00:00,CAL,California,WND,Wind,3654,megawatthours
2025-10-27 19:00:00+00:00,CAL,California,WND,Wind,3102,megawatthours
2025-10-27 20:00:00+00:00,CAL,California,WND,Wind,2268,megawatthours
2025-10-27 21:00:00+00:00,CAL,California,WND,Wind,1649,megawatthours
2025-10-27 22:00:00+00:00,CAL,California,WND,Wind,1501,megawatthours
2025-10-27 23:00:00+00:00,CAL,California,WND,Wind,1596,megawatthours
2025-10-28 00:00:00+00:00,CAL,California,WND,Wind,1555,megawatthours
2025-10-28 01:00:00+00:00,CAL,California,WND,Wind,1489,megawatthours
2025-10-28 02:00:00+00:00,CAL,California,WND,Wind,1617,megawatthours
2025-10-28 03:00:00+00:00,CAL,California,WND,Wind,1773,megawatthours
2025-10-28 04:00:00+00:00,CAL,California,WND,Wind,1650,megawatthours
2025-10-28 05:00:00+00:00,CAL,California,WND,Wind,1619,megawatthours
2025-10-28 06:00:00+00:00,CAL,California,WND,Wind,1580,megawatthours
2025-10-28 07:00:00+00:00,CAL,California,WND,Wind,1582,megawatthours
2025-10-28 08:00:00+00:00,CAL,California,WND,Wind,1603,megawatthours
2025-10-28 09:00:00+00:00,CAL,California,WND,Wind,1509,megawatthours
2025-10-28 10:00:00+00:00,CAL,California,WND,Wind,1613,megawatthours
2025-10-28 11:00:00+00:00,CAL,California,WND,Wind,1456,megawatthours
2025-10-28 12:00:00+00:00,CAL,California,WND,Wind,1477,megawatthours
2025-10-28 13:00:00+00:00,CAL,California,WND,Wind,1334,megawatthours
2025-10-28 14:00:00+00:00,CAL,California,WND,Wind,1185,megawatthours
2025-10-28 15:00:00+00:00,CAL,California,WND,Wind,1219,megawatthours
2025-10-28 16:00:00+00:00,CAL,California,WND,Wind,1348,megawatthours
2025-10-28 17:00:00+00:00,CAL,California,WND,Wind,1289,megawatthours
2025-10-28 18:00:00+00:00,CAL,California,WND,Wind,1306,megawatthours
2025-10-28 19:00:00+00:00,CAL,California,WND,Wind,1412,megawatthours
2025-10-28 20:00:00+00:00,CAL,California,WND,Wind,1559,megawatthours
2025-10-28 21:00:00+00:00,CAL,California,WND,Wind,1600,megawatthours
2025-10-28 22:00:00+00:00,CAL,California,WND,Wind,1620,megawatthours
2025-10-28 23:00:00+00:00,CAL,California,WND,Wind,1522,megawatthours
2025-10-29 00:00:00+00:00,CAL,California,WND,Wind,1483,megawatthours
2025-10-29 01:00:00+00:00,CAL,California,WND,Wind,1336,megawatthours
2025-10-29 02:00:00+00:00,CAL,California,WND,Wind,1316,megawatthours
2025-10-29 03:00:00+00:00,CAL,California,WND,Wind,1505,megawatthours
2025-10-29 04:00:00+00:00,CAL,California,WND,Wind,1523,megawatthours
2025-10-29 05:00:00+00:00,CAL,California,WND,Wind,1433,megawatthours
2025-10-29 06:00:00+00:00,CAL,California,WND,Wind,1301,megawatthours
2025-10-29 07:00:00+00:00,CAL,California,WND,Wind,1119,megawatthours
2025-10-29 08:00:00+00:00,CAL,California,WND,Wind,1051,megawatthours
2025-10-29 09:00:00+00:00,CAL,California,WND,Wind,974,megawatthours
2025-10-29 10:00:00+00:00,CAL,California,WND,Wind,774,megawatthours
2025-10-29 11:00:00+00:00,CAL,California,WND,Wind,654,megawatthours
2025-10-29 12:00:00+00:00,CAL,California,WND,Wind,703,megawatthours
2025-10-29 13:00:00+00:00,CAL,California,WND,Wind,709,megawatthours
2025-10-29 14:00:00+00:00,CAL,California,WND,Wind,669,megawatthours
2025-10-29 15:00:00+00:00,CAL,California,WND,Wind,616,megawatthours
2025-10-29 16:00:00+00:00,CAL,California,WND,Wind,582,megawatthours
2025-10-29 17:00:00+00:00,CAL,California,WND,Wind,536,megawatthours
2025-10-29 18:00:00+00:00,CAL,California,WND,Wind,420,megawatthours
2025-10-29 19:00:00+00:00,CAL,California,WND,Wind,422,megawatthours
2025-10-29 20:00:00+00:00,CAL,California,WND,Wind,456,megawatthours
2025-10-29 21:00:00+00:00,CAL,California,WND,Wind,444,megawatthours
2025-10-29 22:00:00+00:00,CAL,California,WND,Wind,381,megawatthours
2025-10-29 23:00:00+00:00,CAL,California,WND,Wind,386,megawatthours
2025-10-30 00:00:00+00:00,CAL,California,WND,Wind,354,megawatthours
2025-10-30 01:00:00+00:00,CAL,California,WND,Wind,378,megawatthours
2025-10-30 02:00:00+00:00,CAL,California,WND,Wind,478,megawatthours
2025-10-30 03:00:00+00:00,CAL,California,WND,Wind,511,megawatthours
2025-10-30 04:00:00+00:00,CAL,California,WND,Wind,601,megawatthours
2025-10-30 05:00:00+00:00,CAL,California,WND,Wind,830,megawatthours
2025-10-30 06:00:00+00:00,CAL,California,WND,Wind,1076,megawatthours
2025-10-30 07:00:00+00:00,CAL,California,WND,Wind,1116,megawatthours
2025-10-30 08:00:00+00:00,CAL,California,WND,Wind,1171,megawatthours
2025-10-30 09:00:00+00:00,CAL,California,WND,Wind,1188,megawatthours
2025-10-30 10:00:00+00:00,CAL,California,WND,Wind,1173,megawatthours
2025-10-30 11:00:00+00:00,CAL,California,WND,Wind,1130,megawatthours
2025-10-30 12:00:00+00:00,CAL,California,WND,Wind,1143,megawatthours
2025-10-30 13:00:00+00:00,CAL,California,WND,Wind,1181,megawatthours
2025-10-30 14:00:00+00:00,CAL,California,WND,Wind,1177,megawatthours
2025-10-30 15:00:00+00:00,CAL,California,WND,Wind,1114,megawatthours
2025-10-30 16:00:00+00:00,CAL,California,WND,Wind,898,megawatthours
2025-10-30 17:00:00+00:00,CAL,California,WND,Wind,692,megawatthours
2025-10-30 18:00:00+00:00,CAL,California,WND,Wind,495,megawatthours
2025-10-30 19:00:00+00:00,CAL,California,WND,Wind,402,megawatthours
2025-10-30 20:00:00+00:00,CAL,California,WND,Wind,381,megawatthours
2025-10-30 21:00:00+00:00,CAL,California,WND,Wind,426,megawatthours
2025-10-30 22:00:00+00:00,CAL,California,WND,Wind,439,megawatthours
2025-10-30 23:00:00+00:00,CAL,California,WND,Wind,360,megawatthours
2025-10-31 00:00:00+00:00,CAL,California,WND,Wind,305,megawatthours
2025-10-31 01:00:00+00:00,CAL,California,WND,Wind,356,megawatthours
2025-10-31 02:00:00+00:00,CAL,California,WND,Wind,617,megawatthours
2025-10-31 03:00:00+00:00,CAL,California,WND,Wind,1002,megawatthours
2025-10-31 04:00:00+00:00,CAL,California,WND,Wind,1243,megawatthours
2025-10-31 05:00:00+00:00,CAL,California,WND,Wind,1534,megawatthours
2025-10-31 06:00:00+00:00,CAL,California,WND,Wind,1741,megawatthours
2025-10-31 07:00:00+00:00,CAL,California,WND,Wind,1577,megawatthours
2025-10-31 08:00:00+00:00,CAL,California,WND,Wind,1446,megawatthours
2025-10-31 09:00:00+00:00,CAL,California,WND,Wind,1452,megawatthours
2025-10-31 10:00:00+00:00,CAL,California,WND,Wind,1259,megawatthours
2025-10-31 11:00:00+00:00,CAL,California,WND,Wind,1364,megawatthours
2025-10-31 12:00:00+00:00,CAL,California,WND,Wind,1307,megawatthours
2025-10-31 13:00:00+00:00,CAL,California,WND,Wind,1556,megawatthours
2025-10-31 14:00:00+00:00,CAL,California,WND,Wind,1486,megawatthours
2025-10-31 15:00:00+00:00,CAL,California,WND,Wind,1251,megawatthours
2025-10-31 16:00:00+00:00,CAL,California,WND,Wind,1075,megawatthours
2025-10-31 17:00:00+00:00,CAL,California,WND,Wind,911,megawatthours
2025-10-31 18:00:00+00:00,CAL,California,WND,Wind,859,megawatthours
2025-10-31 19:00:00+00:00,CAL,California,WND,Wind,880,megawatthours
2025-10-31 20:00:00+00:00,CAL,California,WND,Wind,1009,megawatthours
2025-10-31 21:00:00+00:00,CAL,California,WND,Wind,1026,megawatthours
2025-10-31 22:00:00+00:00,CAL,California,WND,Wind,1005,megawatthours
2025-10-31 23:00:00+00:00,CAL,California,WND,Wind,992,megawatthours
2025-11-01 00:00:00+00:00,CAL,California,WND,Wind,931,megawatthours
2025-11-01 01:00:00+00:00,CAL,California,WND,Wind,762,megawatthours
2025-11-01 02:00:00+00:00,CAL,California,WND,Wind,1011,megawatthours
2025-11-01 03:00:00+00:00,CAL,California,WND,Wind,1272,megawatthours
2025-11-01 04:00:00+00:00,CAL,California,WND,Wind,1179,megawatthours
2025-11-01 05:00:00+00:00,CAL,California,WND,Wind,1075,megawatthours
2025-11-01 06:00:00+00:00,CAL,California,WND,Wind,1046,megawatthours
2025-11-01 07:00:00+00:00,CAL,California,WND,Wind,838,megawatthours
2025-11-01 08:00:00+00:00,CAL,California,WND,Wind,796,megawatthours
2025-11-01 09:00:00+00:00,CAL,California,WND,Wind,1509,megawatthours
2025-11-01 10:00:00+00:00,CAL,California,WND,Wind,1371,megawatthours
2025-11-01 11:00:00+00:00,CAL,California,WND,Wind,1542,megawatthours
2025-11-01 12:00:00+00:00,CAL,California,WND,Wind,1357,megawatthours
2025-11-01 13:00:00+00:00,CAL,California,WND,Wind,1450,megawatthours
2025-11-01 14:00:00+00:00,CAL,California,WND,Wind,1259,megawatthours
2025-11-01 15:00:00+00:00,CAL,California,WND,Wind,988,megawatthours
2025-11-01 16:00:00+00:00,CAL,California,WND,Wind,870,megawatthours
2025-11-01 17:00:00+00:00,CAL,California,WND,Wind,674,megawatthours
2025-11-01 18:00:00+00:00,CAL,California,WND,Wind,642,megawatthours
2025-11-01 19:00:00+00:00,CAL,California,WND,Wind,673,megawatthours
2025-11-01 20:00:00+00:00,CAL,California,WND,Wind,746,megawatthours
2025-11-01 21:00:00+00:00,CAL,California,WND,Wind,749,megawatthours
2025-11-01 22:00:00+00:00,CAL,California,WND,Wind,731,megawatthours
2025-11-01 23:00:00+00:00,CAL,California,WND,Wind,724,megawatthours
2025-11-02 00:00:00+00:00,CAL,California,WND,Wind,734,megawatthours
2025-11-02 01:00:00+00:00,CAL,California,WND,Wind,573,megawatthours
2025-11-02 02:00:00+00:00,CAL,California,WND,Wind,808,megawatthours
2025-11-02 03:00:00+00:00,CAL,California,WND,Wind,1135,megawatthours
2025-11-02 04:00:00+00:00,CAL,California,WND,Wind,1055,megawatthours
2025-11-02 05:00:00+00:00,CAL,California,WND,Wind,892,megawatthours
2025-11-02 06:00:00+00:00,CAL,California,WND,Wind,850,megawatthours
2025-11-02 07:00:00+00:00,CAL,California,WND,Wind,793,megawatthours
2025-11-02 08:00:00+00:00,CAL,California,WND,Wind,780,megawatthours
2025-11-02 09:00:00+00:00,CAL,California,WND,Wind,1227,megawatthours
2025-11-02 10:00:00+00:00,CAL,California,WND,Wind,1400,megawatthours
2025-11-02 11:00:00+00:00,CAL,California,WND,Wind,1375,megawatthours
2025-11-02 12:00:00+00:00,CAL,California,WND,Wind,1295,megawatthours
2025-11-02 13:00:00+00:00,CAL,California,WND,Wind,1247,megawatthours
2025-11-02 14:00:00+00:00,CAL,California,WND,Wind,1176,megawatthours
2025-11-02 15:00:00+00:00,CAL,California,WND,Wind,1120,megawatthours
2025-11-02 16:00:00+00:00,CAL,California,WND,Wind,995,megawatthours
2025-11-02 17:00:00+00:00,CAL,California,WND,Wind,908,megawatthours
2025-11-02 18:00:00+00:00,CAL,California,WND,Wind,836,megawatthours
2025-11-02 19:00:00+00:00,CAL,California,WND,Wind,784,megawatthours
2025-11-02 20:00:00+00:00,CAL,California,WND,Wind,730,megawatthours
2025-11-02 21:00:00+00:00,CAL,California,WND,Wind,716,megawatthours
2025-11-02 22:00:00+00:00,CAL,California,WND,Wind,644,megawatthours
2025-11-02 23:00:00+00:00,CAL,California,WND,Wind,564,megawatthours
2025-11-03 00:00:00+00:00,CAL,California,WND,Wind,618,megawatthours
2025-11-03 01:00:00+00:00,CAL,California,WND,Wind,589,megawatthours
2025-11-03 02:00:00+00:00,CAL,California,WND,Wind,752,megawatthours
2025-11-03 03:00:00+00:00,CAL,California,WND,Wind,845,megawatthours
2025-11-03 04:00:00+00:00,CAL,California,WND,Wind,997,megawatthours
2025-11-03 05:00:00+00:00,CAL,California,WND,Wind,1255,megawatthours
2025-11-03 06:00:00+00:00,CAL,California,WND,Wind,1364,megawatthours
2025-11-03 07:00:00+00:00,CAL,California,WND,Wind,1394,megawatthours
2025-11-03 08:00:00+00:00,CAL,California,WND,Wind,1383,megawatthours
2025-11-03 09:00:00+00:00,CAL,California,WND,Wind,1267,megawatthours
2025-11-03 10:00:00+00:00,CAL,California,WND,Wind,1222,megawatthours
2025-11-03 11:00:00+00:00,CAL,California,WND,Wind,1218,megawatthours
2025-11-03 12:00:00+00:00,CAL,California,WND,Wind,1330,megawatthours
2025-11-03 13:00:00+00:00,CAL,California,WND,Wind,1354,megawatthours
2025-11-03 14:00:00+00:00,CAL,California,WND,Wind,1362,megawatthours
2025-11-03 15:00:00+00:00,CAL,California,WND,Wind,1424,megawatthours
2025-11-03 16:00:00+00:00,CAL,California,WND,Wind,1277,megawatthours
2025-11-03 17:00:00+00:00,CAL,California,WND,Wind,856,megawatthours
2025-11-03 18:00:00+00:00,CAL,California,WND,Wind,847,megawatthours
2025-11-03 19:00:00+00:00,CAL,California,WND,Wind,962,megawatthours
2025-11-03 20:00:00+00:00,CAL,California,WND,Wind,1291,megawatthours
2025-11-03 21:00:00+00:00,CAL,California,WND,Wind,1454,megawatthours
2025-11-03 22:00:00+00:00,CAL,California,WND,Wind,1500,megawatthours
2025-11-03 23:00:00+00:00,CAL,California,WND,Wind,1999,megawatthours
2025-11-04 00:00:00+00:00,CAL,California,WND,Wind,2349,megawatthours
2025-11-04 01:00:00+00:00,CAL,California,WND,Wind,2271,megawatthours
2025-11-04 02:00:00+00:00,CAL,California,WND,Wind,2359,megawatthours
2025-11-04 03:00:00+00:00,CAL,California,WND,Wind,2542,megawatthours
2025-11-04 04:00:00+00:00,CAL,California,WND,Wind,2670,megawatthours
2025-11-04 05:00:00+00:00,CAL,California,WND,Wind,2669,megawatthours
2025-11-04 06:00:00+00:00,CAL,California,WND,Wind,2472,megawatthours
2025-11-04 07:00:00+00:00,CAL,California,WND,Wind,2278,megawatthours
2025-11-04 08:00:00+00:00,CAL,California,WND,Wind,2509,megawatthours
2025-11-04 09:00:00+00:00,CAL,California,WND,Wind,2542,megawatthours
2025-11-04 10:00:00+00:00,CAL,California,WND,Wind,2446,megawatthours
2025-11-04 11:00:00+00:00,CAL,California,WND,Wind,2465,megawatthours
2025-11-04 12:00:00+00:00,CAL,California,WND,Wind,2731,megawatthours
2025-11-04 13:00:00+00:00,CAL,California,WND,Wind,2843,megawatthours
2025-11-04 14:00:00+00:00,CAL,California,WND,Wind,2528,megawatthours
2025-11-04 15:00:00+00:00,CAL,California,WND,Wind,2086,megawatthours
2025-11-04 16:00:00+00:00,CAL,California,WND,Wind,1846,megawatthours
2025-11-04 17:00:00+00:00,CAL,California,WND,Wind,1697,megawatthours
2025-11-04 18:00:00+00:00,CAL,California,WND,Wind,1444,megawatthours
2025-11-04 19:00:00+00:00,CAL,California,WND,Wind,1540,megawatthours
2025-11-04 20:00:00+00:00,CAL,California,WND,Wind,1421,megawatthours
2025-11-04 21:00:00+00:00,CAL,California,WND,Wind,1413,megawatthours
2025-11-04 22:00:00+00:00,CAL,California,WND,Wind,1549,megawatthours
2025-11-04 23:00:00+00:00,CAL,California,WND,Wind,1843,megawatthours
2025-11-05 00:00:00+00:00,CAL,California,WND,Wind,1968,megawatthours
2025-11-05 01:00:00+00:00,CAL,California,WND,Wind,2048,megawatthours
2025-11-05 02:00:00+00:00,CAL,California,WND,Wind,1962,megawatthours
2025-11-05 03:00:00+00:00,CAL,California,WND,Wind,1961,megawatthours
2025-11-05 04:00:00+00:00,CAL,California,WND,Wind,2095,megawatthours
2025-11-05 05:00:00+00:00,CAL,California,WND,Wind,2021,megawatthours
2025-11-05 06:00:00+00:00,CAL,California,WND,Wind,2279,megawatthours
2025-11-05 07:00:00+00:00,CAL,California,WND,Wind,2036,megawatthours
2025-11-05 08:00:00+00:00,CAL,California,WND,Wind,2111,megawatthours
2025-11-05 09:00:00+00:00,CAL,California,WND,Wind,2192,megawatthours
2025-11-05 10:00:00+00:00,CAL,California,WND,Wind,2166,megawatthours
2025-11-05 11:00:00+00:00,CAL,California,WND,Wind,2114,megawatthours
2025-11-05 12:00:00+00:00,CAL,California,WND,Wind,2436,megawatthours
2025-11-05 13:00:00+00:00,CAL,California,WND,Wind,2613,megawatthours
2025-11-05 14:00:00+00:00,CAL,California,WND,Wind,2925,megawatthours
2025-11-05 15:00:00+00:00,CAL,California,WND,Wind,2842,megawatthours
2025-11-05 16:00:00+00:00,CAL,California,WND,Wind,2600,megawatthours
2025-11-05 17:00:00+00:00,CAL,California,WND,Wind,2088,megawatthours
2025-11-05 18:00:00+00:00,CAL,California,WND,Wind,1766,megawatthours
2025-11-05 19:00:00+00:00,CAL,California,WND,Wind,1888,megawatthours
2025-11-05 20:00:00+00:00,CAL,California,WND,Wind,2422,megawatthours
2025-11-05 21:00:00+00:00,CAL,California,WND,Wind,2471,megawatthours
2025-11-05 22:00:00+00:00,CAL,California,WND,Wind,2771,megawatthours
2025-11-05 23:00:00+00:00,CAL,California,WND,Wind,2723,megawatthours
2025-11-06 00:00:00+00:00,CAL,California,WND,Wind,2711,megawatthours
2025-11-06 01:00:00+00:00,CAL,California,WND,Wind,2814,megawatthours
2025-11-06 02:00:00+00:00,CAL,California,WND,Wind,2963,megawatthours
2025-11-06 03:00:00+00:00,CAL,California,WND,Wind,3328,megawatthours
2025-11-06 04:00:00+00:00,CAL,California,WND,Wind,3641,megawatthours
2025-11-06 05:00:00+00:00,CAL,California,WND,Wind,3628,megawatthours
2025-11-06 06:00:00+00:00,CAL,California,WND,Wind,3640,megawatthours
2025-11-06 07:00:00+00:00,CAL,California,WND,Wind,3988,megawatthours
2025-11-06 08:00:00+00:00,CAL,California,WND,Wind,3646,megawatthours
2025-11-06 09:00:00+00:00,CAL,California,WND,Wind,3118,megawatthours
2025-11-06 10:00:00+00:00,CAL,California,WND,Wind,3123,megawatthours
2025-11-06 11:00:00+00:00,CAL,California,WND,Wind,3518,megawatthours
2025-11-06 12:00:00+00:00,CAL,California,WND,Wind,3940,megawatthours
2025-11-06 13:00:00+00:00,CAL,California,WND,Wind,4062,megawatthours
2025-11-06 14:00:00+00:00,CAL,California,WND,Wind,4040,megawatthours
2025-11-06 15:00:00+00:00,CAL,California,WND,Wind,3844,megawatthours
2025-11-06 16:00:00+00:00,CAL,California,WND,Wind,3760,megawatthours
2025-11-06 17:00:00+00:00,CAL,California,WND,Wind,3794,megawatthours
2025-11-06 18:00:00+00:00,CAL,California,WND,Wind,3902,megawatthours
2025-11-06 19:00:00+00:00,CAL,California,WND,Wind,3940,megawatthours
2025-11-06 20:00:00+00:00,CAL,California,WND,Wind,3770,megawatthours
2025-11-06 21:00:00+00:00,CAL,California,WND,Wind,3755,megawatthours
2025-11-06 22:00:00+00:00,CAL,California,WND,Wind,3855,megawatthours
2025-11-06 23:00:00+00:00,CAL,California,WND,Wind,3849,megawatthours
2025-11-07 00:00:00+00:00,CAL,California,WND,Wind,3866,megawatthours
2025-11-07 01:00:00+00:00,CAL,California,WND,Wind,3987,megawatthours
2025-11-07 02:00:00+00:00,CAL,California,WND,Wind,4060,megawatthours
2025-11-07 03:00:00+00:00,CAL,California,WND,Wind,4311,megawatthours
2025-11-07 04:00:00+00:00,CAL,California,WND,Wind,4139,megawatthours
2025-11-07 05:00:00+00:00,CAL,California,WND,Wind,3957,megawatthours
2025-11-07 06:00:00+00:00,CAL,California,WND,Wind,3978,megawatthours
2025-11-07 07:00:00+00:00,CAL,California,WND,Wind,3612,megawatthours
2025-11-07 08:00:00+00:00,CAL,California,WND,Wind,3439,megawatthours
2025-11-07 09:00:00+00:00,CAL,California,WND,Wind,3424,megawatthours
2025-11-07 10:00:00+00:00,CAL,California,WND,Wind,3360,megawatthours
2025-11-07 11:00:00+00:00,CAL,California,WND,Wind,3061,megawatthours
2025-11-07 12:00:00+00:00,CAL,California,WND,Wind,2971,megawatthours
2025-11-07 13:00:00+00:00,CAL,California,WND,Wind,2843,megawatthours
2025-11-07 14:00:00+00:00,CAL,California,WND,Wind,2689,megawatthours
2025-11-07 15:00:00+00:00,CAL,California,WND,Wind,1949,megawatthours
2025-11-07 16:00:00+00:00,CAL,California,WND,Wind,1508,megawatthours
2025-11-07 17:00:00+00:00,CAL,California,WND,Wind,1602,megawatthours
2025-11-07 18:00:00+00:00,CAL,California,WND,Wind,1095,megawatthours
2025-11-07 19:00:00+00:00,CAL,California,WND,Wind,786,megawatthours
2025-11-07 20:00:00+00:00,CAL,California,WND,Wind,849,megawatthours
2025-11-07 21:00:00+00:00,CAL,California,WND,Wind,777,megawatthours
2025-11-07 22:00:00+00:00,CAL,California,WND,Wind,1117,megawatthours
2025-11-07 23:00:00+00:00,CAL,California,WND,Wind,1892,megawatthours
2025-11-08 00:00:00+00:00,CAL,California,WND,Wind,2520,megawatthours
2025-11-08 01:00:00+00:00,CAL,California,WND,Wind,2557,megawatthours
2025-11-08 02:00:00+00:00,CAL,California,WND,Wind,2310,megawatthours
2025-11-08 03:00:00+00:00,CAL,California,WND,Wind,2041,megawatthours
2025-11-08 04:00:00+00:00,CAL,California,WND,Wind,2179,megawatthours
2025-11-08 05:00:00+00:00,CAL,California,WND,Wind,2250,megawatthours
2025-11-08 06:00:00+00:00,CAL,California,WND,Wind,1881,megawatthours
2025-11-08 07:00:00+00:00,CAL,California,WND,Wind,1507,megawatthours
2025-11-08 08:00:00+00:00,CAL,California,WND,Wind,1418,megawatthours
2025-11-08 09:00:00+00:00,CAL,California,WND,Wind,1352,megawatthours
2025-11-08 10:00:00+00:00,CAL,California,WND,Wind,1344,megawatthours
2025-11-08 11:00:00+00:00,CAL,California,WND,Wind,1257,megawatthours
2025-11-08 12:00:00+00:00,CAL,California,WND,Wind,1226,megawatthours
2025-11-08 13:00:00+00:00,CAL,California,WND,Wind,1086,megawatthours
2025-11-08 14:00:00+00:00,CAL,California,WND,Wind,1162,megawatthours
2025-11-08 15:00:00+00:00,CAL,California,WND,Wind,1288,megawatthours
2025-11-08 16:00:00+00:00,CAL,California,WND,Wind,1288,megawatthours
2025-11-08 17:00:00+00:00,CAL,California,WND,Wind,1151,megawatthours
2025-11-08 18:00:00+00:00,CAL,California,WND,Wind,1111,megawatthours
2025-11-08 19:00:00+00:00,CAL,California,WND,Wind,1110,megawatthours
2025-11-08 20:00:00+00:00,CAL,California,WND,Wind,1068,megawatthours
2025-11-08 21:00:00+00:00,CAL,California,WND,Wind,922,megawatthours
2025-11-08 22:00:00+00:00,CAL,California,WND,Wind,790,megawatthours
2025-11-08 23:00:00+00:00,CAL,California,WND,Wind,775,megawatthours
2025-11-09 00:00:00+00:00,CAL,California,WND,Wind,827,megawatthours
2025-11-09 01:00:00+00:00,CAL,California,WND,Wind,782,megawatthours
2025-11-09 02:00:00+00:00,CAL,California,WND,Wind,748,megawatthours
2025-11-09 03:00:00+00:00,CAL,California,WND,Wind,828,megawatthours
2025-11-09 04:00:00+00:00,CAL,California,WND,Wind,953,megawatthours
2025-11-09 05:00:00+00:00,CAL,California,WND,Wind,1083,megawatthours
2025-11-09 06:00:00+00:00,CAL,California,WND,Wind,1002,megawatthours
2025-11-09 07:00:00+00:00,CAL,California,WND,Wind,1004,megawatthours
2025-11-09 08:00:00+00:00,CAL,California,WND,Wind,1054,megawatthours
2025-11-09 09:00:00+00:00,CAL,California,WND,Wind,1069,megawatthours
2025-11-09 10:00:00+00:00,CAL,California,WND,Wind,989,megawatthours
2025-11-09 11:00:00+00:00,CAL,California,WND,Wind,1008,megawatthours
2025-11-09 12:00:00+00:00,CAL,California,WND,Wind,1158,megawatthours
2025-11-09 13:00:00+00:00,CAL,California,WND,Wind,1211,megawatthours
2025-11-09 14:00:00+00:00,CAL,California,WND,Wind,1074,megawatthours
2025-11-09 15:00:00+00:00,CAL,California,WND,Wind,973,megawatthours
2025-11-09 16:00:00+00:00,CAL,California,WND,Wind,865,megawatthours
2025-11-09 17:00:00+00:00,CAL,California,WND,Wind,988,megawatthours
2025-11-09 18:00:00+00:00,CAL,California,WND,Wind,1050,megawatthours
2025-11-09 19:00:00+00:00,CAL,California,WND,Wind,1041,megawatthours
2025-11-09 20:00:00+00:00,CAL,California,WND,Wind,977,megawatthours
2025-11-09 21:00:00+00:00,CAL,California,WND,Wind,1011,megawatthours
2025-11-09 22:00:00+00:00,CAL,California,WND,Wind,1080,megawatthours
2025-11-09 23:00:00+00:00,CAL,California,WND,Wind,973,megawatthours
2025-11-10 00:00:00+00:00,CAL,California,WND,Wind,905,megawatthours
2025-11-10 01:00:00+00:00,CAL,California,WND,Wind,820,megawatthours
2025-11-10 02:00:00+00:00,CAL,California,WND,Wind,755,megawatthours
2025-11-10 03:00:00+00:00,CAL,California,WND,Wind,887,megawatthours
2025-11-10 04:00:00+00:00,CAL,California,WND,Wind,914,megawatthours
2025-11-10 05:00:00+00:00,CAL,California,WND,Wind,796,megawatthours
2025-11-10 06:00:00+00:00,CAL,California,WND,Wind,773,megawatthours
2025-11-10 07:00:00+00:00,CAL,California,WND,Wind,699,megawatthours
2025-11-10 08:00:00+00:00,CAL,California,WND,Wind,702,megawatthours
2025-11-10 09:00:00+00:00,CAL,California,WND,Wind,682,megawatthours
2025-11-10 10:00:00+00:00,CAL,California,WND,Wind,699,megawatthours
2025-11-10 11:00:00+00:00,CAL,California,WND,Wind,676,megawatthours
2025-11-10 12:00:00+00:00,CAL,California,WND,Wind,679,megawatthours
2025-11-10 13:00:00+00:00,CAL,California,WND,Wind,896,megawatthours
2025-11-10 14:00:00+00:00,CAL,California,WND,Wind,1102,megawatthours
2025-11-10 15:00:00+00:00,CAL,California,WND,Wind,1067,megawatthours
2025-11-10 16:00:00+00:00,CAL,California,WND,Wind,953,megawatthours
2025-11-10 17:00:00+00:00,CAL,California,WND,Wind,805,megawatthours
2025-11-10 18:00:00+00:00,CAL,California,WND,Wind,980,megawatthours
2025-11-10 19:00:00+00:00,CAL,California,WND,Wind,1031,megawatthours
2025-11-10 20:00:00+00:00,CAL,California,WND,Wind,864,megawatthours
2025-11-10 21:00:00+00:00,CAL,California,WND,Wind,786,megawatthours
2025-11-10 22:00:00+00:00,CAL,California,WND,Wind,640,megawatthours
2025-11-10 23:00:00+00:00,CAL,California,WND,Wind,525,megawatthours
2025-11-11 00:00:00+00:00,CAL,California,WND,Wind,512,megawatthours
2025-11-11 01:00:00+00:00,CAL,California,WND,Wind,530,megawatthours
2025-11-11 02:00:00+00:00,CAL,California,WND,Wind,658,megawatthours
2025-11-11 03:00:00+00:00,CAL,California,WND,Wind,835,megawatthours
2025-11-11 04:00:00+00:00,CAL,California,WND,Wind,1000,megawatthours
2025-11-11 05:00:00+00:00,CAL,California,WND,Wind,1081,megawatthours
2025-11-11 06:00:00+00:00,CAL,California,WND,Wind,1088,megawatthours
2025-11-11 07:00:00+00:00,CAL,California,WND,Wind,1085,megawatthours
2025-11-11 08:00:00+00:00,CAL,California,WND,Wind,1098,megawatthours
2025-11-11 09:00:00+00:00,CAL,California,WND,Wind,1124,megawatthours
2025-11-11 10:00:00+00:00,CAL,California,WND,Wind,1141,megawatthours
2025-11-11 11:00:00+00:00,CAL,California,WND,Wind,1205,megawatthours
2025-11-11 12:00:00+00:00,CAL,California,WND,Wind,1272,megawatthours
2025-11-11 13:00:00+00:00,CAL,California,WND,Wind,1256,megawatthours
2025-11-11 14:00:00+00:00,CAL,California,WND,Wind,1188,megawatthours
2025-11-11 15:00:00+00:00,CAL,California,WND,Wind,1151,megawatthours
2025-11-11 16:00:00+00:00,CAL,California,WND,Wind,1110,megawatthours
2025-11-11 17:00:00+00:00,CAL,California,WND,Wind,1030,megawatthours
2025-11-11 18:00:00+00:00,CAL,California,WND,Wind,957,megawatthours
2025-11-11 19:00:00+00:00,CAL,California,WND,Wind,939,megawatthours
2025-11-11 20:00:00+00:00,CAL,California,WND,Wind,953,megawatthours
2025-11-11 21:00:00+00:00,CAL,California,WND,Wind,915,megawatthours
2025-11-11 22:00:00+00:00,CAL,California,WND,Wind,939,megawatthours
2025-11-11 23:00:00+00:00,CAL,California,WND,Wind,971,megawatthours
2025-11-12 00:00:00+00:00,CAL,California,WND,Wind,977,megawatthours
2025-11-12 01:00:00+00:00,CAL,California,WND,Wind,920,megawatthours
2025-11-12 02:00:00+00:00,CAL,California,WND,Wind,993,megawatthours
2025-11-12 03:00:00+00:00,CAL,California,WND,Wind,938,megawatthours
2025-11-12 04:00:00+00:00,CAL,California,WND,Wind,945,megawatthours
2025-11-12 05:00:00+00:00,CAL,California,WND,Wind,1005,megawatthours
2025-11-12 06:00:00+00:00,CAL,California,WND,Wind,1022,megawatthours
2025-11-12 07:00:00+00:00,CAL,California,WND,Wind,1038,megawatthours
2025-11-12 08:00:00+00:00,CAL,California,WND,Wind,943,megawatthours
2025-11-12 09:00:00+00:00,CAL,California,WND,Wind,1021,megawatthours
2025-11-12 10:00:00+00:00,CAL,California,WND,Wind,1160,megawatthours
2025-11-12 11:00:00+00:00,CAL,California,WND,Wind,1301,megawatthours
2025-11-12 12:00:00+00:00,CAL,California,WND,Wind,1328,megawatthours
2025-11-12 13:00:00+00:00,CAL,California,WND,Wind,1236,megawatthours
2025-11-12 14:00:00+00:00,CAL,California,WND,Wind,1167,megawatthours
2025-11-12 15:00:00+00:00,CAL,California,WND,Wind,1003,megawatthours
2025-11-12 16:00:00+00:00,CAL,California,WND,Wind,752,megawatthours
2025-11-12 17:00:00+00:00,CAL,California,WND,Wind,545,megawatthours
2025-11-12 18:00:00+00:00,CAL,California,WND,Wind,501,megawatthours
2025-11-12 19:00:00+00:00,CAL,California,WND,Wind,465,megawatthours
2025-11-12 20:00:00+00:00,CAL,California,WND,Wind,394,megawatthours
2025-11-12 21:00:00+00:00,CAL,California,WND,Wind,611,megawatthours
2025-11-12 22:00:00+00:00,CAL,California,WND,Wind,887,megawatthours
2025-11-12 23:00:00+00:00,CAL,California,WND,Wind,953,megawatthours
2025-11-13 00:00:00+00:00,CAL,California,WND,Wind,1164,megawatthours
2025-11-13 01:00:00+00:00,CAL,California,WND,Wind,1158,megawatthours
2025-11-13 02:00:00+00:00,CAL,California,WND,Wind,1034,megawatthours
2025-11-13 03:00:00+00:00,CAL,California,WND,Wind,1091,megawatthours
2025-11-13 04:00:00+00:00,CAL,California,WND,Wind,1168,megawatthours
2025-11-13 05:00:00+00:00,CAL,California,WND,Wind,1109,megawatthours
2025-11-13 06:00:00+00:00,CAL,California,WND,Wind,1156,megawatthours
2025-11-13 07:00:00+00:00,CAL,California,WND,Wind,1285,megawatthours
2025-11-13 08:00:00+00:00,CAL,California,WND,Wind,1448,megawatthours
2025-11-13 09:00:00+00:00,CAL,California,WND,Wind,1714,megawatthours
2025-11-13 10:00:00+00:00,CAL,California,WND,Wind,1705,megawatthours
2025-11-13 11:00:00+00:00,CAL,California,WND,Wind,1695,megawatthours
2025-11-13 12:00:00+00:00,CAL,California,WND,Wind,2186,megawatthours
2025-11-13 13:00:00+00:00,CAL,California,WND,Wind,2428,megawatthours
2025-11-13 14:00:00+00:00,CAL,California,WND,Wind,2580,megawatthours
2025-11-13 15:00:00+00:00,CAL,California,WND,Wind,2591,megawatthours
2025-11-13 16:00:00+00:00,CAL,California,WND,Wind,2901,megawatthours
2025-11-13 17:00:00+00:00,CAL,California,WND,Wind,2535,megawatthours
2025-11-13 18:00:00+00:00,CAL,California,WND,Wind,2769,megawatthours
2025-11-13 19:00:00+00:00,CAL,California,WND,Wind,3023,megawatthours
2025-11-13 20:00:00+00:00,CAL,California,WND,Wind,2616,megawatthours
2025-11-13 21:00:00+00:00,CAL,California,WND,Wind,2649,megawatthours
2025-11-13 22:00:00+00:00,CAL,California,WND,Wind,2957,megawatthours
2025-11-13 23:00:00+00:00,CAL,California,WND,Wind,3179,megawatthours
2025-11-14 00:00:00+00:00,CAL,California,WND,Wind,2902,megawatthours
2025-11-14 01:00:00+00:00,CAL,California,WND,Wind,2740,megawatthours
2025-11-14 02:00:00+00:00,CAL,California,WND,Wind,2348,megawatthours
2025-11-14 03:00:00+00:00,CAL,California,WND,Wind,2325,megawatthours
2025-11-14 04:00:00+00:00,CAL,California,WND,Wind,2458,megawatthours
2025-11-14 05:00:00+00:00,CAL,California,WND,Wind,2815,megawatthours
2025-11-14 06:00:00+00:00,CAL,California,WND,Wind,2902,megawatthours
2025-11-14 07:00:00+00:00,CAL,California,WND,Wind,2681,megawatthours
2025-11-14 08:00:00+00:00,CAL,California,WND,Wind,2325,megawatthours
2025-11-14 09:00:00+00:00,CAL,California,WND,Wind,2501,megawatthours
2025-11-14 10:00:00+00:00,CAL,California,WND,Wind,2370,megawatthours
2025-11-14 11:00:00+00:00,CAL,California,WND,Wind,1752,megawatthours
2025-11-14 12:00:00+00:00,CAL,California,WND,Wind,1383,megawatthours
2025-11-14 13:00:00+00:00,CAL,California,WND,Wind,1516,megawatthours
2025-11-14 14:00:00+00:00,CAL,California,WND,Wind,1642,megawatthours
2025-11-14 15:00:00+00:00,CAL,California,WND,Wind,1712,megawatthours
2025-11-14 16:00:00+00:00,CAL,California,WND,Wind,1422,megawatthours
2025-11-14 17:00:00+00:00,CAL,California,WND,Wind,1201,megawatthours
2025-11-14 18:00:00+00:00,CAL,California,WND,Wind,1301,megawatthours
2025-11-14 19:00:00+00:00,CAL,California,WND,Wind,1528,megawatthours
2025-11-14 20:00:00+00:00,CAL,California,WND,Wind,1591,megawatthours
2025-11-14 21:00:00+00:00,CAL,California,WND,Wind,1548,megawatthours
2025-11-14 22:00:00+00:00,CAL,California,WND,Wind,1705,megawatthours
2025-11-14 23:00:00+00:00,CAL,California,WND,Wind,1587,megawatthours
2025-11-15 00:00:00+00:00,CAL,California,WND,Wind,1421,megawatthours
2025-11-15 01:00:00+00:00,CAL,California,WND,Wind,1255,megawatthours
2025-11-15 02:00:00+00:00,CAL,California,WND,Wind,1103,megawatthours
2025-11-15 03:00:00+00:00,CAL,California,WND,Wind,1148,megawatthours
2025-11-15 04:00:00+00:00,CAL,California,WND,Wind,1030,megawatthours
2025-11-15 05:00:00+00:00,CAL,California,WND,Wind,1369,megawatthours
2025-11-15 06:00:00+00:00,CAL,California,WND,Wind,1310,megawatthours
2025-11-15 07:00:00+00:00,CAL,California,WND,Wind,1206,megawatthours
2025-11-15 08:00:00+00:00,CAL,California,WND,Wind,1238,megawatthours
2025-11-15 09:00:00+00:00,CAL,California,WND,Wind,1252,megawatthours
2025-11-15 10:00:00+00:00,CAL,California,WND,Wind,1275,megawatthours
2025-11-15 11:00:00+00:00,CAL,California,WND,Wind,1434,megawatthours
2025-11-15 12:00:00+00:00,CAL,California,WND,Wind,1698,megawatthours
2025-11-15 13:00:00+00:00,CAL,California,WND,Wind,2177,megawatthours
2025-11-15 14:00:00+00:00,CAL,California,WND,Wind,2487,megawatthours
2025-11-15 15:00:00+00:00,CAL,California,WND,Wind,2557,megawatthours
2025-11-15 16:00:00+00:00,CAL,California,WND,Wind,2471,megawatthours
2025-11-15 17:00:00+00:00,CAL,California,WND,Wind,2793,megawatthours
2025-11-15 18:00:00+00:00,CAL,California,WND,Wind,2996,megawatthours
2025-11-15 19:00:00+00:00,CAL,California,WND,Wind,2919,megawatthours
2025-11-15 20:00:00+00:00,CAL,California,WND,Wind,2663,megawatthours
2025-11-15 21:00:00+00:00,CAL,California,WND,Wind,1449,megawatthours
2025-11-15 22:00:00+00:00,CAL,California,WND,Wind,932,megawatthours
2025-11-15 23:00:00+00:00,CAL,California,WND,Wind,828,megawatthours
2025-11-16 00:00:00+00:00,CAL,California,WND,Wind,1144,megawatthours
2025-11-16 01:00:00+00:00,CAL,California,WND,Wind,1795,megawatthours
2025-11-16 02:00:00+00:00,CAL,California,WND,Wind,1730,megawatthours
2025-11-16 03:00:00+00:00,CAL,California,WND,Wind,1411,megawatthours
2025-11-16 04:00:00+00:00,CAL,California,WND,Wind,1591,megawatthours
2025-11-16 05:00:00+00:00,CAL,California,WND,Wind,1533,megawatthours
2025-11-16 06:00:00+00:00,CAL,California,WND,Wind,1604,megawatthours
2025-11-16 07:00:00+00:00,CAL,California,WND,Wind,1798,megawatthours
2025-11-16 08:00:00+00:00,CAL,California,WND,Wind,2305,megawatthours
2025-11-16 09:00:00+00:00,CAL,California,WND,Wind,2339,megawatthours
2025-11-16 10:00:00+00:00,CAL,California,WND,Wind,2431,megawatthours
2025-11-16 11:00:00+00:00,CAL,California,WND,Wind,2405,megawatthours
2025-11-16 12:00:00+00:00,CAL,California,WND,Wind,2502,megawatthours
2025-11-16 13:00:00+00:00,CAL,California,WND,Wind,2573,megawatthours
2025-11-16 14:00:00+00:00,CAL,California,WND,Wind,2314,megawatthours
2025-11-16 15:00:00+00:00,CAL,California,WND,Wind,2236,megawatthours
2025-11-16 16:00:00+00:00,CAL,California,WND,Wind,2197,megawatthours
2025-11-16 17:00:00+00:00,CAL,California,WND,Wind,2068,megawatthours
2025-11-16 18:00:00+00:00,CAL,California,WND,Wind,1909,megawatthours
2025-11-16 19:00:00+00:00,CAL,California,WND,Wind,1744,megawatthours
2025-11-16 20:00:00+00:00,CAL,California,WND,Wind,1893,megawatthours
2025-11-16 21:00:00+00:00,CAL,California,WND,Wind,2360,megawatthours
2025-11-16 22:00:00+00:00,CAL,California,WND,Wind,2751,megawatthours
2025-11-16 23:00:00+00:00,CAL,California,WND,Wind,2824,megawatthours
2025-11-17 00:00:00+00:00,CAL,California,WND,Wind,2645,megawatthours
2025-11-17 01:00:00+00:00,CAL,California,WND,Wind,2660,megawatthours
2025-11-17 02:00:00+00:00,CAL,California,WND,Wind,2839,megawatthours
2025-11-17 03:00:00+00:00,CAL,California,WND,Wind,2899,megawatthours
2025-11-17 04:00:00+00:00,CAL,California,WND,Wind,2690,megawatthours
2025-11-17 05:00:00+00:00,CAL,California,WND,Wind,2609,megawatthours
2025-11-17 06:00:00+00:00,CAL,California,WND,Wind,2586,megawatthours
2025-11-17 07:00:00+00:00,CAL,California,WND,Wind,2637,megawatthours
2025-11-17 08:00:00+00:00,CAL,California,WND,Wind,2732,megawatthours
2025-11-17 09:00:00+00:00,CAL,California,WND,Wind,2866,megawatthours
2025-11-17 10:00:00+00:00,CAL,California,WND,Wind,2775,megawatthours
2025-11-17 11:00:00+00:00,CAL,California,WND,Wind,2484,megawatthours
2025-11-17 12:00:00+00:00,CAL,California,WND,Wind,2512,megawatthours
2025-11-17 13:00:00+00:00,CAL,California,WND,Wind,2679,megawatthours
2025-11-17 14:00:00+00:00,CAL,California,WND,Wind,2758,megawatthours
2025-11-17 15:00:00+00:00,CAL,California,WND,Wind,2537,megawatthours
2025-11-17 16:00:00+00:00,CAL,California,WND,Wind,2449,megawatthours
2025-11-17 17:00:00+00:00,CAL,California,WND,Wind,2351,megawatthours
2025-11-17 18:00:00+00:00,CAL,California,WND,Wind,2281,megawatthours
2025-11-17 19:00:00+00:00,CAL,California,WND,Wind,2494,megawatthours
2025-11-17 20:00:00+00:00,CAL,California,WND,Wind,2566,megawatthours
2025-11-17 21:00:00+00:00,CAL,California,WND,Wind,2590,megawatthours
2025-11-17 22:00:00+00:00,CAL,California,WND,Wind,2655,megawatthours
2025-11-17 23:00:00+00:00,CAL,California,WND,Wind,2282,megawatthours
2025-11-18 00:00:00+00:00,CAL,California,WND,Wind,2150,megawatthours
2025-11-18 01:00:00+00:00,CAL,California,WND,Wind,1824,megawatthours
2025-11-18 02:00:00+00:00,CAL,California,WND,Wind,1764,megawatthours
2025-11-18 03:00:00+00:00,CAL,California,WND,Wind,1984,megawatthours
2025-11-18 04:00:00+00:00,CAL,California,WND,Wind,2199,megawatthours
2025-11-18 05:00:00+00:00,CAL,California,WND,Wind,2079,megawatthours
2025-11-18 06:00:00+00:00,CAL,California,WND,Wind,1307,megawatthours
2025-11-18 07:00:00+00:00,CAL,California,WND,Wind,1118,megawatthours
2025-11-18 08:00:00+00:00,CAL,California,WND,Wind,1624,megawatthours
2025-11-18 09:00:00+00:00,CAL,California,WND,Wind,1683,megawatthours
2025-11-18 10:00:00+00:00,CAL,California,WND,Wind,1353,megawatthours
2025-11-18 11:00:00+00:00,CAL,California,WND,Wind,1282,megawatthours
2025-11-18 12:00:00+00:00,CAL,California,WND,Wind,1081,megawatthours
2025-11-18 13:00:00+00:00,CAL,California,WND,Wind,1125,megawatthours
2025-11-18 14:00:00+00:00,CAL,California,WND,Wind,1266,megawatthours
2025-11-18 15:00:00+00:00,CAL,California,WND,Wind,1221,megawatthours
2025-11-18 16:00:00+00:00,CAL,California,WND,Wind,1264,megawatthours
2025-11-18 17:00:00+00:00,CAL,California,WND,Wind,1159,megawatthours
2025-11-18 18:00:00+00:00,CAL,California,WND,Wind,1207,megawatthours
2025-11-18 19:00:00+00:00,CAL,California,WND,Wind,1361,megawatthours
2025-11-18 20:00:00+00:00,CAL,California,WND,Wind,1546,megawatthours
2025-11-18 21:00:00+00:00,CAL,California,WND,Wind,1659,megawatthours
2025-11-18 22:00:00+00:00,CAL,California,WND,Wind,1544,megawatthours
2025-11-18 23:00:00+00:00,CAL,California,WND,Wind,1283,megawatthours
2025-11-19 00:00:00+00:00,CAL,California,WND,Wind,1076,megawatthours
2025-11-19 01:00:00+00:00,CAL,California,WND,Wind,1075,megawatthours
2025-11-19 02:00:00+00:00,CAL,California,WND,Wind,1102,megawatthours
2025-11-19 03:00:00+00:00,CAL,California,WND,Wind,1235,megawatthours
2025-11-19 04:00:00+00:00,CAL,California,WND,Wind,1232,megawatthours
2025-11-19 05:00:00+00:00,CAL,California,WND,Wind,1268,megawatthours
2025-11-19 06:00:00+00:00,CAL,California,WND,Wind,1217,megawatthours
2025-11-19 07:00:00+00:00,CAL,California,WND,Wind,1198,megawatthours
2025-11-19 08:00:00+00:00,CAL,California,WND,Wind,1154,megawatthours
2025-11-19 09:00:00+00:00,CAL,California,WND,Wind,1280,megawatthours
2025-11-19 10:00:00+00:00,CAL,California,WND,Wind,1281,megawatthours
2025-11-19 11:00:00+00:00,CAL,California,WND,Wind,1253,megawatthours
2025-11-19 12:00:00+00:00,CAL,California,WND,Wind,898,megawatthours
2025-11-19 13:00:00+00:00,CAL,California,WND,Wind,772,megawatthours
2025-11-19 14:00:00+00:00,CAL,California,WND,Wind,725,megawatthours
2025-11-19 15:00:00+00:00,CAL,California,WND,Wind,530,megawatthours
2025-11-19 16:00:00+00:00,CAL,California,WND,Wind,511,megawatthours
2025-11-19 17:00:00+00:00,CAL,California,WND,Wind,359,megawatthours
2025-11-19 18:00:00+00:00,CAL,California,WND,Wind,342,megawatthours
2025-11-19 19:00:00+00:00,CAL,California,WND,Wind,538,megawatthours
2025-11-19 20:00:00+00:00,CAL,California,WND,Wind,686,megawatthours
2025-11-19 21:00:00+00:00,CAL,California,WND,Wind,727,megawatthours
2025-11-19 22:00:00+00:00,CAL,California,WND,Wind,813,megawatthours
2025-11-19 23:00:00+00:00,CAL,California,WND,Wind,730,megawatthours
2025-11-20 00:00:00+00:00,CAL,California,WND,Wind,674,megawatthours
2025-11-20 01:00:00+00:00,CAL,California,WND,Wind,589,megawatthours
2025-11-20 02:00:00+00:00,CAL,California,WND,Wind,716,megawatthours
2025-11-20 03:00:00+00:00,CAL,California,WND,Wind,1018,megawatthours
2025-11-20 04:00:00+00:00,CAL,California,WND,Wind,1276,megawatthours
2025-11-20 05:00:00+00:00,CAL,California,WND,Wind,1441,megawatthours
2025-11-20 06:00:00+00:00,CAL,California,WND,Wind,1413,megawatthours
2025-11-20 07:00:00+00:00,CAL,California,WND,Wind,1355,megawatthours
2025-11-20 08:00:00+00:00,CAL,California,WND,Wind,1558,megawatthours
2025-11-20 09:00:00+00:00,CAL,California,WND,Wind,1135,megawatthours
2025-11-20 10:00:00+00:00,CAL,California,WND,Wind,855,megawatthours
2025-11-20 11:00:00+00:00,CAL,California,WND,Wind,775,megawatthours
2025-11-20 12:00:00+00:00,CAL,California,WND,Wind,1102,megawatthours
2025-11-20 13:00:00+00:00,CAL,California,WND,Wind,1309,megawatthours
2025-11-20 14:00:00+00:00,CAL,California,WND,Wind,1304,megawatthours
2025-11-20 15:00:00+00:00,CAL,California,WND,Wind,896,megawatthours
2025-11-20 16:00:00+00:00,CAL,California,WND,Wind,668,megawatthours
2025-11-20 17:00:00+00:00,CAL,California,WND,Wind,745,megawatthours
2025-11-20 18:00:00+00:00,CAL,California,WND,Wind,1060,megawatthours
2025-11-20 19:00:00+00:00,CAL,California,WND,Wind,1354,megawatthours
2025-11-20 20:00:00+00:00,CAL,California,WND,Wind,1491,megawatthours
2025-11-20 21:00:00+00:00,CAL,California,WND,Wind,1901,megawatthours
2025-11-20 22:00:00+00:00,CAL,California,WND,Wind,1931,megawatthours
2025-11-20 23:00:00+00:00,CAL,California,WND,Wind,1675,megawatthours
2025-11-21 00:00:00+00:00,CAL,California,WND,Wind,1534,megawatthours
2025-11-21 01:00:00+00:00,CAL,California,WND,Wind,1511,megawatthours
2025-11-21 02:00:00+00:00,CAL,California,WND,Wind,1316,megawatthours
2025-11-21 03:00:00+00:00,CAL,California,WND,Wind,1560,megawatthours
2025-11-21 04:00:00+00:00,CAL,California,WND,Wind,1784,megawatthours
2025-11-21 05:00:00+00:00,CAL,California,WND,Wind,1619,megawatthours
2025-11-21 06:00:00+00:00,CAL,California,WND,Wind,1597,megawatthours
2025-11-21 07:00:00+00:00,CAL,California,WND,Wind,1545,megawatthours
2025-11-21 08:00:00+00:00,CAL,California,WND,Wind,1579,megawatthours
2025-11-21 09:00:00+00:00,CAL,California,WND,Wind,1767,megawatthours
2025-11-21 10:00:00+00:00,CAL,California,WND,Wind,1567,megawatthours
2025-11-21 11:00:00+00:00,CAL,California,WND,Wind,1746,megawatthours
2025-11-21 12:00:00+00:00,CAL,California,WND,Wind,2036,megawatthours
2025-11-21 13:00:00+00:00,CAL,California,WND,Wind,2362,megawatthours
2025-11-21 14:00:00+00:00,CAL,California,WND,Wind,2630,megawatthours
2025-11-21 15:00:00+00:00,CAL,California,WND,Wind,2727,megawatthours
2025-11-21 16:00:00+00:00,CAL,California,WND,Wind,2347,megawatthours
2025-11-21 17:00:00+00:00,CAL,California,WND,Wind,2311,megawatthours
2025-11-21 18:00:00+00:00,CAL,California,WND,Wind,2264,megawatthours
2025-11-21 19:00:00+00:00,CAL,California,WND,Wind,1944,megawatthours
2025-11-21 20:00:00+00:00,CAL,California,WND,Wind,1840,megawatthours
2025-11-21 21:00:00+00:00,CAL,California,WND,Wind,1807,megawatthours
2025-11-21 22:00:00+00:00,CAL,California,WND,Wind,1727,megawatthours
2025-11-21 23:00:00+00:00,CAL,California,WND,Wind,1758,megawatthours
2025-11-22 00:00:00+00:00,CAL,California,WND,Wind,1627,megawatthours
2025-11-22 01:00:00+00:00,CAL,California,WND,Wind,1524,megawatthours
2025-11-22 02:00:00+00:00,CAL,California,WND,Wind,1716,megawatthours
2025-11-22 03:00:00+00:00,CAL,California,WND,Wind,1482,megawatthours
2025-11-22 04:00:00+00:00,CAL,California,WND,Wind,1253,megawatthours
2025-11-22 05:00:00+00:00,CAL,California,WND,Wind,1101,megawatthours
2025-11-22 06:00:00+00:00,CAL,California,WND,Wind,961,megawatthours
2025-11-22 07:00:00+00:00,CAL,California,WND,Wind,872,megawatthours
2025-11-22 08:00:00+00:00,CAL,California,WND,Wind,900,megawatthours
2025-11-22 09:00:00+00:00,CAL,California,WND,Wind,800,megawatthours
2025-11-22 10:00:00+00:00,CAL,California,WND,Wind,679,megawatthours
2025-11-22 11:00:00+00:00,CAL,California,WND,Wind,709,megawatthours
2025-11-22 12:00:00+00:00,CAL,California,WND,Wind,813,megawatthours
2025-11-22 13:00:00+00:00,CAL,California,WND,Wind,837,megawatthours
2025-11-22 14:00:00+00:00,CAL,California,WND,Wind,1005,megawatthours
2025-11-22 15:00:00+00:00,CAL,California,WND,Wind,990,megawatthours
2025-11-22 16:00:00+00:00,CAL,California,WND,Wind,914,megawatthours
2025-11-22 17:00:00+00:00,CAL,California,WND,Wind,876,megawatthours
2025-11-22 18:00:00+00:00,CAL,California,WND,Wind,896,megawatthours
2025-11-22 19:00:00+00:00,CAL,California,WND,Wind,1001,megawatthours
2025-11-22 20:00:00+00:00,CAL,California,WND,Wind,1249,megawatthours
2025-11-22 21:00:00+00:00,CAL,California,WND,Wind,1399,megawatthours
2025-11-22 22:00:00+00:00,CAL,California,WND,Wind,1235,megawatthours
2025-11-22 23:00:00+00:00,CAL,California,WND,Wind,1294,megawatthours
2025-11-23 00:00:00+00:00,CAL,California,WND,Wind,1235,megawatthours
2025-11-23 01:00:00+00:00,CAL,California,WND,Wind,1021,megawatthours
2025-11-23 02:00:00+00:00,CAL,California,WND,Wind,866,megawatthours
2025-11-23 03:00:00+00:00,CAL,California,WND,Wind,856,megawatthours
2025-11-23 04:00:00+00:00,CAL,California,WND,Wind,937,megawatthours
2025-11-23 05:00:00+00:00,CAL,California,WND,Wind,1144,megawatthours
2025-11-23 06:00:00+00:00,CAL,California,WND,Wind,1255,megawatthours
2025-11-23 07:00:00+00:00,CAL,California,WND,Wind,1404,megawatthours
2025-11-23 08:00:00+00:00,CAL,California,WND,Wind,1649,megawatthours
2025-11-23 09:00:00+00:00,CAL,California,WND,Wind,1310,megawatthours
2025-11-23 10:00:00+00:00,CAL,California,WND,Wind,1296,megawatthours
2025-11-23 11:00:00+00:00,CAL,California,WND,Wind,1204,megawatthours
2025-11-23 12:00:00+00:00,CAL,California,WND,Wind,955,megawatthours
2025-11-23 13:00:00+00:00,CAL,California,WND,Wind,860,megawatthours
2025-11-23 14:00:00+00:00,CAL,California,WND,Wind,893,megawatthours
2025-11-23 15:00:00+00:00,CAL,California,WND,Wind,1101,megawatthours
2025-11-23 16:00:00+00:00,CAL,California,WND,Wind,1056,megawatthours
2025-11-23 17:00:00+00:00,CAL,California,WND,Wind,912,megawatthours
2025-11-23 18:00:00+00:00,CAL,California,WND,Wind,777,megawatthours
2025-11-23 19:00:00+00:00,CAL,California,WND,Wind,789,megawatthours
2025-11-23 20:00:00+00:00,CAL,California,WND,Wind,995,megawatthours
2025-11-23 21:00:00+00:00,CAL,California,WND,Wind,1105,megawatthours
2025-11-23 22:00:00+00:00,CAL,California,WND,Wind,1208,megawatthours
2025-11-23 23:00:00+00:00,CAL,California,WND,Wind,1346,megawatthours
2025-11-24 00:00:00+00:00,CAL,California,WND,Wind,1529,megawatthours
2025-11-24 01:00:00+00:00,CAL,California,WND,Wind,1697,megawatthours
2025-11-24 02:00:00+00:00,CAL,California,WND,Wind,1735,megawatthours
2025-11-24 03:00:00+00:00,CAL,California,WND,Wind,1909,megawatthours
2025-11-24 04:00:00+00:00,CAL,California,WND,Wind,2234,megawatthours
2025-11-24 05:00:00+00:00,CAL,California,WND,Wind,2259,megawatthours
2025-11-24 06:00:00+00:00,CAL,California,WND,Wind,2215,megawatthours
2025-11-24 07:00:00+00:00,CAL,California,WND,Wind,2294,megawatthours
2025-11-24 08:00:00+00:00,CAL,California,WND,Wind,2363,megawatthours
2025-11-24 09:00:00+00:00,CAL,California,WND,Wind,2277,megawatthours
2025-11-24 10:00:00+00:00,CAL,California,WND,Wind,2128,megawatthours
2025-11-24 11:00:00+00:00,CAL,California,WND,Wind,2072,megawatthours
2025-11-24 12:00:00+00:00,CAL,California,WND,Wind,2293,megawatthours
2025-11-24 13:00:00+00:00,CAL,California,WND,Wind,2332,megawatthours
2025-11-24 14:00:00+00:00,CAL,California,WND,Wind,2305,megawatthours
2025-11-24 15:00:00+00:00,CAL,California,WND,Wind,2248,megawatthours
2025-11-24 16:00:00+00:00,CAL,California,WND,Wind,2340,megawatthours
2025-11-24 17:00:00+00:00,CAL,California,WND,Wind,2066,megawatthours
2025-11-24 18:00:00+00:00,CAL,California,WND,Wind,1478,megawatthours
2025-11-24 19:00:00+00:00,CAL,California,WND,Wind,1207,megawatthours
2025-11-24 20:00:00+00:00,CAL,California,WND,Wind,1056,megawatthours
2025-11-24 21:00:00+00:00,CAL,California,WND,Wind,999,megawatthours
2025-11-24 22:00:00+00:00,CAL,California,WND,Wind,943,megawatthours
2025-11-24 23:00:00+00:00,CAL,California,WND,Wind,989,megawatthours
2025-11-25 00:00:00+00:00,CAL,California,WND,Wind,1072,megawatthours
2025-11-25 01:00:00+00:00,CAL,California,WND,Wind,1093,megawatthours
2025-11-25 02:00:00+00:00,CAL,California,WND,Wind,1136,megawatthours
2025-11-25 03:00:00+00:00,CAL,California,WND,Wind,1224,megawatthours
2025-11-25 04:00:00+00:00,CAL,California,WND,Wind,1383,megawatthours
2025-11-25 05:00:00+00:00,CAL,California,WND,Wind,1397,megawatthours
2025-11-25 06:00:00+00:00,CAL,California,WND,Wind,1341,megawatthours
2025-11-25 07:00:00+00:00,CAL,California,WND,Wind,1134,megawatthours
2025-11-25 08:00:00+00:00,CAL,California,WND,Wind,1201,megawatthours
2025-11-25 09:00:00+00:00,CAL,California,WND,Wind,1202,megawatthours
2025-11-25 10:00:00+00:00,CAL,California,WND,Wind,1190,megawatthours
2025-11-25 11:00:00+00:00,CAL,California,WND,Wind,1330,megawatthours
2025-11-25 12:00:00+00:00,CAL,California,WND,Wind,1703,megawatthours
2025-11-25 13:00:00+00:00,CAL,California,WND,Wind,1275,megawatthours
2025-11-25 14:00:00+00:00,CAL,California,WND,Wind,1151,megawatthours
2025-11-25 15:00:00+00:00,CAL,California,WND,Wind,1154,megawatthours
2025-11-25 16:00:00+00:00,CAL,California,WND,Wind,1055,megawatthours
2025-11-25 17:00:00+00:00,CAL,California,WND,Wind,964,megawatthours
2025-11-25 18:00:00+00:00,CAL,California,WND,Wind,876,megawatthours
2025-11-25 19:00:00+00:00,CAL,California,WND,Wind,747,megawatthours
2025-11-25 20:00:00+00:00,CAL,California,WND,Wind,566,megawatthours
2025-11-25 21:00:00+00:00,CAL,California,WND,Wind,485,megawatthours
2025-11-25 22:00:00+00:00,CAL,California,WND,Wind,555,megawatthours
2025-11-25 23:00:00+00:00,CAL,California,WND,Wind,593,megawatthours
2025-11-26 00:00:00+00:00,CAL,California,WND,Wind,457,megawatthours
2025-11-26 01:00:00+00:00,CAL,California,WND,Wind,451,megawatthours
2025-11-26 02:00:00+00:00,CAL,California,WND,Wind,544,megawatthours
2025-11-26 03:00:00+00:00,CAL,California,WND,Wind,701,megawatthours
2025-11-26 04:00:00+00:00,CAL,California,WND,Wind,691,megawatthours
2025-11-26 05:00:00+00:00,CAL,California,WND,Wind,735,megawatthours
2025-11-26 06:00:00+00:00,CAL,California,WND,Wind,748,megawatthours
2025-11-26 07:00:00+00:00,CAL,California,WND,Wind,794,megawatthours
2025-11-26 08:00:00+00:00,CAL,California,WND,Wind,803,megawatthours
2025-11-26 09:00:00+00:00,CAL,California,WND,Wind,764,megawatthours
2025-11-26 10:00:00+00:00,CAL,California,WND,Wind,683,megawatthours
2025-11-26 11:00:00+00:00,CAL,California,WND,Wind,628,megawatthours
2025-11-26 12:00:00+00:00,CAL,California,WND,Wind,618,megawatthours
2025-11-26 13:00:00+00:00,CAL,California,WND,Wind,545,megawatthours
2025-11-26 14:00:00+00:00,CAL,California,WND,Wind,494,megawatthours
2025-11-26 15:00:00+00:00,CAL,California,WND,Wind,618,megawatthours
2025-11-26 16:00:00+00:00,CAL,California,WND,Wind,745,megawatthours
2025-11-26 17:00:00+00:00,CAL,California,WND,Wind,733,megawatthours
2025-11-26 18:00:00+00:00,CAL,California,WND,Wind,757,megawatthours
2025-11-26 19:00:00+00:00,CAL,California,WND,Wind,999,megawatthours
2025-11-26 20:00:00+00:00,CAL,California,WND,Wind,1261,megawatthours
2025-11-26 21:00:00+00:00,CAL,California,WND,Wind,1342,megawatthours
2025-11-26 22:00:00+00:00,CAL,California,WND,Wind,1374,megawatthours
2025-11-26 23:00:00+00:00,CAL,California,WND,Wind,1334,megawatthours
2025-11-27 00:00:00+00:00,CAL,California,WND,Wind,1197,megawatthours
2025-11-27 01:00:00+00:00,CAL,California,WND,Wind,1084,megawatthours
2025-11-27 02:00:00+00:00,CAL,California,WND,Wind,1135,megawatthours
2025-11-27 03:00:00+00:00,CAL,California,WND,Wind,1219,megawatthours
2025-11-27 04:00:00+00:00,CAL,California,WND,Wind,1224,megawatthours
2025-11-27 05:00:00+00:00,CAL,California,WND,Wind,1395,megawatthours
2025-11-27 06:00:00+00:00,CAL,California,WND,Wind,1340,megawatthours
2025-11-27 07:00:00+00:00,CAL,California,WND,Wind,1239,megawatthours
2025-11-27 08:00:00+00:00,CAL,California,WND,Wind,1082,megawatthours
2025-11-27 09:00:00+00:00,CAL,California,WND,Wind,951,megawatthours
2025-11-27 10:00:00+00:00,CAL,California,WND,Wind,940,megawatthours
2025-11-27 11:00:00+00:00,CAL,California,WND,Wind,928,megawatthours
2025-11-27 12:00:00+00:00,CAL,California,WND,Wind,842,megawatthours
2025-11-27 13:00:00+00:00,CAL,California,WND,Wind,720,megawatthours
2025-11-27 14:00:00+00:00,CAL,California,WND,Wind,577,megawatthours
2025-11-27 15:00:00+00:00,CAL,California,WND,Wind,549,megawatthours
2025-11-27 16:00:00+00:00,CAL,California,WND,Wind,552,megawatthours
2025-11-27 17:00:00+00:00,CAL,California,WND,Wind,442,megawatthours
2025-11-27 18:00:00+00:00,CAL,California,WND,Wind,349,megawatthours
2025-11-27 19:00:00+00:00,CAL,California,WND,Wind,331,megawatthours
2025-11-27 20:00:00+00:00,CAL,California,WND,Wind,302,megawatthours
2025-11-27 21:00:00+00:00,CAL,California,WND,Wind,302,megawatthours
2025-11-27 22:00:00+00:00,CAL,California,WND,Wind,275,megawatthours
2025-11-27 23:00:00+00:00,CAL,California,WND,Wind,303,megawatthours
2025-11-28 00:00:00+00:00,CAL,California,WND,Wind,290,megawatthours
2025-11-28 01:00:00+00:00,CAL,California,WND,Wind,365,megawatthours
2025-11-28 02:00:00+00:00,CAL,California,WND,Wind,391,megawatthours
2025-11-28 03:00:00+00:00,CAL,California,WND,Wind,400,megawatthours
2025-11-28 04:00:00+00:00,CAL,California,WND,Wind,368,megawatthours
2025-11-28 05:00:00+00:00,CAL,California,WND,Wind,429,megawatthours
2025-11-28 06:00:00+00:00,CAL,California,WND,Wind,572,megawatthours
2025-11-28 07:00:00+00:00,CAL,California,WND,Wind,602,megawatthours
2025-11-28 08:00:00+00:00,CAL,California,WND,Wind,557,megawatthours
2025-11-28 09:00:00+00:00,CAL,California,WND,Wind,726,megawatthours
2025-11-28 10:00:00+00:00,CAL,California,WND,Wind,730,megawatthours
2025-11-28 11:00:00+00:00,CAL,California,WND,Wind,878,megawatthours
2025-11-28 12:00:00+00:00,CAL,California,WND,Wind,1090,megawatthours
2025-11-28 13:00:00+00:00,CAL,California,WND,Wind,1207,megawatthours
2025-11-28 14:00:00+00:00,CAL,California,WND,Wind,1371,megawatthours
2025-11-28 15:00:00+00:00,CAL,California,WND,Wind,1509,megawatthours
2025-11-28 16:00:00+00:00,CAL,California,WND,Wind,1954,megawatthours
2025-11-28 17:00:00+00:00,CAL,California,WND,Wind,1982,megawatthours
2025-11-28 18:00:00+00:00,CAL,California,WND,Wind,1925,megawatthours
2025-11-28 19:00:00+00:00,CAL,California,WND,Wind,2227,megawatthours
2025-11-28 20:00:00+00:00,CAL,California,WND,Wind,2266,megawatthours
2025-11-28 21:00:00+00:00,CAL,California,WND,Wind,2361,megawatthours
2025-11-28 22:00:00+00:00,CAL,California,WND,Wind,2472,megawatthours
2025-11-28 23:00:00+00:00,CAL,California,WND,Wind,2308,megawatthours
2025-11-29 00:00:00+00:00,CAL,California,WND,Wind,2000,megawatthours
2025-11-29 01:00:00+00:00,CAL,California,WND,Wind,2083,megawatthours
2025-11-29 02:00:00+00:00,CAL,California,WND,Wind,2196,megawatthours
2025-11-29 03:00:00+00:00,CAL,California,WND,Wind,2058,megawatthours
2025-11-29 04:00:00+00:00,CAL,California,WND,Wind,1985,megawatthours
2025-11-29 05:00:00+00:00,CAL,California,WND,Wind,2683,megawatthours
2025-11-29 06:00:00+00:00,CAL,California,WND,Wind,3365,megawatthours
2025-11-29 07:00:00+00:00,CAL,California,WND,Wind,3073,megawatthours
2025-11-29 08:00:00+00:00,CAL,California,WND,Wind,2369,megawatthours
2025-11-29 09:00:00+00:00,CAL,California,WND,Wind,2125,megawatthours
2025-11-29 10:00:00+00:00,CAL,California,WND,Wind,1934,megawatthours
2025-11-29 11:00:00+00:00,CAL,California,WND,Wind,1662,megawatthours
2025-11-29 12:00:00+00:00,CAL,California,WND,Wind,1294,megawatthours
2025-11-29 13:00:00+00:00,CAL,California,WND,Wind,1193,megawatthours
2025-11-29 14:00:00+00:00,CAL,California,WND,Wind,1053,megawatthours
2025-11-29 15:00:00+00:00,CAL,California,WND,Wind,962,megawatthours
2025-11-29 16:00:00+00:00,CAL,California,WND,Wind,914,megawatthours
2025-11-29 17:00:00+00:00,CAL,California,WND,Wind,929,megawatthours
2025-11-29 18:00:00+00:00,CAL,California,WND,Wind,1003,megawatthours
2025-11-29 19:00:00+00:00,CAL,California,WND,Wind,820,megawatthours
2025-11-29 20:00:00+00:00,CAL,California,WND,Wind,623,megawatthours
2025-11-29 21:00:00+00:00,CAL,California,WND,Wind,522,megawatthours
2025-11-29 22:00:00+00:00,CAL,California,WND,Wind,479,megawatthours
2025-11-29 23:00:00+00:00,CAL,California,WND,Wind,505,megawatthours
2025-11-30 00:00:00+00:00,CAL,California,WND,Wind,654,megawatthours
2025-11-30 01:00:00+00:00,CAL,California,WND,Wind,700,megawatthours
2025-11-30 02:00:00+00:00,CAL,California,WND,Wind,597,megawatthours
2025-11-30 03:00:00+00:00,CAL,California,WND,Wind,532,megawatthours
2025-11-30 04:00:00+00:00,CAL,California,WND,Wind,551,megawatthours
2025-11-30 05:00:00+00:00,CAL,California,WND,Wind,619,megawatthours
2025-11-30 06:00:00+00:00,CAL,California,WND,Wind,736,megawatthours
2025-11-30 07:00:00+00:00,CAL,California,WND,Wind,853,megawatthours
2025-11-30 08:00:00+00:00,CAL,California,WND,Wind,1186,megawatthours
2025-11-30 09:00:00+00:00,CAL,California,WND,Wind,1296,megawatthours
2025-11-30 10:00:00+00:00,CAL,California,WND,Wind,1218,megawatthours
2025-11-30 11:00:00+00:00,CAL,California,WND,Wind,1257,megawatthours
2025-11-30 12:00:00+00:00,CAL,California,WND,Wind,1637,megawatthours
2025-11-30 13:00:00+00:00,CAL,California,WND,Wind,1913,megawatthours
2025-11-30 14:00:00+00:00,CAL,California,WND,Wind,2375,megawatthours
2025-11-30 15:00:00+00:00,CAL,California,WND,Wind,2020,megawatthours
2025-11-30 16:00:00+00:00,CAL,California,WND,Wind,2115,megawatthours
2025-11-30 17:00:00+00:00,CAL,California,WND,Wind,2300,megawatthours
2025-11-30 18:00:00+00:00,CAL,California,WND,Wind,2396,megawatthours
2025-11-30 19:00:00+00:00,CAL,California,WND,Wind,2503,megawatthours
2025-11-30 20:00:00+00:00,CAL,California,WND,Wind,2857,megawatthours
2025-11-30 21:00:00+00:00,CAL,California,WND,Wind,2849,megawatthours
2025-11-30 22:00:00+00:00,CAL,California,WND,Wind,2862,megawatthours
2025-11-30 23:00:00+00:00,CAL,California,WND,Wind,2731,megawatthours
2025-12-01 00:00:00+00:00,CAL,California,WND,Wind,2989,megawatthours
2025-12-01 01:00:00+00:00,CAL,California,WND,Wind,3047,megawatthours
2025-12-01 02:00:00+00:00,CAL,California,WND,Wind,2935,megawatthours
2025-12-01 03:00:00+00:00,CAL,California,WND,Wind,2864,megawatthours
2025-12-01 04:00:00+00:00,CAL,California,WND,Wind,2400,megawatthours
2025-12-01 05:00:00+00:00,CAL,California,WND,Wind,1484,megawatthours
2025-12-01 06:00:00+00:00,CAL,California,WND,Wind,1175,megawatthours
2025-12-01 07:00:00+00:00,CAL,California,WND,Wind,1180,megawatthours
2025-12-01 08:00:00+00:00,CAL,California,WND,Wind,1176,megawatthours
2025-12-01 09:00:00+00:00,CAL,California,WND,Wind,1208,megawatthours
2025-12-01 10:00:00+00:00,CAL,California,WND,Wind,1273,megawatthours
2025-12-01 11:00:00+00:00,CAL,California,WND,Wind,1508,megawatthours
2025-12-01 12:00:00+00:00,CAL,California,WND,Wind,1842,megawatthours
2025-12-01 13:00:00+00:00,CAL,California,WND,Wind,1902,megawatthours
2025-12-01 14:00:00+00:00,CAL,California,WND,Wind,1978,megawatthours
2025-12-01 15:00:00+00:00,CAL,California,WND,Wind,1880,megawatthours
2025-12-01 16:00:00+00:00,CAL,California,WND,Wind,1893,megawatthours
2025-12-01 17:00:00+00:00,CAL,California,WND,Wind,1793,megawatthours
2025-12-01 18:00:00+00:00,CAL,California,WND,Wind,1692,megawatthours
2025-12-01 19:00:00+00:00,CAL,California,WND,Wind,1693,megawatthours
2025-12-01 20:00:00+00:00,CAL,California,WND,Wind,1797,megawatthours
2025-12-01 21:00:00+00:00,CAL,California,WND,Wind,1685,megawatthours
2025-12-01 22:00:00+00:00,CAL,California,WND,Wind,1471,megawatthours
2025-12-01 23:00:00+00:00,CAL,California,WND,Wind,1326,megawatthours
2025-12-02 00:00:00+00:00,CAL,California,WND,Wind,1185,megawatthours
2025-12-02 01:00:00+00:00,CAL,California,WND,Wind,1053,megawatthours
2025-12-02 02:00:00+00:00,CAL,California,WND,Wind,942,megawatthours
2025-12-02 03:00:00+00:00,CAL,California,WND,Wind,790,megawatthours
2025-12-02 04:00:00+00:00,CAL,California,WND,Wind,722,megawatthours
2025-12-02 05:00:00+00:00,CAL,California,WND,Wind,806,megawatthours
2025-12-02 06:00:00+00:00,CAL,California,WND,Wind,917,megawatthours
2025-12-02 07:00:00+00:00,CAL,California,WND,Wind,1055,megawatthours
2025-12-02 08:00:00+00:00,CAL,California,WND,Wind,1041,megawatthours
2025-12-02 09:00:00+00:00,CAL,California,WND,Wind,999,megawatthours
2025-12-02 10:00:00+00:00,CAL,California,WND,Wind,1005,megawatthours
2025-12-02 11:00:00+00:00,CAL,California,WND,Wind,951,megawatthours
2025-12-02 12:00:00+00:00,CAL,California,WND,Wind,790,megawatthours
2025-12-02 13:00:00+00:00,CAL,California,WND,Wind,749,megawatthours
2025-12-02 14:00:00+00:00,CAL,California,WND,Wind,728,megawatthours
2025-12-02 15:00:00+00:00,CAL,California,WND,Wind,731,megawatthours
2025-12-02 16:00:00+00:00,CAL,California,WND,Wind,739,megawatthours
2025-12-02 17:00:00+00:00,CAL,California,WND,Wind,788,megawatthours
2025-12-02 18:00:00+00:00,CAL,California,WND,Wind,868,megawatthours
2025-12-02 19:00:00+00:00,CAL,California,WND,Wind,624,megawatthours
2025-12-02 20:00:00+00:00,CAL,California,WND,Wind,639,megawatthours
2025-12-02 21:00:00+00:00,CAL,California,WND,Wind,671,megawatthours
2025-12-02 22:00:00+00:00,CAL,California,WND,Wind,1120,megawatthours
2025-12-02 23:00:00+00:00,CAL,California,WND,Wind,1584,megawatthours
2025-12-03 00:00:00+00:00,CAL,California,WND,Wind,2811,megawatthours
2025-12-03 01:00:00+00:00,CAL,California,WND,Wind,2849,megawatthours
2025-12-03 02:00:00+00:00,CAL,California,WND,Wind,3157,megawatthours
2025-12-03 03:00:00+00:00,CAL,California,WND,Wind,3720,megawatthours
2025-12-03 04:00:00+00:00,CAL,California,WND,Wind,3865,megawatthours
2025-12-03 05:00:00+00:00,CAL,California,WND,Wind,3345,megawatthours
2025-12-03 06:00:00+00:00,CAL,California,WND,Wind,3196,megawatthours
2025-12-03 07:00:00+00:00,CAL,California,WND,Wind,2822,megawatthours
2025-12-03 08:00:00+00:00,CAL,California,WND,Wind,2476,megawatthours
2025-12-03 09:00:00+00:00,CAL,California,WND,Wind,2235,megawatthours
2025-12-03 10:00:00+00:00,CAL,California,WND,Wind,2205,megawatthours
2025-12-03 11:00:00+00:00,CAL,California,WND,Wind,2522,megawatthours
2025-12-03 12:00:00+00:00,CAL,California,WND,Wind,2142,megawatthours
2025-12-03 13:00:00+00:00,CAL,California,WND,Wind,1747,megawatthours
2025-12-03 14:00:00+00:00,CAL,California,WND,Wind,1641,megawatthours
2025-12-03 15:00:00+00:00,CAL,California,WND,Wind,1666,megawatthours
2025-12-03 16:00:00+00:00,CAL,California,WND,Wind,1732,megawatthours
2025-12-03 17:00:00+00:00,CAL,California,WND,Wind,1704,megawatthours
2025-12-03 18:00:00+00:00,CAL,California,WND,Wind,1875,megawatthours
2025-12-03 19:00:00+00:00,CAL,California,WND,Wind,2094,megawatthours
2025-12-03 20:00:00+00:00,CAL,California,WND,Wind,2098,megawatthours
2025-12-03 21:00:00+00:00,CAL,California,WND,Wind,1983,megawatthours
2025-12-03 22:00:00+00:00,CAL,California,WND,Wind,1834,megawatthours
2025-12-03 23:00:00+00:00,CAL,California,WND,Wind,1707,megawatthours
2025-12-04 00:00:00+00:00,CAL,California,WND,Wind,1513,megawatthours
2025-12-04 01:00:00+00:00,CAL,California,WND,Wind,1324,megawatthours
2025-12-04 02:00:00+00:00,CAL,California,WND,Wind,1170,megawatthours
2025-12-04 03:00:00+00:00,CAL,California,WND,Wind,1045,megawatthours
2025-12-04 04:00:00+00:00,CAL,California,WND,Wind,849,megawatthours
2025-12-04 05:00:00+00:00,CAL,California,WND,Wind,750,megawatthours
2025-12-04 06:00:00+00:00,CAL,California,WND,Wind,710,megawatthours
2025-12-04 07:00:00+00:00,CAL,California,WND,Wind,716,megawatthours
2025-12-04 08:00:00+00:00,CAL,California,WND,Wind,790,megawatthours
2025-12-04 09:00:00+00:00,CAL,California,WND,Wind,848,megawatthours
2025-12-04 10:00:00+00:00,CAL,California,WND,Wind,748,megawatthours
2025-12-04 11:00:00+00:00,CAL,California,WND,Wind,789,megawatthours
2025-12-04 12:00:00+00:00,CAL,California,WND,Wind,768,megawatthours
2025-12-04 13:00:00+00:00,CAL,California,WND,Wind,718,megawatthours
2025-12-04 14:00:00+00:00,CAL,California,WND,Wind,613,megawatthours
2025-12-04 15:00:00+00:00,CAL,California,WND,Wind,591,megawatthours
2025-12-04 16:00:00+00:00,CAL,California,WND,Wind,545,megawatthours
2025-12-04 17:00:00+00:00,CAL,California,WND,Wind,510,megawatthours
2025-12-04 18:00:00+00:00,CAL,California,WND,Wind,706,megawatthours
2025-12-04 19:00:00+00:00,CAL,California,WND,Wind,778,megawatthours
2025-12-04 20:00:00+00:00,CAL,California,WND,Wind,895,megawatthours
2025-12-04 21:00:00+00:00,CAL,California,WND,Wind,969,megawatthours
2025-12-04 22:00:00+00:00,CAL,California,WND,Wind,900,megawatthours
2025-12-04 23:00:00+00:00,CAL,California,WND,Wind,873,megawatthours
2025-12-05 00:00:00+00:00,CAL,California,WND,Wind,869,megawatthours
2025-12-05 01:00:00+00:00,CAL,California,WND,Wind,939,megawatthours
2025-12-05 02:00:00+00:00,CAL,California,WND,Wind,1049,megawatthours
2025-12-05 03:00:00+00:00,CAL,California,WND,Wind,1168,megawatthours
2025-12-05 04:00:00+00:00,CAL,California,WND,Wind,1269,megawatthours
2025-12-05 05:00:00+00:00,CAL,California,WND,Wind,1251,megawatthours
2025-12-05 06:00:00+00:00,CAL,California,WND,Wind,1188,megawatthours
2025-12-05 07:00:00+00:00,CAL,California,WND,Wind,1170,megawatthours
2025-12-05 08:00:00+00:00,CAL,California,WND,Wind,1220,megawatthours
2025-12-05 09:00:00+00:00,CAL,California,WND,Wind,1249,megawatthours
2025-12-05 10:00:00+00:00,CAL,California,WND,Wind,1217,megawatthours
2025-12-05 11:00:00+00:00,CAL,California,WND,Wind,1259,megawatthours
2025-12-05 12:00:00+00:00,CAL,California,WND,Wind,1244,megawatthours
2025-12-05 13:00:00+00:00,CAL,California,WND,Wind,1232,megawatthours
2025-12-05 14:00:00+00:00,CAL,California,WND,Wind,1245,megawatthours
2025-12-05 15:00:00+00:00,CAL,California,WND,Wind,1370,megawatthours
2025-12-05 16:00:00+00:00,CAL,California,WND,Wind,1269,megawatthours
2025-12-05 17:00:00+00:00,CAL,California,WND,Wind,1191,megawatthours
2025-12-05 18:00:00+00:00,CAL,California,WND,Wind,1167,megawatthours
2025-12-05 19:00:00+00:00,CAL,California,WND,Wind,1138,megawatthours
2025-12-05 20:00:00+00:00,CAL,California,WND,Wind,1160,megawatthours
2025-12-05 21:00:00+00:00,CAL,California,WND,Wind,1065,megawatthours
2025-12-05 22:00:00+00:00,CAL,California,WND,Wind,978,megawatthours
2025-12-05 23:00:00+00:00,CAL,California,WND,Wind,952,megawatthours
2025-12-06 00:00:00+00:00,CAL,California,WND,Wind,922,megawatthours
2025-12-06 01:00:00+00:00,CAL,California,WND,Wind,944,megawatthours
2025-12-06 02:00:00+00:00,CAL,California,WND,Wind,1093,megawatthours
2025-12-06 03:00:00+00:00,CAL,California,WND,Wind,1284,megawatthours
2025-12-06 04:00:00+00:00,CAL,California,WND,Wind,1365,megawatthours
2025-12-06 05:00:00+00:00,CAL,California,WND,Wind,1413,megawatthours
2025-12-06 06:00:00+00:00,CAL,California,WND,Wind,1430,megawatthours
2025-12-06 07:00:00+00:00,CAL,California,WND,Wind,1412,megawatthours
2025-12-06 08:00:00+00:00,CAL,California,WND,Wind,1422,megawatthours
2025-12-06 09:00:00+00:00,CAL,California,WND,Wind,1471,megawatthours
2025-12-06 10:00:00+00:00,CAL,California,WND,Wind,1554,megawatthours
2025-12-06 11:00:00+00:00,CAL,California,WND,Wind,1873,megawatthours
2025-12-06 12:00:00+00:00,CAL,California,WND,Wind,1868,megawatthours
2025-12-06 13:00:00+00:00,CAL,California,WND,Wind,2140,megawatthours
2025-12-06 14:00:00+00:00,CAL,California,WND,Wind,1872,megawatthours
2025-12-06 15:00:00+00:00,CAL,California,WND,Wind,1894,megawatthours
2025-12-06 16:00:00+00:00,CAL,California,WND,Wind,1898,megawatthours
2025-12-06 17:00:00+00:00,CAL,California,WND,Wind,1717,megawatthours
2025-12-06 18:00:00+00:00,CAL,California,WND,Wind,1843,megawatthours
2025-12-06 19:00:00+00:00,CAL,California,WND,Wind,1965,megawatthours
2025-12-06 20:00:00+00:00,CAL,California,WND,Wind,1924,megawatthours
2025-12-06 21:00:00+00:00,CAL,California,WND,Wind,1712,megawatthours
2025-12-06 22:00:00+00:00,CAL,California,WND,Wind,1617,megawatthours
2025-12-06 23:00:00+00:00,CAL,California,WND,Wind,1677,megawatthours
2025-12-07 00:00:00+00:00,CAL,California,WND,Wind,1781,megawatthours
2025-12-07 01:00:00+00:00,CAL,California,WND,Wind,1760,megawatthours
2025-12-07 02:00:00+00:00,CAL,California,WND,Wind,1815,megawatthours
2025-12-07 03:00:00+00:00,CAL,California,WND,Wind,1849,megawatthours
2025-12-07 04:00:00+00:00,CAL,California,WND,Wind,2251,megawatthours
2025-12-07 05:00:00+00:00,CAL,California,WND,Wind,1798,megawatthours
2025-12-07 06:00:00+00:00,CAL,California,WND,Wind,1263,megawatthours
2025-12-07 07:00:00+00:00,CAL,California,WND,Wind,959,megawatthours
2025-12-07 08:00:00+00:00,CAL,California,WND,Wind,831,megawatthours
2025-12-07 09:00:00+00:00,CAL,California,WND,Wind,764,megawatthours
2025-12-07 10:00:00+00:00,CAL,California,WND,Wind,586,megawatthours
2025-12-07 11:00:00+00:00,CAL,California,WND,Wind,569,megawatthours
2025-12-07 12:00:00+00:00,CAL,California,WND,Wind,750,megawatthours
2025-12-07 13:00:00+00:00,CAL,California,WND,Wind,1016,megawatthours
2025-12-07 14:00:00+00:00,CAL,California,WND,Wind,976,megawatthours
2025-12-07 15:00:00+00:00,CAL,California,WND,Wind,870,megawatthours
2025-12-07 16:00:00+00:00,CAL,California,WND,Wind,586,megawatthours
2025-12-07 17:00:00+00:00,CAL,California,WND,Wind,562,megawatthours
2025-12-07 18:00:00+00:00,CAL,California,WND,Wind,578,megawatthours
2025-12-07 19:00:00+00:00,CAL,California,WND,Wind,636,megawatthours
2025-12-07 20:00:00+00:00,CAL,California,WND,Wind,611,megawatthours
2025-12-07 21:00:00+00:00,CAL,California,WND,Wind,770,megawatthours
2025-12-07 22:00:00+00:00,CAL,California,WND,Wind,829,megawatthours
2025-12-07 23:00:00+00:00,CAL,California,WND,Wind,888,megawatthours
2025-12-08 00:00:00+00:00,CAL,California,WND,Wind,870,megawatthours
2025-12-08 01:00:00+00:00,CAL,California,WND,Wind,829,megawatthours
2025-12-08 02:00:00+00:00,CAL,California,WND,Wind,730,megawatthours
2025-12-08 03:00:00+00:00,CAL,California,WND,Wind,986,megawatthours
2025-12-08 04:00:00+00:00,CAL,California,WND,Wind,1186,megawatthours
2025-12-08 05:00:00+00:00,CAL,California,WND,Wind,1031,megawatthours
2025-12-08 06:00:00+00:00,CAL,California,WND,Wind,907,megawatthours
2025-12-08 07:00:00+00:00,CAL,California,WND,Wind,831,megawatthours
2025-12-08 08:00:00+00:00,CAL,California,WND,Wind,919,megawatthours
2025-12-08 09:00:00+00:00,CAL,California,WND,Wind,942,megawatthours
2025-12-08 10:00:00+00:00,CAL,California,WND,Wind,1005,megawatthours
2025-12-08 11:00:00+00:00,CAL,California,WND,Wind,957,megawatthours
2025-12-08 12:00:00+00:00,CAL,California,WND,Wind,1114,megawatthours
2025-12-08 13:00:00+00:00,CAL,California,WND,Wind,1146,megawatthours
2025-12-08 14:00:00+00:00,CAL,California,WND,Wind,1215,megawatthours
2025-12-08 15:00:00+00:00,CAL,California,WND,Wind,1175,megawatthours
2025-12-08 16:00:00+00:00,CAL,California,WND,Wind,1036,megawatthours
2025-12-08 17:00:00+00:00,CAL,California,WND,Wind,904,megawatthours
2025-12-08 18:00:00+00:00,CAL,California,WND,Wind,885,megawatthours
2025-12-08 19:00:00+00:00,CAL,California,WND,Wind,974,megawatthours
2025-12-08 20:00:00+00:00,CAL,California,WND,Wind,1026,megawatthours
2025-12-08 21:00:00+00:00,CAL,California,WND,Wind,1031,megawatthours
2025-12-08 22:00:00+00:00,CAL,California,WND,Wind,1049,megawatthours
2025-12-08 23:00:00+00:00,CAL,California,WND,Wind,911,megawatthours
2025-12-09 00:00:00+00:00,CAL,California,WND,Wind,979,megawatthours
2025-12-09 01:00:00+00:00,CAL,California,WND,Wind,1015,megawatthours
2025-12-09 02:00:00+00:00,CAL,California,WND,Wind,1146,megawatthours
2025-12-09 03:00:00+00:00,CAL,California,WND,Wind,1305,megawatthours
2025-12-09 04:00:00+00:00,CAL,California,WND,Wind,1273,megawatthours
2025-12-09 05:00:00+00:00,CAL,California,WND,Wind,1223,megawatthours
2025-12-09 06:00:00+00:00,CAL,California,WND,Wind,1219,megawatthours
2025-12-09 07:00:00+00:00,CAL,California,WND,Wind,1285,megawatthours
2025-12-09 08:00:00+00:00,CAL,California,WND,Wind,1311,megawatthours
2025-12-09 09:00:00+00:00,CAL,California,WND,Wind,1251,megawatthours
2025-12-09 10:00:00+00:00,CAL,California,WND,Wind,1296,megawatthours
2025-12-09 11:00:00+00:00,CAL,California,WND,Wind,1318,megawatthours
2025-12-09 12:00:00+00:00,CAL,California,WND,Wind,1303,megawatthours
2025-12-09 13:00:00+00:00,CAL,California,WND,Wind,1311,megawatthours
2025-12-09 14:00:00+00:00,CAL,California,WND,Wind,1283,megawatthours
2025-12-09 15:00:00+00:00,CAL,California,WND,Wind,1256,megawatthours
2025-12-09 16:00:00+00:00,CAL,California,WND,Wind,1189,megawatthours
2025-12-09 17:00:00+00:00,CAL,California,WND,Wind,1124,megawatthours
2025-12-09 18:00:00+00:00,CAL,California,WND,Wind,1089,megawatthours
2025-12-09 19:00:00+00:00,CAL,California,WND,Wind,1108,megawatthours
2025-12-09 20:00:00+00:00,CAL,California,WND,Wind,1114,megawatthours
2025-12-09 21:00:00+00:00,CAL,California,WND,Wind,1145,megawatthours
2025-12-09 22:00:00+00:00,CAL,California,WND,Wind,1122,megawatthours
2025-12-09 23:00:00+00:00,CAL,California,WND,Wind,1062,megawatthours
2025-12-10 00:00:00+00:00,CAL,California,WND,Wind,1044,megawatthours
2025-12-10 01:00:00+00:00,CAL,California,WND,Wind,1150,megawatthours
2025-12-10 02:00:00+00:00,CAL,California,WND,Wind,1236,megawatthours
2025-12-10 03:00:00+00:00,CAL,California,WND,Wind,1231,megawatthours
2025-12-10 04:00:00+00:00,CAL,California,WND,Wind,1201,megawatthours
2025-12-10 05:00:00+00:00,CAL,California,WND,Wind,1247,megawatthours
2025-12-10 06:00:00+00:00,CAL,California,WND,Wind,1226,megawatthours
2025-12-10 07:00:00+00:00,CAL,California,WND,Wind,1138,megawatthours
2025-12-10 08:00:00+00:00,CAL,California,WND,Wind,1166,megawatthours
2025-12-10 09:00:00+00:00,CAL,California,WND,Wind,1344,megawatthours
2025-12-10 10:00:00+00:00,CAL,California,WND,Wind,1351,megawatthours
2025-12-10 11:00:00+00:00,CAL,California,WND,Wind,1190,megawatthours
2025-12-10 12:00:00+00:00,CAL,California,WND,Wind,957,megawatthours
2025-12-10 13:00:00+00:00,CAL,California,WND,Wind,873,megawatthours
2025-12-10 14:00:00+00:00,CAL,California,WND,Wind,797,megawatthours
2025-12-10 15:00:00+00:00,CAL,California,WND,Wind,651,megawatthours
2025-12-10 16:00:00+00:00,CAL,California,WND,Wind,520,megawatthours
2025-12-10 17:00:00+00:00,CAL,California,WND,Wind,517,megawatthours
2025-12-10 18:00:00+00:00,CAL,California,WND,Wind,445,megawatthours
2025-12-10 19:00:00+00:00,CAL,California,WND,Wind,496,megawatthours
2025-12-10 20:00:00+00:00,CAL,California,WND,Wind,615,megawatthours
2025-12-10 21:00:00+00:00,CAL,California,WND,Wind,730,megawatthours
2025-12-10 22:00:00+00:00,CAL,California,WND,Wind,631,megawatthours
2025-12-10 23:00:00+00:00,CAL,California,WND,Wind,678,megawatthours
2025-12-11 00:00:00+00:00,CAL,California,WND,Wind,780,megawatthours
2025-12-11 01:00:00+00:00,CAL,California,WND,Wind,941,megawatthours
2025-12-11 02:00:00+00:00,CAL,California,WND,Wind,1092,megawatthours
2025-12-11 03:00:00+00:00,CAL,California,WND,Wind,1378,megawatthours
2025-12-11 04:00:00+00:00,CAL,California,WND,Wind,1370,megawatthours
2025-12-11 05:00:00+00:00,CAL,California,WND,Wind,1286,megawatthours
2025-12-11 06:00:00+00:00,CAL,California,WND,Wind,1289,megawatthours
2025-12-11 07:00:00+00:00,CAL,California,WND,Wind,1302,megawatthours
2025-12-11 08:00:00+00:00,CAL,California,WND,Wind,1324,megawatthours
2025-12-11 09:00:00+00:00,CAL,California,WND,Wind,1370,megawatthours
2025-12-11 10:00:00+00:00,CAL,California,WND,Wind,1328,megawatthours
2025-12-11 11:00:00+00:00,CAL,California,WND,Wind,1326,megawatthours
2025-12-11 12:00:00+00:00,CAL,California,WND,Wind,1172,megawatthours
2025-12-11 13:00:00+00:00,CAL,California,WND,Wind,1077,megawatthours
2025-12-11 14:00:00+00:00,CAL,California,WND,Wind,1014,megawatthours
2025-12-11 15:00:00+00:00,CAL,California,WND,Wind,1035,megawatthours
2025-12-11 16:00:00+00:00,CAL,California,WND,Wind,1008,megawatthours
2025-12-11 17:00:00+00:00,CAL,California,WND,Wind,994,megawatthours
2025-12-11 18:00:00+00:00,CAL,California,WND,Wind,964,megawatthours
2025-12-11 19:00:00+00:00,CAL,California,WND,Wind,1022,megawatthours
2025-12-11 20:00:00+00:00,CAL,California,WND,Wind,1049,megawatthours
2025-12-11 21:00:00+00:00,CAL,California,WND,Wind,1108,megawatthours
2025-12-11 22:00:00+00:00,CAL,California,WND,Wind,1073,megawatthours
2025-12-11 23:00:00+00:00,CAL,California,WND,Wind,1011,megawatthours
2025-12-12 00:00:00+00:00,CAL,California,WND,Wind,1045,megawatthours
2025-12-12 01:00:00+00:00,CAL,California,WND,Wind,1046,megawatthours
2025-12-12 02:00:00+00:00,CAL,California,WND,Wind,1032,megawatthours
2025-12-12 03:00:00+00:00,CAL,California,WND,Wind,1040,megawatthours
2025-12-12 04:00:00+00:00,CAL,California,WND,Wind,1138,megawatthours
2025-12-12 05:00:00+00:00,CAL,California,WND,Wind,1053,megawatthours
2025-12-12 06:00:00+00:00,CAL,California,WND,Wind,1046,megawatthours
2025-12-12 07:00:00+00:00,CAL,California,WND,Wind,909,megawatthours
2025-12-12 08:00:00+00:00,CAL,California,WND,Wind,808,megawatthours
2025-12-12 09:00:00+00:00,CAL,California,WND,Wind,823,megawatthours
2025-12-12 10:00:00+00:00,CAL,California,WND,Wind,701,megawatthours
2025-12-12 11:00:00+00:00,CAL,California,WND,Wind,616,megawatthours
2025-12-12 12:00:00+00:00,CAL,California,WND,Wind,440,megawatthours
2025-12-12 13:00:00+00:00,CAL,California,WND,Wind,357,megawatthours
2025-12-12 14:00:00+00:00,CAL,California,WND,Wind,265,megawatthours
2025-12-12 15:00:00+00:00,CAL,California,WND,Wind,268,megawatthours
2025-12-12 16:00:00+00:00,CAL,California,WND,Wind,254,megawatthours
2025-12-12 17:00:00+00:00,CAL,California,WND,Wind,231,megawatthours
2025-12-12 18:00:00+00:00,CAL,California,WND,Wind,196,megawatthours
2025-12-12 19:00:00+00:00,CAL,California,WND,Wind,195,megawatthours
2025-12-12 20:00:00+00:00,CAL,California,WND,Wind,195,megawatthours
2025-12-12 21:00:00+00:00,CAL,California,WND,Wind,203,megawatthours
2025-12-12 22:00:00+00:00,CAL,California,WND,Wind,193,megawatthours
2025-12-12 23:00:00+00:00,CAL,California,WND,Wind,194,megawatthours
2025-12-13 00:00:00+00:00,CAL,California,WND,Wind,220,megawatthours
2025-12-13 01:00:00+00:00,CAL,California,WND,Wind,253,megawatthours
2025-12-13 02:00:00+00:00,CAL,California,WND,Wind,302,megawatthours
2025-12-13 03:00:00+00:00,CAL,California,WND,Wind,339,megawatthours
2025-12-13 04:00:00+00:00,CAL,California,WND,Wind,365,megawatthours
2025-12-13 05:00:00+00:00,CAL,California,WND,Wind,365,megawatthours
2025-12-13 06:00:00+00:00,CAL,California,WND,Wind,563,megawatthours
2025-12-13 07:00:00+00:00,CAL,California,WND,Wind,843,megawatthours
2025-12-13 08:00:00+00:00,CAL,California,WND,Wind,1081,megawatthours
2025-12-13 09:00:00+00:00,CAL,California,WND,Wind,1172,megawatthours
2025-12-13 10:00:00+00:00,CAL,California,WND,Wind,1162,megawatthours
2025-12-13 11:00:00+00:00,CAL,California,WND,Wind,1095,megawatthours
2025-12-13 12:00:00+00:00,CAL,California,WND,Wind,1152,megawatthours
2025-12-13 13:00:00+00:00,CAL,California,WND,Wind,1133,megawatthours
2025-12-13 14:00:00+00:00,CAL,California,WND,Wind,1133,megawatthours
2025-12-13 15:00:00+00:00,CAL,California,WND,Wind,1201,megawatthours
2025-12-13 16:00:00+00:00,CAL,California,WND,Wind,1164,megawatthours
2025-12-13 17:00:00+00:00,CAL,California,WND,Wind,986,megawatthours
2025-12-13 18:00:00+00:00,CAL,California,WND,Wind,1016,megawatthours
2025-12-13 19:00:00+00:00,CAL,California,WND,Wind,1025,megawatthours
2025-12-13 20:00:00+00:00,CAL,California,WND,Wind,1052,megawatthours
2025-12-13 21:00:00+00:00,CAL,California,WND,Wind,1084,megawatthours
2025-12-13 22:00:00+00:00,CAL,California,WND,Wind,1109,megawatthours
2025-12-13 23:00:00+00:00,CAL,California,WND,Wind,993,megawatthours
2025-12-14 00:00:00+00:00,CAL,California,WND,Wind,695,megawatthours
2025-12-14 01:00:00+00:00,CAL,California,WND,Wind,497,megawatthours
2025-12-14 02:00:00+00:00,CAL,California,WND,Wind,568,megawatthours
2025-12-14 03:00:00+00:00,CAL,California,WND,Wind,869,megawatthours
2025-12-14 04:00:00+00:00,CAL,California,WND,Wind,983,megawatthours
2025-12-14 05:00:00+00:00,CAL,California,WND,Wind,746,megawatthours
2025-12-14 06:00:00+00:00,CAL,California,WND,Wind,635,megawatthours
2025-12-14 07:00:00+00:00,CAL,California,WND,Wind,540,megawatthours
2025-12-14 08:00:00+00:00,CAL,California,WND,Wind,348,megawatthours
2025-12-14 09:00:00+00:00,CAL,California,WND,Wind,252,megawatthours
2025-12-14 10:00:00+00:00,CAL,California,WND,Wind,260,megawatthours
2025-12-14 11:00:00+00:00,CAL,California,WND,Wind,190,megawatthours
2025-12-14 12:00:00+00:00,CAL,California,WND,Wind,132,megawatthours
2025-12-14 13:00:00+00:00,CAL,California,WND,Wind,134,megawatthours
2025-12-14 14:00:00+00:00,CAL,California,WND,Wind,130,megawatthours
2025-12-14 15:00:00+00:00,CAL,California,WND,Wind,108,megawatthours
2025-12-14 16:00:00+00:00,CAL,California,WND,Wind,107,megawatthours
2025-12-14 17:00:00+00:00,CAL,California,WND,Wind,85,megawatthours
2025-12-14 18:00:00+00:00,CAL,California,WND,Wind,84,megawatthours
2025-12-14 19:00:00+00:00,CAL,California,WND,Wind,116,megawatthours
2025-12-14 20:00:00+00:00,CAL,California,WND,Wind,122,megawatthours
2025-12-14 21:00:00+00:00,CAL,California,WND,Wind,140,megawatthours
2025-12-14 22:00:00+00:00,CAL,California,WND,Wind,164,megawatthours
2025-12-14 23:00:00+00:00,CAL,California,WND,Wind,186,megawatthours
2025-12-15 00:00:00+00:00,CAL,California,WND,Wind,224,megawatthours
2025-12-15 01:00:00+00:00,CAL,California,WND,Wind,264,megawatthours
2025-12-15 02:00:00+00:00,CAL,California,WND,Wind,296,megawatthours
2025-12-15 03:00:00+00:00,CAL,California,WND,Wind,366,megawatthours
2025-12-15 04:00:00+00:00,CAL,California,WND,Wind,535,megawatthours
2025-12-15 05:00:00+00:00,CAL,California,WND,Wind,739,megawatthours
2025-12-15 06:00:00+00:00,CAL,California,WND,Wind,748,megawatthours
2025-12-15 07:00:00+00:00,CAL,California,WND,Wind,822,megawatthours
2025-12-15 08:00:00+00:00,CAL,California,WND,Wind,886,megawatthours
2025-12-15 09:00:00+00:00,CAL,California,WND,Wind,854,megawatthours
2025-12-15 10:00:00+00:00,CAL,California,WND,Wind,924,megawatthours
2025-12-15 11:00:00+00:00,CAL,California,WND,Wind,1010,megawatthours
2025-12-15 12:00:00+00:00,CAL,California,WND,Wind,1097,megawatthours
2025-12-15 13:00:00+00:00,CAL,California,WND,Wind,1123,megawatthours
2025-12-15 14:00:00+00:00,CAL,California,WND,Wind,1124,megawatthours
2025-12-15 15:00:00+00:00,CAL,California,WND,Wind,1155,megawatthours
2025-12-15 16:00:00+00:00,CAL,California,WND,Wind,1149,megawatthours
2025-12-15 17:00:00+00:00,CAL,California,WND,Wind,1016,megawatthours
2025-12-15 18:00:00+00:00,CAL,California,WND,Wind,952,megawatthours
2025-12-15 19:00:00+00:00,CAL,California,WND,Wind,853,megawatthours
2025-12-15 20:00:00+00:00,CAL,California,WND,Wind,885,megawatthours
2025-12-15 21:00:00+00:00,CAL,California,WND,Wind,864,megawatthours
2025-12-15 22:00:00+00:00,CAL,California,WND,Wind,920,megawatthours
2025-12-15 23:00:00+00:00,CAL,California,WND,Wind,929,megawatthours
2025-12-16 00:00:00+00:00,CAL,California,WND,Wind,1318,megawatthours
2025-12-16 01:00:00+00:00,CAL,California,WND,Wind,1549,megawatthours
2025-12-16 02:00:00+00:00,CAL,California,WND,Wind,1635,megawatthours
2025-12-16 03:00:00+00:00,CAL,California,WND,Wind,1628,megawatthours
2025-12-16 04:00:00+00:00,CAL,California,WND,Wind,1907,megawatthours
2025-12-16 05:00:00+00:00,CAL,California,WND,Wind,1474,megawatthours
2025-12-16 06:00:00+00:00,CAL,California,WND,Wind,1260,megawatthours
2025-12-16 07:00:00+00:00,CAL,California,WND,Wind,1294,megawatthours
2025-12-16 08:00:00+00:00,CAL,California,WND,Wind,1755,megawatthours
2025-12-16 09:00:00+00:00,CAL,California,WND,Wind,1933,megawatthours
2025-12-16 10:00:00+00:00,CAL,California,WND,Wind,1063,megawatthours
2025-12-16 11:00:00+00:00,CAL,California,WND,Wind,791,megawatthours
2025-12-16 12:00:00+00:00,CAL,California,WND,Wind,816,megawatthours
2025-12-16 13:00:00+00:00,CAL,California,WND,Wind,1033,megawatthours
2025-12-16 14:00:00+00:00,CAL,California,WND,Wind,1163,megawatthours
2025-12-16 15:00:00+00:00,CAL,California,WND,Wind,992,megawatthours
2025-12-16 16:00:00+00:00,CAL,California,WND,Wind,814,megawatthours
2025-12-16 17:00:00+00:00,CAL,California,WND,Wind,645,megawatthours
2025-12-16 18:00:00+00:00,CAL,California,WND,Wind,603,megawatthours
2025-12-16 19:00:00+00:00,CAL,California,WND,Wind,464,megawatthours
2025-12-16 20:00:00+00:00,CAL,California,WND,Wind,899,megawatthours
2025-12-16 21:00:00+00:00,CAL,California,WND,Wind,850,megawatthours
2025-12-16 22:00:00+00:00,CAL,California,WND,Wind,868,megawatthours
2025-12-16 23:00:00+00:00,CAL,California,WND,Wind,815,megawatthours
2025-12-17 00:00:00+00:00,CAL,California,WND,Wind,707,megawatthours
2025-12-17 01:00:00+00:00,CAL,California,WND,Wind,742,megawatthours
2025-12-17 02:00:00+00:00,CAL,California,WND,Wind,766,megawatthours
2025-12-17 03:00:00+00:00,CAL,California,WND,Wind,1186,megawatthours
2025-12-17 04:00:00+00:00,CAL,California,WND,Wind,1913,megawatthours
2025-12-17 05:00:00+00:00,CAL,California,WND,Wind,2027,megawatthours
2025-12-17 06:00:00+00:00,CAL,California,WND,Wind,2172,megawatthours
2025-12-17 07:00:00+00:00,CAL,California,WND,Wind,2222,megawatthours
2025-12-17 08:00:00+00:00,CAL,California,WND,Wind,2238,megawatthours
2025-12-17 09:00:00+00:00,CAL,California,WND,Wind,1884,megawatthours
2025-12-17 10:00:00+00:00,CAL,California,WND,Wind,2015,megawatthours
2025-12-17 11:00:00+00:00,CAL,California,WND,Wind,2473,megawatthours
2025-12-17 12:00:00+00:00,CAL,California,WND,Wind,3077,megawatthours
2025-12-17 13:00:00+00:00,CAL,California,WND,Wind,3313,megawatthours
2025-12-17 14:00:00+00:00,CAL,California,WND,Wind,3117,megawatthours
2025-12-17 15:00:00+00:00,CAL,California,WND,Wind,2731,megawatthours
2025-12-17 16:00:00+00:00,CAL,California,WND,Wind,2436,megawatthours
2025-12-17 17:00:00+00:00,CAL,California,WND,Wind,2372,megawatthours
2025-12-17 18:00:00+00:00,CAL,California,WND,Wind,2535,megawatthours
2025-12-17 19:00:00+00:00,CAL,California,WND,Wind,2967,megawatthours
2025-12-17 20:00:00+00:00,CAL,California,WND,Wind,3288,megawatthours
2025-12-17 21:00:00+00:00,CAL,California,WND,Wind,3185,megawatthours
2025-12-17 22:00:00+00:00,CAL,California,WND,Wind,3219,megawatthours
2025-12-17 23:00:00+00:00,CAL,California,WND,Wind,2713,megawatthours
2025-12-18 00:00:00+00:00,CAL,California,WND,Wind,2374,megawatthours
2025-12-18 01:00:00+00:00,CAL,California,WND,Wind,2730,megawatthours
2025-12-18 02:00:00+00:00,CAL,California,WND,Wind,3099,megawatthours
2025-12-18 03:00:00+00:00,CAL,California,WND,Wind,2948,megawatthours
2025-12-18 04:00:00+00:00,CAL,California,WND,Wind,3086,megawatthours
2025-12-18 05:00:00+00:00,CAL,California,WND,Wind,3634,megawatthours
2025-12-18 06:00:00+00:00,CAL,California,WND,Wind,3625,megawatthours
2025-12-18 07:00:00+00:00,CAL,California,WND,Wind,3426,megawatthours
2025-12-18 08:00:00+00:00,CAL,California,WND,Wind,3213,megawatthours
2025-12-18 09:00:00+00:00,CAL,California,WND,Wind,2968,megawatthours
2025-12-18 10:00:00+00:00,CAL,California,WND,Wind,2460,megawatthours
2025-12-18 11:00:00+00:00,CAL,California,WND,Wind,1838,megawatthours
2025-12-18 12:00:00+00:00,CAL,California,WND,Wind,2135,megawatthours
2025-12-18 13:00:00+00:00,CAL,California,WND,Wind,2238,megawatthours
2025-12-18 14:00:00+00:00,CAL,California,WND,Wind,2028,megawatthours
2025-12-18 15:00:00+00:00,CAL,California,WND,Wind,1866,megawatthours
2025-12-18 16:00:00+00:00,CAL,California,WND,Wind,1744,megawatthours
2025-12-18 17:00:00+00:00,CAL,California,WND,Wind,1882,megawatthours
2025-12-18 18:00:00+00:00,CAL,California,WND,Wind,1724,megawatthours
2025-12-18 19:00:00+00:00,CAL,California,WND,Wind,1395,megawatthours
2025-12-18 20:00:00+00:00,CAL,California,WND,Wind,1508,megawatthours
2025-12-18 21:00:00+00:00,CAL,California,WND,Wind,1499,megawatthours
2025-12-18 22:00:00+00:00,CAL,California,WND,Wind,1615,megawatthours
2025-12-18 23:00:00+00:00,CAL,California,WND,Wind,1949,megawatthours
2025-12-19 00:00:00+00:00,CAL,California,WND,Wind,1834,megawatthours
2025-12-19 01:00:00+00:00,CAL,California,WND,Wind,1742,megawatthours
2025-12-19 02:00:00+00:00,CAL,California,WND,Wind,1783,megawatthours
2025-12-19 03:00:00+00:00,CAL,California,WND,Wind,1716,megawatthours
2025-12-19 04:00:00+00:00,CAL,California,WND,Wind,1770,megawatthours
2025-12-19 05:00:00+00:00,CAL,California,WND,Wind,1939,megawatthours
2025-12-19 06:00:00+00:00,CAL,California,WND,Wind,2064,megawatthours
2025-12-19 07:00:00+00:00,CAL,California,WND,Wind,2183,megawatthours
2025-12-19 08:00:00+00:00,CAL,California,WND,Wind,2567,megawatthours
2025-12-19 09:00:00+00:00,CAL,California,WND,Wind,2888,megawatthours
2025-12-19 10:00:00+00:00,CAL,California,WND,Wind,3122,megawatthours
2025-12-19 11:00:00+00:00,CAL,California,WND,Wind,3029,megawatthours
2025-12-19 12:00:00+00:00,CAL,California,WND,Wind,2930,megawatthours
2025-12-19 13:00:00+00:00,CAL,California,WND,Wind,2959,megawatthours
2025-12-19 14:00:00+00:00,CAL,California,WND,Wind,2882,megawatthours
2025-12-19 15:00:00+00:00,CAL,California,WND,Wind,2852,megawatthours
2025-12-19 16:00:00+00:00,CAL,California,WND,Wind,2827,megawatthours
2025-12-19 17:00:00+00:00,CAL,California,WND,Wind,2807,megawatthours
2025-12-19 18:00:00+00:00,CAL,California,WND,Wind,2582,megawatthours
2025-12-19 19:00:00+00:00,CAL,California,WND,Wind,2199,megawatthours
2025-12-19 20:00:00+00:00,CAL,California,WND,Wind,2364,megawatthours
2025-12-19 21:00:00+00:00,CAL,California,WND,Wind,2501,megawatthours
2025-12-19 22:00:00+00:00,CAL,California,WND,Wind,2606,megawatthours
2025-12-19 23:00:00+00:00,CAL,California,WND,Wind,3160,megawatthours
2025-12-20 00:00:00+00:00,CAL,California,WND,Wind,3635,megawatthours
2025-12-20 01:00:00+00:00,CAL,California,WND,Wind,3572,megawatthours
2025-12-20 02:00:00+00:00,CAL,California,WND,Wind,3327,megawatthours
2025-12-20 03:00:00+00:00,CAL,California,WND,Wind,3447,megawatthours
2025-12-20 04:00:00+00:00,CAL,California,WND,Wind,4024,megawatthours
2025-12-20 05:00:00+00:00,CAL,California,WND,Wind,4062,megawatthours
2025-12-20 06:00:00+00:00,CAL,California,WND,Wind,3630,megawatthours
2025-12-20 07:00:00+00:00,CAL,California,WND,Wind,3750,megawatthours
2025-12-20 08:00:00+00:00,CAL,California,WND,Wind,3605,megawatthours
2025-12-20 09:00:00+00:00,CAL,California,WND,Wind,3399,megawatthours
2025-12-20 10:00:00+00:00,CAL,California,WND,Wind,3500,megawatthours
2025-12-20 11:00:00+00:00,CAL,California,WND,Wind,3684,megawatthours
2025-12-20 12:00:00+00:00,CAL,California,WND,Wind,3753,megawatthours
2025-12-20 13:00:00+00:00,CAL,California,WND,Wind,3710,megawatthours
2025-12-20 14:00:00+00:00,CAL,California,WND,Wind,3697,megawatthours
2025-12-20 15:00:00+00:00,CAL,California,WND,Wind,3677,megawatthours
2025-12-20 16:00:00+00:00,CAL,California,WND,Wind,3463,megawatthours
2025-12-20 17:00:00+00:00,CAL,California,WND,Wind,2984,megawatthours
2025-12-20 18:00:00+00:00,CAL,California,WND,Wind,2786,megawatthours
2025-12-20 19:00:00+00:00,CAL,California,WND,Wind,2591,megawatthours
2025-12-20 20:00:00+00:00,CAL,California,WND,Wind,2440,megawatthours
2025-12-20 21:00:00+00:00,CAL,California,WND,Wind,2324,megawatthours
2025-12-20 22:00:00+00:00,CAL,California,WND,Wind,2573,megawatthours
2025-12-20 23:00:00+00:00,CAL,California,WND,Wind,2331,megawatthours
2025-12-21 00:00:00+00:00,CAL,California,WND,Wind,1983,megawatthours
2025-12-21 01:00:00+00:00,CAL,California,WND,Wind,1608,megawatthours
2025-12-21 02:00:00+00:00,CAL,California,WND,Wind,1488,megawatthours
2025-12-21 03:00:00+00:00,CAL,California,WND,Wind,1314,megawatthours
2025-12-21 04:00:00+00:00,CAL,California,WND,Wind,1121,megawatthours
2025-12-21 05:00:00+00:00,CAL,California,WND,Wind,1232,megawatthours
2025-12-21 06:00:00+00:00,CAL,California,WND,Wind,1348,megawatthours
2025-12-21 07:00:00+00:00,CAL,California,WND,Wind,1205,megawatthours
2025-12-21 08:00:00+00:00,CAL,California,WND,Wind,1059,megawatthours
2025-12-21 09:00:00+00:00,CAL,California,WND,Wind,924,megawatthours
2025-12-21 10:00:00+00:00,CAL,California,WND,Wind,996,megawatthours
2025-12-21 11:00:00+00:00,CAL,California,WND,Wind,1147,megawatthours
2025-12-21 12:00:00+00:00,CAL,California,WND,Wind,1403,megawatthours
2025-12-21 13:00:00+00:00,CAL,California,WND,Wind,1375,megawatthours
2025-12-21 14:00:00+00:00,CAL,California,WND,Wind,1291,megawatthours
2025-12-21 15:00:00+00:00,CAL,California,WND,Wind,1117,megawatthours
2025-12-21 16:00:00+00:00,CAL,California,WND,Wind,1157,megawatthours
2025-12-21 17:00:00+00:00,CAL,California,WND,Wind,1126,megawatthours
2025-12-21 18:00:00+00:00,CAL,California,WND,Wind,1124,megawatthours
2025-12-21 19:00:00+00:00,CAL,California,WND,Wind,1103,megawatthours
2025-12-21 20:00:00+00:00,CAL,California,WND,Wind,1262,megawatthours
2025-12-21 21:00:00+00:00,CAL,California,WND,Wind,1457,megawatthours
2025-12-21 22:00:00+00:00,CAL,California,WND,Wind,1519,megawatthours
2025-12-21 23:00:00+00:00,CAL,California,WND,Wind,1353,megawatthours
2025-12-22 00:00:00+00:00,CAL,California,WND,Wind,1068,megawatthours
2025-12-22 01:00:00+00:00,CAL,California,WND,Wind,1063,megawatthours
2025-12-22 02:00:00+00:00,CAL,California,WND,Wind,976,megawatthours
2025-12-22 03:00:00+00:00,CAL,California,WND,Wind,1039,megawatthours
2025-12-22 04:00:00+00:00,CAL,California,WND,Wind,978,megawatthours
2025-12-22 05:00:00+00:00,CAL,California,WND,Wind,1165,megawatthours
2025-12-22 06:00:00+00:00,CAL,California,WND,Wind,1188,megawatthours
2025-12-22 07:00:00+00:00,CAL,California,WND,Wind,1341,megawatthours
2025-12-22 08:00:00+00:00,CAL,California,WND,Wind,1251,megawatthours
2025-12-22 09:00:00+00:00,CAL,California,WND,Wind,1470,megawatthours
2025-12-22 10:00:00+00:00,CAL,California,WND,Wind,1487,megawatthours
2025-12-22 11:00:00+00:00,CAL,California,WND,Wind,1391,megawatthours
2025-12-22 12:00:00+00:00,CAL,California,WND,Wind,1319,megawatthours
2025-12-22 13:00:00+00:00,CAL,California,WND,Wind,1110,megawatthours
2025-12-22 14:00:00+00:00,CAL,California,WND,Wind,1108,megawatthours
2025-12-22 15:00:00+00:00,CAL,California,WND,Wind,1126,megawatthours
2025-12-22 16:00:00+00:00,CAL,California,WND,Wind,993,megawatthours
2025-12-22 17:00:00+00:00,CAL,California,WND,Wind,956,megawatthours
2025-12-22 18:00:00+00:00,CAL,California,WND,Wind,1229,megawatthours
2025-12-22 19:00:00+00:00,CAL,California,WND,Wind,1258,megawatthours
2025-12-22 20:00:00+00:00,CAL,California,WND,Wind,1273,megawatthours
2025-12-22 21:00:00+00:00,CAL,California,WND,Wind,1275,megawatthours
2025-12-22 22:00:00+00:00,CAL,California,WND,Wind,1231,megawatthours
2025-12-22 23:00:00+00:00,CAL,California,WND,Wind,1110,megawatthours
2025-12-23 00:00:00+00:00,CAL,California,WND,Wind,973,megawatthours
2025-12-23 01:00:00+00:00,CAL,California,WND,Wind,938,megawatthours
2025-12-23 02:00:00+00:00,CAL,California,WND,Wind,1007,megawatthours
2025-12-23 03:00:00+00:00,CAL,California,WND,Wind,959,megawatthours
2025-12-23 04:00:00+00:00,CAL,California,WND,Wind,886,megawatthours
2025-12-23 05:00:00+00:00,CAL,California,WND,Wind,703,megawatthours
2025-12-23 06:00:00+00:00,CAL,California,WND,Wind,543,megawatthours
2025-12-23 07:00:00+00:00,CAL,California,WND,Wind,597,megawatthours
2025-12-23 08:00:00+00:00,CAL,California,WND,Wind,708,megawatthours
2025-12-23 09:00:00+00:00,CAL,California,WND,Wind,755,megawatthours
2025-12-23 10:00:00+00:00,CAL,California,WND,Wind,860,megawatthours
2025-12-23 11:00:00+00:00,CAL,California,WND,Wind,1045,megawatthours
2025-12-23 12:00:00+00:00,CAL,California,WND,Wind,1051,megawatthours
2025-12-23 13:00:00+00:00,CAL,California,WND,Wind,1035,megawatthours
2025-12-23 14:00:00+00:00,CAL,California,WND,Wind,1009,megawatthours
2025-12-23 15:00:00+00:00,CAL,California,WND,Wind,830,megawatthours
2025-12-23 16:00:00+00:00,CAL,California,WND,Wind,710,megawatthours
2025-12-23 17:00:00+00:00,CAL,California,WND,Wind,728,megawatthours
2025-12-23 18:00:00+00:00,CAL,California,WND,Wind,910,megawatthours
2025-12-23 19:00:00+00:00,CAL,California,WND,Wind,1103,megawatthours
2025-12-23 20:00:00+00:00,CAL,California,WND,Wind,1187,megawatthours
2025-12-23 21:00:00+00:00,CAL,California,WND,Wind,1143,megawatthours
2025-12-23 22:00:00+00:00,CAL,California,WND,Wind,1392,megawatthours
2025-12-23 23:00:00+00:00,CAL,California,WND,Wind,1270,megawatthours
2025-12-24 00:00:00+00:00,CAL,California,WND,Wind,1197,megawatthours
2025-12-24 01:00:00+00:00,CAL,California,WND,Wind,1073,megawatthours
2025-12-24 02:00:00+00:00,CAL,California,WND,Wind,1060,megawatthours
2025-12-24 03:00:00+00:00,CAL,California,WND,Wind,1400,megawatthours
2025-12-24 04:00:00+00:00,CAL,California,WND,Wind,2011,megawatthours
2025-12-24 05:00:00+00:00,CAL,California,WND,Wind,2109,megawatthours
2025-12-24 06:00:00+00:00,CAL,California,WND,Wind,2047,megawatthours
2025-12-24 07:00:00+00:00,CAL,California,WND,Wind,2373,megawatthours
2025-12-24 08:00:00+00:00,CAL,California,WND,Wind,2547,megawatthours
2025-12-24 09:00:00+00:00,CAL,California,WND,Wind,2723,megawatthours
2025-12-24 10:00:00+00:00,CAL,California,WND,Wind,2712,megawatthours
2025-12-24 11:00:00+00:00,CAL,California,WND,Wind,2678,megawatthours
2025-12-24 12:00:00+00:00,CAL,California,WND,Wind,2616,megawatthours
2025-12-24 13:00:00+00:00,CAL,California,WND,Wind,1992,megawatthours
2025-12-24 14:00:00+00:00,CAL,California,WND,Wind,1890,megawatthours
2025-12-24 15:00:00+00:00,CAL,California,WND,Wind,2197,megawatthours
2025-12-24 16:00:00+00:00,CAL,California,WND,Wind,2417,megawatthours
2025-12-24 17:00:00+00:00,CAL,California,WND,Wind,2090,megawatthours
2025-12-24 18:00:00+00:00,CAL,California,WND,Wind,1833,megawatthours
2025-12-24 19:00:00+00:00,CAL,California,WND,Wind,1522,megawatthours
2025-12-24 20:00:00+00:00,CAL,California,WND,Wind,1638,megawatthours
2025-12-24 21:00:00+00:00,CAL,California,WND,Wind,1582,megawatthours
2025-12-24 22:00:00+00:00,CAL,California,WND,Wind,1639,megawatthours
2025-12-24 23:00:00+00:00,CAL,California,WND,Wind,1518,megawatthours
2025-12-25 00:00:00+00:00,CAL,California,WND,Wind,1559,megawatthours
2025-12-25 01:00:00+00:00,CAL,California,WND,Wind,1940,megawatthours
2025-12-25 02:00:00+00:00,CAL,California,WND,Wind,2633,megawatthours
2025-12-25 03:00:00+00:00,CAL,California,WND,Wind,3181,megawatthours
2025-12-25 04:00:00+00:00,CAL,California,WND,Wind,3318,megawatthours
2025-12-25 05:00:00+00:00,CAL,California,WND,Wind,2938,megawatthours
2025-12-25 06:00:00+00:00,CAL,California,WND,Wind,2836,megawatthours
2025-12-25 07:00:00+00:00,CAL,California,WND,Wind,3173,megawatthours
2025-12-25 08:00:00+00:00,CAL,California,WND,Wind,3572,megawatthours
2025-12-25 09:00:00+00:00,CAL,California,WND,Wind,3541,megawatthours
2025-12-25 10:00:00+00:00,CAL,California,WND,Wind,3735,megawatthours
2025-12-25 11:00:00+00:00,CAL,California,WND,Wind,4056,megawatthours
2025-12-25 12:00:00+00:00,CAL,California,WND,Wind,3932,megawatthours
2025-12-25 13:00:00+00:00,CAL,California,WND,Wind,3857,megawatthours
2025-12-25 14:00:00+00:00,CAL,California,WND,Wind,3646,megawatthours
2025-12-25 15:00:00+00:00,CAL,California,WND,Wind,3667,megawatthours
2025-12-25 16:00:00+00:00,CAL,California,WND,Wind,3675,megawatthours
2025-12-25 17:00:00+00:00,CAL,California,WND,Wind,3374,megawatthours
2025-12-25 18:00:00+00:00,CAL,California,WND,Wind,3598,megawatthours
2025-12-25 19:00:00+00:00,CAL,California,WND,Wind,3373,megawatthours
2025-12-25 20:00:00+00:00,CAL,California,WND,Wind,3128,megawatthours
2025-12-25 21:00:00+00:00,CAL,California,WND,Wind,3305,megawatthours
2025-12-25 22:00:00+00:00,CAL,California,WND,Wind,2873,megawatthours
2025-12-25 23:00:00+00:00,CAL,California,WND,Wind,2884,megawatthours
2025-12-26 00:00:00+00:00,CAL,California,WND,Wind,2898,megawatthours
2025-12-26 01:00:00+00:00,CAL,California,WND,Wind,2481,megawatthours
2025-12-26 02:00:00+00:00,CAL,California,WND,Wind,2091,megawatthours
2025-12-26 03:00:00+00:00,CAL,California,WND,Wind,2395,megawatthours
2025-12-26 04:00:00+00:00,CAL,California,WND,Wind,2700,megawatthours
2025-12-26 05:00:00+00:00,CAL,California,WND,Wind,2609,megawatthours
2025-12-26 06:00:00+00:00,CAL,California,WND,Wind,2723,megawatthours
2025-12-26 07:00:00+00:00,CAL,California,WND,Wind,2951,megawatthours
2025-12-26 08:00:00+00:00,CAL,California,WND,Wind,2912,megawatthours
2025-12-26 09:00:00+00:00,CAL,California,WND,Wind,2634,megawatthours
2025-12-26 10:00:00+00:00,CAL,California,WND,Wind,2451,megawatthours
2025-12-26 11:00:00+00:00,CAL,California,WND,Wind,2582,megawatthours
2025-12-26 12:00:00+00:00,CAL,California,WND,Wind,2313,megawatthours
2025-12-26 13:00:00+00:00,CAL,California,WND,Wind,2474,megawatthours
2025-12-26 14:00:00+00:00,CAL,California,WND,Wind,2337,megawatthours
2025-12-26 15:00:00+00:00,CAL,California,WND,Wind,2189,megawatthours
2025-12-26 16:00:00+00:00,CAL,California,WND,Wind,1895,megawatthours
2025-12-26 17:00:00+00:00,CAL,California,WND,Wind,1851,megawatthours
2025-12-26 18:00:00+00:00,CAL,California,WND,Wind,2097,megawatthours
2025-12-26 19:00:00+00:00,CAL,California,WND,Wind,2345,megawatthours
2025-12-26 20:00:00+00:00,CAL,California,WND,Wind,2634,megawatthours
2025-12-26 21:00:00+00:00,CAL,California,WND,Wind,2679,megawatthours
2025-12-26 22:00:00+00:00,CAL,California,WND,Wind,2744,megawatthours
2025-12-26 23:00:00+00:00,CAL,California,WND,Wind,3081,megawatthours
2025-12-27 00:00:00+00:00,CAL,California,WND,Wind,3192,megawatthours
2025-12-27 01:00:00+00:00,CAL,California,WND,Wind,2790,megawatthours
2025-12-27 02:00:00+00:00,CAL,California,WND,Wind,2363,megawatthours
2025-12-27 03:00:00+00:00,CAL,California,WND,Wind,2240,megawatthours
2025-12-27 04:00:00+00:00,CAL,California,WND,Wind,2245,megawatthours
2025-12-27 05:00:00+00:00,CAL,California,WND,Wind,2661,megawatthours
2025-12-27 06:00:00+00:00,CAL,California,WND,Wind,3334,megawatthours
2025-12-27 07:00:00+00:00,CAL,California,WND,Wind,3500,megawatthours
2025-12-27 08:00:00+00:00,CAL,California,WND,Wind,3245,megawatthours
2025-12-27 09:00:00+00:00,CAL,California,WND,Wind,3344,megawatthours
2025-12-27 10:00:00+00:00,CAL,California,WND,Wind,3405,megawatthours
2025-12-27 11:00:00+00:00,CAL,California,WND,Wind,3271,megawatthours
2025-12-27 12:00:00+00:00,CAL,California,WND,Wind,3049,megawatthours
2025-12-27 13:00:00+00:00,CAL,California,WND,Wind,2949,megawatthours
2025-12-27 14:00:00+00:00,CAL,California,WND,Wind,3126,megawatthours
2025-12-27 15:00:00+00:00,CAL,California,WND,Wind,3005,megawatthours
2025-12-27 16:00:00+00:00,CAL,California,WND,Wind,2973,megawatthours
2025-12-27 17:00:00+00:00,CAL,California,WND,Wind,3109,megawatthours
2025-12-27 18:00:00+00:00,CAL,California,WND,Wind,3321,megawatthours
2025-12-27 19:00:00+00:00,CAL,California,WND,Wind,3557,megawatthours
2025-12-27 20:00:00+00:00,CAL,California,WND,Wind,3678,megawatthours
2025-12-27 21:00:00+00:00,CAL,California,WND,Wind,3489,megawatthours
2025-12-27 22:00:00+00:00,CAL,California,WND,Wind,2951,megawatthours
2025-12-27 23:00:00+00:00,CAL,California,WND,Wind,2338,megawatthours
2025-12-28 00:00:00+00:00,CAL,California,WND,Wind,2165,megawatthours
2025-12-28 01:00:00+00:00,CAL,California,WND,Wind,2387,megawatthours
2025-12-28 02:00:00+00:00,CAL,California,WND,Wind,2524,megawatthours
2025-12-28 03:00:00+00:00,CAL,California,WND,Wind,2370,megawatthours
2025-12-28 04:00:00+00:00,CAL,California,WND,Wind,1714,megawatthours
2025-12-28 05:00:00+00:00,CAL,California,WND,Wind,1315,megawatthours
2025-12-28 06:00:00+00:00,CAL,California,WND,Wind,1348,megawatthours
2025-12-28 07:00:00+00:00,CAL,California,WND,Wind,1406,megawatthours
2025-12-28 08:00:00+00:00,CAL,California,WND,Wind,1383,megawatthours
2025-12-28 09:00:00+00:00,CAL,California,WND,Wind,1387,megawatthours
2025-12-28 10:00:00+00:00,CAL,California,WND,Wind,1575,megawatthours
2025-12-28 11:00:00+00:00,CAL,California,WND,Wind,1520,megawatthours
2025-12-28 12:00:00+00:00,CAL,California,WND,Wind,1504,megawatthours
2025-12-28 13:00:00+00:00,CAL,California,WND,Wind,1525,megawatthours
2025-12-28 14:00:00+00:00,CAL,California,WND,Wind,1623,megawatthours
2025-12-28 15:00:00+00:00,CAL,California,WND,Wind,1589,megawatthours
2025-12-28 16:00:00+00:00,CAL,California,WND,Wind,1523,megawatthours
2025-12-28 17:00:00+00:00,CAL,California,WND,Wind,1535,megawatthours
2025-12-28 18:00:00+00:00,CAL,California,WND,Wind,1668,megawatthours
2025-12-28 19:00:00+00:00,CAL,California,WND,Wind,1712,megawatthours
2025-12-28 20:00:00+00:00,CAL,California,WND,Wind,1739,megawatthours
2025-12-28 21:00:00+00:00,CAL,California,WND,Wind,1692,megawatthours
2025-12-28 22:00:00+00:00,CAL,California,WND,Wind,1526,megawatthours
2025-12-28 23:00:00+00:00,CAL,California,WND,Wind,1317,megawatthours
2025-12-29 00:00:00+00:00,CAL,California,WND,Wind,1178,megawatthours
2025-12-29 01:00:00+00:00,CAL,California,WND,Wind,1145,megawatthours
2025-12-29 02:00:00+00:00,CAL,California,WND,Wind,1126,megawatthours
2025-12-29 03:00:00+00:00,CAL,California,WND,Wind,1048,megawatthours
2025-12-29 04:00:00+00:00,CAL,California,WND,Wind,1094,megawatthours
2025-12-29 05:00:00+00:00,CAL,California,WND,Wind,1003,megawatthours
2025-12-29 06:00:00+00:00,CAL,California,WND,Wind,903,megawatthours
2025-12-29 07:00:00+00:00,CAL,California,WND,Wind,984,megawatthours
2025-12-29 08:00:00+00:00,CAL,California,WND,Wind,981,megawatthours
2025-12-29 09:00:00+00:00,CAL,California,WND,Wind,1076,megawatthours
2025-12-29 10:00:00+00:00,CAL,California,WND,Wind,1159,megawatthours
2025-12-29 11:00:00+00:00,CAL,California,WND,Wind,1285,megawatthours
2025-12-29 12:00:00+00:00,CAL,California,WND,Wind,1353,megawatthours
2025-12-29 13:00:00+00:00,CAL,California,WND,Wind,1473,megawatthours
2025-12-29 14:00:00+00:00,CAL,California,WND,Wind,1582,megawatthours
2025-12-29 15:00:00+00:00,CAL,California,WND,Wind,1566,megawatthours
2025-12-29 16:00:00+00:00,CAL,California,WND,Wind,1480,megawatthours
2025-12-29 17:00:00+00:00,CAL,California,WND,Wind,1550,megawatthours
2025-12-29 18:00:00+00:00,CAL,California,WND,Wind,1537,megawatthours
2025-12-29 19:00:00+00:00,CAL,California,WND,Wind,1506,megawatthours
2025-12-29 20:00:00+00:00,CAL,California,WND,Wind,1372,megawatthours
2025-12-29 21:00:00+00:00,CAL,California,WND,Wind,1297,megawatthours
2025-12-29 22:00:00+00:00,CAL,California,WND,Wind,1257,megawatthours
2025-12-29 23:00:00+00:00,CAL,California,WND,Wind,1266,megawatthours
2025-12-30 00:00:00+00:00,CAL,California,WND,Wind,1282,megawatthours
2025-12-30 01:00:00+00:00,CAL,California,WND,Wind,1200,megawatthours
2025-12-30 02:00:00+00:00,CAL,California,WND,Wind,1189,megawatthours
2025-12-30 03:00:00+00:00,CAL,California,WND,Wind,1095,megawatthours
2025-12-30 04:00:00+00:00,CAL,California,WND,Wind,1115,megawatthours
2025-12-30 05:00:00+00:00,CAL,California,WND,Wind,1071,megawatthours
2025-12-30 06:00:00+00:00,CAL,California,WND,Wind,993,megawatthours
2025-12-30 07:00:00+00:00,CAL,California,WND,Wind,1105,megawatthours
2025-12-30 08:00:00+00:00,CAL,California,WND,Wind,1079,megawatthours
2025-12-30 09:00:00+00:00,CAL,California,WND,Wind,1141,megawatthours
2025-12-30 10:00:00+00:00,CAL,California,WND,Wind,1183,megawatthours
2025-12-30 11:00:00+00:00,CAL,California,WND,Wind,1440,megawatthours
2025-12-30 12:00:00+00:00,CAL,California,WND,Wind,1453,megawatthours
2025-12-30 13:00:00+00:00,CAL,California,WND,Wind,1555,megawatthours
2025-12-30 14:00:00+00:00,CAL,California,WND,Wind,1619,megawatthours
2025-12-30 15:00:00+00:00,CAL,California,WND,Wind,1558,megawatthours
2025-12-30 16:00:00+00:00,CAL,California,WND,Wind,1325,megawatthours
2025-12-30 17:00:00+00:00,CAL,California,WND,Wind,1036,megawatthours
2025-12-30 18:00:00+00:00,CAL,California,WND,Wind,871,megawatthours
2025-12-30 19:00:00+00:00,CAL,California,WND,Wind,832,megawatthours
2025-12-30 20:00:00+00:00,CAL,California,WND,Wind,821,megawatthours
2025-12-30 21:00:00+00:00,CAL,California,WND,Wind,817,megawatthours
2025-12-30 22:00:00+00:00,CAL,California,WND,Wind,701,megawatthours
2025-12-30 23:00:00+00:00,CAL,California,WND,Wind,686,megawatthours
2025-12-31 00:00:00+00:00,CAL,California,WND,Wind,828,megawatthours
2025-12-31 01:00:00+00:00,CAL,California,WND,Wind,883,megawatthours
2025-12-31 02:00:00+00:00,CAL,California,WND,Wind,951,megawatthours
2025-12-31 03:00:00+00:00,CAL,California,WND,Wind,992,megawatthours
2025-12-31 04:00:00+00:00,CAL,California,WND,Wind,988,megawatthours
2025-12-31 05:00:00+00:00,CAL,California,WND,Wind,823,megawatthours
2025-12-31 06:00:00+00:00,CAL,California,WND,Wind,678,megawatthours
2025-12-31 07:00:00+00:00,CAL,California,WND,Wind,550,megawatthours
2025-12-31 08:00:00+00:00,CAL,California,WND,Wind,529,megawatthours
2025-12-31 09:00:00+00:00,CAL,California,WND,Wind,641,megawatthours
2025-12-31 10:00:00+00:00,CAL,California,WND,Wind,698,megawatthours
2025-12-31 11:00:00+00:00,CAL,California,WND,Wind,727,megawatthours
2025-12-31 12:00:00+00:00,CAL,California,WND,Wind,711,megawatthours
2025-12-31 13:00:00+00:00,CAL,California,WND,Wind,795,megawatthours
2025-12-31 14:00:00+00:00,CAL,California,WND,Wind,845,megawatthours
2025-12-31 15:00:00+00:00,CAL,California,WND,Wind,863,megawatthours
2025-12-31 16:00:00+00:00,CAL,California,WND,Wind,682,megawatthours
2025-12-31 17:00:00+00:00,CAL,California,WND,Wind,580,megawatthours
2025-12-31 18:00:00+00:00,CAL,California,WND,Wind,629,megawatthours
2025-12-31 19:00:00+00:00,CAL,California,WND,Wind,1009,megawatthours
2025-12-31 20:00:00+00:00,CAL,California,WND,Wind,1242,megawatthours
2025-12-31 21:00:00+00:00,CAL,California,WND,Wind,1540,megawatthours
2025-12-31 22:00:00+00:00,CAL,California,WND,Wind,1816,megawatthours
2025-12-31 23:00:00+00:00,CAL,California,WND,Wind,1834,megawatthours
2026-01-01 00:00:00+00:00,CAL,California,WND,Wind,1675,megawatthours
2026-01-01 01:00:00+00:00,CAL,California,WND,Wind,1817,megawatthours
2026-01-01 02:00:00+00:00,CAL,California,WND,Wind,1940,megawatthours
2026-01-01 03:00:00+00:00,CAL,California,WND,Wind,2082,megawatthours
2026-01-01 04:00:00+00:00,CAL,California,WND,Wind,2160,megawatthours
2026-01-01 05:00:00+00:00,CAL,California,WND,Wind,1960,megawatthours
2026-01-01 06:00:00+00:00,CAL,California,WND,Wind,1841,megawatthours
2026-01-01 07:00:00+00:00,CAL,California,WND,Wind,1796,megawatthours
2026-01-01 08:00:00+00:00,CAL,California,WND,Wind,1820,megawatthours
2026-01-01 09:00:00+00:00,CAL,California,WND,Wind,1832,megawatthours
2026-01-01 10:00:00+00:00,CAL,California,WND,Wind,1600,megawatthours
2026-01-01 11:00:00+00:00,CAL,California,WND,Wind,1569,megawatthours
2026-01-01 12:00:00+00:00,CAL,California,WND,Wind,1416,megawatthours
2026-01-01 13:00:00+00:00,CAL,California,WND,Wind,1369,megawatthours
2026-01-01 14:00:00+00:00,CAL,California,WND,Wind,1441,megawatthours
2026-01-01 15:00:00+00:00,CAL,California,WND,Wind,1572,megawatthours
2026-01-01 16:00:00+00:00,CAL,California,WND,Wind,1441,megawatthours
2026-01-01 17:00:00+00:00,CAL,California,WND,Wind,1279,megawatthours
2026-01-01 18:00:00+00:00,CAL,California,WND,Wind,1342,megawatthours
2026-01-01 19:00:00+00:00,CAL,California,WND,Wind,1461,megawatthours
2026-01-01 20:00:00+00:00,CAL,California,WND,Wind,1465,megawatthours
2026-01-01 21:00:00+00:00,CAL,California,WND,Wind,1474,megawatthours
2026-01-01 22:00:00+00:00,CAL,California,WND,Wind,1478,megawatthours
2026-01-01 23:00:00+00:00,CAL,California,WND,Wind,1480,megawatthours
2026-01-02 00:00:00+00:00,CAL,California,WND,Wind,1525,megawatthours
2026-01-02 01:00:00+00:00,CAL,California,WND,Wind,1576,megawatthours
2026-01-02 02:00:00+00:00,CAL,California,WND,Wind,1454,megawatthours
2026-01-02 03:00:00+00:00,CAL,California,WND,Wind,1441,megawatthours
2026-01-02 04:00:00+00:00,CAL,California,WND,Wind,1514,megawatthours
2026-01-02 05:00:00+00:00,CAL,California,WND,Wind,1618,megawatthours
2026-01-02 06:00:00+00:00,CAL,California,WND,Wind,1656,megawatthours
2026-01-02 07:00:00+00:00,CAL,California,WND,Wind,1564,megawatthours
2026-01-02 08:00:00+00:00,CAL,California,WND,Wind,1478,megawatthours
2026-01-02 09:00:00+00:00,CAL,California,WND,Wind,1120,megawatthours
2026-01-02 10:00:00+00:00,CAL,California,WND,Wind,1152,megawatthours
2026-01-02 11:00:00+00:00,CAL,California,WND,Wind,1115,megawatthours
2026-01-02 12:00:00+00:00,CAL,California,WND,Wind,1061,megawatthours
2026-01-02 13:00:00+00:00,CAL,California,WND,Wind,1102,megawatthours
2026-01-02 14:00:00+00:00,CAL,California,WND,Wind,1042,megawatthours
2026-01-02 15:00:00+00:00,CAL,California,WND,Wind,1062,megawatthours
2026-01-02 16:00:00+00:00,CAL,California,WND,Wind,1064,megawatthours
2026-01-02 17:00:00+00:00,CAL,California,WND,Wind,1058,megawatthours
2026-01-02 18:00:00+00:00,CAL,California,WND,Wind,985,megawatthours
2026-01-02 19:00:00+00:00,CAL,California,WND,Wind,958,megawatthours
2026-01-02 20:00:00+00:00,CAL,California,WND,Wind,1031,megawatthours
2026-01-02 21:00:00+00:00,CAL,California,WND,Wind,1064,megawatthours
2026-01-02 22:00:00+00:00,CAL,California,WND,Wind,1096,megawatthours
2026-01-02 23:00:00+00:00,CAL,California,WND,Wind,1080,megawatthours
2026-01-03 00:00:00+00:00,CAL,California,WND,Wind,1317,megawatthours
2026-01-03 01:00:00+00:00,CAL,California,WND,Wind,1519,megawatthours
2026-01-03 02:00:00+00:00,CAL,California,WND,Wind,1480,megawatthours
2026-01-03 03:00:00+00:00,CAL,California,WND,Wind,1563,megawatthours
2026-01-03 04:00:00+00:00,CAL,California,WND,Wind,1595,megawatthours
2026-01-03 05:00:00+00:00,CAL,California,WND,Wind,1635,megawatthours
2026-01-03 06:00:00+00:00,CAL,California,WND,Wind,1755,megawatthours
2026-01-03 07:00:00+00:00,CAL,California,WND,Wind,1277,megawatthours
2026-01-03 08:00:00+00:00,CAL,California,WND,Wind,1171,megawatthours
2026-01-03 09:00:00+00:00,CAL,California,WND,Wind,1204,megawatthours
2026-01-03 10:00:00+00:00,CAL,California,WND,Wind,1177,megawatthours
2026-01-03 11:00:00+00:00,CAL,California,WND,Wind,1069,megawatthours
2026-01-03 12:00:00+00:00,CAL,California,WND,Wind,977,megawatthours
2026-01-03 13:00:00+00:00,CAL,California,WND,Wind,899,megawatthours
2026-01-03 14:00:00+00:00,CAL,California,WND,Wind,965,megawatthours
2026-01-03 15:00:00+00:00,CAL,California,WND,Wind,917,megawatthours
2026-01-03 16:00:00+00:00,CAL,California,WND,Wind,836,megawatthours
2026-01-03 17:00:00+00:00,CAL,California,WND,Wind,548,megawatthours
2026-01-03 18:00:00+00:00,CAL,California,WND,Wind,541,megawatthours
2026-01-03 19:00:00+00:00,CAL,California,WND,Wind,743,megawatthours
2026-01-03 20:00:00+00:00,CAL,California,WND,Wind,900,megawatthours
2026-01-03 21:00:00+00:00,CAL,California,WND,Wind,993,megawatthours
2026-01-03 22:00:00+00:00,CAL,California,WND,Wind,1416,megawatthours
2026-01-03 23:00:00+00:00,CAL,California,WND,Wind,1537,megawatthours
2026-01-04 00:00:00+00:00,CAL,California,WND,Wind,1589,megawatthours
2026-01-04 01:00:00+00:00,CAL,California,WND,Wind,1395,megawatthours
2026-01-04 02:00:00+00:00,CAL,California,WND,Wind,1239,megawatthours
2026-01-04 03:00:00+00:00,CAL,California,WND,Wind,1344,megawatthours
2026-01-04 04:00:00+00:00,CAL,California,WND,Wind,1284,megawatthours
2026-01-04 05:00:00+00:00,CAL,California,WND,Wind,1428,megawatthours
2026-01-04 06:00:00+00:00,CAL,California,WND,Wind,1540,megawatthours
2026-01-04 07:00:00+00:00,CAL,California,WND,Wind,1465,megawatthours
2026-01-04 08:00:00+00:00,CAL,California,WND,Wind,1635,megawatthours
2026-01-04 09:00:00+00:00,CAL,California,WND,Wind,1712,megawatthours
2026-01-04 10:00:00+00:00,CAL,California,WND,Wind,1693,megawatthours
2026-01-04 11:00:00+00:00,CAL,California,WND,Wind,1503,megawatthours
2026-01-04 12:00:00+00:00,CAL,California,WND,Wind,1539,megawatthours
2026-01-04 13:00:00+00:00,CAL,California,WND,Wind,1818,megawatthours
2026-01-04 14:00:00+00:00,CAL,California,WND,Wind,1672,megawatthours
2026-01-04 15:00:00+00:00,CAL,California,WND,Wind,1684,megawatthours
2026-01-04 16:00:00+00:00,CAL,California,WND,Wind,1660,megawatthours
2026-01-04 17:00:00+00:00,CAL,California,WND,Wind,1462,megawatthours
2026-01-04 18:00:00+00:00,CAL,California,WND,Wind,1445,megawatthours
2026-01-04 19:00:00+00:00,CAL,California,WND,Wind,1777,megawatthours
2026-01-04 20:00:00+00:00,CAL,California,WND,Wind,2003,megawatthours
2026-01-04 21:00:00+00:00,CAL,California,WND,Wind,2243,megawatthours
2026-01-04 22:00:00+00:00,CAL,California,WND,Wind,2443,megawatthours
2026-01-04 23:00:00+00:00,CAL,California,WND,Wind,2036,megawatthours
2026-01-05 00:00:00+00:00,CAL,California,WND,Wind,1888,megawatthours
2026-01-05 01:00:00+00:00,CAL,California,WND,Wind,1929,megawatthours
2026-01-05 02:00:00+00:00,CAL,California,WND,Wind,1930,megawatthours
2026-01-05 03:00:00+00:00,CAL,California,WND,Wind,2054,megawatthours
2026-01-05 04:00:00+00:00,CAL,California,WND,Wind,1970,megawatthours
2026-01-05 05:00:00+00:00,CAL,California,WND,Wind,1873,megawatthours
2026-01-05 06:00:00+00:00,CAL,California,WND,Wind,2044,megawatthours
2026-01-05 07:00:00+00:00,CAL,California,WND,Wind,2136,megawatthours
2026-01-05 08:00:00+00:00,CAL,California,WND,Wind,2202,megawatthours
2026-01-05 09:00:00+00:00,CAL,California,WND,Wind,2488,megawatthours
2026-01-05 10:00:00+00:00,CAL,California,WND,Wind,2358,megawatthours
2026-01-05 11:00:00+00:00,CAL,California,WND,Wind,2224,megawatthours
2026-01-05 12:00:00+00:00,CAL,California,WND,Wind,2252,megawatthours
2026-01-05 13:00:00+00:00,CAL,California,WND,Wind,2482,megawatthours
2026-01-05 14:00:00+00:00,CAL,California,WND,Wind,2445,megawatthours
2026-01-05 15:00:00+00:00,CAL,California,WND,Wind,1994,megawatthours
2026-01-05 16:00:00+00:00,CAL,California,WND,Wind,1706,megawatthours
2026-01-05 17:00:00+00:00,CAL,California,WND,Wind,1576,megawatthours
2026-01-05 18:00:00+00:00,CAL,California,WND,Wind,1583,megawatthours
2026-01-05 19:00:00+00:00,CAL,California,WND,Wind,1702,megawatthours
2026-01-05 20:00:00+00:00,CAL,California,WND,Wind,1839,megawatthours
2026-01-05 21:00:00+00:00,CAL,California,WND,Wind,1945,megawatthours
2026-01-05 22:00:00+00:00,CAL,California,WND,Wind,2031,megawatthours
2026-01-05 23:00:00+00:00,CAL,California,WND,Wind,1935,megawatthours
2026-01-06 00:00:00+00:00,CAL,California,WND,Wind,1790,megawatthours
2026-01-06 01:00:00+00:00,CAL,California,WND,Wind,1609,megawatthours
2026-01-06 02:00:00+00:00,CAL,California,WND,Wind,1290,megawatthours
2026-01-06 03:00:00+00:00,CAL,California,WND,Wind,1258,megawatthours
2026-01-06 04:00:00+00:00,CAL,California,WND,Wind,1430,megawatthours
2026-01-06 05:00:00+00:00,CAL,California,WND,Wind,1541,megawatthours
2026-01-06 06:00:00+00:00,CAL,California,WND,Wind,1595,megawatthours
2026-01-06 07:00:00+00:00,CAL,California,WND,Wind,1575,megawatthours
2026-01-06 08:00:00+00:00,CAL,California,WND,Wind,1497,megawatthours
2026-01-06 09:00:00+00:00,CAL,California,WND,Wind,1413,megawatthours
2026-01-06 10:00:00+00:00,CAL,California,WND,Wind,1364,megawatthours
2026-01-06 11:00:00+00:00,CAL,California,WND,Wind,1149,megawatthours
2026-01-06 12:00:00+00:00,CAL,California,WND,Wind,989,megawatthours
2026-01-06 13:00:00+00:00,CAL,California,WND,Wind,1054,megawatthours
2026-01-06 14:00:00+00:00,CAL,California,WND,Wind,1039,megawatthours
2026-01-06 15:00:00+00:00,CAL,California,WND,Wind,862,megawatthours
2026-01-06 16:00:00+00:00,CAL,California,WND,Wind,739,megawatthours
2026-01-06 17:00:00+00:00,CAL,California,WND,Wind,547,megawatthours
2026-01-06 18:00:00+00:00,CAL,California,WND,Wind,493,megawatthours
2026-01-06 19:00:00+00:00,CAL,California,WND,Wind,712,megawatthours
2026-01-06 20:00:00+00:00,CAL,California,WND,Wind,865,megawatthours
2026-01-06 21:00:00+00:00,CAL,California,WND,Wind,1070,megawatthours
2026-01-06 22:00:00+00:00,CAL,California,WND,Wind,1106,megawatthours
2026-01-06 23:00:00+00:00,CAL,California,WND,Wind,1040,megawatthours
2026-01-07 00:00:00+00:00,CAL,California,WND,Wind,852,megawatthours
2026-01-07 01:00:00+00:00,CAL,California,WND,Wind,994,megawatthours
2026-01-07 02:00:00+00:00,CAL,California,WND,Wind,1072,megawatthours
2026-01-07 03:00:00+00:00,CAL,California,WND,Wind,1106,megawatthours
2026-01-07 04:00:00+00:00,CAL,California,WND,Wind,756,megawatthours
2026-01-07 05:00:00+00:00,CAL,California,WND,Wind,737,megawatthours
2026-01-07 06:00:00+00:00,CAL,California,WND,Wind,769,megawatthours
2026-01-07 07:00:00+00:00,CAL,California,WND,Wind,694,megawatthours
2026-01-07 08:00:00+00:00,CAL,California,WND,Wind,672,megawatthours
2026-01-07 09:00:00+00:00,CAL,California,WND,Wind,703,megawatthours
2026-01-07 10:00:00+00:00,CAL,California,WND,Wind,724,megawatthours
2026-01-07 11:00:00+00:00,CAL,California,WND,Wind,801,megawatthours
2026-01-07 12:00:00+00:00,CAL,California,WND,Wind,941,megawatthours
2026-01-07 13:00:00+00:00,CAL,California,WND,Wind,1220,megawatthours
2026-01-07 14:00:00+00:00,CAL,California,WND,Wind,1336,megawatthours
2026-01-07 15:00:00+00:00,CAL,California,WND,Wind,2083,megawatthours
2026-01-07 16:00:00+00:00,CAL,California,WND,Wind,2059,megawatthours
2026-01-07 17:00:00+00:00,CAL,California,WND,Wind,2043,megawatthours
2026-01-07 18:00:00+00:00,CAL,California,WND,Wind,2073,megawatthours
2026-01-07 19:00:00+00:00,CAL,California,WND,Wind,2191,megawatthours
2026-01-07 20:00:00+00:00,CAL,California,WND,Wind,2745,megawatthours
2026-01-07 21:00:00+00:00,CAL,California,WND,Wind,2893,megawatthours
2026-01-07 22:00:00+00:00,CAL,California,WND,Wind,2908,megawatthours
2026-01-07 23:00:00+00:00,CAL,California,WND,Wind,3141,megawatthours
2026-01-08 00:00:00+00:00,CAL,California,WND,Wind,3948,megawatthours
2026-01-08 01:00:00+00:00,CAL,California,WND,Wind,4132,megawatthours
2026-01-08 02:00:00+00:00,CAL,California,WND,Wind,3490,megawatthours
2026-01-08 03:00:00+00:00,CAL,California,WND,Wind,4180,megawatthours
2026-01-08 04:00:00+00:00,CAL,California,WND,Wind,4467,megawatthours
2026-01-08 05:00:00+00:00,CAL,California,WND,Wind,4232,megawatthours
2026-01-08 06:00:00+00:00,CAL,California,WND,Wind,3758,megawatthours
2026-01-08 07:00:00+00:00,CAL,California,WND,Wind,3977,megawatthours
2026-01-08 08:00:00+00:00,CAL,California,WND,Wind,4152,megawatthours
2026-01-08 09:00:00+00:00,CAL,California,WND,Wind,4168,megawatthours
2026-01-08 10:00:00+00:00,CAL,California,WND,Wind,3594,megawatthours
2026-01-08 11:00:00+00:00,CAL,California,WND,Wind,3668,megawatthours
2026-01-08 12:00:00+00:00,CAL,California,WND,Wind,3927,megawatthours
2026-01-08 13:00:00+00:00,CAL,California,WND,Wind,3918,megawatthours
2026-01-08 14:00:00+00:00,CAL,California,WND,Wind,3418,megawatthours
2026-01-08 15:00:00+00:00,CAL,California,WND,Wind,3475,megawatthours
2026-01-08 16:00:00+00:00,CAL,California,WND,Wind,3562,megawatthours
2026-01-08 17:00:00+00:00,CAL,California,WND,Wind,3799,megawatthours
2026-01-08 18:00:00+00:00,CAL,California,WND,Wind,3862,megawatthours
2026-01-08 19:00:00+00:00,CAL,California,WND,Wind,3807,megawatthours
2026-01-08 20:00:00+00:00,CAL,California,WND,Wind,4206,megawatthours
2026-01-08 21:00:00+00:00,CAL,California,WND,Wind,4463,megawatthours
2026-01-08 22:00:00+00:00,CAL,California,WND,Wind,4614,megawatthours
2026-01-08 23:00:00+00:00,CAL,California,WND,Wind,4456,megawatthours
2026-01-09 00:00:00+00:00,CAL,California,WND,Wind,3873,megawatthours
2026-01-09 01:00:00+00:00,CAL,California,WND,Wind,3963,megawatthours
2026-01-09 02:00:00+00:00,CAL,California,WND,Wind,3230,megawatthours
2026-01-09 03:00:00+00:00,CAL,California,WND,Wind,2665,megawatthours
2026-01-09 04:00:00+00:00,CAL,California,WND,Wind,2160,megawatthours
2026-01-09 05:00:00+00:00,CAL,California,WND,Wind,1643,megawatthours
2026-01-09 06:00:00+00:00,CAL,California,WND,Wind,1592,megawatthours
2026-01-09 07:00:00+00:00,CAL,California,WND,Wind,1657,megawatthours
2026-01-09 08:00:00+00:00,CAL,California,WND,Wind,1576,megawatthours
2026-01-09 09:00:00+00:00,CAL,California,WND,Wind,1570,megawatthours
2026-01-09 10:00:00+00:00,CAL,California,WND,Wind,1530,megawatthours
2026-01-09 11:00:00+00:00,CAL,California,WND,Wind,1391,megawatthours
2026-01-09 12:00:00+00:00,CAL,California,WND,Wind,1499,megawatthours
2026-01-09 13:00:00+00:00,CAL,California,WND,Wind,1540,megawatthours
2026-01-09 14:00:00+00:00,CAL,California,WND,Wind,1493,megawatthours
2026-01-09 15:00:00+00:00,CAL,California,WND,Wind,1373,megawatthours
2026-01-09 16:00:00+00:00,CAL,California,WND,Wind,1422,megawatthours
2026-01-09 17:00:00+00:00,CAL,California,WND,Wind,1537,megawatthours
2026-01-09 18:00:00+00:00,CAL,California,WND,Wind,1815,megawatthours
2026-01-09 19:00:00+00:00,CAL,California,WND,Wind,1799,megawatthours
2026-01-09 20:00:00+00:00,CAL,California,WND,Wind,1670,megawatthours
2026-01-09 21:00:00+00:00,CAL,California,WND,Wind,1489,megawatthours
2026-01-09 22:00:00+00:00,CAL,California,WND,Wind,1317,megawatthours
2026-01-09 23:00:00+00:00,CAL,California,WND,Wind,1288,megawatthours
2026-01-10 00:00:00+00:00,CAL,California,WND,Wind,1095,megawatthours
2026-01-10 01:00:00+00:00,CAL,California,WND,Wind,1008,megawatthours
2026-01-10 02:00:00+00:00,CAL,California,WND,Wind,1083,megawatthours
2026-01-10 03:00:00+00:00,CAL,California,WND,Wind,1226,megawatthours
2026-01-10 04:00:00+00:00,CAL,California,WND,Wind,1173,megawatthours
2026-01-10 05:00:00+00:00,CAL,California,WND,Wind,1151,megawatthours
2026-01-10 06:00:00+00:00,CAL,California,WND,Wind,1040,megawatthours
2026-01-10 07:00:00+00:00,CAL,California,WND,Wind,971,megawatthours
2026-01-10 08:00:00+00:00,CAL,California,WND,Wind,919,megawatthours
2026-01-10 09:00:00+00:00,CAL,California,WND,Wind,882,megawatthours
2026-01-10 10:00:00+00:00,CAL,California,WND,Wind,921,megawatthours
2026-01-10 11:00:00+00:00,CAL,California,WND,Wind,929,megawatthours
2026-01-10 12:00:00+00:00,CAL,California,WND,Wind,931,megawatthours
2026-01-10 13:00:00+00:00,CAL,California,WND,Wind,900,megawatthours
2026-01-10 14:00:00+00:00,CAL,California,WND,Wind,908,megawatthours
2026-01-10 15:00:00+00:00,CAL,California,WND,Wind,930,megawatthours
2026-01-10 16:00:00+00:00,CAL,California,WND,Wind,944,megawatthours
2026-01-10 17:00:00+00:00,CAL,California,WND,Wind,918,megawatthours
2026-01-10 18:00:00+00:00,CAL,California,WND,Wind,1115,megawatthours
2026-01-10 19:00:00+00:00,CAL,California,WND,Wind,1303,megawatthours
2026-01-10 20:00:00+00:00,CAL,California,WND,Wind,1322,megawatthours
2026-01-10 21:00:00+00:00,CAL,California,WND,Wind,1402,megawatthours
2026-01-10 22:00:00+00:00,CAL,California,WND,Wind,1320,megawatthours
2026-01-10 23:00:00+00:00,CAL,California,WND,Wind,1250,megawatthours
2026-01-11 00:00:00+00:00,CAL,California,WND,Wind,1016,megawatthours
2026-01-11 01:00:00+00:00,CAL,California,WND,Wind,865,megawatthours
2026-01-11 02:00:00+00:00,CAL,California,WND,Wind,761,megawatthours
2026-01-11 03:00:00+00:00,CAL,California,WND,Wind,812,megawatthours
2026-01-11 04:00:00+00:00,CAL,California,WND,Wind,829,megawatthours
2026-01-11 05:00:00+00:00,CAL,California,WND,Wind,785,megawatthours
2026-01-11 06:00:00+00:00,CAL,California,WND,Wind,741,megawatthours
2026-01-11 07:00:00+00:00,CAL,California,WND,Wind,782,megawatthours
2026-01-11 08:00:00+00:00,CAL,California,WND,Wind,807,megawatthours
2026-01-11 09:00:00+00:00,CAL,California,WND,Wind,851,megawatthours
2026-01-11 10:00:00+00:00,CAL,California,WND,Wind,888,megawatthours
2026-01-11 11:00:00+00:00,CAL,California,WND,Wind,833,megawatthours
2026-01-11 12:00:00+00:00,CAL,California,WND,Wind,762,megawatthours
2026-01-11 13:00:00+00:00,CAL,California,WND,Wind,742,megawatthours
2026-01-11 14:00:00+00:00,CAL,California,WND,Wind,753,megawatthours
2026-01-11 15:00:00+00:00,CAL,California,WND,Wind,743,megawatthours
2026-01-11 16:00:00+00:00,CAL,California,WND,Wind,697,megawatthours
2026-01-11 17:00:00+00:00,CAL,California,WND,Wind,688,megawatthours
2026-01-11 18:00:00+00:00,CAL,California,WND,Wind,727,megawatthours
2026-01-11 19:00:00+00:00,CAL,California,WND,Wind,717,megawatthours
2026-01-11 20:00:00+00:00,CAL,California,WND,Wind,682,megawatthours
2026-01-11 21:00:00+00:00,CAL,California,WND,Wind,644,megawatthours
2026-01-11 22:00:00+00:00,CAL,California,WND,Wind,595,megawatthours
2026-01-11 23:00:00+00:00,CAL,California,WND,Wind,566,megawatthours
2026-01-12 00:00:00+00:00,CAL,California,WND,Wind,545,megawatthours
2026-01-12 01:00:00+00:00,CAL,California,WND,Wind,607,megawatthours
2026-01-12 02:00:00+00:00,CAL,California,WND,Wind,640,megawatthours
2026-01-12 03:00:00+00:00,CAL,California,WND,Wind,716,megawatthours
2026-01-12 04:00:00+00:00,CAL,California,WND,Wind,739,megawatthours
2026-01-12 05:00:00+00:00,CAL,California,WND,Wind,765,megawatthours
2026-01-12 06:00:00+00:00,CAL,California,WND,Wind,837,megawatthours
2026-01-12 07:00:00+00:00,CAL,California,WND,Wind,898,megawatthours
2026-01-12 08:00:00+00:00,CAL,California,WND,Wind,953,megawatthours
2026-01-12 09:00:00+00:00,CAL,California,WND,Wind,1022,megawatthours
2026-01-12 10:00:00+00:00,CAL,California,WND,Wind,968,megawatthours
2026-01-12 11:00:00+00:00,CAL,California,WND,Wind,977,megawatthours
2026-01-12 12:00:00+00:00,CAL,California,WND,Wind,1061,megawatthours
2026-01-12 13:00:00+00:00,CAL,California,WND,Wind,1086,megawatthours
2026-01-12 14:00:00+00:00,CAL,California,WND,Wind,1132,megawatthours
2026-01-12 15:00:00+00:00,CAL,California,WND,Wind,1223,megawatthours
2026-01-12 16:00:00+00:00,CAL,California,WND,Wind,1110,megawatthours
2026-01-12 17:00:00+00:00,CAL,California,WND,Wind,1042,megawatthours
2026-01-12 18:00:00+00:00,CAL,California,WND,Wind,947,megawatthours
2026-01-12 19:00:00+00:00,CAL,California,WND,Wind,974,megawatthours
2026-01-12 20:00:00+00:00,CAL,California,WND,Wind,869,megawatthours
2026-01-12 21:00:00+00:00,CAL,California,WND,Wind,870,megawatthours
2026-01-12 22:00:00+00:00,CAL,California,WND,Wind,782,megawatthours
2026-01-12 23:00:00+00:00,CAL,California,WND,Wind,812,megawatthours
2026-01-13 00:00:00+00:00,CAL,California,WND,Wind,890,megawatthours
2026-01-13 01:00:00+00:00,CAL,California,WND,Wind,928,megawatthours
2026-01-13 02:00:00+00:00,CAL,California,WND,Wind,862,megawatthours
2026-01-13 03:00:00+00:00,CAL,California,WND,Wind,902,megawatthours
2026-01-13 04:00:00+00:00,CAL,California,WND,Wind,963,megawatthours
2026-01-13 05:00:00+00:00,CAL,California,WND,Wind,927,megawatthours
2026-01-13 06:00:00+00:00,CAL,California,WND,Wind,889,megawatthours
2026-01-13 07:00:00+00:00,CAL,California,WND,Wind,786,megawatthours
2026-01-13 08:00:00+00:00,CAL,California,WND,Wind,732,megawatthours
2026-01-13 09:00:00+00:00,CAL,California,WND,Wind,655,megawatthours
2026-01-13 10:00:00+00:00,CAL,California,WND,Wind,731,megawatthours
2026-01-13 11:00:00+00:00,CAL,California,WND,Wind,782,megawatthours
2026-01-13 12:00:00+00:00,CAL,California,WND,Wind,833,megawatthours
2026-01-13 13:00:00+00:00,CAL,California,WND,Wind,1012,megawatthours
2026-01-13 14:00:00+00:00,CAL,California,WND,Wind,1029,megawatthours
2026-01-13 15:00:00+00:00,CAL,California,WND,Wind,949,megawatthours
2026-01-13 16:00:00+00:00,CAL,California,WND,Wind,754,megawatthours
2026-01-13 17:00:00+00:00,CAL,California,WND,Wind,476,megawatthours
2026-01-13 18:00:00+00:00,CAL,California,WND,Wind,661,megawatthours
2026-01-13 19:00:00+00:00,CAL,California,WND,Wind,591,megawatthours
2026-01-13 20:00:00+00:00,CAL,California,WND,Wind,545,megawatthours
2026-01-13 21:00:00+00:00,CAL,California,WND,Wind,521,megawatthours
2026-01-13 22:00:00+00:00,CAL,California,WND,Wind,665,megawatthours
2026-01-13 23:00:00+00:00,CAL,California,WND,Wind,893,megawatthours
2026-01-14 00:00:00+00:00,CAL,California,WND,Wind,630,megawatthours
2026-01-14 01:00:00+00:00,CAL,California,WND,Wind,654,megawatthours
2026-01-14 02:00:00+00:00,CAL,California,WND,Wind,959,megawatthours
2026-01-14 03:00:00+00:00,CAL,California,WND,Wind,1007,megawatthours
2026-01-14 04:00:00+00:00,CAL,California,WND,Wind,946,megawatthours
2026-01-14 05:00:00+00:00,CAL,California,WND,Wind,1000,megawatthours
2026-01-14 06:00:00+00:00,CAL,California,WND,Wind,1013,megawatthours
2026-01-14 07:00:00+00:00,CAL,California,WND,Wind,872,megawatthours
2026-01-14 08:00:00+00:00,CAL,California,WND,Wind,729,megawatthours
2026-01-14 09:00:00+00:00,CAL,California,WND,Wind,831,megawatthours
2026-01-14 10:00:00+00:00,CAL,California,WND,Wind,826,megawatthours
2026-01-14 11:00:00+00:00,CAL,California,WND,Wind,797,megawatthours
2026-01-14 12:00:00+00:00,CAL,California,WND,Wind,679,megawatthours
2026-01-14 13:00:00+00:00,CAL,California,WND,Wind,762,megawatthours
2026-01-14 14:00:00+00:00,CAL,California,WND,Wind,788,megawatthours
2026-01-14 15:00:00+00:00,CAL,California,WND,Wind,649,megawatthours
2026-01-14 16:00:00+00:00,CAL,California,WND,Wind,640,megawatthours
2026-01-14 17:00:00+00:00,CAL,California,WND,Wind,825,megawatthours
2026-01-14 18:00:00+00:00,CAL,California,WND,Wind,839,megawatthours
2026-01-14 19:00:00+00:00,CAL,California,WND,Wind,845,megawatthours
2026-01-14 20:00:00+00:00,CAL,California,WND,Wind,902,megawatthours
2026-01-14 21:00:00+00:00,CAL,California,WND,Wind,869,megawatthours
2026-01-14 22:00:00+00:00,CAL,California,WND,Wind,755,megawatthours
2026-01-14 23:00:00+00:00,CAL,California,WND,Wind,720,megawatthours
2026-01-15 00:00:00+00:00,CAL,California,WND,Wind,593,megawatthours
2026-01-15 01:00:00+00:00,CAL,California,WND,Wind,528,megawatthours
2026-01-15 02:00:00+00:00,CAL,California,WND,Wind,523,megawatthours
2026-01-15 03:00:00+00:00,CAL,California,WND,Wind,648,megawatthours
2026-01-15 04:00:00+00:00,CAL,California,WND,Wind,721,megawatthours
2026-01-15 05:00:00+00:00,CAL,California,WND,Wind,690,megawatthours
2026-01-15 06:00:00+00:00,CAL,California,WND,Wind,803,megawatthours
2026-01-15 07:00:00+00:00,CAL,California,WND,Wind,942,megawatthours
2026-01-15 08:00:00+00:00,CAL,California,WND,Wind,1087,megawatthours
2026-01-15 09:00:00+00:00,CAL,California,WND,Wind,1269,megawatthours
2026-01-15 10:00:00+00:00,CAL,California,WND,Wind,1299,megawatthours
2026-01-15 11:00:00+00:00,CAL,California,WND,Wind,1255,megawatthours
2026-01-15 12:00:00+00:00,CAL,California,WND,Wind,1217,megawatthours
2026-01-15 13:00:00+00:00,CAL,California,WND,Wind,1177,megawatthours
2026-01-15 14:00:00+00:00,CAL,California,WND,Wind,1118,megawatthours
2026-01-15 15:00:00+00:00,CAL,California,WND,Wind,1012,megawatthours
2026-01-15 16:00:00+00:00,CAL,California,WND,Wind,932,megawatthours
2026-01-15 17:00:00+00:00,CAL,California,WND,Wind,848,megawatthours
2026-01-15 18:00:00+00:00,CAL,California,WND,Wind,797,megawatthours
2026-01-15 19:00:00+00:00,CAL,California,WND,Wind,777,megawatthours
2026-01-15 20:00:00+00:00,CAL,California,WND,Wind,728,megawatthours
2026-01-15 21:00:00+00:00,CAL,California,WND,Wind,696,megawatthours
2026-01-15 22:00:00+00:00,CAL,California,WND,Wind,664,megawatthours
2026-01-15 23:00:00+00:00,CAL,California,WND,Wind,694,megawatthours
2026-01-16 00:00:00+00:00,CAL,California,WND,Wind,688,megawatthours
2026-01-16 01:00:00+00:00,CAL,California,WND,Wind,649,megawatthours
2026-01-16 02:00:00+00:00,CAL,California,WND,Wind,616,megawatthours
2026-01-16 03:00:00+00:00,CAL,California,WND,Wind,590,megawatthours
2026-01-16 04:00:00+00:00,CAL,California,WND,Wind,572,megawatthours
2026-01-16 05:00:00+00:00,CAL,California,WND,Wind,591,megawatthours
2026-01-16 06:00:00+00:00,CAL,California,WND,Wind,570,megawatthours
2026-01-16 07:00:00+00:00,CAL,California,WND,Wind,576,megawatthours
2026-01-16 08:00:00+00:00,CAL,California,WND,Wind,590,megawatthours
2026-01-16 09:00:00+00:00,CAL,California,WND,Wind,604,megawatthours
2026-01-16 10:00:00+00:00,CAL,California,WND,Wind,692,megawatthours
2026-01-16 11:00:00+00:00,CAL,California,WND,Wind,790,megawatthours
2026-01-16 12:00:00+00:00,CAL,California,WND,Wind,911,megawatthours
2026-01-16 13:00:00+00:00,CAL,California,WND,Wind,886,megawatthours
2026-01-16 14:00:00+00:00,CAL,California,WND,Wind,809,megawatthours
2026-01-16 15:00:00+00:00,CAL,California,WND,Wind,765,megawatthours
2026-01-16 16:00:00+00:00,CAL,California,WND,Wind,757,megawatthours
2026-01-16 17:00:00+00:00,CAL,California,WND,Wind,772,megawatthours
2026-01-16 18:00:00+00:00,CAL,California,WND,Wind,780,megawatthours
2026-01-16 19:00:00+00:00,CAL,California,WND,Wind,784,megawatthours
2026-01-16 20:00:00+00:00,CAL,California,WND,Wind,740,megawatthours
2026-01-16 21:00:00+00:00,CAL,California,WND,Wind,703,megawatthours
2026-01-16 22:00:00+00:00,CAL,California,WND,Wind,688,megawatthours
2026-01-16 23:00:00+00:00,CAL,California,WND,Wind,504,megawatthours
2026-01-17 00:00:00+00:00,CAL,California,WND,Wind,403,megawatthours
2026-01-17 01:00:00+00:00,CAL,California,WND,Wind,404,megawatthours
2026-01-17 02:00:00+00:00,CAL,California,WND,Wind,514,megawatthours
2026-01-17 03:00:00+00:00,CAL,California,WND,Wind,566,megawatthours
2026-01-17 04:00:00+00:00,CAL,California,WND,Wind,586,megawatthours
2026-01-17 05:00:00+00:00,CAL,California,WND,Wind,634,megawatthours
2026-01-17 06:00:00+00:00,CAL,California,WND,Wind,587,megawatthours
2026-01-17 07:00:00+00:00,CAL,California,WND,Wind,512,megawatthours
2026-01-17 08:00:00+00:00,CAL,California,WND,Wind,522,megawatthours
2026-01-17 09:00:00+00:00,CAL,California,WND,Wind,589,megawatthours
2026-01-17 10:00:00+00:00,CAL,California,WND,Wind,593,megawatthours
2026-01-17 11:00:00+00:00,CAL,California,WND,Wind,572,megawatthours
2026-01-17 12:00:00+00:00,CAL,California,WND,Wind,596,megawatthours
2026-01-17 13:00:00+00:00,CAL,California,WND,Wind,640,megawatthours
2026-01-17 14:00:00+00:00,CAL,California,WND,Wind,552,megawatthours
2026-01-17 15:00:00+00:00,CAL,California,WND,Wind,570,megawatthours
2026-01-17 16:00:00+00:00,CAL,California,WND,Wind,631,megawatthours
2026-01-17 17:00:00+00:00,CAL,California,WND,Wind,708,megawatthours
2026-01-17 18:00:00+00:00,CAL,California,WND,Wind,612,megawatthours
2026-01-17 19:00:00+00:00,CAL,California,WND,Wind,598,megawatthours
2026-01-17 20:00:00+00:00,CAL,California,WND,Wind,607,megawatthours
2026-01-17 21:00:00+00:00,CAL,California,WND,Wind,576,megawatthours
2026-01-17 22:00:00+00:00,CAL,California,WND,Wind,432,megawatthours
2026-01-17 23:00:00+00:00,CAL,California,WND,Wind,343,megawatthours
2026-01-18 00:00:00+00:00,CAL,California,WND,Wind,325,megawatthours
2026-01-18 01:00:00+00:00,CAL,California,WND,Wind,280,megawatthours
2026-01-18 02:00:00+00:00,CAL,California,WND,Wind,387,megawatthours
2026-01-18 03:00:00+00:00,CAL,California,WND,Wind,509,megawatthours
2026-01-18 04:00:00+00:00,CAL,California,WND,Wind,499,megawatthours
2026-01-18 05:00:00+00:00,CAL,California,WND,Wind,609,megawatthours
2026-01-18 06:00:00+00:00,CAL,California,WND,Wind,796,megawatthours
2026-01-18 07:00:00+00:00,CAL,California,WND,Wind,753,megawatthours
2026-01-18 08:00:00+00:00,CAL,California,WND,Wind,786,megawatthours
2026-01-18 09:00:00+00:00,CAL,California,WND,Wind,776,megawatthours
2026-01-18 10:00:00+00:00,CAL,California,WND,Wind,739,megawatthours
2026-01-18 11:00:00+00:00,CAL,California,WND,Wind,706,megawatthours
2026-01-18 12:00:00+00:00,CAL,California,WND,Wind,691,megawatthours
2026-01-18 13:00:00+00:00,CAL,California,WND,Wind,699,megawatthours
2026-01-18 14:00:00+00:00,CAL,California,WND,Wind,657,megawatthours
2026-01-18 15:00:00+00:00,CAL,California,WND,Wind,594,megawatthours
2026-01-18 16:00:00+00:00,CAL,California,WND,Wind,485,megawatthours
2026-01-18 17:00:00+00:00,CAL,California,WND,Wind,423,megawatthours
2026-01-18 18:00:00+00:00,CAL,California,WND,Wind,316,megawatthours
2026-01-18 19:00:00+00:00,CAL,California,WND,Wind,202,megawatthours
2026-01-18 20:00:00+00:00,CAL,California,WND,Wind,209,megawatthours
2026-01-18 21:00:00+00:00,CAL,California,WND,Wind,215,megawatthours
2026-01-18 22:00:00+00:00,CAL,California,WND,Wind,567,megawatthours
2026-01-18 23:00:00+00:00,CAL,California,WND,Wind,260,megawatthours
2026-01-19 00:00:00+00:00,CAL,California,WND,Wind,309,megawatthours
2026-01-19 01:00:00+00:00,CAL,California,WND,Wind,428,megawatthours
2026-01-19 02:00:00+00:00,CAL,California,WND,Wind,499,megawatthours
2026-01-19 03:00:00+00:00,CAL,California,WND,Wind,495,megawatthours
2026-01-19 04:00:00+00:00,CAL,California,WND,Wind,453,megawatthours
2026-01-19 05:00:00+00:00,CAL,California,WND,Wind,485,megawatthours
2026-01-19 06:00:00+00:00,CAL,California,WND,Wind,591,megawatthours
2026-01-19 07:00:00+00:00,CAL,California,WND,Wind,682,megawatthours
2026-01-19 08:00:00+00:00,CAL,California,WND,Wind,637,megawatthours
2026-01-19 09:00:00+00:00,CAL,California,WND,Wind,630,megawatthours
2026-01-19 10:00:00+00:00,CAL,California,WND,Wind,685,megawatthours
2026-01-19 11:00:00+00:00,CAL,California,WND,Wind,793,megawatthours
2026-01-19 12:00:00+00:00,CAL,California,WND,Wind,778,megawatthours
2026-01-19 13:00:00+00:00,CAL,California,WND,Wind,632,megawatthours
2026-01-19 14:00:00+00:00,CAL,California,WND,Wind,535,megawatthours
2026-01-19 15:00:00+00:00,CAL,California,WND,Wind,469,megawatthours
2026-01-19 16:00:00+00:00,CAL,California,WND,Wind,450,megawatthours
2026-01-19 17:00:00+00:00,CAL,California,WND,Wind,453,megawatthours
2026-01-19 18:00:00+00:00,CAL,California,WND,Wind,444,megawatthours
2026-01-19 19:00:00+00:00,CAL,California,WND,Wind,508,megawatthours
2026-01-19 20:00:00+00:00,CAL,California,WND,Wind,491,megawatthours
2026-01-19 21:00:00+00:00,CAL,California,WND,Wind,397,megawatthours
2026-01-19 22:00:00+00:00,CAL,California,WND,Wind,331,megawatthours
2026-01-19 23:00:00+00:00,CAL,California,WND,Wind,314,megawatthours
2026-01-20 00:00:00+00:00,CAL,California,WND,Wind,282,megawatthours
2026-01-20 01:00:00+00:00,CAL,California,WND,Wind,253,megawatthours
2026-01-20 02:00:00+00:00,CAL,California,WND,Wind,289,megawatthours
2026-01-20 03:00:00+00:00,CAL,California,WND,Wind,304,megawatthours
2026-01-20 04:00:00+00:00,CAL,California,WND,Wind,337,megawatthours
2026-01-20 05:00:00+00:00,CAL,California,WND,Wind,342,megawatthours
2026-01-20 06:00:00+00:00,CAL,California,WND,Wind,303,megawatthours
2026-01-20 07:00:00+00:00,CAL,California,WND,Wind,307,megawatthours
2026-01-20 08:00:00+00:00,CAL,California,WND,Wind,320,megawatthours
2026-01-20 09:00:00+00:00,CAL,California,WND,Wind,319,megawatthours
2026-01-20 10:00:00+00:00,CAL,California,WND,Wind,373,megawatthours
2026-01-20 11:00:00+00:00,CAL,California,WND,Wind,390,megawatthours
2026-01-20 12:00:00+00:00,CAL,California,WND,Wind,453,megawatthours
2026-01-20 13:00:00+00:00,CAL,California,WND,Wind,521,megawatthours
2026-01-20 14:00:00+00:00,CAL,California,WND,Wind,645,megawatthours
2026-01-20 15:00:00+00:00,CAL,California,WND,Wind,666,megawatthours
2026-01-20 16:00:00+00:00,CAL,California,WND,Wind,550,megawatthours
2026-01-20 17:00:00+00:00,CAL,California,WND,Wind,466,megawatthours
2026-01-20 18:00:00+00:00,CAL,California,WND,Wind,409,megawatthours
2026-01-20 19:00:00+00:00,CAL,California,WND,Wind,382,megawatthours
2026-01-20 20:00:00+00:00,CAL,California,WND,Wind,454,megawatthours
2026-01-20 21:00:00+00:00,CAL,California,WND,Wind,506,megawatthours
2026-01-20 22:00:00+00:00,CAL,California,WND,Wind,515,megawatthours
2026-01-20 23:00:00+00:00,CAL,California,WND,Wind,522,megawatthours
2026-01-21 00:00:00+00:00,CAL,California,WND,Wind,547,megawatthours
2026-01-21 01:00:00+00:00,CAL,California,WND,Wind,562,megawatthours
2026-01-21 02:00:00+00:00,CAL,California,WND,Wind,516,megawatthours
2026-01-21 03:00:00+00:00,CAL,California,WND,Wind,504,megawatthours
2026-01-21 04:00:00+00:00,CAL,California,WND,Wind,522,megawatthours
2026-01-21 05:00:00+00:00,CAL,California,WND,Wind,557,megawatthours
2026-01-21 06:00:00+00:00,CAL,California,WND,Wind,614,megawatthours
2026-01-21 07:00:00+00:00,CAL,California,WND,Wind,614,megawatthours
2026-01-21 08:00:00+00:00,CAL,California,WND,Wind,663,megawatthours
2026-01-21 09:00:00+00:00,CAL,California,WND,Wind,644,megawatthours
2026-01-21 10:00:00+00:00,CAL,California,WND,Wind,584,megawatthours
2026-01-21 11:00:00+00:00,CAL,California,WND,Wind,441,megawatthours
2026-01-21 12:00:00+00:00,CAL,California,WND,Wind,273,megawatthours
2026-01-21 13:00:00+00:00,CAL,California,WND,Wind,270,megawatthours
2026-01-21 14:00:00+00:00,CAL,California,WND,Wind,200,megawatthours
2026-01-21 15:00:00+00:00,CAL,California,WND,Wind,89,megawatthours
2026-01-21 16:00:00+00:00,CAL,California,WND,Wind,34,megawatthours
2026-01-21 17:00:00+00:00,CAL,California,WND,Wind,34,megawatthours
2026-01-21 18:00:00+00:00,CAL,California,WND,Wind,74,megawatthours
2026-01-21 19:00:00+00:00,CAL,California,WND,Wind,77,megawatthours
2026-01-21 20:00:00+00:00,CAL,California,WND,Wind,75,megawatthours
2026-01-21 21:00:00+00:00,CAL,California,WND,Wind,101,megawatthours
2026-01-21 22:00:00+00:00,CAL,California,WND,Wind,113,megawatthours
2026-01-21 23:00:00+00:00,CAL,California,WND,Wind,190,megawatthours
2026-01-22 00:00:00+00:00,CAL,California,WND,Wind,223,megawatthours
2026-01-22 01:00:00+00:00,CAL,California,WND,Wind,322,megawatthours
2026-01-22 02:00:00+00:00,CAL,California,WND,Wind,429,megawatthours
2026-01-22 03:00:00+00:00,CAL,California,WND,Wind,490,megawatthours
2026-01-22 04:00:00+00:00,CAL,California,WND,Wind,507,megawatthours
2026-01-22 05:00:00+00:00,CAL,California,WND,Wind,515,megawatthours
2026-01-22 06:00:00+00:00,CAL,California,WND,Wind,479,megawatthours
2026-01-22 07:00:00+00:00,CAL,California,WND,Wind,476,megawatthours
2026-01-22 08:00:00+00:00,CAL,California,WND,Wind,490,megawatthours
2026-01-22 09:00:00+00:00,CAL,California,WND,Wind,521,megawatthours
2026-01-22 10:00:00+00:00,CAL,California,WND,Wind,535,megawatthours
2026-01-22 11:00:00+00:00,CAL,California,WND,Wind,528,megawatthours
2026-01-22 12:00:00+00:00,CAL,California,WND,Wind,511,megawatthours
2026-01-22 13:00:00+00:00,CAL,California,WND,Wind,595,megawatthours
2026-01-22 14:00:00+00:00,CAL,California,WND,Wind,552,megawatthours
2026-01-22 15:00:00+00:00,CAL,California,WND,Wind,570,megawatthours
2026-01-22 16:00:00+00:00,CAL,California,WND,Wind,498,megawatthours
2026-01-22 17:00:00+00:00,CAL,California,WND,Wind,390,megawatthours
2026-01-22 18:00:00+00:00,CAL,California,WND,Wind,401,megawatthours
2026-01-22 19:00:00+00:00,CAL,California,WND,Wind,408,megawatthours
2026-01-22 20:00:00+00:00,CAL,California,WND,Wind,405,megawatthours
2026-01-22 21:00:00+00:00,CAL,California,WND,Wind,338,megawatthours
2026-01-22 22:00:00+00:00,CAL,California,WND,Wind,310,megawatthours
2026-01-22 23:00:00+00:00,CAL,California,WND,Wind,313,megawatthours
2026-01-23 00:00:00+00:00,CAL,California,WND,Wind,268,megawatthours
2026-01-23 01:00:00+00:00,CAL,California,WND,Wind,233,megawatthours
2026-01-23 02:00:00+00:00,CAL,California,WND,Wind,192,megawatthours
2026-01-23 03:00:00+00:00,CAL,California,WND,Wind,295,megawatthours
2026-01-23 04:00:00+00:00,CAL,California,WND,Wind,390,megawatthours
2026-01-23 05:00:00+00:00,CAL,California,WND,Wind,443,megawatthours
2026-01-23 06:00:00+00:00,CAL,California,WND,Wind,467,megawatthours
2026-01-23 07:00:00+00:00,CAL,California,WND,Wind,391,megawatthours
2026-01-23 08:00:00+00:00,CAL,California,WND,Wind,395,megawatthours
2026-01-23 09:00:00+00:00,CAL,California,WND,Wind,378,megawatthours
2026-01-23 10:00:00+00:00,CAL,California,WND,Wind,357,megawatthours
2026-01-23 11:00:00+00:00,CAL,California,WND,Wind,389,megawatthours
2026-01-23 12:00:00+00:00,CAL,California,WND,Wind,431,megawatthours
2026-01-23 13:00:00+00:00,CAL,California,WND,Wind,340,megawatthours
2026-01-23 14:00:00+00:00,CAL,California,WND,Wind,254,megawatthours
2026-01-23 15:00:00+00:00,CAL,California,WND,Wind,301,megawatthours
2026-01-23 16:00:00+00:00,CAL,California,WND,Wind,516,megawatthours
2026-01-23 17:00:00+00:00,CAL,California,WND,Wind,439,megawatthours
2026-01-23 18:00:00+00:00,CAL,California,WND,Wind,399,megawatthours
2026-01-23 19:00:00+00:00,CAL,California,WND,Wind,354,megawatthours
2026-01-23 20:00:00+00:00,CAL,California,WND,Wind,414,megawatthours
2026-01-23 21:00:00+00:00,CAL,California,WND,Wind,694,megawatthours
2026-01-23 22:00:00+00:00,CAL,California,WND,Wind,1327,megawatthours
2026-01-23 23:00:00+00:00,CAL,California,WND,Wind,1797,megawatthours
2026-01-24 00:00:00+00:00,CAL,California,WND,Wind,1893,megawatthours
2026-01-24 01:00:00+00:00,CAL,California,WND,Wind,1893,megawatthours
2026-01-24 02:00:00+00:00,CAL,California,WND,Wind,1660,megawatthours
2026-01-24 03:00:00+00:00,CAL,California,WND,Wind,1592,megawatthours
2026-01-24 04:00:00+00:00,CAL,California,WND,Wind,1916,megawatthours
2026-01-24 05:00:00+00:00,CAL,California,WND,Wind,1768,megawatthours
2026-01-24 06:00:00+00:00,CAL,California,WND,Wind,1610,megawatthours
2026-01-24 07:00:00+00:00,CAL,California,WND,Wind,1547,megawatthours
2026-01-24 08:00:00+00:00,CAL,California,WND,Wind,1600,megawatthours
2026-01-24 09:00:00+00:00,CAL,California,WND,Wind,1455,megawatthours
2026-01-24 10:00:00+00:00,CAL,California,WND,Wind,1303,megawatthours
2026-01-24 11:00:00+00:00,CAL,California,WND,Wind,1251,megawatthours
2026-01-24 12:00:00+00:00,CAL,California,WND,Wind,1177,megawatthours
2026-01-24 13:00:00+00:00,CAL,California,WND,Wind,1073,megawatthours
2026-01-24 14:00:00+00:00,CAL,California,WND,Wind,984,megawatthours
2026-01-24 15:00:00+00:00,CAL,California,WND,Wind,1004,megawatthours
2026-01-24 16:00:00+00:00,CAL,California,WND,Wind,1081,megawatthours
2026-01-24 17:00:00+00:00,CAL,California,WND,Wind,931,megawatthours
2026-01-24 18:00:00+00:00,CAL,California,WND,Wind,1010,megawatthours
2026-01-24 19:00:00+00:00,CAL,California,WND,Wind,1330,megawatthours
2026-01-24 20:00:00+00:00,CAL,California,WND,Wind,1655,megawatthours
2026-01-24 21:00:00+00:00,CAL,California,WND,Wind,1800,megawatthours
2026-01-24 22:00:00+00:00,CAL,California,WND,Wind,1691,megawatthours
2026-01-24 23:00:00+00:00,CAL,California,WND,Wind,1820,megawatthours
2026-01-25 00:00:00+00:00,CAL,California,WND,Wind,1843,megawatthours
2026-01-25 01:00:00+00:00,CAL,California,WND,Wind,1564,megawatthours
2026-01-25 02:00:00+00:00,CAL,California,WND,Wind,936,megawatthours
2026-01-25 03:00:00+00:00,CAL,California,WND,Wind,677,megawatthours
2026-01-25 04:00:00+00:00,CAL,California,WND,Wind,378,megawatthours
2026-01-25 05:00:00+00:00,CAL,California,WND,Wind,224,megawatthours
2026-01-25 06:00:00+00:00,CAL,California,WND,Wind,264,megawatthours
2026-01-25 07:00:00+00:00,CAL,California,WND,Wind,279,megawatthours
2026-01-25 08:00:00+00:00,CAL,California,WND,Wind,307,megawatthours
2026-01-25 09:00:00+00:00,CAL,California,WND,Wind,390,megawatthours
2026-01-25 10:00:00+00:00,CAL,California,WND,Wind,437,megawatthours
2026-01-25 11:00:00+00:00,CAL,California,WND,Wind,437,megawatthours
2026-01-25 12:00:00+00:00,CAL,California,WND,Wind,482,megawatthours
2026-01-25 13:00:00+00:00,CAL,California,WND,Wind,435,megawatthours
2026-01-25 14:00:00+00:00,CAL,California,WND,Wind,279,megawatthours
2026-01-25 15:00:00+00:00,CAL,California,WND,Wind,294,megawatthours
2026-01-25 16:00:00+00:00,CAL,California,WND,Wind,273,megawatthours
2026-01-25 17:00:00+00:00,CAL,California,WND,Wind,255,megawatthours
2026-01-25 18:00:00+00:00,CAL,California,WND,Wind,203,megawatthours
2026-01-25 19:00:00+00:00,CAL,California,WND,Wind,184,megawatthours
2026-01-25 20:00:00+00:00,CAL,California,WND,Wind,131,megawatthours
2026-01-25 21:00:00+00:00,CAL,California,WND,Wind,124,megawatthours
2026-01-25 22:00:00+00:00,CAL,California,WND,Wind,40,megawatthours
2026-01-25 23:00:00+00:00,CAL,California,WND,Wind,84,megawatthours
2026-01-26 00:00:00+00:00,CAL,California,WND,Wind,136,megawatthours
2026-01-26 01:00:00+00:00,CAL,California,WND,Wind,172,megawatthours
2026-01-26 02:00:00+00:00,CAL,California,WND,Wind,279,megawatthours
2026-01-26 03:00:00+00:00,CAL,California,WND,Wind,450,megawatthours
2026-01-26 04:00:00+00:00,CAL,California,WND,Wind,523,megawatthours
2026-01-26 05:00:00+00:00,CAL,California,WND,Wind,538,megawatthours
2026-01-26 06:00:00+00:00,CAL,California,WND,Wind,518,megawatthours
2026-01-26 07:00:00+00:00,CAL,California,WND,Wind,518,megawatthours
2026-01-26 08:00:00+00:00,CAL,California,WND,Wind,540,megawatthours
2026-01-26 09:00:00+00:00,CAL,California,WND,Wind,485,megawatthours
2026-01-26 10:00:00+00:00,CAL,California,WND,Wind,534,megawatthours
2026-01-26 11:00:00+00:00,CAL,California,WND,Wind,509,megawatthours
2026-01-26 12:00:00+00:00,CAL,California,WND,Wind,525,megawatthours
2026-01-26 13:00:00+00:00,CAL,California,WND,Wind,607,megawatthours
2026-01-26 14:00:00+00:00,CAL,California,WND,Wind,528,megawatthours
2026-01-26 15:00:00+00:00,CAL,California,WND,Wind,531,megawatthours
2026-01-26 16:00:00+00:00,CAL,California,WND,Wind,625,megawatthours
2026-01-26 17:00:00+00:00,CAL,California,WND,Wind,624,megawatthours
2026-01-26 18:00:00+00:00,CAL,California,WND,Wind,613,megawatthours
2026-01-26 19:00:00+00:00,CAL,California,WND,Wind,660,megawatthours
2026-01-26 20:00:00+00:00,CAL,California,WND,Wind,732,megawatthours
2026-01-26 21:00:00+00:00,CAL,California,WND,Wind,761,megawatthours
2026-01-26 22:00:00+00:00,CAL,California,WND,Wind,819,megawatthours
2026-01-26 23:00:00+00:00,CAL,California,WND,Wind,699,megawatthours
2026-01-27 00:00:00+00:00,CAL,California,WND,Wind,759,megawatthours
2026-01-27 01:00:00+00:00,CAL,California,WND,Wind,699,megawatthours
2026-01-27 02:00:00+00:00,CAL,California,WND,Wind,727,megawatthours
2026-01-27 03:00:00+00:00,CAL,California,WND,Wind,746,megawatthours
2026-01-27 04:00:00+00:00,CAL,California,WND,Wind,752,megawatthours
2026-01-27 05:00:00+00:00,CAL,California,WND,Wind,734,megawatthours
2026-01-27 06:00:00+00:00,CAL,California,WND,Wind,763,megawatthours
2026-01-27 07:00:00+00:00,CAL,California,WND,Wind,714,megawatthours
2026-01-27 08:00:00+00:00,CAL,California,WND,Wind,647,megawatthours
2026-01-27 09:00:00+00:00,CAL,California,WND,Wind,616,megawatthours
2026-01-27 10:00:00+00:00,CAL,California,WND,Wind,536,megawatthours
2026-01-27 11:00:00+00:00,CAL,California,WND,Wind,553,megawatthours
2026-01-27 12:00:00+00:00,CAL,California,WND,Wind,523,megawatthours
2026-01-27 13:00:00+00:00,CAL,California,WND,Wind,496,megawatthours
2026-01-27 14:00:00+00:00,CAL,California,WND,Wind,485,megawatthours
2026-01-27 15:00:00+00:00,CAL,California,WND,Wind,509,megawatthours
2026-01-27 16:00:00+00:00,CAL,California,WND,Wind,502,megawatthours
2026-01-27 17:00:00+00:00,CAL,California,WND,Wind,495,megawatthours
2026-01-27 18:00:00+00:00,CAL,California,WND,Wind,401,megawatthours
2026-01-27 19:00:00+00:00,CAL,California,WND,Wind,403,megawatthours
2026-01-27 20:00:00+00:00,CAL,California,WND,Wind,447,megawatthours
2026-01-27 21:00:00+00:00,CAL,California,WND,Wind,460,megawatthours
2026-01-27 22:00:00+00:00,CAL,California,WND,Wind,469,megawatthours
2026-01-27 23:00:00+00:00,CAL,California,WND,Wind,460,megawatthours
2026-01-28 00:00:00+00:00,CAL,California,WND,Wind,407,megawatthours
2026-01-28 01:00:00+00:00,CAL,California,WND,Wind,410,megawatthours
2026-01-28 02:00:00+00:00,CAL,California,WND,Wind,386,megawatthours
2026-01-28 03:00:00+00:00,CAL,California,WND,Wind,419,megawatthours
2026-01-28 04:00:00+00:00,CAL,California,WND,Wind,354,megawatthours
2026-01-28 05:00:00+00:00,CAL,California,WND,Wind,271,megawatthours
2026-01-28 06:00:00+00:00,CAL,California,WND,Wind,290,megawatthours
2026-01-28 07:00:00+00:00,CAL,California,WND,Wind,210,megawatthours
2026-01-28 08:00:00+00:00,CAL,California,WND,Wind,192,megawatthours
2026-01-28 09:00:00+00:00,CAL,California,WND,Wind,335,megawatthours
2026-01-28 10:00:00+00:00,CAL,California,WND,Wind,476,megawatthours
2026-01-28 11:00:00+00:00,CAL,California,WND,Wind,649,megawatthours
2026-01-28 12:00:00+00:00,CAL,California,WND,Wind,1408,megawatthours
2026-01-28 13:00:00+00:00,CAL,California,WND,Wind,1698,megawatthours
2026-01-28 14:00:00+00:00,CAL,California,WND,Wind,1295,megawatthours
2026-01-28 15:00:00+00:00,CAL,California,WND,Wind,1418,megawatthours
2026-01-28 16:00:00+00:00,CAL,California,WND,Wind,1443,megawatthours
2026-01-28 17:00:00+00:00,CAL,California,WND,Wind,1597,megawatthours
2026-01-28 18:00:00+00:00,CAL,California,WND,Wind,1546,megawatthours
2026-01-28 19:00:00+00:00,CAL,California,WND,Wind,1606,megawatthours
2026-01-28 20:00:00+00:00,CAL,California,WND,Wind,994,megawatthours
2026-01-28 21:00:00+00:00,CAL,California,WND,Wind,914,megawatthours
2026-01-28 22:00:00+00:00,CAL,California,WND,Wind,796,megawatthours
2026-01-28 23:00:00+00:00,CAL,California,WND,Wind,822,megawatthours
2026-01-29 00:00:00+00:00,CAL,California,WND,Wind,731,megawatthours
2026-01-29 01:00:00+00:00,CAL,California,WND,Wind,665,megawatthours
2026-01-29 02:00:00+00:00,CAL,California,WND,Wind,780,megawatthours
2026-01-29 03:00:00+00:00,CAL,California,WND,Wind,851,megawatthours
2026-01-29 04:00:00+00:00,CAL,California,WND,Wind,855,megawatthours
2026-01-29 05:00:00+00:00,CAL,California,WND,Wind,907,megawatthours
2026-01-29 06:00:00+00:00,CAL,California,WND,Wind,894,megawatthours
2026-01-29 07:00:00+00:00,CAL,California,WND,Wind,838,megawatthours
2026-01-29 08:00:00+00:00,CAL,California,WND,Wind,771,megawatthours
2026-01-29 09:00:00+00:00,CAL,California,WND,Wind,717,megawatthours
2026-01-29 10:00:00+00:00,CAL,California,WND,Wind,681,megawatthours
2026-01-29 11:00:00+00:00,CAL,California,WND,Wind,704,megawatthours
2026-01-29 12:00:00+00:00,CAL,California,WND,Wind,751,megawatthours
2026-01-29 13:00:00+00:00,CAL,California,WND,Wind,793,megawatthours
2026-01-29 14:00:00+00:00,CAL,California,WND,Wind,760,megawatthours
2026-01-29 15:00:00+00:00,CAL,California,WND,Wind,817,megawatthours
2026-01-29 16:00:00+00:00,CAL,California,WND,Wind,723,megawatthours
2026-01-29 17:00:00+00:00,CAL,California,WND,Wind,760,megawatthours
2026-01-29 18:00:00+00:00,CAL,California,WND,Wind,714,megawatthours
2026-01-29 19:00:00+00:00,CAL,California,WND,Wind,693,megawatthours
2026-01-29 20:00:00+00:00,CAL,California,WND,Wind,655,megawatthours
2026-01-29 21:00:00+00:00,CAL,California,WND,Wind,737,megawatthours
2026-01-29 22:00:00+00:00,CAL,California,WND,Wind,763,megawatthours
2026-01-29 23:00:00+00:00,CAL,California,WND,Wind,650,megawatthours
2026-01-30 00:00:00+00:00,CAL,California,WND,Wind,555,megawatthours
2026-01-30 01:00:00+00:00,CAL,California,WND,Wind,414,megawatthours
2026-01-30 02:00:00+00:00,CAL,California,WND,Wind,434,megawatthours
2026-01-30 03:00:00+00:00,CAL,California,WND,Wind,468,megawatthours
2026-01-30 04:00:00+00:00,CAL,California,WND,Wind,375,megawatthours
2026-01-30 05:00:00+00:00,CAL,California,WND,Wind,302,megawatthours
2026-01-30 06:00:00+00:00,CAL,California,WND,Wind,353,megawatthours
2026-01-30 07:00:00+00:00,CAL,California,WND,Wind,297,megawatthours
2026-01-30 08:00:00+00:00,CAL,California,WND,Wind,234,megawatthours
2026-01-30 09:00:00+00:00,CAL,California,WND,Wind,226,megawatthours
2026-01-30 10:00:00+00:00,CAL,California,WND,Wind,287,megawatthours
2026-01-30 11:00:00+00:00,CAL,California,WND,Wind,278,megawatthours
2026-01-30 12:00:00+00:00,CAL,California,WND,Wind,229,megawatthours
2026-01-30 13:00:00+00:00,CAL,California,WND,Wind,290,megawatthours
2026-01-30 14:00:00+00:00,CAL,California,WND,Wind,371,megawatthours
2026-01-30 15:00:00+00:00,CAL,California,WND,Wind,447,megawatthours
2026-01-30 16:00:00+00:00,CAL,California,WND,Wind,352,megawatthours
2026-01-30 17:00:00+00:00,CAL,California,WND,Wind,301,megawatthours
2026-01-30 18:00:00+00:00,CAL,California,WND,Wind,417,megawatthours
2026-01-30 19:00:00+00:00,CAL,California,WND,Wind,531,megawatthours
2026-01-30 20:00:00+00:00,CAL,California,WND,Wind,482,megawatthours
2026-01-30 21:00:00+00:00,CAL,California,WND,Wind,472,megawatthours
2026-01-30 22:00:00+00:00,CAL,California,WND,Wind,512,megawatthours
2026-01-30 23:00:00+00:00,CAL,California,WND,Wind,519,megawatthours
2026-01-31 00:00:00+00:00,CAL,California,WND,Wind,532,megawatthours
2026-01-31 01:00:00+00:00,CAL,California,WND,Wind,520,megawatthours
2026-01-31 02:00:00+00:00,CAL,California,WND,Wind,548,megawatthours
2026-01-31 03:00:00+00:00,CAL,California,WND,Wind,573,megawatthours
2026-01-31 04:00:00+00:00,CAL,California,WND,Wind,511,megawatthours
2026-01-31 05:00:00+00:00,CAL,California,WND,Wind,446,megawatthours
2026-01-31 06:00:00+00:00,CAL,California,WND,Wind,512,megawatthours
2026-01-31 07:00:00+00:00,CAL,California,WND,Wind,646,megawatthours
2026-01-31 08:00:00+00:00,CAL,California,WND,Wind,548,megawatthours
2026-01-31 09:00:00+00:00,CAL,California,WND,Wind,493,megawatthours
2026-01-31 10:00:00+00:00,CAL,California,WND,Wind,365,megawatthours
2026-01-31 11:00:00+00:00,CAL,California,WND,Wind,317,megawatthours
2026-01-31 12:00:00+00:00,CAL,California,WND,Wind,405,megawatthours
2026-01-31 13:00:00+00:00,CAL,California,WND,Wind,396,megawatthours
2026-01-31 14:00:00+00:00,CAL,California,WND,Wind,330,megawatthours
2026-01-31 15:00:00+00:00,CAL,California,WND,Wind,307,megawatthours
2026-01-31 16:00:00+00:00,CAL,California,WND,Wind,302,megawatthours
2026-01-31 17:00:00+00:00,CAL,California,WND,Wind,289,megawatthours
2026-01-31 18:00:00+00:00,CAL,California,WND,Wind,334,megawatthours
2026-01-31 19:00:00+00:00,CAL,California,WND,Wind,545,megawatthours
2026-01-31 20:00:00+00:00,CAL,California,WND,Wind,555,megawatthours
2026-01-31 21:00:00+00:00,CAL,California,WND,Wind,659,megawatthours
2026-01-31 22:00:00+00:00,CAL,California,WND,Wind,678,megawatthours
2026-01-31 23:00:00+00:00,CAL,California,WND,Wind,629,megawatthours
2026-02-01 00:00:00+00:00,CAL,California,WND,Wind,581,megawatthours
2026-02-01 01:00:00+00:00,CAL,California,WND,Wind,512,megawatthours
2026-02-01 02:00:00+00:00,CAL,California,WND,Wind,552,megawatthours
2026-02-01 03:00:00+00:00,CAL,California,WND,Wind,496,megawatthours
2026-02-01 04:00:00+00:00,CAL,California,WND,Wind,497,megawatthours
2026-02-01 05:00:00+00:00,CAL,California,WND,Wind,533,megawatthours
2026-02-01 06:00:00+00:00,CAL,California,WND,Wind,532,megawatthours
2026-02-01 07:00:00+00:00,CAL,California,WND,Wind,535,megawatthours
2026-02-01 08:00:00+00:00,CAL,California,WND,Wind,468,megawatthours
2026-02-01 09:00:00+00:00,CAL,California,WND,Wind,399,megawatthours
2026-02-01 10:00:00+00:00,CAL,California,WND,Wind,340,megawatthours
2026-02-01 11:00:00+00:00,CAL,California,WND,Wind,290,megawatthours
2026-02-01 12:00:00+00:00,CAL,California,WND,Wind,257,megawatthours
2026-02-01 13:00:00+00:00,CAL,California,WND,Wind,249,megawatthours
2026-02-01 14:00:00+00:00,CAL,California,WND,Wind,150,megawatthours
2026-02-01 15:00:00+00:00,CAL,California,WND,Wind,159,megawatthours
2026-02-01 16:00:00+00:00,CAL,California,WND,Wind,142,megawatthours
2026-02-01 17:00:00+00:00,CAL,California,WND,Wind,91,megawatthours
2026-02-01 18:00:00+00:00,CAL,California,WND,Wind,66,megawatthours
2026-02-01 19:00:00+00:00,CAL,California,WND,Wind,178,megawatthours
2026-02-01 20:00:00+00:00,CAL,California,WND,Wind,366,megawatthours
2026-02-01 21:00:00+00:00,CAL,California,WND,Wind,531,megawatthours
2026-02-01 22:00:00+00:00,CAL,California,WND,Wind,572,megawatthours
2026-02-01 23:00:00+00:00,CAL,California,WND,Wind,593,megawatthours
2026-02-02 00:00:00+00:00,CAL,California,WND,Wind,549,megawatthours
2026-02-02 01:00:00+00:00,CAL,California,WND,Wind,486,megawatthours
2026-02-02 02:00:00+00:00,CAL,California,WND,Wind,501,megawatthours
2026-02-02 03:00:00+00:00,CAL,California,WND,Wind,552,megawatthours
2026-02-02 04:00:00+00:00,CAL,California,WND,Wind,710,megawatthours
2026-02-02 05:00:00+00:00,CAL,California,WND,Wind,1059,megawatthours
2026-02-02 06:00:00+00:00,CAL,California,WND,Wind,1572,megawatthours
2026-02-02 07:00:00+00:00,CAL,California,WND,Wind,2081,megawatthours
2026-02-02 08:00:00+00:00,CAL,California,WND,Wind,2227,megawatthours
2026-02-02 09:00:00+00:00,CAL,California,WND,Wind,1568,megawatthours
2026-02-02 10:00:00+00:00,CAL,California,WND,Wind,1175,megawatthours
2026-02-02 11:00:00+00:00,CAL,California,WND,Wind,1106,megawatthours
2026-02-02 12:00:00+00:00,CAL,California,WND,Wind,874,megawatthours
2026-02-02 13:00:00+00:00,CAL,California,WND,Wind,623,megawatthours
2026-02-02 14:00:00+00:00,CAL,California,WND,Wind,640,megawatthours
2026-02-02 15:00:00+00:00,CAL,California,WND,Wind,647,megawatthours
2026-02-02 16:00:00+00:00,CAL,California,WND,Wind,531,megawatthours
2026-02-02 17:00:00+00:00,CAL,California,WND,Wind,495,megawatthours
2026-02-02 18:00:00+00:00,CAL,California,WND,Wind,534,megawatthours
2026-02-02 19:00:00+00:00,CAL,California,WND,Wind,557,megawatthours
2026-02-02 20:00:00+00:00,CAL,California,WND,Wind,625,megawatthours
2026-02-02 21:00:00+00:00,CAL,California,WND,Wind,580,megawatthours
2026-02-02 22:00:00+00:00,CAL,California,WND,Wind,550,megawatthours
2026-02-02 23:00:00+00:00,CAL,California,WND,Wind,524,megawatthours
2026-02-03 00:00:00+00:00,CAL,California,WND,Wind,567,megawatthours
2026-02-03 01:00:00+00:00,CAL,California,WND,Wind,561,megawatthours
2026-02-03 02:00:00+00:00,CAL,California,WND,Wind,564,megawatthours
2026-02-03 03:00:00+00:00,CAL,California,WND,Wind,566,megawatthours
2026-02-03 04:00:00+00:00,CAL,California,WND,Wind,452,megawatthours
2026-02-03 05:00:00+00:00,CAL,California,WND,Wind,512,megawatthours
2026-02-03 06:00:00+00:00,CAL,California,WND,Wind,476,megawatthours
2026-02-03 07:00:00+00:00,CAL,California,WND,Wind,416,megawatthours
2026-02-03 08:00:00+00:00,CAL,California,WND,Wind,454,megawatthours
2026-02-03 09:00:00+00:00,CAL,California,WND,Wind,521,megawatthours
2026-02-03 10:00:00+00:00,CAL,California,WND,Wind,516,megawatthours
2026-02-03 11:00:00+00:00,CAL,California,WND,Wind,470,megawatthours
2026-02-03 12:00:00+00:00,CAL,California,WND,Wind,374,megawatthours
2026-02-03 13:00:00+00:00,CAL,California,WND,Wind,321,megawatthours
2026-02-03 14:00:00+00:00,CAL,California,WND,Wind,297,megawatthours
2026-02-03 15:00:00+00:00,CAL,California,WND,Wind,341,megawatthours
2026-02-03 16:00:00+00:00,CAL,California,WND,Wind,365,megawatthours
2026-02-03 17:00:00+00:00,CAL,California,WND,Wind,343,megawatthours
2026-02-03 18:00:00+00:00,CAL,California,WND,Wind,329,megawatthours
2026-02-03 19:00:00+00:00,CAL,California,WND,Wind,365,megawatthours
2026-02-03 20:00:00+00:00,CAL,California,WND,Wind,442,megawatthours
2026-02-03 21:00:00+00:00,CAL,California,WND,Wind,563,megawatthours
2026-02-03 22:00:00+00:00,CAL,California,WND,Wind,740,megawatthours
2026-02-03 23:00:00+00:00,CAL,California,WND,Wind,799,megawatthours
2026-02-04 00:00:00+00:00,CAL,California,WND,Wind,767,megawatthours
2026-02-04 01:00:00+00:00,CAL,California,WND,Wind,707,megawatthours
2026-02-04 02:00:00+00:00,CAL,California,WND,Wind,671,megawatthours
2026-02-04 03:00:00+00:00,CAL,California,WND,Wind,779,megawatthours
2026-02-04 04:00:00+00:00,CAL,California,WND,Wind,842,megawatthours
2026-02-04 05:00:00+00:00,CAL,California,WND,Wind,882,megawatthours
2026-02-04 06:00:00+00:00,CAL,California,WND,Wind,927,megawatthours
2026-02-04 07:00:00+00:00,CAL,California,WND,Wind,892,megawatthours
2026-02-04 08:00:00+00:00,CAL,California,WND,Wind,761,megawatthours
2026-02-04 09:00:00+00:00,CAL,California,WND,Wind,634,megawatthours
2026-02-04 10:00:00+00:00,CAL,California,WND,Wind,639,megawatthours
2026-02-04 11:00:00+00:00,CAL,California,WND,Wind,718,megawatthours
2026-02-04 12:00:00+00:00,CAL,California,WND,Wind,789,megawatthours
2026-02-04 13:00:00+00:00,CAL,California,WND,Wind,736,megawatthours
2026-02-04 14:00:00+00:00,CAL,California,WND,Wind,760,megawatthours
2026-02-04 15:00:00+00:00,CAL,California,WND,Wind,934,megawatthours
2026-02-04 16:00:00+00:00,CAL,California,WND,Wind,975,megawatthours
2026-02-04 17:00:00+00:00,CAL,California,WND,Wind,1069,megawatthours
2026-02-04 18:00:00+00:00,CAL,California,WND,Wind,1081,megawatthours
2026-02-04 19:00:00+00:00,CAL,California,WND,Wind,1115,megawatthours
2026-02-04 20:00:00+00:00,CAL,California,WND,Wind,1279,megawatthours
2026-02-04 21:00:00+00:00,CAL,California,WND,Wind,1635,megawatthours
2026-02-04 22:00:00+00:00,CAL,California,WND,Wind,1792,megawatthours
2026-02-04 23:00:00+00:00,CAL,California,WND,Wind,1750,megawatthours
2026-02-05 00:00:00+00:00,CAL,California,WND,Wind,1658,megawatthours
2026-02-05 01:00:00+00:00,CAL,California,WND,Wind,1378,megawatthours
2026-02-05 02:00:00+00:00,CAL,California,WND,Wind,1089,megawatthours
2026-02-05 03:00:00+00:00,CAL,California,WND,Wind,991,megawatthours
2026-02-05 04:00:00+00:00,CAL,California,WND,Wind,910,megawatthours
2026-02-05 05:00:00+00:00,CAL,California,WND,Wind,808,megawatthours
2026-02-05 06:00:00+00:00,CAL,California,WND,Wind,741,megawatthours
2026-02-05 07:00:00+00:00,CAL,California,WND,Wind,716,megawatthours
2026-02-05 08:00:00+00:00,CAL,California,WND,Wind,1000,megawatthours
2026-02-05 09:00:00+00:00,CAL,California,WND,Wind,1134,megawatthours
2026-02-05 10:00:00+00:00,CAL,California,WND,Wind,1098,megawatthours
2026-02-05 11:00:00+00:00,CAL,California,WND,Wind,1111,megawatthours
2026-02-05 12:00:00+00:00,CAL,California,WND,Wind,1113,megawatthours
2026-02-05 13:00:00+00:00,CAL,California,WND,Wind,1163,megawatthours
2026-02-05 14:00:00+00:00,CAL,California,WND,Wind,1110,megawatthours
2026-02-05 15:00:00+00:00,CAL,California,WND,Wind,886,megawatthours
2026-02-05 16:00:00+00:00,CAL,California,WND,Wind,750,megawatthours
2026-02-05 17:00:00+00:00,CAL,California,WND,Wind,536,megawatthours
2026-02-05 18:00:00+00:00,CAL,California,WND,Wind,465,megawatthours
2026-02-05 19:00:00+00:00,CAL,California,WND,Wind,647,megawatthours
2026-02-05 20:00:00+00:00,CAL,California,WND,Wind,657,megawatthours
2026-02-05 21:00:00+00:00,CAL,California,WND,Wind,485,megawatthours
2026-02-05 22:00:00+00:00,CAL,California,WND,Wind,415,megawatthours
2026-02-05 23:00:00+00:00,CAL,California,WND,Wind,266,megawatthours
2026-02-06 00:00:00+00:00,CAL,California,WND,Wind,312,megawatthours
2026-02-06 01:00:00+00:00,CAL,California,WND,Wind,129,megawatthours
2026-02-06 02:00:00+00:00,CAL,California,WND,Wind,144,megawatthours
2026-02-06 03:00:00+00:00,CAL,California,WND,Wind,157,megawatthours
2026-02-06 04:00:00+00:00,CAL,California,WND,Wind,112,megawatthours
2026-02-06 05:00:00+00:00,CAL,California,WND,Wind,117,megawatthours
2026-02-06 06:00:00+00:00,CAL,California,WND,Wind,164,megawatthours
2026-02-06 07:00:00+00:00,CAL,California,WND,Wind,250,megawatthours
2026-02-06 08:00:00+00:00,CAL,California,WND,Wind,262,megawatthours
2026-02-06 09:00:00+00:00,CAL,California,WND,Wind,221,megawatthours
2026-02-06 10:00:00+00:00,CAL,California,WND,Wind,195,megawatthours
2026-02-06 11:00:00+00:00,CAL,California,WND,Wind,278,megawatthours
2026-02-06 12:00:00+00:00,CAL,California,WND,Wind,216,megawatthours
2026-02-06 13:00:00+00:00,CAL,California,WND,Wind,334,megawatthours
2026-02-06 14:00:00+00:00,CAL,California,WND,Wind,341,megawatthours
2026-02-06 15:00:00+00:00,CAL,California,WND,Wind,447,megawatthours
2026-02-06 16:00:00+00:00,CAL,California,WND,Wind,366,megawatthours
2026-02-06 17:00:00+00:00,CAL,California,WND,Wind,216,megawatthours
2026-02-06 18:00:00+00:00,CAL,California,WND,Wind,195,megawatthours
2026-02-06 19:00:00+00:00,CAL,California,WND,Wind,304,megawatthours
2026-02-06 20:00:00+00:00,CAL,California,WND,Wind,296,megawatthours
2026-02-06 21:00:00+00:00,CAL,California,WND,Wind,267,megawatthours
2026-02-06 22:00:00+00:00,CAL,California,WND,Wind,274,megawatthours
2026-02-06 23:00:00+00:00,CAL,California,WND,Wind,271,megawatthours
2026-02-07 00:00:00+00:00,CAL,California,WND,Wind,228,megawatthours
2026-02-07 01:00:00+00:00,CAL,California,WND,Wind,209,megawatthours
2026-02-07 02:00:00+00:00,CAL,California,WND,Wind,214,megawatthours
2026-02-07 03:00:00+00:00,CAL,California,WND,Wind,285,megawatthours
2026-02-07 04:00:00+00:00,CAL,California,WND,Wind,520,megawatthours
2026-02-07 05:00:00+00:00,CAL,California,WND,Wind,950,megawatthours
2026-02-07 06:00:00+00:00,CAL,California,WND,Wind,1014,megawatthours
2026-02-07 07:00:00+00:00,CAL,California,WND,Wind,939,megawatthours
2026-02-07 08:00:00+00:00,CAL,California,WND,Wind,1018,megawatthours
2026-02-07 09:00:00+00:00,CAL,California,WND,Wind,1324,megawatthours
2026-02-07 10:00:00+00:00,CAL,California,WND,Wind,1586,megawatthours
2026-02-07 11:00:00+00:00,CAL,California,WND,Wind,1558,megawatthours
2026-02-07 12:00:00+00:00,CAL,California,WND,Wind,1270,megawatthours
2026-02-07 13:00:00+00:00,CAL,California,WND,Wind,1226,megawatthours
2026-02-07 14:00:00+00:00,CAL,California,WND,Wind,1175,megawatthours
2026-02-07 15:00:00+00:00,CAL,California,WND,Wind,1062,megawatthours
2026-02-07 16:00:00+00:00,CAL,California,WND,Wind,483,megawatthours
2026-02-07 17:00:00+00:00,CAL,California,WND,Wind,454,megawatthours
2026-02-07 18:00:00+00:00,CAL,California,WND,Wind,527,megawatthours
2026-02-07 19:00:00+00:00,CAL,California,WND,Wind,714,megawatthours
2026-02-07 20:00:00+00:00,CAL,California,WND,Wind,877,megawatthours
2026-02-07 21:00:00+00:00,CAL,California,WND,Wind,756,megawatthours
2026-02-07 22:00:00+00:00,CAL,California,WND,Wind,714,megawatthours
2026-02-07 23:00:00+00:00,CAL,California,WND,Wind,644,megawatthours
2026-02-08 00:00:00+00:00,CAL,California,WND,Wind,1394,megawatthours
2026-02-08 01:00:00+00:00,CAL,California,WND,Wind,2259,megawatthours
2026-02-08 02:00:00+00:00,CAL,California,WND,Wind,2003,megawatthours
2026-02-08 03:00:00+00:00,CAL,California,WND,Wind,1833,megawatthours
2026-02-08 04:00:00+00:00,CAL,California,WND,Wind,1275,megawatthours
2026-02-08 05:00:00+00:00,CAL,California,WND,Wind,1090,megawatthours
2026-02-08 06:00:00+00:00,CAL,California,WND,Wind,1110,megawatthours
2026-02-08 07:00:00+00:00,CAL,California,WND,Wind,1442,megawatthours
2026-02-08 08:00:00+00:00,CAL,California,WND,Wind,1825,megawatthours
2026-02-08 09:00:00+00:00,CAL,California,WND,Wind,1807,megawatthours
2026-02-08 10:00:00+00:00,CAL,California,WND,Wind,1523,megawatthours
2026-02-08 11:00:00+00:00,CAL,California,WND,Wind,1194,megawatthours
2026-02-08 12:00:00+00:00,CAL,California,WND,Wind,1009,megawatthours
2026-02-08 13:00:00+00:00,CAL,California,WND,Wind,822,megawatthours
2026-02-08 14:00:00+00:00,CAL,California,WND,Wind,730,megawatthours
2026-02-08 15:00:00+00:00,CAL,California,WND,Wind,727,megawatthours
2026-02-08 16:00:00+00:00,CAL,California,WND,Wind,594,megawatthours
2026-02-08 17:00:00+00:00,CAL,California,WND,Wind,509,megawatthours
2026-02-08 18:00:00+00:00,CAL,California,WND,Wind,580,megawatthours
2026-02-08 19:00:00+00:00,CAL,California,WND,Wind,525,megawatthours
2026-02-08 20:00:00+00:00,CAL,California,WND,Wind,517,megawatthours
2026-02-08 21:00:00+00:00,CAL,California,WND,Wind,541,megawatthours
2026-02-08 22:00:00+00:00,CAL,California,WND,Wind,577,megawatthours
2026-02-08 23:00:00+00:00,CAL,California,WND,Wind,620,megawatthours
2026-02-09 00:00:00+00:00,CAL,California,WND,Wind,905,megawatthours
2026-02-09 01:00:00+00:00,CAL,California,WND,Wind,869,megawatthours
2026-02-09 02:00:00+00:00,CAL,California,WND,Wind,953,megawatthours
2026-02-09 03:00:00+00:00,CAL,California,WND,Wind,1103,megawatthours
2026-02-09 04:00:00+00:00,CAL,California,WND,Wind,1292,megawatthours
2026-02-09 05:00:00+00:00,CAL,California,WND,Wind,1554,megawatthours
2026-02-09 06:00:00+00:00,CAL,California,WND,Wind,1769,megawatthours
2026-02-09 07:00:00+00:00,CAL,California,WND,Wind,2040,megawatthours
2026-02-09 08:00:00+00:00,CAL,California,WND,Wind,2500,megawatthours
2026-02-09 09:00:00+00:00,CAL,California,WND,Wind,2491,megawatthours
2026-02-09 10:00:00+00:00,CAL,California,WND,Wind,2146,megawatthours
2026-02-09 11:00:00+00:00,CAL,California,WND,Wind,1597,megawatthours
2026-02-09 12:00:00+00:00,CAL,California,WND,Wind,1930,megawatthours
2026-02-09 13:00:00+00:00,CAL,California,WND,Wind,2664,megawatthours
2026-02-09 14:00:00+00:00,CAL,California,WND,Wind,2664,megawatthours
2026-02-09 15:00:00+00:00,CAL,California,WND,Wind,2128,megawatthours
2026-02-09 16:00:00+00:00,CAL,California,WND,Wind,2266,megawatthours
2026-02-09 17:00:00+00:00,CAL,California,WND,Wind,2467,megawatthours
2026-02-09 18:00:00+00:00,CAL,California,WND,Wind,1901,megawatthours
2026-02-09 19:00:00+00:00,CAL,California,WND,Wind,1446,megawatthours
2026-02-09 20:00:00+00:00,CAL,California,WND,Wind,1262,megawatthours
2026-02-09 21:00:00+00:00,CAL,California,WND,Wind,1092,megawatthours
2026-02-09 22:00:00+00:00,CAL,California,WND,Wind,1100,megawatthours
2026-02-09 23:00:00+00:00,CAL,California,WND,Wind,1288,megawatthours
2026-02-10 00:00:00+00:00,CAL,California,WND,Wind,1312,megawatthours
2026-02-10 01:00:00+00:00,CAL,California,WND,Wind,1110,megawatthours
2026-02-10 02:00:00+00:00,CAL,California,WND,Wind,1050,megawatthours
2026-02-10 03:00:00+00:00,CAL,California,WND,Wind,1077,megawatthours
2026-02-10 04:00:00+00:00,CAL,California,WND,Wind,1291,megawatthours
2026-02-10 05:00:00+00:00,CAL,California,WND,Wind,1602,megawatthours
2026-02-10 06:00:00+00:00,CAL,California,WND,Wind,1324,megawatthours
2026-02-10 07:00:00+00:00,CAL,California,WND,Wind,1317,megawatthours
2026-02-10 08:00:00+00:00,CAL,California,WND,Wind,1595,megawatthours
2026-02-10 09:00:00+00:00,CAL,California,WND,Wind,1510,megawatthours
2026-02-10 10:00:00+00:00,CAL,California,WND,Wind,1317,megawatthours
2026-02-10 11:00:00+00:00,CAL,California,WND,Wind,1259,megawatthours
2026-02-10 12:00:00+00:00,CAL,California,WND,Wind,1298,megawatthours
2026-02-10 13:00:00+00:00,CAL,California,WND,Wind,1053,megawatthours
2026-02-10 14:00:00+00:00,CAL,California,WND,Wind,833,megawatthours
2026-02-10 15:00:00+00:00,CAL,California,WND,Wind,960,megawatthours
2026-02-10 16:00:00+00:00,CAL,California,WND,Wind,831,megawatthours
2026-02-10 17:00:00+00:00,CAL,California,WND,Wind,717,megawatthours
2026-02-10 18:00:00+00:00,CAL,California,WND,Wind,664,megawatthours
2026-02-10 19:00:00+00:00,CAL,California,WND,Wind,590,megawatthours
2026-02-10 20:00:00+00:00,CAL,California,WND,Wind,645,megawatthours
2026-02-10 21:00:00+00:00,CAL,California,WND,Wind,677,megawatthours
2026-02-10 22:00:00+00:00,CAL,California,WND,Wind,1020,megawatthours
2026-02-10 23:00:00+00:00,CAL,California,WND,Wind,1579,megawatthours
2026-02-11 00:00:00+00:00,CAL,California,WND,Wind,1867,megawatthours
2026-02-11 01:00:00+00:00,CAL,California,WND,Wind,2062,megawatthours
2026-02-11 02:00:00+00:00,CAL,California,WND,Wind,2456,megawatthours
2026-02-11 03:00:00+00:00,CAL,California,WND,Wind,2329,megawatthours
2026-02-11 04:00:00+00:00,CAL,California,WND,Wind,2350,megawatthours
2026-02-11 05:00:00+00:00,CAL,California,WND,Wind,1666,megawatthours
2026-02-11 06:00:00+00:00,CAL,California,WND,Wind,1665,megawatthours
2026-02-11 07:00:00+00:00,CAL,California,WND,Wind,1606,megawatthours
2026-02-11 08:00:00+00:00,CAL,California,WND,Wind,1338,megawatthours
2026-02-11 09:00:00+00:00,CAL,California,WND,Wind,1592,megawatthours
2026-02-11 10:00:00+00:00,CAL,California,WND,Wind,1882,megawatthours
2026-02-11 11:00:00+00:00,CAL,California,WND,Wind,1872,megawatthours
2026-02-11 12:00:00+00:00,CAL,California,WND,Wind,1929,megawatthours
2026-02-11 13:00:00+00:00,CAL,California,WND,Wind,2097,megawatthours
2026-02-11 14:00:00+00:00,CAL,California,WND,Wind,1896,megawatthours
2026-02-11 15:00:00+00:00,CAL,California,WND,Wind,1411,megawatthours
2026-02-11 16:00:00+00:00,CAL,California,WND,Wind,1017,megawatthours
2026-02-11 17:00:00+00:00,CAL,California,WND,Wind,1209,megawatthours
2026-02-11 18:00:00+00:00,CAL,California,WND,Wind,1288,megawatthours
2026-02-11 19:00:00+00:00,CAL,California,WND,Wind,1537,megawatthours
2026-02-11 20:00:00+00:00,CAL,California,WND,Wind,1869,megawatthours
2026-02-11 21:00:00+00:00,CAL,California,WND,Wind,2125,megawatthours
2026-02-11 22:00:00+00:00,CAL,California,WND,Wind,1927,megawatthours
2026-02-11 23:00:00+00:00,CAL,California,WND,Wind,1909,megawatthours
2026-02-12 00:00:00+00:00,CAL,California,WND,Wind,2076,megawatthours
2026-02-12 01:00:00+00:00,CAL,California,WND,Wind,2206,megawatthours
2026-02-12 02:00:00+00:00,CAL,California,WND,Wind,1940,megawatthours
2026-02-12 03:00:00+00:00,CAL,California,WND,Wind,1659,megawatthours
2026-02-12 04:00:00+00:00,CAL,California,WND,Wind,1357,megawatthours
2026-02-12 05:00:00+00:00,CAL,California,WND,Wind,1409,megawatthours
2026-02-12 06:00:00+00:00,CAL,California,WND,Wind,2025,megawatthours
2026-02-12 07:00:00+00:00,CAL,California,WND,Wind,2075,megawatthours
2026-02-12 08:00:00+00:00,CAL,California,WND,Wind,1932,megawatthours
2026-02-12 09:00:00+00:00,CAL,California,WND,Wind,1896,megawatthours
2026-02-12 10:00:00+00:00,CAL,California,WND,Wind,1980,megawatthours
2026-02-12 11:00:00+00:00,CAL,California,WND,Wind,2098,megawatthours
2026-02-12 12:00:00+00:00,CAL,California,WND,Wind,1805,megawatthours
2026-02-12 13:00:00+00:00,CAL,California,WND,Wind,1676,megawatthours
2026-02-12 14:00:00+00:00,CAL,California,WND,Wind,1419,megawatthours
2026-02-12 15:00:00+00:00,CAL,California,WND,Wind,1159,megawatthours
2026-02-12 16:00:00+00:00,CAL,California,WND,Wind,791,megawatthours
2026-02-12 17:00:00+00:00,CAL,California,WND,Wind,485,megawatthours
2026-02-12 18:00:00+00:00,CAL,California,WND,Wind,411,megawatthours
2026-02-12 19:00:00+00:00,CAL,California,WND,Wind,404,megawatthours
2026-02-12 20:00:00+00:00,CAL,California,WND,Wind,474,megawatthours
2026-02-12 21:00:00+00:00,CAL,California,WND,Wind,442,megawatthours
2026-02-12 22:00:00+00:00,CAL,California,WND,Wind,395,megawatthours
2026-02-12 23:00:00+00:00,CAL,California,WND,Wind,317,megawatthours
2026-02-13 00:00:00+00:00,CAL,California,WND,Wind,504,megawatthours
2026-02-13 01:00:00+00:00,CAL,California,WND,Wind,675,megawatthours
2026-02-13 02:00:00+00:00,CAL,California,WND,Wind,1079,megawatthours
2026-02-13 03:00:00+00:00,CAL,California,WND,Wind,1648,megawatthours
2026-02-13 04:00:00+00:00,CAL,California,WND,Wind,1635,megawatthours
2026-02-13 05:00:00+00:00,CAL,California,WND,Wind,1789,megawatthours
2026-02-13 06:00:00+00:00,CAL,California,WND,Wind,1387,megawatthours
2026-02-13 07:00:00+00:00,CAL,California,WND,Wind,1170,megawatthours
2026-02-13 08:00:00+00:00,CAL,California,WND,Wind,1172,megawatthours
2026-02-13 09:00:00+00:00,CAL,California,WND,Wind,1118,megawatthours
2026-02-13 10:00:00+00:00,CAL,California,WND,Wind,1333,megawatthours
2026-02-13 11:00:00+00:00,CAL,California,WND,Wind,980,megawatthours
2026-02-13 12:00:00+00:00,CAL,California,WND,Wind,933,megawatthours
2026-02-13 13:00:00+00:00,CAL,California,WND,Wind,1035,megawatthours
2026-02-13 14:00:00+00:00,CAL,California,WND,Wind,1408,megawatthours
2026-02-13 15:00:00+00:00,CAL,California,WND,Wind,1555,megawatthours
2026-02-13 16:00:00+00:00,CAL,California,WND,Wind,946,megawatthours
2026-02-13 17:00:00+00:00,CAL,California,WND,Wind,444,megawatthours
2026-02-13 18:00:00+00:00,CAL,California,WND,Wind,448,megawatthours
2026-02-13 19:00:00+00:00,CAL,California,WND,Wind,518,megawatthours
2026-02-13 20:00:00+00:00,CAL,California,WND,Wind,799,megawatthours
2026-02-13 21:00:00+00:00,CAL,California,WND,Wind,1005,megawatthours
2026-02-13 22:00:00+00:00,CAL,California,WND,Wind,666,megawatthours
2026-02-13 23:00:00+00:00,CAL,California,WND,Wind,1593,megawatthours
2026-02-14 00:00:00+00:00,CAL,California,WND,Wind,1167,megawatthours
2026-02-14 01:00:00+00:00,CAL,California,WND,Wind,1607,megawatthours
2026-02-14 02:00:00+00:00,CAL,California,WND,Wind,1935,megawatthours
2026-02-14 03:00:00+00:00,CAL,California,WND,Wind,1433,megawatthours
2026-02-14 04:00:00+00:00,CAL,California,WND,Wind,1420,megawatthours
2026-02-14 05:00:00+00:00,CAL,California,WND,Wind,1573,megawatthours
2026-02-14 06:00:00+00:00,CAL,California,WND,Wind,1611,megawatthours
2026-02-14 07:00:00+00:00,CAL,California,WND,Wind,1407,megawatthours
2026-02-14 08:00:00+00:00,CAL,California,WND,Wind,1196,megawatthours
2026-02-14 09:00:00+00:00,CAL,California,WND,Wind,1094,megawatthours
2026-02-14 10:00:00+00:00,CAL,California,WND,Wind,921,megawatthours
2026-02-14 11:00:00+00:00,CAL,California,WND,Wind,687,megawatthours
2026-02-14 12:00:00+00:00,CAL,California,WND,Wind,690,megawatthours
2026-02-14 13:00:00+00:00,CAL,California,WND,Wind,634,megawatthours
2026-02-14 14:00:00+00:00,CAL,California,WND,Wind,658,megawatthours
2026-02-14 15:00:00+00:00,CAL,California,WND,Wind,655,megawatthours
2026-02-14 16:00:00+00:00,CAL,California,WND,Wind,608,megawatthours
2026-02-14 17:00:00+00:00,CAL,California,WND,Wind,678,megawatthours
2026-02-14 18:00:00+00:00,CAL,California,WND,Wind,684,megawatthours
2026-02-14 19:00:00+00:00,CAL,California,WND,Wind,696,megawatthours
2026-02-14 20:00:00+00:00,CAL,California,WND,Wind,854,megawatthours
2026-02-14 21:00:00+00:00,CAL,California,WND,Wind,1070,megawatthours
2026-02-14 22:00:00+00:00,CAL,California,WND,Wind,1261,megawatthours
2026-02-14 23:00:00+00:00,CAL,California,WND,Wind,1412,megawatthours
2026-02-15 00:00:00+00:00,CAL,California,WND,Wind,1296,megawatthours
2026-02-15 01:00:00+00:00,CAL,California,WND,Wind,1137,megawatthours
2026-02-15 02:00:00+00:00,CAL,California,WND,Wind,1063,megawatthours
2026-02-15 03:00:00+00:00,CAL,California,WND,Wind,1071,megawatthours
2026-02-15 04:00:00+00:00,CAL,California,WND,Wind,1080,megawatthours
2026-02-15 05:00:00+00:00,CAL,California,WND,Wind,1288,megawatthours
2026-02-15 06:00:00+00:00,CAL,California,WND,Wind,1199,megawatthours
2026-02-15 07:00:00+00:00,CAL,California,WND,Wind,1250,megawatthours
2026-02-15 08:00:00+00:00,CAL,California,WND,Wind,1208,megawatthours
2026-02-15 09:00:00+00:00,CAL,California,WND,Wind,996,megawatthours
2026-02-15 10:00:00+00:00,CAL,California,WND,Wind,1108,megawatthours
2026-02-15 11:00:00+00:00,CAL,California,WND,Wind,1186,megawatthours
2026-02-15 12:00:00+00:00,CAL,California,WND,Wind,1071,megawatthours
2026-02-15 13:00:00+00:00,CAL,California,WND,Wind,945,megawatthours
2026-02-15 14:00:00+00:00,CAL,California,WND,Wind,893,megawatthours
2026-02-15 15:00:00+00:00,CAL,California,WND,Wind,713,megawatthours
2026-02-15 16:00:00+00:00,CAL,California,WND,Wind,671,megawatthours
2026-02-15 17:00:00+00:00,CAL,California,WND,Wind,651,megawatthours
2026-02-15 18:00:00+00:00,CAL,California,WND,Wind,634,megawatthours
2026-02-15 19:00:00+00:00,CAL,California,WND,Wind,708,megawatthours
2026-02-15 20:00:00+00:00,CAL,California,WND,Wind,1058,megawatthours
2026-02-15 21:00:00+00:00,CAL,California,WND,Wind,1238,megawatthours
2026-02-15 22:00:00+00:00,CAL,California,WND,Wind,1328,megawatthours
2026-02-15 23:00:00+00:00,CAL,California,WND,Wind,1467,megawatthours
2026-02-16 00:00:00+00:00,CAL,California,WND,Wind,1451,megawatthours
2026-02-16 01:00:00+00:00,CAL,California,WND,Wind,1341,megawatthours
2026-02-16 02:00:00+00:00,CAL,California,WND,Wind,1372,megawatthours
2026-02-16 03:00:00+00:00,CAL,California,WND,Wind,1603,megawatthours
2026-02-16 04:00:00+00:00,CAL,California,WND,Wind,1758,megawatthours
2026-02-16 05:00:00+00:00,CAL,California,WND,Wind,1680,megawatthours
2026-02-16 06:00:00+00:00,CAL,California,WND,Wind,1707,megawatthours
2026-02-16 07:00:00+00:00,CAL,California,WND,Wind,1816,megawatthours
2026-02-16 08:00:00+00:00,CAL,California,WND,Wind,1986,megawatthours
2026-02-16 09:00:00+00:00,CAL,California,WND,Wind,2131,megawatthours
2026-02-16 10:00:00+00:00,CAL,California,WND,Wind,2414,megawatthours
2026-02-16 11:00:00+00:00,CAL,California,WND,Wind,2247,megawatthours
2026-02-16 12:00:00+00:00,CAL,California,WND,Wind,2126,megawatthours
2026-02-16 13:00:00+00:00,CAL,California,WND,Wind,1805,megawatthours
2026-02-16 14:00:00+00:00,CAL,California,WND,Wind,1559,megawatthours
2026-02-16 15:00:00+00:00,CAL,California,WND,Wind,1320,megawatthours
2026-02-16 16:00:00+00:00,CAL,California,WND,Wind,1066,megawatthours
2026-02-16 17:00:00+00:00,CAL,California,WND,Wind,1133,megawatthours
2026-02-16 18:00:00+00:00,CAL,California,WND,Wind,1269,megawatthours
2026-02-16 19:00:00+00:00,CAL,California,WND,Wind,1481,megawatthours
2026-02-16 20:00:00+00:00,CAL,California,WND,Wind,1605,megawatthours
2026-02-16 21:00:00+00:00,CAL,California,WND,Wind,1867,megawatthours
2026-02-16 22:00:00+00:00,CAL,California,WND,Wind,2295,megawatthours
2026-02-16 23:00:00+00:00,CAL,California,WND,Wind,1874,megawatthours
2026-02-17 00:00:00+00:00,CAL,California,WND,Wind,2350,megawatthours
2026-02-17 01:00:00+00:00,CAL,California,WND,Wind,2550,megawatthours
2026-02-17 02:00:00+00:00,CAL,California,WND,Wind,2688,megawatthours
2026-02-17 03:00:00+00:00,CAL,California,WND,Wind,2586,megawatthours
2026-02-17 04:00:00+00:00,CAL,California,WND,Wind,2436,megawatthours
2026-02-17 05:00:00+00:00,CAL,California,WND,Wind,2557,megawatthours
2026-02-17 06:00:00+00:00,CAL,California,WND,Wind,2984,megawatthours
2026-02-17 07:00:00+00:00,CAL,California,WND,Wind,3392,megawatthours
2026-02-17 08:00:00+00:00,CAL,California,WND,Wind,3648,megawatthours
2026-02-17 09:00:00+00:00,CAL,California,WND,Wind,3616,megawatthours
2026-02-17 10:00:00+00:00,CAL,California,WND,Wind,3118,megawatthours
2026-02-17 11:00:00+00:00,CAL,California,WND,Wind,2890,megawatthours
2026-02-17 12:00:00+00:00,CAL,California,WND,Wind,3010,megawatthours
2026-02-17 13:00:00+00:00,CAL,California,WND,Wind,3062,megawatthours
2026-02-17 14:00:00+00:00,CAL,California,WND,Wind,2987,megawatthours
2026-02-17 15:00:00+00:00,CAL,California,WND,Wind,2979,megawatthours
2026-02-17 16:00:00+00:00,CAL,California,WND,Wind,2777,megawatthours
2026-02-17 17:00:00+00:00,CAL,California,WND,Wind,2395,megawatthours
2026-02-17 18:00:00+00:00,CAL,California,WND,Wind,2369,megawatthours
2026-02-17 19:00:00+00:00,CAL,California,WND,Wind,2732,megawatthours
2026-02-17 20:00:00+00:00,CAL,California,WND,Wind,3440,megawatthours
2026-02-17 21:00:00+00:00,CAL,California,WND,Wind,3965,megawatthours
2026-02-17 22:00:00+00:00,CAL,California,WND,Wind,4226,megawatthours
2026-02-17 23:00:00+00:00,CAL,California,WND,Wind,4038,megawatthours
2026-02-18 00:00:00+00:00,CAL,California,WND,Wind,4184,megawatthours
2026-02-18 01:00:00+00:00,CAL,California,WND,Wind,3863,megawatthours
2026-02-18 02:00:00+00:00,CAL,California,WND,Wind,3450,megawatthours
2026-02-18 03:00:00+00:00,CAL,California,WND,Wind,3213,megawatthours
2026-02-18 04:00:00+00:00,CAL,California,WND,Wind,3480,megawatthours
2026-02-18 05:00:00+00:00,CAL,California,WND,Wind,3530,megawatthours
2026-02-18 06:00:00+00:00,CAL,California,WND,Wind,3842,megawatthours
2026-02-18 07:00:00+00:00,CAL,California,WND,Wind,3002,megawatthours
2026-02-18 08:00:00+00:00,CAL,California,WND,Wind,3785,megawatthours
2026-02-18 09:00:00+00:00,CAL,California,WND,Wind,3653,megawatthours
2026-02-18 10:00:00+00:00,CAL,California,WND,Wind,3848,megawatthours
2026-02-18 11:00:00+00:00,CAL,California,WND,Wind,3889,megawatthours
2026-02-18 12:00:00+00:00,CAL,California,WND,Wind,3356,megawatthours
2026-02-18 13:00:00+00:00,CAL,California,WND,Wind,3648,megawatthours
2026-02-18 14:00:00+00:00,CAL,California,WND,Wind,3297,megawatthours
2026-02-18 15:00:00+00:00,CAL,California,WND,Wind,2972,megawatthours
2026-02-18 16:00:00+00:00,CAL,California,WND,Wind,2661,megawatthours
2026-02-18 17:00:00+00:00,CAL,California,WND,Wind,2729,megawatthours
2026-02-18 18:00:00+00:00,CAL,California,WND,Wind,2637,megawatthours
2026-02-18 19:00:00+00:00,CAL,California,WND,Wind,2623,megawatthours
2026-02-18 20:00:00+00:00,CAL,California,WND,Wind,2394,megawatthours
2026-02-18 21:00:00+00:00,CAL,California,WND,Wind,2612,megawatthours
2026-02-18 22:00:00+00:00,CAL,California,WND,Wind,2906,megawatthours
2026-02-18 23:00:00+00:00,CAL,California,WND,Wind,2897,megawatthours
2026-02-19 00:00:00+00:00,CAL,California,WND,Wind,2539,megawatthours
2026-02-19 01:00:00+00:00,CAL,California,WND,Wind,2541,megawatthours
2026-02-19 02:00:00+00:00,CAL,California,WND,Wind,2220,megawatthours
2026-02-19 03:00:00+00:00,CAL,California,WND,Wind,2011,megawatthours
2026-02-19 04:00:00+00:00,CAL,California,WND,Wind,1881,megawatthours
2026-02-19 05:00:00+00:00,CAL,California,WND,Wind,1949,megawatthours
2026-02-19 06:00:00+00:00,CAL,California,WND,Wind,1935,megawatthours
2026-02-19 07:00:00+00:00,CAL,California,WND,Wind,2060,megawatthours
2026-02-19 08:00:00+00:00,CAL,California,WND,Wind,2395,megawatthours
2026-02-19 09:00:00+00:00,CAL,California,WND,Wind,2503,megawatthours
2026-02-19 10:00:00+00:00,CAL,California,WND,Wind,2478,megawatthours
2026-02-19 11:00:00+00:00,CAL,California,WND,Wind,2673,megawatthours
2026-02-19 12:00:00+00:00,CAL,California,WND,Wind,2815,megawatthours
2026-02-19 13:00:00+00:00,CAL,California,WND,Wind,2873,megawatthours
2026-02-19 14:00:00+00:00,CAL,California,WND,Wind,2663,megawatthours
2026-02-19 15:00:00+00:00,CAL,California,WND,Wind,2263,megawatthours
2026-02-19 16:00:00+00:00,CAL,California,WND,Wind,2541,megawatthours
2026-02-19 17:00:00+00:00,CAL,California,WND,Wind,2967,megawatthours
2026-02-19 18:00:00+00:00,CAL,California,WND,Wind,3082,megawatthours
2026-02-19 19:00:00+00:00,CAL,California,WND,Wind,2848,megawatthours
2026-02-19 20:00:00+00:00,CAL,California,WND,Wind,2536,megawatthours
2026-02-19 21:00:00+00:00,CAL,California,WND,Wind,2548,megawatthours
2026-02-19 22:00:00+00:00,CAL,California,WND,Wind,2837,megawatthours
2026-02-19 23:00:00+00:00,CAL,California,WND,Wind,3339,megawatthours
2026-02-20 00:00:00+00:00,CAL,California,WND,Wind,4077,megawatthours
2026-02-20 01:00:00+00:00,CAL,California,WND,Wind,4054,megawatthours
2026-02-20 02:00:00+00:00,CAL,California,WND,Wind,3217,megawatthours
2026-02-20 03:00:00+00:00,CAL,California,WND,Wind,3113,megawatthours
2026-02-20 04:00:00+00:00,CAL,California,WND,Wind,2983,megawatthours
2026-02-20 05:00:00+00:00,CAL,California,WND,Wind,2924,megawatthours
2026-02-20 06:00:00+00:00,CAL,California,WND,Wind,3114,megawatthours
2026-02-20 07:00:00+00:00,CAL,California,WND,Wind,2996,megawatthours
2026-02-20 08:00:00+00:00,CAL,California,WND,Wind,2819,megawatthours
2026-02-20 09:00:00+00:00,CAL,California,WND,Wind,2729,megawatthours
2026-02-20 10:00:00+00:00,CAL,California,WND,Wind,2726,megawatthours
2026-02-20 11:00:00+00:00,CAL,California,WND,Wind,2645,megawatthours
2026-02-20 12:00:00+00:00,CAL,California,WND,Wind,2555,megawatthours
2026-02-20 13:00:00+00:00,CAL,California,WND,Wind,2319,megawatthours
2026-02-20 14:00:00+00:00,CAL,California,WND,Wind,2232,megawatthours
2026-02-20 15:00:00+00:00,CAL,California,WND,Wind,2037,megawatthours
2026-02-20 16:00:00+00:00,CAL,California,WND,Wind,1702,megawatthours
2026-02-20 17:00:00+00:00,CAL,California,WND,Wind,1957,megawatthours
2026-02-20 18:00:00+00:00,CAL,California,WND,Wind,2036,megawatthours
2026-02-20 19:00:00+00:00,CAL,California,WND,Wind,1692,megawatthours
2026-02-20 20:00:00+00:00,CAL,California,WND,Wind,915,megawatthours
2026-02-20 21:00:00+00:00,CAL,California,WND,Wind,607,megawatthours
2026-02-20 22:00:00+00:00,CAL,California,WND,Wind,577,megawatthours
2026-02-20 23:00:00+00:00,CAL,California,WND,Wind,535,megawatthours
2026-02-21 00:00:00+00:00,CAL,California,WND,Wind,532,megawatthours
2026-02-21 01:00:00+00:00,CAL,California,WND,Wind,538,megawatthours
2026-02-21 02:00:00+00:00,CAL,California,WND,Wind,520,megawatthours
2026-02-21 03:00:00+00:00,CAL,California,WND,Wind,532,megawatthours
2026-02-21 04:00:00+00:00,CAL,California,WND,Wind,514,megawatthours
2026-02-21 05:00:00+00:00,CAL,California,WND,Wind,586,megawatthours
2026-02-21 06:00:00+00:00,CAL,California,WND,Wind,595,megawatthours
2026-02-21 07:00:00+00:00,CAL,California,WND,Wind,665,megawatthours
2026-02-21 08:00:00+00:00,CAL,California,WND,Wind,702,megawatthours
2026-02-21 09:00:00+00:00,CAL,California,WND,Wind,679,megawatthours
2026-02-21 10:00:00+00:00,CAL,California,WND,Wind,584,megawatthours
2026-02-21 11:00:00+00:00,CAL,California,WND,Wind,642,megawatthours
2026-02-21 12:00:00+00:00,CAL,California,WND,Wind,706,megawatthours
2026-02-21 13:00:00+00:00,CAL,California,WND,Wind,696,megawatthours
2026-02-21 14:00:00+00:00,CAL,California,WND,Wind,758,megawatthours
2026-02-21 15:00:00+00:00,CAL,California,WND,Wind,689,megawatthours
2026-02-21 16:00:00+00:00,CAL,California,WND,Wind,684,megawatthours
2026-02-21 17:00:00+00:00,CAL,California,WND,Wind,716,megawatthours
2026-02-21 18:00:00+00:00,CAL,California,WND,Wind,720,megawatthours
2026-02-21 19:00:00+00:00,CAL,California,WND,Wind,729,megawatthours
2026-02-21 20:00:00+00:00,CAL,California,WND,Wind,645,megawatthours
2026-02-21 21:00:00+00:00,CAL,California,WND,Wind,440,megawatthours
2026-02-21 22:00:00+00:00,CAL,California,WND,Wind,527,megawatthours
2026-02-21 23:00:00+00:00,CAL,California,WND,Wind,487,megawatthours
2026-02-22 00:00:00+00:00,CAL,California,WND,Wind,434,megawatthours
2026-02-22 01:00:00+00:00,CAL,California,WND,Wind,428,megawatthours
2026-02-22 02:00:00+00:00,CAL,California,WND,Wind,455,megawatthours
2026-02-22 03:00:00+00:00,CAL,California,WND,Wind,536,megawatthours
2026-02-22 04:00:00+00:00,CAL,California,WND,Wind,590,megawatthours
2026-02-22 05:00:00+00:00,CAL,California,WND,Wind,722,megawatthours
2026-02-22 06:00:00+00:00,CAL,California,WND,Wind,750,megawatthours
2026-02-22 07:00:00+00:00,CAL,California,WND,Wind,738,megawatthours
2026-02-22 08:00:00+00:00,CAL,California,WND,Wind,710,megawatthours
2026-02-22 09:00:00+00:00,CAL,California,WND,Wind,676,megawatthours
2026-02-22 10:00:00+00:00,CAL,California,WND,Wind,659,megawatthours
2026-02-22 11:00:00+00:00,CAL,California,WND,Wind,502,megawatthours
2026-02-22 12:00:00+00:00,CAL,California,WND,Wind,510,megawatthours
2026-02-22 13:00:00+00:00,CAL,California,WND,Wind,437,megawatthours
2026-02-22 14:00:00+00:00,CAL,California,WND,Wind,418,megawatthours
2026-02-22 15:00:00+00:00,CAL,California,WND,Wind,403,megawatthours
2026-02-22 16:00:00+00:00,CAL,California,WND,Wind,378,megawatthours
2026-02-22 17:00:00+00:00,CAL,California,WND,Wind,448,megawatthours
2026-02-22 18:00:00+00:00,CAL,California,WND,Wind,496,megawatthours
2026-02-22 19:00:00+00:00,CAL,California,WND,Wind,589,megawatthours
2026-02-22 20:00:00+00:00,CAL,California,WND,Wind,591,megawatthours
2026-02-22 21:00:00+00:00,CAL,California,WND,Wind,522,megawatthours
2026-02-22 22:00:00+00:00,CAL,California,WND,Wind,515,megawatthours
2026-02-22 23:00:00+00:00,CAL,California,WND,Wind,508,megawatthours
2026-02-23 00:00:00+00:00,CAL,California,WND,Wind,486,megawatthours
2026-02-23 01:00:00+00:00,CAL,California,WND,Wind,418,megawatthours
2026-02-23 02:00:00+00:00,CAL,California,WND,Wind,483,megawatthours
2026-02-23 03:00:00+00:00,CAL,California,WND,Wind,533,megawatthours
2026-02-23 04:00:00+00:00,CAL,California,WND,Wind,474,megawatthours
2026-02-23 05:00:00+00:00,CAL,California,WND,Wind,507,megawatthours
2026-02-23 06:00:00+00:00,CAL,California,WND,Wind,479,megawatthours
2026-02-23 07:00:00+00:00,CAL,California,WND,Wind,448,megawatthours
2026-02-23 08:00:00+00:00,CAL,California,WND,Wind,432,megawatthours
2026-02-23 09:00:00+00:00,CAL,California,WND,Wind,428,megawatthours
2026-02-23 10:00:00+00:00,CAL,California,WND,Wind,442,megawatthours
2026-02-23 11:00:00+00:00,CAL,California,WND,Wind,396,megawatthours
2026-02-23 12:00:00+00:00,CAL,California,WND,Wind,343,megawatthours
2026-02-23 13:00:00+00:00,CAL,California,WND,Wind,364,megawatthours
2026-02-23 14:00:00+00:00,CAL,California,WND,Wind,386,megawatthours
2026-02-23 15:00:00+00:00,CAL,California,WND,Wind,471,megawatthours
2026-02-23 16:00:00+00:00,CAL,California,WND,Wind,467,megawatthours
2026-02-23 17:00:00+00:00,CAL,California,WND,Wind,426,megawatthours
2026-02-23 18:00:00+00:00,CAL,California,WND,Wind,446,megawatthours
2026-02-23 19:00:00+00:00,CAL,California,WND,Wind,442,megawatthours
2026-02-23 20:00:00+00:00,CAL,California,WND,Wind,408,megawatthours
2026-02-23 21:00:00+00:00,CAL,California,WND,Wind,386,megawatthours
2026-02-23 22:00:00+00:00,CAL,California,WND,Wind,386,megawatthours
2026-02-23 23:00:00+00:00,CAL,California,WND,Wind,410,megawatthours
2026-02-24 00:00:00+00:00,CAL,California,WND,Wind,413,megawatthours
2026-02-24 01:00:00+00:00,CAL,California,WND,Wind,472,megawatthours
2026-02-24 02:00:00+00:00,CAL,California,WND,Wind,604,megawatthours
2026-02-24 03:00:00+00:00,CAL,California,WND,Wind,694,megawatthours
2026-02-24 04:00:00+00:00,CAL,California,WND,Wind,855,megawatthours
2026-02-24 05:00:00+00:00,CAL,California,WND,Wind,977,megawatthours
2026-02-24 06:00:00+00:00,CAL,California,WND,Wind,1107,megawatthours
2026-02-24 07:00:00+00:00,CAL,California,WND,Wind,1155,megawatthours
2026-02-24 08:00:00+00:00,CAL,California,WND,Wind,1096,megawatthours
2026-02-24 09:00:00+00:00,CAL,California,WND,Wind,1256,megawatthours
2026-02-24 10:00:00+00:00,CAL,California,WND,Wind,1409,megawatthours
2026-02-24 11:00:00+00:00,CAL,California,WND,Wind,1402,megawatthours
2026-02-24 12:00:00+00:00,CAL,California,WND,Wind,1501,megawatthours
2026-02-24 13:00:00+00:00,CAL,California,WND,Wind,1826,megawatthours
2026-02-24 14:00:00+00:00,CAL,California,WND,Wind,1689,megawatthours
2026-02-24 15:00:00+00:00,CAL,California,WND,Wind,1777,megawatthours
2026-02-24 16:00:00+00:00,CAL,California,WND,Wind,1782,megawatthours
2026-02-24 17:00:00+00:00,CAL,California,WND,Wind,1652,megawatthours
2026-02-24 18:00:00+00:00,CAL,California,WND,Wind,1585,megawatthours
2026-02-24 19:00:00+00:00,CAL,California,WND,Wind,1684,megawatthours
2026-02-24 20:00:00+00:00,CAL,California,WND,Wind,2057,megawatthours
2026-02-24 21:00:00+00:00,CAL,California,WND,Wind,2351,megawatthours
2026-02-24 22:00:00+00:00,CAL,California,WND,Wind,2654,megawatthours
2026-02-24 23:00:00+00:00,CAL,California,WND,Wind,2767,megawatthours
2026-02-25 00:00:00+00:00,CAL,California,WND,Wind,2922,megawatthours
2026-02-25 01:00:00+00:00,CAL,California,WND,Wind,2799,megawatthours
2026-02-25 02:00:00+00:00,CAL,California,WND,Wind,2794,megawatthours
2026-02-25 03:00:00+00:00,CAL,California,WND,Wind,2749,megawatthours
2026-02-25 04:00:00+00:00,CAL,California,WND,Wind,2752,megawatthours
2026-02-25 05:00:00+00:00,CAL,California,WND,Wind,2984,megawatthours
2026-02-25 06:00:00+00:00,CAL,California,WND,Wind,3282,megawatthours
2026-02-25 07:00:00+00:00,CAL,California,WND,Wind,3408,megawatthours
2026-02-25 08:00:00+00:00,CAL,California,WND,Wind,3257,megawatthours
2026-02-25 09:00:00+00:00,CAL,California,WND,Wind,3128,megawatthours
2026-02-25 10:00:00+00:00,CAL,California,WND,Wind,3257,megawatthours
2026-02-25 11:00:00+00:00,CAL,California,WND,Wind,3263,megawatthours
2026-02-25 12:00:00+00:00,CAL,California,WND,Wind,3013,megawatthours
2026-02-25 13:00:00+00:00,CAL,California,WND,Wind,2908,megawatthours
2026-02-25 14:00:00+00:00,CAL,California,WND,Wind,2794,megawatthours
2026-02-25 15:00:00+00:00,CAL,California,WND,Wind,2850,megawatthours
2026-02-25 16:00:00+00:00,CAL,California,WND,Wind,2902,megawatthours
2026-02-25 17:00:00+00:00,CAL,California,WND,Wind,2593,megawatthours
2026-02-25 18:00:00+00:00,CAL,California,WND,Wind,2370,megawatthours
2026-02-25 19:00:00+00:00,CAL,California,WND,Wind,2746,megawatthours
2026-02-25 20:00:00+00:00,CAL,California,WND,Wind,2925,megawatthours
2026-02-25 21:00:00+00:00,CAL,California,WND,Wind,2994,megawatthours
2026-02-25 22:00:00+00:00,CAL,California,WND,Wind,3041,megawatthours
2026-02-25 23:00:00+00:00,CAL,California,WND,Wind,2814,megawatthours
2026-02-26 00:00:00+00:00,CAL,California,WND,Wind,2666,megawatthours
2026-02-26 01:00:00+00:00,CAL,California,WND,Wind,2796,megawatthours
2026-02-26 02:00:00+00:00,CAL,California,WND,Wind,2708,megawatthours
2026-02-26 03:00:00+00:00,CAL,California,WND,Wind,2536,megawatthours
2026-02-26 04:00:00+00:00,CAL,California,WND,Wind,2668,megawatthours
2026-02-26 05:00:00+00:00,CAL,California,WND,Wind,2863,megawatthours
2026-02-26 06:00:00+00:00,CAL,California,WND,Wind,2881,megawatthours
2026-02-26 07:00:00+00:00,CAL,California,WND,Wind,2857,megawatthours
2026-02-26 08:00:00+00:00,CAL,California,WND,Wind,3352,megawatthours
2026-02-26 09:00:00+00:00,CAL,California,WND,Wind,3402,megawatthours
2026-02-26 10:00:00+00:00,CAL,California,WND,Wind,3491,megawatthours
2026-02-26 11:00:00+00:00,CAL,California,WND,Wind,3630,megawatthours
2026-02-26 12:00:00+00:00,CAL,California,WND,Wind,3666,megawatthours
2026-02-26 13:00:00+00:00,CAL,California,WND,Wind,3532,megawatthours
2026-02-26 14:00:00+00:00,CAL,California,WND,Wind,3691,megawatthours
2026-02-26 15:00:00+00:00,CAL,California,WND,Wind,3779,megawatthours
2026-02-26 16:00:00+00:00,CAL,California,WND,Wind,3537,megawatthours
2026-02-26 17:00:00+00:00,CAL,California,WND,Wind,2891,megawatthours
2026-02-26 18:00:00+00:00,CAL,California,WND,Wind,2650,megawatthours
2026-02-26 19:00:00+00:00,CAL,California,WND,Wind,2371,megawatthours
2026-02-26 20:00:00+00:00,CAL,California,WND,Wind,2091,megawatthours
2026-02-26 21:00:00+00:00,CAL,California,WND,Wind,1806,megawatthours
2026-02-26 22:00:00+00:00,CAL,California,WND,Wind,1162,megawatthours
2026-02-26 23:00:00+00:00,CAL,California,WND,Wind,962,megawatthours
2026-02-27 00:00:00+00:00,CAL,California,WND,Wind,1012,megawatthours
2026-02-27 01:00:00+00:00,CAL,California,WND,Wind,1000,megawatthours
2026-02-27 02:00:00+00:00,CAL,California,WND,Wind,1072,megawatthours
2026-02-27 03:00:00+00:00,CAL,California,WND,Wind,1025,megawatthours
2026-02-27 04:00:00+00:00,CAL,California,WND,Wind,1199,megawatthours
2026-02-27 05:00:00+00:00,CAL,California,WND,Wind,1196,megawatthours
2026-02-27 06:00:00+00:00,CAL,California,WND,Wind,1255,megawatthours
2026-02-27 07:00:00+00:00,CAL,California,WND,Wind,1090,megawatthours
2026-02-27 08:00:00+00:00,CAL,California,WND,Wind,1087,megawatthours
2026-02-27 09:00:00+00:00,CAL,California,WND,Wind,1152,megawatthours
2026-02-27 10:00:00+00:00,CAL,California,WND,Wind,841,megawatthours
2026-02-27 11:00:00+00:00,CAL,California,WND,Wind,534,megawatthours
2026-02-27 12:00:00+00:00,CAL,California,WND,Wind,564,megawatthours
2026-02-27 13:00:00+00:00,CAL,California,WND,Wind,884,megawatthours
2026-02-27 14:00:00+00:00,CAL,California,WND,Wind,924,megawatthours
2026-02-27 15:00:00+00:00,CAL,California,WND,Wind,643,megawatthours
2026-02-27 16:00:00+00:00,CAL,California,WND,Wind,589,megawatthours
2026-02-27 17:00:00+00:00,CAL,California,WND,Wind,511,megawatthours
2026-02-27 18:00:00+00:00,CAL,California,WND,Wind,436,megawatthours
2026-02-27 19:00:00+00:00,CAL,California,WND,Wind,401,megawatthours
2026-02-27 20:00:00+00:00,CAL,California,WND,Wind,378,megawatthours
2026-02-27 21:00:00+00:00,CAL,California,WND,Wind,406,megawatthours
2026-02-27 22:00:00+00:00,CAL,California,WND,Wind,460,megawatthours
2026-02-27 23:00:00+00:00,CAL,California,WND,Wind,564,megawatthours
2026-02-28 00:00:00+00:00,CAL,California,WND,Wind,733,megawatthours
2026-02-28 01:00:00+00:00,CAL,California,WND,Wind,863,megawatthours
2026-02-28 02:00:00+00:00,CAL,California,WND,Wind,1079,megawatthours
2026-02-28 03:00:00+00:00,CAL,California,WND,Wind,1140,megawatthours
2026-02-28 04:00:00+00:00,CAL,California,WND,Wind,1132,megawatthours
2026-02-28 05:00:00+00:00,CAL,California,WND,Wind,1238,megawatthours
2026-02-28 06:00:00+00:00,CAL,California,WND,Wind,985,megawatthours
2026-02-28 07:00:00+00:00,CAL,California,WND,Wind,548,megawatthours
2026-02-28 08:00:00+00:00,CAL,California,WND,Wind,539,megawatthours
2026-02-28 09:00:00+00:00,CAL,California,WND,Wind,525,megawatthours
2026-02-28 10:00:00+00:00,CAL,California,WND,Wind,523,megawatthours
2026-02-28 11:00:00+00:00,CAL,California,WND,Wind,480,megawatthours
2026-02-28 12:00:00+00:00,CAL,California,WND,Wind,481,megawatthours
2026-02-28 13:00:00+00:00,CAL,California,WND,Wind,487,megawatthours
2026-02-28 14:00:00+00:00,CAL,California,WND,Wind,542,megawatthours
2026-02-28 15:00:00+00:00,CAL,California,WND,Wind,526,megawatthours
2026-02-28 16:00:00+00:00,CAL,California,WND,Wind,415,megawatthours
2026-02-28 17:00:00+00:00,CAL,California,WND,Wind,412,megawatthours
2026-02-28 18:00:00+00:00,CAL,California,WND,Wind,359,megawatthours
2026-02-28 19:00:00+00:00,CAL,California,WND,Wind,541,megawatthours
2026-02-28 20:00:00+00:00,CAL,California,WND,Wind,937,megawatthours
2026-02-28 21:00:00+00:00,CAL,California,WND,Wind,1281,megawatthours
2026-02-28 22:00:00+00:00,CAL,California,WND,Wind,1797,megawatthours
2026-02-28 23:00:00+00:00,CAL,California,WND,Wind,2192,megawatthours
2026-03-01 00:00:00+00:00,CAL,California,WND,Wind,2425,megawatthours
2026-03-01 01:00:00+00:00,CAL,California,WND,Wind,2489,megawatthours
2026-03-01 02:00:00+00:00,CAL,California,WND,Wind,2056,megawatthours
2026-03-01 03:00:00+00:00,CAL,California,WND,Wind,1631,megawatthours
2026-03-01 04:00:00+00:00,CAL,California,WND,Wind,1516,megawatthours
2026-03-01 05:00:00+00:00,CAL,California,WND,Wind,1611,megawatthours
2026-03-01 06:00:00+00:00,CAL,California,WND,Wind,1657,megawatthours
2026-03-01 07:00:00+00:00,CAL,California,WND,Wind,1618,megawatthours
2026-03-01 08:00:00+00:00,CAL,California,WND,Wind,1585,megawatthours
2026-03-01 09:00:00+00:00,CAL,California,WND,Wind,1929,megawatthours
2026-03-01 10:00:00+00:00,CAL,California,WND,Wind,1884,megawatthours
2026-03-01 11:00:00+00:00,CAL,California,WND,Wind,2052,megawatthours
2026-03-01 12:00:00+00:00,CAL,California,WND,Wind,1989,megawatthours
2026-03-01 13:00:00+00:00,CAL,California,WND,Wind,2031,megawatthours
2026-03-01 14:00:00+00:00,CAL,California,WND,Wind,1962,megawatthours
2026-03-01 15:00:00+00:00,CAL,California,WND,Wind,1861,megawatthours
2026-03-01 16:00:00+00:00,CAL,California,WND,Wind,1738,megawatthours
2026-03-01 17:00:00+00:00,CAL,California,WND,Wind,1644,megawatthours
2026-03-01 18:00:00+00:00,CAL,California,WND,Wind,1438,megawatthours
2026-03-01 19:00:00+00:00,CAL,California,WND,Wind,1670,megawatthours
2026-03-01 20:00:00+00:00,CAL,California,WND,Wind,2275,megawatthours
2026-03-01 21:00:00+00:00,CAL,California,WND,Wind,2588,megawatthours
2026-03-01 22:00:00+00:00,CAL,California,WND,Wind,3058,megawatthours
2026-03-01 23:00:00+00:00,CAL,California,WND,Wind,2849,megawatthours
2026-03-02 00:00:00+00:00,CAL,California,WND,Wind,2684,megawatthours
2026-03-02 01:00:00+00:00,CAL,California,WND,Wind,2728,megawatthours
2026-03-02 02:00:00+00:00,CAL,California,WND,Wind,2188,megawatthours
2026-03-02 03:00:00+00:00,CAL,California,WND,Wind,2200,megawatthours
2026-03-02 04:00:00+00:00,CAL,California,WND,Wind,2255,megawatthours
2026-03-02 05:00:00+00:00,CAL,California,WND,Wind,2449,megawatthours
2026-03-02 06:00:00+00:00,CAL,California,WND,Wind,2484,megawatthours
2026-03-02 07:00:00+00:00,CAL,California,WND,Wind,2324,megawatthours
2026-03-02 08:00:00+00:00,CAL,California,WND,Wind,2311,megawatthours
2026-03-02 09:00:00+00:00,CAL,California,WND,Wind,2228,megawatthours
2026-03-02 10:00:00+00:00,CAL,California,WND,Wind,2241,megawatthours
2026-03-02 11:00:00+00:00,CAL,California,WND,Wind,2467,megawatthours
2026-03-02 12:00:00+00:00,CAL,California,WND,Wind,2559,megawatthours
2026-03-02 13:00:00+00:00,CAL,California,WND,Wind,2741,megawatthours
2026-03-02 14:00:00+00:00,CAL,California,WND,Wind,3148,megawatthours
2026-03-02 15:00:00+00:00,CAL,California,WND,Wind,3474,megawatthours
2026-03-02 16:00:00+00:00,CAL,California,WND,Wind,3320,megawatthours
2026-03-02 17:00:00+00:00,CAL,California,WND,Wind,3300,megawatthours
2026-03-02 18:00:00+00:00,CAL,California,WND,Wind,3515,megawatthours
2026-03-02 19:00:00+00:00,CAL,California,WND,Wind,3892,megawatthours
2026-03-02 20:00:00+00:00,CAL,California,WND,Wind,3765,megawatthours
2026-03-02 21:00:00+00:00,CAL,California,WND,Wind,3844,megawatthours
2026-03-02 22:00:00+00:00,CAL,California,WND,Wind,4020,megawatthours
2026-03-02 23:00:00+00:00,CAL,California,WND,Wind,3920,megawatthours
2026-03-03 00:00:00+00:00,CAL,California,WND,Wind,3713,megawatthours
2026-03-03 01:00:00+00:00,CAL,California,WND,Wind,3568,megawatthours
2026-03-03 02:00:00+00:00,CAL,California,WND,Wind,3866,megawatthours
2026-03-03 03:00:00+00:00,CAL,California,WND,Wind,4165,megawatthours
2026-03-03 04:00:00+00:00,CAL,California,WND,Wind,3786,megawatthours
2026-03-03 05:00:00+00:00,CAL,California,WND,Wind,4048,megawatthours
2026-03-03 06:00:00+00:00,CAL,California,WND,Wind,3880,megawatthours
2026-03-03 07:00:00+00:00,CAL,California,WND,Wind,3396,megawatthours
2026-03-03 08:00:00+00:00,CAL,California,WND,Wind,2251,megawatthours
2026-03-03 09:00:00+00:00,CAL,California,WND,Wind,2794,megawatthours
2026-03-03 10:00:00+00:00,CAL,California,WND,Wind,2707,megawatthours
2026-03-03 11:00:00+00:00,CAL,California,WND,Wind,2015,megawatthours
2026-03-03 12:00:00+00:00,CAL,California,WND,Wind,1485,megawatthours
2026-03-03 13:00:00+00:00,CAL,California,WND,Wind,1132,megawatthours
2026-03-03 14:00:00+00:00,CAL,California,WND,Wind,1068,megawatthours
2026-03-03 15:00:00+00:00,CAL,California,WND,Wind,979,megawatthours
2026-03-03 16:00:00+00:00,CAL,California,WND,Wind,645,megawatthours
2026-03-03 17:00:00+00:00,CAL,California,WND,Wind,639,megawatthours
2026-03-03 18:00:00+00:00,CAL,California,WND,Wind,913,megawatthours
2026-03-03 19:00:00+00:00,CAL,California,WND,Wind,1050,megawatthours
2026-03-03 20:00:00+00:00,CAL,California,WND,Wind,937,megawatthours
2026-03-03 21:00:00+00:00,CAL,California,WND,Wind,716,megawatthours
2026-03-03 22:00:00+00:00,CAL,California,WND,Wind,645,megawatthours
2026-03-03 23:00:00+00:00,CAL,California,WND,Wind,503,megawatthours
2026-03-04 00:00:00+00:00,CAL,California,WND,Wind,398,megawatthours
2026-03-04 01:00:00+00:00,CAL,California,WND,Wind,334,megawatthours
2026-03-04 02:00:00+00:00,CAL,California,WND,Wind,349,megawatthours
2026-03-04 03:00:00+00:00,CAL,California,WND,Wind,559,megawatthours
2026-03-04 04:00:00+00:00,CAL,California,WND,Wind,796,megawatthours
2026-03-04 05:00:00+00:00,CAL,California,WND,Wind,960,megawatthours
2026-03-04 06:00:00+00:00,CAL,California,WND,Wind,1042,megawatthours
2026-03-04 07:00:00+00:00,CAL,California,WND,Wind,1287,megawatthours
2026-03-04 08:00:00+00:00,CAL,California,WND,Wind,1218,megawatthours
2026-03-04 09:00:00+00:00,CAL,California,WND,Wind,1085,megawatthours
2026-03-04 10:00:00+00:00,CAL,California,WND,Wind,1299,megawatthours
2026-03-04 11:00:00+00:00,CAL,California,WND,Wind,1606,megawatthours
2026-03-04 12:00:00+00:00,CAL,California,WND,Wind,1492,megawatthours
2026-03-04 13:00:00+00:00,CAL,California,WND,Wind,1920,megawatthours
2026-03-04 14:00:00+00:00,CAL,California,WND,Wind,2419,megawatthours
2026-03-04 15:00:00+00:00,CAL,California,WND,Wind,2990,megawatthours
2026-03-04 16:00:00+00:00,CAL,California,WND,Wind,2925,megawatthours
2026-03-04 17:00:00+00:00,CAL,California,WND,Wind,2013,megawatthours
2026-03-04 18:00:00+00:00,CAL,California,WND,Wind,1349,megawatthours
2026-03-04 19:00:00+00:00,CAL,California,WND,Wind,2118,megawatthours
2026-03-04 20:00:00+00:00,CAL,California,WND,Wind,3607,megawatthours
2026-03-04 21:00:00+00:00,CAL,California,WND,Wind,3800,megawatthours
2026-03-04 22:00:00+00:00,CAL,California,WND,Wind,3780,megawatthours
2026-03-04 23:00:00+00:00,CAL,California,WND,Wind,3827,megawatthours
2026-03-05 00:00:00+00:00,CAL,California,WND,Wind,4045,megawatthours
2026-03-05 01:00:00+00:00,CAL,California,WND,Wind,4465,megawatthours
2026-03-05 02:00:00+00:00,CAL,California,WND,Wind,4206,megawatthours
2026-03-05 03:00:00+00:00,CAL,California,WND,Wind,4090,megawatthours
2026-03-05 04:00:00+00:00,CAL,California,WND,Wind,3945,megawatthours
2026-03-05 05:00:00+00:00,CAL,California,WND,Wind,4080,megawatthours
2026-03-05 06:00:00+00:00,CAL,California,WND,Wind,4268,megawatthours
2026-03-05 07:00:00+00:00,CAL,California,WND,Wind,4088,megawatthours
2026-03-05 08:00:00+00:00,CAL,California,WND,Wind,4351,megawatthours
2026-03-05 09:00:00+00:00,CAL,California,WND,Wind,4284,megawatthours
2026-03-05 10:00:00+00:00,CAL,California,WND,Wind,4270,megawatthours
2026-03-05 11:00:00+00:00,CAL,California,WND,Wind,4232,megawatthours
2026-03-05 12:00:00+00:00,CAL,California,WND,Wind,4006,megawatthours
2026-03-05 13:00:00+00:00,CAL,California,WND,Wind,3265,megawatthours
2026-03-05 14:00:00+00:00,CAL,California,WND,Wind,2952,megawatthours
2026-03-05 15:00:00+00:00,CAL,California,WND,Wind,3256,megawatthours
2026-03-05 16:00:00+00:00,CAL,California,WND,Wind,2830,megawatthours
2026-03-05 17:00:00+00:00,CAL,California,WND,Wind,2526,megawatthours
2026-03-05 18:00:00+00:00,CAL,California,WND,Wind,2338,megawatthours
2026-03-05 19:00:00+00:00,CAL,California,WND,Wind,1936,megawatthours
2026-03-05 20:00:00+00:00,CAL,California,WND,Wind,1524,megawatthours
2026-03-05 21:00:00+00:00,CAL,California,WND,Wind,1348,megawatthours
2026-03-05 22:00:00+00:00,CAL,California,WND,Wind,1389,megawatthours
2026-03-05 23:00:00+00:00,CAL,California,WND,Wind,1875,megawatthours
2026-03-06 00:00:00+00:00,CAL,California,WND,Wind,2589,megawatthours
2026-03-06 01:00:00+00:00,CAL,California,WND,Wind,3325,megawatthours
2026-03-06 02:00:00+00:00,CAL,California,WND,Wind,3442,megawatthours
2026-03-06 03:00:00+00:00,CAL,California,WND,Wind,3775,megawatthours
2026-03-06 04:00:00+00:00,CAL,California,WND,Wind,3928,megawatthours
2026-03-06 05:00:00+00:00,CAL,California,WND,Wind,3789,megawatthours
2026-03-06 06:00:00+00:00,CAL,California,WND,Wind,3730,megawatthours
2026-03-06 07:00:00+00:00,CAL,California,WND,Wind,3475,megawatthours
2026-03-06 08:00:00+00:00,CAL,California,WND,Wind,2720,megawatthours
2026-03-06 09:00:00+00:00,CAL,California,WND,Wind,2219,megawatthours
2026-03-06 10:00:00+00:00,CAL,California,WND,Wind,2160,megawatthours
2026-03-06 11:00:00+00:00,CAL,California,WND,Wind,2918,megawatthours
2026-03-06 12:00:00+00:00,CAL,California,WND,Wind,2740,megawatthours
2026-03-06 13:00:00+00:00,CAL,California,WND,Wind,2737,megawatthours
2026-03-06 14:00:00+00:00,CAL,California,WND,Wind,2851,megawatthours
2026-03-06 15:00:00+00:00,CAL,California,WND,Wind,2747,megawatthours
2026-03-06 16:00:00+00:00,CAL,California,WND,Wind,2364,megawatthours
2026-03-06 17:00:00+00:00,CAL,California,WND,Wind,2136,megawatthours
2026-03-06 18:00:00+00:00,CAL,California,WND,Wind,1915,megawatthours
2026-03-06 19:00:00+00:00,CAL,California,WND,Wind,1870,megawatthours
2026-03-06 20:00:00+00:00,CAL,California,WND,Wind,1719,megawatthours
2026-03-06 21:00:00+00:00,CAL,California,WND,Wind,1464,megawatthours
2026-03-06 22:00:00+00:00,CAL,California,WND,Wind,1378,megawatthours
2026-03-06 23:00:00+00:00,CAL,California,WND,Wind,1400,megawatthours
2026-03-07 00:00:00+00:00,CAL,California,WND,Wind,1340,megawatthours
2026-03-07 01:00:00+00:00,CAL,California,WND,Wind,1591,megawatthours
2026-03-07 02:00:00+00:00,CAL,California,WND,Wind,1405,megawatthours
2026-03-07 03:00:00+00:00,CAL,California,WND,Wind,1613,megawatthours
2026-03-07 04:00:00+00:00,CAL,California,WND,Wind,1686,megawatthours
2026-03-07 05:00:00+00:00,CAL,California,WND,Wind,1698,megawatthours
2026-03-07 06:00:00+00:00,CAL,California,WND,Wind,1810,megawatthours
2026-03-07 07:00:00+00:00,CAL,California,WND,Wind,1875,megawatthours
2026-03-07 08:00:00+00:00,CAL,California,WND,Wind,1851,megawatthours
2026-03-07 09:00:00+00:00,CAL,California,WND,Wind,1839,megawatthours
2026-03-07 10:00:00+00:00,CAL,California,WND,Wind,1978,megawatthours
2026-03-07 11:00:00+00:00,CAL,California,WND,Wind,2676,megawatthours
2026-03-07 12:00:00+00:00,CAL,California,WND,Wind,2503,megawatthours
2026-03-07 13:00:00+00:00,CAL,California,WND,Wind,2512,megawatthours
2026-03-07 14:00:00+00:00,CAL,California,WND,Wind,2632,megawatthours
2026-03-07 15:00:00+00:00,CAL,California,WND,Wind,2461,megawatthours
2026-03-07 16:00:00+00:00,CAL,California,WND,Wind,2058,megawatthours
2026-03-07 17:00:00+00:00,CAL,California,WND,Wind,1827,megawatthours
2026-03-07 18:00:00+00:00,CAL,California,WND,Wind,1657,megawatthours
2026-03-07 19:00:00+00:00,CAL,California,WND,Wind,1517,megawatthours
2026-03-07 20:00:00+00:00,CAL,California,WND,Wind,1355,megawatthours
2026-03-07 21:00:00+00:00,CAL,California,WND,Wind,1129,megawatthours
2026-03-07 22:00:00+00:00,CAL,California,WND,Wind,974,megawatthours
2026-03-07 23:00:00+00:00,CAL,California,WND,Wind,996,megawatthours
2026-03-08 00:00:00+00:00,CAL,California,WND,Wind,991,megawatthours
2026-03-08 01:00:00+00:00,CAL,California,WND,Wind,1311,megawatthours
2026-03-08 02:00:00+00:00,CAL,California,WND,Wind,1285,megawatthours
2026-03-08 03:00:00+00:00,CAL,California,WND,Wind,1415,megawatthours
2026-03-08 04:00:00+00:00,CAL,California,WND,Wind,1544,megawatthours
2026-03-08 05:00:00+00:00,CAL,California,WND,Wind,1581,megawatthours
2026-03-08 06:00:00+00:00,CAL,California,WND,Wind,1661,megawatthours
2026-03-08 07:00:00+00:00,CAL,California,WND,Wind,1753,megawatthours
2026-03-08 08:00:00+00:00,CAL,California,WND,Wind,1793,megawatthours
2026-03-08 09:00:00+00:00,CAL,California,WND,Wind,1409,megawatthours
2026-03-08 10:00:00+00:00,CAL,California,WND,Wind,1540,megawatthours
2026-03-08 11:00:00+00:00,CAL,California,WND,Wind,1553,megawatthours
2026-03-08 12:00:00+00:00,CAL,California,WND,Wind,1390,megawatthours
2026-03-08 13:00:00+00:00,CAL,California,WND,Wind,1274,megawatthours
2026-03-08 14:00:00+00:00,CAL,California,WND,Wind,1319,megawatthours
2026-03-08 15:00:00+00:00,CAL,California,WND,Wind,1161,megawatthours
2026-03-08 16:00:00+00:00,CAL,California,WND,Wind,917,megawatthours
2026-03-08 17:00:00+00:00,CAL,California,WND,Wind,1069,megawatthours
2026-03-08 18:00:00+00:00,CAL,California,WND,Wind,1130,megawatthours
2026-03-08 19:00:00+00:00,CAL,California,WND,Wind,1197,megawatthours
2026-03-08 20:00:00+00:00,CAL,California,WND,Wind,1427,megawatthours
2026-03-08 21:00:00+00:00,CAL,California,WND,Wind,1574,megawatthours
2026-03-08 22:00:00+00:00,CAL,California,WND,Wind,1463,megawatthours
2026-03-08 23:00:00+00:00,CAL,California,WND,Wind,1396,megawatthours
2026-03-09 00:00:00+00:00,CAL,California,WND,Wind,1259,megawatthours
2026-03-09 01:00:00+00:00,CAL,California,WND,Wind,1177,megawatthours
2026-03-09 02:00:00+00:00,CAL,California,WND,Wind,843,megawatthours
2026-03-09 03:00:00+00:00,CAL,California,WND,Wind,980,megawatthours
2026-03-09 04:00:00+00:00,CAL,California,WND,Wind,1010,megawatthours
2026-03-09 05:00:00+00:00,CAL,California,WND,Wind,1123,megawatthours
2026-03-09 06:00:00+00:00,CAL,California,WND,Wind,1054,megawatthours
2026-03-09 07:00:00+00:00,CAL,California,WND,Wind,915,megawatthours
2026-03-09 08:00:00+00:00,CAL,California,WND,Wind,1056,megawatthours
2026-03-09 09:00:00+00:00,CAL,California,WND,Wind,965,megawatthours
2026-03-09 10:00:00+00:00,CAL,California,WND,Wind,1114,megawatthours
2026-03-09 11:00:00+00:00,CAL,California,WND,Wind,960,megawatthours
2026-03-09 12:00:00+00:00,CAL,California,WND,Wind,1016,megawatthours
2026-03-09 13:00:00+00:00,CAL,California,WND,Wind,1086,megawatthours
2026-03-09 14:00:00+00:00,CAL,California,WND,Wind,1141,megawatthours
2026-03-09 15:00:00+00:00,CAL,California,WND,Wind,885,megawatthours
2026-03-09 16:00:00+00:00,CAL,California,WND,Wind,746,megawatthours
2026-03-09 17:00:00+00:00,CAL,California,WND,Wind,834,megawatthours
2026-03-09 18:00:00+00:00,CAL,California,WND,Wind,969,megawatthours
2026-03-09 19:00:00+00:00,CAL,California,WND,Wind,1067,megawatthours
2026-03-09 20:00:00+00:00,CAL,California,WND,Wind,1131,megawatthours
2026-03-09 21:00:00+00:00,CAL,California,WND,Wind,1157,megawatthours
2026-03-09 22:00:00+00:00,CAL,California,WND,Wind,1055,megawatthours
2026-03-09 23:00:00+00:00,CAL,California,WND,Wind,1003,megawatthours
2026-03-10 00:00:00+00:00,CAL,California,WND,Wind,1202,megawatthours
2026-03-10 01:00:00+00:00,CAL,California,WND,Wind,1383,megawatthours
2026-03-10 02:00:00+00:00,CAL,California,WND,Wind,1711,megawatthours
2026-03-10 03:00:00+00:00,CAL,California,WND,Wind,2268,megawatthours
2026-03-10 04:00:00+00:00,CAL,California,WND,Wind,2338,megawatthours
2026-03-10 05:00:00+00:00,CAL,California,WND,Wind,2717,megawatthours
2026-03-10 06:00:00+00:00,CAL,California,WND,Wind,3016,megawatthours
2026-03-10 07:00:00+00:00,CAL,California,WND,Wind,3437,megawatthours
2026-03-10 08:00:00+00:00,CAL,California,WND,Wind,3816,megawatthours
2026-03-10 09:00:00+00:00,CAL,California,WND,Wind,3648,megawatthours
2026-03-10 10:00:00+00:00,CAL,California,WND,Wind,3498,megawatthours
2026-03-10 11:00:00+00:00,CAL,California,WND,Wind,3652,megawatthours
2026-03-10 12:00:00+00:00,CAL,California,WND,Wind,3493,megawatthours
2026-03-10 13:00:00+00:00,CAL,California,WND,Wind,3437,megawatthours
2026-03-10 14:00:00+00:00,CAL,California,WND,Wind,3555,megawatthours
2026-03-10 15:00:00+00:00,CAL,California,WND,Wind,3315,megawatthours
2026-03-10 16:00:00+00:00,CAL,California,WND,Wind,3058,megawatthours
2026-03-10 17:00:00+00:00,CAL,California,WND,Wind,2764,megawatthours
2026-03-10 18:00:00+00:00,CAL,California,WND,Wind,2672,megawatthours
2026-03-10 19:00:00+00:00,CAL,California,WND,Wind,2952,megawatthours
2026-03-10 20:00:00+00:00,CAL,California,WND,Wind,3129,megawatthours
2026-03-10 21:00:00+00:00,CAL,California,WND,Wind,3517,megawatthours
2026-03-10 22:00:00+00:00,CAL,California,WND,Wind,3656,megawatthours
2026-03-10 23:00:00+00:00,CAL,California,WND,Wind,3115,megawatthours
2026-03-11 00:00:00+00:00,CAL,California,WND,Wind,3340,megawatthours
2026-03-11 01:00:00+00:00,CAL,California,WND,Wind,3614,megawatthours
2026-03-11 02:00:00+00:00,CAL,California,WND,Wind,3640,megawatthours
2026-03-11 03:00:00+00:00,CAL,California,WND,Wind,4128,megawatthours
2026-03-11 04:00:00+00:00,CAL,California,WND,Wind,4101,megawatthours
2026-03-11 05:00:00+00:00,CAL,California,WND,Wind,4068,megawatthours
2026-03-11 06:00:00+00:00,CAL,California,WND,Wind,4189,megawatthours
2026-03-11 07:00:00+00:00,CAL,California,WND,Wind,4531,megawatthours
2026-03-11 08:00:00+00:00,CAL,California,WND,Wind,4194,megawatthours
2026-03-11 09:00:00+00:00,CAL,California,WND,Wind,3984,megawatthours
2026-03-11 10:00:00+00:00,CAL,California,WND,Wind,3655,megawatthours
2026-03-11 11:00:00+00:00,CAL,California,WND,Wind,3424,megawatthours
2026-03-11 12:00:00+00:00,CAL,California,WND,Wind,3200,megawatthours
2026-03-11 13:00:00+00:00,CAL,California,WND,Wind,2975,megawatthours
2026-03-11 14:00:00+00:00,CAL,California,WND,Wind,2521,megawatthours
2026-03-11 15:00:00+00:00,CAL,California,WND,Wind,1962,megawatthours
2026-03-11 16:00:00+00:00,CAL,California,WND,Wind,1524,megawatthours
2026-03-11 17:00:00+00:00,CAL,California,WND,Wind,1069,megawatthours
2026-03-11 18:00:00+00:00,CAL,California,WND,Wind,654,megawatthours
2026-03-11 19:00:00+00:00,CAL,California,WND,Wind,688,megawatthours
2026-03-11 20:00:00+00:00,CAL,California,WND,Wind,858,megawatthours
2026-03-11 21:00:00+00:00,CAL,California,WND,Wind,1041,megawatthours
2026-03-11 22:00:00+00:00,CAL,California,WND,Wind,1232,megawatthours
2026-03-11 23:00:00+00:00,CAL,California,WND,Wind,1383,megawatthours
2026-03-12 00:00:00+00:00,CAL,California,WND,Wind,1689,megawatthours
2026-03-12 01:00:00+00:00,CAL,California,WND,Wind,1978,megawatthours
2026-03-12 02:00:00+00:00,CAL,California,WND,Wind,2280,megawatthours
2026-03-12 03:00:00+00:00,CAL,California,WND,Wind,2411,megawatthours
2026-03-12 04:00:00+00:00,CAL,California,WND,Wind,2040,megawatthours
2026-03-12 05:00:00+00:00,CAL,California,WND,Wind,1803,megawatthours
2026-03-12 06:00:00+00:00,CAL,California,WND,Wind,1373,megawatthours
2026-03-12 07:00:00+00:00,CAL,California,WND,Wind,1286,megawatthours
2026-03-12 08:00:00+00:00,CAL,California,WND,Wind,1153,megawatthours
2026-03-12 09:00:00+00:00,CAL,California,WND,Wind,1020,megawatthours
2026-03-12 10:00:00+00:00,CAL,California,WND,Wind,1052,megawatthours
2026-03-12 11:00:00+00:00,CAL,California,WND,Wind,1060,megawatthours
2026-03-12 12:00:00+00:00,CAL,California,WND,Wind,964,megawatthours
2026-03-12 13:00:00+00:00,CAL,California,WND,Wind,1133,megawatthours
2026-03-12 14:00:00+00:00,CAL,California,WND,Wind,1227,megawatthours
2026-03-12 15:00:00+00:00,CAL,California,WND,Wind,1326,megawatthours
2026-03-12 16:00:00+00:00,CAL,California,WND,Wind,1181,megawatthours
2026-03-12 17:00:00+00:00,CAL,California,WND,Wind,1169,megawatthours
2026-03-12 18:00:00+00:00,CAL,California,WND,Wind,1385,megawatthours
2026-03-12 19:00:00+00:00,CAL,California,WND,Wind,1543,megawatthours
2026-03-12 20:00:00+00:00,CAL,California,WND,Wind,1701,megawatthours
2026-03-12 21:00:00+00:00,CAL,California,WND,Wind,1568,megawatthours
2026-03-12 22:00:00+00:00,CAL,California,WND,Wind,1438,megawatthours
2026-03-12 23:00:00+00:00,CAL,California,WND,Wind,1477,megawatthours
2026-03-13 00:00:00+00:00,CAL,California,WND,Wind,1440,megawatthours
2026-03-13 01:00:00+00:00,CAL,California,WND,Wind,1500,megawatthours
2026-03-13 02:00:00+00:00,CAL,California,WND,Wind,1714,megawatthours
2026-03-13 03:00:00+00:00,CAL,California,WND,Wind,2142,megawatthours
2026-03-13 04:00:00+00:00,CAL,California,WND,Wind,2073,megawatthours
2026-03-13 05:00:00+00:00,CAL,California,WND,Wind,1831,megawatthours
2026-03-13 06:00:00+00:00,CAL,California,WND,Wind,1666,megawatthours
2026-03-13 07:00:00+00:00,CAL,California,WND,Wind,1725,megawatthours
2026-03-13 08:00:00+00:00,CAL,California,WND,Wind,1836,megawatthours
2026-03-13 09:00:00+00:00,CAL,California,WND,Wind,1976,megawatthours
2026-03-13 10:00:00+00:00,CAL,California,WND,Wind,1712,megawatthours
2026-03-13 11:00:00+00:00,CAL,California,WND,Wind,1605,megawatthours
2026-03-13 12:00:00+00:00,CAL,California,WND,Wind,1683,megawatthours
2026-03-13 13:00:00+00:00,CAL,California,WND,Wind,1631,megawatthours
2026-03-13 14:00:00+00:00,CAL,California,WND,Wind,1355,megawatthours
2026-03-13 15:00:00+00:00,CAL,California,WND,Wind,1127,megawatthours
2026-03-13 16:00:00+00:00,CAL,California,WND,Wind,869,megawatthours
2026-03-13 17:00:00+00:00,CAL,California,WND,Wind,833,megawatthours
2026-03-13 18:00:00+00:00,CAL,California,WND,Wind,622,megawatthours
2026-03-13 19:00:00+00:00,CAL,California,WND,Wind,712,megawatthours
2026-03-13 20:00:00+00:00,CAL,California,WND,Wind,790,megawatthours
2026-03-13 21:00:00+00:00,CAL,California,WND,Wind,720,megawatthours
2026-03-13 22:00:00+00:00,CAL,California,WND,Wind,759,megawatthours
2026-03-13 23:00:00+00:00,CAL,California,WND,Wind,788,megawatthours
2026-03-14 00:00:00+00:00,CAL,California,WND,Wind,834,megawatthours
2026-03-14 01:00:00+00:00,CAL,California,WND,Wind,1031,megawatthours
2026-03-14 02:00:00+00:00,CAL,California,WND,Wind,1420,megawatthours
2026-03-14 03:00:00+00:00,CAL,California,WND,Wind,2538,megawatthours
2026-03-14 04:00:00+00:00,CAL,California,WND,Wind,3505,megawatthours
2026-03-14 05:00:00+00:00,CAL,California,WND,Wind,3677,megawatthours
2026-03-14 06:00:00+00:00,CAL,California,WND,Wind,3786,megawatthours
2026-03-14 07:00:00+00:00,CAL,California,WND,Wind,3973,megawatthours
2026-03-14 08:00:00+00:00,CAL,California,WND,Wind,3939,megawatthours
2026-03-14 09:00:00+00:00,CAL,California,WND,Wind,4217,megawatthours
2026-03-14 10:00:00+00:00,CAL,California,WND,Wind,4633,megawatthours
2026-03-14 11:00:00+00:00,CAL,California,WND,Wind,5099,megawatthours
2026-03-14 12:00:00+00:00,CAL,California,WND,Wind,4997,megawatthours
2026-03-14 13:00:00+00:00,CAL,California,WND,Wind,4126,megawatthours
2026-03-14 14:00:00+00:00,CAL,California,WND,Wind,3980,megawatthours
2026-03-14 15:00:00+00:00,CAL,California,WND,Wind,4228,megawatthours
2026-03-14 16:00:00+00:00,CAL,California,WND,Wind,3970,megawatthours
2026-03-14 17:00:00+00:00,CAL,California,WND,Wind,3426,megawatthours
2026-03-14 18:00:00+00:00,CAL,California,WND,Wind,3423,megawatthours
2026-03-14 19:00:00+00:00,CAL,California,WND,Wind,3126,megawatthours
2026-03-14 20:00:00+00:00,CAL,California,WND,Wind,3183,megawatthours
2026-03-14 21:00:00+00:00,CAL,California,WND,Wind,3656,megawatthours
2026-03-14 22:00:00+00:00,CAL,California,WND,Wind,3218,megawatthours
2026-03-14 23:00:00+00:00,CAL,California,WND,Wind,3512,megawatthours
2026-03-15 00:00:00+00:00,CAL,California,WND,Wind,3352,megawatthours
2026-03-15 01:00:00+00:00,CAL,California,WND,Wind,3830,megawatthours
2026-03-15 02:00:00+00:00,CAL,California,WND,Wind,4157,megawatthours
2026-03-15 03:00:00+00:00,CAL,California,WND,Wind,4539,megawatthours
2026-03-15 04:00:00+00:00,CAL,California,WND,Wind,4725,megawatthours
2026-03-15 05:00:00+00:00,CAL,California,WND,Wind,4743,megawatthours
2026-03-15 06:00:00+00:00,CAL,California,WND,Wind,4679,megawatthours
2026-03-15 07:00:00+00:00,CAL,California,WND,Wind,4663,megawatthours
2026-03-15 08:00:00+00:00,CAL,California,WND,Wind,4837,megawatthours
2026-03-15 09:00:00+00:00,CAL,California,WND,Wind,4925,megawatthours
2026-03-15 10:00:00+00:00,CAL,California,WND,Wind,4629,megawatthours
2026-03-15 11:00:00+00:00,CAL,California,WND,Wind,4242,megawatthours
2026-03-15 12:00:00+00:00,CAL,California,WND,Wind,3748,megawatthours
2026-03-15 13:00:00+00:00,CAL,California,WND,Wind,3208,megawatthours
2026-03-15 14:00:00+00:00,CAL,California,WND,Wind,2576,megawatthours
2026-03-15 15:00:00+00:00,CAL,California,WND,Wind,1794,megawatthours
2026-03-15 16:00:00+00:00,CAL,California,WND,Wind,1263,megawatthours
2026-03-15 17:00:00+00:00,CAL,California,WND,Wind,1179,megawatthours
2026-03-15 18:00:00+00:00,CAL,California,WND,Wind,1256,megawatthours
2026-03-15 19:00:00+00:00,CAL,California,WND,Wind,1573,megawatthours
2026-03-15 20:00:00+00:00,CAL,California,WND,Wind,1679,megawatthours
2026-03-15 21:00:00+00:00,CAL,California,WND,Wind,1538,megawatthours
2026-03-15 22:00:00+00:00,CAL,California,WND,Wind,1335,megawatthours
2026-03-15 23:00:00+00:00,CAL,California,WND,Wind,1099,megawatthours
2026-03-16 00:00:00+00:00,CAL,California,WND,Wind,962,megawatthours
2026-03-16 01:00:00+00:00,CAL,California,WND,Wind,915,megawatthours
2026-03-16 02:00:00+00:00,CAL,California,WND,Wind,808,megawatthours
2026-03-16 03:00:00+00:00,CAL,California,WND,Wind,896,megawatthours
2026-03-16 04:00:00+00:00,CAL,California,WND,Wind,913,megawatthours
2026-03-16 05:00:00+00:00,CAL,California,WND,Wind,824,megawatthours
2026-03-16 06:00:00+00:00,CAL,California,WND,Wind,866,megawatthours
2026-03-16 07:00:00+00:00,CAL,California,WND,Wind,816,megawatthours
2026-03-16 08:00:00+00:00,CAL,California,WND,Wind,789,megawatthours
2026-03-16 09:00:00+00:00,CAL,California,WND,Wind,690,megawatthours
2026-03-16 10:00:00+00:00,CAL,California,WND,Wind,636,megawatthours
2026-03-16 11:00:00+00:00,CAL,California,WND,Wind,666,megawatthours
2026-03-16 12:00:00+00:00,CAL,California,WND,Wind,738,megawatthours
2026-03-16 13:00:00+00:00,CAL,California,WND,Wind,780,megawatthours
2026-03-16 14:00:00+00:00,CAL,California,WND,Wind,844,megawatthours
2026-03-16 15:00:00+00:00,CAL,California,WND,Wind,723,megawatthours
2026-03-16 16:00:00+00:00,CAL,California,WND,Wind,728,megawatthours
2026-03-16 17:00:00+00:00,CAL,California,WND,Wind,823,megawatthours
2026-03-16 18:00:00+00:00,CAL,California,WND,Wind,1049,megawatthours
2026-03-16 19:00:00+00:00,CAL,California,WND,Wind,1329,megawatthours
2026-03-16 20:00:00+00:00,CAL,California,WND,Wind,1248,megawatthours
2026-03-16 21:00:00+00:00,CAL,California,WND,Wind,1095,megawatthours
2026-03-16 22:00:00+00:00,CAL,California,WND,Wind,1072,megawatthours
2026-03-16 23:00:00+00:00,CAL,California,WND,Wind,1008,megawatthours
2026-03-17 00:00:00+00:00,CAL,California,WND,Wind,826,megawatthours
2026-03-17 01:00:00+00:00,CAL,California,WND,Wind,650,megawatthours
2026-03-17 02:00:00+00:00,CAL,California,WND,Wind,652,megawatthours
2026-03-17 03:00:00+00:00,CAL,California,WND,Wind,717,megawatthours
2026-03-17 04:00:00+00:00,CAL,California,WND,Wind,877,megawatthours
2026-03-17 05:00:00+00:00,CAL,California,WND,Wind,1122,megawatthours
2026-03-17 06:00:00+00:00,CAL,California,WND,Wind,1324,megawatthours
2026-03-17 07:00:00+00:00,CAL,California,WND,Wind,1490,megawatthours
2026-03-17 08:00:00+00:00,CAL,California,WND,Wind,1461,megawatthours
2026-03-17 09:00:00+00:00,CAL,California,WND,Wind,1522,megawatthours
2026-03-17 10:00:00+00:00,CAL,California,WND,Wind,1490,megawatthours
2026-03-17 11:00:00+00:00,CAL,California,WND,Wind,1542,megawatthours
2026-03-17 12:00:00+00:00,CAL,California,WND,Wind,1499,megawatthours
2026-03-17 13:00:00+00:00,CAL,California,WND,Wind,1510,megawatthours
2026-03-17 14:00:00+00:00,CAL,California,WND,Wind,1590,megawatthours
2026-03-17 15:00:00+00:00,CAL,California,WND,Wind,1578,megawatthours
2026-03-17 16:00:00+00:00,CAL,California,WND,Wind,1466,megawatthours
2026-03-17 17:00:00+00:00,CAL,California,WND,Wind,1499,megawatthours
2026-03-17 18:00:00+00:00,CAL,California,WND,Wind,1562,megawatthours
2026-03-17 19:00:00+00:00,CAL,California,WND,Wind,1544,megawatthours
2026-03-17 20:00:00+00:00,CAL,California,WND,Wind,1215,megawatthours
2026-03-17 21:00:00+00:00,CAL,California,WND,Wind,1254,megawatthours
2026-03-17 22:00:00+00:00,CAL,California,WND,Wind,1258,megawatthours
2026-03-17 23:00:00+00:00,CAL,California,WND,Wind,1218,megawatthours
2026-03-18 00:00:00+00:00,CAL,California,WND,Wind,1206,megawatthours
2026-03-18 01:00:00+00:00,CAL,California,WND,Wind,1181,megawatthours
2026-03-18 02:00:00+00:00,CAL,California,WND,Wind,1152,megawatthours
2026-03-18 03:00:00+00:00,CAL,California,WND,Wind,1232,megawatthours
2026-03-18 04:00:00+00:00,CAL,California,WND,Wind,1360,megawatthours
2026-03-18 05:00:00+00:00,CAL,California,WND,Wind,1407,megawatthours
2026-03-18 06:00:00+00:00,CAL,California,WND,Wind,1358,megawatthours
2026-03-18 07:00:00+00:00,CAL,California,WND,Wind,1259,megawatthours
2026-03-18 08:00:00+00:00,CAL,California,WND,Wind,1284,megawatthours
2026-03-18 09:00:00+00:00,CAL,California,WND,Wind,1014,megawatthours
2026-03-18 10:00:00+00:00,CAL,California,WND,Wind,672,megawatthours
2026-03-18 11:00:00+00:00,CAL,California,WND,Wind,810,megawatthours
2026-03-18 12:00:00+00:00,CAL,California,WND,Wind,823,megawatthours
2026-03-18 13:00:00+00:00,CAL,California,WND,Wind,905,megawatthours
2026-03-18 14:00:00+00:00,CAL,California,WND,Wind,870,megawatthours
2026-03-18 15:00:00+00:00,CAL,California,WND,Wind,466,megawatthours
2026-03-18 16:00:00+00:00,CAL,California,WND,Wind,163,megawatthours
2026-03-18 17:00:00+00:00,CAL,California,WND,Wind,148,megawatthours
2026-03-18 18:00:00+00:00,CAL,California,WND,Wind,119,megawatthours
2026-03-18 19:00:00+00:00,CAL,California,WND,Wind,103,megawatthours
2026-03-18 20:00:00+00:00,CAL,California,WND,Wind,111,megawatthours
2026-03-18 21:00:00+00:00,CAL,California,WND,Wind,84,megawatthours
2026-03-18 22:00:00+00:00,CAL,California,WND,Wind,69,megawatthours
2026-03-18 23:00:00+00:00,CAL,California,WND,Wind,82,megawatthours
2026-03-19 00:00:00+00:00,CAL,California,WND,Wind,123,megawatthours
2026-03-19 01:00:00+00:00,CAL,California,WND,Wind,350,megawatthours
2026-03-19 02:00:00+00:00,CAL,California,WND,Wind,808,megawatthours
2026-03-19 03:00:00+00:00,CAL,California,WND,Wind,1301,megawatthours
2026-03-19 04:00:00+00:00,CAL,California,WND,Wind,1932,megawatthours
2026-03-19 05:00:00+00:00,CAL,California,WND,Wind,2076,megawatthours
2026-03-19 06:00:00+00:00,CAL,California,WND,Wind,2194,megawatthours
2026-03-19 07:00:00+00:00,CAL,California,WND,Wind,2689,megawatthours
2026-03-19 08:00:00+00:00,CAL,California,WND,Wind,2871,megawatthours
2026-03-19 09:00:00+00:00,CAL,California,WND,Wind,2718,megawatthours
2026-03-19 10:00:00+00:00,CAL,California,WND,Wind,2664,megawatthours
2026-03-19 11:00:00+00:00,CAL,California,WND,Wind,2564,megawatthours
2026-03-19 12:00:00+00:00,CAL,California,WND,Wind,2269,megawatthours
2026-03-19 13:00:00+00:00,CAL,California,WND,Wind,1776,megawatthours
2026-03-19 14:00:00+00:00,CAL,California,WND,Wind,1605,megawatthours
2026-03-19 15:00:00+00:00,CAL,California,WND,Wind,1356,megawatthours
2026-03-19 16:00:00+00:00,CAL,California,WND,Wind,773,megawatthours
2026-03-19 17:00:00+00:00,CAL,California,WND,Wind,426,megawatthours
2026-03-19 18:00:00+00:00,CAL,California,WND,Wind,325,megawatthours
2026-03-19 19:00:00+00:00,CAL,California,WND,Wind,165,megawatthours
2026-03-19 20:00:00+00:00,CAL,California,WND,Wind,217,megawatthours
2026-03-19 21:00:00+00:00,CAL,California,WND,Wind,275,megawatthours
2026-03-19 22:00:00+00:00,CAL,California,WND,Wind,415,megawatthours
2026-03-19 23:00:00+00:00,CAL,California,WND,Wind,597,megawatthours
2026-03-20 00:00:00+00:00,CAL,California,WND,Wind,626,megawatthours
2026-03-20 01:00:00+00:00,CAL,California,WND,Wind,615,megawatthours
2026-03-20 02:00:00+00:00,CAL,California,WND,Wind,869,megawatthours
2026-03-20 03:00:00+00:00,CAL,California,WND,Wind,942,megawatthours
2026-03-20 04:00:00+00:00,CAL,California,WND,Wind,938,megawatthours
2026-03-20 05:00:00+00:00,CAL,California,WND,Wind,1009,megawatthours
2026-03-20 06:00:00+00:00,CAL,California,WND,Wind,1290,megawatthours
2026-03-20 07:00:00+00:00,CAL,California,WND,Wind,1441,megawatthours
2026-03-20 08:00:00+00:00,CAL,California,WND,Wind,1401,megawatthours
2026-03-20 09:00:00+00:00,CAL,California,WND,Wind,1311,megawatthours
2026-03-20 10:00:00+00:00,CAL,California,WND,Wind,1223,megawatthours
2026-03-20 11:00:00+00:00,CAL,California,WND,Wind,1209,megawatthours
2026-03-20 12:00:00+00:00,CAL,California,WND,Wind,1169,megawatthours
2026-03-20 13:00:00+00:00,CAL,California,WND,Wind,1084,megawatthours
2026-03-20 14:00:00+00:00,CAL,California,WND,Wind,973,megawatthours
2026-03-20 15:00:00+00:00,CAL,California,WND,Wind,738,megawatthours
2026-03-20 16:00:00+00:00,CAL,California,WND,Wind,497,megawatthours
2026-03-20 17:00:00+00:00,CAL,California,WND,Wind,501,megawatthours
2026-03-20 18:00:00+00:00,CAL,California,WND,Wind,366,megawatthours
2026-03-20 19:00:00+00:00,CAL,California,WND,Wind,239,megawatthours
2026-03-20 20:00:00+00:00,CAL,California,WND,Wind,198,megawatthours
2026-03-20 21:00:00+00:00,CAL,California,WND,Wind,192,megawatthours
2026-03-20 22:00:00+00:00,CAL,California,WND,Wind,195,megawatthours
2026-03-20 23:00:00+00:00,CAL,California,WND,Wind,249,megawatthours
2026-03-21 00:00:00+00:00,CAL,California,WND,Wind,310,megawatthours
2026-03-21 01:00:00+00:00,CAL,California,WND,Wind,496,megawatthours
2026-03-21 02:00:00+00:00,CAL,California,WND,Wind,648,megawatthours
2026-03-21 03:00:00+00:00,CAL,California,WND,Wind,743,megawatthours
2026-03-21 04:00:00+00:00,CAL,California,WND,Wind,891,megawatthours
2026-03-21 05:00:00+00:00,CAL,California,WND,Wind,1095,megawatthours
2026-03-21 06:00:00+00:00,CAL,California,WND,Wind,1078,megawatthours
2026-03-21 07:00:00+00:00,CAL,California,WND,Wind,1380,megawatthours
2026-03-21 08:00:00+00:00,CAL,California,WND,Wind,1688,megawatthours
2026-03-21 09:00:00+00:00,CAL,California,WND,Wind,1650,megawatthours
2026-03-21 10:00:00+00:00,CAL,California,WND,Wind,1825,megawatthours
2026-03-21 11:00:00+00:00,CAL,California,WND,Wind,1999,megawatthours
2026-03-21 12:00:00+00:00,CAL,California,WND,Wind,2008,megawatthours
2026-03-21 13:00:00+00:00,CAL,California,WND,Wind,1861,megawatthours
2026-03-21 14:00:00+00:00,CAL,California,WND,Wind,1904,megawatthours
2026-03-21 15:00:00+00:00,CAL,California,WND,Wind,1808,megawatthours
2026-03-21 16:00:00+00:00,CAL,California,WND,Wind,1288,megawatthours
2026-03-21 17:00:00+00:00,CAL,California,WND,Wind,984,megawatthours
2026-03-21 18:00:00+00:00,CAL,California,WND,Wind,1195,megawatthours
2026-03-21 19:00:00+00:00,CAL,California,WND,Wind,1760,megawatthours
2026-03-21 20:00:00+00:00,CAL,California,WND,Wind,2168,megawatthours
2026-03-21 21:00:00+00:00,CAL,California,WND,Wind,2637,megawatthours
2026-03-21 22:00:00+00:00,CAL,California,WND,Wind,3115,megawatthours
2026-03-21 23:00:00+00:00,CAL,California,WND,Wind,3358,megawatthours
2026-03-22 00:00:00+00:00,CAL,California,WND,Wind,3653,megawatthours
2026-03-22 01:00:00+00:00,CAL,California,WND,Wind,3946,megawatthours
2026-03-22 02:00:00+00:00,CAL,California,WND,Wind,4023,megawatthours
2026-03-22 03:00:00+00:00,CAL,California,WND,Wind,4326,megawatthours
2026-03-22 04:00:00+00:00,CAL,California,WND,Wind,5055,megawatthours
2026-03-22 05:00:00+00:00,CAL,California,WND,Wind,5680,megawatthours
2026-03-22 06:00:00+00:00,CAL,California,WND,Wind,5840,megawatthours
2026-03-22 07:00:00+00:00,CAL,California,WND,Wind,5894,megawatthours
2026-03-22 08:00:00+00:00,CAL,California,WND,Wind,5526,megawatthours
2026-03-22 09:00:00+00:00,CAL,California,WND,Wind,5205,megawatthours
2026-03-22 10:00:00+00:00,CAL,California,WND,Wind,4743,megawatthours
2026-03-22 11:00:00+00:00,CAL,California,WND,Wind,4381,megawatthours
2026-03-22 12:00:00+00:00,CAL,California,WND,Wind,4239,megawatthours
2026-03-22 13:00:00+00:00,CAL,California,WND,Wind,4295,megawatthours
2026-03-22 14:00:00+00:00,CAL,California,WND,Wind,4107,megawatthours
2026-03-22 15:00:00+00:00,CAL,California,WND,Wind,3784,megawatthours
2026-03-22 16:00:00+00:00,CAL,California,WND,Wind,2697,megawatthours
2026-03-22 17:00:00+00:00,CAL,California,WND,Wind,1764,megawatthours
2026-03-22 18:00:00+00:00,CAL,California,WND,Wind,1616,megawatthours
2026-03-22 19:00:00+00:00,CAL,California,WND,Wind,1658,megawatthours
2026-03-22 20:00:00+00:00,CAL,California,WND,Wind,1529,megawatthours
2026-03-22 21:00:00+00:00,CAL,California,WND,Wind,1381,megawatthours
2026-03-22 22:00:00+00:00,CAL,California,WND,Wind,1401,megawatthours
2026-03-22 23:00:00+00:00,CAL,California,WND,Wind,1362,megawatthours
2026-03-23 00:00:00+00:00,CAL,California,WND,Wind,1923,megawatthours
2026-03-23 01:00:00+00:00,CAL,California,WND,Wind,3770,megawatthours
2026-03-23 02:00:00+00:00,CAL,California,WND,Wind,4614,megawatthours
2026-03-23 03:00:00+00:00,CAL,California,WND,Wind,4996,megawatthours
2026-03-23 04:00:00+00:00,CAL,California,WND,Wind,5255,megawatthours
2026-03-23 05:00:00+00:00,CAL,California,WND,Wind,5119,megawatthours
2026-03-23 06:00:00+00:00,CAL,California,WND,Wind,5087,megawatthours
2026-03-23 07:00:00+00:00,CAL,California,WND,Wind,5026,megawatthours
2026-03-23 08:00:00+00:00,CAL,California,WND,Wind,5141,megawatthours
2026-03-23 09:00:00+00:00,CAL,California,WND,Wind,5492,megawatthours
2026-03-23 10:00:00+00:00,CAL,California,WND,Wind,5438,megawatthours
2026-03-23 11:00:00+00:00,CAL,California,WND,Wind,4687,megawatthours
2026-03-23 12:00:00+00:00,CAL,California,WND,Wind,4285,megawatthours
2026-03-23 13:00:00+00:00,CAL,California,WND,Wind,3905,megawatthours
2026-03-23 14:00:00+00:00,CAL,California,WND,Wind,3582,megawatthours
2026-03-23 15:00:00+00:00,CAL,California,WND,Wind,2751,megawatthours
2026-03-23 16:00:00+00:00,CAL,California,WND,Wind,2215,megawatthours
2026-03-23 17:00:00+00:00,CAL,California,WND,Wind,2155,megawatthours
2026-03-23 18:00:00+00:00,CAL,California,WND,Wind,2101,megawatthours
2026-03-23 19:00:00+00:00,CAL,California,WND,Wind,2445,megawatthours
2026-03-23 20:00:00+00:00,CAL,California,WND,Wind,2683,megawatthours
2026-03-23 21:00:00+00:00,CAL,California,WND,Wind,3032,megawatthours
2026-03-23 22:00:00+00:00,CAL,California,WND,Wind,3293,megawatthours
2026-03-23 23:00:00+00:00,CAL,California,WND,Wind,3389,megawatthours
2026-03-24 00:00:00+00:00,CAL,California,WND,Wind,3365,megawatthours
2026-03-24 01:00:00+00:00,CAL,California,WND,Wind,3634,megawatthours
2026-03-24 02:00:00+00:00,CAL,California,WND,Wind,3635,megawatthours
2026-03-24 03:00:00+00:00,CAL,California,WND,Wind,3852,megawatthours
2026-03-24 04:00:00+00:00,CAL,California,WND,Wind,3840,megawatthours
2026-03-24 05:00:00+00:00,CAL,California,WND,Wind,3755,megawatthours
2026-03-24 06:00:00+00:00,CAL,California,WND,Wind,3733,megawatthours
2026-03-24 07:00:00+00:00,CAL,California,WND,Wind,3799,megawatthours
2026-03-24 08:00:00+00:00,CAL,California,WND,Wind,3805,megawatthours
2026-03-24 09:00:00+00:00,CAL,California,WND,Wind,3722,megawatthours
2026-03-24 10:00:00+00:00,CAL,California,WND,Wind,3480,megawatthours
2026-03-24 11:00:00+00:00,CAL,California,WND,Wind,3374,megawatthours
2026-03-24 12:00:00+00:00,CAL,California,WND,Wind,3156,megawatthours
2026-03-24 13:00:00+00:00,CAL,California,WND,Wind,3066,megawatthours
2026-03-24 14:00:00+00:00,CAL,California,WND,Wind,2930,megawatthours
2026-03-24 15:00:00+00:00,CAL,California,WND,Wind,2434,megawatthours
2026-03-24 16:00:00+00:00,CAL,California,WND,Wind,2255,megawatthours
2026-03-24 17:00:00+00:00,CAL,California,WND,Wind,1728,megawatthours
2026-03-24 18:00:00+00:00,CAL,California,WND,Wind,1214,megawatthours
2026-03-24 19:00:00+00:00,CAL,California,WND,Wind,910,megawatthours
2026-03-24 20:00:00+00:00,CAL,California,WND,Wind,581,megawatthours
2026-03-24 21:00:00+00:00,CAL,California,WND,Wind,536,megawatthours
2026-03-24 22:00:00+00:00,CAL,California,WND,Wind,632,megawatthours
2026-03-24 23:00:00+00:00,CAL,California,WND,Wind,1036,megawatthours
2026-03-25 00:00:00+00:00,CAL,California,WND,Wind,1590,megawatthours
2026-03-25 01:00:00+00:00,CAL,California,WND,Wind,2370,megawatthours
2026-03-25 02:00:00+00:00,CAL,California,WND,Wind,2797,megawatthours
2026-03-25 03:00:00+00:00,CAL,California,WND,Wind,3523,megawatthours
2026-03-25 04:00:00+00:00,CAL,California,WND,Wind,4055,megawatthours
2026-03-25 05:00:00+00:00,CAL,California,WND,Wind,4286,megawatthours
2026-03-25 06:00:00+00:00,CAL,California,WND,Wind,4545,megawatthours
2026-03-25 07:00:00+00:00,CAL,California,WND,Wind,4074,megawatthours
2026-03-25 08:00:00+00:00,CAL,California,WND,Wind,3794,megawatthours
2026-03-25 09:00:00+00:00,CAL,California,WND,Wind,3607,megawatthours
2026-03-25 10:00:00+00:00,CAL,California,WND,Wind,3395,megawatthours
2026-03-25 11:00:00+00:00,CAL,California,WND,Wind,3533,megawatthours
2026-03-25 12:00:00+00:00,CAL,California,WND,Wind,3580,megawatthours
2026-03-25 13:00:00+00:00,CAL,California,WND,Wind,3599,megawatthours
2026-03-25 14:00:00+00:00,CAL,California,WND,Wind,3643,megawatthours
2026-03-25 15:00:00+00:00,CAL,California,WND,Wind,3463,megawatthours
2026-03-25 16:00:00+00:00,CAL,California,WND,Wind,3130,megawatthours
2026-03-25 17:00:00+00:00,CAL,California,WND,Wind,2508,megawatthours
2026-03-25 18:00:00+00:00,CAL,California,WND,Wind,2105,megawatthours
2026-03-25 19:00:00+00:00,CAL,California,WND,Wind,1963,megawatthours
2026-03-25 20:00:00+00:00,CAL,California,WND,Wind,2525,megawatthours
2026-03-25 21:00:00+00:00,CAL,California,WND,Wind,3046,megawatthours
2026-03-25 22:00:00+00:00,CAL,California,WND,Wind,3428,megawatthours
2026-03-25 23:00:00+00:00,CAL,California,WND,Wind,4083,megawatthours
2026-03-26 00:00:00+00:00,CAL,California,WND,Wind,4339,megawatthours
2026-03-26 01:00:00+00:00,CAL,California,WND,Wind,4664,megawatthours
2026-03-26 02:00:00+00:00,CAL,California,WND,Wind,5084,megawatthours
2026-03-26 03:00:00+00:00,CAL,California,WND,Wind,5283,megawatthours
2026-03-26 04:00:00+00:00,CAL,California,WND,Wind,5321,megawatthours
2026-03-26 05:00:00+00:00,CAL,California,WND,Wind,5614,megawatthours
2026-03-26 06:00:00+00:00,CAL,California,WND,Wind,5790,megawatthours
2026-03-26 07:00:00+00:00,CAL,California,WND,Wind,5798,megawatthours
2026-03-26 08:00:00+00:00,CAL,California,WND,Wind,5852,megawatthours
2026-03-26 09:00:00+00:00,CAL,California,WND,Wind,5610,megawatthours
2026-03-26 10:00:00+00:00,CAL,California,WND,Wind,5390,megawatthours
2026-03-26 11:00:00+00:00,CAL,California,WND,Wind,4821,megawatthours
2026-03-26 12:00:00+00:00,CAL,California,WND,Wind,4419,megawatthours
2026-03-26 13:00:00+00:00,CAL,California,WND,Wind,4607,megawatthours
2026-03-26 14:00:00+00:00,CAL,California,WND,Wind,4464,megawatthours
2026-03-26 15:00:00+00:00,CAL,California,WND,Wind,4136,megawatthours
2026-03-26 16:00:00+00:00,CAL,California,WND,Wind,3573,megawatthours
2026-03-26 17:00:00+00:00,CAL,California,WND,Wind,3169,megawatthours
2026-03-26 18:00:00+00:00,CAL,California,WND,Wind,2747,megawatthours
2026-03-26 19:00:00+00:00,CAL,California,WND,Wind,2216,megawatthours
2026-03-26 20:00:00+00:00,CAL,California,WND,Wind,1998,megawatthours
2026-03-26 21:00:00+00:00,CAL,California,WND,Wind,1564,megawatthours
2026-03-26 22:00:00+00:00,CAL,California,WND,Wind,1582,megawatthours
2026-03-26 23:00:00+00:00,CAL,California,WND,Wind,1813,megawatthours
2026-03-27 00:00:00+00:00,CAL,California,WND,Wind,2071,megawatthours
2026-03-27 01:00:00+00:00,CAL,California,WND,Wind,2233,megawatthours
2026-03-27 02:00:00+00:00,CAL,California,WND,Wind,2203,megawatthours
2026-03-27 03:00:00+00:00,CAL,California,WND,Wind,2068,megawatthours
2026-03-27 04:00:00+00:00,CAL,California,WND,Wind,1917,megawatthours
2026-03-27 05:00:00+00:00,CAL,California,WND,Wind,1585,megawatthours
2026-03-27 06:00:00+00:00,CAL,California,WND,Wind,1479,megawatthours
2026-03-27 07:00:00+00:00,CAL,California,WND,Wind,1438,megawatthours
2026-03-27 08:00:00+00:00,CAL,California,WND,Wind,1413,megawatthours
2026-03-27 09:00:00+00:00,CAL,California,WND,Wind,1320,megawatthours
2026-03-27 10:00:00+00:00,CAL,California,WND,Wind,1291,megawatthours
2026-03-27 11:00:00+00:00,CAL,California,WND,Wind,1260,megawatthours
2026-03-27 12:00:00+00:00,CAL,California,WND,Wind,1289,megawatthours
2026-03-27 13:00:00+00:00,CAL,California,WND,Wind,1345,megawatthours
2026-03-27 14:00:00+00:00,CAL,California,WND,Wind,1413,megawatthours
2026-03-27 15:00:00+00:00,CAL,California,WND,Wind,1244,megawatthours
2026-03-27 16:00:00+00:00,CAL,California,WND,Wind,1218,megawatthours
2026-03-27 17:00:00+00:00,CAL,California,WND,Wind,1155,megawatthours
2026-03-27 18:00:00+00:00,CAL,California,WND,Wind,1237,megawatthours
2026-03-27 19:00:00+00:00,CAL,California,WND,Wind,1213,megawatthours
2026-03-27 20:00:00+00:00,CAL,California,WND,Wind,1116,megawatthours
2026-03-27 21:00:00+00:00,CAL,California,WND,Wind,1047,megawatthours
2026-03-27 22:00:00+00:00,CAL,California,WND,Wind,1043,megawatthours
2026-03-27 23:00:00+00:00,CAL,California,WND,Wind,1116,megawatthours
2026-03-28 00:00:00+00:00,CAL,California,WND,Wind,2124,megawatthours
2026-03-28 01:00:00+00:00,CAL,California,WND,Wind,2851,megawatthours
2026-03-28 02:00:00+00:00,CAL,California,WND,Wind,2690,megawatthours
2026-03-28 03:00:00+00:00,CAL,California,WND,Wind,2529,megawatthours
2026-03-28 04:00:00+00:00,CAL,California,WND,Wind,2668,megawatthours
2026-03-28 05:00:00+00:00,CAL,California,WND,Wind,2809,megawatthours
2026-03-28 06:00:00+00:00,CAL,California,WND,Wind,2552,megawatthours
2026-03-28 07:00:00+00:00,CAL,California,WND,Wind,2449,megawatthours
2026-03-28 08:00:00+00:00,CAL,California,WND,Wind,2327,megawatthours
2026-03-28 09:00:00+00:00,CAL,California,WND,Wind,2190,megawatthours
2026-03-28 10:00:00+00:00,CAL,California,WND,Wind,2069,megawatthours
2026-03-28 11:00:00+00:00,CAL,California,WND,Wind,2117,megawatthours
2026-03-28 12:00:00+00:00,CAL,California,WND,Wind,2039,megawatthours
2026-03-28 13:00:00+00:00,CAL,California,WND,Wind,1994,megawatthours
2026-03-28 14:00:00+00:00,CAL,California,WND,Wind,1815,megawatthours
2026-03-28 15:00:00+00:00,CAL,California,WND,Wind,1590,megawatthours
2026-03-28 16:00:00+00:00,CAL,California,WND,Wind,1249,megawatthours
2026-03-28 17:00:00+00:00,CAL,California,WND,Wind,867,megawatthours
2026-03-28 18:00:00+00:00,CAL,California,WND,Wind,997,megawatthours
2026-03-28 19:00:00+00:00,CAL,California,WND,Wind,1418,megawatthours
2026-03-28 20:00:00+00:00,CAL,California,WND,Wind,1624,megawatthours
2026-03-28 21:00:00+00:00,CAL,California,WND,Wind,1838,megawatthours
2026-03-28 22:00:00+00:00,CAL,California,WND,Wind,2044,megawatthours
2026-03-28 23:00:00+00:00,CAL,California,WND,Wind,2303,megawatthours
2026-03-29 00:00:00+00:00,CAL,California,WND,Wind,2950,megawatthours
2026-03-29 01:00:00+00:00,CAL,California,WND,Wind,3354,megawatthours
2026-03-29 02:00:00+00:00,CAL,California,WND,Wind,3502,megawatthours
2026-03-29 03:00:00+00:00,CAL,California,WND,Wind,3764,megawatthours
2026-03-29 04:00:00+00:00,CAL,California,WND,Wind,3966,megawatthours
2026-03-29 05:00:00+00:00,CAL,California,WND,Wind,4289,megawatthours
2026-03-29 06:00:00+00:00,CAL,California,WND,Wind,4187,megawatthours
2026-03-29 07:00:00+00:00,CAL,California,WND,Wind,4110,megawatthours
2026-03-29 08:00:00+00:00,CAL,California,WND,Wind,4137,megawatthours
2026-03-29 09:00:00+00:00,CAL,California,WND,Wind,4082,megawatthours
2026-03-29 10:00:00+00:00,CAL,California,WND,Wind,3636,megawatthours
2026-03-29 11:00:00+00:00,CAL,California,WND,Wind,3401,megawatthours
2026-03-29 12:00:00+00:00,CAL,California,WND,Wind,3082,megawatthours
2026-03-29 13:00:00+00:00,CAL,California,WND,Wind,2927,megawatthours
2026-03-29 14:00:00+00:00,CAL,California,WND,Wind,2603,megawatthours
2026-03-29 15:00:00+00:00,CAL,California,WND,Wind,1965,megawatthours
2026-03-29 16:00:00+00:00,CAL,California,WND,Wind,1578,megawatthours
2026-03-29 17:00:00+00:00,CAL,California,WND,Wind,1400,megawatthours
2026-03-29 18:00:00+00:00,CAL,California,WND,Wind,1318,megawatthours
2026-03-29 19:00:00+00:00,CAL,California,WND,Wind,1390,megawatthours
2026-03-29 20:00:00+00:00,CAL,California,WND,Wind,1490,megawatthours
2026-03-29 21:00:00+00:00,CAL,California,WND,Wind,1515,megawatthours
2026-03-29 22:00:00+00:00,CAL,California,WND,Wind,1995,megawatthours
2026-03-29 23:00:00+00:00,CAL,California,WND,Wind,2496,megawatthours
2026-03-30 00:00:00+00:00,CAL,California,WND,Wind,2785,megawatthours
2026-03-30 01:00:00+00:00,CAL,California,WND,Wind,2449,megawatthours
2026-03-30 02:00:00+00:00,CAL,California,WND,Wind,2023,megawatthours
2026-03-30 03:00:00+00:00,CAL,California,WND,Wind,2475,megawatthours
2026-03-30 04:00:00+00:00,CAL,California,WND,Wind,3132,megawatthours
2026-03-30 05:00:00+00:00,CAL,California,WND,Wind,3464,megawatthours
2026-03-30 06:00:00+00:00,CAL,California,WND,Wind,3612,megawatthours
2026-03-30 07:00:00+00:00,CAL,California,WND,Wind,3778,megawatthours
2026-03-30 08:00:00+00:00,CAL,California,WND,Wind,3376,megawatthours
2026-03-30 09:00:00+00:00,CAL,California,WND,Wind,2832,megawatthours
2026-03-30 10:00:00+00:00,CAL,California,WND,Wind,2265,megawatthours
2026-03-30 11:00:00+00:00,CAL,California,WND,Wind,2248,megawatthours
2026-03-30 12:00:00+00:00,CAL,California,WND,Wind,2033,megawatthours
2026-03-30 13:00:00+00:00,CAL,California,WND,Wind,1853,megawatthours
2026-03-30 14:00:00+00:00,CAL,California,WND,Wind,1533,megawatthours
2026-03-30 15:00:00+00:00,CAL,California,WND,Wind,1129,megawatthours
2026-03-30 16:00:00+00:00,CAL,California,WND,Wind,1146,megawatthours
2026-03-30 17:00:00+00:00,CAL,California,WND,Wind,1310,megawatthours
2026-03-30 18:00:00+00:00,CAL,California,WND,Wind,1560,megawatthours
2026-03-30 19:00:00+00:00,CAL,California,WND,Wind,2024,megawatthours
2026-03-30 20:00:00+00:00,CAL,California,WND,Wind,2508,megawatthours
2026-03-30 21:00:00+00:00,CAL,California,WND,Wind,2722,megawatthours
2026-03-30 22:00:00+00:00,CAL,California,WND,Wind,2900,megawatthours
2026-03-30 23:00:00+00:00,CAL,California,WND,Wind,2765,megawatthours
2026-03-31 00:00:00+00:00,CAL,California,WND,Wind,2801,megawatthours
2026-03-31 01:00:00+00:00,CAL,California,WND,Wind,2789,megawatthours
2026-03-31 02:00:00+00:00,CAL,California,WND,Wind,2946,megawatthours
2026-03-31 03:00:00+00:00,CAL,California,WND,Wind,2962,megawatthours
2026-03-31 04:00:00+00:00,CAL,California,WND,Wind,2855,megawatthours
2026-03-31 05:00:00+00:00,CAL,California,WND,Wind,2794,megawatthours
2026-03-31 06:00:00+00:00,CAL,California,WND,Wind,2543,megawatthours
2026-03-31 07:00:00+00:00,CAL,California,WND,Wind,2391,megawatthours
2026-03-31 08:00:00+00:00,CAL,California,WND,Wind,3285,megawatthours
2026-03-31 09:00:00+00:00,CAL,California,WND,Wind,2898,megawatthours
2026-03-31 10:00:00+00:00,CAL,California,WND,Wind,2788,megawatthours
2026-03-31 11:00:00+00:00,CAL,California,WND,Wind,2963,megawatthours
2026-03-31 12:00:00+00:00,CAL,California,WND,Wind,3119,megawatthours
2026-03-31 13:00:00+00:00,CAL,California,WND,Wind,2505,megawatthours
2026-03-31 14:00:00+00:00,CAL,California,WND,Wind,2024,megawatthours
2026-03-31 15:00:00+00:00,CAL,California,WND,Wind,1864,megawatthours
2026-03-31 16:00:00+00:00,CAL,California,WND,Wind,1874,megawatthours
2026-03-31 17:00:00+00:00,CAL,California,WND,Wind,1847,megawatthours
2026-03-31 18:00:00+00:00,CAL,California,WND,Wind,1615,megawatthours
2026-03-31 19:00:00+00:00,CAL,California,WND,Wind,2203,megawatthours
2026-03-31 20:00:00+00:00,CAL,California,WND,Wind,2500,megawatthours
2026-03-31 21:00:00+00:00,CAL,California,WND,Wind,2601,megawatthours
2026-03-31 22:00:00+00:00,CAL,California,WND,Wind,2585,megawatthours
2026-03-31 23:00:00+00:00,CAL,California,WND,Wind,2922,megawatthours
2026-04-01 00:00:00+00:00,CAL,California,WND,Wind,3303,megawatthours
2026-04-01 01:00:00+00:00,CAL,California,WND,Wind,3498,megawatthours
2026-04-01 02:00:00+00:00,CAL,California,WND,Wind,2803,megawatthours
2026-04-01 03:00:00+00:00,CAL,California,WND,Wind,2289,megawatthours
2026-04-01 04:00:00+00:00,CAL,California,WND,Wind,2388,megawatthours
2026-04-01 05:00:00+00:00,CAL,California,WND,Wind,1961,megawatthours
2026-04-01 06:00:00+00:00,CAL,California,WND,Wind,2006,megawatthours
2026-04-01 07:00:00+00:00,CAL,California,WND,Wind,1922,megawatthours
2026-04-01 08:00:00+00:00,CAL,California,WND,Wind,1873,megawatthours
2026-04-01 09:00:00+00:00,CAL,California,WND,Wind,2432,megawatthours
2026-04-01 10:00:00+00:00,CAL,California,WND,Wind,2588,megawatthours
2026-04-01 11:00:00+00:00,CAL,California,WND,Wind,2657,megawatthours
2026-04-01 12:00:00+00:00,CAL,California,WND,Wind,2514,megawatthours
2026-04-01 13:00:00+00:00,CAL,California,WND,Wind,2308,megawatthours
2026-04-01 14:00:00+00:00,CAL,California,WND,Wind,2339,megawatthours
2026-04-01 15:00:00+00:00,CAL,California,WND,Wind,2460,megawatthours
2026-04-01 16:00:00+00:00,CAL,California,WND,Wind,2465,megawatthours
2026-04-01 17:00:00+00:00,CAL,California,WND,Wind,2574,megawatthours
2026-04-01 18:00:00+00:00,CAL,California,WND,Wind,2442,megawatthours
2026-04-01 19:00:00+00:00,CAL,California,WND,Wind,2764,megawatthours
2026-04-01 20:00:00+00:00,CAL,California,WND,Wind,3198,megawatthours
2026-04-01 21:00:00+00:00,CAL,California,WND,Wind,3843,megawatthours
2026-04-01 22:00:00+00:00,CAL,California,WND,Wind,4197,megawatthours
2026-04-01 23:00:00+00:00,CAL,California,WND,Wind,4100,megawatthours
2026-04-02 00:00:00+00:00,CAL,California,WND,Wind,4335,megawatthours
2026-04-02 01:00:00+00:00,CAL,California,WND,Wind,4037,megawatthours
2026-04-02 02:00:00+00:00,CAL,California,WND,Wind,4140,megawatthours
2026-04-02 03:00:00+00:00,CAL,California,WND,Wind,4085,megawatthours
2026-04-02 04:00:00+00:00,CAL,California,WND,Wind,3673,megawatthours
2026-04-02 05:00:00+00:00,CAL,California,WND,Wind,3778,megawatthours
2026-04-02 06:00:00+00:00,CAL,California,WND,Wind,3849,megawatthours
2026-04-02 07:00:00+00:00,CAL,California,WND,Wind,3386,megawatthours
2026-04-02 08:00:00+00:00,CAL,California,WND,Wind,3557,megawatthours
2026-04-02 09:00:00+00:00,CAL,California,WND,Wind,3664,megawatthours
2026-04-02 10:00:00+00:00,CAL,California,WND,Wind,3811,megawatthours
2026-04-02 11:00:00+00:00,CAL,California,WND,Wind,4192,megawatthours
2026-04-02 12:00:00+00:00,CAL,California,WND,Wind,4345,megawatthours
2026-04-02 13:00:00+00:00,CAL,California,WND,Wind,4558,megawatthours
2026-04-02 14:00:00+00:00,CAL,California,WND,Wind,4209,megawatthours
2026-04-02 15:00:00+00:00,CAL,California,WND,Wind,3842,megawatthours
2026-04-02 16:00:00+00:00,CAL,California,WND,Wind,3809,megawatthours
2026-04-02 17:00:00+00:00,CAL,California,WND,Wind,3604,megawatthours
2026-04-02 18:00:00+00:00,CAL,California,WND,Wind,3512,megawatthours
2026-04-02 19:00:00+00:00,CAL,California,WND,Wind,3942,megawatthours
2026-04-02 20:00:00+00:00,CAL,California,WND,Wind,3920,megawatthours
2026-04-02 21:00:00+00:00,CAL,California,WND,Wind,4122,megawatthours
2026-04-02 22:00:00+00:00,CAL,California,WND,Wind,4179,megawatthours
2026-04-02 23:00:00+00:00,CAL,California,WND,Wind,3710,megawatthours
2026-04-03 00:00:00+00:00,CAL,California,WND,Wind,3415,megawatthours
2026-04-03 01:00:00+00:00,CAL,California,WND,Wind,3571,megawatthours
2026-04-03 02:00:00+00:00,CAL,California,WND,Wind,4018,megawatthours
2026-04-03 03:00:00+00:00,CAL,California,WND,Wind,4208,megawatthours
2026-04-03 04:00:00+00:00,CAL,California,WND,Wind,4607,megawatthours
2026-04-03 05:00:00+00:00,CAL,California,WND,Wind,4481,megawatthours
2026-04-03 06:00:00+00:00,CAL,California,WND,Wind,4514,megawatthours
2026-04-03 07:00:00+00:00,CAL,California,WND,Wind,4761,megawatthours
2026-04-03 08:00:00+00:00,CAL,California,WND,Wind,4830,megawatthours
2026-04-03 09:00:00+00:00,CAL,California,WND,Wind,4490,megawatthours
2026-04-03 10:00:00+00:00,CAL,California,WND,Wind,3767,megawatthours
2026-04-03 11:00:00+00:00,CAL,California,WND,Wind,2672,megawatthours
2026-04-03 12:00:00+00:00,CAL,California,WND,Wind,2350,megawatthours
2026-04-03 13:00:00+00:00,CAL,California,WND,Wind,2413,megawatthours
2026-04-03 14:00:00+00:00,CAL,California,WND,Wind,2673,megawatthours
2026-04-03 15:00:00+00:00,CAL,California,WND,Wind,2448,megawatthours
2026-04-03 16:00:00+00:00,CAL,California,WND,Wind,2829,megawatthours
2026-04-03 17:00:00+00:00,CAL,California,WND,Wind,3583,megawatthours
2026-04-03 18:00:00+00:00,CAL,California,WND,Wind,3630,megawatthours
2026-04-03 19:00:00+00:00,CAL,California,WND,Wind,3148,megawatthours
2026-04-03 20:00:00+00:00,CAL,California,WND,Wind,3028,megawatthours
2026-04-03 21:00:00+00:00,CAL,California,WND,Wind,2758,megawatthours
2026-04-03 22:00:00+00:00,CAL,California,WND,Wind,2605,megawatthours
2026-04-03 23:00:00+00:00,CAL,California,WND,Wind,2908,megawatthours
2026-04-04 00:00:00+00:00,CAL,California,WND,Wind,2998,megawatthours
2026-04-04 01:00:00+00:00,CAL,California,WND,Wind,3201,megawatthours
2026-04-04 02:00:00+00:00,CAL,California,WND,Wind,3306,megawatthours
2026-04-04 03:00:00+00:00,CAL,California,WND,Wind,2770,megawatthours
2026-04-04 04:00:00+00:00,CAL,California,WND,Wind,2462,megawatthours
2026-04-04 05:00:00+00:00,CAL,California,WND,Wind,2360,megawatthours
2026-04-04 06:00:00+00:00,CAL,California,WND,Wind,2386,megawatthours
2026-04-04 07:00:00+00:00,CAL,California,WND,Wind,2290,megawatthours
2026-04-04 08:00:00+00:00,CAL,California,WND,Wind,2175,megawatthours
2026-04-04 09:00:00+00:00,CAL,California,WND,Wind,1869,megawatthours
2026-04-04 10:00:00+00:00,CAL,California,WND,Wind,1712,megawatthours
2026-04-04 11:00:00+00:00,CAL,California,WND,Wind,1546,megawatthours
2026-04-04 12:00:00+00:00,CAL,California,WND,Wind,1477,megawatthours
2026-04-04 13:00:00+00:00,CAL,California,WND,Wind,1513,megawatthours
2026-04-04 14:00:00+00:00,CAL,California,WND,Wind,1606,megawatthours
2026-04-04 15:00:00+00:00,CAL,California,WND,Wind,1903,megawatthours
2026-04-04 16:00:00+00:00,CAL,California,WND,Wind,1989,megawatthours
2026-04-04 17:00:00+00:00,CAL,California,WND,Wind,1863,megawatthours
2026-04-04 18:00:00+00:00,CAL,California,WND,Wind,1402,megawatthours
2026-04-04 19:00:00+00:00,CAL,California,WND,Wind,1460,megawatthours
2026-04-04 20:00:00+00:00,CAL,California,WND,Wind,1979,megawatthours
2026-04-04 21:00:00+00:00,CAL,California,WND,Wind,1778,megawatthours
2026-04-04 22:00:00+00:00,CAL,California,WND,Wind,1463,megawatthours
2026-04-04 23:00:00+00:00,CAL,California,WND,Wind,947,megawatthours
2026-04-05 00:00:00+00:00,CAL,California,WND,Wind,639,megawatthours
2026-04-05 01:00:00+00:00,CAL,California,WND,Wind,570,megawatthours
2026-04-05 02:00:00+00:00,CAL,California,WND,Wind,358,megawatthours
2026-04-05 03:00:00+00:00,CAL,California,WND,Wind,309,megawatthours
2026-04-05 04:00:00+00:00,CAL,California,WND,Wind,361,megawatthours
2026-04-05 05:00:00+00:00,CAL,California,WND,Wind,384,megawatthours
2026-04-05 06:00:00+00:00,CAL,California,WND,Wind,340,megawatthours
2026-04-05 07:00:00+00:00,CAL,California,WND,Wind,395,megawatthours
2026-04-05 08:00:00+00:00,CAL,California,WND,Wind,464,megawatthours
2026-04-05 09:00:00+00:00,CAL,California,WND,Wind,380,megawatthours
2026-04-05 10:00:00+00:00,CAL,California,WND,Wind,284,megawatthours
2026-04-05 11:00:00+00:00,CAL,California,WND,Wind,268,megawatthours
2026-04-05 12:00:00+00:00,CAL,California,WND,Wind,256,megawatthours
2026-04-05 13:00:00+00:00,CAL,California,WND,Wind,312,megawatthours
2026-04-05 14:00:00+00:00,CAL,California,WND,Wind,361,megawatthours
2026-04-05 15:00:00+00:00,CAL,California,WND,Wind,293,megawatthours
2026-04-05 16:00:00+00:00,CAL,California,WND,Wind,327,megawatthours
2026-04-05 17:00:00+00:00,CAL,California,WND,Wind,422,megawatthours
2026-04-05 18:00:00+00:00,CAL,California,WND,Wind,526,megawatthours
2026-04-05 19:00:00+00:00,CAL,California,WND,Wind,929,megawatthours
2026-04-05 20:00:00+00:00,CAL,California,WND,Wind,921,megawatthours
2026-04-05 21:00:00+00:00,CAL,California,WND,Wind,770,megawatthours
2026-04-05 22:00:00+00:00,CAL,California,WND,Wind,727,megawatthours
2026-04-05 23:00:00+00:00,CAL,California,WND,Wind,741,megawatthours
2026-04-06 00:00:00+00:00,CAL,California,WND,Wind,921,megawatthours
2026-04-06 01:00:00+00:00,CAL,California,WND,Wind,1238,megawatthours
2026-04-06 02:00:00+00:00,CAL,California,WND,Wind,1515,megawatthours
2026-04-06 03:00:00+00:00,CAL,California,WND,Wind,1636,megawatthours
2026-04-06 04:00:00+00:00,CAL,California,WND,Wind,1871,megawatthours
2026-04-06 05:00:00+00:00,CAL,California,WND,Wind,2190,megawatthours
2026-04-06 06:00:00+00:00,CAL,California,WND,Wind,2374,megawatthours
2026-04-06 07:00:00+00:00,CAL,California,WND,Wind,2310,megawatthours
2026-04-06 08:00:00+00:00,CAL,California,WND,Wind,2236,megawatthours
2026-04-06 09:00:00+00:00,CAL,California,WND,Wind,2337,megawatthours
2026-04-06 10:00:00+00:00,CAL,California,WND,Wind,2327,megawatthours
2026-04-06 11:00:00+00:00,CAL,California,WND,Wind,2472,megawatthours
2026-04-06 12:00:00+00:00,CAL,California,WND,Wind,2746,megawatthours
2026-04-06 13:00:00+00:00,CAL,California,WND,Wind,3484,megawatthours
2026-04-06 14:00:00+00:00,CAL,California,WND,Wind,3504,megawatthours
2026-04-06 15:00:00+00:00,CAL,California,WND,Wind,3279,megawatthours
2026-04-06 16:00:00+00:00,CAL,California,WND,Wind,3346,megawatthours
2026-04-06 17:00:00+00:00,CAL,California,WND,Wind,3653,megawatthours
2026-04-06 18:00:00+00:00,CAL,California,WND,Wind,3814,megawatthours
2026-04-06 19:00:00+00:00,CAL,California,WND,Wind,3733,megawatthours
2026-04-06 20:00:00+00:00,CAL,California,WND,Wind,3397,megawatthours
2026-04-06 21:00:00+00:00,CAL,California,WND,Wind,3689,megawatthours
2026-04-06 22:00:00+00:00,CAL,California,WND,Wind,4311,megawatthours
2026-04-06 23:00:00+00:00,CAL,California,WND,Wind,4970,megawatthours
2026-04-07 00:00:00+00:00,CAL,California,WND,Wind,4926,megawatthours
2026-04-07 01:00:00+00:00,CAL,California,WND,Wind,4746,megawatthours
2026-04-07 02:00:00+00:00,CAL,California,WND,Wind,5359,megawatthours
2026-04-07 03:00:00+00:00,CAL,California,WND,Wind,5672,megawatthours
2026-04-07 04:00:00+00:00,CAL,California,WND,Wind,5765,megawatthours
2026-04-07 05:00:00+00:00,CAL,California,WND,Wind,5606,megawatthours
2026-04-07 06:00:00+00:00,CAL,California,WND,Wind,5643,megawatthours
2026-04-07 07:00:00+00:00,CAL,California,WND,Wind,5802,megawatthours
2026-04-07 08:00:00+00:00,CAL,California,WND,Wind,5844,megawatthours
2026-04-07 09:00:00+00:00,CAL,California,WND,Wind,5758,megawatthours
2026-04-07 10:00:00+00:00,CAL,California,WND,Wind,5694,megawatthours
2026-04-07 11:00:00+00:00,CAL,California,WND,Wind,5390,megawatthours
2026-04-07 12:00:00+00:00,CAL,California,WND,Wind,5232,megawatthours
2026-04-07 13:00:00+00:00,CAL,California,WND,Wind,5039,megawatthours
2026-04-07 14:00:00+00:00,CAL,California,WND,Wind,4605,megawatthours
2026-04-07 15:00:00+00:00,CAL,California,WND,Wind,4207,megawatthours
2026-04-07 16:00:00+00:00,CAL,California,WND,Wind,3695,megawatthours
2026-04-07 17:00:00+00:00,CAL,California,WND,Wind,3390,megawatthours
2026-04-07 18:00:00+00:00,CAL,California,WND,Wind,2928,megawatthours
2026-04-07 19:00:00+00:00,CAL,California,WND,Wind,2768,megawatthours
2026-04-07 20:00:00+00:00,CAL,California,WND,Wind,2494,megawatthours
2026-04-07 21:00:00+00:00,CAL,California,WND,Wind,2652,megawatthours
2026-04-07 22:00:00+00:00,CAL,California,WND,Wind,2856,megawatthours
2026-04-07 23:00:00+00:00,CAL,California,WND,Wind,3267,megawatthours
2026-04-08 00:00:00+00:00,CAL,California,WND,Wind,3840,megawatthours
2026-04-08 01:00:00+00:00,CAL,California,WND,Wind,4422,megawatthours
2026-04-08 02:00:00+00:00,CAL,California,WND,Wind,4763,megawatthours
2026-04-08 03:00:00+00:00,CAL,California,WND,Wind,5114,megawatthours
2026-04-08 04:00:00+00:00,CAL,California,WND,Wind,5320,megawatthours
2026-04-08 05:00:00+00:00,CAL,California,WND,Wind,5347,megawatthours
2026-04-08 06:00:00+00:00,CAL,California,WND,Wind,5213,megawatthours
2026-04-08 07:00:00+00:00,CAL,California,WND,Wind,5061,megawatthours
2026-04-08 08:00:00+00:00,CAL,California,WND,Wind,5178,megawatthours
2026-04-08 09:00:00+00:00,CAL,California,WND,Wind,5358,megawatthours
2026-04-08 10:00:00+00:00,CAL,California,WND,Wind,5318,megawatthours
2026-04-08 11:00:00+00:00,CAL,California,WND,Wind,4859,megawatthours
2026-04-08 12:00:00+00:00,CAL,California,WND,Wind,4591,megawatthours
2026-04-08 13:00:00+00:00,CAL,California,WND,Wind,4404,megawatthours
2026-04-08 14:00:00+00:00,CAL,California,WND,Wind,4137,megawatthours
2026-04-08 15:00:00+00:00,CAL,California,WND,Wind,3661,megawatthours
2026-04-08 16:00:00+00:00,CAL,California,WND,Wind,3532,megawatthours
2026-04-08 17:00:00+00:00,CAL,California,WND,Wind,3457,megawatthours
2026-04-08 18:00:00+00:00,CAL,California,WND,Wind,3172,megawatthours
2026-04-08 19:00:00+00:00,CAL,California,WND,Wind,2897,megawatthours
2026-04-08 20:00:00+00:00,CAL,California,WND,Wind,2703,megawatthours
2026-04-08 21:00:00+00:00,CAL,California,WND,Wind,3025,megawatthours
2026-04-08 22:00:00+00:00,CAL,California,WND,Wind,3152,megawatthours
2026-04-08 23:00:00+00:00,CAL,California,WND,Wind,3746,megawatthours
2026-04-09 00:00:00+00:00,CAL,California,WND,Wind,4234,megawatthours
2026-04-09 01:00:00+00:00,CAL,California,WND,Wind,4866,megawatthours
2026-04-09 02:00:00+00:00,CAL,California,WND,Wind,4744,megawatthours
2026-04-09 03:00:00+00:00,CAL,California,WND,Wind,5187,megawatthours
2026-04-09 04:00:00+00:00,CAL,California,WND,Wind,5234,megawatthours
2026-04-09 05:00:00+00:00,CAL,California,WND,Wind,5441,megawatthours
2026-04-09 06:00:00+00:00,CAL,California,WND,Wind,5463,megawatthours
2026-04-09 07:00:00+00:00,CAL,California,WND,Wind,5683,megawatthours
2026-04-09 08:00:00+00:00,CAL,California,WND,Wind,5661,megawatthours
2026-04-09 09:00:00+00:00,CAL,California,WND,Wind,5592,megawatthours
2026-04-09 10:00:00+00:00,CAL,California,WND,Wind,5484,megawatthours
2026-04-09 11:00:00+00:00,CAL,California,WND,Wind,5648,megawatthours
2026-04-09 12:00:00+00:00,CAL,California,WND,Wind,5514,megawatthours
2026-04-09 13:00:00+00:00,CAL,California,WND,Wind,5390,megawatthours
2026-04-09 14:00:00+00:00,CAL,California,WND,Wind,5113,megawatthours
2026-04-09 15:00:00+00:00,CAL,California,WND,Wind,4513,megawatthours
2026-04-09 16:00:00+00:00,CAL,California,WND,Wind,4254,megawatthours
2026-04-09 17:00:00+00:00,CAL,California,WND,Wind,4115,megawatthours
2026-04-09 18:00:00+00:00,CAL,California,WND,Wind,3929,megawatthours
2026-04-09 19:00:00+00:00,CAL,California,WND,Wind,3614,megawatthours
2026-04-09 20:00:00+00:00,CAL,California,WND,Wind,3814,megawatthours
2026-04-09 21:00:00+00:00,CAL,California,WND,Wind,4132,megawatthours
2026-04-09 22:00:00+00:00,CAL,California,WND,Wind,3647,megawatthours
2026-04-09 23:00:00+00:00,CAL,California,WND,Wind,4065,megawatthours
2026-04-10 00:00:00+00:00,CAL,California,WND,Wind,3888,megawatthours
2026-04-10 01:00:00+00:00,CAL,California,WND,Wind,3821,megawatthours
2026-04-10 02:00:00+00:00,CAL,California,WND,Wind,3647,megawatthours
2026-04-10 03:00:00+00:00,CAL,California,WND,Wind,3586,megawatthours
2026-04-10 04:00:00+00:00,CAL,California,WND,Wind,3359,megawatthours
2026-04-10 05:00:00+00:00,CAL,California,WND,Wind,3363,megawatthours
2026-04-10 06:00:00+00:00,CAL,California,WND,Wind,3060,megawatthours
2026-04-10 07:00:00+00:00,CAL,California,WND,Wind,2924,megawatthours
2026-04-10 08:00:00+00:00,CAL,California,WND,Wind,2072,megawatthours
2026-04-10 09:00:00+00:00,CAL,California,WND,Wind,1871,megawatthours
2026-04-10 10:00:00+00:00,CAL,California,WND,Wind,1905,megawatthours
2026-04-10 11:00:00+00:00,CAL,California,WND,Wind,1718,megawatthours
2026-04-10 12:00:00+00:00,CAL,California,WND,Wind,1658,megawatthours
2026-04-10 13:00:00+00:00,CAL,California,WND,Wind,1920,megawatthours
2026-04-10 14:00:00+00:00,CAL,California,WND,Wind,1747,megawatthours
2026-04-10 15:00:00+00:00,CAL,California,WND,Wind,1353,megawatthours
2026-04-10 16:00:00+00:00,CAL,California,WND,Wind,1363,megawatthours
2026-04-10 17:00:00+00:00,CAL,California,WND,Wind,1469,megawatthours
2026-04-10 18:00:00+00:00,CAL,California,WND,Wind,1661,megawatthours
2026-04-10 19:00:00+00:00,CAL,California,WND,Wind,2129,megawatthours
2026-04-10 20:00:00+00:00,CAL,California,WND,Wind,2713,megawatthours
2026-04-10 21:00:00+00:00,CAL,California,WND,Wind,3429,megawatthours
2026-04-10 22:00:00+00:00,CAL,California,WND,Wind,3761,megawatthours
2026-04-10 23:00:00+00:00,CAL,California,WND,Wind,4022,megawatthours
2026-04-11 00:00:00+00:00,CAL,California,WND,Wind,3878,megawatthours
2026-04-11 01:00:00+00:00,CAL,California,WND,Wind,3474,megawatthours
2026-04-11 02:00:00+00:00,CAL,California,WND,Wind,3314,megawatthours
2026-04-11 03:00:00+00:00,CAL,California,WND,Wind,3003,megawatthours
2026-04-11 04:00:00+00:00,CAL,California,WND,Wind,2977,megawatthours
2026-04-11 05:00:00+00:00,CAL,California,WND,Wind,2544,megawatthours
2026-04-11 06:00:00+00:00,CAL,California,WND,Wind,2189,megawatthours
2026-04-11 07:00:00+00:00,CAL,California,WND,Wind,2020,megawatthours
2026-04-11 08:00:00+00:00,CAL,California,WND,Wind,2320,megawatthours
2026-04-11 09:00:00+00:00,CAL,California,WND,Wind,2682,megawatthours
2026-04-11 10:00:00+00:00,CAL,California,WND,Wind,2409,megawatthours
2026-04-11 11:00:00+00:00,CAL,California,WND,Wind,2196,megawatthours
2026-04-11 12:00:00+00:00,CAL,California,WND,Wind,2281,megawatthours
2026-04-11 13:00:00+00:00,CAL,California,WND,Wind,2397,megawatthours
2026-04-11 14:00:00+00:00,CAL,California,WND,Wind,2396,megawatthours
2026-04-11 15:00:00+00:00,CAL,California,WND,Wind,2342,megawatthours
2026-04-11 16:00:00+00:00,CAL,California,WND,Wind,1803,megawatthours
2026-04-11 17:00:00+00:00,CAL,California,WND,Wind,1884,megawatthours
2026-04-11 18:00:00+00:00,CAL,California,WND,Wind,2162,megawatthours
2026-04-11 19:00:00+00:00,CAL,California,WND,Wind,2755,megawatthours
2026-04-11 20:00:00+00:00,CAL,California,WND,Wind,3786,megawatthours
2026-04-11 21:00:00+00:00,CAL,California,WND,Wind,4133,megawatthours
2026-04-11 22:00:00+00:00,CAL,California,WND,Wind,3931,megawatthours
2026-04-11 23:00:00+00:00,CAL,California,WND,Wind,3934,megawatthours
2026-04-12 00:00:00+00:00,CAL,California,WND,Wind,3995,megawatthours
2026-04-12 01:00:00+00:00,CAL,California,WND,Wind,4118,megawatthours
2026-04-12 02:00:00+00:00,CAL,California,WND,Wind,4351,megawatthours
2026-04-12 03:00:00+00:00,CAL,California,WND,Wind,3546,megawatthours
2026-04-12 04:00:00+00:00,CAL,California,WND,Wind,3510,megawatthours
2026-04-12 05:00:00+00:00,CAL,California,WND,Wind,3932,megawatthours
2026-04-12 06:00:00+00:00,CAL,California,WND,Wind,3840,megawatthours
2026-04-12 07:00:00+00:00,CAL,California,WND,Wind,3854,megawatthours
2026-04-12 08:00:00+00:00,CAL,California,WND,Wind,3896,megawatthours
2026-04-12 09:00:00+00:00,CAL,California,WND,Wind,4153,megawatthours
2026-04-12 10:00:00+00:00,CAL,California,WND,Wind,4059,megawatthours
2026-04-12 11:00:00+00:00,CAL,California,WND,Wind,3830,megawatthours
2026-04-12 12:00:00+00:00,CAL,California,WND,Wind,3518,megawatthours
2026-04-12 13:00:00+00:00,CAL,California,WND,Wind,3363,megawatthours
2026-04-12 14:00:00+00:00,CAL,California,WND,Wind,3297,megawatthours
2026-04-12 15:00:00+00:00,CAL,California,WND,Wind,3320,megawatthours
2026-04-12 16:00:00+00:00,CAL,California,WND,Wind,3750,megawatthours
2026-04-12 17:00:00+00:00,CAL,California,WND,Wind,3747,megawatthours
2026-04-12 18:00:00+00:00,CAL,California,WND,Wind,3445,megawatthours
2026-04-12 19:00:00+00:00,CAL,California,WND,Wind,3567,megawatthours
2026-04-12 20:00:00+00:00,CAL,California,WND,Wind,3889,megawatthours
2026-04-12 21:00:00+00:00,CAL,California,WND,Wind,4182,megawatthours
2026-04-12 22:00:00+00:00,CAL,California,WND,Wind,4118,megawatthours
2026-04-12 23:00:00+00:00,CAL,California,WND,Wind,4059,megawatthours
2026-04-13 00:00:00+00:00,CAL,California,WND,Wind,4393,megawatthours
2026-04-13 01:00:00+00:00,CAL,California,WND,Wind,4940,megawatthours
2026-04-13 02:00:00+00:00,CAL,California,WND,Wind,4600,megawatthours
2026-04-13 03:00:00+00:00,CAL,California,WND,Wind,4139,megawatthours
2026-04-13 04:00:00+00:00,CAL,California,WND,Wind,4079,megawatthours
2026-04-13 05:00:00+00:00,CAL,California,WND,Wind,4007,megawatthours
2026-04-13 06:00:00+00:00,CAL,California,WND,Wind,3886,megawatthours
2026-04-13 07:00:00+00:00,CAL,California,WND,Wind,4337,megawatthours
2026-04-13 08:00:00+00:00,CAL,California,WND,Wind,4351,megawatthours
2026-04-13 09:00:00+00:00,CAL,California,WND,Wind,4159,megawatthours
2026-04-13 10:00:00+00:00,CAL,California,WND,Wind,3847,megawatthours
2026-04-13 11:00:00+00:00,CAL,California,WND,Wind,3805,megawatthours
2026-04-13 12:00:00+00:00,CAL,California,WND,Wind,3716,megawatthours
2026-04-13 13:00:00+00:00,CAL,California,WND,Wind,3486,megawatthours
2026-04-13 14:00:00+00:00,CAL,California,WND,Wind,3622,megawatthours
2026-04-13 15:00:00+00:00,CAL,California,WND,Wind,3782,megawatthours
2026-04-13 16:00:00+00:00,CAL,California,WND,Wind,4042,megawatthours
2026-04-13 17:00:00+00:00,CAL,California,WND,Wind,4075,megawatthours
2026-04-13 18:00:00+00:00,CAL,California,WND,Wind,4392,megawatthours
2026-04-13 19:00:00+00:00,CAL,California,WND,Wind,4866,megawatthours
2026-04-13 20:00:00+00:00,CAL,California,WND,Wind,5160,megawatthours
2026-04-13 21:00:00+00:00,CAL,California,WND,Wind,5205,megawatthours
2026-04-13 22:00:00+00:00,CAL,California,WND,Wind,5174,megawatthours
2026-04-13 23:00:00+00:00,CAL,California,WND,Wind,5288,megawatthours
2026-04-14 00:00:00+00:00,CAL,California,WND,Wind,5213,megawatthours
2026-04-14 01:00:00+00:00,CAL,California,WND,Wind,5486,megawatthours
2026-04-14 02:00:00+00:00,CAL,California,WND,Wind,5917,megawatthours
2026-04-14 03:00:00+00:00,CAL,California,WND,Wind,6282,megawatthours
2026-04-14 04:00:00+00:00,CAL,California,WND,Wind,6218,megawatthours
2026-04-14 05:00:00+00:00,CAL,California,WND,Wind,6309,megawatthours
2026-04-14 06:00:00+00:00,CAL,California,WND,Wind,6294,megawatthours
2026-04-14 07:00:00+00:00,CAL,California,WND,Wind,6166,megawatthours
2026-04-14 08:00:00+00:00,CAL,California,WND,Wind,6112,megawatthours
2026-04-14 09:00:00+00:00,CAL,California,WND,Wind,6177,megawatthours
2026-04-14 10:00:00+00:00,CAL,California,WND,Wind,6102,megawatthours
2026-04-14 11:00:00+00:00,CAL,California,WND,Wind,5646,megawatthours
2026-04-14 12:00:00+00:00,CAL,California,WND,Wind,5574,megawatthours
2026-04-14 13:00:00+00:00,CAL,California,WND,Wind,5541,megawatthours
2026-04-14 14:00:00+00:00,CAL,California,WND,Wind,5149,megawatthours
2026-04-14 15:00:00+00:00,CAL,California,WND,Wind,4701,megawatthours
2026-04-14 16:00:00+00:00,CAL,California,WND,Wind,4347,megawatthours
2026-04-14 17:00:00+00:00,CAL,California,WND,Wind,4052,megawatthours
2026-04-14 18:00:00+00:00,CAL,California,WND,Wind,3482,megawatthours
2026-04-14 19:00:00+00:00,CAL,California,WND,Wind,3040,megawatthours
2026-04-14 20:00:00+00:00,CAL,California,WND,Wind,2765,megawatthours
2026-04-14 21:00:00+00:00,CAL,California,WND,Wind,2876,megawatthours
2026-04-14 22:00:00+00:00,CAL,California,WND,Wind,3627,megawatthours
2026-04-14 23:00:00+00:00,CAL,California,WND,Wind,4322,megawatthours
2026-04-15 00:00:00+00:00,CAL,California,WND,Wind,4533,megawatthours
2026-04-15 01:00:00+00:00,CAL,California,WND,Wind,4773,megawatthours
2026-04-15 02:00:00+00:00,CAL,California,WND,Wind,4971,megawatthours
2026-04-15 03:00:00+00:00,CAL,California,WND,Wind,4888,megawatthours
2026-04-15 04:00:00+00:00,CAL,California,WND,Wind,5121,megawatthours
2026-04-15 05:00:00+00:00,CAL,California,WND,Wind,5349,megawatthours
2026-04-15 06:00:00+00:00,CAL,California,WND,Wind,4990,megawatthours
2026-04-15 07:00:00+00:00,CAL,California,WND,Wind,4535,megawatthours
2026-04-15 08:00:00+00:00,CAL,California,WND,Wind,4156,megawatthours
2026-04-15 09:00:00+00:00,CAL,California,WND,Wind,3681,megawatthours
2026-04-15 10:00:00+00:00,CAL,California,WND,Wind,3531,megawatthours
2026-04-15 11:00:00+00:00,CAL,California,WND,Wind,3423,megawatthours
2026-04-15 12:00:00+00:00,CAL,California,WND,Wind,3076,megawatthours
2026-04-15 13:00:00+00:00,CAL,California,WND,Wind,2791,megawatthours
2026-04-15 14:00:00+00:00,CAL,California,WND,Wind,2233,megawatthours
2026-04-15 15:00:00+00:00,CAL,California,WND,Wind,1990,megawatthours
2026-04-15 16:00:00+00:00,CAL,California,WND,Wind,2113,megawatthours
2026-04-15 17:00:00+00:00,CAL,California,WND,Wind,1911,megawatthours
2026-04-15 18:00:00+00:00,CAL,California,WND,Wind,1959,megawatthours
2026-04-15 19:00:00+00:00,CAL,California,WND,Wind,1420,megawatthours
2026-04-15 20:00:00+00:00,CAL,California,WND,Wind,1063,megawatthours
2026-04-15 21:00:00+00:00,CAL,California,WND,Wind,1342,megawatthours
2026-04-15 22:00:00+00:00,CAL,California,WND,Wind,1753,megawatthours
2026-04-15 23:00:00+00:00,CAL,California,WND,Wind,2542,megawatthours
2026-04-16 00:00:00+00:00,CAL,California,WND,Wind,3122,megawatthours
2026-04-16 01:00:00+00:00,CAL,California,WND,Wind,3236,megawatthours
2026-04-16 02:00:00+00:00,CAL,California,WND,Wind,3563,megawatthours
2026-04-16 03:00:00+00:00,CAL,California,WND,Wind,4041,megawatthours
2026-04-16 04:00:00+00:00,CAL,California,WND,Wind,4441,megawatthours
2026-04-16 05:00:00+00:00,CAL,California,WND,Wind,4700,megawatthours
2026-04-16 06:00:00+00:00,CAL,California,WND,Wind,4297,megawatthours
2026-04-16 07:00:00+00:00,CAL,California,WND,Wind,4451,megawatthours
2026-04-16 08:00:00+00:00,CAL,California,WND,Wind,4273,megawatthours
2026-04-16 09:00:00+00:00,CAL,California,WND,Wind,3884,megawatthours
2026-04-16 10:00:00+00:00,CAL,California,WND,Wind,4044,megawatthours
2026-04-16 11:00:00+00:00,CAL,California,WND,Wind,4360,megawatthours
2026-04-16 12:00:00+00:00,CAL,California,WND,Wind,4009,megawatthours
2026-04-16 13:00:00+00:00,CAL,California,WND,Wind,4025,megawatthours
2026-04-16 14:00:00+00:00,CAL,California,WND,Wind,3862,megawatthours
2026-04-16 15:00:00+00:00,CAL,California,WND,Wind,3887,megawatthours
2026-04-16 16:00:00+00:00,CAL,California,WND,Wind,4070,megawatthours
2026-04-16 17:00:00+00:00,CAL,California,WND,Wind,4188,megawatthours
2026-04-16 18:00:00+00:00,CAL,California,WND,Wind,4137,megawatthours
2026-04-16 19:00:00+00:00,CAL,California,WND,Wind,4279,megawatthours
2026-04-16 20:00:00+00:00,CAL,California,WND,Wind,4255,megawatthours
2026-04-16 21:00:00+00:00,CAL,California,WND,Wind,4114,megawatthours
2026-04-16 22:00:00+00:00,CAL,California,WND,Wind,4082,megawatthours
2026-04-16 23:00:00+00:00,CAL,California,WND,Wind,4072,megawatthours
2026-04-17 00:00:00+00:00,CAL,California,WND,Wind,4358,megawatthours
2026-04-17 01:00:00+00:00,CAL,California,WND,Wind,4759,megawatthours
2026-04-17 02:00:00+00:00,CAL,California,WND,Wind,5293,megawatthours
2026-04-17 03:00:00+00:00,CAL,California,WND,Wind,4617,megawatthours
2026-04-17 04:00:00+00:00,CAL,California,WND,Wind,4327,megawatthours
2026-04-17 05:00:00+00:00,CAL,California,WND,Wind,4301,megawatthours
2026-04-17 06:00:00+00:00,CAL,California,WND,Wind,4302,megawatthours
2026-04-17 07:00:00+00:00,CAL,California,WND,Wind,4600,megawatthours
2026-04-17 08:00:00+00:00,CAL,California,WND,Wind,5208,megawatthours
2026-04-17 09:00:00+00:00,CAL,California,WND,Wind,5217,megawatthours
2026-04-17 10:00:00+00:00,CAL,California,WND,Wind,4771,megawatthours
2026-04-17 11:00:00+00:00,CAL,California,WND,Wind,3583,megawatthours
2026-04-17 12:00:00+00:00,CAL,California,WND,Wind,2491,megawatthours
2026-04-17 13:00:00+00:00,CAL,California,WND,Wind,1695,megawatthours
2026-04-17 14:00:00+00:00,CAL,California,WND,Wind,1629,megawatthours
2026-04-17 15:00:00+00:00,CAL,California,WND,Wind,1775,megawatthours
2026-04-17 16:00:00+00:00,CAL,California,WND,Wind,2172,megawatthours
2026-04-17 17:00:00+00:00,CAL,California,WND,Wind,2724,megawatthours
2026-04-17 18:00:00+00:00,CAL,California,WND,Wind,2627,megawatthours
2026-04-17 19:00:00+00:00,CAL,California,WND,Wind,2296,megawatthours
2026-04-17 20:00:00+00:00,CAL,California,WND,Wind,2016,megawatthours
2026-04-17 21:00:00+00:00,CAL,California,WND,Wind,1623,megawatthours
2026-04-17 22:00:00+00:00,CAL,California,WND,Wind,1240,megawatthours
2026-04-17 23:00:00+00:00,CAL,California,WND,Wind,963,megawatthours
2026-04-18 00:00:00+00:00,CAL,California,WND,Wind,835,megawatthours
2026-04-18 01:00:00+00:00,CAL,California,WND,Wind,790,megawatthours
2026-04-18 02:00:00+00:00,CAL,California,WND,Wind,761,megawatthours
2026-04-18 03:00:00+00:00,CAL,California,WND,Wind,644,megawatthours
2026-04-18 04:00:00+00:00,CAL,California,WND,Wind,600,megawatthours
2026-04-18 05:00:00+00:00,CAL,California,WND,Wind,709,megawatthours
2026-04-18 06:00:00+00:00,CAL,California,WND,Wind,720,megawatthours
2026-04-18 07:00:00+00:00,CAL,California,WND,Wind,670,megawatthours
2026-04-18 08:00:00+00:00,CAL,California,WND,Wind,464,megawatthours
2026-04-18 09:00:00+00:00,CAL,California,WND,Wind,408,megawatthours
2026-04-18 10:00:00+00:00,CAL,California,WND,Wind,366,megawatthours
2026-04-18 11:00:00+00:00,CAL,California,WND,Wind,313,megawatthours
2026-04-18 12:00:00+00:00,CAL,California,WND,Wind,252,megawatthours
2026-04-18 13:00:00+00:00,CAL,California,WND,Wind,292,megawatthours
2026-04-18 14:00:00+00:00,CAL,California,WND,Wind,247,megawatthours
2026-04-18 15:00:00+00:00,CAL,California,WND,Wind,211,megawatthours
2026-04-18 16:00:00+00:00,CAL,California,WND,Wind,233,megawatthours
2026-04-18 17:00:00+00:00,CAL,California,WND,Wind,333,megawatthours
2026-04-18 18:00:00+00:00,CAL,California,WND,Wind,531,megawatthours
2026-04-18 19:00:00+00:00,CAL,California,WND,Wind,666,megawatthours
2026-04-18 20:00:00+00:00,CAL,California,WND,Wind,605,megawatthours
2026-04-18 21:00:00+00:00,CAL,California,WND,Wind,476,megawatthours
2026-04-18 22:00:00+00:00,CAL,California,WND,Wind,404,megawatthours
2026-04-18 23:00:00+00:00,CAL,California,WND,Wind,278,megawatthours
2026-04-19 00:00:00+00:00,CAL,California,WND,Wind,182,megawatthours
2026-04-19 01:00:00+00:00,CAL,California,WND,Wind,122,megawatthours
2026-04-19 02:00:00+00:00,CAL,California,WND,Wind,118,megawatthours
2026-04-19 03:00:00+00:00,CAL,California,WND,Wind,227,megawatthours
2026-04-19 04:00:00+00:00,CAL,California,WND,Wind,371,megawatthours
2026-04-19 05:00:00+00:00,CAL,California,WND,Wind,577,megawatthours
2026-04-19 06:00:00+00:00,CAL,California,WND,Wind,920,megawatthours
2026-04-19 07:00:00+00:00,CAL,California,WND,Wind,1379,megawatthours
2026-04-19 08:00:00+00:00,CAL,California,WND,Wind,1666,megawatthours
2026-04-19 09:00:00+00:00,CAL,California,WND,Wind,1547,megawatthours
2026-04-19 10:00:00+00:00,CAL,California,WND,Wind,1393,megawatthours
2026-04-19 11:00:00+00:00,CAL,California,WND,Wind,1000,megawatthours
2026-04-19 12:00:00+00:00,CAL,California,WND,Wind,661,megawatthours
2026-04-19 13:00:00+00:00,CAL,California,WND,Wind,629,megawatthours
2026-04-19 14:00:00+00:00,CAL,California,WND,Wind,518,megawatthours
2026-04-19 15:00:00+00:00,CAL,California,WND,Wind,497,megawatthours
2026-04-19 16:00:00+00:00,CAL,California,WND,Wind,599,megawatthours
2026-04-19 17:00:00+00:00,CAL,California,WND,Wind,821,megawatthours
2026-04-19 18:00:00+00:00,CAL,California,WND,Wind,803,megawatthours
2026-04-19 19:00:00+00:00,CAL,California,WND,Wind,932,megawatthours
2026-04-19 20:00:00+00:00,CAL,California,WND,Wind,1168,megawatthours
2026-04-19 21:00:00+00:00,CAL,California,WND,Wind,1433,megawatthours
2026-04-19 22:00:00+00:00,CAL,California,WND,Wind,1618,megawatthours
2026-04-19 23:00:00+00:00,CAL,California,WND,Wind,1691,megawatthours
2026-04-20 00:00:00+00:00,CAL,California,WND,Wind,2228,megawatthours
2026-04-20 01:00:00+00:00,CAL,California,WND,Wind,2744,megawatthours
2026-04-20 02:00:00+00:00,CAL,California,WND,Wind,3254,megawatthours
2026-04-20 03:00:00+00:00,CAL,California,WND,Wind,3056,megawatthours
2026-04-20 04:00:00+00:00,CAL,California,WND,Wind,2736,megawatthours
2026-04-20 05:00:00+00:00,CAL,California,WND,Wind,2525,megawatthours
2026-04-20 06:00:00+00:00,CAL,California,WND,Wind,2255,megawatthours
2026-04-20 07:00:00+00:00,CAL,California,WND,Wind,2172,megawatthours
2026-04-20 08:00:00+00:00,CAL,California,WND,Wind,2159,megawatthours
2026-04-20 09:00:00+00:00,CAL,California,WND,Wind,2104,megawatthours
2026-04-20 10:00:00+00:00,CAL,California,WND,Wind,1706,megawatthours
2026-04-20 11:00:00+00:00,CAL,California,WND,Wind,1653,megawatthours
2026-04-20 12:00:00+00:00,CAL,California,WND,Wind,1841,megawatthours
2026-04-20 13:00:00+00:00,CAL,California,WND,Wind,1722,megawatthours
2026-04-20 14:00:00+00:00,CAL,California,WND,Wind,1385,megawatthours
2026-04-20 15:00:00+00:00,CAL,California,WND,Wind,871,megawatthours
2026-04-20 16:00:00+00:00,CAL,California,WND,Wind,800,megawatthours
2026-04-20 17:00:00+00:00,CAL,California,WND,Wind,731,megawatthours
2026-04-20 18:00:00+00:00,CAL,California,WND,Wind,626,megawatthours
2026-04-20 19:00:00+00:00,CAL,California,WND,Wind,908,megawatthours
2026-04-20 20:00:00+00:00,CAL,California,WND,Wind,1188,megawatthours
2026-04-20 21:00:00+00:00,CAL,California,WND,Wind,1534,megawatthours
2026-04-20 22:00:00+00:00,CAL,California,WND,Wind,1855,megawatthours
2026-04-20 23:00:00+00:00,CAL,California,WND,Wind,2386,megawatthours
2026-04-21 00:00:00+00:00,CAL,California,WND,Wind,2813,megawatthours
2026-04-21 01:00:00+00:00,CAL,California,WND,Wind,3053,megawatthours
2026-04-21 02:00:00+00:00,CAL,California,WND,Wind,2759,megawatthours
2026-04-21 03:00:00+00:00,CAL,California,WND,Wind,2893,megawatthours
2026-04-21 04:00:00+00:00,CAL,California,WND,Wind,2842,megawatthours
2026-04-21 05:00:00+00:00,CAL,California,WND,Wind,2383,megawatthours
2026-04-21 06:00:00+00:00,CAL,California,WND,Wind,2170,megawatthours
2026-04-21 07:00:00+00:00,CAL,California,WND,Wind,2175,megawatthours
2026-04-21 08:00:00+00:00,CAL,California,WND,Wind,2322,megawatthours
2026-04-21 09:00:00+00:00,CAL,California,WND,Wind,2959,megawatthours
2026-04-21 10:00:00+00:00,CAL,California,WND,Wind,3118,megawatthours
2026-04-21 11:00:00+00:00,CAL,California,WND,Wind,3176,megawatthours
2026-04-21 12:00:00+00:00,CAL,California,WND,Wind,3254,megawatthours
2026-04-21 13:00:00+00:00,CAL,California,WND,Wind,3144,megawatthours
2026-04-21 14:00:00+00:00,CAL,California,WND,Wind,2890,megawatthours
2026-04-21 15:00:00+00:00,CAL,California,WND,Wind,2670,megawatthours
2026-04-21 16:00:00+00:00,CAL,California,WND,Wind,3085,megawatthours
2026-04-21 17:00:00+00:00,CAL,California,WND,Wind,3331,megawatthours
2026-04-21 18:00:00+00:00,CAL,California,WND,Wind,3691,megawatthours
2026-04-21 19:00:00+00:00,CAL,California,WND,Wind,3404,megawatthours
2026-04-21 20:00:00+00:00,CAL,California,WND,Wind,3075,megawatthours
2026-04-21 21:00:00+00:00,CAL,California,WND,Wind,3770,megawatthours
2026-04-21 22:00:00+00:00,CAL,California,WND,Wind,4595,megawatthours
2026-04-21 23:00:00+00:00,CAL,California,WND,Wind,4439,megawatthours
2026-04-22 00:00:00+00:00,CAL,California,WND,Wind,4093,megawatthours
2026-04-22 01:00:00+00:00,CAL,California,WND,Wind,4158,megawatthours
2026-04-22 02:00:00+00:00,CAL,California,WND,Wind,4138,megawatthours
2026-04-22 03:00:00+00:00,CAL,California,WND,Wind,3790,megawatthours
2026-04-22 04:00:00+00:00,CAL,California,WND,Wind,3737,megawatthours
2026-04-22 05:00:00+00:00,CAL,California,WND,Wind,4084,megawatthours
2026-04-22 06:00:00+00:00,CAL,California,WND,Wind,4357,megawatthours
2026-04-22 07:00:00+00:00,CAL,California,WND,Wind,4653,megawatthours
2026-04-22 08:00:00+00:00,CAL,California,WND,Wind,4714,megawatthours
2026-04-22 09:00:00+00:00,CAL,California,WND,Wind,4623,megawatthours
2026-04-22 10:00:00+00:00,CAL,California,WND,Wind,4680,megawatthours
2026-04-22 11:00:00+00:00,CAL,California,WND,Wind,4773,megawatthours
2026-04-22 12:00:00+00:00,CAL,California,WND,Wind,4780,megawatthours
2026-04-22 13:00:00+00:00,CAL,California,WND,Wind,4630,megawatthours
2026-04-22 14:00:00+00:00,CAL,California,WND,Wind,4191,megawatthours
2026-04-22 15:00:00+00:00,CAL,California,WND,Wind,3710,megawatthours
2026-04-22 16:00:00+00:00,CAL,California,WND,Wind,3970,megawatthours
2026-04-22 17:00:00+00:00,CAL,California,WND,Wind,4172,megawatthours
2026-04-22 18:00:00+00:00,CAL,California,WND,Wind,4065,megawatthours
2026-04-22 19:00:00+00:00,CAL,California,WND,Wind,4339,megawatthours
2026-04-22 20:00:00+00:00,CAL,California,WND,Wind,4585,megawatthours
2026-04-22 21:00:00+00:00,CAL,California,WND,Wind,4711,megawatthours
2026-04-22 22:00:00+00:00,CAL,California,WND,Wind,4565,megawatthours
2026-04-22 23:00:00+00:00,CAL,California,WND,Wind,4506,megawatthours
2026-04-23 00:00:00+00:00,CAL,California,WND,Wind,4253,megawatthours
2026-04-23 01:00:00+00:00,CAL,California,WND,Wind,4334,megawatthours
2026-04-23 02:00:00+00:00,CAL,California,WND,Wind,4626,megawatthours
2026-04-23 03:00:00+00:00,CAL,California,WND,Wind,5082,megawatthours
2026-04-23 04:00:00+00:00,CAL,California,WND,Wind,5276,megawatthours
2026-04-23 05:00:00+00:00,CAL,California,WND,Wind,5172,megawatthours
2026-04-23 06:00:00+00:00,CAL,California,WND,Wind,4798,megawatthours
2026-04-23 07:00:00+00:00,CAL,California,WND,Wind,4660,megawatthours
2026-04-23 08:00:00+00:00,CAL,California,WND,Wind,4408,megawatthours
2026-04-23 09:00:00+00:00,CAL,California,WND,Wind,4722,megawatthours
2026-04-23 10:00:00+00:00,CAL,California,WND,Wind,4703,megawatthours
2026-04-23 11:00:00+00:00,CAL,California,WND,Wind,4779,megawatthours
2026-04-23 12:00:00+00:00,CAL,California,WND,Wind,4816,megawatthours
2026-04-23 13:00:00+00:00,CAL,California,WND,Wind,4594,megawatthours
2026-04-23 14:00:00+00:00,CAL,California,WND,Wind,4413,megawatthours
2026-04-23 15:00:00+00:00,CAL,California,WND,Wind,3476,megawatthours
2026-04-23 16:00:00+00:00,CAL,California,WND,Wind,2699,megawatthours
2026-04-23 17:00:00+00:00,CAL,California,WND,Wind,2200,megawatthours
2026-04-23 18:00:00+00:00,CAL,California,WND,Wind,2102,megawatthours
2026-04-23 19:00:00+00:00,CAL,California,WND,Wind,2008,megawatthours
2026-04-23 20:00:00+00:00,CAL,California,WND,Wind,1890,megawatthours
2026-04-23 21:00:00+00:00,CAL,California,WND,Wind,1894,megawatthours
2026-04-23 22:00:00+00:00,CAL,California,WND,Wind,1966,megawatthours
2026-04-23 23:00:00+00:00,CAL,California,WND,Wind,2324,megawatthours
2026-04-24 00:00:00+00:00,CAL,California,WND,Wind,2945,megawatthours
2026-04-24 01:00:00+00:00,CAL,California,WND,Wind,3489,megawatthours
2026-04-24 02:00:00+00:00,CAL,California,WND,Wind,4326,megawatthours
2026-04-24 03:00:00+00:00,CAL,California,WND,Wind,4814,megawatthours
2026-04-24 04:00:00+00:00,CAL,California,WND,Wind,5200,megawatthours
2026-04-24 05:00:00+00:00,CAL,California,WND,Wind,5219,megawatthours
2026-04-24 06:00:00+00:00,CAL,California,WND,Wind,5279,megawatthours
2026-04-24 07:00:00+00:00,CAL,California,WND,Wind,5188,megawatthours
2026-04-24 08:00:00+00:00,CAL,California,WND,Wind,4768,megawatthours
2026-04-24 09:00:00+00:00,CAL,California,WND,Wind,4493,megawatthours
2026-04-24 10:00:00+00:00,CAL,California,WND,Wind,4317,megawatthours
2026-04-24 11:00:00+00:00,CAL,California,WND,Wind,4209,megawatthours
2026-04-24 12:00:00+00:00,CAL,California,WND,Wind,3777,megawatthours
2026-04-24 13:00:00+00:00,CAL,California,WND,Wind,3506,megawatthours
2026-04-24 14:00:00+00:00,CAL,California,WND,Wind,2777,megawatthours
2026-04-24 15:00:00+00:00,CAL,California,WND,Wind,2544,megawatthours
2026-04-24 16:00:00+00:00,CAL,California,WND,Wind,2478,megawatthours
2026-04-24 17:00:00+00:00,CAL,California,WND,Wind,2340,megawatthours
2026-04-24 18:00:00+00:00,CAL,California,WND,Wind,2672,megawatthours
2026-04-24 19:00:00+00:00,CAL,California,WND,Wind,2919,megawatthours
2026-04-24 20:00:00+00:00,CAL,California,WND,Wind,3498,megawatthours
2026-04-24 21:00:00+00:00,CAL,California,WND,Wind,3649,megawatthours
2026-04-24 22:00:00+00:00,CAL,California,WND,Wind,4044,megawatthours
2026-04-24 23:00:00+00:00,CAL,California,WND,Wind,4438,megawatthours
2026-04-25 00:00:00+00:00,CAL,California,WND,Wind,4722,megawatthours
2026-04-25 01:00:00+00:00,CAL,California,WND,Wind,5029,megawatthours
2026-04-25 02:00:00+00:00,CAL,California,WND,Wind,5312,megawatthours
2026-04-25 03:00:00+00:00,CAL,California,WND,Wind,5102,megawatthours
2026-04-25 04:00:00+00:00,CAL,California,WND,Wind,4888,megawatthours
2026-04-25 05:00:00+00:00,CAL,California,WND,Wind,4768,megawatthours
2026-04-25 06:00:00+00:00,CAL,California,WND,Wind,5117,megawatthours
2026-04-25 07:00:00+00:00,CAL,California,WND,Wind,5374,megawatthours
2026-04-25 08:00:00+00:00,CAL,California,WND,Wind,5664,megawatthours
2026-04-25 09:00:00+00:00,CAL,California,WND,Wind,6082,megawatthours
2026-04-25 10:00:00+00:00,CAL,California,WND,Wind,5968,megawatthours
2026-04-25 11:00:00+00:00,CAL,California,WND,Wind,5890,megawatthours
2026-04-25 12:00:00+00:00,CAL,California,WND,Wind,5600,megawatthours
2026-04-25 13:00:00+00:00,CAL,California,WND,Wind,5118,megawatthours
2026-04-25 14:00:00+00:00,CAL,California,WND,Wind,4666,megawatthours
2026-04-25 15:00:00+00:00,CAL,California,WND,Wind,4579,megawatthours
2026-04-25 16:00:00+00:00,CAL,California,WND,Wind,4300,megawatthours
2026-04-25 17:00:00+00:00,CAL,California,WND,Wind,4823,megawatthours
2026-04-25 18:00:00+00:00,CAL,California,WND,Wind,5085,megawatthours
2026-04-25 19:00:00+00:00,CAL,California,WND,Wind,5067,megawatthours
2026-04-25 20:00:00+00:00,CAL,California,WND,Wind,5365,megawatthours
2026-04-25 21:00:00+00:00,CAL,California,WND,Wind,5767,megawatthours
2026-04-25 22:00:00+00:00,CAL,California,WND,Wind,5332,megawatthours
2026-04-25 23:00:00+00:00,CAL,California,WND,Wind,5168,megawatthours
2026-04-26 00:00:00+00:00,CAL,California,WND,Wind,4795,megawatthours
2026-04-26 01:00:00+00:00,CAL,California,WND,Wind,4539,megawatthours
2026-04-26 02:00:00+00:00,CAL,California,WND,Wind,4328,megawatthours
2026-04-26 03:00:00+00:00,CAL,California,WND,Wind,4223,megawatthours
2026-04-26 04:00:00+00:00,CAL,California,WND,Wind,3926,megawatthours
2026-04-26 05:00:00+00:00,CAL,California,WND,Wind,3953,megawatthours
2026-04-26 06:00:00+00:00,CAL,California,WND,Wind,4048,megawatthours
2026-04-26 07:00:00+00:00,CAL,California,WND,Wind,4267,megawatthours
2026-04-26 08:00:00+00:00,CAL,California,WND,Wind,4058,megawatthours
2026-04-26 09:00:00+00:00,CAL,California,WND,Wind,3939,megawatthours
2026-04-26 10:00:00+00:00,CAL,California,WND,Wind,4043,megawatthours
2026-04-26 11:00:00+00:00,CAL,California,WND,Wind,4067,megawatthours
2026-04-26 12:00:00+00:00,CAL,California,WND,Wind,3592,megawatthours
2026-04-26 13:00:00+00:00,CAL,California,WND,Wind,3907,megawatthours
2026-04-26 14:00:00+00:00,CAL,California,WND,Wind,4095,megawatthours
2026-04-26 15:00:00+00:00,CAL,California,WND,Wind,4628,megawatthours
2026-04-26 16:00:00+00:00,CAL,California,WND,Wind,4711,megawatthours
2026-04-26 17:00:00+00:00,CAL,California,WND,Wind,4758,megawatthours
2026-04-26 18:00:00+00:00,CAL,California,WND,Wind,4916,megawatthours
2026-04-26 19:00:00+00:00,CAL,California,WND,Wind,5077,megawatthours
2026-04-26 20:00:00+00:00,CAL,California,WND,Wind,5149,megawatthours
2026-04-26 21:00:00+00:00,CAL,California,WND,Wind,5100,megawatthours
2026-04-26 22:00:00+00:00,CAL,California,WND,Wind,4904,megawatthours
2026-04-26 23:00:00+00:00,CAL,California,WND,Wind,4952,megawatthours
2026-04-27 00:00:00+00:00,CAL,California,WND,Wind,4818,megawatthours
2026-04-27 01:00:00+00:00,CAL,California,WND,Wind,4981,megawatthours
2026-04-27 02:00:00+00:00,CAL,California,WND,Wind,5525,megawatthours
2026-04-27 03:00:00+00:00,CAL,California,WND,Wind,5314,megawatthours
2026-04-27 04:00:00+00:00,CAL,California,WND,Wind,4896,megawatthours
2026-04-27 05:00:00+00:00,CAL,California,WND,Wind,4748,megawatthours
2026-04-27 06:00:00+00:00,CAL,California,WND,Wind,4756,megawatthours
2026-04-27 07:00:00+00:00,CAL,California,WND,Wind,4614,megawatthours
2026-04-27 08:00:00+00:00,CAL,California,WND,Wind,4365,megawatthours
2026-04-27 09:00:00+00:00,CAL,California,WND,Wind,4255,megawatthours
2026-04-27 10:00:00+00:00,CAL,California,WND,Wind,4313,megawatthours
2026-04-27 11:00:00+00:00,CAL,California,WND,Wind,4424,megawatthours
2026-04-27 12:00:00+00:00,CAL,California,WND,Wind,4349,megawatthours
2026-04-27 13:00:00+00:00,CAL,California,WND,Wind,4374,megawatthours
2026-04-27 14:00:00+00:00,CAL,California,WND,Wind,4276,megawatthours
2026-04-27 15:00:00+00:00,CAL,California,WND,Wind,4291,megawatthours
2026-04-27 16:00:00+00:00,CAL,California,WND,Wind,4204,megawatthours
2026-04-27 17:00:00+00:00,CAL,California,WND,Wind,4459,megawatthours
2026-04-27 18:00:00+00:00,CAL,California,WND,Wind,4373,megawatthours
2026-04-27 19:00:00+00:00,CAL,California,WND,Wind,4271,megawatthours
2026-04-27 20:00:00+00:00,CAL,California,WND,Wind,4395,megawatthours
2026-04-27 21:00:00+00:00,CAL,California,WND,Wind,4311,megawatthours
2026-04-27 22:00:00+00:00,CAL,California,WND,Wind,4504,megawatthours
2026-04-27 23:00:00+00:00,CAL,California,WND,Wind,4683,megawatthours
2026-04-28 00:00:00+00:00,CAL,California,WND,Wind,4785,megawatthours
2026-04-28 01:00:00+00:00,CAL,California,WND,Wind,4642,megawatthours
2026-04-28 02:00:00+00:00,CAL,California,WND,Wind,4948,megawatthours
2026-04-28 03:00:00+00:00,CAL,California,WND,Wind,5213,megawatthours
2026-04-28 04:00:00+00:00,CAL,California,WND,Wind,5425,megawatthours
2026-04-28 05:00:00+00:00,CAL,California,WND,Wind,5226,megawatthours
2026-04-28 06:00:00+00:00,CAL,California,WND,Wind,5140,megawatthours
2026-04-28 07:00:00+00:00,CAL,California,WND,Wind,4830,megawatthours
2026-04-28 08:00:00+00:00,CAL,California,WND,Wind,4450,megawatthours
2026-04-28 09:00:00+00:00,CAL,California,WND,Wind,3999,megawatthours
2026-04-28 10:00:00+00:00,CAL,California,WND,Wind,3518,megawatthours
2026-04-28 11:00:00+00:00,CAL,California,WND,Wind,3266,megawatthours
2026-04-28 12:00:00+00:00,CAL,California,WND,Wind,2972,megawatthours
2026-04-28 13:00:00+00:00,CAL,California,WND,Wind,2895,megawatthours
2026-04-28 14:00:00+00:00,CAL,California,WND,Wind,2810,megawatthours
2026-04-28 15:00:00+00:00,CAL,California,WND,Wind,2495,megawatthours
2026-04-28 16:00:00+00:00,CAL,California,WND,Wind,2239,megawatthours
2026-04-28 17:00:00+00:00,CAL,California,WND,Wind,2057,megawatthours
2026-04-28 18:00:00+00:00,CAL,California,WND,Wind,2087,megawatthours
2026-04-28 19:00:00+00:00,CAL,California,WND,Wind,2049,megawatthours
2026-04-28 20:00:00+00:00,CAL,California,WND,Wind,2073,megawatthours
2026-04-28 21:00:00+00:00,CAL,California,WND,Wind,1951,megawatthours
2026-04-28 22:00:00+00:00,CAL,California,WND,Wind,1836,megawatthours
2026-04-28 23:00:00+00:00,CAL,California,WND,Wind,1848,megawatthours
2026-04-29 00:00:00+00:00,CAL,California,WND,Wind,2091,megawatthours
2026-04-29 01:00:00+00:00,CAL,California,WND,Wind,2837,megawatthours
2026-04-29 02:00:00+00:00,CAL,California,WND,Wind,3453,megawatthours
2026-04-29 03:00:00+00:00,CAL,California,WND,Wind,4161,megawatthours
2026-04-29 04:00:00+00:00,CAL,California,WND,Wind,4357,megawatthours
2026-04-29 05:00:00+00:00,CAL,California,WND,Wind,4916,megawatthours
2026-04-29 06:00:00+00:00,CAL,California,WND,Wind,5138,megawatthours
2026-04-29 07:00:00+00:00,CAL,California,WND,Wind,5139,megawatthours
2026-04-29 08:00:00+00:00,CAL,California,WND,Wind,4636,megawatthours
2026-04-29 09:00:00+00:00,CAL,California,WND,Wind,4021,megawatthours
2026-04-29 10:00:00+00:00,CAL,California,WND,Wind,3260,megawatthours
2026-04-29 11:00:00+00:00,CAL,California,WND,Wind,2848,megawatthours
2026-04-29 12:00:00+00:00,CAL,California,WND,Wind,2856,megawatthours
2026-04-29 13:00:00+00:00,CAL,California,WND,Wind,2602,megawatthours
2026-04-29 14:00:00+00:00,CAL,California,WND,Wind,1920,megawatthours
2026-04-29 15:00:00+00:00,CAL,California,WND,Wind,1489,megawatthours
2026-04-29 16:00:00+00:00,CAL,California,WND,Wind,774,megawatthours
2026-04-29 17:00:00+00:00,CAL,California,WND,Wind,302,megawatthours
2026-04-29 18:00:00+00:00,CAL,California,WND,Wind,256,megawatthours
2026-04-29 19:00:00+00:00,CAL,California,WND,Wind,337,megawatthours
2026-04-29 20:00:00+00:00,CAL,California,WND,Wind,645,megawatthours
2026-04-29 21:00:00+00:00,CAL,California,WND,Wind,749,megawatthours
2026-04-29 22:00:00+00:00,CAL,California,WND,Wind,1151,megawatthours
2026-04-29 23:00:00+00:00,CAL,California,WND,Wind,1992,megawatthours
2026-04-30 00:00:00+00:00,CAL,California,WND,Wind,2987,megawatthours
2026-04-30 01:00:00+00:00,CAL,California,WND,Wind,3786,megawatthours
2026-04-30 02:00:00+00:00,CAL,California,WND,Wind,4278,megawatthours
2026-04-30 03:00:00+00:00,CAL,California,WND,Wind,4745,megawatthours
2026-04-30 04:00:00+00:00,CAL,California,WND,Wind,5378,megawatthours
2026-04-30 05:00:00+00:00,CAL,California,WND,Wind,5626,megawatthours
2026-04-30 06:00:00+00:00,CAL,California,WND,Wind,5360,megawatthours
2026-04-30 07:00:00+00:00,CAL,California,WND,Wind,4875,megawatthours
2026-04-30 08:00:00+00:00,CAL,California,WND,Wind,4741,megawatthours
2026-04-30 09:00:00+00:00,CAL,California,WND,Wind,4685,megawatthours
2026-04-30 10:00:00+00:00,CAL,California,WND,Wind,4701,megawatthours
2026-04-30 11:00:00+00:00,CAL,California,WND,Wind,4083,megawatthours
2026-04-30 12:00:00+00:00,CAL,California,WND,Wind,4007,megawatthours
2026-04-30 13:00:00+00:00,CAL,California,WND,Wind,3385,megawatthours
2026-04-30 14:00:00+00:00,CAL,California,WND,Wind,2969,megawatthours
2026-04-30 15:00:00+00:00,CAL,California,WND,Wind,2410,megawatthours
2026-04-30 16:00:00+00:00,CAL,California,WND,Wind,1936,megawatthours
2026-04-30 17:00:00+00:00,CAL,California,WND,Wind,1347,megawatthours
2026-04-30 18:00:00+00:00,CAL,California,WND,Wind,953,megawatthours
2026-04-30 19:00:00+00:00,CAL,California,WND,Wind,1062,megawatthours
2026-04-30 20:00:00+00:00,CAL,California,WND,Wind,1259,megawatthours
2026-04-30 21:00:00+00:00,CAL,California,WND,Wind,1511,megawatthours
2026-04-30 22:00:00+00:00,CAL,California,WND,Wind,2058,megawatthours
2026-04-30 23:00:00+00:00,CAL,California,WND,Wind,3217,megawatthours
2026-05-01 00:00:00+00:00,CAL,California,WND,Wind,4621,megawatthours
2026-05-01 01:00:00+00:00,CAL,California,WND,Wind,5163,megawatthours
2026-05-01 02:00:00+00:00,CAL,California,WND,Wind,5538,megawatthours
2026-05-01 03:00:00+00:00,CAL,California,WND,Wind,5777,megawatthours
2026-05-01 04:00:00+00:00,CAL,California,WND,Wind,5918,megawatthours
2026-05-01 05:00:00+00:00,CAL,California,WND,Wind,5763,megawatthours
2026-05-01 06:00:00+00:00,CAL,California,WND,Wind,5734,megawatthours
2026-05-01 07:00:00+00:00,CAL,California,WND,Wind,5779,megawatthours
2026-05-01 08:00:00+00:00,CAL,California,WND,Wind,5745,megawatthours
2026-05-01 09:00:00+00:00,CAL,California,WND,Wind,5877,megawatthours
2026-05-01 10:00:00+00:00,CAL,California,WND,Wind,5748,megawatthours
2026-05-01 11:00:00+00:00,CAL,California,WND,Wind,5534,megawatthours
2026-05-01 12:00:00+00:00,CAL,California,WND,Wind,5184,megawatthours
2026-05-01 13:00:00+00:00,CAL,California,WND,Wind,4622,megawatthours
2026-05-01 14:00:00+00:00,CAL,California,WND,Wind,3931,megawatthours
2026-05-01 15:00:00+00:00,CAL,California,WND,Wind,3290,megawatthours
2026-05-01 16:00:00+00:00,CAL,California,WND,Wind,2778,megawatthours
2026-05-01 17:00:00+00:00,CAL,California,WND,Wind,2443,megawatthours
2026-05-01 18:00:00+00:00,CAL,California,WND,Wind,2405,megawatthours
2026-05-01 19:00:00+00:00,CAL,California,WND,Wind,2101,megawatthours
2026-05-01 20:00:00+00:00,CAL,California,WND,Wind,2204,megawatthours
2026-05-01 21:00:00+00:00,CAL,California,WND,Wind,2157,megawatthours
2026-05-01 22:00:00+00:00,CAL,California,WND,Wind,2526,megawatthours
2026-05-01 23:00:00+00:00,CAL,California,WND,Wind,2553,megawatthours
2026-05-02 00:00:00+00:00,CAL,California,WND,Wind,2148,megawatthours
2026-05-02 01:00:00+00:00,CAL,California,WND,Wind,2209,megawatthours
2026-05-02 02:00:00+00:00,CAL,California,WND,Wind,2811,megawatthours
2026-05-02 03:00:00+00:00,CAL,California,WND,Wind,2850,megawatthours
2026-05-02 04:00:00+00:00,CAL,California,WND,Wind,2884,megawatthours
2026-05-02 05:00:00+00:00,CAL,California,WND,Wind,2507,megawatthours
2026-05-02 06:00:00+00:00,CAL,California,WND,Wind,2296,megawatthours
2026-05-02 07:00:00+00:00,CAL,California,WND,Wind,1832,megawatthours
2026-05-02 08:00:00+00:00,CAL,California,WND,Wind,1475,megawatthours
2026-05-02 09:00:00+00:00,CAL,California,WND,Wind,1509,megawatthours
2026-05-02 10:00:00+00:00,CAL,California,WND,Wind,1471,megawatthours
2026-05-02 11:00:00+00:00,CAL,California,WND,Wind,1281,megawatthours
2026-05-02 12:00:00+00:00,CAL,California,WND,Wind,1056,megawatthours
2026-05-02 13:00:00+00:00,CAL,California,WND,Wind,1072,megawatthours
2026-05-02 14:00:00+00:00,CAL,California,WND,Wind,1095,megawatthours
2026-05-02 15:00:00+00:00,CAL,California,WND,Wind,1034,megawatthours
2026-05-02 16:00:00+00:00,CAL,California,WND,Wind,1097,megawatthours
2026-05-02 17:00:00+00:00,CAL,California,WND,Wind,1104,megawatthours
2026-05-02 18:00:00+00:00,CAL,California,WND,Wind,1401,megawatthours
2026-05-02 19:00:00+00:00,CAL,California,WND,Wind,1399,megawatthours
2026-05-02 20:00:00+00:00,CAL,California,WND,Wind,1425,megawatthours
2026-05-02 21:00:00+00:00,CAL,California,WND,Wind,1803,megawatthours
2026-05-02 22:00:00+00:00,CAL,California,WND,Wind,2135,megawatthours
2026-05-02 23:00:00+00:00,CAL,California,WND,Wind,2326,megawatthours
2026-05-03 00:00:00+00:00,CAL,California,WND,Wind,2233,megawatthours
2026-05-03 01:00:00+00:00,CAL,California,WND,Wind,2154,megawatthours
2026-05-03 02:00:00+00:00,CAL,California,WND,Wind,2402,megawatthours
2026-05-03 03:00:00+00:00,CAL,California,WND,Wind,2552,megawatthours
2026-05-03 04:00:00+00:00,CAL,California,WND,Wind,2498,megawatthours
2026-05-03 05:00:00+00:00,CAL,California,WND,Wind,2483,megawatthours
2026-05-03 06:00:00+00:00,CAL,California,WND,Wind,2354,megawatthours
2026-05-03 07:00:00+00:00,CAL,California,WND,Wind,2220,megawatthours
2026-05-03 08:00:00+00:00,CAL,California,WND,Wind,2363,megawatthours
2026-05-03 09:00:00+00:00,CAL,California,WND,Wind,2577,megawatthours
2026-05-03 10:00:00+00:00,CAL,California,WND,Wind,2779,megawatthours
2026-05-03 11:00:00+00:00,CAL,California,WND,Wind,3130,megawatthours
2026-05-03 12:00:00+00:00,CAL,California,WND,Wind,3309,megawatthours
2026-05-03 13:00:00+00:00,CAL,California,WND,Wind,3330,megawatthours
2026-05-03 14:00:00+00:00,CAL,California,WND,Wind,3011,megawatthours
2026-05-03 15:00:00+00:00,CAL,California,WND,Wind,2792,megawatthours
2026-05-03 16:00:00+00:00,CAL,California,WND,Wind,2839,megawatthours
2026-05-03 17:00:00+00:00,CAL,California,WND,Wind,3400,megawatthours
2026-05-03 18:00:00+00:00,CAL,California,WND,Wind,3459,megawatthours
2026-05-03 19:00:00+00:00,CAL,California,WND,Wind,3473,megawatthours
2026-05-03 20:00:00+00:00,CAL,California,WND,Wind,3704,megawatthours
2026-05-03 21:00:00+00:00,CAL,California,WND,Wind,4318,megawatthours
2026-05-03 22:00:00+00:00,CAL,California,WND,Wind,4525,megawatthours
2026-05-03 23:00:00+00:00,CAL,California,WND,Wind,5139,megawatthours
2026-05-04 00:00:00+00:00,CAL,California,WND,Wind,5192,megawatthours
2026-05-04 01:00:00+00:00,CAL,California,WND,Wind,5480,megawatthours
2026-05-04 02:00:00+00:00,CAL,California,WND,Wind,5924,megawatthours
2026-05-04 03:00:00+00:00,CAL,California,WND,Wind,6251,megawatthours
2026-05-04 04:00:00+00:00,CAL,California,WND,Wind,5896,megawatthours
2026-05-04 05:00:00+00:00,CAL,California,WND,Wind,5913,megawatthours
2026-05-04 06:00:00+00:00,CAL,California,WND,Wind,6289,megawatthours
2026-05-04 07:00:00+00:00,CAL,California,WND,Wind,6359,megawatthours
2026-05-04 08:00:00+00:00,CAL,California,WND,Wind,6574,megawatthours
2026-05-04 09:00:00+00:00,CAL,California,WND,Wind,6402,megawatthours
2026-05-04 10:00:00+00:00,CAL,California,WND,Wind,5945,megawatthours
2026-05-04 11:00:00+00:00,CAL,California,WND,Wind,5989,megawatthours
2026-05-04 12:00:00+00:00,CAL,California,WND,Wind,6471,megawatthours
2026-05-04 13:00:00+00:00,CAL,California,WND,Wind,6282,megawatthours
2026-05-04 14:00:00+00:00,CAL,California,WND,Wind,6034,megawatthours
2026-05-04 15:00:00+00:00,CAL,California,WND,Wind,5618,megawatthours
2026-05-04 16:00:00+00:00,CAL,California,WND,Wind,5387,megawatthours
2026-05-04 17:00:00+00:00,CAL,California,WND,Wind,5496,megawatthours
2026-05-04 18:00:00+00:00,CAL,California,WND,Wind,5271,megawatthours
2026-05-04 19:00:00+00:00,CAL,California,WND,Wind,5166,megawatthours
2026-05-04 20:00:00+00:00,CAL,California,WND,Wind,5287,megawatthours
2026-05-04 21:00:00+00:00,CAL,California,WND,Wind,5464,megawatthours
2026-05-04 22:00:00+00:00,CAL,California,WND,Wind,5291,megawatthours
2026-05-04 23:00:00+00:00,CAL,California,WND,Wind,5463,megawatthours
2026-05-05 00:00:00+00:00,CAL,California,WND,Wind,5717,megawatthours
2026-05-05 01:00:00+00:00,CAL,California,WND,Wind,5934,megawatthours
2026-05-05 02:00:00+00:00,CAL,California,WND,Wind,5834,megawatthours
2026-05-05 03:00:00+00:00,CAL,California,WND,Wind,5516,megawatthours
2026-05-05 04:00:00+00:00,CAL,California,WND,Wind,5228,megawatthours
2026-05-05 05:00:00+00:00,CAL,California,WND,Wind,4959,megawatthours
2026-05-05 06:00:00+00:00,CAL,California,WND,Wind,4986,megawatthours
2026-05-05 07:00:00+00:00,CAL,California,WND,Wind,4973,megawatthours
2026-05-05 08:00:00+00:00,CAL,California,WND,Wind,5138,megawatthours
2026-05-05 09:00:00+00:00,CAL,California,WND,Wind,5228,megawatthours
2026-05-05 10:00:00+00:00,CAL,California,WND,Wind,5416,megawatthours
2026-05-05 11:00:00+00:00,CAL,California,WND,Wind,5577,megawatthours
2026-05-05 12:00:00+00:00,CAL,California,WND,Wind,5655,megawatthours
2026-05-05 13:00:00+00:00,CAL,California,WND,Wind,5843,megawatthours
2026-05-05 14:00:00+00:00,CAL,California,WND,Wind,5987,megawatthours
2026-05-05 15:00:00+00:00,CAL,California,WND,Wind,6111,megawatthours
2026-05-05 16:00:00+00:00,CAL,California,WND,Wind,5776,megawatthours
2026-05-05 17:00:00+00:00,CAL,California,WND,Wind,5522,megawatthours
2026-05-05 18:00:00+00:00,CAL,California,WND,Wind,5487,megawatthours
2026-05-05 19:00:00+00:00,CAL,California,WND,Wind,5893,megawatthours
2026-05-05 20:00:00+00:00,CAL,California,WND,Wind,5961,megawatthours
2026-05-05 21:00:00+00:00,CAL,California,WND,Wind,5883,megawatthours
2026-05-05 22:00:00+00:00,CAL,California,WND,Wind,5915,megawatthours
2026-05-05 23:00:00+00:00,CAL,California,WND,Wind,6065,megawatthours
2026-05-06 00:00:00+00:00,CAL,California,WND,Wind,6186,megawatthours
2026-05-06 01:00:00+00:00,CAL,California,WND,Wind,6055,megawatthours
2026-05-06 02:00:00+00:00,CAL,California,WND,Wind,6538,megawatthours
2026-05-06 03:00:00+00:00,CAL,California,WND,Wind,6746,megawatthours
2026-05-06 04:00:00+00:00,CAL,California,WND,Wind,6727,megawatthours
2026-05-06 05:00:00+00:00,CAL,California,WND,Wind,6665,megawatthours
2026-05-06 06:00:00+00:00,CAL,California,WND,Wind,6343,megawatthours
2026-05-06 07:00:00+00:00,CAL,California,WND,Wind,5812,megawatthours
2026-05-06 08:00:00+00:00,CAL,California,WND,Wind,5094,megawatthours
2026-05-06 09:00:00+00:00,CAL,California,WND,Wind,4706,megawatthours
2026-05-06 10:00:00+00:00,CAL,California,WND,Wind,4518,megawatthours
2026-05-06 11:00:00+00:00,CAL,California,WND,Wind,4552,megawatthours
2026-05-06 12:00:00+00:00,CAL,California,WND,Wind,4832,megawatthours
2026-05-06 13:00:00+00:00,CAL,California,WND,Wind,4639,megawatthours
2026-05-06 14:00:00+00:00,CAL,California,WND,Wind,4434,megawatthours
2026-05-06 15:00:00+00:00,CAL,California,WND,Wind,4398,megawatthours
2026-05-06 16:00:00+00:00,CAL,California,WND,Wind,4118,megawatthours
2026-05-06 17:00:00+00:00,CAL,California,WND,Wind,3731,megawatthours
2026-05-06 18:00:00+00:00,CAL,California,WND,Wind,3158,megawatthours
2026-05-06 19:00:00+00:00,CAL,California,WND,Wind,2780,megawatthours
2026-05-06 20:00:00+00:00,CAL,California,WND,Wind,2701,megawatthours
2026-05-06 21:00:00+00:00,CAL,California,WND,Wind,2627,megawatthours
2026-05-06 22:00:00+00:00,CAL,California,WND,Wind,2746,megawatthours
2026-05-06 23:00:00+00:00,CAL,California,WND,Wind,2886,megawatthours
2026-05-07 00:00:00+00:00,CAL,California,WND,Wind,3488,megawatthours
2026-05-07 01:00:00+00:00,CAL,California,WND,Wind,4024,megawatthours
2026-05-07 02:00:00+00:00,CAL,California,WND,Wind,4477,megawatthours
2026-05-07 03:00:00+00:00,CAL,California,WND,Wind,4926,megawatthours
2026-05-07 04:00:00+00:00,CAL,California,WND,Wind,4811,megawatthours
2026-05-07 05:00:00+00:00,CAL,California,WND,Wind,4498,megawatthours
2026-05-07 06:00:00+00:00,CAL,California,WND,Wind,4260,megawatthours
2026-05-07 07:00:00+00:00,CAL,California,WND,Wind,4026,megawatthours
2026-05-07 08:00:00+00:00,CAL,California,WND,Wind,4018,megawatthours
2026-05-07 09:00:00+00:00,CAL,California,WND,Wind,3771,megawatthours
2026-05-07 10:00:00+00:00,CAL,California,WND,Wind,3259,megawatthours
2026-05-07 11:00:00+00:00,CAL,California,WND,Wind,2793,megawatthours
2026-05-07 12:00:00+00:00,CAL,California,WND,Wind,2323,megawatthours
2026-05-07 13:00:00+00:00,CAL,California,WND,Wind,1691,megawatthours
2026-05-07 14:00:00+00:00,CAL,California,WND,Wind,1314,megawatthours
2026-05-07 15:00:00+00:00,CAL,California,WND,Wind,850,megawatthours
2026-05-07 16:00:00+00:00,CAL,California,WND,Wind,590,megawatthours
2026-05-07 17:00:00+00:00,CAL,California,WND,Wind,619,megawatthours
2026-05-07 18:00:00+00:00,CAL,California,WND,Wind,704,megawatthours
2026-05-07 19:00:00+00:00,CAL,California,WND,Wind,945,megawatthours
2026-05-07 20:00:00+00:00,CAL,California,WND,Wind,1335,megawatthours
2026-05-07 21:00:00+00:00,CAL,California,WND,Wind,2118,megawatthours
2026-05-07 22:00:00+00:00,CAL,California,WND,Wind,3052,megawatthours
2026-05-07 23:00:00+00:00,CAL,California,WND,Wind,3389,megawatthours
2026-05-08 00:00:00+00:00,CAL,California,WND,Wind,3843,megawatthours
2026-05-08 01:00:00+00:00,CAL,California,WND,Wind,4487,megawatthours
2026-05-08 02:00:00+00:00,CAL,California,WND,Wind,5082,megawatthours
2026-05-08 03:00:00+00:00,CAL,California,WND,Wind,5584,megawatthours
2026-05-08 04:00:00+00:00,CAL,California,WND,Wind,5919,megawatthours
2026-05-08 05:00:00+00:00,CAL,California,WND,Wind,6239,megawatthours
2026-05-08 06:00:00+00:00,CAL,California,WND,Wind,6522,megawatthours
2026-05-08 07:00:00+00:00,CAL,California,WND,Wind,6830,megawatthours
2026-05-08 08:00:00+00:00,CAL,California,WND,Wind,6736,megawatthours
2026-05-08 09:00:00+00:00,CAL,California,WND,Wind,6759,megawatthours
2026-05-08 10:00:00+00:00,CAL,California,WND,Wind,6811,megawatthours
2026-05-08 11:00:00+00:00,CAL,California,WND,Wind,6821,megawatthours
2026-05-08 12:00:00+00:00,CAL,California,WND,Wind,6671,megawatthours
2026-05-08 13:00:00+00:00,CAL,California,WND,Wind,6378,megawatthours
2026-05-08 14:00:00+00:00,CAL,California,WND,Wind,5843,megawatthours
2026-05-08 15:00:00+00:00,CAL,California,WND,Wind,5388,megawatthours
2026-05-08 16:00:00+00:00,CAL,California,WND,Wind,5065,megawatthours
2026-05-08 17:00:00+00:00,CAL,California,WND,Wind,4409,megawatthours
2026-05-08 18:00:00+00:00,CAL,California,WND,Wind,3689,megawatthours
2026-05-08 19:00:00+00:00,CAL,California,WND,Wind,3379,megawatthours
2026-05-08 20:00:00+00:00,CAL,California,WND,Wind,3234,megawatthours
2026-05-08 21:00:00+00:00,CAL,California,WND,Wind,3434,megawatthours
2026-05-08 22:00:00+00:00,CAL,California,WND,Wind,3857,megawatthours
2026-05-08 23:00:00+00:00,CAL,California,WND,Wind,3970,megawatthours
2026-05-09 00:00:00+00:00,CAL,California,WND,Wind,4387,megawatthours
2026-05-09 01:00:00+00:00,CAL,California,WND,Wind,4841,megawatthours
2026-05-09 02:00:00+00:00,CAL,California,WND,Wind,4923,megawatthours
2026-05-09 03:00:00+00:00,CAL,California,WND,Wind,5257,megawatthours
2026-05-09 04:00:00+00:00,CAL,California,WND,Wind,5595,megawatthours
2026-05-09 05:00:00+00:00,CAL,California,WND,Wind,5711,megawatthours
2026-05-09 06:00:00+00:00,CAL,California,WND,Wind,5621,megawatthours
2026-05-09 07:00:00+00:00,CAL,California,WND,Wind,5408,megawatthours
2026-05-09 08:00:00+00:00,CAL,California,WND,Wind,5150,megawatthours
2026-05-09 09:00:00+00:00,CAL,California,WND,Wind,4937,megawatthours
2026-05-09 10:00:00+00:00,CAL,California,WND,Wind,4998,megawatthours
2026-05-09 11:00:00+00:00,CAL,California,WND,Wind,5137,megawatthours
2026-05-09 12:00:00+00:00,CAL,California,WND,Wind,5203,megawatthours
2026-05-09 13:00:00+00:00,CAL,California,WND,Wind,5042,megawatthours
2026-05-09 14:00:00+00:00,CAL,California,WND,Wind,4519,megawatthours
2026-05-09 15:00:00+00:00,CAL,California,WND,Wind,3336,megawatthours
2026-05-09 16:00:00+00:00,CAL,California,WND,Wind,2691,megawatthours
2026-05-09 17:00:00+00:00,CAL,California,WND,Wind,2440,megawatthours
2026-05-09 18:00:00+00:00,CAL,California,WND,Wind,2047,megawatthours
2026-05-09 19:00:00+00:00,CAL,California,WND,Wind,1946,megawatthours
2026-05-09 20:00:00+00:00,CAL,California,WND,Wind,2334,megawatthours
2026-05-09 21:00:00+00:00,CAL,California,WND,Wind,2813,megawatthours
2026-05-09 22:00:00+00:00,CAL,California,WND,Wind,3320,megawatthours
2026-05-09 23:00:00+00:00,CAL,California,WND,Wind,3776,megawatthours
2026-05-10 00:00:00+00:00,CAL,California,WND,Wind,4571,megawatthours
2026-05-10 01:00:00+00:00,CAL,California,WND,Wind,5090,megawatthours
2026-05-10 02:00:00+00:00,CAL,California,WND,Wind,5282,megawatthours
2026-05-10 03:00:00+00:00,CAL,California,WND,Wind,5515,megawatthours
2026-05-10 04:00:00+00:00,CAL,California,WND,Wind,5707,megawatthours
2026-05-10 05:00:00+00:00,CAL,California,WND,Wind,6129,megawatthours
2026-05-10 06:00:00+00:00,CAL,California,WND,Wind,4967,megawatthours
2026-05-10 07:00:00+00:00,CAL,California,WND,Wind,4463,megawatthours
2026-05-10 08:00:00+00:00,CAL,California,WND,Wind,4562,megawatthours
2026-05-10 09:00:00+00:00,CAL,California,WND,Wind,4408,megawatthours
2026-05-10 10:00:00+00:00,CAL,California,WND,Wind,4741,megawatthours
2026-05-10 11:00:00+00:00,CAL,California,WND,Wind,4901,megawatthours
2026-05-10 12:00:00+00:00,CAL,California,WND,Wind,4908,megawatthours
2026-05-10 13:00:00+00:00,CAL,California,WND,Wind,4159,megawatthours
2026-05-10 14:00:00+00:00,CAL,California,WND,Wind,3745,megawatthours
2026-05-10 15:00:00+00:00,CAL,California,WND,Wind,2168,megawatthours
2026-05-10 16:00:00+00:00,CAL,California,WND,Wind,2459,megawatthours
2026-05-10 17:00:00+00:00,CAL,California,WND,Wind,2915,megawatthours
2026-05-10 18:00:00+00:00,CAL,California,WND,Wind,2691,megawatthours
2026-05-10 19:00:00+00:00,CAL,California,WND,Wind,2739,megawatthours
2026-05-10 20:00:00+00:00,CAL,California,WND,Wind,2423,megawatthours
2026-05-10 21:00:00+00:00,CAL,California,WND,Wind,2332,megawatthours
2026-05-10 22:00:00+00:00,CAL,California,WND,Wind,2179,megawatthours
2026-05-10 23:00:00+00:00,CAL,California,WND,Wind,2540,megawatthours
2026-05-11 00:00:00+00:00,CAL,California,WND,Wind,3176,megawatthours
2026-05-11 01:00:00+00:00,CAL,California,WND,Wind,3800,megawatthours
2026-05-11 02:00:00+00:00,CAL,California,WND,Wind,4476,megawatthours
2026-05-11 03:00:00+00:00,CAL,California,WND,Wind,4529,megawatthours
2026-05-11 04:00:00+00:00,CAL,California,WND,Wind,4760,megawatthours
2026-05-11 05:00:00+00:00,CAL,California,WND,Wind,4623,megawatthours
2026-05-11 06:00:00+00:00,CAL,California,WND,Wind,4123,megawatthours
2026-05-11 07:00:00+00:00,CAL,California,WND,Wind,3559,megawatthours
2026-05-11 08:00:00+00:00,CAL,California,WND,Wind,2742,megawatthours
2026-05-11 09:00:00+00:00,CAL,California,WND,Wind,2247,megawatthours
2026-05-11 10:00:00+00:00,CAL,California,WND,Wind,1810,megawatthours
2026-05-11 11:00:00+00:00,CAL,California,WND,Wind,1510,megawatthours
2026-05-11 12:00:00+00:00,CAL,California,WND,Wind,1503,megawatthours
2026-05-11 13:00:00+00:00,CAL,California,WND,Wind,1167,megawatthours
2026-05-11 14:00:00+00:00,CAL,California,WND,Wind,652,megawatthours
2026-05-11 15:00:00+00:00,CAL,California,WND,Wind,321,megawatthours
2026-05-11 16:00:00+00:00,CAL,California,WND,Wind,277,megawatthours
2026-05-11 17:00:00+00:00,CAL,California,WND,Wind,435,megawatthours
2026-05-11 18:00:00+00:00,CAL,California,WND,Wind,663,megawatthours
2026-05-11 19:00:00+00:00,CAL,California,WND,Wind,876,megawatthours
2026-05-11 20:00:00+00:00,CAL,California,WND,Wind,1506,megawatthours
2026-05-11 21:00:00+00:00,CAL,California,WND,Wind,1923,megawatthours
2026-05-11 22:00:00+00:00,CAL,California,WND,Wind,2363,megawatthours
2026-05-11 23:00:00+00:00,CAL,California,WND,Wind,2362,megawatthours
2026-05-12 00:00:00+00:00,CAL,California,WND,Wind,1962,megawatthours
2026-05-12 01:00:00+00:00,CAL,California,WND,Wind,1722,megawatthours
2026-05-12 02:00:00+00:00,CAL,California,WND,Wind,1838,megawatthours
2026-05-12 03:00:00+00:00,CAL,California,WND,Wind,2175,megawatthours
2026-05-12 04:00:00+00:00,CAL,California,WND,Wind,2676,megawatthours
2026-05-12 05:00:00+00:00,CAL,California,WND,Wind,3314,megawatthours
2026-05-12 06:00:00+00:00,CAL,California,WND,Wind,3809,megawatthours
2026-05-12 07:00:00+00:00,CAL,California,WND,Wind,4113,megawatthours
2026-05-12 08:00:00+00:00,CAL,California,WND,Wind,4108,megawatthours
2026-05-12 09:00:00+00:00,CAL,California,WND,Wind,4091,megawatthours
2026-05-12 10:00:00+00:00,CAL,California,WND,Wind,3995,megawatthours
2026-05-12 11:00:00+00:00,CAL,California,WND,Wind,3900,megawatthours
2026-05-12 12:00:00+00:00,CAL,California,WND,Wind,3795,megawatthours
2026-05-12 13:00:00+00:00,CAL,California,WND,Wind,3252,megawatthours
2026-05-12 14:00:00+00:00,CAL,California,WND,Wind,3173,megawatthours
2026-05-12 15:00:00+00:00,CAL,California,WND,Wind,2960,megawatthours
2026-05-12 16:00:00+00:00,CAL,California,WND,Wind,2813,megawatthours
2026-05-12 17:00:00+00:00,CAL,California,WND,Wind,2368,megawatthours
2026-05-12 18:00:00+00:00,CAL,California,WND,Wind,1749,megawatthours
2026-05-12 19:00:00+00:00,CAL,California,WND,Wind,1548,megawatthours
2026-05-12 20:00:00+00:00,CAL,California,WND,Wind,1505,megawatthours
2026-05-12 21:00:00+00:00,CAL,California,WND,Wind,1549,megawatthours
2026-05-12 22:00:00+00:00,CAL,California,WND,Wind,1505,megawatthours
2026-05-12 23:00:00+00:00,CAL,California,WND,Wind,2005,megawatthours
2026-05-13 00:00:00+00:00,CAL,California,WND,Wind,2914,megawatthours
2026-05-13 01:00:00+00:00,CAL,California,WND,Wind,2999,megawatthours
2026-05-13 02:00:00+00:00,CAL,California,WND,Wind,3153,megawatthours
2026-05-13 03:00:00+00:00,CAL,California,WND,Wind,3577,megawatthours
2026-05-13 04:00:00+00:00,CAL,California,WND,Wind,4199,megawatthours
2026-05-13 05:00:00+00:00,CAL,California,WND,Wind,4990,megawatthours
2026-05-13 06:00:00+00:00,CAL,California,WND,Wind,5611,megawatthours
2026-05-13 07:00:00+00:00,CAL,California,WND,Wind,5696,megawatthours
2026-05-13 08:00:00+00:00,CAL,California,WND,Wind,5764,megawatthours
2026-05-13 09:00:00+00:00,CAL,California,WND,Wind,5986,megawatthours
2026-05-13 10:00:00+00:00,CAL,California,WND,Wind,6385,megawatthours
2026-05-13 11:00:00+00:00,CAL,California,WND,Wind,6505,megawatthours
2026-05-13 12:00:00+00:00,CAL,California,WND,Wind,6087,megawatthours
2026-05-13 13:00:00+00:00,CAL,California,WND,Wind,5403,megawatthours
2026-05-13 14:00:00+00:00,CAL,California,WND,Wind,5084,megawatthours
2026-05-13 15:00:00+00:00,CAL,California,WND,Wind,4884,megawatthours
2026-05-13 16:00:00+00:00,CAL,California,WND,Wind,4554,megawatthours
2026-05-13 17:00:00+00:00,CAL,California,WND,Wind,4504,megawatthours
2026-05-13 18:00:00+00:00,CAL,California,WND,Wind,4457,megawatthours
2026-05-13 19:00:00+00:00,CAL,California,WND,Wind,5019,megawatthours
2026-05-13 20:00:00+00:00,CAL,California,WND,Wind,5629,megawatthours
2026-05-13 21:00:00+00:00,CAL,California,WND,Wind,6079,megawatthours
2026-05-13 22:00:00+00:00,CAL,California,WND,Wind,6348,megawatthours
2026-05-13 23:00:00+00:00,CAL,California,WND,Wind,6170,megawatthours
2026-05-14 00:00:00+00:00,CAL,California,WND,Wind,5930,megawatthours
2026-05-14 01:00:00+00:00,CAL,California,WND,Wind,5617,megawatthours
2026-05-14 02:00:00+00:00,CAL,California,WND,Wind,5405,megawatthours
2026-05-14 03:00:00+00:00,CAL,California,WND,Wind,5272,megawatthours
2026-05-14 04:00:00+00:00,CAL,California,WND,Wind,5269,megawatthours
2026-05-14 05:00:00+00:00,CAL,California,WND,Wind,5481,megawatthours
2026-05-14 06:00:00+00:00,CAL,California,WND,Wind,5813,megawatthours
2026-05-14 07:00:00+00:00,CAL,California,WND,Wind,5940,megawatthours
2026-05-14 08:00:00+00:00,CAL,California,WND,Wind,5852,megawatthours
2026-05-14 09:00:00+00:00,CAL,California,WND,Wind,5323,megawatthours
2026-05-14 10:00:00+00:00,CAL,California,WND,Wind,4925,megawatthours
2026-05-14 11:00:00+00:00,CAL,California,WND,Wind,4792,megawatthours
2026-05-14 12:00:00+00:00,CAL,California,WND,Wind,4600,megawatthours
2026-05-14 13:00:00+00:00,CAL,California,WND,Wind,4474,megawatthours
2026-05-14 14:00:00+00:00,CAL,California,WND,Wind,4242,megawatthours
2026-05-14 15:00:00+00:00,CAL,California,WND,Wind,4115,megawatthours
2026-05-14 16:00:00+00:00,CAL,California,WND,Wind,3823,megawatthours
2026-05-14 17:00:00+00:00,CAL,California,WND,Wind,3230,megawatthours
2026-05-14 18:00:00+00:00,CAL,California,WND,Wind,3374,megawatthours
2026-05-14 19:00:00+00:00,CAL,California,WND,Wind,3252,megawatthours
2026-05-14 20:00:00+00:00,CAL,California,WND,Wind,3368,megawatthours
2026-05-14 21:00:00+00:00,CAL,California,WND,Wind,3751,megawatthours
2026-05-14 22:00:00+00:00,CAL,California,WND,Wind,4243,megawatthours
2026-05-14 23:00:00+00:00,CAL,California,WND,Wind,5159,megawatthours
2026-05-15 00:00:00+00:00,CAL,California,WND,Wind,5881,megawatthours
2026-05-15 01:00:00+00:00,CAL,California,WND,Wind,6347,megawatthours
2026-05-15 02:00:00+00:00,CAL,California,WND,Wind,6809,megawatthours
2026-05-15 03:00:00+00:00,CAL,California,WND,Wind,6871,megawatthours
2026-05-15 04:00:00+00:00,CAL,California,WND,Wind,7051,megawatthours
2026-05-15 05:00:00+00:00,CAL,California,WND,Wind,7124,megawatthours
2026-05-15 06:00:00+00:00,CAL,California,WND,Wind,7132,megawatthours
2026-05-15 07:00:00+00:00,CAL,California,WND,Wind,6960,megawatthours
2026-05-15 08:00:00+00:00,CAL,California,WND,Wind,7237,megawatthours
2026-05-15 09:00:00+00:00,CAL,California,WND,Wind,7433,megawatthours
2026-05-15 10:00:00+00:00,CAL,California,WND,Wind,7331,megawatthours
2026-05-15 11:00:00+00:00,CAL,California,WND,Wind,7169,megawatthours
2026-05-15 12:00:00+00:00,CAL,California,WND,Wind,6872,megawatthours
2026-05-15 13:00:00+00:00,CAL,California,WND,Wind,6574,megawatthours
2026-05-15 14:00:00+00:00,CAL,California,WND,Wind,5911,megawatthours
2026-05-15 15:00:00+00:00,CAL,California,WND,Wind,5294,megawatthours
2026-05-15 16:00:00+00:00,CAL,California,WND,Wind,5096,megawatthours
2026-05-15 17:00:00+00:00,CAL,California,WND,Wind,5017,megawatthours
2026-05-15 18:00:00+00:00,CAL,California,WND,Wind,4982,megawatthours
2026-05-15 19:00:00+00:00,CAL,California,WND,Wind,5223,megawatthours
2026-05-15 20:00:00+00:00,CAL,California,WND,Wind,5346,megawatthours
2026-05-15 21:00:00+00:00,CAL,California,WND,Wind,5568,megawatthours
2026-05-15 22:00:00+00:00,CAL,California,WND,Wind,5694,megawatthours
2026-05-15 23:00:00+00:00,CAL,California,WND,Wind,5782,megawatthours
2026-05-16 00:00:00+00:00,CAL,California,WND,Wind,6072,megawatthours
2026-05-16 01:00:00+00:00,CAL,California,WND,Wind,6399,megawatthours
2026-05-16 02:00:00+00:00,CAL,California,WND,Wind,6609,megawatthours
2026-05-16 03:00:00+00:00,CAL,California,WND,Wind,6233,megawatthours
2026-05-16 04:00:00+00:00,CAL,California,WND,Wind,6731,megawatthours
2026-05-16 05:00:00+00:00,CAL,California,WND,Wind,6611,megawatthours
2026-05-16 06:00:00+00:00,CAL,California,WND,Wind,6405,megawatthours
2026-05-16 07:00:00+00:00,CAL,California,WND,Wind,6350,megawatthours
2026-05-16 08:00:00+00:00,CAL,California,WND,Wind,6439,megawatthours
2026-05-16 09:00:00+00:00,CAL,California,WND,Wind,6408,megawatthours
2026-05-16 10:00:00+00:00,CAL,California,WND,Wind,6263,megawatthours
2026-05-16 11:00:00+00:00,CAL,California,WND,Wind,6253,megawatthours
2026-05-16 12:00:00+00:00,CAL,California,WND,Wind,6324,megawatthours
2026-05-16 13:00:00+00:00,CAL,California,WND,Wind,6117,megawatthours
2026-05-16 14:00:00+00:00,CAL,California,WND,Wind,5880,megawatthours
2026-05-16 15:00:00+00:00,CAL,California,WND,Wind,5178,megawatthours
2026-05-16 16:00:00+00:00,CAL,California,WND,Wind,4767,megawatthours
2026-05-16 17:00:00+00:00,CAL,California,WND,Wind,4324,megawatthours
2026-05-16 18:00:00+00:00,CAL,California,WND,Wind,4134,megawatthours
2026-05-16 19:00:00+00:00,CAL,California,WND,Wind,4442,megawatthours
2026-05-16 20:00:00+00:00,CAL,California,WND,Wind,5135,megawatthours
2026-05-16 21:00:00+00:00,CAL,California,WND,Wind,5594,megawatthours
2026-05-16 22:00:00+00:00,CAL,California,WND,Wind,5671,megawatthours
2026-05-16 23:00:00+00:00,CAL,California,WND,Wind,5463,megawatthours
2026-05-17 00:00:00+00:00,CAL,California,WND,Wind,5476,megawatthours
2026-05-17 01:00:00+00:00,CAL,California,WND,Wind,5726,megawatthours
2026-05-17 02:00:00+00:00,CAL,California,WND,Wind,6055,megawatthours
2026-05-17 03:00:00+00:00,CAL,California,WND,Wind,6094,megawatthours
2026-05-17 04:00:00+00:00,CAL,California,WND,Wind,5966,megawatthours
2026-05-17 05:00:00+00:00,CAL,California,WND,Wind,6054,megawatthours
2026-05-17 06:00:00+00:00,CAL,California,WND,Wind,6217,megawatthours
2026-05-17 07:00:00+00:00,CAL,California,WND,Wind,6560,megawatthours
2026-05-17 08:00:00+00:00,CAL,California,WND,Wind,6906,megawatthours
2026-05-17 09:00:00+00:00,CAL,California,WND,Wind,7049,megawatthours
2026-05-17 10:00:00+00:00,CAL,California,WND,Wind,6867,megawatthours
2026-05-17 11:00:00+00:00,CAL,California,WND,Wind,6924,megawatthours
2026-05-17 12:00:00+00:00,CAL,California,WND,Wind,6888,megawatthours
2026-05-17 13:00:00+00:00,CAL,California,WND,Wind,6788,megawatthours
2026-05-17 14:00:00+00:00,CAL,California,WND,Wind,5984,megawatthours
2026-05-17 15:00:00+00:00,CAL,California,WND,Wind,5331,megawatthours
2026-05-17 16:00:00+00:00,CAL,California,WND,Wind,5464,megawatthours
2026-05-17 17:00:00+00:00,CAL,California,WND,Wind,5553,megawatthours
2026-05-17 18:00:00+00:00,CAL,California,WND,Wind,5692,megawatthours
2026-05-17 19:00:00+00:00,CAL,California,WND,Wind,5837,megawatthours
2026-05-17 20:00:00+00:00,CAL,California,WND,Wind,5887,megawatthours
2026-05-17 21:00:00+00:00,CAL,California,WND,Wind,5856,megawatthours
2026-05-17 22:00:00+00:00,CAL,California,WND,Wind,5837,megawatthours
2026-05-17 23:00:00+00:00,CAL,California,WND,Wind,5981,megawatthours
2026-05-18 00:00:00+00:00,CAL,California,WND,Wind,5870,megawatthours
2026-05-18 01:00:00+00:00,CAL,California,WND,Wind,6243,megawatthours
2026-05-18 02:00:00+00:00,CAL,California,WND,Wind,6811,megawatthours
2026-05-18 03:00:00+00:00,CAL,California,WND,Wind,6298,megawatthours
2026-05-18 04:00:00+00:00,CAL,California,WND,Wind,5655,megawatthours
2026-05-18 05:00:00+00:00,CAL,California,WND,Wind,5355,megawatthours
2026-05-18 06:00:00+00:00,CAL,California,WND,Wind,5329,megawatthours
2026-05-18 07:00:00+00:00,CAL,California,WND,Wind,5007,megawatthours
2026-05-18 08:00:00+00:00,CAL,California,WND,Wind,4630,megawatthours
2026-05-18 09:00:00+00:00,CAL,California,WND,Wind,4591,megawatthours
2026-05-18 10:00:00+00:00,CAL,California,WND,Wind,4504,megawatthours
2026-05-18 11:00:00+00:00,CAL,California,WND,Wind,4294,megawatthours
2026-05-18 12:00:00+00:00,CAL,California,WND,Wind,4544,megawatthours
2026-05-18 13:00:00+00:00,CAL,California,WND,Wind,4594,megawatthours
2026-05-18 14:00:00+00:00,CAL,California,WND,Wind,4468,megawatthours
2026-05-18 15:00:00+00:00,CAL,California,WND,Wind,4578,megawatthours
2026-05-18 16:00:00+00:00,CAL,California,WND,Wind,4538,megawatthours
2026-05-18 17:00:00+00:00,CAL,California,WND,Wind,4732,megawatthours
2026-05-18 18:00:00+00:00,CAL,California,WND,Wind,4749,megawatthours
2026-05-18 19:00:00+00:00,CAL,California,WND,Wind,4598,megawatthours
2026-05-18 20:00:00+00:00,CAL,California,WND,Wind,4329,megawatthours
2026-05-18 21:00:00+00:00,CAL,California,WND,Wind,3672,megawatthours
2026-05-18 22:00:00+00:00,CAL,California,WND,Wind,3100,megawatthours
2026-05-18 23:00:00+00:00,CAL,California,WND,Wind,2740,megawatthours
2026-05-19 00:00:00+00:00,CAL,California,WND,Wind,2541,megawatthours
2026-05-19 01:00:00+00:00,CAL,California,WND,Wind,2472,megawatthours
2026-05-19 02:00:00+00:00,CAL,California,WND,Wind,2486,megawatthours
2026-05-19 03:00:00+00:00,CAL,California,WND,Wind,2363,megawatthours
2026-05-19 04:00:00+00:00,CAL,California,WND,Wind,2427,megawatthours
2026-05-19 05:00:00+00:00,CAL,California,WND,Wind,2471,megawatthours
2026-05-19 06:00:00+00:00,CAL,California,WND,Wind,2555,megawatthours
2026-05-19 07:00:00+00:00,CAL,California,WND,Wind,2560,megawatthours
2026-05-19 08:00:00+00:00,CAL,California,WND,Wind,2171,megawatthours
2026-05-19 09:00:00+00:00,CAL,California,WND,Wind,1858,megawatthours
2026-05-19 10:00:00+00:00,CAL,California,WND,Wind,1477,megawatthours
2026-05-19 11:00:00+00:00,CAL,California,WND,Wind,1577,megawatthours
2026-05-19 12:00:00+00:00,CAL,California,WND,Wind,1866,megawatthours
2026-05-19 13:00:00+00:00,CAL,California,WND,Wind,2170,megawatthours
2026-05-19 14:00:00+00:00,CAL,California,WND,Wind,2374,megawatthours
2026-05-19 15:00:00+00:00,CAL,California,WND,Wind,2133,megawatthours
2026-05-19 16:00:00+00:00,CAL,California,WND,Wind,2601,megawatthours
2026-05-19 17:00:00+00:00,CAL,California,WND,Wind,2730,megawatthours
2026-05-19 18:00:00+00:00,CAL,California,WND,Wind,2332,megawatthours
2026-05-19 19:00:00+00:00,CAL,California,WND,Wind,1807,megawatthours
2026-05-19 20:00:00+00:00,CAL,California,WND,Wind,1761,megawatthours
2026-05-19 21:00:00+00:00,CAL,California,WND,Wind,1878,megawatthours
2026-05-19 22:00:00+00:00,CAL,California,WND,Wind,1863,megawatthours
2026-05-19 23:00:00+00:00,CAL,California,WND,Wind,1930,megawatthours
2026-05-20 00:00:00+00:00,CAL,California,WND,Wind,1996,megawatthours
2026-05-20 01:00:00+00:00,CAL,California,WND,Wind,2101,megawatthours
2026-05-20 02:00:00+00:00,CAL,California,WND,Wind,2542,megawatthours
2026-05-20 03:00:00+00:00,CAL,California,WND,Wind,2786,megawatthours
2026-05-20 04:00:00+00:00,CAL,California,WND,Wind,2730,megawatthours
2026-05-20 05:00:00+00:00,CAL,California,WND,Wind,2489,megawatthours
2026-05-20 06:00:00+00:00,CAL,California,WND,Wind,2287,megawatthours
2026-05-20 07:00:00+00:00,CAL,California,WND,Wind,2704,megawatthours
2026-05-20 08:00:00+00:00,CAL,California,WND,Wind,2917,megawatthours
2026-05-20 09:00:00+00:00,CAL,California,WND,Wind,2660,megawatthours
2026-05-20 10:00:00+00:00,CAL,California,WND,Wind,2648,megawatthours
2026-05-20 11:00:00+00:00,CAL,California,WND,Wind,3000,megawatthours
2026-05-20 12:00:00+00:00,CAL,California,WND,Wind,3009,megawatthours
2026-05-20 13:00:00+00:00,CAL,California,WND,Wind,2533,megawatthours
2026-05-20 14:00:00+00:00,CAL,California,WND,Wind,1979,megawatthours
2026-05-20 15:00:00+00:00,CAL,California,WND,Wind,1487,megawatthours
2026-05-20 16:00:00+00:00,CAL,California,WND,Wind,1101,megawatthours
2026-05-20 17:00:00+00:00,CAL,California,WND,Wind,827,megawatthours
2026-05-20 18:00:00+00:00,CAL,California,WND,Wind,783,megawatthours
2026-05-20 19:00:00+00:00,CAL,California,WND,Wind,879,megawatthours
2026-05-20 20:00:00+00:00,CAL,California,WND,Wind,854,megawatthours
2026-05-20 21:00:00+00:00,CAL,California,WND,Wind,889,megawatthours
2026-05-20 22:00:00+00:00,CAL,California,WND,Wind,1402,megawatthours
2026-05-20 23:00:00+00:00,CAL,California,WND,Wind,1805,megawatthours
2026-05-21 00:00:00+00:00,CAL,California,WND,Wind,2263,megawatthours
2026-05-21 01:00:00+00:00,CAL,California,WND,Wind,2536,megawatthours
2026-05-21 02:00:00+00:00,CAL,California,WND,Wind,3050,megawatthours
2026-05-21 03:00:00+00:00,CAL,California,WND,Wind,3531,megawatthours
2026-05-21 04:00:00+00:00,CAL,California,WND,Wind,3706,megawatthours
2026-05-21 05:00:00+00:00,CAL,California,WND,Wind,3662,megawatthours
2026-05-21 06:00:00+00:00,CAL,California,WND,Wind,3292,megawatthours
2026-05-21 07:00:00+00:00,CAL,California,WND,Wind,3382,megawatthours
2026-05-21 08:00:00+00:00,CAL,California,WND,Wind,3536,megawatthours
2026-05-21 09:00:00+00:00,CAL,California,WND,Wind,3847,megawatthours
2026-05-21 10:00:00+00:00,CAL,California,WND,Wind,3505,megawatthours
2026-05-21 11:00:00+00:00,CAL,California,WND,Wind,3579,megawatthours
2026-05-21 12:00:00+00:00,CAL,California,WND,Wind,3396,megawatthours
2026-05-21 13:00:00+00:00,CAL,California,WND,Wind,3107,megawatthours
2026-05-21 14:00:00+00:00,CAL,California,WND,Wind,2598,megawatthours
2026-05-21 15:00:00+00:00,CAL,California,WND,Wind,2003,megawatthours
2026-05-21 16:00:00+00:00,CAL,California,WND,Wind,1428,megawatthours
2026-05-21 17:00:00+00:00,CAL,California,WND,Wind,1019,megawatthours
2026-05-21 18:00:00+00:00,CAL,California,WND,Wind,620,megawatthours
2026-05-21 19:00:00+00:00,CAL,California,WND,Wind,536,megawatthours
2026-05-21 20:00:00+00:00,CAL,California,WND,Wind,1064,megawatthours
2026-05-21 21:00:00+00:00,CAL,California,WND,Wind,1505,megawatthours
2026-05-21 22:00:00+00:00,CAL,California,WND,Wind,2255,megawatthours
2026-05-21 23:00:00+00:00,CAL,California,WND,Wind,3017,megawatthours
2026-05-22 00:00:00+00:00,CAL,California,WND,Wind,3869,megawatthours
2026-05-22 01:00:00+00:00,CAL,California,WND,Wind,4527,megawatthours
2026-05-22 02:00:00+00:00,CAL,California,WND,Wind,4505,megawatthours
2026-05-22 03:00:00+00:00,CAL,California,WND,Wind,4148,megawatthours
2026-05-22 04:00:00+00:00,CAL,California,WND,Wind,4405,megawatthours
2026-05-22 05:00:00+00:00,CAL,California,WND,Wind,4956,megawatthours
2026-05-22 06:00:00+00:00,CAL,California,WND,Wind,5167,megawatthours
2026-05-22 07:00:00+00:00,CAL,California,WND,Wind,5472,megawatthours
2026-05-22 08:00:00+00:00,CAL,California,WND,Wind,5461,megawatthours
2026-05-22 09:00:00+00:00,CAL,California,WND,Wind,5694,megawatthours
2026-05-22 10:00:00+00:00,CAL,California,WND,Wind,5669,megawatthours
2026-05-22 11:00:00+00:00,CAL,California,WND,Wind,5443,megawatthours
2026-05-22 12:00:00+00:00,CAL,California,WND,Wind,5370,megawatthours
2026-05-22 13:00:00+00:00,CAL,California,WND,Wind,5028,megawatthours
2026-05-22 14:00:00+00:00,CAL,California,WND,Wind,4621,megawatthours
2026-05-22 15:00:00+00:00,CAL,California,WND,Wind,4018,megawatthours
2026-05-22 16:00:00+00:00,CAL,California,WND,Wind,3333,megawatthours
2026-05-22 17:00:00+00:00,CAL,California,WND,Wind,2728,megawatthours
2026-05-22 18:00:00+00:00,CAL,California,WND,Wind,2097,megawatthours
2026-05-22 19:00:00+00:00,CAL,California,WND,Wind,1733,megawatthours
2026-05-22 20:00:00+00:00,CAL,California,WND,Wind,1562,megawatthours
2026-05-22 21:00:00+00:00,CAL,California,WND,Wind,1870,megawatthours
2026-05-22 22:00:00+00:00,CAL,California,WND,Wind,2739,megawatthours
2026-05-22 23:00:00+00:00,CAL,California,WND,Wind,3589,megawatthours
2026-05-23 00:00:00+00:00,CAL,California,WND,Wind,4215,megawatthours
2026-05-23 01:00:00+00:00,CAL,California,WND,Wind,4860,megawatthours
2026-05-23 02:00:00+00:00,CAL,California,WND,Wind,5064,megawatthours
2026-05-23 03:00:00+00:00,CAL,California,WND,Wind,4989,megawatthours
2026-05-23 04:00:00+00:00,CAL,California,WND,Wind,5029,megawatthours
2026-05-23 05:00:00+00:00,CAL,California,WND,Wind,5412,megawatthours
2026-05-23 06:00:00+00:00,CAL,California,WND,Wind,5758,megawatthours
2026-05-23 07:00:00+00:00,CAL,California,WND,Wind,5612,megawatthours
2026-05-23 08:00:00+00:00,CAL,California,WND,Wind,5308,megawatthours
2026-05-23 09:00:00+00:00,CAL,California,WND,Wind,5076,megawatthours
2026-05-23 10:00:00+00:00,CAL,California,WND,Wind,4381,megawatthours
2026-05-23 11:00:00+00:00,CAL,California,WND,Wind,4050,megawatthours
2026-05-23 12:00:00+00:00,CAL,California,WND,Wind,3775,megawatthours
2026-05-23 13:00:00+00:00,CAL,California,WND,Wind,3551,megawatthours
2026-05-23 14:00:00+00:00,CAL,California,WND,Wind,3075,megawatthours
2026-05-23 15:00:00+00:00,CAL,California,WND,Wind,2239,megawatthours
2026-05-23 16:00:00+00:00,CAL,California,WND,Wind,1606,megawatthours
2026-05-23 17:00:00+00:00,CAL,California,WND,Wind,1247,megawatthours
2026-05-23 18:00:00+00:00,CAL,California,WND,Wind,1144,megawatthours
2026-05-23 19:00:00+00:00,CAL,California,WND,Wind,1109,megawatthours
2026-05-23 20:00:00+00:00,CAL,California,WND,Wind,1310,megawatthours
2026-05-23 21:00:00+00:00,CAL,California,WND,Wind,2380,megawatthours
2026-05-23 22:00:00+00:00,CAL,California,WND,Wind,2319,megawatthours
2026-05-23 23:00:00+00:00,CAL,California,WND,Wind,2561,megawatthours
2026-05-24 00:00:00+00:00,CAL,California,WND,Wind,2740,megawatthours
2026-05-24 01:00:00+00:00,CAL,California,WND,Wind,3022,megawatthours
2026-05-24 02:00:00+00:00,CAL,California,WND,Wind,3307,megawatthours
2026-05-24 03:00:00+00:00,CAL,California,WND,Wind,3186,megawatthours
2026-05-24 04:00:00+00:00,CAL,California,WND,Wind,3340,megawatthours
2026-05-24 05:00:00+00:00,CAL,California,WND,Wind,3341,megawatthours
2026-05-24 06:00:00+00:00,CAL,California,WND,Wind,3122,megawatthours
2026-05-24 07:00:00+00:00,CAL,California,WND,Wind,3503,megawatthours
2026-05-24 08:00:00+00:00,CAL,California,WND,Wind,3911,megawatthours
2026-05-24 09:00:00+00:00,CAL,California,WND,Wind,4004,megawatthours
2026-05-24 10:00:00+00:00,CAL,California,WND,Wind,4148,megawatthours
2026-05-24 11:00:00+00:00,CAL,California,WND,Wind,4117,megawatthours
2026-05-24 12:00:00+00:00,CAL,California,WND,Wind,3765,megawatthours
2026-05-24 13:00:00+00:00,CAL,California,WND,Wind,3502,megawatthours
2026-05-24 14:00:00+00:00,CAL,California,WND,Wind,2568,megawatthours
2026-05-24 15:00:00+00:00,CAL,California,WND,Wind,1816,megawatthours
2026-05-24 16:00:00+00:00,CAL,California,WND,Wind,1472,megawatthours
2026-05-24 17:00:00+00:00,CAL,California,WND,Wind,1486,megawatthours
2026-05-24 18:00:00+00:00,CAL,California,WND,Wind,1106,megawatthours
2026-05-24 19:00:00+00:00,CAL,California,WND,Wind,1286,megawatthours
2026-05-24 20:00:00+00:00,CAL,California,WND,Wind,1509,megawatthours
2026-05-24 21:00:00+00:00,CAL,California,WND,Wind,1800,megawatthours
2026-05-24 22:00:00+00:00,CAL,California,WND,Wind,2341,megawatthours
2026-05-24 23:00:00+00:00,CAL,California,WND,Wind,2973,megawatthours
2026-05-25 00:00:00+00:00,CAL,California,WND,Wind,3801,megawatthours
2026-05-25 01:00:00+00:00,CAL,California,WND,Wind,4063,megawatthours
2026-05-25 02:00:00+00:00,CAL,California,WND,Wind,4775,megawatthours
2026-05-25 03:00:00+00:00,CAL,California,WND,Wind,5168,megawatthours
2026-05-25 04:00:00+00:00,CAL,California,WND,Wind,5345,megawatthours
2026-05-25 05:00:00+00:00,CAL,California,WND,Wind,5471,megawatthours
2026-05-25 06:00:00+00:00,CAL,California,WND,Wind,5407,megawatthours
2026-05-25 07:00:00+00:00,CAL,California,WND,Wind,5160,megawatthours
2026-05-25 08:00:00+00:00,CAL,California,WND,Wind,5378,megawatthours
2026-05-25 09:00:00+00:00,CAL,California,WND,Wind,5228,megawatthours
2026-05-25 10:00:00+00:00,CAL,California,WND,Wind,4811,megawatthours
2026-05-25 11:00:00+00:00,CAL,California,WND,Wind,4434,megawatthours
2026-05-25 12:00:00+00:00,CAL,California,WND,Wind,4050,megawatthours
2026-05-25 13:00:00+00:00,CAL,California,WND,Wind,3735,megawatthours
2026-05-25 14:00:00+00:00,CAL,California,WND,Wind,3285,megawatthours
2026-05-25 15:00:00+00:00,CAL,California,WND,Wind,2916,megawatthours
2026-05-25 16:00:00+00:00,CAL,California,WND,Wind,2835,megawatthours
2026-05-25 17:00:00+00:00,CAL,California,WND,Wind,2745,megawatthours
2026-05-25 18:00:00+00:00,CAL,California,WND,Wind,2651,megawatthours
2026-05-25 19:00:00+00:00,CAL,California,WND,Wind,3096,megawatthours
2026-05-25 20:00:00+00:00,CAL,California,WND,Wind,3321,megawatthours
2026-05-25 21:00:00+00:00,CAL,California,WND,Wind,3800,megawatthours
2026-05-25 22:00:00+00:00,CAL,California,WND,Wind,4014,megawatthours
2026-05-25 23:00:00+00:00,CAL,California,WND,Wind,4594,megawatthours
2026-05-26 00:00:00+00:00,CAL,California,WND,Wind,4691,megawatthours
2026-05-26 01:00:00+00:00,CAL,California,WND,Wind,5295,megawatthours
2026-05-26 02:00:00+00:00,CAL,California,WND,Wind,5892,megawatthours
2026-05-26 03:00:00+00:00,CAL,California,WND,Wind,5779,megawatthours
2026-05-26 04:00:00+00:00,CAL,California,WND,Wind,5624,megawatthours
2026-05-26 05:00:00+00:00,CAL,California,WND,Wind,5567,megawatthours
2026-05-26 06:00:00+00:00,CAL,California,WND,Wind,5391,megawatthours
2026-05-26 07:00:00+00:00,CAL,California,WND,Wind,4853,megawatthours
2026-05-26 08:00:00+00:00,CAL,California,WND,Wind,5202,megawatthours
2026-05-26 09:00:00+00:00,CAL,California,WND,Wind,4672,megawatthours
2026-05-26 10:00:00+00:00,CAL,California,WND,Wind,3808,megawatthours
2026-05-26 11:00:00+00:00,CAL,California,WND,Wind,3752,megawatthours
2026-05-26 12:00:00+00:00,CAL,California,WND,Wind,3513,megawatthours
2026-05-26 13:00:00+00:00,CAL,California,WND,Wind,3742,megawatthours
2026-05-26 14:00:00+00:00,CAL,California,WND,Wind,3334,megawatthours
2026-05-26 15:00:00+00:00,CAL,California,WND,Wind,3168,megawatthours
2026-05-26 16:00:00+00:00,CAL,California,WND,Wind,3498,megawatthours
2026-05-26 17:00:00+00:00,CAL,California,WND,Wind,4003,megawatthours
2026-05-26 18:00:00+00:00,CAL,California,WND,Wind,3867,megawatthours
2026-05-26 19:00:00+00:00,CAL,California,WND,Wind,3549,megawatthours
2026-05-26 20:00:00+00:00,CAL,California,WND,Wind,3341,megawatthours
2026-05-26 21:00:00+00:00,CAL,California,WND,Wind,3979,megawatthours
2026-05-26 22:00:00+00:00,CAL,California,WND,Wind,4042,megawatthours
2026-05-26 23:00:00+00:00,CAL,California,WND,Wind,4482,megawatthours
2026-05-27 00:00:00+00:00,CAL,California,WND,Wind,4774,megawatthours
2026-05-27 01:00:00+00:00,CAL,California,WND,Wind,4893,megawatthours
2026-05-27 02:00:00+00:00,CAL,California,WND,Wind,4311,megawatthours
2026-05-27 03:00:00+00:00,CAL,California,WND,Wind,3822,megawatthours
2026-05-27 04:00:00+00:00,CAL,California,WND,Wind,3303,megawatthours
2026-05-27 05:00:00+00:00,CAL,California,WND,Wind,2912,megawatthours
2026-05-27 06:00:00+00:00,CAL,California,WND,Wind,2780,megawatthours
2026-05-27 07:00:00+00:00,CAL,California,WND,Wind,3186,megawatthours
2026-05-27 08:00:00+00:00,CAL,California,WND,Wind,3175,megawatthours
2026-05-27 09:00:00+00:00,CAL,California,WND,Wind,3132,megawatthours
2026-05-27 10:00:00+00:00,CAL,California,WND,Wind,2885,megawatthours
2026-05-27 11:00:00+00:00,CAL,California,WND,Wind,2796,megawatthours
2026-05-27 12:00:00+00:00,CAL,California,WND,Wind,2710,megawatthours
2026-05-27 13:00:00+00:00,CAL,California,WND,Wind,2589,megawatthours
2026-05-27 14:00:00+00:00,CAL,California,WND,Wind,2406,megawatthours
2026-05-27 15:00:00+00:00,CAL,California,WND,Wind,2178,megawatthours
2026-05-27 16:00:00+00:00,CAL,California,WND,Wind,2104,megawatthours
2026-05-27 17:00:00+00:00,CAL,California,WND,Wind,1891,megawatthours
2026-05-27 18:00:00+00:00,CAL,California,WND,Wind,1844,megawatthours
2026-05-27 19:00:00+00:00,CAL,California,WND,Wind,1904,megawatthours
2026-05-27 20:00:00+00:00,CAL,California,WND,Wind,2132,megawatthours
2026-05-27 21:00:00+00:00,CAL,California,WND,Wind,2310,megawatthours
2026-05-27 22:00:00+00:00,CAL,California,WND,Wind,2317,megawatthours
2026-05-27 23:00:00+00:00,CAL,California,WND,Wind,2533,megawatthours
2026-05-28 00:00:00+00:00,CAL,California,WND,Wind,3007,megawatthours
2026-05-28 01:00:00+00:00,CAL,California,WND,Wind,3660,megawatthours
2026-05-28 02:00:00+00:00,CAL,California,WND,Wind,4054,megawatthours
2026-05-28 03:00:00+00:00,CAL,California,WND,Wind,3818,megawatthours
2026-05-28 04:00:00+00:00,CAL,California,WND,Wind,4287,megawatthours
2026-05-28 05:00:00+00:00,CAL,California,WND,Wind,3956,megawatthours
2026-05-28 06:00:00+00:00,CAL,California,WND,Wind,3941,megawatthours
2026-05-28 07:00:00+00:00,CAL,California,WND,Wind,4145,megawatthours
2026-05-28 08:00:00+00:00,CAL,California,WND,Wind,4088,megawatthours
2026-05-28 09:00:00+00:00,CAL,California,WND,Wind,3534,megawatthours
2026-05-28 10:00:00+00:00,CAL,California,WND,Wind,3336,megawatthours
2026-05-28 11:00:00+00:00,CAL,California,WND,Wind,2621,megawatthours
2026-05-28 12:00:00+00:00,CAL,California,WND,Wind,1851,megawatthours
2026-05-28 13:00:00+00:00,CAL,California,WND,Wind,1670,megawatthours
2026-05-28 14:00:00+00:00,CAL,California,WND,Wind,1324,megawatthours
2026-05-28 15:00:00+00:00,CAL,California,WND,Wind,989,megawatthours
2026-05-28 16:00:00+00:00,CAL,California,WND,Wind,1068,megawatthours
2026-05-28 17:00:00+00:00,CAL,California,WND,Wind,1288,megawatthours
2026-05-28 18:00:00+00:00,CAL,California,WND,Wind,1545,megawatthours
2026-05-28 19:00:00+00:00,CAL,California,WND,Wind,1801,megawatthours
2026-05-28 20:00:00+00:00,CAL,California,WND,Wind,2175,megawatthours
2026-05-28 21:00:00+00:00,CAL,California,WND,Wind,2482,megawatthours
2026-05-28 22:00:00+00:00,CAL,California,WND,Wind,2964,megawatthours
2026-05-28 23:00:00+00:00,CAL,California,WND,Wind,3856,megawatthours
2026-05-29 00:00:00+00:00,CAL,California,WND,Wind,4027,megawatthours
2026-05-29 01:00:00+00:00,CAL,California,WND,Wind,3767,megawatthours
2026-05-29 02:00:00+00:00,CAL,California,WND,Wind,3907,megawatthours
2026-05-29 03:00:00+00:00,CAL,California,WND,Wind,3959,megawatthours
2026-05-29 04:00:00+00:00,CAL,California,WND,Wind,3836,megawatthours
2026-05-29 05:00:00+00:00,CAL,California,WND,Wind,3949,megawatthours
2026-05-29 06:00:00+00:00,CAL,California,WND,Wind,3647,megawatthours
2026-05-29 07:00:00+00:00,CAL,California,WND,Wind,3599,megawatthours
2026-05-29 08:00:00+00:00,CAL,California,WND,Wind,3505,megawatthours
2026-05-29 09:00:00+00:00,CAL,California,WND,Wind,3355,megawatthours
2026-05-29 10:00:00+00:00,CAL,California,WND,Wind,2915,megawatthours
2026-05-29 11:00:00+00:00,CAL,California,WND,Wind,2843,megawatthours
2026-05-29 12:00:00+00:00,CAL,California,WND,Wind,2814,megawatthours
2026-05-29 13:00:00+00:00,CAL,California,WND,Wind,2717,megawatthours
2026-05-29 14:00:00+00:00,CAL,California,WND,Wind,3079,megawatthours
2026-05-29 15:00:00+00:00,CAL,California,WND,Wind,3243,megawatthours
2026-05-29 16:00:00+00:00,CAL,California,WND,Wind,3225,megawatthours
2026-05-29 17:00:00+00:00,CAL,California,WND,Wind,3704,megawatthours
2026-05-29 18:00:00+00:00,CAL,California,WND,Wind,4332,megawatthours
2026-05-29 19:00:00+00:00,CAL,California,WND,Wind,4538,megawatthours
2026-05-29 20:00:00+00:00,CAL,California,WND,Wind,4846,megawatthours
2026-05-29 21:00:00+00:00,CAL,California,WND,Wind,5083,megawatthours
2026-05-29 22:00:00+00:00,CAL,California,WND,Wind,5401,megawatthours
2026-05-29 23:00:00+00:00,CAL,California,WND,Wind,5425,megawatthours
2026-05-30 00:00:00+00:00,CAL,California,WND,Wind,5254,megawatthours
2026-05-30 01:00:00+00:00,CAL,California,WND,Wind,5279,megawatthours
2026-05-30 02:00:00+00:00,CAL,California,WND,Wind,5748,megawatthours
2026-05-30 03:00:00+00:00,CAL,California,WND,Wind,5956,megawatthours
2026-05-30 04:00:00+00:00,CAL,California,WND,Wind,5956,megawatthours
2026-05-30 05:00:00+00:00,CAL,California,WND,Wind,5893,megawatthours
2026-05-30 06:00:00+00:00,CAL,California,WND,Wind,5801,megawatthours
2026-05-30 07:00:00+00:00,CAL,California,WND,Wind,5999,megawatthours
2026-05-30 08:00:00+00:00,CAL,California,WND,Wind,6029,megawatthours
2026-05-30 09:00:00+00:00,CAL,California,WND,Wind,6048,megawatthours
2026-05-30 10:00:00+00:00,CAL,California,WND,Wind,5716,megawatthours
2026-05-30 11:00:00+00:00,CAL,California,WND,Wind,5486,megawatthours
2026-05-30 12:00:00+00:00,CAL,California,WND,Wind,5433,megawatthours
2026-05-30 13:00:00+00:00,CAL,California,WND,Wind,5112,megawatthours
2026-05-30 14:00:00+00:00,CAL,California,WND,Wind,4548,megawatthours
2026-05-30 15:00:00+00:00,CAL,California,WND,Wind,4047,megawatthours
2026-05-30 16:00:00+00:00,CAL,California,WND,Wind,4099,megawatthours
2026-05-30 17:00:00+00:00,CAL,California,WND,Wind,3783,megawatthours
2026-05-30 18:00:00+00:00,CAL,California,WND,Wind,3146,megawatthours
2026-05-30 19:00:00+00:00,CAL,California,WND,Wind,2800,megawatthours
2026-05-30 20:00:00+00:00,CAL,California,WND,Wind,3213,megawatthours
2026-05-30 21:00:00+00:00,CAL,California,WND,Wind,3493,megawatthours
2026-05-30 22:00:00+00:00,CAL,California,WND,Wind,3876,megawatthours
2026-05-30 23:00:00+00:00,CAL,California,WND,Wind,4147,megawatthours
2026-05-31 00:00:00+00:00,CAL,California,WND,Wind,4163,megawatthours
2026-05-31 01:00:00+00:00,CAL,California,WND,Wind,4258,megawatthours
2026-05-31 02:00:00+00:00,CAL,California,WND,Wind,4596,megawatthours
2026-05-31 03:00:00+00:00,CAL,California,WND,Wind,5003,megawatthours
2026-05-31 04:00:00+00:00,CAL,California,WND,Wind,5276,megawatthours
2026-05-31 05:00:00+00:00,CAL,California,WND,Wind,5505,megawatthours
2026-05-31 06:00:00+00:00,CAL,California,WND,Wind,5542,megawatthours
2026-05-31 07:00:00+00:00,CAL,California,WND,Wind,5464,megawatthours
2026-05-31 08:00:00+00:00,CAL,California,WND,Wind,4954,megawatthours
2026-05-31 09:00:00+00:00,CAL,California,WND,Wind,4381,megawatthours
2026-05-31 10:00:00+00:00,CAL,California,WND,Wind,4123,megawatthours
2026-05-31 11:00:00+00:00,CAL,California,WND,Wind,4148,megawatthours
2026-05-31 12:00:00+00:00,CAL,California,WND,Wind,3881,megawatthours
2026-05-31 13:00:00+00:00,CAL,California,WND,Wind,3073,megawatthours
2026-05-31 14:00:00+00:00,CAL,California,WND,Wind,2254,megawatthours
2026-05-31 15:00:00+00:00,CAL,California,WND,Wind,1329,megawatthours
2026-05-31 16:00:00+00:00,CAL,California,WND,Wind,706,megawatthours
2026-05-31 17:00:00+00:00,CAL,California,WND,Wind,210,megawatthours
2026-05-31 18:00:00+00:00,CAL,California,WND,Wind,84,megawatthours
2026-05-31 19:00:00+00:00,CAL,California,WND,Wind,161,megawatthours
2026-05-31 20:00:00+00:00,CAL,California,WND,Wind,228,megawatthours
2026-05-31 21:00:00+00:00,CAL,California,WND,Wind,300,megawatthours
2026-05-31 22:00:00+00:00,CAL,California,WND,Wind,397,megawatthours
2026-05-31 23:00:00+00:00,CAL,California,WND,Wind,567,megawatthours
2026-06-01 00:00:00+00:00,CAL,California,WND,Wind,1065,megawatthours
2026-06-01 01:00:00+00:00,CAL,California,WND,Wind,2076,megawatthours
2026-06-01 02:00:00+00:00,CAL,California,WND,Wind,2984,megawatthours
2026-06-01 03:00:00+00:00,CAL,California,WND,Wind,3226,megawatthours
2026-06-01 04:00:00+00:00,CAL,California,WND,Wind,3488,megawatthours
2026-06-01 05:00:00+00:00,CAL,California,WND,Wind,3773,megawatthours
2026-06-01 06:00:00+00:00,CAL,California,WND,Wind,3731,megawatthours
2026-06-01 07:00:00+00:00,CAL,California,WND,Wind,3568,megawatthours
2026-06-01 08:00:00+00:00,CAL,California,WND,Wind,3481,megawatthours
2026-06-01 09:00:00+00:00,CAL,California,WND,Wind,3550,megawatthours
2026-06-01 10:00:00+00:00,CAL,California,WND,Wind,3486,megawatthours
2026-06-01 11:00:00+00:00,CAL,California,WND,Wind,3382,megawatthours
2026-06-01 12:00:00+00:00,CAL,California,WND,Wind,2868,megawatthours
2026-06-01 13:00:00+00:00,CAL,California,WND,Wind,2370,megawatthours
2026-06-01 14:00:00+00:00,CAL,California,WND,Wind,2194,megawatthours
2026-06-01 15:00:00+00:00,CAL,California,WND,Wind,1563,megawatthours
2026-06-01 16:00:00+00:00,CAL,California,WND,Wind,1081,megawatthours
2026-06-01 17:00:00+00:00,CAL,California,WND,Wind,683,megawatthours
2026-06-01 18:00:00+00:00,CAL,California,WND,Wind,678,megawatthours
2026-06-01 19:00:00+00:00,CAL,California,WND,Wind,763,megawatthours
2026-06-01 20:00:00+00:00,CAL,California,WND,Wind,1007,megawatthours
2026-06-01 21:00:00+00:00,CAL,California,WND,Wind,1056,megawatthours
2026-06-01 22:00:00+00:00,CAL,California,WND,Wind,1214,megawatthours
2026-06-01 23:00:00+00:00,CAL,California,WND,Wind,2270,megawatthours
2026-06-02 00:00:00+00:00,CAL,California,WND,Wind,3627,megawatthours
2026-06-02 01:00:00+00:00,CAL,California,WND,Wind,4207,megawatthours
2026-06-02 02:00:00+00:00,CAL,California,WND,Wind,4535,megawatthours
2026-06-02 03:00:00+00:00,CAL,California,WND,Wind,4594,megawatthours
2026-06-02 04:00:00+00:00,CAL,California,WND,Wind,5102,megawatthours
2026-06-02 05:00:00+00:00,CAL,California,WND,Wind,5014,megawatthours
2026-06-02 06:00:00+00:00,CAL,California,WND,Wind,5219,megawatthours
2026-06-02 07:00:00+00:00,CAL,California,WND,Wind,5362,megawatthours
2026-06-02 08:00:00+00:00,CAL,California,WND,Wind,5090,megawatthours
2026-06-02 09:00:00+00:00,CAL,California,WND,Wind,4835,megawatthours
2026-06-02 10:00:00+00:00,CAL,California,WND,Wind,4355,megawatthours
2026-06-02 11:00:00+00:00,CAL,California,WND,Wind,3923,megawatthours
2026-06-02 12:00:00+00:00,CAL,California,WND,Wind,3767,megawatthours
2026-06-02 13:00:00+00:00,CAL,California,WND,Wind,3820,megawatthours
2026-06-02 14:00:00+00:00,CAL,California,WND,Wind,3495,megawatthours
2026-06-02 15:00:00+00:00,CAL,California,WND,Wind,2730,megawatthours
2026-06-02 16:00:00+00:00,CAL,California,WND,Wind,1748,megawatthours
2026-06-02 17:00:00+00:00,CAL,California,WND,Wind,1162,megawatthours
2026-06-02 18:00:00+00:00,CAL,California,WND,Wind,1258,megawatthours
2026-06-02 19:00:00+00:00,CAL,California,WND,Wind,1673,megawatthours
2026-06-02 20:00:00+00:00,CAL,California,WND,Wind,2137,megawatthours
2026-06-02 21:00:00+00:00,CAL,California,WND,Wind,2803,megawatthours
2026-06-02 22:00:00+00:00,CAL,California,WND,Wind,3018,megawatthours
2026-06-02 23:00:00+00:00,CAL,California,WND,Wind,3118,megawatthours
2026-06-03 00:00:00+00:00,CAL,California,WND,Wind,3865,megawatthours
2026-06-03 01:00:00+00:00,CAL,California,WND,Wind,3955,megawatthours
2026-06-03 02:00:00+00:00,CAL,California,WND,Wind,4093,megawatthours
2026-06-03 03:00:00+00:00,CAL,California,WND,Wind,4750,megawatthours
2026-06-03 04:00:00+00:00,CAL,California,WND,Wind,5941,megawatthours
2026-06-03 05:00:00+00:00,CAL,California,WND,Wind,5978,megawatthours
2026-06-03 06:00:00+00:00,CAL,California,WND,Wind,5285,megawatthours
2026-06-03 07:00:00+00:00,CAL,California,WND,Wind,5180,megawatthours
2026-06-03 08:00:00+00:00,CAL,California,WND,Wind,4903,megawatthours
2026-06-03 09:00:00+00:00,CAL,California,WND,Wind,4916,megawatthours
2026-06-03 10:00:00+00:00,CAL,California,WND,Wind,4565,megawatthours
2026-06-03 11:00:00+00:00,CAL,California,WND,Wind,4180,megawatthours
2026-06-03 12:00:00+00:00,CAL,California,WND,Wind,4077,megawatthours
2026-06-03 13:00:00+00:00,CAL,California,WND,Wind,4087,megawatthours
2026-06-03 14:00:00+00:00,CAL,California,WND,Wind,3827,megawatthours
2026-06-03 15:00:00+00:00,CAL,California,WND,Wind,3436,megawatthours
2026-06-03 16:00:00+00:00,CAL,California,WND,Wind,2669,megawatthours
2026-06-03 17:00:00+00:00,CAL,California,WND,Wind,1790,megawatthours
2026-06-03 18:00:00+00:00,CAL,California,WND,Wind,1326,megawatthours
2026-06-03 19:00:00+00:00,CAL,California,WND,Wind,1511,megawatthours
2026-06-03 20:00:00+00:00,CAL,California,WND,Wind,1409,megawatthours
2026-06-03 21:00:00+00:00,CAL,California,WND,Wind,1984,megawatthours
2026-06-03 22:00:00+00:00,CAL,California,WND,Wind,2770,megawatthours
2026-06-03 23:00:00+00:00,CAL,California,WND,Wind,3767,megawatthours
2026-06-04 00:00:00+00:00,CAL,California,WND,Wind,4584,megawatthours
2026-06-04 01:00:00+00:00,CAL,California,WND,Wind,5324,megawatthours
2026-06-04 02:00:00+00:00,CAL,California,WND,Wind,5902,megawatthours
2026-06-04 03:00:00+00:00,CAL,California,WND,Wind,6308,megawatthours
2026-06-04 04:00:00+00:00,CAL,California,WND,Wind,6174,megawatthours
2026-06-04 05:00:00+00:00,CAL,California,WND,Wind,5968,megawatthours
2026-06-04 06:00:00+00:00,CAL,California,WND,Wind,5408,megawatthours
2026-06-04 07:00:00+00:00,CAL,California,WND,Wind,5058,megawatthours
2026-06-04 08:00:00+00:00,CAL,California,WND,Wind,4981,megawatthours
2026-06-04 09:00:00+00:00,CAL,California,WND,Wind,4823,megawatthours
2026-06-04 10:00:00+00:00,CAL,California,WND,Wind,4553,megawatthours
2026-06-04 11:00:00+00:00,CAL,California,WND,Wind,4164,megawatthours
2026-06-04 12:00:00+00:00,CAL,California,WND,Wind,3711,megawatthours
2026-06-04 13:00:00+00:00,CAL,California,WND,Wind,3333,megawatthours
2026-06-04 14:00:00+00:00,CAL,California,WND,Wind,2726,megawatthours
2026-06-04 15:00:00+00:00,CAL,California,WND,Wind,1936,megawatthours
2026-06-04 16:00:00+00:00,CAL,California,WND,Wind,1275,megawatthours
2026-06-04 17:00:00+00:00,CAL,California,WND,Wind,960,megawatthours
2026-06-04 18:00:00+00:00,CAL,California,WND,Wind,645,megawatthours
2026-06-04 19:00:00+00:00,CAL,California,WND,Wind,555,megawatthours
2026-06-04 20:00:00+00:00,CAL,California,WND,Wind,595,megawatthours
2026-06-04 21:00:00+00:00,CAL,California,WND,Wind,814,megawatthours
2026-06-04 22:00:00+00:00,CAL,California,WND,Wind,1344,megawatthours
2026-06-04 23:00:00+00:00,CAL,California,WND,Wind,2720,megawatthours
2026-06-05 00:00:00+00:00,CAL,California,WND,Wind,3303,megawatthours
2026-06-05 01:00:00+00:00,CAL,California,WND,Wind,3851,megawatthours
2026-06-05 02:00:00+00:00,CAL,California,WND,Wind,4233,megawatthours
2026-06-05 03:00:00+00:00,CAL,California,WND,Wind,5026,megawatthours
2026-06-05 04:00:00+00:00,CAL,California,WND,Wind,5229,megawatthours
2026-06-05 05:00:00+00:00,CAL,California,WND,Wind,4760,megawatthours
2026-06-05 06:00:00+00:00,CAL,California,WND,Wind,4184,megawatthours
2026-06-05 07:00:00+00:00,CAL,California,WND,Wind,4461,megawatthours
2026-06-05 08:00:00+00:00,CAL,California,WND,Wind,4634,megawatthours
2026-06-05 09:00:00+00:00,CAL,California,WND,Wind,4667,megawatthours
2026-06-05 10:00:00+00:00,CAL,California,WND,Wind,5050,megawatthours
2026-06-05 11:00:00+00:00,CAL,California,WND,Wind,4769,megawatthours
2026-06-05 12:00:00+00:00,CAL,California,WND,Wind,3947,megawatthours
2026-06-05 13:00:00+00:00,CAL,California,WND,Wind,3207,megawatthours
2026-06-05 14:00:00+00:00,CAL,California,WND,Wind,2493,megawatthours
2026-06-05 15:00:00+00:00,CAL,California,WND,Wind,1678,megawatthours
2026-06-05 16:00:00+00:00,CAL,California,WND,Wind,1306,megawatthours
2026-06-05 17:00:00+00:00,CAL,California,WND,Wind,929,megawatthours
2026-06-05 18:00:00+00:00,CAL,California,WND,Wind,554,megawatthours
2026-06-05 19:00:00+00:00,CAL,California,WND,Wind,523,megawatthours
2026-06-05 20:00:00+00:00,CAL,California,WND,Wind,1132,megawatthours
2026-06-05 21:00:00+00:00,CAL,California,WND,Wind,2105,megawatthours
2026-06-05 22:00:00+00:00,CAL,California,WND,Wind,2567,megawatthours
2026-06-05 23:00:00+00:00,CAL,California,WND,Wind,4027,megawatthours
2026-06-06 00:00:00+00:00,CAL,California,WND,Wind,4915,megawatthours
2026-06-06 01:00:00+00:00,CAL,California,WND,Wind,4574,megawatthours
2026-06-06 02:00:00+00:00,CAL,California,WND,Wind,3739,megawatthours
2026-06-06 03:00:00+00:00,CAL,California,WND,Wind,3419,megawatthours
2026-06-06 04:00:00+00:00,CAL,California,WND,Wind,4009,megawatthours
2026-06-06 05:00:00+00:00,CAL,California,WND,Wind,3945,megawatthours
2026-06-06 06:00:00+00:00,CAL,California,WND,Wind,4428,megawatthours
2026-06-06 07:00:00+00:00,CAL,California,WND,Wind,4288,megawatthours
2026-06-06 08:00:00+00:00,CAL,California,WND,Wind,4422,megawatthours
2026-06-06 09:00:00+00:00,CAL,California,WND,Wind,4532,megawatthours
2026-06-06 10:00:00+00:00,CAL,California,WND,Wind,4473,megawatthours
2026-06-06 11:00:00+00:00,CAL,California,WND,Wind,4408,megawatthours
2026-06-06 12:00:00+00:00,CAL,California,WND,Wind,4137,megawatthours
2026-06-06 13:00:00+00:00,CAL,California,WND,Wind,3856,megawatthours
2026-06-06 14:00:00+00:00,CAL,California,WND,Wind,3593,megawatthours
2026-06-06 15:00:00+00:00,CAL,California,WND,Wind,3222,megawatthours
2026-06-06 16:00:00+00:00,CAL,California,WND,Wind,3537,megawatthours
2026-06-06 17:00:00+00:00,CAL,California,WND,Wind,3722,megawatthours
2026-06-06 18:00:00+00:00,CAL,California,WND,Wind,3734,megawatthours
2026-06-06 19:00:00+00:00,CAL,California,WND,Wind,3721,megawatthours
2026-06-06 20:00:00+00:00,CAL,California,WND,Wind,3737,megawatthours
2026-06-06 21:00:00+00:00,CAL,California,WND,Wind,4197,megawatthours
2026-06-06 22:00:00+00:00,CAL,California,WND,Wind,5069,megawatthours
2026-06-06 23:00:00+00:00,CAL,California,WND,Wind,5515,megawatthours
2026-06-07 00:00:00+00:00,CAL,California,WND,Wind,5520,megawatthours
2026-06-07 01:00:00+00:00,CAL,California,WND,Wind,5783,megawatthours
2026-06-07 02:00:00+00:00,CAL,California,WND,Wind,5861,megawatthours
2026-06-07 03:00:00+00:00,CAL,California,WND,Wind,5133,megawatthours
2026-06-07 04:00:00+00:00,CAL,California,WND,Wind,5167,megawatthours
2026-06-07 05:00:00+00:00,CAL,California,WND,Wind,5061,megawatthours
2026-06-07 06:00:00+00:00,CAL,California,WND,Wind,5236,megawatthours
2026-06-07 07:00:00+00:00,CAL,California,WND,Wind,5452,megawatthours
2026-06-07 08:00:00+00:00,CAL,California,WND,Wind,5722,megawatthours
2026-06-07 09:00:00+00:00,CAL,California,WND,Wind,6159,megawatthours
2026-06-07 10:00:00+00:00,CAL,California,WND,Wind,6632,megawatthours
2026-06-07 11:00:00+00:00,CAL,California,WND,Wind,6624,megawatthours
2026-06-07 12:00:00+00:00,CAL,California,WND,Wind,6588,megawatthours
2026-06-07 13:00:00+00:00,CAL,California,WND,Wind,6079,megawatthours
2026-06-07 14:00:00+00:00,CAL,California,WND,Wind,4200,megawatthours
2026-06-07 15:00:00+00:00,CAL,California,WND,Wind,2535,megawatthours
2026-06-07 16:00:00+00:00,CAL,California,WND,Wind,2215,megawatthours
2026-06-07 17:00:00+00:00,CAL,California,WND,Wind,2379,megawatthours
2026-06-07 18:00:00+00:00,CAL,California,WND,Wind,2500,megawatthours
2026-06-07 19:00:00+00:00,CAL,California,WND,Wind,2068,megawatthours
2026-06-07 20:00:00+00:00,CAL,California,WND,Wind,1861,megawatthours
2026-06-07 21:00:00+00:00,CAL,California,WND,Wind,2169,megawatthours
2026-06-07 22:00:00+00:00,CAL,California,WND,Wind,2956,megawatthours
2026-06-07 23:00:00+00:00,CAL,California,WND,Wind,3503,megawatthours
2026-06-08 00:00:00+00:00,CAL,California,WND,Wind,3782,megawatthours
2026-06-08 01:00:00+00:00,CAL,California,WND,Wind,4514,megawatthours
2026-06-08 02:00:00+00:00,CAL,California,WND,Wind,4640,megawatthours
2026-06-08 03:00:00+00:00,CAL,California,WND,Wind,4681,megawatthours
2026-06-08 04:00:00+00:00,CAL,California,WND,Wind,4784,megawatthours
2026-06-08 05:00:00+00:00,CAL,California,WND,Wind,4871,megawatthours
2026-06-08 06:00:00+00:00,CAL,California,WND,Wind,4731,megawatthours
2026-06-08 07:00:00+00:00,CAL,California,WND,Wind,4876,megawatthours
2026-06-08 08:00:00+00:00,CAL,California,WND,Wind,4723,megawatthours
2026-06-08 09:00:00+00:00,CAL,California,WND,Wind,4730,megawatthours
2026-06-08 10:00:00+00:00,CAL,California,WND,Wind,4689,megawatthours
2026-06-08 11:00:00+00:00,CAL,California,WND,Wind,4554,megawatthours
2026-06-08 12:00:00+00:00,CAL,California,WND,Wind,4364,megawatthours
2026-06-08 13:00:00+00:00,CAL,California,WND,Wind,3816,megawatthours
2026-06-08 14:00:00+00:00,CAL,California,WND,Wind,3433,megawatthours
2026-06-08 15:00:00+00:00,CAL,California,WND,Wind,3076,megawatthours
2026-06-08 16:00:00+00:00,CAL,California,WND,Wind,2935,megawatthours
2026-06-08 17:00:00+00:00,CAL,California,WND,Wind,2711,megawatthours
2026-06-08 18:00:00+00:00,CAL,California,WND,Wind,2629,megawatthours
2026-06-08 19:00:00+00:00,CAL,California,WND,Wind,2791,megawatthours
2026-06-08 20:00:00+00:00,CAL,California,WND,Wind,2967,megawatthours
2026-06-08 21:00:00+00:00,CAL,California,WND,Wind,3598,megawatthours
2026-06-08 22:00:00+00:00,CAL,California,WND,Wind,3702,megawatthours
2026-06-08 23:00:00+00:00,CAL,California,WND,Wind,4602,megawatthours
2026-06-09 00:00:00+00:00,CAL,California,WND,Wind,5076,megawatthours
2026-06-09 01:00:00+00:00,CAL,California,WND,Wind,5722,megawatthours
2026-06-09 02:00:00+00:00,CAL,California,WND,Wind,5960,megawatthours
2026-06-09 03:00:00+00:00,CAL,California,WND,Wind,5957,megawatthours
2026-06-09 04:00:00+00:00,CAL,California,WND,Wind,6012,megawatthours
2026-06-09 05:00:00+00:00,CAL,California,WND,Wind,5723,megawatthours
2026-06-09 06:00:00+00:00,CAL,California,WND,Wind,5171,megawatthours
2026-06-09 07:00:00+00:00,CAL,California,WND,Wind,4897,megawatthours
2026-06-09 08:00:00+00:00,CAL,California,WND,Wind,4945,megawatthours
2026-06-09 09:00:00+00:00,CAL,California,WND,Wind,4941,megawatthours
2026-06-09 10:00:00+00:00,CAL,California,WND,Wind,4794,megawatthours
2026-06-09 11:00:00+00:00,CAL,California,WND,Wind,4484,megawatthours
2026-06-09 12:00:00+00:00,CAL,California,WND,Wind,4295,megawatthours
2026-06-09 13:00:00+00:00,CAL,California,WND,Wind,4056,megawatthours
2026-06-09 14:00:00+00:00,CAL,California,WND,Wind,3927,megawatthours
2026-06-09 15:00:00+00:00,CAL,California,WND,Wind,4040,megawatthours
2026-06-09 16:00:00+00:00,CAL,California,WND,Wind,3852,megawatthours
2026-06-09 17:00:00+00:00,CAL,California,WND,Wind,3724,megawatthours
2026-06-09 18:00:00+00:00,CAL,California,WND,Wind,3493,megawatthours
2026-06-09 19:00:00+00:00,CAL,California,WND,Wind,3690,megawatthours
2026-06-09 20:00:00+00:00,CAL,California,WND,Wind,4275,megawatthours
2026-06-09 21:00:00+00:00,CAL,California,WND,Wind,4937,megawatthours
2026-06-09 22:00:00+00:00,CAL,California,WND,Wind,5434,megawatthours
2026-06-09 23:00:00+00:00,CAL,California,WND,Wind,5600,megawatthours
2026-06-10 00:00:00+00:00,CAL,California,WND,Wind,5673,megawatthours
2026-06-10 01:00:00+00:00,CAL,California,WND,Wind,5495,megawatthours
2026-06-10 02:00:00+00:00,CAL,California,WND,Wind,5379,megawatthours
2026-06-10 03:00:00+00:00,CAL,California,WND,Wind,5573,megawatthours
2026-06-10 04:00:00+00:00,CAL,California,WND,Wind,5301,megawatthours
2026-06-10 05:00:00+00:00,CAL,California,WND,Wind,5609,megawatthours
2026-06-10 06:00:00+00:00,CAL,California,WND,Wind,5601,megawatthours
2026-06-10 07:00:00+00:00,CAL,California,WND,Wind,5300,megawatthours
2026-06-10 08:00:00+00:00,CAL,California,WND,Wind,4831,megawatthours
2026-06-10 09:00:00+00:00,CAL,California,WND,Wind,4723,megawatthours
2026-06-10 10:00:00+00:00,CAL,California,WND,Wind,4555,megawatthours
2026-06-10 11:00:00+00:00,CAL,California,WND,Wind,4524,megawatthours
2026-06-10 12:00:00+00:00,CAL,California,WND,Wind,4223,megawatthours
2026-06-10 13:00:00+00:00,CAL,California,WND,Wind,3787,megawatthours
2026-06-10 14:00:00+00:00,CAL,California,WND,Wind,3229,megawatthours
2026-06-10 15:00:00+00:00,CAL,California,WND,Wind,2599,megawatthours
2026-06-10 16:00:00+00:00,CAL,California,WND,Wind,2199,megawatthours
2026-06-10 17:00:00+00:00,CAL,California,WND,Wind,2001,megawatthours
2026-06-10 18:00:00+00:00,CAL,California,WND,Wind,1939,megawatthours
2026-06-10 19:00:00+00:00,CAL,California,WND,Wind,2205,megawatthours
2026-06-10 20:00:00+00:00,CAL,California,WND,Wind,2306,megawatthours
2026-06-10 21:00:00+00:00,CAL,California,WND,Wind,2327,megawatthours
2026-06-10 22:00:00+00:00,CAL,California,WND,Wind,2333,megawatthours
2026-06-10 23:00:00+00:00,CAL,California,WND,Wind,2845,megawatthours
2026-06-11 00:00:00+00:00,CAL,California,WND,Wind,3739,megawatthours
2026-06-11 01:00:00+00:00,CAL,California,WND,Wind,4384,megawatthours
2026-06-11 02:00:00+00:00,CAL,California,WND,Wind,4329,megawatthours
2026-06-11 03:00:00+00:00,CAL,California,WND,Wind,4106,megawatthours
2026-06-11 04:00:00+00:00,CAL,California,WND,Wind,4471,megawatthours
2026-06-11 05:00:00+00:00,CAL,California,WND,Wind,4746,megawatthours
2026-06-11 06:00:00+00:00,CAL,California,WND,Wind,4675,megawatthours
2026-06-11 07:00:00+00:00,CAL,California,WND,Wind,4857,megawatthours
2026-06-11 08:00:00+00:00,CAL,California,WND,Wind,4847,megawatthours
2026-06-11 09:00:00+00:00,CAL,California,WND,Wind,5068,megawatthours
2026-06-11 10:00:00+00:00,CAL,California,WND,Wind,4914,megawatthours
2026-06-11 11:00:00+00:00,CAL,California,WND,Wind,4688,megawatthours
2026-06-11 12:00:00+00:00,CAL,California,WND,Wind,4126,megawatthours
2026-06-11 13:00:00+00:00,CAL,California,WND,Wind,3551,megawatthours
2026-06-11 14:00:00+00:00,CAL,California,WND,Wind,2727,megawatthours
2026-06-11 15:00:00+00:00,CAL,California,WND,Wind,2351,megawatthours
2026-06-11 16:00:00+00:00,CAL,California,WND,Wind,2409,megawatthours
2026-06-11 17:00:00+00:00,CAL,California,WND,Wind,2242,megawatthours
2026-06-11 18:00:00+00:00,CAL,California,WND,Wind,2026,megawatthours
2026-06-11 19:00:00+00:00,CAL,California,WND,Wind,1430,megawatthours
2026-06-11 20:00:00+00:00,CAL,California,WND,Wind,957,megawatthours
2026-06-11 21:00:00+00:00,CAL,California,WND,Wind,796,megawatthours
2026-06-11 22:00:00+00:00,CAL,California,WND,Wind,1046,megawatthours
2026-06-11 23:00:00+00:00,CAL,California,WND,Wind,1562,megawatthours
2026-06-12 00:00:00+00:00,CAL,California,WND,Wind,1928,megawatthours
2026-06-12 01:00:00+00:00,CAL,California,WND,Wind,2037,megawatthours
2026-06-12 02:00:00+00:00,CAL,California,WND,Wind,2273,megawatthours
2026-06-12 03:00:00+00:00,CAL,California,WND,Wind,2589,megawatthours
2026-06-12 04:00:00+00:00,CAL,California,WND,Wind,3274,megawatthours
2026-06-12 05:00:00+00:00,CAL,California,WND,Wind,3405,megawatthours
2026-06-12 06:00:00+00:00,CAL,California,WND,Wind,3352,megawatthours
2026-06-12 07:00:00+00:00,CAL,California,WND,Wind,3731,megawatthours
2026-06-12 08:00:00+00:00,CAL,California,WND,Wind,3842,megawatthours
2026-06-12 09:00:00+00:00,CAL,California,WND,Wind,3708,megawatthours
2026-06-12 10:00:00+00:00,CAL,California,WND,Wind,3516,megawatthours
2026-06-12 11:00:00+00:00,CAL,California,WND,Wind,3252,megawatthours
2026-06-12 12:00:00+00:00,CAL,California,WND,Wind,2991,megawatthours
2026-06-12 13:00:00+00:00,CAL,California,WND,Wind,2876,megawatthours
2026-06-12 14:00:00+00:00,CAL,California,WND,Wind,2340,megawatthours
2026-06-12 15:00:00+00:00,CAL,California,WND,Wind,1646,megawatthours
2026-06-12 16:00:00+00:00,CAL,California,WND,Wind,1153,megawatthours
2026-06-12 17:00:00+00:00,CAL,California,WND,Wind,861,megawatthours
2026-06-12 18:00:00+00:00,CAL,California,WND,Wind,730,megawatthours
2026-06-12 19:00:00+00:00,CAL,California,WND,Wind,800,megawatthours
2026-06-12 20:00:00+00:00,CAL,California,WND,Wind,1040,megawatthours
2026-06-12 21:00:00+00:00,CAL,California,WND,Wind,1409,megawatthours
2026-06-12 22:00:00+00:00,CAL,California,WND,Wind,1656,megawatthours
2026-06-12 23:00:00+00:00,CAL,California,WND,Wind,2174,megawatthours
2026-06-13 00:00:00+00:00,CAL,California,WND,Wind,2761,megawatthours
2026-06-13 01:00:00+00:00,CAL,California,WND,Wind,3421,megawatthours
2026-06-13 02:00:00+00:00,CAL,California,WND,Wind,3899,megawatthours
2026-06-13 03:00:00+00:00,CAL,California,WND,Wind,4223,megawatthours
2026-06-13 04:00:00+00:00,CAL,California,WND,Wind,4237,megawatthours
2026-06-13 05:00:00+00:00,CAL,California,WND,Wind,4241,megawatthours
2026-06-13 06:00:00+00:00,CAL,California,WND,Wind,4325,megawatthours
2026-06-13 07:00:00+00:00,CAL,California,WND,Wind,4097,megawatthours
2026-06-13 08:00:00+00:00,CAL,California,WND,Wind,4165,megawatthours
2026-06-13 09:00:00+00:00,CAL,California,WND,Wind,3975,megawatthours
2026-06-13 10:00:00+00:00,CAL,California,WND,Wind,4127,megawatthours
2026-06-13 11:00:00+00:00,CAL,California,WND,Wind,3788,megawatthours
2026-06-13 12:00:00+00:00,CAL,California,WND,Wind,3458,megawatthours
2026-06-13 13:00:00+00:00,CAL,California,WND,Wind,3208,megawatthours
2026-06-13 14:00:00+00:00,CAL,California,WND,Wind,3058,megawatthours
2026-06-13 15:00:00+00:00,CAL,California,WND,Wind,2575,megawatthours
2026-06-13 16:00:00+00:00,CAL,California,WND,Wind,2284,megawatthours
2026-06-13 17:00:00+00:00,CAL,California,WND,Wind,1933,megawatthours
2026-06-13 18:00:00+00:00,CAL,California,WND,Wind,1830,megawatthours
2026-06-13 19:00:00+00:00,CAL,California,WND,Wind,1695,megawatthours
2026-06-13 20:00:00+00:00,CAL,California,WND,Wind,1785,megawatthours
2026-06-13 21:00:00+00:00,CAL,California,WND,Wind,2248,megawatthours
2026-06-13 22:00:00+00:00,CAL,California,WND,Wind,2535,megawatthours
2026-06-13 23:00:00+00:00,CAL,California,WND,Wind,2875,megawatthours
2026-06-14 00:00:00+00:00,CAL,California,WND,Wind,3284,megawatthours
2026-06-14 01:00:00+00:00,CAL,California,WND,Wind,3607,megawatthours
2026-06-14 02:00:00+00:00,CAL,California,WND,Wind,3774,megawatthours
2026-06-14 03:00:00+00:00,CAL,California,WND,Wind,3867,megawatthours
2026-06-14 04:00:00+00:00,CAL,California,WND,Wind,3800,megawatthours
2026-06-14 05:00:00+00:00,CAL,California,WND,Wind,4243,megawatthours
2026-06-14 06:00:00+00:00,CAL,California,WND,Wind,4287,megawatthours
2026-06-14 07:00:00+00:00,CAL,California,WND,Wind,4276,megawatthours
2026-06-14 08:00:00+00:00,CAL,California,WND,Wind,4264,megawatthours
2026-06-14 09:00:00+00:00,CAL,California,WND,Wind,4194,megawatthours
2026-06-14 10:00:00+00:00,CAL,California,WND,Wind,4566,megawatthours
2026-06-14 11:00:00+00:00,CAL,California,WND,Wind,4266,megawatthours
2026-06-14 12:00:00+00:00,CAL,California,WND,Wind,4132,megawatthours
2026-06-14 13:00:00+00:00,CAL,California,WND,Wind,4150,megawatthours
2026-06-14 14:00:00+00:00,CAL,California,WND,Wind,4025,megawatthours
2026-06-14 15:00:00+00:00,CAL,California,WND,Wind,3850,megawatthours
2026-06-14 16:00:00+00:00,CAL,California,WND,Wind,3443,megawatthours
2026-06-14 17:00:00+00:00,CAL,California,WND,Wind,3021,megawatthours
2026-06-14 18:00:00+00:00,CAL,California,WND,Wind,2595,megawatthours
2026-06-14 19:00:00+00:00,CAL,California,WND,Wind,2428,megawatthours
2026-06-14 20:00:00+00:00,CAL,California,WND,Wind,2413,megawatthours
2026-06-14 21:00:00+00:00,CAL,California,WND,Wind,2515,megawatthours
2026-06-14 22:00:00+00:00,CAL,California,WND,Wind,2643,megawatthours
2026-06-14 23:00:00+00:00,CAL,California,WND,Wind,3094,megawatthours
2026-06-15 00:00:00+00:00,CAL,California,WND,Wind,3584,megawatthours
2026-06-15 01:00:00+00:00,CAL,California,WND,Wind,3575,megawatthours
2026-06-15 02:00:00+00:00,CAL,California,WND,Wind,3500,megawatthours
2026-06-15 03:00:00+00:00,CAL,California,WND,Wind,3687,megawatthours
2026-06-15 04:00:00+00:00,CAL,California,WND,Wind,3712,megawatthours
2026-06-15 05:00:00+00:00,CAL,California,WND,Wind,3619,megawatthours
2026-06-15 06:00:00+00:00,CAL,California,WND,Wind,3838,megawatthours
2026-06-15 07:00:00+00:00,CAL,California,WND,Wind,4089,megawatthours
2026-06-15 08:00:00+00:00,CAL,California,WND,Wind,3813,megawatthours
2026-06-15 09:00:00+00:00,CAL,California,WND,Wind,3522,megawatthours
2026-06-15 10:00:00+00:00,CAL,California,WND,Wind,3291,megawatthours
2026-06-15 11:00:00+00:00,CAL,California,WND,Wind,3276,megawatthours
2026-06-15 12:00:00+00:00,CAL,California,WND,Wind,3410,megawatthours
2026-06-15 13:00:00+00:00,CAL,California,WND,Wind,3457,megawatthours
2026-06-15 14:00:00+00:00,CAL,California,WND,Wind,3217,megawatthours
2026-06-15 15:00:00+00:00,CAL,California,WND,Wind,2712,megawatthours
2026-06-15 16:00:00+00:00,CAL,California,WND,Wind,2282,megawatthours
2026-06-15 17:00:00+00:00,CAL,California,WND,Wind,1943,megawatthours
2026-06-15 18:00:00+00:00,CAL,California,WND,Wind,1739,megawatthours
2026-06-15 19:00:00+00:00,CAL,California,WND,Wind,1599,megawatthours
2026-06-15 20:00:00+00:00,CAL,California,WND,Wind,1709,megawatthours
2026-06-15 21:00:00+00:00,CAL,California,WND,Wind,2046,megawatthours
2026-06-15 22:00:00+00:00,CAL,California,WND,Wind,2463,megawatthours
2026-06-15 23:00:00+00:00,CAL,California,WND,Wind,2812,megawatthours
2026-06-16 00:00:00+00:00,CAL,California,WND,Wind,3138,megawatthours
2026-06-16 01:00:00+00:00,CAL,California,WND,Wind,3588,megawatthours
2026-06-16 02:00:00+00:00,CAL,California,WND,Wind,3867,megawatthours
2026-06-16 03:00:00+00:00,CAL,California,WND,Wind,4108,megawatthours
2026-06-16 04:00:00+00:00,CAL,California,WND,Wind,4367,megawatthours
2026-06-16 05:00:00+00:00,CAL,California,WND,Wind,4482,megawatthours
2026-06-16 06:00:00+00:00,CAL,California,WND,Wind,4298,megawatthours
2026-06-16 07:00:00+00:00,CAL,California,WND,Wind,4261,megawatthours
2026-06-16 08:00:00+00:00,CAL,California,WND,Wind,4527,megawatthours
2026-06-16 09:00:00+00:00,CAL,California,WND,Wind,4415,megawatthours
2026-06-16 10:00:00+00:00,CAL,California,WND,Wind,4460,megawatthours
2026-06-16 11:00:00+00:00,CAL,California,WND,Wind,4490,megawatthours
2026-06-16 12:00:00+00:00,CAL,California,WND,Wind,4070,megawatthours
2026-06-16 13:00:00+00:00,CAL,California,WND,Wind,3935,megawatthours
2026-06-16 14:00:00+00:00,CAL,California,WND,Wind,3672,megawatthours
2026-06-16 15:00:00+00:00,CAL,California,WND,Wind,2977,megawatthours
2026-06-16 16:00:00+00:00,CAL,California,WND,Wind,2524,megawatthours
2026-06-16 17:00:00+00:00,CAL,California,WND,Wind,2140,megawatthours
2026-06-16 18:00:00+00:00,CAL,California,WND,Wind,1989,megawatthours
2026-06-16 19:00:00+00:00,CAL,California,WND,Wind,1935,megawatthours
2026-06-16 20:00:00+00:00,CAL,California,WND,Wind,1966,megawatthours
2026-06-16 21:00:00+00:00,CAL,California,WND,Wind,2466,megawatthours
2026-06-16 22:00:00+00:00,CAL,California,WND,Wind,2872,megawatthours
2026-06-16 23:00:00+00:00,CAL,California,WND,Wind,3076,megawatthours
2026-06-17 00:00:00+00:00,CAL,California,WND,Wind,3265,megawatthours
2026-06-17 01:00:00+00:00,CAL,California,WND,Wind,3460,megawatthours
2026-06-17 02:00:00+00:00,CAL,California,WND,Wind,3620,megawatthours
2026-06-17 03:00:00+00:00,CAL,California,WND,Wind,3810,megawatthours
2026-06-17 04:00:00+00:00,CAL,California,WND,Wind,4239,megawatthours
2026-06-17 05:00:00+00:00,CAL,California,WND,Wind,4395,megawatthours
2026-06-17 06:00:00+00:00,CAL,California,WND,Wind,4468,megawatthours
2026-06-17 07:00:00+00:00,CAL,California,WND,Wind,4846,megawatthours
2026-06-17 08:00:00+00:00,CAL,California,WND,Wind,5076,megawatthours
2026-06-17 09:00:00+00:00,CAL,California,WND,Wind,5111,megawatthours
2026-06-17 10:00:00+00:00,CAL,California,WND,Wind,5277,megawatthours
2026-06-17 11:00:00+00:00,CAL,California,WND,Wind,5430,megawatthours
2026-06-17 12:00:00+00:00,CAL,California,WND,Wind,5402,megawatthours
2026-06-17 13:00:00+00:00,CAL,California,WND,Wind,5356,megawatthours
2026-06-17 14:00:00+00:00,CAL,California,WND,Wind,5022,megawatthours
2026-06-17 15:00:00+00:00,CAL,California,WND,Wind,4663,megawatthours
2026-06-17 16:00:00+00:00,CAL,California,WND,Wind,4051,megawatthours
2026-06-17 17:00:00+00:00,CAL,California,WND,Wind,3623,megawatthours
2026-06-17 18:00:00+00:00,CAL,California,WND,Wind,3565,megawatthours
2026-06-17 19:00:00+00:00,CAL,California,WND,Wind,3670,megawatthours
2026-06-17 20:00:00+00:00,CAL,California,WND,Wind,3812,megawatthours
2026-06-17 21:00:00+00:00,CAL,California,WND,Wind,4124,megawatthours
2026-06-17 22:00:00+00:00,CAL,California,WND,Wind,4548,megawatthours
2026-06-17 23:00:00+00:00,CAL,California,WND,Wind,5040,megawatthours
2026-06-18 00:00:00+00:00,CAL,California,WND,Wind,5304,megawatthours
2026-06-18 01:00:00+00:00,CAL,California,WND,Wind,5436,megawatthours
2026-06-18 02:00:00+00:00,CAL,California,WND,Wind,5556,megawatthours
2026-06-18 03:00:00+00:00,CAL,California,WND,Wind,5684,megawatthours
2026-06-18 04:00:00+00:00,CAL,California,WND,Wind,5734,megawatthours
2026-06-18 05:00:00+00:00,CAL,California,WND,Wind,5850,megawatthours
2026-06-18 06:00:00+00:00,CAL,California,WND,Wind,5739,megawatthours
2026-06-18 07:00:00+00:00,CAL,California,WND,Wind,5712,megawatthours
2026-06-18 08:00:00+00:00,CAL,California,WND,Wind,5706,megawatthours
2026-06-18 09:00:00+00:00,CAL,California,WND,Wind,5701,megawatthours
2026-06-18 10:00:00+00:00,CAL,California,WND,Wind,5793,megawatthours
2026-06-18 11:00:00+00:00,CAL,California,WND,Wind,5637,megawatthours
2026-06-18 12:00:00+00:00,CAL,California,WND,Wind,5612,megawatthours
2026-06-18 13:00:00+00:00,CAL,California,WND,Wind,5355,megawatthours
2026-06-18 14:00:00+00:00,CAL,California,WND,Wind,5071,megawatthours
2026-06-18 15:00:00+00:00,CAL,California,WND,Wind,4860,megawatthours
2026-06-18 16:00:00+00:00,CAL,California,WND,Wind,4404,megawatthours
2026-06-18 17:00:00+00:00,CAL,California,WND,Wind,4034,megawatthours
2026-06-18 18:00:00+00:00,CAL,California,WND,Wind,3266,megawatthours
2026-06-18 19:00:00+00:00,CAL,California,WND,Wind,2543,megawatthours
2026-06-18 20:00:00+00:00,CAL,California,WND,Wind,2381,megawatthours
2026-06-18 21:00:00+00:00,CAL,California,WND,Wind,2698,megawatthours
2026-06-18 22:00:00+00:00,CAL,California,WND,Wind,3216,megawatthours
2026-06-18 23:00:00+00:00,CAL,California,WND,Wind,3687,megawatthours
2026-06-19 00:00:00+00:00,CAL,California,WND,Wind,4062,megawatthours
2026-06-19 01:00:00+00:00,CAL,California,WND,Wind,4336,megawatthours
2026-06-19 02:00:00+00:00,CAL,California,WND,Wind,4860,megawatthours
2026-06-19 03:00:00+00:00,CAL,California,WND,Wind,5160,megawatthours
2026-06-19 04:00:00+00:00,CAL,California,WND,Wind,4959,megawatthours
2026-06-19 05:00:00+00:00,CAL,California,WND,Wind,5069,megawatthours
2026-06-19 06:00:00+00:00,CAL,California,WND,Wind,5199,megawatthours
2026-06-19 07:00:00+00:00,CAL,California,WND,Wind,5047,megawatthours
2026-06-19 08:00:00+00:00,CAL,California,WND,Wind,4448,megawatthours
2026-06-19 09:00:00+00:00,CAL,California,WND,Wind,4171,megawatthours
2026-06-19 10:00:00+00:00,CAL,California,WND,Wind,4204,megawatthours
2026-06-19 11:00:00+00:00,CAL,California,WND,Wind,4001,megawatthours
2026-06-19 12:00:00+00:00,CAL,California,WND,Wind,3653,megawatthours
2026-06-19 13:00:00+00:00,CAL,California,WND,Wind,3864,megawatthours
2026-06-19 14:00:00+00:00,CAL,California,WND,Wind,3810,megawatthours
2026-06-19 15:00:00+00:00,CAL,California,WND,Wind,3679,megawatthours
2026-06-19 16:00:00+00:00,CAL,California,WND,Wind,3088,megawatthours
2026-06-19 17:00:00+00:00,CAL,California,WND,Wind,2841,megawatthours
2026-06-19 18:00:00+00:00,CAL,California,WND,Wind,2689,megawatthours
2026-06-19 19:00:00+00:00,CAL,California,WND,Wind,2808,megawatthours
2026-06-19 20:00:00+00:00,CAL,California,WND,Wind,3503,megawatthours
2026-06-19 21:00:00+00:00,CAL,California,WND,Wind,4171,megawatthours
2026-06-19 22:00:00+00:00,CAL,California,WND,Wind,5337,megawatthours
2026-06-19 23:00:00+00:00,CAL,California,WND,Wind,6180,megawatthours
2026-06-20 00:00:00+00:00,CAL,California,WND,Wind,6501,megawatthours
2026-06-20 01:00:00+00:00,CAL,California,WND,Wind,6216,megawatthours
2026-06-20 02:00:00+00:00,CAL,California,WND,Wind,6301,megawatthours
2026-06-20 03:00:00+00:00,CAL,California,WND,Wind,6280,megawatthours
2026-06-20 04:00:00+00:00,CAL,California,WND,Wind,6137,megawatthours
2026-06-20 05:00:00+00:00,CAL,California,WND,Wind,5903,megawatthours
2026-06-20 06:00:00+00:00,CAL,California,WND,Wind,5803,megawatthours
2026-06-20 07:00:00+00:00,CAL,California,WND,Wind,5873,megawatthours
2026-06-20 08:00:00+00:00,CAL,California,WND,Wind,5615,megawatthours
2026-06-20 09:00:00+00:00,CAL,California,WND,Wind,5176,megawatthours
2026-06-20 10:00:00+00:00,CAL,California,WND,Wind,4555,megawatthours
2026-06-20 11:00:00+00:00,CAL,California,WND,Wind,3982,megawatthours
2026-06-20 12:00:00+00:00,CAL,California,WND,Wind,3741,megawatthours
2026-06-20 13:00:00+00:00,CAL,California,WND,Wind,3880,megawatthours
2026-06-20 14:00:00+00:00,CAL,California,WND,Wind,3893,megawatthours
2026-06-20 15:00:00+00:00,CAL,California,WND,Wind,3757,megawatthours
2026-06-20 16:00:00+00:00,CAL,California,WND,Wind,3571,megawatthours
2026-06-20 17:00:00+00:00,CAL,California,WND,Wind,3071,megawatthours
2026-06-20 18:00:00+00:00,CAL,California,WND,Wind,2478,megawatthours
2026-06-20 19:00:00+00:00,CAL,California,WND,Wind,2553,megawatthours
2026-06-20 20:00:00+00:00,CAL,California,WND,Wind,3346,megawatthours
2026-06-20 21:00:00+00:00,CAL,California,WND,Wind,4187,megawatthours
2026-06-20 22:00:00+00:00,CAL,California,WND,Wind,4465,megawatthours
2026-06-20 23:00:00+00:00,CAL,California,WND,Wind,5080,megawatthours
2026-06-21 00:00:00+00:00,CAL,California,WND,Wind,5696,megawatthours
2026-06-21 01:00:00+00:00,CAL,California,WND,Wind,6034,megawatthours
2026-06-21 02:00:00+00:00,CAL,California,WND,Wind,6261,megawatthours
2026-06-21 03:00:00+00:00,CAL,California,WND,Wind,6498,megawatthours
2026-06-21 04:00:00+00:00,CAL,California,WND,Wind,6571,megawatthours
2026-06-21 05:00:00+00:00,CAL,California,WND,Wind,6708,megawatthours
2026-06-21 06:00:00+00:00,CAL,California,WND,Wind,6564,megawatthours
2026-06-21 07:00:00+00:00,CAL,California,WND,Wind,6675,megawatthours
2026-06-21 08:00:00+00:00,CAL,California,WND,Wind,6737,megawatthours
2026-06-21 09:00:00+00:00,CAL,California,WND,Wind,6756,megawatthours
2026-06-21 10:00:00+00:00,CAL,California,WND,Wind,6640,megawatthours
2026-06-21 11:00:00+00:00,CAL,California,WND,Wind,6503,megawatthours
2026-06-21 12:00:00+00:00,CAL,California,WND,Wind,6112,megawatthours
2026-06-21 13:00:00+00:00,CAL,California,WND,Wind,5308,megawatthours
2026-06-21 14:00:00+00:00,CAL,California,WND,Wind,4359,megawatthours
2026-06-21 15:00:00+00:00,CAL,California,WND,Wind,4111,megawatthours
2026-06-21 16:00:00+00:00,CAL,California,WND,Wind,3895,megawatthours
2026-06-21 17:00:00+00:00,CAL,California,WND,Wind,3818,megawatthours
2026-06-21 18:00:00+00:00,CAL,California,WND,Wind,3315,megawatthours
2026-06-21 19:00:00+00:00,CAL,California,WND,Wind,2910,megawatthours
2026-06-21 20:00:00+00:00,CAL,California,WND,Wind,2765,megawatthours
2026-06-21 21:00:00+00:00,CAL,California,WND,Wind,2930,megawatthours
2026-06-21 22:00:00+00:00,CAL,California,WND,Wind,3401,megawatthours
2026-06-21 23:00:00+00:00,CAL,California,WND,Wind,4012,megawatthours
2026-06-22 00:00:00+00:00,CAL,California,WND,Wind,4680,megawatthours
2026-06-22 01:00:00+00:00,CAL,California,WND,Wind,5204,megawatthours
2026-06-22 02:00:00+00:00,CAL,California,WND,Wind,5199,megawatthours
2026-06-22 03:00:00+00:00,CAL,California,WND,Wind,4624,megawatthours
2026-06-22 04:00:00+00:00,CAL,California,WND,Wind,4454,megawatthours
2026-06-22 05:00:00+00:00,CAL,California,WND,Wind,4564,megawatthours
2026-06-22 06:00:00+00:00,CAL,California,WND,Wind,4683,megawatthours
2026-06-22 07:00:00+00:00,CAL,California,WND,Wind,4530,megawatthours
2026-06-22 08:00:00+00:00,CAL,California,WND,Wind,5095,megawatthours
2026-06-22 09:00:00+00:00,CAL,California,WND,Wind,5530,megawatthours
2026-06-22 10:00:00+00:00,CAL,California,WND,Wind,5595,megawatthours
2026-06-22 11:00:00+00:00,CAL,California,WND,Wind,5609,megawatthours
2026-06-22 12:00:00+00:00,CAL,California,WND,Wind,5686,megawatthours
2026-06-22 13:00:00+00:00,CAL,California,WND,Wind,5474,megawatthours
2026-06-22 14:00:00+00:00,CAL,California,WND,Wind,5011,megawatthours
2026-06-22 15:00:00+00:00,CAL,California,WND,Wind,4611,megawatthours
2026-06-22 16:00:00+00:00,CAL,California,WND,Wind,3690,megawatthours
2026-06-22 17:00:00+00:00,CAL,California,WND,Wind,2483,megawatthours
2026-06-22 18:00:00+00:00,CAL,California,WND,Wind,1673,megawatthours
2026-06-22 19:00:00+00:00,CAL,California,WND,Wind,1176,megawatthours
2026-06-22 20:00:00+00:00,CAL,California,WND,Wind,950,megawatthours
2026-06-22 21:00:00+00:00,CAL,California,WND,Wind,945,megawatthours
2026-06-22 22:00:00+00:00,CAL,California,WND,Wind,964,megawatthours
2026-06-22 23:00:00+00:00,CAL,California,WND,Wind,1435,megawatthours
2026-06-23 00:00:00+00:00,CAL,California,WND,Wind,1949,megawatthours
2026-06-23 01:00:00+00:00,CAL,California,WND,Wind,2473,megawatthours
2026-06-23 02:00:00+00:00,CAL,California,WND,Wind,3216,megawatthours
2026-06-23 03:00:00+00:00,CAL,California,WND,Wind,3869,megawatthours
2026-06-23 04:00:00+00:00,CAL,California,WND,Wind,4583,megawatthours
2026-06-23 05:00:00+00:00,CAL,California,WND,Wind,4683,megawatthours
2026-06-23 06:00:00+00:00,CAL,California,WND,Wind,4257,megawatthours
2026-06-23 07:00:00+00:00,CAL,California,WND,Wind,3818,megawatthours
2026-06-23 08:00:00+00:00,CAL,California,WND,Wind,3783,megawatthours
2026-06-23 09:00:00+00:00,CAL,California,WND,Wind,3386,megawatthours
2026-06-23 10:00:00+00:00,CAL,California,WND,Wind,2993,megawatthours
2026-06-23 11:00:00+00:00,CAL,California,WND,Wind,2641,megawatthours
2026-06-23 12:00:00+00:00,CAL,California,WND,Wind,2296,megawatthours
2026-06-23 13:00:00+00:00,CAL,California,WND,Wind,2315,megawatthours
2026-06-23 14:00:00+00:00,CAL,California,WND,Wind,2234,megawatthours
2026-06-23 15:00:00+00:00,CAL,California,WND,Wind,2206,megawatthours
2026-06-23 16:00:00+00:00,CAL,California,WND,Wind,2279,megawatthours
2026-06-23 17:00:00+00:00,CAL,California,WND,Wind,1205,megawatthours
2026-06-23 18:00:00+00:00,CAL,California,WND,Wind,978,megawatthours
2026-06-23 19:00:00+00:00,CAL,California,WND,Wind,1074,megawatthours
2026-06-23 20:00:00+00:00,CAL,California,WND,Wind,1163,megawatthours
2026-06-23 21:00:00+00:00,CAL,California,WND,Wind,1178,megawatthours
2026-06-23 22:00:00+00:00,CAL,California,WND,Wind,1308,megawatthours
2026-06-23 23:00:00+00:00,CAL,California,WND,Wind,1349,megawatthours
2026-06-24 00:00:00+00:00,CAL,California,WND,Wind,1479,megawatthours
2026-06-24 01:00:00+00:00,CAL,California,WND,Wind,1653,megawatthours
2026-06-24 02:00:00+00:00,CAL,California,WND,Wind,1689,megawatthours
2026-06-24 03:00:00+00:00,CAL,California,WND,Wind,1900,megawatthours
2026-06-24 04:00:00+00:00,CAL,California,WND,Wind,2210,megawatthours
2026-06-24 05:00:00+00:00,CAL,California,WND,Wind,2534,megawatthours
2026-06-24 06:00:00+00:00,CAL,California,WND,Wind,2596,megawatthours
2026-06-24 07:00:00+00:00,CAL,California,WND,Wind,2782,megawatthours
2026-06-24 08:00:00+00:00,CAL,California,WND,Wind,2837,megawatthours
2026-06-24 09:00:00+00:00,CAL,California,WND,Wind,2727,megawatthours
2026-06-24 10:00:00+00:00,CAL,California,WND,Wind,2731,megawatthours
2026-06-24 11:00:00+00:00,CAL,California,WND,Wind,2831,megawatthours
2026-06-24 12:00:00+00:00,CAL,California,WND,Wind,3074,megawatthours
2026-06-24 13:00:00+00:00,CAL,California,WND,Wind,3063,megawatthours
2026-06-24 14:00:00+00:00,CAL,California,WND,Wind,2976,megawatthours
2026-06-24 15:00:00+00:00,CAL,California,WND,Wind,2622,megawatthours
2026-06-24 16:00:00+00:00,CAL,California,WND,Wind,2220,megawatthours
2026-06-24 17:00:00+00:00,CAL,California,WND,Wind,2029,megawatthours
2026-06-24 18:00:00+00:00,CAL,California,WND,Wind,2173,megawatthours
2026-06-24 19:00:00+00:00,CAL,California,WND,Wind,2392,megawatthours
2026-06-24 20:00:00+00:00,CAL,California,WND,Wind,2734,megawatthours
2026-06-24 21:00:00+00:00,CAL,California,WND,Wind,3037,megawatthours
2026-06-24 22:00:00+00:00,CAL,California,WND,Wind,3291,megawatthours
2026-06-24 23:00:00+00:00,CAL,California,WND,Wind,3533,megawatthours
2026-06-25 00:00:00+00:00,CAL,California,WND,Wind,3588,megawatthours
2026-06-25 01:00:00+00:00,CAL,California,WND,Wind,3710,megawatthours
2026-06-25 02:00:00+00:00,CAL,California,WND,Wind,3783,megawatthours
2026-06-25 03:00:00+00:00,CAL,California,WND,Wind,3851,megawatthours
2026-06-25 04:00:00+00:00,CAL,California,WND,Wind,4080,megawatthours
2026-06-25 05:00:00+00:00,CAL,California,WND,Wind,4255,megawatthours
2026-06-25 06:00:00+00:00,CAL,California,WND,Wind,4301,megawatthours
2026-06-25 07:00:00+00:00,CAL,California,WND,Wind,4389,megawatthours
2026-06-25 08:00:00+00:00,CAL,California,WND,Wind,4420,megawatthours
2026-06-25 09:00:00+00:00,CAL,California,WND,Wind,4404,megawatthours
2026-06-25 10:00:00+00:00,CAL,California,WND,Wind,4193,megawatthours
2026-06-25 11:00:00+00:00,CAL,California,WND,Wind,4012,megawatthours
2026-06-25 12:00:00+00:00,CAL,California,WND,Wind,4090,megawatthours
2026-06-25 13:00:00+00:00,CAL,California,WND,Wind,4252,megawatthours
2026-06-25 14:00:00+00:00,CAL,California,WND,Wind,3948,megawatthours
2026-06-25 15:00:00+00:00,CAL,California,WND,Wind,3761,megawatthours
2026-06-25 16:00:00+00:00,CAL,California,WND,Wind,3644,megawatthours
2026-06-25 17:00:00+00:00,CAL,California,WND,Wind,3458,megawatthours
2026-06-25 18:00:00+00:00,CAL,California,WND,Wind,3286,megawatthours
2026-06-25 19:00:00+00:00,CAL,California,WND,Wind,3142,megawatthours
2026-06-25 20:00:00+00:00,CAL,California,WND,Wind,3094,megawatthours
2026-06-25 21:00:00+00:00,CAL,California,WND,Wind,3432,megawatthours
2026-06-25 22:00:00+00:00,CAL,California,WND,Wind,4208,megawatthours
2026-06-25 23:00:00+00:00,CAL,California,WND,Wind,4648,megawatthours
2026-06-26 00:00:00+00:00,CAL,California,WND,Wind,4864,megawatthours
2026-06-26 01:00:00+00:00,CAL,California,WND,Wind,5149,megawatthours
2026-06-26 02:00:00+00:00,CAL,California,WND,Wind,5364,megawatthours
2026-06-26 03:00:00+00:00,CAL,California,WND,Wind,5319,megawatthours
2026-06-26 04:00:00+00:00,CAL,California,WND,Wind,5013,megawatthours
2026-06-26 05:00:00+00:00,CAL,California,WND,Wind,5282,megawatthours
2026-06-26 06:00:00+00:00,CAL,California,WND,Wind,5247,megawatthours
2026-06-26 07:00:00+00:00,CAL,California,WND,Wind,5349,megawatthours
2026-06-26 08:00:00+00:00,CAL,California,WND,Wind,5416,megawatthours
2026-06-26 09:00:00+00:00,CAL,California,WND,Wind,5441,megawatthours
2026-06-26 10:00:00+00:00,CAL,California,WND,Wind,5281,megawatthours
2026-06-26 11:00:00+00:00,CAL,California,WND,Wind,4697,megawatthours
2026-06-26 12:00:00+00:00,CAL,California,WND,Wind,4489,megawatthours
2026-06-26 13:00:00+00:00,CAL,California,WND,Wind,4878,megawatthours
2026-06-26 14:00:00+00:00,CAL,California,WND,Wind,4630,megawatthours
2026-06-26 15:00:00+00:00,CAL,California,WND,Wind,4479,megawatthours
2026-06-26 16:00:00+00:00,CAL,California,WND,Wind,4410,megawatthours
2026-06-26 17:00:00+00:00,CAL,California,WND,Wind,4361,megawatthours
2026-06-26 18:00:00+00:00,CAL,California,WND,Wind,3836,megawatthours
2026-06-26 19:00:00+00:00,CAL,California,WND,Wind,4656,megawatthours
2026-06-26 20:00:00+00:00,CAL,California,WND,Wind,5568,megawatthours
2026-06-26 21:00:00+00:00,CAL,California,WND,Wind,5635,megawatthours
2026-06-26 22:00:00+00:00,CAL,California,WND,Wind,5528,megawatthours
2026-06-26 23:00:00+00:00,CAL,California,WND,Wind,5686,megawatthours
2026-06-27 00:00:00+00:00,CAL,California,WND,Wind,5964,megawatthours
2026-06-27 01:00:00+00:00,CAL,California,WND,Wind,6095,megawatthours
2026-06-27 02:00:00+00:00,CAL,California,WND,Wind,5680,megawatthours
2026-06-27 03:00:00+00:00,CAL,California,WND,Wind,5482,megawatthours
2026-06-27 04:00:00+00:00,CAL,California,WND,Wind,5113,megawatthours
2026-06-27 05:00:00+00:00,CAL,California,WND,Wind,5056,megawatthours
2026-06-27 06:00:00+00:00,CAL,California,WND,Wind,4751,megawatthours
2026-06-27 07:00:00+00:00,CAL,California,WND,Wind,5392,megawatthours
2026-06-27 08:00:00+00:00,CAL,California,WND,Wind,5937,megawatthours
2026-06-27 09:00:00+00:00,CAL,California,WND,Wind,5904,megawatthours
2026-06-27 10:00:00+00:00,CAL,California,WND,Wind,6003,megawatthours
2026-06-27 11:00:00+00:00,CAL,California,WND,Wind,5901,megawatthours
2026-06-27 12:00:00+00:00,CAL,California,WND,Wind,5830,megawatthours
2026-06-27 13:00:00+00:00,CAL,California,WND,Wind,5911,megawatthours
2026-06-27 14:00:00+00:00,CAL,California,WND,Wind,5695,megawatthours
2026-06-27 15:00:00+00:00,CAL,California,WND,Wind,5832,megawatthours
2026-06-27 16:00:00+00:00,CAL,California,WND,Wind,5687,megawatthours
2026-06-27 17:00:00+00:00,CAL,California,WND,Wind,5443,megawatthours
2026-06-27 18:00:00+00:00,CAL,California,WND,Wind,5062,megawatthours
2026-06-27 19:00:00+00:00,CAL,California,WND,Wind,5104,megawatthours
2026-06-27 20:00:00+00:00,CAL,California,WND,Wind,4611,megawatthours
2026-06-27 21:00:00+00:00,CAL,California,WND,Wind,4623,megawatthours
2026-06-27 22:00:00+00:00,CAL,California,WND,Wind,4534,megawatthours
2026-06-27 23:00:00+00:00,CAL,California,WND,Wind,4292,megawatthours
2026-06-28 00:00:00+00:00,CAL,California,WND,Wind,4620,megawatthours
2026-06-28 01:00:00+00:00,CAL,California,WND,Wind,5064,megawatthours
2026-06-28 02:00:00+00:00,CAL,California,WND,Wind,5298,megawatthours
2026-06-28 03:00:00+00:00,CAL,California,WND,Wind,5176,megawatthours
2026-06-28 04:00:00+00:00,CAL,California,WND,Wind,4875,megawatthours
2026-06-28 05:00:00+00:00,CAL,California,WND,Wind,4614,megawatthours
2026-06-28 06:00:00+00:00,CAL,California,WND,Wind,5041,megawatthours
2026-06-28 07:00:00+00:00,CAL,California,WND,Wind,5567,megawatthours
2026-06-28 08:00:00+00:00,CAL,California,WND,Wind,5565,megawatthours
2026-06-28 09:00:00+00:00,CAL,California,WND,Wind,5699,megawatthours
2026-06-28 10:00:00+00:00,CAL,California,WND,Wind,5470,megawatthours
2026-06-28 11:00:00+00:00,CAL,California,WND,Wind,5153,megawatthours
2026-06-28 12:00:00+00:00,CAL,California,WND,Wind,5030,megawatthours
2026-06-28 13:00:00+00:00,CAL,California,WND,Wind,4783,megawatthours
2026-06-28 14:00:00+00:00,CAL,California,WND,Wind,4106,megawatthours
2026-06-28 15:00:00+00:00,CAL,California,WND,Wind,3261,megawatthours
2026-06-28 16:00:00+00:00,CAL,California,WND,Wind,3218,megawatthours
2026-06-28 17:00:00+00:00,CAL,California,WND,Wind,3490,megawatthours
2026-06-28 18:00:00+00:00,CAL,California,WND,Wind,3512,megawatthours
2026-06-28 19:00:00+00:00,CAL,California,WND,Wind,3496,megawatthours
2026-06-28 20:00:00+00:00,CAL,California,WND,Wind,3295,megawatthours
2026-06-28 21:00:00+00:00,CAL,California,WND,Wind,3362,megawatthours
2026-06-28 22:00:00+00:00,CAL,California,WND,Wind,3583,megawatthours
2026-06-28 23:00:00+00:00,CAL,California,WND,Wind,3628,megawatthours
2026-06-29 00:00:00+00:00,CAL,California,WND,Wind,3619,megawatthours
2026-06-29 01:00:00+00:00,CAL,California,WND,Wind,3804,megawatthours
2026-06-29 02:00:00+00:00,CAL,California,WND,Wind,4392,megawatthours
2026-06-29 03:00:00+00:00,CAL,California,WND,Wind,5094,megawatthours
2026-06-29 04:00:00+00:00,CAL,California,WND,Wind,5248,megawatthours
2026-06-29 05:00:00+00:00,CAL,California,WND,Wind,5433,megawatthours
2026-06-29 06:00:00+00:00,CAL,California,WND,Wind,5481,megawatthours
2026-06-29 07:00:00+00:00,CAL,California,WND,Wind,5440,megawatthours
2026-06-29 08:00:00+00:00,CAL,California,WND,Wind,5468,megawatthours
2026-06-29 09:00:00+00:00,CAL,California,WND,Wind,5389,megawatthours
2026-06-29 10:00:00+00:00,CAL,California,WND,Wind,5105,megawatthours
2026-06-29 11:00:00+00:00,CAL,California,WND,Wind,4778,megawatthours
2026-06-29 12:00:00+00:00,CAL,California,WND,Wind,4215,megawatthours
2026-06-29 13:00:00+00:00,CAL,California,WND,Wind,3152,megawatthours
2026-06-29 14:00:00+00:00,CAL,California,WND,Wind,2596,megawatthours
2026-06-29 15:00:00+00:00,CAL,California,WND,Wind,1876,megawatthours
2026-06-29 16:00:00+00:00,CAL,California,WND,Wind,1653,megawatthours
2026-06-29 17:00:00+00:00,CAL,California,WND,Wind,1666,megawatthours
2026-06-29 18:00:00+00:00,CAL,California,WND,Wind,1677,megawatthours
2026-06-29 19:00:00+00:00,CAL,California,WND,Wind,1656,megawatthours
2026-06-29 20:00:00+00:00,CAL,California,WND,Wind,1486,megawatthours
2026-06-29 21:00:00+00:00,CAL,California,WND,Wind,1819,megawatthours
2026-06-29 22:00:00+00:00,CAL,California,WND,Wind,2135,megawatthours
2026-06-29 23:00:00+00:00,CAL,California,WND,Wind,2344,megawatthours
2026-06-30 00:00:00+00:00,CAL,California,WND,Wind,2821,megawatthours
2026-06-30 01:00:00+00:00,CAL,California,WND,Wind,3374,megawatthours
2026-06-30 02:00:00+00:00,CAL,California,WND,Wind,3840,megawatthours
2026-06-30 03:00:00+00:00,CAL,California,WND,Wind,4013,megawatthours
2026-06-30 04:00:00+00:00,CAL,California,WND,Wind,4901,megawatthours
2026-06-30 05:00:00+00:00,CAL,California,WND,Wind,4723,megawatthours
2026-06-30 06:00:00+00:00,CAL,California,WND,Wind,4771,megawatthours
2026-06-30 07:00:00+00:00,CAL,California,WND,Wind,4918,megawatthours
2026-06-30 08:00:00+00:00,CAL,California,WND,Wind,4875,megawatthours
2026-06-30 09:00:00+00:00,CAL,California,WND,Wind,5042,megawatthours
2026-06-30 10:00:00+00:00,CAL,California,WND,Wind,5133,megawatthours
2026-06-30 11:00:00+00:00,CAL,California,WND,Wind,4964,megawatthours
2026-06-30 12:00:00+00:00,CAL,California,WND,Wind,5001,megawatthours
2026-06-30 13:00:00+00:00,CAL,California,WND,Wind,5021,megawatthours
2026-06-30 14:00:00+00:00,CAL,California,WND,Wind,4963,megawatthours
2026-06-30 15:00:00+00:00,CAL,California,WND,Wind,4704,megawatthours
2026-06-30 16:00:00+00:00,CAL,California,WND,Wind,4299,megawatthours
2026-06-30 17:00:00+00:00,CAL,California,WND,Wind,4051,megawatthours
2026-06-30 18:00:00+00:00,CAL,California,WND,Wind,3935,megawatthours
2026-06-30 19:00:00+00:00,CAL,California,WND,Wind,3637,megawatthours
2026-06-30 20:00:00+00:00,CAL,California,WND,Wind,3334,megawatthours
2026-06-30 21:00:00+00:00,CAL,California,WND,Wind,3552,megawatthours
2026-06-30 22:00:00+00:00,CAL,California,WND,Wind,4354,megawatthours
2026-06-30 23:00:00+00:00,CAL,California,WND,Wind,4623,megawatthours
2026-07-01 00:00:00+00:00,CAL,California,WND,Wind,5221,megawatthours
2026-07-01 01:00:00+00:00,CAL,California,WND,Wind,5425,megawatthours
2026-07-01 02:00:00+00:00,CAL,California,WND,Wind,5491,megawatthours
2026-07-01 03:00:00+00:00,CAL,California,WND,Wind,5306,megawatthours
2026-07-01 04:00:00+00:00,CAL,California,WND,Wind,4852,megawatthours
2026-07-01 05:00:00+00:00,CAL,California,WND,Wind,5156,megawatthours
2026-07-01 06:00:00+00:00,CAL,California,WND,Wind,5565,megawatthours
2026-07-01 07:00:00+00:00,CAL,California,WND,Wind,5704,megawatthours
2026-07-01 08:00:00+00:00,CAL,California,WND,Wind,5790,megawatthours
2026-07-01 09:00:00+00:00,CAL,California,WND,Wind,5565,megawatthours
2026-07-01 10:00:00+00:00,CAL,California,WND,Wind,5435,megawatthours
2026-07-01 11:00:00+00:00,CAL,California,WND,Wind,5230,megawatthours
2026-07-01 12:00:00+00:00,CAL,California,WND,Wind,4915,megawatthours
2026-07-01 13:00:00+00:00,CAL,California,WND,Wind,4619,megawatthours
2026-07-01 14:00:00+00:00,CAL,California,WND,Wind,3962,megawatthours
2026-07-01 15:00:00+00:00,CAL,California,WND,Wind,3425,megawatthours
2026-07-01 16:00:00+00:00,CAL,California,WND,Wind,2844,megawatthours
2026-07-01 17:00:00+00:00,CAL,California,WND,Wind,2531,megawatthours
2026-07-01 18:00:00+00:00,CAL,California,WND,Wind,2386,megawatthours
2026-07-01 19:00:00+00:00,CAL,California,WND,Wind,2330,megawatthours
2026-07-01 20:00:00+00:00,CAL,California,WND,Wind,2713,megawatthours
2026-07-01 21:00:00+00:00,CAL,California,WND,Wind,3167,megawatthours
2026-07-01 22:00:00+00:00,CAL,California,WND,Wind,3701,megawatthours
2026-07-01 23:00:00+00:00,CAL,California,WND,Wind,3946,megawatthours
2026-07-02 00:00:00+00:00,CAL,California,WND,Wind,4152,megawatthours
2026-07-02 01:00:00+00:00,CAL,California,WND,Wind,4377,megawatthours
2026-07-02 02:00:00+00:00,CAL,California,WND,Wind,4594,megawatthours
2026-07-02 03:00:00+00:00,CAL,California,WND,Wind,4505,megawatthours
2026-07-02 04:00:00+00:00,CAL,California,WND,Wind,4586,megawatthours
2026-07-02 05:00:00+00:00,CAL,California,WND,Wind,4669,megawatthours
2026-07-02 06:00:00+00:00,CAL,California,WND,Wind,4580,megawatthours
2026-07-02 07:00:00+00:00,CAL,California,WND,Wind,4350,megawatthours
2026-07-02 08:00:00+00:00,CAL,California,WND,Wind,4177,megawatthours
2026-07-02 09:00:00+00:00,CAL,California,WND,Wind,4385,megawatthours
2026-07-02 10:00:00+00:00,CAL,California,WND,Wind,4315,megawatthours
2026-07-02 11:00:00+00:00,CAL,California,WND,Wind,4269,megawatthours
2026-07-02 12:00:00+00:00,CAL,California,WND,Wind,4237,megawatthours
2026-07-02 13:00:00+00:00,CAL,California,WND,Wind,4132,megawatthours
2026-07-02 14:00:00+00:00,CAL,California,WND,Wind,3574,megawatthours
2026-07-02 15:00:00+00:00,CAL,California,WND,Wind,3174,megawatthours
2026-07-02 16:00:00+00:00,CAL,California,WND,Wind,2697,megawatthours
2026-07-02 17:00:00+00:00,CAL,California,WND,Wind,2188,megawatthours
2026-07-02 18:00:00+00:00,CAL,California,WND,Wind,1751,megawatthours
2026-07-02 19:00:00+00:00,CAL,California,WND,Wind,1452,megawatthours
2026-07-02 20:00:00+00:00,CAL,California,WND,Wind,1485,megawatthours
2026-07-02 21:00:00+00:00,CAL,California,WND,Wind,2058,megawatthours
2026-07-02 22:00:00+00:00,CAL,California,WND,Wind,2463,megawatthours
2026-07-02 23:00:00+00:00,CAL,California,WND,Wind,2862,megawatthours
2026-07-03 00:00:00+00:00,CAL,California,WND,Wind,3083,megawatthours
2026-07-03 01:00:00+00:00,CAL,California,WND,Wind,3689,megawatthours
2026-07-03 02:00:00+00:00,CAL,California,WND,Wind,3839,megawatthours
2026-07-03 03:00:00+00:00,CAL,California,WND,Wind,4015,megawatthours
2026-07-03 04:00:00+00:00,CAL,California,WND,Wind,4286,megawatthours
2026-07-03 05:00:00+00:00,CAL,California,WND,Wind,4588,megawatthours
2026-07-03 06:00:00+00:00,CAL,California,WND,Wind,4467,megawatthours
2026-07-03 07:00:00+00:00,CAL,California,WND,Wind,4169,megawatthours
2026-07-03 08:00:00+00:00,CAL,California,WND,Wind,3996,megawatthours
2026-07-03 09:00:00+00:00,CAL,California,WND,Wind,4028,megawatthours
2026-07-03 10:00:00+00:00,CAL,California,WND,Wind,3851,megawatthours
2026-07-03 11:00:00+00:00,CAL,California,WND,Wind,3745,megawatthours
2026-07-03 12:00:00+00:00,CAL,California,WND,Wind,3551,megawatthours
2026-07-03 13:00:00+00:00,CAL,California,WND,Wind,3160,megawatthours
2026-07-03 14:00:00+00:00,CAL,California,WND,Wind,2821,megawatthours
2026-07-03 15:00:00+00:00,CAL,California,WND,Wind,2409,megawatthours
2026-07-03 16:00:00+00:00,CAL,California,WND,Wind,2045,megawatthours
2026-07-03 17:00:00+00:00,CAL,California,WND,Wind,1685,megawatthours
2026-07-03 18:00:00+00:00,CAL,California,WND,Wind,1335,megawatthours
2026-07-03 19:00:00+00:00,CAL,California,WND,Wind,1145,megawatthours
2026-07-03 20:00:00+00:00,CAL,California,WND,Wind,1183,megawatthours
2026-07-03 21:00:00+00:00,CAL,California,WND,Wind,1306,megawatthours
2026-07-03 22:00:00+00:00,CAL,California,WND,Wind,1643,megawatthours
2026-07-03 23:00:00+00:00,CAL,California,WND,Wind,2239,megawatthours
2026-07-04 00:00:00+00:00,CAL,California,WND,Wind,2811,megawatthours
2026-07-04 01:00:00+00:00,CAL,California,WND,Wind,3236,megawatthours
2026-07-04 02:00:00+00:00,CAL,California,WND,Wind,3136,megawatthours
2026-07-04 03:00:00+00:00,CAL,California,WND,Wind,3186,megawatthours
2026-07-04 04:00:00+00:00,CAL,California,WND,Wind,3755,megawatthours
2026-07-04 05:00:00+00:00,CAL,California,WND,Wind,3970,megawatthours
2026-07-04 06:00:00+00:00,CAL,California,WND,Wind,4377,megawatthours
2026-07-04 07:00:00+00:00,CAL,California,WND,Wind,4046,megawatthours
2026-07-04 08:00:00+00:00,CAL,California,WND,Wind,3812,megawatthours
2026-07-04 09:00:00+00:00,CAL,California,WND,Wind,3828,megawatthours
2026-07-04 10:00:00+00:00,CAL,California,WND,Wind,3966,megawatthours
2026-07-04 11:00:00+00:00,CAL,California,WND,Wind,3544,megawatthours
2026-07-04 12:00:00+00:00,CAL,California,WND,Wind,3048,megawatthours
2026-07-04 13:00:00+00:00,CAL,California,WND,Wind,2911,megawatthours
2026-07-04 14:00:00+00:00,CAL,California,WND,Wind,2671,megawatthours
2026-07-04 15:00:00+00:00,CAL,California,WND,Wind,2388,megawatthours
2026-07-04 16:00:00+00:00,CAL,California,WND,Wind,1933,megawatthours
2026-07-04 17:00:00+00:00,CAL,California,WND,Wind,1692,megawatthours
2026-07-04 18:00:00+00:00,CAL,California,WND,Wind,1317,megawatthours
2026-07-04 19:00:00+00:00,CAL,California,WND,Wind,1216,megawatthours
2026-07-04 20:00:00+00:00,CAL,California,WND,Wind,1244,megawatthours
2026-07-04 21:00:00+00:00,CAL,California,WND,Wind,1530,megawatthours
2026-07-04 22:00:00+00:00,CAL,California,WND,Wind,1878,megawatthours
2026-07-04 23:00:00+00:00,CAL,California,WND,Wind,2316,megawatthours
2026-07-05 00:00:00+00:00,CAL,California,WND,Wind,2238,megawatthours
2026-07-05 01:00:00+00:00,CAL,California,WND,Wind,2286,megawatthours
2026-07-05 02:00:00+00:00,CAL,California,WND,Wind,2386,megawatthours
2026-07-05 03:00:00+00:00,CAL,California,WND,Wind,2515,megawatthours
2026-07-05 04:00:00+00:00,CAL,California,WND,Wind,2461,megawatthours
2026-07-05 05:00:00+00:00,CAL,California,WND,Wind,2519,megawatthours
2026-07-05 06:00:00+00:00,CAL,California,WND,Wind,2681,megawatthours
2026-07-05 07:00:00+00:00,CAL,California,WND,Wind,2957,megawatthours
2026-07-05 08:00:00+00:00,CAL,California,WND,Wind,3091,megawatthours
2026-07-05 09:00:00+00:00,CAL,California,WND,Wind,3403,megawatthours
2026-07-05 10:00:00+00:00,CAL,California,WND,Wind,3584,megawatthours
2026-07-05 11:00:00+00:00,CAL,California,WND,Wind,3576,megawatthours
2026-07-05 12:00:00+00:00,CAL,California,WND,Wind,3250,megawatthours
2026-07-05 13:00:00+00:00,CAL,California,WND,Wind,3169,megawatthours
2026-07-05 14:00:00+00:00,CAL,California,WND,Wind,3142,megawatthours
2026-07-05 15:00:00+00:00,CAL,California,WND,Wind,3351,megawatthours
2026-07-05 16:00:00+00:00,CAL,California,WND,Wind,3597,megawatthours
2026-07-05 17:00:00+00:00,CAL,California,WND,Wind,2956,megawatthours
2026-07-05 18:00:00+00:00,CAL,California,WND,Wind,2747,megawatthours
2026-07-05 19:00:00+00:00,CAL,California,WND,Wind,2383,megawatthours
2026-07-05 20:00:00+00:00,CAL,California,WND,Wind,2465,megawatthours
2026-07-05 21:00:00+00:00,CAL,California,WND,Wind,2766,megawatthours
2026-07-05 22:00:00+00:00,CAL,California,WND,Wind,3040,megawatthours
2026-07-05 23:00:00+00:00,CAL,California,WND,Wind,3288,megawatthours
2026-07-06 00:00:00+00:00,CAL,California,WND,Wind,3761,megawatthours
2026-07-06 01:00:00+00:00,CAL,California,WND,Wind,4157,megawatthours
2026-07-06 02:00:00+00:00,CAL,California,WND,Wind,4088,megawatthours
2026-07-06 03:00:00+00:00,CAL,California,WND,Wind,4036,megawatthours
2026-07-06 04:00:00+00:00,CAL,California,WND,Wind,4477,megawatthours
2026-07-06 05:00:00+00:00,CAL,California,WND,Wind,4488,megawatthours
2026-07-06 06:00:00+00:00,CAL,California,WND,Wind,4634,megawatthours
2026-07-06 07:00:00+00:00,CAL,California,WND,Wind,4708,megawatthours
2026-07-06 08:00:00+00:00,CAL,California,WND,Wind,4465,megawatthours
2026-07-06 09:00:00+00:00,CAL,California,WND,Wind,4375,megawatthours
2026-07-06 10:00:00+00:00,CAL,California,WND,Wind,4243,megawatthours
2026-07-06 11:00:00+00:00,CAL,California,WND,Wind,4039,megawatthours
2026-07-06 12:00:00+00:00,CAL,California,WND,Wind,3735,megawatthours
2026-07-06 13:00:00+00:00,CAL,California,WND,Wind,3499,megawatthours
2026-07-06 14:00:00+00:00,CAL,California,WND,Wind,3338,megawatthours
2026-07-06 15:00:00+00:00,CAL,California,WND,Wind,3251,megawatthours
2026-07-06 16:00:00+00:00,CAL,California,WND,Wind,2914,megawatthours
2026-07-06 17:00:00+00:00,CAL,California,WND,Wind,2552,megawatthours
2026-07-06 18:00:00+00:00,CAL,California,WND,Wind,2042,megawatthours
2026-07-06 19:00:00+00:00,CAL,California,WND,Wind,1720,megawatthours
2026-07-06 20:00:00+00:00,CAL,California,WND,Wind,1592,megawatthours
2026-07-06 21:00:00+00:00,CAL,California,WND,Wind,1821,megawatthours
2026-07-06 22:00:00+00:00,CAL,California,WND,Wind,2354,megawatthours
2026-07-06 23:00:00+00:00,CAL,California,WND,Wind,2984,megawatthours
2026-07-07 00:00:00+00:00,CAL,California,WND,Wind,3693,megawatthours
2026-07-07 01:00:00+00:00,CAL,California,WND,Wind,4136,megawatthours
2026-07-07 02:00:00+00:00,CAL,California,WND,Wind,4494,megawatthours
2026-07-07 03:00:00+00:00,CAL,California,WND,Wind,4627,megawatthours
2026-07-07 04:00:00+00:00,CAL,California,WND,Wind,4342,megawatthours
2026-07-07 05:00:00+00:00,CAL,California,WND,Wind,4134,megawatthours
2026-07-07 06:00:00+00:00,CAL,California,WND,Wind,4284,megawatthours
2026-07-07 07:00:00+00:00,CAL,California,WND,Wind,4444,megawatthours
2026-07-07 08:00:00+00:00,CAL,California,WND,Wind,4247,megawatthours
2026-07-07 09:00:00+00:00,CAL,California,WND,Wind,4105,megawatthours
2026-07-07 10:00:00+00:00,CAL,California,WND,Wind,3817,megawatthours
2026-07-07 11:00:00+00:00,CAL,California,WND,Wind,3562,megawatthours
2026-07-07 12:00:00+00:00,CAL,California,WND,Wind,3401,megawatthours
2026-07-07 13:00:00+00:00,CAL,California,WND,Wind,3106,megawatthours
2026-07-07 14:00:00+00:00,CAL,California,WND,Wind,2733,megawatthours
2026-07-07 15:00:00+00:00,CAL,California,WND,Wind,2492,megawatthours
2026-07-07 16:00:00+00:00,CAL,California,WND,Wind,2349,megawatthours
2026-07-07 17:00:00+00:00,CAL,California,WND,Wind,2117,megawatthours
2026-07-07 18:00:00+00:00,CAL,California,WND,Wind,1875,megawatthours
2026-07-07 19:00:00+00:00,CAL,California,WND,Wind,1981,megawatthours
2026-07-07 20:00:00+00:00,CAL,California,WND,Wind,2474,megawatthours
2026-07-07 21:00:00+00:00,CAL,California,WND,Wind,3064,megawatthours
2026-07-07 22:00:00+00:00,CAL,California,WND,Wind,3353,megawatthours
2026-07-07 23:00:00+00:00,CAL,California,WND,Wind,3852,megawatthours
2026-07-08 00:00:00+00:00,CAL,California,WND,Wind,4629,megawatthours
2026-07-08 01:00:00+00:00,CAL,California,WND,Wind,4763,megawatthours
2026-07-08 02:00:00+00:00,CAL,California,WND,Wind,4846,megawatthours
2026-07-08 03:00:00+00:00,CAL,California,WND,Wind,4896,megawatthours
2026-07-08 04:00:00+00:00,CAL,California,WND,Wind,5013,megawatthours
2026-07-08 05:00:00+00:00,CAL,California,WND,Wind,4902,megawatthours
2026-07-08 06:00:00+00:00,CAL,California,WND,Wind,5039,megawatthours
2026-07-08 07:00:00+00:00,CAL,California,WND,Wind,5154,megawatthours
2026-07-08 08:00:00+00:00,CAL,California,WND,Wind,4941,megawatthours
2026-07-08 09:00:00+00:00,CAL,California,WND,Wind,4786,megawatthours
2026-07-08 10:00:00+00:00,CAL,California,WND,Wind,4543,megawatthours
2026-07-08 11:00:00+00:00,CAL,California,WND,Wind,4533,megawatthours
2026-07-08 12:00:00+00:00,CAL,California,WND,Wind,4457,megawatthours
2026-07-08 13:00:00+00:00,CAL,California,WND,Wind,4321,megawatthours
2026-07-08 14:00:00+00:00,CAL,California,WND,Wind,4181,megawatthours
2026-07-08 15:00:00+00:00,CAL,California,WND,Wind,3693,megawatthours
2026-07-08 16:00:00+00:00,CAL,California,WND,Wind,2904,megawatthours
2026-07-08 17:00:00+00:00,CAL,California,WND,Wind,2430,megawatthours
2026-07-08 18:00:00+00:00,CAL,California,WND,Wind,2199,megawatthours
2026-07-08 19:00:00+00:00,CAL,California,WND,Wind,2150,megawatthours
2026-07-08 20:00:00+00:00,CAL,California,WND,Wind,2128,megawatthours
2026-07-08 21:00:00+00:00,CAL,California,WND,Wind,2375,megawatthours
2026-07-08 22:00:00+00:00,CAL,California,WND,Wind,2770,megawatthours
2026-07-08 23:00:00+00:00,CAL,California,WND,Wind,3355,megawatthours
2026-07-09 00:00:00+00:00,CAL,California,WND,Wind,4053,megawatthours
2026-07-09 01:00:00+00:00,CAL,California,WND,Wind,4803,megawatthours
2026-07-09 02:00:00+00:00,CAL,California,WND,Wind,5321,megawatthours
2026-07-09 03:00:00+00:00,CAL,California,WND,Wind,5488,megawatthours
2026-07-09 04:00:00+00:00,CAL,California,WND,Wind,5360,megawatthours
2026-07-09 05:00:00+00:00,CAL,California,WND,Wind,5418,megawatthours
2026-07-09 06:00:00+00:00,CAL,California,WND,Wind,5488,megawatthours
2026-07-09 07:00:00+00:00,CAL,California,WND,Wind,5415,megawatthours
2026-07-09 08:00:00+00:00,CAL,California,WND,Wind,5286,megawatthours
2026-07-09 09:00:00+00:00,CAL,California,WND,Wind,5103,megawatthours
2026-07-09 10:00:00+00:00,CAL,California,WND,Wind,4867,megawatthours
2026-07-09 11:00:00+00:00,CAL,California,WND,Wind,4495,megawatthours
2026-07-09 12:00:00+00:00,CAL,California,WND,Wind,4159,megawatthours
2026-07-09 13:00:00+00:00,CAL,California,WND,Wind,3390,megawatthours
2026-07-09 14:00:00+00:00,CAL,California,WND,Wind,3273,megawatthours
2026-07-09 15:00:00+00:00,CAL,California,WND,Wind,2843,megawatthours
2026-07-09 16:00:00+00:00,CAL,California,WND,Wind,2569,megawatthours
2026-07-09 17:00:00+00:00,CAL,California,WND,Wind,2204,megawatthours
2026-07-09 18:00:00+00:00,CAL,California,WND,Wind,2031,megawatthours
2026-07-09 19:00:00+00:00,CAL,California,WND,Wind,1822,megawatthours
2026-07-09 20:00:00+00:00,CAL,California,WND,Wind,2277,megawatthours
2026-07-09 21:00:00+00:00,CAL,California,WND,Wind,2798,megawatthours
2026-07-09 22:00:00+00:00,CAL,California,WND,Wind,3234,megawatthours
2026-07-09 23:00:00+00:00,CAL,California,WND,Wind,3657,megawatthours
2026-07-10 00:00:00+00:00,CAL,California,WND,Wind,4116,megawatthours
2026-07-10 01:00:00+00:00,CAL,California,WND,Wind,4598,megawatthours
2026-07-10 02:00:00+00:00,CAL,California,WND,Wind,4536,megawatthours
2026-07-10 03:00:00+00:00,CAL,California,WND,Wind,4428,megawatthours
2026-07-10 04:00:00+00:00,CAL,California,WND,Wind,4614,megawatthours
2026-07-10 05:00:00+00:00,CAL,California,WND,Wind,4721,megawatthours
2026-07-10 06:00:00+00:00,CAL,California,WND,Wind,4732,megawatthours
2026-07-10 07:00:00+00:00,CAL,California,WND,Wind,4932,megawatthours
2026-07-10 08:00:00+00:00,CAL,California,WND,Wind,5056,megawatthours
2026-07-10 09:00:00+00:00,CAL,California,WND,Wind,4959,megawatthours
2026-07-10 10:00:00+00:00,CAL,California,WND,Wind,4415,megawatthours
2026-07-10 11:00:00+00:00,CAL,California,WND,Wind,4066,megawatthours
2026-07-10 12:00:00+00:00,CAL,California,WND,Wind,4010,megawatthours
2026-07-10 13:00:00+00:00,CAL,California,WND,Wind,3411,megawatthours
2026-07-10 14:00:00+00:00,CAL,California,WND,Wind,3082,megawatthours
2026-07-10 15:00:00+00:00,CAL,California,WND,Wind,2847,megawatthours
2026-07-10 16:00:00+00:00,CAL,California,WND,Wind,2440,megawatthours
2026-07-10 17:00:00+00:00,CAL,California,WND,Wind,2267,megawatthours
2026-07-10 18:00:00+00:00,CAL,California,WND,Wind,2153,megawatthours
2026-07-10 19:00:00+00:00,CAL,California,WND,Wind,2531,megawatthours
2026-07-10 20:00:00+00:00,CAL,California,WND,Wind,2876,megawatthours
2026-07-10 21:00:00+00:00,CAL,California,WND,Wind,3717,megawatthours
2026-07-10 22:00:00+00:00,CAL,California,WND,Wind,4310,megawatthours
2026-07-10 23:00:00+00:00,CAL,California,WND,Wind,4494,megawatthours
2026-07-11 00:00:00+00:00,CAL,California,WND,Wind,4830,megawatthours
2026-07-11 01:00:00+00:00,CAL,California,WND,Wind,5001,megawatthours
2026-07-11 02:00:00+00:00,CAL,California,WND,Wind,5123,megawatthours
2026-07-11 03:00:00+00:00,CAL,California,WND,Wind,4954,megawatthours
2026-07-11 04:00:00+00:00,CAL,California,WND,Wind,5070,megawatthours
2026-07-11 05:00:00+00:00,CAL,California,WND,Wind,5250,megawatthours
2026-07-11 06:00:00+00:00,CAL,California,WND,Wind,5182,megawatthours
2026-07-11 07:00:00+00:00,CAL,California,WND,Wind,4923,megawatthours
2026-07-11 08:00:00+00:00,CAL,California,WND,Wind,4934,megawatthours
2026-07-11 09:00:00+00:00,CAL,California,WND,Wind,4778,megawatthours
2026-07-11 10:00:00+00:00,CAL,California,WND,Wind,4001,megawatthours
2026-07-11 11:00:00+00:00,CAL,California,WND,Wind,3027,megawatthours
2026-07-11 12:00:00+00:00,CAL,California,WND,Wind,2729,megawatthours
2026-07-11 13:00:00+00:00,CAL,California,WND,Wind,2533,megawatthours
2026-07-11 14:00:00+00:00,CAL,California,WND,Wind,2466,megawatthours
2026-07-11 15:00:00+00:00,CAL,California,WND,Wind,2038,megawatthours
2026-07-11 16:00:00+00:00,CAL,California,WND,Wind,1682,megawatthours
2026-07-11 17:00:00+00:00,CAL,California,WND,Wind,1169,megawatthours
2026-07-11 18:00:00+00:00,CAL,California,WND,Wind,754,megawatthours
2026-07-11 19:00:00+00:00,CAL,California,WND,Wind,677,megawatthours
2026-07-11 20:00:00+00:00,CAL,California,WND,Wind,931,megawatthours
2026-07-11 21:00:00+00:00,CAL,California,WND,Wind,1163,megawatthours
2026-07-11 22:00:00+00:00,CAL,California,WND,Wind,1261,megawatthours
2026-07-11 23:00:00+00:00,CAL,California,WND,Wind,1803,megawatthours
2026-07-12 00:00:00+00:00,CAL,California,WND,Wind,2718,megawatthours
2026-07-12 01:00:00+00:00,CAL,California,WND,Wind,2839,megawatthours
2026-07-12 02:00:00+00:00,CAL,California,WND,Wind,2873,megawatthours
2026-07-12 03:00:00+00:00,CAL,California,WND,Wind,2905,megawatthours
2026-07-12 04:00:00+00:00,CAL,California,WND,Wind,3168,megawatthours
2026-07-12 05:00:00+00:00,CAL,California,WND,Wind,3247,megawatthours
2026-07-12 06:00:00+00:00,CAL,California,WND,Wind,3153,megawatthours
2026-07-12 07:00:00+00:00,CAL,California,WND,Wind,2775,megawatthours
2026-07-12 08:00:00+00:00,CAL,California,WND,Wind,2568,megawatthours
2026-07-12 09:00:00+00:00,CAL,California,WND,Wind,2601,megawatthours
2026-07-12 10:00:00+00:00,CAL,California,WND,Wind,2321,megawatthours
2026-07-12 11:00:00+00:00,CAL,California,WND,Wind,2105,megawatthours
2026-07-12 12:00:00+00:00,CAL,California,WND,Wind,1858,megawatthours
2026-07-12 13:00:00+00:00,CAL,California,WND,Wind,1411,megawatthours
2026-07-12 14:00:00+00:00,CAL,California,WND,Wind,1185,megawatthours
2026-07-12 15:00:00+00:00,CAL,California,WND,Wind,1058,megawatthours
2026-07-12 16:00:00+00:00,CAL,California,WND,Wind,661,megawatthours
2026-07-12 17:00:00+00:00,CAL,California,WND,Wind,488,megawatthours
2026-07-12 18:00:00+00:00,CAL,California,WND,Wind,809,megawatthours
2026-07-12 19:00:00+00:00,CAL,California,WND,Wind,1135,megawatthours
2026-07-12 20:00:00+00:00,CAL,California,WND,Wind,1249,megawatthours
2026-07-12 21:00:00+00:00,CAL,California,WND,Wind,1155,megawatthours
2026-07-12 22:00:00+00:00,CAL,California,WND,Wind,1465,megawatthours
2026-07-12 23:00:00+00:00,CAL,California,WND,Wind,1450,megawatthours
2026-07-13 00:00:00+00:00,CAL,California,WND,Wind,1739,megawatthours
2026-07-13 01:00:00+00:00,CAL,California,WND,Wind,2359,megawatthours
2026-07-13 02:00:00+00:00,CAL,California,WND,Wind,2771,megawatthours
2026-07-13 03:00:00+00:00,CAL,California,WND,Wind,2906,megawatthours
2026-07-13 04:00:00+00:00,CAL,California,WND,Wind,2601,megawatthours
2026-07-13 05:00:00+00:00,CAL,California,WND,Wind,2348,megawatthours
2026-07-13 06:00:00+00:00,CAL,California,WND,Wind,2187,megawatthours
2026-07-13 07:00:00+00:00,CAL,California,WND,Wind,1918,megawatthours
2026-07-13 08:00:00+00:00,CAL,California,WND,Wind,1593,megawatthours
2026-07-13 09:00:00+00:00,CAL,California,WND,Wind,1422,megawatthours
2026-07-13 10:00:00+00:00,CAL,California,WND,Wind,1203,megawatthours
2026-07-13 11:00:00+00:00,CAL,California,WND,Wind,958,megawatthours
2026-07-13 12:00:00+00:00,CAL,California,WND,Wind,670,megawatthours
2026-07-13 13:00:00+00:00,CAL,California,WND,Wind,505,megawatthours
2026-07-13 14:00:00+00:00,CAL,California,WND,Wind,407,megawatthours
2026-07-13 15:00:00+00:00,CAL,California,WND,Wind,403,megawatthours
2026-07-13 16:00:00+00:00,CAL,California,WND,Wind,278,megawatthours
2026-07-13 17:00:00+00:00,CAL,California,WND,Wind,414,megawatthours
2026-07-13 18:00:00+00:00,CAL,California,WND,Wind,670,megawatthours
2026-07-13 19:00:00+00:00,CAL,California,WND,Wind,842,megawatthours
2026-07-13 20:00:00+00:00,CAL,California,WND,Wind,866,megawatthours
2026-07-13 21:00:00+00:00,CAL,California,WND,Wind,734,megawatthours
2026-07-13 22:00:00+00:00,CAL,California,WND,Wind,689,megawatthours
2026-07-13 23:00:00+00:00,CAL,California,WND,Wind,759,megawatthours
2026-07-14 00:00:00+00:00,CAL,California,WND,Wind,1109,megawatthours
2026-07-14 01:00:00+00:00,CAL,California,WND,Wind,1226,megawatthours
2026-07-14 02:00:00+00:00,CAL,California,WND,Wind,1306,megawatthours
2026-07-14 03:00:00+00:00,CAL,California,WND,Wind,1060,megawatthours
2026-07-14 04:00:00+00:00,CAL,California,WND,Wind,1262,megawatthours
2026-07-14 05:00:00+00:00,CAL,California,WND,Wind,1491,megawatthours
2026-07-14 06:00:00+00:00,CAL,California,WND,Wind,1643,megawatthours
2026-07-14 07:00:00+00:00,CAL,California,WND,Wind,1826,megawatthours
2026-07-14 08:00:00+00:00,CAL,California,WND,Wind,1887,megawatthours
2026-07-14 09:00:00+00:00,CAL,California,WND,Wind,1801,megawatthours
2026-07-14 10:00:00+00:00,CAL,California,WND,Wind,1624,megawatthours
2026-07-14 11:00:00+00:00,CAL,California,WND,Wind,1461,megawatthours
2026-07-14 12:00:00+00:00,CAL,California,WND,Wind,1373,megawatthours
2026-07-14 13:00:00+00:00,CAL,California,WND,Wind,1187,megawatthours
2026-07-14 14:00:00+00:00,CAL,California,WND,Wind,1102,megawatthours
2026-07-14 15:00:00+00:00,CAL,California,WND,Wind,813,megawatthours
2026-07-14 16:00:00+00:00,CAL,California,WND,Wind,592,megawatthours
2026-07-14 17:00:00+00:00,CAL,California,WND,Wind,676,megawatthours
2026-07-14 18:00:00+00:00,CAL,California,WND,Wind,698,megawatthours
2026-07-14 19:00:00+00:00,CAL,California,WND,Wind,673,megawatthours
2026-07-14 20:00:00+00:00,CAL,California,WND,Wind,732,megawatthours
2026-07-14 21:00:00+00:00,CAL,California,WND,Wind,852,megawatthours
2026-07-14 22:00:00+00:00,CAL,California,WND,Wind,1217,megawatthours
2026-07-14 23:00:00+00:00,CAL,California,WND,Wind,1943,megawatthours
2026-07-15 00:00:00+00:00,CAL,California,WND,Wind,2681,megawatthours
2026-07-15 01:00:00+00:00,CAL,California,WND,Wind,3322,megawatthours
2026-07-15 02:00:00+00:00,CAL,California,WND,Wind,3509,megawatthours
2026-07-15 03:00:00+00:00,CAL,California,WND,Wind,3714,megawatthours
2026-07-15 04:00:00+00:00,CAL,California,WND,Wind,3765,megawatthours
2026-07-15 05:00:00+00:00,CAL,California,WND,Wind,3892,megawatthours
2026-07-15 06:00:00+00:00,CAL,California,WND,Wind,4034,megawatthours
2026-07-15 07:00:00+00:00,CAL,California,WND,Wind,4111,megawatthours
2026-07-15 08:00:00+00:00,CAL,California,WND,Wind,4229,megawatthours
2026-07-15 09:00:00+00:00,CAL,California,WND,Wind,4311,megawatthours
2026-07-15 10:00:00+00:00,CAL,California,WND,Wind,4114,megawatthours
2026-07-15 11:00:00+00:00,CAL,California,WND,Wind,3695,megawatthours
2026-07-15 12:00:00+00:00,CAL,California,WND,Wind,3226,megawatthours
2026-07-15 13:00:00+00:00,CAL,California,WND,Wind,2861,megawatthours
2026-07-15 14:00:00+00:00,CAL,California,WND,Wind,2610,megawatthours
2026-07-15 15:00:00+00:00,CAL,California,WND,Wind,2194,megawatthours
2026-07-15 16:00:00+00:00,CAL,California,WND,Wind,1793,megawatthours
2026-07-15 17:00:00+00:00,CAL,California,WND,Wind,1518,megawatthours
2026-07-15 18:00:00+00:00,CAL,California,WND,Wind,1483,megawatthours
2026-07-15 19:00:00+00:00,CAL,California,WND,Wind,1327,megawatthours
2026-07-15 20:00:00+00:00,CAL,California,WND,Wind,1490,megawatthours
2026-07-15 21:00:00+00:00,CAL,California,WND,Wind,2099,megawatthours
2026-07-15 22:00:00+00:00,CAL,California,WND,Wind,2869,megawatthours
2026-07-15 23:00:00+00:00,CAL,California,WND,Wind,3388,megawatthours
2026-07-16 00:00:00+00:00,CAL,California,WND,Wind,3762,megawatthours
2026-07-16 01:00:00+00:00,CAL,California,WND,Wind,4245,megawatthours
2026-07-16 02:00:00+00:00,CAL,California,WND,Wind,4697,megawatthours
2026-07-16 03:00:00+00:00,CAL,California,WND,Wind,4925,megawatthours
2026-07-16 04:00:00+00:00,CAL,California,WND,Wind,4888,megawatthours
2026-07-16 05:00:00+00:00,CAL,California,WND,Wind,5032,megawatthours
2026-07-16 06:00:00+00:00,CAL,California,WND,Wind,4995,megawatthours
2026-07-16 07:00:00+00:00,CAL,California,WND,Wind,5007,megawatthours
2026-07-16 08:00:00+00:00,CAL,California,WND,Wind,4811,megawatthours
2026-07-16 09:00:00+00:00,CAL,California,WND,Wind,4538,megawatthours
2026-07-16 10:00:00+00:00,CAL,California,WND,Wind,4254,megawatthours
2026-07-16 11:00:00+00:00,CAL,California,WND,Wind,3658,megawatthours
2026-07-16 12:00:00+00:00,CAL,California,WND,Wind,3262,megawatthours
2026-07-16 13:00:00+00:00,CAL,California,WND,Wind,3066,megawatthours
2026-07-16 14:00:00+00:00,CAL,California,WND,Wind,2809,megawatthours
2026-07-16 15:00:00+00:00,CAL,California,WND,Wind,2503,megawatthours
2026-07-16 16:00:00+00:00,CAL,California,WND,Wind,2172,megawatthours
2026-07-16 17:00:00+00:00,CAL,California,WND,Wind,1910,megawatthours
2026-07-16 18:00:00+00:00,CAL,California,WND,Wind,1881,megawatthours
2026-07-16 19:00:00+00:00,CAL,California,WND,Wind,1775,megawatthours
2026-07-16 20:00:00+00:00,CAL,California,WND,Wind,1999,megawatthours
2026-07-16 21:00:00+00:00,CAL,California,WND,Wind,2565,megawatthours
2026-07-16 22:00:00+00:00,CAL,California,WND,Wind,2984,megawatthours
2026-07-16 23:00:00+00:00,CAL,California,WND,Wind,3423,megawatthours
2026-07-17 00:00:00+00:00,CAL,California,WND,Wind,3561,megawatthours
2026-07-17 01:00:00+00:00,CAL,California,WND,Wind,3575,megawatthours
2026-07-17 02:00:00+00:00,CAL,California,WND,Wind,3446,megawatthours
2026-07-17 03:00:00+00:00,CAL,California,WND,Wind,3353,megawatthours
2026-07-17 04:00:00+00:00,CAL,California,WND,Wind,3814,megawatthours
2026-07-17 05:00:00+00:00,CAL,California,WND,Wind,3721,megawatthours
2026-07-17 06:00:00+00:00,CAL,California,WND,Wind,3159,megawatthours
2026-07-17 07:00:00+00:00,CAL,California,WND,Wind,2760,megawatthours
2026-07-17 08:00:00+00:00,CAL,California,WND,Wind,2749,megawatthours
2026-07-17 09:00:00+00:00,CAL,California,WND,Wind,2584,megawatthours
2026-07-17 10:00:00+00:00,CAL,California,WND,Wind,2497,megawatthours
2026-07-17 11:00:00+00:00,CAL,California,WND,Wind,2398,megawatthours
2026-07-17 12:00:00+00:00,CAL,California,WND,Wind,2100,megawatthours
2026-07-17 13:00:00+00:00,CAL,California,WND,Wind,1819,megawatthours
2026-07-17 14:00:00+00:00,CAL,California,WND,Wind,1677,megawatthours
2026-07-17 15:00:00+00:00,CAL,California,WND,Wind,1380,megawatthours
2026-07-17 16:00:00+00:00,CAL,California,WND,Wind,1106,megawatthours
2026-07-17 17:00:00+00:00,CAL,California,WND,Wind,915,megawatthours
2026-07-17 18:00:00+00:00,CAL,California,WND,Wind,1025,megawatthours
2026-07-17 19:00:00+00:00,CAL,California,WND,Wind,1299,megawatthours
2026-07-17 20:00:00+00:00,CAL,California,WND,Wind,1496,megawatthours
2026-07-17 21:00:00+00:00,CAL,California,WND,Wind,1827,megawatthours
2026-07-17 22:00:00+00:00,CAL,California,WND,Wind,2554,megawatthours
2026-07-17 23:00:00+00:00,CAL,California,WND,Wind,3335,megawatthours
2026-07-18 00:00:00+00:00,CAL,California,WND,Wind,4030,megawatthours
2026-07-18 01:00:00+00:00,CAL,California,WND,Wind,3577,megawatthours
2026-07-18 02:00:00+00:00,CAL,California,WND,Wind,2962,megawatthours
2026-07-18 03:00:00+00:00,CAL,California,WND,Wind,3301,megawatthours
2026-07-18 04:00:00+00:00,CAL,California,WND,Wind,3619,megawatthours
2026-07-18 05:00:00+00:00,CAL,California,WND,Wind,3345,megawatthours
2026-07-18 06:00:00+00:00,CAL,California,WND,Wind,3474,megawatthours
2026-07-18 07:00:00+00:00,CAL,California,WND,Wind,3916,megawatthours
2026-07-18 08:00:00+00:00,CAL,California,WND,Wind,4288,megawatthours
2026-07-18 09:00:00+00:00,CAL,California,WND,Wind,4300,megawatthours
2026-07-18 10:00:00+00:00,CAL,California,WND,Wind,4230,megawatthours
2026-07-18 11:00:00+00:00,CAL,California,WND,Wind,4212,megawatthours
2026-07-18 12:00:00+00:00,CAL,California,WND,Wind,4137,megawatthours
2026-07-18 13:00:00+00:00,CAL,California,WND,Wind,3923,megawatthours
2026-07-18 14:00:00+00:00,CAL,California,WND,Wind,3222,megawatthours
2026-07-18 15:00:00+00:00,CAL,California,WND,Wind,3191,megawatthours
2026-07-18 16:00:00+00:00,CAL,California,WND,Wind,2887,megawatthours
2026-07-18 17:00:00+00:00,CAL,California,WND,Wind,2402,megawatthours
2026-07-18 18:00:00+00:00,CAL,California,WND,Wind,1586,megawatthours
2026-07-18 19:00:00+00:00,CAL,California,WND,Wind,1026,megawatthours
2026-07-18 20:00:00+00:00,CAL,California,WND,Wind,919,megawatthours
2026-07-18 21:00:00+00:00,CAL,California,WND,Wind,1059,megawatthours
2026-07-18 22:00:00+00:00,CAL,California,WND,Wind,1532,megawatthours
2026-07-18 23:00:00+00:00,CAL,California,WND,Wind,2312,megawatthours
2026-07-19 00:00:00+00:00,CAL,California,WND,Wind,2450,megawatthours
2026-07-19 01:00:00+00:00,CAL,California,WND,Wind,3065,megawatthours
2026-07-19 02:00:00+00:00,CAL,California,WND,Wind,3462,megawatthours
2026-07-19 03:00:00+00:00,CAL,California,WND,Wind,3520,megawatthours
2026-07-19 04:00:00+00:00,CAL,California,WND,Wind,3980,megawatthours
2026-07-19 05:00:00+00:00,CAL,California,WND,Wind,4179,megawatthours
2026-07-19 06:00:00+00:00,CAL,California,WND,Wind,4399,megawatthours
2026-07-19 07:00:00+00:00,CAL,California,WND,Wind,4676,megawatthours
2026-07-19 08:00:00+00:00,CAL,California,WND,Wind,4819,megawatthours
2026-07-19 09:00:00+00:00,CAL,California,WND,Wind,4517,megawatthours
2026-07-19 10:00:00+00:00,CAL,California,WND,Wind,4319,megawatthours
2026-07-19 11:00:00+00:00,CAL,California,WND,Wind,4085,megawatthours
2026-07-19 12:00:00+00:00,CAL,California,WND,Wind,3950,megawatthours
2026-07-19 13:00:00+00:00,CAL,California,WND,Wind,3857,megawatthours
2026-07-19 14:00:00+00:00,CAL,California,WND,Wind,3408,megawatthours
2026-07-19 15:00:00+00:00,CAL,California,WND,Wind,2440,megawatthours
2026-07-19 16:00:00+00:00,CAL,California,WND,Wind,1973,megawatthours
2026-07-19 17:00:00+00:00,CAL,California,WND,Wind,1360,megawatthours
2026-07-19 18:00:00+00:00,CAL,California,WND,Wind,951,megawatthours
2026-07-19 19:00:00+00:00,CAL,California,WND,Wind,859,megawatthours
2026-07-19 20:00:00+00:00,CAL,California,WND,Wind,810,megawatthours
2026-07-19 21:00:00+00:00,CAL,California,WND,Wind,969,megawatthours
2026-07-19 22:00:00+00:00,CAL,California,WND,Wind,1481,megawatthours
2026-07-19 23:00:00+00:00,CAL,California,WND,Wind,2034,megawatthours
2026-07-20 00:00:00+00:00,CAL,California,WND,Wind,2268,megawatthours
2026-07-20 01:00:00+00:00,CAL,California,WND,Wind,2891,megawatthours
2026-07-20 02:00:00+00:00,CAL,California,WND,Wind,3355,megawatthours
2026-07-20 03:00:00+00:00,CAL,California,WND,Wind,4122,megawatthours
2026-07-20 04:00:00+00:00,CAL,California,WND,Wind,4700,megawatthours
2026-07-20 05:00:00+00:00,CAL,California,WND,Wind,4603,megawatthours
2026-07-20 06:00:00+00:00,CAL,California,WND,Wind,4789,megawatthours
2026-07-20 07:00:00+00:00,CAL,California,WND,Wind,5043,megawatthours
2026-07-20 08:00:00+00:00,CAL,California,WND,Wind,4834,megawatthours
2026-07-20 09:00:00+00:00,CAL,California,WND,Wind,4905,megawatthours
2026-07-20 10:00:00+00:00,CAL,California,WND,Wind,4398,megawatthours
2026-07-20 11:00:00+00:00,CAL,California,WND,Wind,4114,megawatthours
2026-07-20 12:00:00+00:00,CAL,California,WND,Wind,3686,megawatthours
2026-07-20 13:00:00+00:00,CAL,California,WND,Wind,3358,megawatthours
2026-07-20 14:00:00+00:00,CAL,California,WND,Wind,2874,megawatthours
2026-07-20 15:00:00+00:00,CAL,California,WND,Wind,2556,megawatthours
2026-07-20 16:00:00+00:00,CAL,California,WND,Wind,2411,megawatthours
2026-07-20 17:00:00+00:00,CAL,California,WND,Wind,2085,megawatthours
2026-07-20 18:00:00+00:00,CAL,California,WND,Wind,2054,megawatthours
2026-07-20 19:00:00+00:00,CAL,California,WND,Wind,2108,megawatthours
2026-07-20 20:00:00+00:00,CAL,California,WND,Wind,2178,megawatthours
2026-07-20 21:00:00+00:00,CAL,California,WND,Wind,2324,megawatthours
2026-07-20 22:00:00+00:00,CAL,California,WND,Wind,2786,megawatthours
2026-07-20 23:00:00+00:00,CAL,California,WND,Wind,3290,megawatthours
2026-07-21 00:00:00+00:00,CAL,California,WND,Wind,4116,megawatthours
2026-07-21 01:00:00+00:00,CAL,California,WND,Wind,4709,megawatthours
2026-07-21 02:00:00+00:00,CAL,California,WND,Wind,4512,megawatthours
2026-07-21 03:00:00+00:00,CAL,California,WND,Wind,4103,megawatthours
2026-07-21 04:00:00+00:00,CAL,California,WND,Wind,3865,megawatthours
2026-07-21 05:00:00+00:00,CAL,California,WND,Wind,4150,megawatthours
2026-07-21 06:00:00+00:00,CAL,California,WND,Wind,4466,megawatthours
2026-07-21 07:00:00+00:00,CAL,California,WND,Wind,4773,megawatthours
2026-07-21 08:00:00+00:00,CAL,California,WND,Wind,4786,megawatthours
2026-07-21 09:00:00+00:00,CAL,California,WND,Wind,4994,megawatthours
2026-07-21 10:00:00+00:00,CAL,California,WND,Wind,4688,megawatthours
2026-07-21 11:00:00+00:00,CAL,California,WND,Wind,4393,megawatthours
2026-07-21 12:00:00+00:00,CAL,California,WND,Wind,4230,megawatthours
2026-07-21 13:00:00+00:00,CAL,California,WND,Wind,3650,megawatthours
2026-07-21 14:00:00+00:00,CAL,California,WND,Wind,3105,megawatthours
2026-07-21 15:00:00+00:00,CAL,California,WND,Wind,2559,megawatthours
2026-07-21 16:00:00+00:00,CAL,California,WND,Wind,2504,megawatthours
2026-07-21 17:00:00+00:00,CAL,California,WND,Wind,2776,megawatthours
2026-07-21 18:00:00+00:00,CAL,California,WND,Wind,2924,megawatthours
2026-07-21 19:00:00+00:00,CAL,California,WND,Wind,2690,megawatthours
2026-07-21 20:00:00+00:00,CAL,California,WND,Wind,2877,megawatthours
2026-07-21 21:00:00+00:00,CAL,California,WND,Wind,3448,megawatthours
2026-07-21 22:00:00+00:00,CAL,California,WND,Wind,3987,megawatthours
2026-07-21 23:00:00+00:00,CAL,California,WND,Wind,3662,megawatthours
2026-07-22 00:00:00+00:00,CAL,California,WND,Wind,3799,megawatthours
2026-07-22 01:00:00+00:00,CAL,California,WND,Wind,3652,megawatthours
2026-07-22 02:00:00+00:00,CAL,California,WND,Wind,3916,megawatthours
2026-07-22 03:00:00+00:00,CAL,California,WND,Wind,3985,megawatthours
2026-07-22 04:00:00+00:00,CAL,California,WND,Wind,4313,megawatthours
2026-07-22 05:00:00+00:00,CAL,California,WND,Wind,4485,megawatthours
2026-07-22 06:00:00+00:00,CAL,California,WND,Wind,4594,megawatthours
2026-07-22 07:00:00+00:00,CAL,California,WND,Wind,4706,megawatthours
2026-07-22 08:00:00+00:00,CAL,California,WND,Wind,5200,megawatthours
2026-07-22 09:00:00+00:00,CAL,California,WND,Wind,5084,megawatthours
2026-07-22 10:00:00+00:00,CAL,California,WND,Wind,4706,megawatthours
2026-07-22 11:00:00+00:00,CAL,California,WND,Wind,4351,megawatthours
2026-07-22 12:00:00+00:00,CAL,California,WND,Wind,3827,megawatthours
2026-07-22 13:00:00+00:00,CAL,California,WND,Wind,3448,megawatthours
2026-07-22 14:00:00+00:00,CAL,California,WND,Wind,3143,megawatthours
2026-07-22 15:00:00+00:00,CAL,California,WND,Wind,2887,megawatthours
2026-07-22 16:00:00+00:00,CAL,California,WND,Wind,2512,megawatthours
2026-07-22 17:00:00+00:00,CAL,California,WND,Wind,2666,megawatthours
2026-07-22 18:00:00+00:00,CAL,California,WND,Wind,2784,megawatthours
2026-07-22 19:00:00+00:00,CAL,California,WND,Wind,2898,megawatthours
2026-07-22 20:00:00+00:00,CAL,California,WND,Wind,3357,megawatthours
2026-07-22 21:00:00+00:00,CAL,California,WND,Wind,3465,megawatthours
2026-07-22 22:00:00+00:00,CAL,California,WND,Wind,3814,megawatthours
2026-07-22 23:00:00+00:00,CAL,California,WND,Wind,3891,megawatthours
2026-07-23 00:00:00+00:00,CAL,California,WND,Wind,4172,megawatthours
2026-07-23 01:00:00+00:00,CAL,California,WND,Wind,4513,megawatthours
2026-07-23 02:00:00+00:00,CAL,California,WND,Wind,4456,megawatthours
2026-07-23 03:00:00+00:00,CAL,California,WND,Wind,4861,megawatthours
2026-07-23 04:00:00+00:00,CAL,California,WND,Wind,4894,megawatthours
2026-07-23 05:00:00+00:00,CAL,California,WND,Wind,4950,megawatthours
2026-07-23 06:00:00+00:00,CAL,California,WND,Wind,4973,megawatthours
2026-07-23 07:00:00+00:00,CAL,California,WND,Wind,5055,megawatthours
2026-07-23 08:00:00+00:00,CAL,California,WND,Wind,4856,megawatthours
2026-07-23 09:00:00+00:00,CAL,California,WND,Wind,4586,megawatthours
2026-07-23 10:00:00+00:00,CAL,California,WND,Wind,4240,megawatthours
2026-07-23 11:00:00+00:00,CAL,California,WND,Wind,3930,megawatthours
2026-07-23 12:00:00+00:00,CAL,California,WND,Wind,3663,megawatthours
2026-07-23 13:00:00+00:00,CAL,California,WND,Wind,3426,megawatthours
2026-07-23 14:00:00+00:00,CAL,California,WND,Wind,2954,megawatthours
2026-07-23 15:00:00+00:00,CAL,California,WND,Wind,2415,megawatthours
2026-07-23 16:00:00+00:00,CAL,California,WND,Wind,2172,megawatthours
2026-07-23 17:00:00+00:00,CAL,California,WND,Wind,1960,megawatthours
2026-07-23 18:00:00+00:00,CAL,California,WND,Wind,1644,megawatthours
2026-07-23 19:00:00+00:00,CAL,California,WND,Wind,1504,megawatthours
2026-07-23 20:00:00+00:00,CAL,California,WND,Wind,1342,megawatthours
2026-07-23 21:00:00+00:00,CAL,California,WND,Wind,1263,megawatthours
2026-07-23 22:00:00+00:00,CAL,California,WND,Wind,1409,megawatthours
2026-07-23 23:00:00+00:00,CAL,California,WND,Wind,1693,megawatthours
2026-07-24 00:00:00+00:00,CAL,California,WND,Wind,2411,megawatthours
2026-07-24 01:00:00+00:00,CAL,California,WND,Wind,3234,megawatthours
2026-07-24 02:00:00+00:00,CAL,California,WND,Wind,3644,megawatthours
2026-07-24 03:00:00+00:00,CAL,California,WND,Wind,4119,megawatthours
2026-07-24 04:00:00+00:00,CAL,California,WND,Wind,4013,megawatthours
2026-07-24 05:00:00+00:00,CAL,California,WND,Wind,3925,megawatthours
2026-07-24 06:00:00+00:00,CAL,California,WND,Wind,4595,megawatthours
2026-07-24 07:00:00+00:00,CAL,California,WND,Wind,4417,megawatthours
2026-07-24 08:00:00+00:00,CAL,California,WND,Wind,4053,megawatthours
2026-07-24 09:00:00+00:00,CAL,California,WND,Wind,3602,megawatthours
2026-07-24 10:00:00+00:00,CAL,California,WND,Wind,3255,megawatthours
2026-07-24 11:00:00+00:00,CAL,California,WND,Wind,2868,megawatthours
2026-07-24 12:00:00+00:00,CAL,California,WND,Wind,2486,megawatthours
2026-07-24 13:00:00+00:00,CAL,California,WND,Wind,2338,megawatthours
2026-07-24 14:00:00+00:00,CAL,California,WND,Wind,2112,megawatthours
2026-07-24 15:00:00+00:00,CAL,California,WND,Wind,1787,megawatthours
2026-07-24 16:00:00+00:00,CAL,California,WND,Wind,1620,megawatthours
2026-07-24 17:00:00+00:00,CAL,California,WND,Wind,1619,megawatthours
2026-07-24 18:00:00+00:00,CAL,California,WND,Wind,1515,megawatthours
2026-07-24 19:00:00+00:00,CAL,California,WND,Wind,1283,megawatthours
2026-07-24 20:00:00+00:00,CAL,California,WND,Wind,1425,megawatthours
2026-07-24 21:00:00+00:00,CAL,California,WND,Wind,2265,megawatthours
2026-07-24 22:00:00+00:00,CAL,California,WND,Wind,2542,megawatthours
2026-07-24 23:00:00+00:00,CAL,California,WND,Wind,2966,megawatthours
2026-07-25 00:00:00+00:00,CAL,California,WND,Wind,3419,megawatthours
2026-07-25 01:00:00+00:00,CAL,California,WND,Wind,3275,megawatthours
2026-07-25 02:00:00+00:00,CAL,California,WND,Wind,3086,megawatthours
2026-07-25 03:00:00+00:00,CAL,California,WND,Wind,3462,megawatthours
2026-07-25 04:00:00+00:00,CAL,California,WND,Wind,3528,megawatthours
2026-07-25 05:00:00+00:00,CAL,California,WND,Wind,3951,megawatthours
2026-07-25 06:00:00+00:00,CAL,California,WND,Wind,4014,megawatthours
2026-07-25 07:00:00+00:00,CAL,California,WND,Wind,3518,megawatthours
2026-07-25 08:00:00+00:00,CAL,California,WND,Wind,3605,megawatthours
2026-07-25 09:00:00+00:00,CAL,California,WND,Wind,3376,megawatthours
2026-07-25 10:00:00+00:00,CAL,California,WND,Wind,3209,megawatthours
2026-07-25 11:00:00+00:00,CAL,California,WND,Wind,2938,megawatthours
2026-07-25 12:00:00+00:00,CAL,California,WND,Wind,2628,megawatthours
2026-07-25 13:00:00+00:00,CAL,California,WND,Wind,2561,megawatthours
2026-07-25 14:00:00+00:00,CAL,California,WND,Wind,2318,megawatthours
2026-07-25 15:00:00+00:00,CAL,California,WND,Wind,1975,megawatthours
2026-07-25 16:00:00+00:00,CAL,California,WND,Wind,1746,megawatthours
2026-07-25 17:00:00+00:00,CAL,California,WND,Wind,1591,megawatthours
2026-07-25 18:00:00+00:00,CAL,California,WND,Wind,1497,megawatthours
2026-07-25 19:00:00+00:00,CAL,California,WND,Wind,1395,megawatthours
2026-07-25 20:00:00+00:00,CAL,California,WND,Wind,1515,megawatthours
2026-07-25 21:00:00+00:00,CAL,California,WND,Wind,2031,megawatthours
2026-07-25 22:00:00+00:00,CAL,California,WND,Wind,3133,megawatthours
2026-07-25 23:00:00+00:00,CAL,California,WND,Wind,2932,megawatthours
2026-07-26 00:00:00+00:00,CAL,California,WND,Wind,3232,megawatthours
2026-07-26 01:00:00+00:00,CAL,California,WND,Wind,3535,megawatthours
2026-07-26 02:00:00+00:00,CAL,California,WND,Wind,3740,megawatthours
2026-07-26 03:00:00+00:00,CAL,California,WND,Wind,3762,megawatthours
2026-07-26 04:00:00+00:00,CAL,California,WND,Wind,4200,megawatthours
2026-07-26 05:00:00+00:00,CAL,California,WND,Wind,4523,megawatthours
2026-07-26 06:00:00+00:00,CAL,California,WND,Wind,4628,megawatthours
2026-07-26 07:00:00+00:00,CAL,California,WND,Wind,4727,megawatthours
2026-07-26 08:00:00+00:00,CAL,California,WND,Wind,4520,megawatthours
2026-07-26 09:00:00+00:00,CAL,California,WND,Wind,4248,megawatthours
2026-07-26 10:00:00+00:00,CAL,California,WND,Wind,4123,megawatthours
2026-07-26 11:00:00+00:00,CAL,California,WND,Wind,4441,megawatthours
2026-07-26 12:00:00+00:00,CAL,California,WND,Wind,5195,megawatthours
2026-07-26 13:00:00+00:00,CAL,California,WND,Wind,4741,megawatthours
2026-07-26 14:00:00+00:00,CAL,California,WND,Wind,4044,megawatthours
2026-07-26 15:00:00+00:00,CAL,California,WND,Wind,3097,megawatthours
2026-07-26 16:00:00+00:00,CAL,California,WND,Wind,2685,megawatthours
2026-07-26 17:00:00+00:00,CAL,California,WND,Wind,2342,megawatthours
2026-07-26 18:00:00+00:00,CAL,California,WND,Wind,2086,megawatthours
2026-07-26 19:00:00+00:00,CAL,California,WND,Wind,2187,megawatthours
2026-07-26 20:00:00+00:00,CAL,California,WND,Wind,2468,megawatthours
2026-07-26 21:00:00+00:00,CAL,California,WND,Wind,2730,megawatthours
2026-07-26 22:00:00+00:00,CAL,California,WND,Wind,2920,megawatthours
2026-07-26 23:00:00+00:00,CAL,California,WND,Wind,2707,megawatthours
2026-07-27 00:00:00+00:00,CAL,California,WND,Wind,2813,megawatthours
2026-07-27 01:00:00+00:00,CAL,California,WND,Wind,2907,megawatthours
2026-07-27 02:00:00+00:00,CAL,California,WND,Wind,3245,megawatthours
2026-07-27 03:00:00+00:00,CAL,California,WND,Wind,3667,megawatthours
2026-07-27 04:00:00+00:00,CAL,California,WND,Wind,4198,megawatthours
2026-07-27 05:00:00+00:00,CAL,California,WND,Wind,4276,megawatthours
2026-07-27 06:00:00+00:00,CAL,California,WND,Wind,4133,megawatthours
2026-07-27 07:00:00+00:00,CAL,California,WND,Wind,4215,megawatthours
2026-07-27 08:00:00+00:00,CAL,California,WND,Wind,4267,megawatthours
2026-07-27 09:00:00+00:00,CAL,California,WND,Wind,4564,megawatthours
2026-07-27 10:00:00+00:00,CAL,California,WND,Wind,4431,megawatthours
2026-07-27 11:00:00+00:00,CAL,California,WND,Wind,4421,megawatthours
2026-07-27 12:00:00+00:00,CAL,California,WND,Wind,4315,megawatthours
2026-07-27 13:00:00+00:00,CAL,California,WND,Wind,4214,megawatthours
2026-07-27 14:00:00+00:00,CAL,California,WND,Wind,3667,megawatthours
2026-07-27 15:00:00+00:00,CAL,California,WND,Wind,3211,megawatthours
2026-07-27 16:00:00+00:00,CAL,California,WND,Wind,2938,megawatthours
2026-07-27 17:00:00+00:00,CAL,California,WND,Wind,2555,megawatthours
2026-07-27 18:00:00+00:00,CAL,California,WND,Wind,2256,megawatthours
2026-07-27 19:00:00+00:00,CAL,California,WND,Wind,2120,megawatthours
2026-07-27 20:00:00+00:00,CAL,California,WND,Wind,2128,megawatthours
2026-07-27 21:00:00+00:00,CAL,California,WND,Wind,2348,megawatthours
2026-07-27 22:00:00+00:00,CAL,California,WND,Wind,2886,megawatthours
2026-07-27 23:00:00+00:00,CAL,California,WND,Wind,3921,megawatthours
2026-07-28 00:00:00+00:00,CAL,California,WND,Wind,4827,megawatthours
2026-07-28 01:00:00+00:00,CAL,California,WND,Wind,4776,megawatthours
2026-07-28 02:00:00+00:00,CAL,California,WND,Wind,4403,megawatthours
2026-07-28 03:00:00+00:00,CAL,California,WND,Wind,4530,megawatthours
2026-07-28 04:00:00+00:00,CAL,California,WND,Wind,4506,megawatthours
2026-07-28 05:00:00+00:00,CAL,California,WND,Wind,4666,megawatthours
2026-07-28 06:00:00+00:00,CAL,California,WND,Wind,4973,megawatthours
2026-07-28 07:00:00+00:00,CAL,California,WND,Wind,5196,megawatthours
2026-07-28 08:00:00+00:00,CAL,California,WND,Wind,5166,megawatthours
2026-07-28 09:00:00+00:00,CAL,California,WND,Wind,5726,megawatthours
2026-07-28 10:00:00+00:00,CAL,California,WND,Wind,6258,megawatthours
2026-07-28 11:00:00+00:00,CAL,California,WND,Wind,6060,megawatthours
2026-07-28 12:00:00+00:00,CAL,California,WND,Wind,4987,megawatthours
2026-07-28 13:00:00+00:00,CAL,California,WND,Wind,4132,megawatthours
2026-07-28 14:00:00+00:00,CAL,California,WND,Wind,3886,megawatthours
2026-07-28 15:00:00+00:00,CAL,California,WND,Wind,3537,megawatthours
2026-07-28 16:00:00+00:00,CAL,California,WND,Wind,3077,megawatthours
2026-07-28 17:00:00+00:00,CAL,California,WND,Wind,2561,megawatthours
2026-07-28 18:00:00+00:00,CAL,California,WND,Wind,2132,megawatthours
2026-07-28 19:00:00+00:00,CAL,California,WND,Wind,1712,megawatthours
2026-07-28 20:00:00+00:00,CAL,California,WND,Wind,1495,megawatthours
2026-07-28 21:00:00+00:00,CAL,California,WND,Wind,1744,megawatthours
2026-07-28 22:00:00+00:00,CAL,California,WND,Wind,2136,megawatthours
2026-07-28 23:00:00+00:00,CAL,California,WND,Wind,3145,megawatthours
2026-07-29 00:00:00+00:00,CAL,California,WND,Wind,4434,megawatthours
2026-07-29 01:00:00+00:00,CAL,California,WND,Wind,4947,megawatthours
2026-07-29 02:00:00+00:00,CAL,California,WND,Wind,5005,megawatthours
2026-07-29 03:00:00+00:00,CAL,California,WND,Wind,5166,megawatthours
2026-07-29 04:00:00+00:00,CAL,California,WND,Wind,5315,megawatthours
2026-07-29 05:00:00+00:00,CAL,California,WND,Wind,5319,megawatthours
2026-07-29 06:00:00+00:00,CAL,California,WND,Wind,5924,megawatthours
2026-07-29 07:00:00+00:00,CAL,California,WND,Wind,6438,megawatthours
2026-07-29 08:00:00+00:00,CAL,California,WND,Wind,6380,megawatthours
2026-07-29 09:00:00+00:00,CAL,California,WND,Wind,5926,megawatthours
2026-07-29 10:00:00+00:00,CAL,California,WND,Wind,5582,megawatthours
2026-07-29 11:00:00+00:00,CAL,California,WND,Wind,5120,megawatthours
2026-07-29 12:00:00+00:00,CAL,California,WND,Wind,4441,megawatthours
2026-07-29 13:00:00+00:00,CAL,California,WND,Wind,3916,megawatthours
2026-07-29 14:00:00+00:00,CAL,California,WND,Wind,3159,megawatthours
2026-07-29 15:00:00+00:00,CAL,California,WND,Wind,2567,megawatthours
2026-07-29 16:00:00+00:00,CAL,California,WND,Wind,2056,megawatthours
2026-07-29 17:00:00+00:00,CAL,California,WND,Wind,1994,megawatthours
2026-07-29 18:00:00+00:00,CAL,California,WND,Wind,1820,megawatthours
2026-07-29 19:00:00+00:00,CAL,California,WND,Wind,1819,megawatthours
2026-07-29 20:00:00+00:00,CAL,California,WND,Wind,1914,megawatthours
2026-07-29 21:00:00+00:00,CAL,California,WND,Wind,2255,megawatthours
2026-07-29 22:00:00+00:00,CAL,California,WND,Wind,2979,megawatthours
2026-07-29 23:00:00+00:00,CAL,California,WND,Wind,4319,megawatthours
2026-07-30 00:00:00+00:00,CAL,California,WND,Wind,5022,megawatthours
2026-07-30 01:00:00+00:00,CAL,California,WND,Wind,4820,megawatthours
2026-07-30 02:00:00+00:00,CAL,California,WND,Wind,4667,megawatthours
2026-07-30 03:00:00+00:00,CAL,California,WND,Wind,4397,megawatthours
2026-07-30 04:00:00+00:00,CAL,California,WND,Wind,4582,megawatthours
2026-07-30 05:00:00+00:00,CAL,California,WND,Wind,4924,megawatthours
2026-07-30 06:00:00+00:00,CAL,California,WND,Wind,4987,megawatthours
2026-07-30 07:00:00+00:00,CAL,California,WND,Wind,4298,megawatthours
2026-07-30 08:00:00+00:00,CAL,California,WND,Wind,4148,megawatthours
2026-07-30 09:00:00+00:00,CAL,California,WND,Wind,4309,megawatthours
2026-07-30 10:00:00+00:00,CAL,California,WND,Wind,4794,megawatthours
2026-07-30 11:00:00+00:00,CAL,California,WND,Wind,4540,megawatthours
2026-07-30 12:00:00+00:00,CAL,California,WND,Wind,4308,megawatthours
2026-07-30 13:00:00+00:00,CAL,California,WND,Wind,3828,megawatthours
2026-07-30 14:00:00+00:00,CAL,California,WND,Wind,2970,megawatthours
2026-07-30 15:00:00+00:00,CAL,California,WND,Wind,2454,megawatthours
2026-07-30 16:00:00+00:00,CAL,California,WND,Wind,2101,megawatthours
2026-07-30 17:00:00+00:00,CAL,California,WND,Wind,1487,megawatthours
2026-07-30 18:00:00+00:00,CAL,California,WND,Wind,976,megawatthours
2026-07-30 19:00:00+00:00,CAL,California,WND,Wind,840,megawatthours
2026-07-30 20:00:00+00:00,CAL,California,WND,Wind,985,megawatthours
2026-07-30 21:00:00+00:00,CAL,California,WND,Wind,1144,megawatthours
2026-07-30 22:00:00+00:00,CAL,California,WND,Wind,1592,megawatthours
2026-07-30 23:00:00+00:00,CAL,California,WND,Wind,2263,megawatthours
2026-07-31 00:00:00+00:00,CAL,California,WND,Wind,2783,megawatthours
2026-07-31 01:00:00+00:00,CAL,California,WND,Wind,3670,megawatthours
2026-07-31 02:00:00+00:00,CAL,California,WND,Wind,4269,megawatthours
2026-07-31 03:00:00+00:00,CAL,California,WND,Wind,4207,megawatthours
2026-07-31 04:00:00+00:00,CAL,California,WND,Wind,4545,megawatthours
2026-07-31 05:00:00+00:00,CAL,California,WND,Wind,4714,megawatthours
2026-07-31 06:00:00+00:00,CAL,California,WND,Wind,4602,megawatthours
2026-07-31 07:00:00+00:00,CAL,California,WND,Wind,4848,megawatthours
2026-07-31 08:00:00+00:00,CAL,California,WND,Wind,4827,megawatthours
2026-07-31 09:00:00+00:00,CAL,California,WND,Wind,4818,megawatthours
2026-07-31 10:00:00+00:00,CAL,California,WND,Wind,5069,megawatthours
2026-07-31 11:00:00+00:00,CAL,California,WND,Wind,4811,megawatthours
2026-07-31 12:00:00+00:00,CAL,California,WND,Wind,4242,megawatthours
2026-07-31 13:00:00+00:00,CAL,California,WND,Wind,3579,megawatthours
2026-07-31 14:00:00+00:00,CAL,California,WND,Wind,2807,megawatthours
2026-07-31 15:00:00+00:00,CAL,California,WND,Wind,2323,megawatthours
2026-07-31 16:00:00+00:00,CAL,California,WND,Wind,2231,megawatthours
2026-07-31 17:00:00+00:00,CAL,California,WND,Wind,1972,megawatthours
2026-07-31 18:00:00+00:00,CAL,California,WND,Wind,1798,megawatthours
2026-07-31 19:00:00+00:00,CAL,California,WND,Wind,1470,megawatthours
2026-07-31 20:00:00+00:00,CAL,California,WND,Wind,1147,megawatthours
2026-07-31 21:00:00+00:00,CAL,California,WND,Wind,901,megawatthours
2026-07-31 22:00:00+00:00,CAL,California,WND,Wind,830,megawatthours
2026-07-31 23:00:00+00:00,CAL,California,WND,Wind,1056,megawatthours
2026-08-01 00:00:00+00:00,CAL,California,WND,Wind,1517,megawatthours
2026-08-01 01:00:00+00:00,CAL,California,WND,Wind,2374,megawatthours
2026-08-01 02:00:00+00:00,CAL,California,WND,Wind,4029,megawatthours
2026-08-01 03:00:00+00:00,CAL,California,WND,Wind,4326,megawatthours
2026-08-01 04:00:00+00:00,CAL,California,WND,Wind,5077,megawatthours
2026-08-01 05:00:00+00:00,CAL,California,WND,Wind,5192,megawatthours
2026-08-01 06:00:00+00:00,CAL,California,WND,Wind,4766,megawatthours
2026-08-01 07:00:00+00:00,CAL,California,WND,Wind,4729,megawatthours
2026-08-01 08:00:00+00:00,CAL,California,WND,Wind,4572,megawatthours
2026-08-01 09:00:00+00:00,CAL,California,WND,Wind,4214,megawatthours
2026-08-01 10:00:00+00:00,CAL,California,WND,Wind,3695,megawatthours
2026-08-01 11:00:00+00:00,CAL,California,WND,Wind,3052,megawatthours
2026-08-01 12:00:00+00:00,CAL,California,WND,Wind,2462,megawatthours
2026-08-01 13:00:00+00:00,CAL,California,WND,Wind,2014,megawatthours
2026-08-01 14:00:00+00:00,CAL,California,WND,Wind,1589,megawatthours
2026-08-01 15:00:00+00:00,CAL,California,WND,Wind,1035,megawatthours
2026-08-01 16:00:00+00:00,CAL,California,WND,Wind,583,megawatthours
2026-08-01 17:00:00+00:00,CAL,California,WND,Wind,500,megawatthours
2026-08-01 18:00:00+00:00,CAL,California,WND,Wind,480,megawatthours
2026-08-01 19:00:00+00:00,CAL,California,WND,Wind,461,megawatthours
2026-08-01 20:00:00+00:00,CAL,California,WND,Wind,684,megawatthours
2026-08-01 21:00:00+00:00,CAL,California,WND,Wind,992,megawatthours
2026-08-01 22:00:00+00:00,CAL,California,WND,Wind,1583,megawatthours
2026-08-01 23:00:00+00:00,CAL,California,WND,Wind,2123,megawatthours
2026-08-02 00:00:00+00:00,CAL,California,WND,Wind,2405,megawatthours
2026-08-02 01:00:00+00:00,CAL,California,WND,Wind,3501,megawatthours
2026-08-02 02:00:00+00:00,CAL,California,WND,Wind,3421,megawatthours
2026-08-02 03:00:00+00:00,CAL,California,WND,Wind,3343,megawatthours
2026-08-02 04:00:00+00:00,CAL,California,WND,Wind,4100,megawatthours
2026-08-02 05:00:00+00:00,CAL,California,WND,Wind,4831,megawatthours
2026-08-02 06:00:00+00:00,CAL,California,WND,Wind,4722,megawatthours
2026-08-02 07:00:00+00:00,CAL,California,WND,Wind,4437,megawatthours
2026-08-02 08:00:00+00:00,CAL,California,WND,Wind,4206,megawatthours
2026-08-02 09:00:00+00:00,CAL,California,WND,Wind,4143,megawatthours
2026-08-02 10:00:00+00:00,CAL,California,WND,Wind,4009,megawatthours
2026-08-02 11:00:00+00:00,CAL,California,WND,Wind,3773,megawatthours
2026-08-02 12:00:00+00:00,CAL,California,WND,Wind,3717,megawatthours
2026-08-02 13:00:00+00:00,CAL,California,WND,Wind,3431,megawatthours
2026-08-02 14:00:00+00:00,CAL,California,WND,Wind,2945,megawatthours
2026-08-02 15:00:00+00:00,CAL,California,WND,Wind,2362,megawatthours
2026-08-02 16:00:00+00:00,CAL,California,WND,Wind,1889,megawatthours
2026-08-02 17:00:00+00:00,CAL,California,WND,Wind,1708,megawatthours
2026-08-02 18:00:00+00:00,CAL,California,WND,Wind,1722,megawatthours
2026-08-02 19:00:00+00:00,CAL,California,WND,Wind,1618,megawatthours
2026-08-02 20:00:00+00:00,CAL,California,WND,Wind,1741,megawatthours
2026-08-02 21:00:00+00:00,CAL,California,WND,Wind,2123,megawatthours
2026-08-02 22:00:00+00:00,CAL,California,WND,Wind,2433,megawatthours
2026-08-02 23:00:00+00:00,CAL,California,WND,Wind,2602,megawatthours
2026-08-03 00:00:00+00:00,CAL,California,WND,Wind,2875,megawatthours
2026-08-03 01:00:00+00:00,CAL,California,WND,Wind,3362,megawatthours
2026-08-03 02:00:00+00:00,CAL,California,WND,Wind,3970,megawatthours
2026-08-03 03:00:00+00:00,CAL,California,WND,Wind,4406,megawatthours
2026-08-03 04:00:00+00:00,CAL,California,WND,Wind,4553,megawatthours
2026-08-03 05:00:00+00:00,CAL,California,WND,Wind,4775,megawatthours
2026-08-03 06:00:00+00:00,CAL,California,WND,Wind,4770,megawatthours
2026-08-03 07:00:00+00:00,CAL,California,WND,Wind,4493,megawatthours
2026-08-03 08:00:00+00:00,CAL,California,WND,Wind,4850,megawatthours
2026-08-03 09:00:00+00:00,CAL,California,WND,Wind,5411,megawatthours
2026-08-03 10:00:00+00:00,CAL,California,WND,Wind,5614,megawatthours
2026-08-03 11:00:00+00:00,CAL,California,WND,Wind,5373,megawatthours
2026-08-03 12:00:00+00:00,CAL,California,WND,Wind,4840,megawatthours
2026-08-03 13:00:00+00:00,CAL,California,WND,Wind,4481,megawatthours
2026-08-03 14:00:00+00:00,CAL,California,WND,Wind,4126,megawatthours
2026-08-03 15:00:00+00:00,CAL,California,WND,Wind,4111,megawatthours
2026-08-03 16:00:00+00:00,CAL,California,WND,Wind,3782,megawatthours
2026-08-03 17:00:00+00:00,CAL,California,WND,Wind,3462,megawatthours
2026-08-03 18:00:00+00:00,CAL,California,WND,Wind,3028,megawatthours
2026-08-03 19:00:00+00:00,CAL,California,WND,Wind,2863,megawatthours
2026-08-03 20:00:00+00:00,CAL,California,WND,Wind,2397,megawatthours
2026-08-03 21:00:00+00:00,CAL,California,WND,Wind,2387,megawatthours
2026-08-03 22:00:00+00:00,CAL,California,WND,Wind,2631,megawatthours
2026-08-03 23:00:00+00:00,CAL,California,WND,Wind,2792,megawatthours
2026-08-04 00:00:00+00:00,CAL,California,WND,Wind,3168,megawatthours
2026-08-04 01:00:00+00:00,CAL,California,WND,Wind,3513,megawatthours
2026-08-04 02:00:00+00:00,CAL,California,WND,Wind,4062,megawatthours
2026-08-04 03:00:00+00:00,CAL,California,WND,Wind,4348,megawatthours
2026-08-04 04:00:00+00:00,CAL,California,WND,Wind,4879,megawatthours
2026-08-04 05:00:00+00:00,CAL,California,WND,Wind,5171,megawatthours
2026-08-04 06:00:00+00:00,CAL,California,WND,Wind,5466,megawatthours
2026-08-04 07:00:00+00:00,CAL,California,WND,Wind,5404,megawatthours
2026-08-04 08:00:00+00:00,CAL,California,WND,Wind,5183,megawatthours
2026-08-04 09:00:00+00:00,CAL,California,WND,Wind,5034,megawatthours
2026-08-04 10:00:00+00:00,CAL,California,WND,Wind,4646,megawatthours
2026-08-04 11:00:00+00:00,CAL,California,WND,Wind,4234,megawatthours
2026-08-04 12:00:00+00:00,CAL,California,WND,Wind,4052,megawatthours
2026-08-04 13:00:00+00:00,CAL,California,WND,Wind,3811,megawatthours
2026-08-04 14:00:00+00:00,CAL,California,WND,Wind,3462,megawatthours
2026-08-04 15:00:00+00:00,CAL,California,WND,Wind,3004,megawatthours
2026-08-04 16:00:00+00:00,CAL,California,WND,Wind,2391,megawatthours
2026-08-04 17:00:00+00:00,CAL,California,WND,Wind,1872,megawatthours
2026-08-04 18:00:00+00:00,CAL,California,WND,Wind,1913,megawatthours
2026-08-04 19:00:00+00:00,CAL,California,WND,Wind,1809,megawatthours
2026-08-04 20:00:00+00:00,CAL,California,WND,Wind,1617,megawatthours
2026-08-04 21:00:00+00:00,CAL,California,WND,Wind,1688,megawatthours
2026-08-04 22:00:00+00:00,CAL,California,WND,Wind,2112,megawatthours
2026-08-04 23:00:00+00:00,CAL,California,WND,Wind,2784,megawatthours
2026-08-05 00:00:00+00:00,CAL,California,WND,Wind,3606,megawatthours
2026-08-05 01:00:00+00:00,CAL,California,WND,Wind,4376,megawatthours
2026-08-05 02:00:00+00:00,CAL,California,WND,Wind,4722,megawatthours
2026-08-05 03:00:00+00:00,CAL,California,WND,Wind,5079,megawatthours
2026-08-05 04:00:00+00:00,CAL,California,WND,Wind,5154,megawatthours
2026-08-05 05:00:00+00:00,CAL,California,WND,Wind,5594,megawatthours
2026-08-05 06:00:00+00:00,CAL,California,WND,Wind,5520,megawatthours
2026-08-05 07:00:00+00:00,CAL,California,WND,Wind,5122,megawatthours
2026-08-05 08:00:00+00:00,CAL,California,WND,Wind,4270,megawatthours
2026-08-05 09:00:00+00:00,CAL,California,WND,Wind,4267,megawatthours
2026-08-05 10:00:00+00:00,CAL,California,WND,Wind,4070,megawatthours
2026-08-05 11:00:00+00:00,CAL,California,WND,Wind,3190,megawatthours
2026-08-05 12:00:00+00:00,CAL,California,WND,Wind,2817,megawatthours
2026-08-05 13:00:00+00:00,CAL,California,WND,Wind,2741,megawatthours
2026-08-05 14:00:00+00:00,CAL,California,WND,Wind,2475,megawatthours
2026-08-05 15:00:00+00:00,CAL,California,WND,Wind,2071,megawatthours
2026-08-05 16:00:00+00:00,CAL,California,WND,Wind,1731,megawatthours
2026-08-05 17:00:00+00:00,CAL,California,WND,Wind,1411,megawatthours
2026-08-05 18:00:00+00:00,CAL,California,WND,Wind,1244,megawatthours
2026-08-05 19:00:00+00:00,CAL,California,WND,Wind,1363,megawatthours
2026-08-05 20:00:00+00:00,CAL,California,WND,Wind,1809,megawatthours
2026-08-05 21:00:00+00:00,CAL,California,WND,Wind,1917,megawatthours
2026-08-05 22:00:00+00:00,CAL,California,WND,Wind,2521,megawatthours
2026-08-05 23:00:00+00:00,CAL,California,WND,Wind,3453,megawatthours
2026-08-06 00:00:00+00:00,CAL,California,WND,Wind,3658,megawatthours
2026-08-06 01:00:00+00:00,CAL,California,WND,Wind,3944,megawatthours
2026-08-06 02:00:00+00:00,CAL,California,WND,Wind,4946,megawatthours
2026-08-06 03:00:00+00:00,CAL,California,WND,Wind,5811,megawatthours
2026-08-06 04:00:00+00:00,CAL,California,WND,Wind,5548,megawatthours
2026-08-06 05:00:00+00:00,CAL,California,WND,Wind,5275,megawatthours
2026-08-06 06:00:00+00:00,CAL,California,WND,Wind,5043,megawatthours
2026-08-06 07:00:00+00:00,CAL,California,WND,Wind,4422,megawatthours
2026-08-06 08:00:00+00:00,CAL,California,WND,Wind,4312,megawatthours
2026-08-06 09:00:00+00:00,CAL,California,WND,Wind,4197,megawatthours
2026-08-06 10:00:00+00:00,CAL,California,WND,Wind,4610,megawatthours
2026-08-06 11:00:00+00:00,CAL,California,WND,Wind,4653,megawatthours
2026-08-06 12:00:00+00:00,CAL,California,WND,Wind,4096,megawatthours
2026-08-06 13:00:00+00:00,CAL,California,WND,Wind,3518,megawatthours
2026-08-06 14:00:00+00:00,CAL,California,WND,Wind,3460,megawatthours
2026-08-06 15:00:00+00:00,CAL,California,WND,Wind,3342,megawatthours
2026-08-06 16:00:00+00:00,CAL,California,WND,Wind,2490,megawatthours
2026-08-06 17:00:00+00:00,CAL,California,WND,Wind,1818,megawatthours
2026-08-06 18:00:00+00:00,CAL,California,WND,Wind,1296,megawatthours
2026-08-06 19:00:00+00:00,CAL,California,WND,Wind,954,megawatthours
2026-08-06 20:00:00+00:00,CAL,California,WND,Wind,904,megawatthours
2026-08-06 21:00:00+00:00,CAL,California,WND,Wind,1219,megawatthours
2026-08-06 22:00:00+00:00,CAL,California,WND,Wind,1981,megawatthours
2026-08-06 23:00:00+00:00,CAL,California,WND,Wind,2846,megawatthours
2026-08-07 00:00:00+00:00,CAL,California,WND,Wind,2983,megawatthours
2026-08-07 01:00:00+00:00,CAL,California,WND,Wind,3596,megawatthours
2026-08-07 02:00:00+00:00,CAL,California,WND,Wind,3912,megawatthours
2026-08-07 03:00:00+00:00,CAL,California,WND,Wind,4604,megawatthours
2026-08-07 04:00:00+00:00,CAL,California,WND,Wind,6033,megawatthours
2026-08-07 05:00:00+00:00,CAL,California,WND,Wind,5386,megawatthours
2026-08-07 06:00:00+00:00,CAL,California,WND,Wind,4725,megawatthours
2026-08-07 07:00:00+00:00,CAL,California,WND,Wind,4507,megawatthours
2026-08-07 08:00:00+00:00,CAL,California,WND,Wind,4521,megawatthours
2026-08-07 09:00:00+00:00,CAL,California,WND,Wind,3785,megawatthours
2026-08-07 10:00:00+00:00,CAL,California,WND,Wind,3295,megawatthours
2026-08-07 11:00:00+00:00,CAL,California,WND,Wind,3195,megawatthours
2026-08-07 12:00:00+00:00,CAL,California,WND,Wind,2986,megawatthours
2026-08-07 13:00:00+00:00,CAL,California,WND,Wind,2533,megawatthours
2026-08-07 14:00:00+00:00,CAL,California,WND,Wind,1907,megawatthours
2026-08-07 15:00:00+00:00,CAL,California,WND,Wind,1548,megawatthours
2026-08-07 16:00:00+00:00,CAL,California,WND,Wind,1291,megawatthours
2026-08-07 17:00:00+00:00,CAL,California,WND,Wind,832,megawatthours
2026-08-07 18:00:00+00:00,CAL,California,WND,Wind,626,megawatthours
2026-08-07 19:00:00+00:00,CAL,California,WND,Wind,513,megawatthours
2026-08-07 20:00:00+00:00,CAL,California,WND,Wind,579,megawatthours
2026-08-07 21:00:00+00:00,CAL,California,WND,Wind,753,megawatthours
2026-08-07 22:00:00+00:00,CAL,California,WND,Wind,1170,megawatthours
2026-08-07 23:00:00+00:00,CAL,California,WND,Wind,2275,megawatthours
2026-08-08 00:00:00+00:00,CAL,California,WND,Wind,2781,megawatthours
2026-08-08 01:00:00+00:00,CAL,California,WND,Wind,3620,megawatthours
2026-08-08 02:00:00+00:00,CAL,California,WND,Wind,4451,megawatthours
2026-08-08 03:00:00+00:00,CAL,California,WND,Wind,5272,megawatthours
2026-08-08 04:00:00+00:00,CAL,California,WND,Wind,5584,megawatthours
2026-08-08 05:00:00+00:00,CAL,California,WND,Wind,5396,megawatthours
2026-08-08 06:00:00+00:00,CAL,California,WND,Wind,5330,megawatthours
2026-08-08 07:00:00+00:00,CAL,California,WND,Wind,5332,megawatthours
2026-08-08 08:00:00+00:00,CAL,California,WND,Wind,4446,megawatthours
2026-08-08 09:00:00+00:00,CAL,California,WND,Wind,3866,megawatthours
2026-08-08 10:00:00+00:00,CAL,California,WND,Wind,4320,megawatthours
2026-08-08 11:00:00+00:00,CAL,California,WND,Wind,3977,megawatthours
2026-08-08 12:00:00+00:00,CAL,California,WND,Wind,3260,megawatthours
2026-08-08 13:00:00+00:00,CAL,California,WND,Wind,2711,megawatthours
2026-08-08 14:00:00+00:00,CAL,California,WND,Wind,2659,megawatthours
2026-08-08 15:00:00+00:00,CAL,California,WND,Wind,2223,megawatthours
2026-08-08 16:00:00+00:00,CAL,California,WND,Wind,1487,megawatthours
2026-08-08 17:00:00+00:00,CAL,California,WND,Wind,1098,megawatthours
2026-08-08 18:00:00+00:00,CAL,California,WND,Wind,834,megawatthours
2026-08-08 19:00:00+00:00,CAL,California,WND,Wind,662,megawatthours
2026-08-08 20:00:00+00:00,CAL,California,WND,Wind,834,megawatthours
2026-08-08 21:00:00+00:00,CAL,California,WND,Wind,1247,megawatthours
2026-08-08 22:00:00+00:00,CAL,California,WND,Wind,1528,megawatthours
2026-08-08 23:00:00+00:00,CAL,California,WND,Wind,1838,megawatthours
2026-08-09 00:00:00+00:00,CAL,California,WND,Wind,2713,megawatthours
2026-08-09 01:00:00+00:00,CAL,California,WND,Wind,3574,megawatthours
2026-08-09 02:00:00+00:00,CAL,California,WND,Wind,4407,megawatthours
2026-08-09 03:00:00+00:00,CAL,California,WND,Wind,5096,megawatthours
2026-08-09 04:00:00+00:00,CAL,California,WND,Wind,5490,megawatthours
2026-08-09 05:00:00+00:00,CAL,California,WND,Wind,5025,megawatthours
2026-08-09 06:00:00+00:00,CAL,California,WND,Wind,5055,megawatthours
2026-08-09 07:00:00+00:00,CAL,California,WND,Wind,5069,megawatthours
2026-08-09 08:00:00+00:00,CAL,California,WND,Wind,4845,megawatthours
2026-08-09 09:00:00+00:00,CAL,California,WND,Wind,4658,megawatthours
2026-08-09 10:00:00+00:00,CAL,California,WND,Wind,4742,megawatthours
2026-08-09 11:00:00+00:00,CAL,California,WND,Wind,4263,megawatthours
2026-08-09 12:00:00+00:00,CAL,California,WND,Wind,3854,megawatthours
2026-08-09 13:00:00+00:00,CAL,California,WND,Wind,3231,megawatthours
2026-08-09 14:00:00+00:00,CAL,California,WND,Wind,2792,megawatthours
2026-08-09 15:00:00+00:00,CAL,California,WND,Wind,2279,megawatthours
2026-08-09 16:00:00+00:00,CAL,California,WND,Wind,2047,megawatthours
2026-08-09 17:00:00+00:00,CAL,California,WND,Wind,1875,megawatthours
2026-08-09 18:00:00+00:00,CAL,California,WND,Wind,1334,megawatthours
2026-08-09 19:00:00+00:00,CAL,California,WND,Wind,897,megawatthours
2026-08-09 20:00:00+00:00,CAL,California,WND,Wind,695,megawatthours
2026-08-09 21:00:00+00:00,CAL,California,WND,Wind,806,megawatthours
2026-08-09 22:00:00+00:00,CAL,California,WND,Wind,1197,megawatthours
2026-08-09 23:00:00+00:00,CAL,California,WND,Wind,1951,megawatthours
2026-08-10 00:00:00+00:00,CAL,California,WND,Wind,2883,megawatthours
