period,respondent,respondent-name,type,type-name,value,value-units
2025-01-01 00:00:00+00:00,CAL,California,D,Demand,28915,megawatthours
2025-01-01 01:00:00+00:00,CAL,California,D,Demand,27516,megawatthours
2025-01-01 02:00:00+00:00,CAL,California,D,Demand,29489,megawatthours
2025-01-01 03:00:00+00:00,CAL,California,D,Demand,31525,megawatthours
2025-01-01 04:00:00+00:00,CAL,California,D,Demand,30895,megawatthours
2025-01-01 05:00:00+00:00,CAL,California,D,Demand,30058,megawatthours
2025-01-01 06:00:00+00:00,CAL,California,D,Demand,29178,megawatthours
2025-01-01 07:00:00+00:00,CAL,California,D,Demand,28433,megawatthours
2025-01-01 08:00:00+00:00,CAL,California,D,Demand,27449,megawatthours
2025-01-01 09:00:00+00:00,CAL,California,D,Demand,26489,megawatthours
2025-01-01 10:00:00+00:00,CAL,California,D,Demand,26057,megawatthours
2025-01-01 11:00:00+00:00,CAL,California,D,Demand,25320,megawatthours
2025-01-01 12:00:00+00:00,CAL,California,D,Demand,24497,megawatthours
2025-01-01 13:00:00+00:00,CAL,California,D,Demand,24085,megawatthours
2025-01-01 14:00:00+00:00,CAL,California,D,Demand,24142,megawatthours
2025-01-01 15:00:00+00:00,CAL,California,D,Demand,24534,megawatthours
2025-01-01 16:00:00+00:00,CAL,California,D,Demand,25173,megawatthours
2025-01-01 17:00:00+00:00,CAL,California,D,Demand,25968,megawatthours
2025-01-01 18:00:00+00:00,CAL,California,D,Demand,27602,megawatthours
2025-01-01 19:00:00+00:00,CAL,California,D,Demand,29235,megawatthours
2025-01-01 20:00:00+00:00,CAL,California,D,Demand,28292,megawatthours
2025-01-01 21:00:00+00:00,CAL,California,D,Demand,27806,megawatthours
2025-01-01 22:00:00+00:00,CAL,California,D,Demand,28189,megawatthours
2025-01-01 23:00:00+00:00,CAL,California,D,Demand,27994,megawatthours
2025-01-02 00:00:00+00:00,CAL,California,D,Demand,27377,megawatthours
2025-01-02 01:00:00+00:00,CAL,California,D,Demand,26459,megawatthours
2025-01-02 02:00:00+00:00,CAL,California,D,Demand,28374,megawatthours
2025-01-02 03:00:00+00:00,CAL,California,D,Demand,30147,megawatthours
2025-01-02 04:00:00+00:00,CAL,California,D,Demand,30173,megawatthours
2025-01-02 05:00:00+00:00,CAL,California,D,Demand,29833,megawatthours
2025-01-02 06:00:00+00:00,CAL,California,D,Demand,29248,megawatthours
2025-01-02 07:00:00+00:00,CAL,California,D,Demand,28679,megawatthours
2025-01-02 08:00:00+00:00,CAL,California,D,Demand,27343,megawatthours
2025-01-02 09:00:00+00:00,CAL,California,D,Demand,26004,megawatthours
2025-01-02 10:00:00+00:00,CAL,California,D,Demand,25189,megawatthours
2025-01-02 11:00:00+00:00,CAL,California,D,Demand,24554,megawatthours
2025-01-02 12:00:00+00:00,CAL,California,D,Demand,23997,megawatthours
2025-01-02 13:00:00+00:00,CAL,California,D,Demand,24273,megawatthours
2025-01-02 14:00:00+00:00,CAL,California,D,Demand,24788,megawatthours
2025-01-02 15:00:00+00:00,CAL,California,D,Demand,26421,megawatthours
2025-01-02 16:00:00+00:00,CAL,California,D,Demand,28535,megawatthours
2025-01-02 17:00:00+00:00,CAL,California,D,Demand,30041,megawatthours
2025-01-02 18:00:00+00:00,CAL,California,D,Demand,31893,megawatthours
2025-01-02 19:00:00+00:00,CAL,California,D,Demand,32551,megawatthours
2025-01-02 20:00:00+00:00,CAL,California,D,Demand,31720,megawatthours
2025-01-02 21:00:00+00:00,CAL,California,D,Demand,31672,megawatthours
2025-01-02 22:00:00+00:00,CAL,California,D,Demand,31086,megawatthours
2025-01-02 23:00:00+00:00,CAL,California,D,Demand,30667,megawatthours
2025-01-03 00:00:00+00:00,CAL,California,D,Demand,30272,megawatthours
2025-01-03 01:00:00+00:00,CAL,California,D,Demand,28988,megawatthours
2025-01-03 02:00:00+00:00,CAL,California,D,Demand,30790,megawatthours
2025-01-03 03:00:00+00:00,CAL,California,D,Demand,32492,megawatthours
2025-01-03 04:00:00+00:00,CAL,California,D,Demand,32091,megawatthours
2025-01-03 05:00:00+00:00,CAL,California,D,Demand,31646,megawatthours
2025-01-03 06:00:00+00:00,CAL,California,D,Demand,31031,megawatthours
2025-01-03 07:00:00+00:00,CAL,California,D,Demand,30064,megawatthours
2025-01-03 08:00:00+00:00,CAL,California,D,Demand,28490,megawatthours
2025-01-03 09:00:00+00:00,CAL,California,D,Demand,26984,megawatthours
2025-01-03 10:00:00+00:00,CAL,California,D,Demand,26784,megawatthours
2025-01-03 11:00:00+00:00,CAL,California,D,Demand,26440,megawatthours
2025-01-03 12:00:00+00:00,CAL,California,D,Demand,25638,megawatthours
2025-01-03 13:00:00+00:00,CAL,California,D,Demand,25364,megawatthours
2025-01-03 14:00:00+00:00,CAL,California,D,Demand,25494,megawatthours
2025-01-03 15:00:00+00:00,CAL,California,D,Demand,26612,megawatthours
2025-01-03 16:00:00+00:00,CAL,California,D,Demand,28615,megawatthours
2025-01-03 17:00:00+00:00,CAL,California,D,Demand,29654,megawatthours
2025-01-03 18:00:00+00:00,CAL,California,D,Demand,30333,megawatthours
2025-01-03 19:00:00+00:00,CAL,California,D,Demand,31126,megawatthours
2025-01-03 20:00:00+00:00,CAL,California,D,Demand,31620,megawatthours
2025-01-03 21:00:00+00:00,CAL,California,D,Demand,32828,megawatthours
2025-01-03 22:00:00+00:00,CAL,California,D,Demand,32275,megawatthours
2025-01-03 23:00:00+00:00,CAL,California,D,Demand,31804,megawatthours
2025-01-04 00:00:00+00:00,CAL,California,D,Demand,31416,megawatthours
2025-01-04 01:00:00+00:00,CAL,California,D,Demand,30307,megawatthours
2025-01-04 02:00:00+00:00,CAL,California,D,Demand,30847,megawatthours
2025-01-04 03:00:00+00:00,CAL,California,D,Demand,32347,megawatthours
2025-01-04 04:00:00+00:00,CAL,California,D,Demand,32257,megawatthours
2025-01-04 05:00:00+00:00,CAL,California,D,Demand,32151,megawatthours
2025-01-04 06:00:00+00:00,CAL,California,D,Demand,31392,megawatthours
2025-01-04 07:00:00+00:00,CAL,California,D,Demand,30660,megawatthours
2025-01-04 08:00:00+00:00,CAL,California,D,Demand,29316,megawatthours
2025-01-04 09:00:00+00:00,CAL,California,D,Demand,28206,megawatthours
2025-01-04 10:00:00+00:00,CAL,California,D,Demand,27198,megawatthours
2025-01-04 11:00:00+00:00,CAL,California,D,Demand,26743,megawatthours
2025-01-04 12:00:00+00:00,CAL,California,D,Demand,25465,megawatthours
2025-01-04 13:00:00+00:00,CAL,California,D,Demand,25094,megawatthours
2025-01-04 14:00:00+00:00,CAL,California,D,Demand,24956,megawatthours
2025-01-04 15:00:00+00:00,CAL,California,D,Demand,25600,megawatthours
2025-01-04 16:00:00+00:00,CAL,California,D,Demand,26719,megawatthours
2025-01-04 17:00:00+00:00,CAL,California,D,Demand,27611,megawatthours
2025-01-04 18:00:00+00:00,CAL,California,D,Demand,30005,megawatthours
2025-01-04 19:00:00+00:00,CAL,California,D,Demand,31061,megawatthours
2025-01-04 20:00:00+00:00,CAL,California,D,Demand,29698,megawatthours
2025-01-04 21:00:00+00:00,CAL,California,D,Demand,28581,megawatthours
2025-01-04 22:00:00+00:00,CAL,California,D,Demand,28351,megawatthours
2025-01-04 23:00:00+00:00,CAL,California,D,Demand,27724,megawatthours
2025-01-05 00:00:00+00:00,CAL,California,D,Demand,27991,megawatthours
2025-01-05 01:00:00+00:00,CAL,California,D,Demand,27008,megawatthours
2025-01-05 02:00:00+00:00,CAL,California,D,Demand,28891,megawatthours
2025-01-05 03:00:00+00:00,CAL,California,D,Demand,31290,megawatthours
2025-01-05 04:00:00+00:00,CAL,California,D,Demand,31383,megawatthours
2025-01-05 05:00:00+00:00,CAL,California,D,Demand,30922,megawatthours
2025-01-05 06:00:00+00:00,CAL,California,D,Demand,30127,megawatthours
2025-01-05 07:00:00+00:00,CAL,California,D,Demand,29429,megawatthours
2025-01-05 08:00:00+00:00,CAL,California,D,Demand,28438,megawatthours
2025-01-05 09:00:00+00:00,CAL,California,D,Demand,27411,megawatthours
2025-01-05 10:00:00+00:00,CAL,California,D,Demand,26561,megawatthours
2025-01-05 11:00:00+00:00,CAL,California,D,Demand,25796,megawatthours
2025-01-05 12:00:00+00:00,CAL,California,D,Demand,24861,megawatthours
2025-01-05 13:00:00+00:00,CAL,California,D,Demand,24573,megawatthours
2025-01-05 14:00:00+00:00,CAL,California,D,Demand,24638,megawatthours
2025-01-05 15:00:00+00:00,CAL,California,D,Demand,25240,megawatthours
2025-01-05 16:00:00+00:00,CAL,California,D,Demand,26064,megawatthours
2025-01-05 17:00:00+00:00,CAL,California,D,Demand,27011,megawatthours
2025-01-05 18:00:00+00:00,CAL,California,D,Demand,28364,megawatthours
2025-01-05 19:00:00+00:00,CAL,California,D,Demand,28447,megawatthours
2025-01-05 20:00:00+00:00,CAL,California,D,Demand,27985,megawatthours
2025-01-05 21:00:00+00:00,CAL,California,D,Demand,27410,megawatthours
2025-01-05 22:00:00+00:00,CAL,California,D,Demand,27797,megawatthours
2025-01-05 23:00:00+00:00,CAL,California,D,Demand,27443,megawatthours
2025-01-06 00:00:00+00:00,CAL,California,D,Demand,27078,megawatthours
2025-01-06 01:00:00+00:00,CAL,California,D,Demand,26096,megawatthours
2025-01-06 02:00:00+00:00,CAL,California,D,Demand,27846,megawatthours
2025-01-06 03:00:00+00:00,CAL,California,D,Demand,30231,megawatthours
2025-01-06 04:00:00+00:00,CAL,California,D,Demand,30453,megawatthours
2025-01-06 05:00:00+00:00,CAL,California,D,Demand,30154,megawatthours
2025-01-06 06:00:00+00:00,CAL,California,D,Demand,29524,megawatthours
2025-01-06 07:00:00+00:00,CAL,California,D,Demand,28896,megawatthours
2025-01-06 08:00:00+00:00,CAL,California,D,Demand,27288,megawatthours
2025-01-06 09:00:00+00:00,CAL,California,D,Demand,26022,megawatthours
2025-01-06 10:00:00+00:00,CAL,California,D,Demand,25557,megawatthours
2025-01-06 11:00:00+00:00,CAL,California,D,Demand,25198,megawatthours
2025-01-06 12:00:00+00:00,CAL,California,D,Demand,24294,megawatthours
2025-01-06 13:00:00+00:00,CAL,California,D,Demand,24132,megawatthours
2025-01-06 14:00:00+00:00,CAL,California,D,Demand,24928,megawatthours
2025-01-06 15:00:00+00:00,CAL,California,D,Demand,26957,megawatthours
2025-01-06 16:00:00+00:00,CAL,California,D,Demand,29372,megawatthours
2025-01-06 17:00:00+00:00,CAL,California,D,Demand,31180,megawatthours
2025-01-06 18:00:00+00:00,CAL,California,D,Demand,31746,megawatthours
2025-01-06 19:00:00+00:00,CAL,California,D,Demand,31427,megawatthours
2025-01-06 20:00:00+00:00,CAL,California,D,Demand,30773,megawatthours
2025-01-06 21:00:00+00:00,CAL,California,D,Demand,30764,megawatthours
2025-01-06 22:00:00+00:00,CAL,California,D,Demand,30872,megawatthours
2025-01-06 23:00:00+00:00,CAL,California,D,Demand,30186,megawatthours
2025-01-07 00:00:00+00:00,CAL,California,D,Demand,30089,megawatthours
2025-01-07 01:00:00+00:00,CAL,California,D,Demand,29510,megawatthours
2025-01-07 02:00:00+00:00,CAL,California,D,Demand,30601,megawatthours
2025-01-07 03:00:00+00:00,CAL,California,D,Demand,32592,megawatthours
2025-01-07 04:00:00+00:00,CAL,California,D,Demand,32469,megawatthours
2025-01-07 05:00:00+00:00,CAL,California,D,Demand,32128,megawatthours
2025-01-07 06:00:00+00:00,CAL,California,D,Demand,31269,megawatthours
2025-01-07 07:00:00+00:00,CAL,California,D,Demand,30310,megawatthours
2025-01-07 08:00:00+00:00,CAL,California,D,Demand,29447,megawatthours
2025-01-07 09:00:00+00:00,CAL,California,D,Demand,27829,megawatthours
2025-01-07 10:00:00+00:00,CAL,California,D,Demand,26734,megawatthours
2025-01-07 11:00:00+00:00,CAL,California,D,Demand,26013,megawatthours
2025-01-07 12:00:00+00:00,CAL,California,D,Demand,25086,megawatthours
2025-01-07 13:00:00+00:00,CAL,California,D,Demand,24927,megawatthours
2025-01-07 14:00:00+00:00,CAL,California,D,Demand,25649,megawatthours
2025-01-07 15:00:00+00:00,CAL,California,D,Demand,27344,megawatthours
2025-01-07 16:00:00+00:00,CAL,California,D,Demand,29661,megawatthours
2025-01-07 17:00:00+00:00,CAL,California,D,Demand,31112,megawatthours
2025-01-07 18:00:00+00:00,CAL,California,D,Demand,31139,megawatthours
2025-01-07 19:00:00+00:00,CAL,California,D,Demand,30913,megawatthours
2025-01-07 20:00:00+00:00,CAL,California,D,Demand,30441,megawatthours
2025-01-07 21:00:00+00:00,CAL,California,D,Demand,30488,megawatthours
2025-01-07 22:00:00+00:00,CAL,California,D,Demand,29699,megawatthours
2025-01-07 23:00:00+00:00,CAL,California,D,Demand,29399,megawatthours
2025-01-08 00:00:00+00:00,CAL,California,D,Demand,29484,megawatthours
2025-01-08 01:00:00+00:00,CAL,California,D,Demand,29247,megawatthours
2025-01-08 02:00:00+00:00,CAL,California,D,Demand,30535,megawatthours
2025-01-08 03:00:00+00:00,CAL,California,D,Demand,32570,megawatthours
2025-01-08 04:00:00+00:00,CAL,California,D,Demand,32511,megawatthours
2025-01-08 05:00:00+00:00,CAL,California,D,Demand,31965,megawatthours
2025-01-08 06:00:00+00:00,CAL,California,D,Demand,31027,megawatthours
2025-01-08 07:00:00+00:00,CAL,California,D,Demand,29949,megawatthours
2025-01-08 08:00:00+00:00,CAL,California,D,Demand,28316,megawatthours
2025-01-08 09:00:00+00:00,CAL,California,D,Demand,26758,megawatthours
2025-01-08 10:00:00+00:00,CAL,California,D,Demand,26045,megawatthours
2025-01-08 11:00:00+00:00,CAL,California,D,Demand,25249,megawatthours
2025-01-08 12:00:00+00:00,CAL,California,D,Demand,24604,megawatthours
2025-01-08 13:00:00+00:00,CAL,California,D,Demand,24531,megawatthours
2025-01-08 14:00:00+00:00,CAL,California,D,Demand,24661,megawatthours
2025-01-08 15:00:00+00:00,CAL,California,D,Demand,26189,megawatthours
2025-01-08 16:00:00+00:00,CAL,California,D,Demand,28274,megawatthours
2025-01-08 17:00:00+00:00,CAL,California,D,Demand,29727,megawatthours
2025-01-08 18:00:00+00:00,CAL,California,D,Demand,29624,megawatthours
2025-01-08 19:00:00+00:00,CAL,California,D,Demand,29209,megawatthours
2025-01-08 20:00:00+00:00,CAL,California,D,Demand,29529,megawatthours
2025-01-08 21:00:00+00:00,CAL,California,D,Demand,28713,megawatthours
2025-01-08 22:00:00+00:00,CAL,California,D,Demand,28599,megawatthours
2025-01-08 23:00:00+00:00,CAL,California,D,Demand,28633,megawatthours
2025-01-09 00:00:00+00:00,CAL,California,D,Demand,29157,megawatthours
2025-01-09 01:00:00+00:00,CAL,California,D,Demand,28417,megawatthours
2025-01-09 02:00:00+00:00,CAL,California,D,Demand,29272,megawatthours
2025-01-09 03:00:00+00:00,CAL,California,D,Demand,31107,megawatthours
2025-01-09 04:00:00+00:00,CAL,California,D,Demand,31319,megawatthours
2025-01-09 05:00:00+00:00,CAL,California,D,Demand,31080,megawatthours
2025-01-09 06:00:00+00:00,CAL,California,D,Demand,30544,megawatthours
2025-01-09 07:00:00+00:00,CAL,California,D,Demand,29731,megawatthours
2025-01-09 08:00:00+00:00,CAL,California,D,Demand,28153,megawatthours
2025-01-09 09:00:00+00:00,CAL,California,D,Demand,26832,megawatthours
2025-01-09 10:00:00+00:00,CAL,California,D,Demand,26240,megawatthours
2025-01-09 11:00:00+00:00,CAL,California,D,Demand,25437,megawatthours
2025-01-09 12:00:00+00:00,CAL,California,D,Demand,25013,megawatthours
2025-01-09 13:00:00+00:00,CAL,California,D,Demand,24736,megawatthours
2025-01-09 14:00:00+00:00,CAL,California,D,Demand,25320,megawatthours
2025-01-09 15:00:00+00:00,CAL,California,D,Demand,26963,megawatthours
2025-01-09 16:00:00+00:00,CAL,California,D,Demand,29529,megawatthours
2025-01-09 17:00:00+00:00,CAL,California,D,Demand,31156,megawatthours
2025-01-09 18:00:00+00:00,CAL,California,D,Demand,31971,megawatthours
2025-01-09 19:00:00+00:00,CAL,California,D,Demand,30919,megawatthours
2025-01-09 20:00:00+00:00,CAL,California,D,Demand,29549,megawatthours
2025-01-09 21:00:00+00:00,CAL,California,D,Demand,28896,megawatthours
2025-01-09 22:00:00+00:00,CAL,California,D,Demand,29050,megawatthours
2025-01-09 23:00:00+00:00,CAL,California,D,Demand,28655,megawatthours
2025-01-10 00:00:00+00:00,CAL,California,D,Demand,28202,megawatthours
2025-01-10 01:00:00+00:00,CAL,California,D,Demand,28135,megawatthours
2025-01-10 02:00:00+00:00,CAL,California,D,Demand,30172,megawatthours
2025-01-10 03:00:00+00:00,CAL,California,D,Demand,31423,megawatthours
2025-01-10 04:00:00+00:00,CAL,California,D,Demand,31608,megawatthours
2025-01-10 05:00:00+00:00,CAL,California,D,Demand,31393,megawatthours
2025-01-10 06:00:00+00:00,CAL,California,D,Demand,30558,megawatthours
2025-01-10 07:00:00+00:00,CAL,California,D,Demand,29744,megawatthours
2025-01-10 08:00:00+00:00,CAL,California,D,Demand,28218,megawatthours
2025-01-10 09:00:00+00:00,CAL,California,D,Demand,26859,megawatthours
2025-01-10 10:00:00+00:00,CAL,California,D,Demand,26567,megawatthours
2025-01-10 11:00:00+00:00,CAL,California,D,Demand,25636,megawatthours
2025-01-10 12:00:00+00:00,CAL,California,D,Demand,24825,megawatthours
2025-01-10 13:00:00+00:00,CAL,California,D,Demand,24628,megawatthours
2025-01-10 14:00:00+00:00,CAL,California,D,Demand,25068,megawatthours
2025-01-10 15:00:00+00:00,CAL,California,D,Demand,26737,megawatthours
2025-01-10 16:00:00+00:00,CAL,California,D,Demand,28782,megawatthours
2025-01-10 17:00:00+00:00,CAL,California,D,Demand,30391,megawatthours
2025-01-10 18:00:00+00:00,CAL,California,D,Demand,30673,megawatthours
2025-01-10 19:00:00+00:00,CAL,California,D,Demand,30896,megawatthours
2025-01-10 20:00:00+00:00,CAL,California,D,Demand,29876,megawatthours
2025-01-10 21:00:00+00:00,CAL,California,D,Demand,28839,megawatthours
2025-01-10 22:00:00+00:00,CAL,California,D,Demand,28803,megawatthours
2025-01-10 23:00:00+00:00,CAL,California,D,Demand,28400,megawatthours
2025-01-11 00:00:00+00:00,CAL,California,D,Demand,28723,megawatthours
2025-01-11 01:00:00+00:00,CAL,California,D,Demand,28198,megawatthours
2025-01-11 02:00:00+00:00,CAL,California,D,Demand,29766,megawatthours
2025-01-11 03:00:00+00:00,CAL,California,D,Demand,31526,megawatthours
2025-01-11 04:00:00+00:00,CAL,California,D,Demand,31202,megawatthours
2025-01-11 05:00:00+00:00,CAL,California,D,Demand,30902,megawatthours
2025-01-11 06:00:00+00:00,CAL,California,D,Demand,30398,megawatthours
2025-01-11 07:00:00+00:00,CAL,California,D,Demand,29865,megawatthours
2025-01-11 08:00:00+00:00,CAL,California,D,Demand,28592,megawatthours
2025-01-11 09:00:00+00:00,CAL,California,D,Demand,27582,megawatthours
2025-01-11 10:00:00+00:00,CAL,California,D,Demand,26845,megawatthours
2025-01-11 11:00:00+00:00,CAL,California,D,Demand,25851,megawatthours
2025-01-11 12:00:00+00:00,CAL,California,D,Demand,24957,megawatthours
2025-01-11 13:00:00+00:00,CAL,California,D,Demand,24647,megawatthours
2025-01-11 14:00:00+00:00,CAL,California,D,Demand,24871,megawatthours
2025-01-11 15:00:00+00:00,CAL,California,D,Demand,25671,megawatthours
2025-01-11 16:00:00+00:00,CAL,California,D,Demand,26769,megawatthours
2025-01-11 17:00:00+00:00,CAL,California,D,Demand,27475,megawatthours
2025-01-11 18:00:00+00:00,CAL,California,D,Demand,28229,megawatthours
2025-01-11 19:00:00+00:00,CAL,California,D,Demand,29519,megawatthours
2025-01-11 20:00:00+00:00,CAL,California,D,Demand,28913,megawatthours
2025-01-11 21:00:00+00:00,CAL,California,D,Demand,28112,megawatthours
2025-01-11 22:00:00+00:00,CAL,California,D,Demand,26889,megawatthours
2025-01-11 23:00:00+00:00,CAL,California,D,Demand,26771,megawatthours
2025-01-12 00:00:00+00:00,CAL,California,D,Demand,26159,megawatthours
2025-01-12 01:00:00+00:00,CAL,California,D,Demand,25619,megawatthours
2025-01-12 02:00:00+00:00,CAL,California,D,Demand,27658,megawatthours
2025-01-12 03:00:00+00:00,CAL,California,D,Demand,29729,megawatthours
2025-01-12 04:00:00+00:00,CAL,California,D,Demand,29931,megawatthours
2025-01-12 05:00:00+00:00,CAL,California,D,Demand,29490,megawatthours
2025-01-12 06:00:00+00:00,CAL,California,D,Demand,28957,megawatthours
2025-01-12 07:00:00+00:00,CAL,California,D,Demand,28321,megawatthours
2025-01-12 08:00:00+00:00,CAL,California,D,Demand,27163,megawatthours
2025-01-12 09:00:00+00:00,CAL,California,D,Demand,26103,megawatthours
2025-01-12 10:00:00+00:00,CAL,California,D,Demand,25553,megawatthours
2025-01-12 11:00:00+00:00,CAL,California,D,Demand,24756,megawatthours
2025-01-12 12:00:00+00:00,CAL,California,D,Demand,24310,megawatthours
2025-01-12 13:00:00+00:00,CAL,California,D,Demand,24028,megawatthours
2025-01-12 14:00:00+00:00,CAL,California,D,Demand,23808,megawatthours
2025-01-12 15:00:00+00:00,CAL,California,D,Demand,24293,megawatthours
2025-01-12 16:00:00+00:00,CAL,California,D,Demand,25364,megawatthours
2025-01-12 17:00:00+00:00,CAL,California,D,Demand,26060,megawatthours
2025-01-12 18:00:00+00:00,CAL,California,D,Demand,26767,megawatthours
2025-01-12 19:00:00+00:00,CAL,California,D,Demand,27070,megawatthours
2025-01-12 20:00:00+00:00,CAL,California,D,Demand,26077,megawatthours
2025-01-12 21:00:00+00:00,CAL,California,D,Demand,25486,megawatthours
2025-01-12 22:00:00+00:00,CAL,California,D,Demand,25290,megawatthours
2025-01-12 23:00:00+00:00,CAL,California,D,Demand,25592,megawatthours
2025-01-13 00:00:00+00:00,CAL,California,D,Demand,25770,megawatthours
2025-01-13 01:00:00+00:00,CAL,California,D,Demand,25355,megawatthours
2025-01-13 02:00:00+00:00,CAL,California,D,Demand,27190,megawatthours
2025-01-13 03:00:00+00:00,CAL,California,D,Demand,29797,megawatthours
2025-01-13 04:00:00+00:00,CAL,California,D,Demand,30294,megawatthours
2025-01-13 05:00:00+00:00,CAL,California,D,Demand,29998,megawatthours
2025-01-13 06:00:00+00:00,CAL,California,D,Demand,29425,megawatthours
2025-01-13 07:00:00+00:00,CAL,California,D,Demand,28735,megawatthours
2025-01-13 08:00:00+00:00,CAL,California,D,Demand,27200,megawatthours
2025-01-13 09:00:00+00:00,CAL,California,D,Demand,26137,megawatthours
2025-01-13 10:00:00+00:00,CAL,California,D,Demand,25996,megawatthours
2025-01-13 11:00:00+00:00,CAL,California,D,Demand,25354,megawatthours
2025-01-13 12:00:00+00:00,CAL,California,D,Demand,25160,megawatthours
2025-01-13 13:00:00+00:00,CAL,California,D,Demand,25248,megawatthours
2025-01-13 14:00:00+00:00,CAL,California,D,Demand,25683,megawatthours
2025-01-13 15:00:00+00:00,CAL,California,D,Demand,27771,megawatthours
2025-01-13 16:00:00+00:00,CAL,California,D,Demand,30415,megawatthours
2025-01-13 17:00:00+00:00,CAL,California,D,Demand,32312,megawatthours
2025-01-13 18:00:00+00:00,CAL,California,D,Demand,32346,megawatthours
2025-01-13 19:00:00+00:00,CAL,California,D,Demand,31611,megawatthours
2025-01-13 20:00:00+00:00,CAL,California,D,Demand,30234,megawatthours
2025-01-13 21:00:00+00:00,CAL,California,D,Demand,29549,megawatthours
2025-01-13 22:00:00+00:00,CAL,California,D,Demand,28854,megawatthours
2025-01-13 23:00:00+00:00,CAL,California,D,Demand,29214,megawatthours
2025-01-14 00:00:00+00:00,CAL,California,D,Demand,29707,megawatthours
2025-01-14 01:00:00+00:00,CAL,California,D,Demand,28687,megawatthours
2025-01-14 02:00:00+00:00,CAL,California,D,Demand,30208,megawatthours
2025-01-14 03:00:00+00:00,CAL,California,D,Demand,32470,megawatthours
2025-01-14 04:00:00+00:00,CAL,California,D,Demand,32790,megawatthours
2025-01-14 05:00:00+00:00,CAL,California,D,Demand,32248,megawatthours
2025-01-14 06:00:00+00:00,CAL,California,D,Demand,31547,megawatthours
2025-01-14 07:00:00+00:00,CAL,California,D,Demand,30717,megawatthours
2025-01-14 08:00:00+00:00,CAL,California,D,Demand,28954,megawatthours
2025-01-14 09:00:00+00:00,CAL,California,D,Demand,27293,megawatthours
2025-01-14 10:00:00+00:00,CAL,California,D,Demand,27156,megawatthours
2025-01-14 11:00:00+00:00,CAL,California,D,Demand,26580,megawatthours
2025-01-14 12:00:00+00:00,CAL,California,D,Demand,26176,megawatthours
2025-01-14 13:00:00+00:00,CAL,California,D,Demand,26154,megawatthours
2025-01-14 14:00:00+00:00,CAL,California,D,Demand,26719,megawatthours
2025-01-14 15:00:00+00:00,CAL,California,D,Demand,28748,megawatthours
2025-01-14 16:00:00+00:00,CAL,California,D,Demand,31749,megawatthours
2025-01-14 17:00:00+00:00,CAL,California,D,Demand,33316,megawatthours
2025-01-14 18:00:00+00:00,CAL,California,D,Demand,33794,megawatthours
2025-01-14 19:00:00+00:00,CAL,California,D,Demand,32976,megawatthours
2025-01-14 20:00:00+00:00,CAL,California,D,Demand,31703,megawatthours
2025-01-14 21:00:00+00:00,CAL,California,D,Demand,30355,megawatthours
2025-01-14 22:00:00+00:00,CAL,California,D,Demand,29948,megawatthours
2025-01-14 23:00:00+00:00,CAL,California,D,Demand,30242,megawatthours
2025-01-15 00:00:00+00:00,CAL,California,D,Demand,30000,megawatthours
2025-01-15 01:00:00+00:00,CAL,California,D,Demand,29006,megawatthours
2025-01-15 02:00:00+00:00,CAL,California,D,Demand,30259,megawatthours
2025-01-15 03:00:00+00:00,CAL,California,D,Demand,32416,megawatthours
2025-01-15 04:00:00+00:00,CAL,California,D,Demand,32656,megawatthours
2025-01-15 05:00:00+00:00,CAL,California,D,Demand,32343,megawatthours
2025-01-15 06:00:00+00:00,CAL,California,D,Demand,31748,megawatthours
2025-01-15 07:00:00+00:00,CAL,California,D,Demand,30772,megawatthours
2025-01-15 08:00:00+00:00,CAL,California,D,Demand,29067,megawatthours
2025-01-15 09:00:00+00:00,CAL,California,D,Demand,27271,megawatthours
2025-01-15 10:00:00+00:00,CAL,California,D,Demand,26677,megawatthours
2025-01-15 11:00:00+00:00,CAL,California,D,Demand,26323,megawatthours
2025-01-15 12:00:00+00:00,CAL,California,D,Demand,26540,megawatthours
2025-01-15 13:00:00+00:00,CAL,California,D,Demand,26281,megawatthours
2025-01-15 14:00:00+00:00,CAL,California,D,Demand,26431,megawatthours
2025-01-15 15:00:00+00:00,CAL,California,D,Demand,28550,megawatthours
2025-01-15 16:00:00+00:00,CAL,California,D,Demand,31363,megawatthours
2025-01-15 17:00:00+00:00,CAL,California,D,Demand,32927,megawatthours
2025-01-15 18:00:00+00:00,CAL,California,D,Demand,33452,megawatthours
2025-01-15 19:00:00+00:00,CAL,California,D,Demand,32256,megawatthours
2025-01-15 20:00:00+00:00,CAL,California,D,Demand,30616,megawatthours
2025-01-15 21:00:00+00:00,CAL,California,D,Demand,29265,megawatthours
2025-01-15 22:00:00+00:00,CAL,California,D,Demand,28901,megawatthours
2025-01-15 23:00:00+00:00,CAL,California,D,Demand,29073,megawatthours
2025-01-16 00:00:00+00:00,CAL,California,D,Demand,29331,megawatthours
2025-01-16 01:00:00+00:00,CAL,California,D,Demand,28260,megawatthours
2025-01-16 02:00:00+00:00,CAL,California,D,Demand,30146,megawatthours
2025-01-16 03:00:00+00:00,CAL,California,D,Demand,32229,megawatthours
2025-01-16 04:00:00+00:00,CAL,California,D,Demand,32274,megawatthours
2025-01-16 05:00:00+00:00,CAL,California,D,Demand,31982,megawatthours
2025-01-16 06:00:00+00:00,CAL,California,D,Demand,31211,megawatthours
2025-01-16 07:00:00+00:00,CAL,California,D,Demand,30384,megawatthours
2025-01-16 08:00:00+00:00,CAL,California,D,Demand,28824,megawatthours
2025-01-16 09:00:00+00:00,CAL,California,D,Demand,27312,megawatthours
2025-01-16 10:00:00+00:00,CAL,California,D,Demand,26611,megawatthours
2025-01-16 11:00:00+00:00,CAL,California,D,Demand,26092,megawatthours
2025-01-16 12:00:00+00:00,CAL,California,D,Demand,25776,megawatthours
2025-01-16 13:00:00+00:00,CAL,California,D,Demand,25681,megawatthours
2025-01-16 14:00:00+00:00,CAL,California,D,Demand,26312,megawatthours
2025-01-16 15:00:00+00:00,CAL,California,D,Demand,28310,megawatthours
2025-01-16 16:00:00+00:00,CAL,California,D,Demand,31173,megawatthours
2025-01-16 17:00:00+00:00,CAL,California,D,Demand,33001,megawatthours
2025-01-16 18:00:00+00:00,CAL,California,D,Demand,32234,megawatthours
2025-01-16 19:00:00+00:00,CAL,California,D,Demand,31048,megawatthours
2025-01-16 20:00:00+00:00,CAL,California,D,Demand,30107,megawatthours
2025-01-16 21:00:00+00:00,CAL,California,D,Demand,29456,megawatthours
2025-01-16 22:00:00+00:00,CAL,California,D,Demand,28547,megawatthours
2025-01-16 23:00:00+00:00,CAL,California,D,Demand,29060,megawatthours
2025-01-17 00:00:00+00:00,CAL,California,D,Demand,29745,megawatthours
2025-01-17 01:00:00+00:00,CAL,California,D,Demand,29455,megawatthours
2025-01-17 02:00:00+00:00,CAL,California,D,Demand,30485,megawatthours
2025-01-17 03:00:00+00:00,CAL,California,D,Demand,32387,megawatthours
2025-01-17 04:00:00+00:00,CAL,California,D,Demand,32658,megawatthours
2025-01-17 05:00:00+00:00,CAL,California,D,Demand,32361,megawatthours
2025-01-17 06:00:00+00:00,CAL,California,D,Demand,32072,megawatthours
2025-01-17 07:00:00+00:00,CAL,California,D,Demand,31256,megawatthours
2025-01-17 08:00:00+00:00,CAL,California,D,Demand,29627,megawatthours
2025-01-17 09:00:00+00:00,CAL,California,D,Demand,28019,megawatthours
2025-01-17 10:00:00+00:00,CAL,California,D,Demand,27278,megawatthours
2025-01-17 11:00:00+00:00,CAL,California,D,Demand,26610,megawatthours
2025-01-17 12:00:00+00:00,CAL,California,D,Demand,26121,megawatthours
2025-01-17 13:00:00+00:00,CAL,California,D,Demand,26068,megawatthours
2025-01-17 14:00:00+00:00,CAL,California,D,Demand,26642,megawatthours
2025-01-17 15:00:00+00:00,CAL,California,D,Demand,28596,megawatthours
2025-01-17 16:00:00+00:00,CAL,California,D,Demand,31211,megawatthours
2025-01-17 17:00:00+00:00,CAL,California,D,Demand,33337,megawatthours
2025-01-17 18:00:00+00:00,CAL,California,D,Demand,33834,megawatthours
2025-01-17 19:00:00+00:00,CAL,California,D,Demand,33074,megawatthours
2025-01-17 20:00:00+00:00,CAL,California,D,Demand,32202,megawatthours
2025-01-17 21:00:00+00:00,CAL,California,D,Demand,31012,megawatthours
2025-01-17 22:00:00+00:00,CAL,California,D,Demand,30516,megawatthours
2025-01-17 23:00:00+00:00,CAL,California,D,Demand,29820,megawatthours
2025-01-18 00:00:00+00:00,CAL,California,D,Demand,29151,megawatthours
2025-01-18 01:00:00+00:00,CAL,California,D,Demand,28625,megawatthours
2025-01-18 02:00:00+00:00,CAL,California,D,Demand,30171,megawatthours
2025-01-18 03:00:00+00:00,CAL,California,D,Demand,32071,megawatthours
2025-01-18 04:00:00+00:00,CAL,California,D,Demand,32388,megawatthours
2025-01-18 05:00:00+00:00,CAL,California,D,Demand,32107,megawatthours
2025-01-18 06:00:00+00:00,CAL,California,D,Demand,31791,megawatthours
2025-01-18 07:00:00+00:00,CAL,California,D,Demand,30745,megawatthours
2025-01-18 08:00:00+00:00,CAL,California,D,Demand,29332,megawatthours
2025-01-18 09:00:00+00:00,CAL,California,D,Demand,27988,megawatthours
2025-01-18 10:00:00+00:00,CAL,California,D,Demand,27543,megawatthours
2025-01-18 11:00:00+00:00,CAL,California,D,Demand,26695,megawatthours
2025-01-18 12:00:00+00:00,CAL,California,D,Demand,25840,megawatthours
2025-01-18 13:00:00+00:00,CAL,California,D,Demand,25412,megawatthours
2025-01-18 14:00:00+00:00,CAL,California,D,Demand,25291,megawatthours
2025-01-18 15:00:00+00:00,CAL,California,D,Demand,26334,megawatthours
2025-01-18 16:00:00+00:00,CAL,California,D,Demand,27499,megawatthours
2025-01-18 17:00:00+00:00,CAL,California,D,Demand,28638,megawatthours
2025-01-18 18:00:00+00:00,CAL,California,D,Demand,29025,megawatthours
2025-01-18 19:00:00+00:00,CAL,California,D,Demand,28546,megawatthours
2025-01-18 20:00:00+00:00,CAL,California,D,Demand,27528,megawatthours
2025-01-18 21:00:00+00:00,CAL,California,D,Demand,26462,megawatthours
2025-01-18 22:00:00+00:00,CAL,California,D,Demand,26118,megawatthours
2025-01-18 23:00:00+00:00,CAL,California,D,Demand,26454,megawatthours
2025-01-19 00:00:00+00:00,CAL,California,D,Demand,26997,megawatthours
2025-01-19 01:00:00+00:00,CAL,California,D,Demand,26174,megawatthours
2025-01-19 02:00:00+00:00,CAL,California,D,Demand,27565,megawatthours
2025-01-19 03:00:00+00:00,CAL,California,D,Demand,29543,megawatthours
2025-01-19 04:00:00+00:00,CAL,California,D,Demand,30095,megawatthours
2025-01-19 05:00:00+00:00,CAL,California,D,Demand,29754,megawatthours
2025-01-19 06:00:00+00:00,CAL,California,D,Demand,29318,megawatthours
2025-01-19 07:00:00+00:00,CAL,California,D,Demand,28760,megawatthours
2025-01-19 08:00:00+00:00,CAL,California,D,Demand,27731,megawatthours
2025-01-19 09:00:00+00:00,CAL,California,D,Demand,26412,megawatthours
2025-01-19 10:00:00+00:00,CAL,California,D,Demand,26043,megawatthours
2025-01-19 11:00:00+00:00,CAL,California,D,Demand,25532,megawatthours
2025-01-19 12:00:00+00:00,CAL,California,D,Demand,24932,megawatthours
2025-01-19 13:00:00+00:00,CAL,California,D,Demand,24682,megawatthours
2025-01-19 14:00:00+00:00,CAL,California,D,Demand,24803,megawatthours
2025-01-19 15:00:00+00:00,CAL,California,D,Demand,25440,megawatthours
2025-01-19 16:00:00+00:00,CAL,California,D,Demand,26550,megawatthours
2025-01-19 17:00:00+00:00,CAL,California,D,Demand,27787,megawatthours
2025-01-19 18:00:00+00:00,CAL,California,D,Demand,28385,megawatthours
2025-01-19 19:00:00+00:00,CAL,California,D,Demand,28351,megawatthours
2025-01-19 20:00:00+00:00,CAL,California,D,Demand,27317,megawatthours
2025-01-19 21:00:00+00:00,CAL,California,D,Demand,27333,megawatthours
2025-01-19 22:00:00+00:00,CAL,California,D,Demand,27266,megawatthours
2025-01-19 23:00:00+00:00,CAL,California,D,Demand,28020,megawatthours
2025-01-20 00:00:00+00:00,CAL,California,D,Demand,28011,megawatthours
2025-01-20 01:00:00+00:00,CAL,California,D,Demand,27114,megawatthours
2025-01-20 02:00:00+00:00,CAL,California,D,Demand,27923,megawatthours
2025-01-20 03:00:00+00:00,CAL,California,D,Demand,30127,megawatthours
2025-01-20 04:00:00+00:00,CAL,California,D,Demand,30673,megawatthours
2025-01-20 05:00:00+00:00,CAL,California,D,Demand,30441,megawatthours
2025-01-20 06:00:00+00:00,CAL,California,D,Demand,29900,megawatthours
2025-01-20 07:00:00+00:00,CAL,California,D,Demand,28996,megawatthours
2025-01-20 08:00:00+00:00,CAL,California,D,Demand,27574,megawatthours
2025-01-20 09:00:00+00:00,CAL,California,D,Demand,25177,megawatthours
2025-01-20 10:00:00+00:00,CAL,California,D,Demand,24838,megawatthours
2025-01-20 11:00:00+00:00,CAL,California,D,Demand,24117,megawatthours
2025-01-20 12:00:00+00:00,CAL,California,D,Demand,23780,megawatthours
2025-01-20 13:00:00+00:00,CAL,California,D,Demand,23798,megawatthours
2025-01-20 14:00:00+00:00,CAL,California,D,Demand,24445,megawatthours
2025-01-20 15:00:00+00:00,CAL,California,D,Demand,25889,megawatthours
2025-01-20 16:00:00+00:00,CAL,California,D,Demand,27608,megawatthours
2025-01-20 17:00:00+00:00,CAL,California,D,Demand,29553,megawatthours
2025-01-20 18:00:00+00:00,CAL,California,D,Demand,29711,megawatthours
2025-01-20 19:00:00+00:00,CAL,California,D,Demand,29449,megawatthours
2025-01-20 20:00:00+00:00,CAL,California,D,Demand,27928,megawatthours
2025-01-20 21:00:00+00:00,CAL,California,D,Demand,27513,megawatthours
2025-01-20 22:00:00+00:00,CAL,California,D,Demand,28031,megawatthours
2025-01-20 23:00:00+00:00,CAL,California,D,Demand,28739,megawatthours
2025-01-21 00:00:00+00:00,CAL,California,D,Demand,29659,megawatthours
2025-01-21 01:00:00+00:00,CAL,California,D,Demand,27929,megawatthours
2025-01-21 02:00:00+00:00,CAL,California,D,Demand,28598,megawatthours
2025-01-21 03:00:00+00:00,CAL,California,D,Demand,31267,megawatthours
2025-01-21 04:00:00+00:00,CAL,California,D,Demand,31788,megawatthours
2025-01-21 05:00:00+00:00,CAL,California,D,Demand,31364,megawatthours
2025-01-21 06:00:00+00:00,CAL,California,D,Demand,30864,megawatthours
2025-01-21 07:00:00+00:00,CAL,California,D,Demand,29675,megawatthours
2025-01-21 08:00:00+00:00,CAL,California,D,Demand,28115,megawatthours
2025-01-21 09:00:00+00:00,CAL,California,D,Demand,26503,megawatthours
2025-01-21 10:00:00+00:00,CAL,California,D,Demand,25701,megawatthours
2025-01-21 11:00:00+00:00,CAL,California,D,Demand,25083,megawatthours
2025-01-21 12:00:00+00:00,CAL,California,D,Demand,25045,megawatthours
2025-01-21 13:00:00+00:00,CAL,California,D,Demand,24905,megawatthours
2025-01-21 14:00:00+00:00,CAL,California,D,Demand,25578,megawatthours
2025-01-21 15:00:00+00:00,CAL,California,D,Demand,27763,megawatthours
2025-01-21 16:00:00+00:00,CAL,California,D,Demand,30744,megawatthours
2025-01-21 17:00:00+00:00,CAL,California,D,Demand,32458,megawatthours
2025-01-21 18:00:00+00:00,CAL,California,D,Demand,32689,megawatthours
2025-01-21 19:00:00+00:00,CAL,California,D,Demand,31967,megawatthours
2025-01-21 20:00:00+00:00,CAL,California,D,Demand,31294,megawatthours
2025-01-21 21:00:00+00:00,CAL,California,D,Demand,29882,megawatthours
2025-01-21 22:00:00+00:00,CAL,California,D,Demand,29274,megawatthours
2025-01-21 23:00:00+00:00,CAL,California,D,Demand,29117,megawatthours
2025-01-22 00:00:00+00:00,CAL,California,D,Demand,28846,megawatthours
2025-01-22 01:00:00+00:00,CAL,California,D,Demand,27647,megawatthours
2025-01-22 02:00:00+00:00,CAL,California,D,Demand,28967,megawatthours
2025-01-22 03:00:00+00:00,CAL,California,D,Demand,31135,megawatthours
2025-01-22 04:00:00+00:00,CAL,California,D,Demand,31638,megawatthours
2025-01-22 05:00:00+00:00,CAL,California,D,Demand,31262,megawatthours
2025-01-22 06:00:00+00:00,CAL,California,D,Demand,30633,megawatthours
2025-01-22 07:00:00+00:00,CAL,California,D,Demand,29730,megawatthours
2025-01-22 08:00:00+00:00,CAL,California,D,Demand,28046,megawatthours
2025-01-22 09:00:00+00:00,CAL,California,D,Demand,26682,megawatthours
2025-01-22 10:00:00+00:00,CAL,California,D,Demand,26184,megawatthours
2025-01-22 11:00:00+00:00,CAL,California,D,Demand,25693,megawatthours
2025-01-22 12:00:00+00:00,CAL,California,D,Demand,25423,megawatthours
2025-01-22 13:00:00+00:00,CAL,California,D,Demand,25538,megawatthours
2025-01-22 14:00:00+00:00,CAL,California,D,Demand,26114,megawatthours
2025-01-22 15:00:00+00:00,CAL,California,D,Demand,27808,megawatthours
2025-01-22 16:00:00+00:00,CAL,California,D,Demand,30487,megawatthours
2025-01-22 17:00:00+00:00,CAL,California,D,Demand,31854,megawatthours
2025-01-22 18:00:00+00:00,CAL,California,D,Demand,32220,megawatthours
2025-01-22 19:00:00+00:00,CAL,California,D,Demand,30613,megawatthours
2025-01-22 20:00:00+00:00,CAL,California,D,Demand,29252,megawatthours
2025-01-22 21:00:00+00:00,CAL,California,D,Demand,29136,megawatthours
2025-01-22 22:00:00+00:00,CAL,California,D,Demand,30184,megawatthours
2025-01-22 23:00:00+00:00,CAL,California,D,Demand,29924,megawatthours
2025-01-23 00:00:00+00:00,CAL,California,D,Demand,29602,megawatthours
2025-01-23 01:00:00+00:00,CAL,California,D,Demand,28475,megawatthours
2025-01-23 02:00:00+00:00,CAL,California,D,Demand,29222,megawatthours
2025-01-23 03:00:00+00:00,CAL,California,D,Demand,31290,megawatthours
2025-01-23 04:00:00+00:00,CAL,California,D,Demand,31624,megawatthours
2025-01-23 05:00:00+00:00,CAL,California,D,Demand,31164,megawatthours
2025-01-23 06:00:00+00:00,CAL,California,D,Demand,30570,megawatthours
2025-01-23 07:00:00+00:00,CAL,California,D,Demand,29913,megawatthours
2025-01-23 08:00:00+00:00,CAL,California,D,Demand,28199,megawatthours
2025-01-23 09:00:00+00:00,CAL,California,D,Demand,27391,megawatthours
2025-01-23 10:00:00+00:00,CAL,California,D,Demand,26627,megawatthours
2025-01-23 11:00:00+00:00,CAL,California,D,Demand,25726,megawatthours
2025-01-23 12:00:00+00:00,CAL,California,D,Demand,25276,megawatthours
2025-01-23 13:00:00+00:00,CAL,California,D,Demand,25275,megawatthours
2025-01-23 14:00:00+00:00,CAL,California,D,Demand,25984,megawatthours
2025-01-23 15:00:00+00:00,CAL,California,D,Demand,27984,megawatthours
2025-01-23 16:00:00+00:00,CAL,California,D,Demand,30767,megawatthours
2025-01-23 17:00:00+00:00,CAL,California,D,Demand,32241,megawatthours
2025-01-23 18:00:00+00:00,CAL,California,D,Demand,31979,megawatthours
2025-01-23 19:00:00+00:00,CAL,California,D,Demand,31312,megawatthours
2025-01-23 20:00:00+00:00,CAL,California,D,Demand,30405,megawatthours
2025-01-23 21:00:00+00:00,CAL,California,D,Demand,29114,megawatthours
2025-01-23 22:00:00+00:00,CAL,California,D,Demand,28163,megawatthours
2025-01-23 23:00:00+00:00,CAL,California,D,Demand,28776,megawatthours
2025-01-24 00:00:00+00:00,CAL,California,D,Demand,28981,megawatthours
2025-01-24 01:00:00+00:00,CAL,California,D,Demand,28398,megawatthours
2025-01-24 02:00:00+00:00,CAL,California,D,Demand,29546,megawatthours
2025-01-24 03:00:00+00:00,CAL,California,D,Demand,32274,megawatthours
2025-01-24 04:00:00+00:00,CAL,California,D,Demand,32323,megawatthours
2025-01-24 05:00:00+00:00,CAL,California,D,Demand,31874,megawatthours
2025-01-24 06:00:00+00:00,CAL,California,D,Demand,31117,megawatthours
2025-01-24 07:00:00+00:00,CAL,California,D,Demand,30248,megawatthours
2025-01-24 08:00:00+00:00,CAL,California,D,Demand,28745,megawatthours
2025-01-24 09:00:00+00:00,CAL,California,D,Demand,27350,megawatthours
2025-01-24 10:00:00+00:00,CAL,California,D,Demand,26794,megawatthours
2025-01-24 11:00:00+00:00,CAL,California,D,Demand,26163,megawatthours
2025-01-24 12:00:00+00:00,CAL,California,D,Demand,25709,megawatthours
2025-01-24 13:00:00+00:00,CAL,California,D,Demand,25653,megawatthours
2025-01-24 14:00:00+00:00,CAL,California,D,Demand,26273,megawatthours
2025-01-24 15:00:00+00:00,CAL,California,D,Demand,28181,megawatthours
2025-01-24 16:00:00+00:00,CAL,California,D,Demand,30987,megawatthours
2025-01-24 17:00:00+00:00,CAL,California,D,Demand,32366,megawatthours
2025-01-24 18:00:00+00:00,CAL,California,D,Demand,32624,megawatthours
2025-01-24 19:00:00+00:00,CAL,California,D,Demand,31896,megawatthours
2025-01-24 20:00:00+00:00,CAL,California,D,Demand,30215,megawatthours
2025-01-24 21:00:00+00:00,CAL,California,D,Demand,28704,megawatthours
2025-01-24 22:00:00+00:00,CAL,California,D,Demand,28912,megawatthours
2025-01-24 23:00:00+00:00,CAL,California,D,Demand,29361,megawatthours
2025-01-25 00:00:00+00:00,CAL,California,D,Demand,29298,megawatthours
2025-01-25 01:00:00+00:00,CAL,California,D,Demand,28959,megawatthours
2025-01-25 02:00:00+00:00,CAL,California,D,Demand,29962,megawatthours
2025-01-25 03:00:00+00:00,CAL,California,D,Demand,31671,megawatthours
2025-01-25 04:00:00+00:00,CAL,California,D,Demand,31784,megawatthours
2025-01-25 05:00:00+00:00,CAL,California,D,Demand,31237,megawatthours
2025-01-25 06:00:00+00:00,CAL,California,D,Demand,30647,megawatthours
2025-01-25 07:00:00+00:00,CAL,California,D,Demand,30146,megawatthours
2025-01-25 08:00:00+00:00,CAL,California,D,Demand,28959,megawatthours
2025-01-25 09:00:00+00:00,CAL,California,D,Demand,27435,megawatthours
2025-01-25 10:00:00+00:00,CAL,California,D,Demand,26690,megawatthours
2025-01-25 11:00:00+00:00,CAL,California,D,Demand,25906,megawatthours
2025-01-25 12:00:00+00:00,CAL,California,D,Demand,25123,megawatthours
2025-01-25 13:00:00+00:00,CAL,California,D,Demand,24841,megawatthours
2025-01-25 14:00:00+00:00,CAL,California,D,Demand,25109,megawatthours
2025-01-25 15:00:00+00:00,CAL,California,D,Demand,25901,megawatthours
2025-01-25 16:00:00+00:00,CAL,California,D,Demand,27031,megawatthours
2025-01-25 17:00:00+00:00,CAL,California,D,Demand,27572,megawatthours
2025-01-25 18:00:00+00:00,CAL,California,D,Demand,27396,megawatthours
2025-01-25 19:00:00+00:00,CAL,California,D,Demand,26956,megawatthours
2025-01-25 20:00:00+00:00,CAL,California,D,Demand,25933,megawatthours
2025-01-25 21:00:00+00:00,CAL,California,D,Demand,25799,megawatthours
2025-01-25 22:00:00+00:00,CAL,California,D,Demand,26858,megawatthours
2025-01-25 23:00:00+00:00,CAL,California,D,Demand,27085,megawatthours
2025-01-26 00:00:00+00:00,CAL,California,D,Demand,28330,megawatthours
2025-01-26 01:00:00+00:00,CAL,California,D,Demand,28314,megawatthours
2025-01-26 02:00:00+00:00,CAL,California,D,Demand,28865,megawatthours
2025-01-26 03:00:00+00:00,CAL,California,D,Demand,30710,megawatthours
2025-01-26 04:00:00+00:00,CAL,California,D,Demand,31351,megawatthours
2025-01-26 05:00:00+00:00,CAL,California,D,Demand,30281,megawatthours
2025-01-26 06:00:00+00:00,CAL,California,D,Demand,29654,megawatthours
2025-01-26 07:00:00+00:00,CAL,California,D,Demand,28903,megawatthours
2025-01-26 08:00:00+00:00,CAL,California,D,Demand,27646,megawatthours
2025-01-26 09:00:00+00:00,CAL,California,D,Demand,26518,megawatthours
2025-01-26 10:00:00+00:00,CAL,California,D,Demand,25537,megawatthours
2025-01-26 11:00:00+00:00,CAL,California,D,Demand,24966,megawatthours
2025-01-26 12:00:00+00:00,CAL,California,D,Demand,24555,megawatthours
2025-01-26 13:00:00+00:00,CAL,California,D,Demand,24345,megawatthours
2025-01-26 14:00:00+00:00,CAL,California,D,Demand,24324,megawatthours
2025-01-26 15:00:00+00:00,CAL,California,D,Demand,24828,megawatthours
2025-01-26 16:00:00+00:00,CAL,California,D,Demand,25561,megawatthours
2025-01-26 17:00:00+00:00,CAL,California,D,Demand,26558,megawatthours
2025-01-26 18:00:00+00:00,CAL,California,D,Demand,27171,megawatthours
2025-01-26 19:00:00+00:00,CAL,California,D,Demand,27574,megawatthours
2025-01-26 20:00:00+00:00,CAL,California,D,Demand,28156,megawatthours
2025-01-26 21:00:00+00:00,CAL,California,D,Demand,27560,megawatthours
2025-01-26 22:00:00+00:00,CAL,California,D,Demand,27295,megawatthours
2025-01-26 23:00:00+00:00,CAL,California,D,Demand,27722,megawatthours
2025-01-27 00:00:00+00:00,CAL,California,D,Demand,27269,megawatthours
2025-01-27 01:00:00+00:00,CAL,California,D,Demand,27319,megawatthours
2025-01-27 02:00:00+00:00,CAL,California,D,Demand,28994,megawatthours
2025-01-27 03:00:00+00:00,CAL,California,D,Demand,31057,megawatthours
2025-01-27 04:00:00+00:00,CAL,California,D,Demand,31785,megawatthours
2025-01-27 05:00:00+00:00,CAL,California,D,Demand,31446,megawatthours
2025-01-27 06:00:00+00:00,CAL,California,D,Demand,30744,megawatthours
2025-01-27 07:00:00+00:00,CAL,California,D,Demand,30009,megawatthours
2025-01-27 08:00:00+00:00,CAL,California,D,Demand,28531,megawatthours
2025-01-27 09:00:00+00:00,CAL,California,D,Demand,27058,megawatthours
2025-01-27 10:00:00+00:00,CAL,California,D,Demand,26978,megawatthours
2025-01-27 11:00:00+00:00,CAL,California,D,Demand,26266,megawatthours
2025-01-27 12:00:00+00:00,CAL,California,D,Demand,25665,megawatthours
2025-01-27 13:00:00+00:00,CAL,California,D,Demand,25530,megawatthours
2025-01-27 14:00:00+00:00,CAL,California,D,Demand,26361,megawatthours
2025-01-27 15:00:00+00:00,CAL,California,D,Demand,28288,megawatthours
2025-01-27 16:00:00+00:00,CAL,California,D,Demand,31260,megawatthours
2025-01-27 17:00:00+00:00,CAL,California,D,Demand,33043,megawatthours
2025-01-27 18:00:00+00:00,CAL,California,D,Demand,32475,megawatthours
2025-01-27 19:00:00+00:00,CAL,California,D,Demand,32442,megawatthours
2025-01-27 20:00:00+00:00,CAL,California,D,Demand,31865,megawatthours
2025-01-27 21:00:00+00:00,CAL,California,D,Demand,31276,megawatthours
2025-01-27 22:00:00+00:00,CAL,California,D,Demand,29311,megawatthours
2025-01-27 23:00:00+00:00,CAL,California,D,Demand,28357,megawatthours
2025-01-28 00:00:00+00:00,CAL,California,D,Demand,27818,megawatthours
2025-01-28 01:00:00+00:00,CAL,California,D,Demand,27981,megawatthours
2025-01-28 02:00:00+00:00,CAL,California,D,Demand,30104,megawatthours
2025-01-28 03:00:00+00:00,CAL,California,D,Demand,32684,megawatthours
2025-01-28 04:00:00+00:00,CAL,California,D,Demand,33497,megawatthours
2025-01-28 05:00:00+00:00,CAL,California,D,Demand,32966,megawatthours
2025-01-28 06:00:00+00:00,CAL,California,D,Demand,32407,megawatthours
2025-01-28 07:00:00+00:00,CAL,California,D,Demand,31550,megawatthours
2025-01-28 08:00:00+00:00,CAL,California,D,Demand,29766,megawatthours
2025-01-28 09:00:00+00:00,CAL,California,D,Demand,28432,megawatthours
2025-01-28 10:00:00+00:00,CAL,California,D,Demand,27788,megawatthours
2025-01-28 11:00:00+00:00,CAL,California,D,Demand,26969,megawatthours
2025-01-28 12:00:00+00:00,CAL,California,D,Demand,27010,megawatthours
2025-01-28 13:00:00+00:00,CAL,California,D,Demand,26874,megawatthours
2025-01-28 14:00:00+00:00,CAL,California,D,Demand,27364,megawatthours
2025-01-28 15:00:00+00:00,CAL,California,D,Demand,29852,megawatthours
2025-01-28 16:00:00+00:00,CAL,California,D,Demand,32509,megawatthours
2025-01-28 17:00:00+00:00,CAL,California,D,Demand,33979,megawatthours
2025-01-28 18:00:00+00:00,CAL,California,D,Demand,33484,megawatthours
2025-01-28 19:00:00+00:00,CAL,California,D,Demand,31846,megawatthours
2025-01-28 20:00:00+00:00,CAL,California,D,Demand,30108,megawatthours
2025-01-28 21:00:00+00:00,CAL,California,D,Demand,28735,megawatthours
2025-01-28 22:00:00+00:00,CAL,California,D,Demand,27912,megawatthours
2025-01-28 23:00:00+00:00,CAL,California,D,Demand,27828,megawatthours
2025-01-29 00:00:00+00:00,CAL,California,D,Demand,28022,megawatthours
2025-01-29 01:00:00+00:00,CAL,California,D,Demand,28215,megawatthours
2025-01-29 02:00:00+00:00,CAL,California,D,Demand,30470,megawatthours
2025-01-29 03:00:00+00:00,CAL,California,D,Demand,33528,megawatthours
2025-01-29 04:00:00+00:00,CAL,California,D,Demand,33973,megawatthours
2025-01-29 05:00:00+00:00,CAL,California,D,Demand,33396,megawatthours
2025-01-29 06:00:00+00:00,CAL,California,D,Demand,32455,megawatthours
2025-01-29 07:00:00+00:00,CAL,California,D,Demand,31437,megawatthours
2025-01-29 08:00:00+00:00,CAL,California,D,Demand,29672,megawatthours
2025-01-29 09:00:00+00:00,CAL,California,D,Demand,28210,megawatthours
2025-01-29 10:00:00+00:00,CAL,California,D,Demand,27661,megawatthours
2025-01-29 11:00:00+00:00,CAL,California,D,Demand,26933,megawatthours
2025-01-29 12:00:00+00:00,CAL,California,D,Demand,26672,megawatthours
2025-01-29 13:00:00+00:00,CAL,California,D,Demand,26473,megawatthours
2025-01-29 14:00:00+00:00,CAL,California,D,Demand,27024,megawatthours
2025-01-29 15:00:00+00:00,CAL,California,D,Demand,28935,megawatthours
2025-01-29 16:00:00+00:00,CAL,California,D,Demand,31648,megawatthours
2025-01-29 17:00:00+00:00,CAL,California,D,Demand,33532,megawatthours
2025-01-29 18:00:00+00:00,CAL,California,D,Demand,33204,megawatthours
2025-01-29 19:00:00+00:00,CAL,California,D,Demand,31709,megawatthours
2025-01-29 20:00:00+00:00,CAL,California,D,Demand,31281,megawatthours
2025-01-29 21:00:00+00:00,CAL,California,D,Demand,30339,megawatthours
2025-01-29 22:00:00+00:00,CAL,California,D,Demand,30131,megawatthours
2025-01-29 23:00:00+00:00,CAL,California,D,Demand,28470,megawatthours
2025-01-30 00:00:00+00:00,CAL,California,D,Demand,28440,megawatthours
2025-01-30 01:00:00+00:00,CAL,California,D,Demand,28206,megawatthours
2025-01-30 02:00:00+00:00,CAL,California,D,Demand,29601,megawatthours
2025-01-30 03:00:00+00:00,CAL,California,D,Demand,32798,megawatthours
2025-01-30 04:00:00+00:00,CAL,California,D,Demand,33423,megawatthours
2025-01-30 05:00:00+00:00,CAL,California,D,Demand,33142,megawatthours
2025-01-30 06:00:00+00:00,CAL,California,D,Demand,32595,megawatthours
2025-01-30 07:00:00+00:00,CAL,California,D,Demand,31869,megawatthours
2025-01-30 08:00:00+00:00,CAL,California,D,Demand,30256,megawatthours
2025-01-30 09:00:00+00:00,CAL,California,D,Demand,28617,megawatthours
2025-01-30 10:00:00+00:00,CAL,California,D,Demand,27828,megawatthours
2025-01-30 11:00:00+00:00,CAL,California,D,Demand,27129,megawatthours
2025-01-30 12:00:00+00:00,CAL,California,D,Demand,26782,megawatthours
2025-01-30 13:00:00+00:00,CAL,California,D,Demand,26549,megawatthours
2025-01-30 14:00:00+00:00,CAL,California,D,Demand,27044,megawatthours
2025-01-30 15:00:00+00:00,CAL,California,D,Demand,29004,megawatthours
2025-01-30 16:00:00+00:00,CAL,California,D,Demand,31717,megawatthours
2025-01-30 17:00:00+00:00,CAL,California,D,Demand,33259,megawatthours
2025-01-30 18:00:00+00:00,CAL,California,D,Demand,33805,megawatthours
2025-01-30 19:00:00+00:00,CAL,California,D,Demand,33393,megawatthours
2025-01-30 20:00:00+00:00,CAL,California,D,Demand,32679,megawatthours
2025-01-30 21:00:00+00:00,CAL,California,D,Demand,32453,megawatthours
2025-01-30 22:00:00+00:00,CAL,California,D,Demand,31821,megawatthours
2025-01-30 23:00:00+00:00,CAL,California,D,Demand,30952,megawatthours
2025-01-31 00:00:00+00:00,CAL,California,D,Demand,29521,megawatthours
2025-01-31 01:00:00+00:00,CAL,California,D,Demand,29293,megawatthours
2025-01-31 02:00:00+00:00,CAL,California,D,Demand,30636,megawatthours
2025-01-31 03:00:00+00:00,CAL,California,D,Demand,33379,megawatthours
2025-01-31 04:00:00+00:00,CAL,California,D,Demand,34459,megawatthours
2025-01-31 05:00:00+00:00,CAL,California,D,Demand,34085,megawatthours
2025-01-31 06:00:00+00:00,CAL,California,D,Demand,33461,megawatthours
2025-01-31 07:00:00+00:00,CAL,California,D,Demand,32559,megawatthours
2025-01-31 08:00:00+00:00,CAL,California,D,Demand,30964,megawatthours
2025-01-31 09:00:00+00:00,CAL,California,D,Demand,29257,megawatthours
2025-01-31 10:00:00+00:00,CAL,California,D,Demand,28481,megawatthours
2025-01-31 11:00:00+00:00,CAL,California,D,Demand,27399,megawatthours
2025-01-31 12:00:00+00:00,CAL,California,D,Demand,26862,megawatthours
2025-01-31 13:00:00+00:00,CAL,California,D,Demand,26883,megawatthours
2025-01-31 14:00:00+00:00,CAL,California,D,Demand,27400,megawatthours
2025-01-31 15:00:00+00:00,CAL,California,D,Demand,29191,megawatthours
2025-01-31 16:00:00+00:00,CAL,California,D,Demand,31938,megawatthours
2025-01-31 17:00:00+00:00,CAL,California,D,Demand,33304,megawatthours
2025-01-31 18:00:00+00:00,CAL,California,D,Demand,34570,megawatthours
2025-01-31 19:00:00+00:00,CAL,California,D,Demand,34633,megawatthours
2025-01-31 20:00:00+00:00,CAL,California,D,Demand,33718,megawatthours
2025-01-31 21:00:00+00:00,CAL,California,D,Demand,32740,megawatthours
2025-01-31 22:00:00+00:00,CAL,California,D,Demand,32646,megawatthours
2025-01-31 23:00:00+00:00,CAL,California,D,Demand,32290,megawatthours
2025-02-01 00:00:00+00:00,CAL,California,D,Demand,34754,megawatthours
2025-02-01 01:00:00+00:00,CAL,California,D,Demand,30877,megawatthours
2025-02-01 02:00:00+00:00,CAL,California,D,Demand,31420,megawatthours
2025-02-01 03:00:00+00:00,CAL,California,D,Demand,33255,megawatthours
2025-02-01 04:00:00+00:00,CAL,California,D,Demand,33328,megawatthours
2025-02-01 05:00:00+00:00,CAL,California,D,Demand,32726,megawatthours
2025-02-01 06:00:00+00:00,CAL,California,D,Demand,32521,megawatthours
2025-02-01 07:00:00+00:00,CAL,California,D,Demand,31856,megawatthours
2025-02-01 08:00:00+00:00,CAL,California,D,Demand,30205,megawatthours
2025-02-01 09:00:00+00:00,CAL,California,D,Demand,28636,megawatthours
2025-02-01 10:00:00+00:00,CAL,California,D,Demand,27805,megawatthours
2025-02-01 11:00:00+00:00,CAL,California,D,Demand,26725,megawatthours
2025-02-01 12:00:00+00:00,CAL,California,D,Demand,25817,megawatthours
2025-02-01 13:00:00+00:00,CAL,California,D,Demand,25413,megawatthours
2025-02-01 14:00:00+00:00,CAL,California,D,Demand,25389,megawatthours
2025-02-01 15:00:00+00:00,CAL,California,D,Demand,26037,megawatthours
2025-02-01 16:00:00+00:00,CAL,California,D,Demand,27290,megawatthours
2025-02-01 17:00:00+00:00,CAL,California,D,Demand,28196,megawatthours
2025-02-01 18:00:00+00:00,CAL,California,D,Demand,28603,megawatthours
2025-02-01 19:00:00+00:00,CAL,California,D,Demand,29268,megawatthours
2025-02-01 20:00:00+00:00,CAL,California,D,Demand,29252,megawatthours
2025-02-01 21:00:00+00:00,CAL,California,D,Demand,29247,megawatthours
2025-02-01 22:00:00+00:00,CAL,California,D,Demand,29238,megawatthours
2025-02-01 23:00:00+00:00,CAL,California,D,Demand,29099,megawatthours
2025-02-02 00:00:00+00:00,CAL,California,D,Demand,28542,megawatthours
2025-02-02 01:00:00+00:00,CAL,California,D,Demand,27628,megawatthours
2025-02-02 02:00:00+00:00,CAL,California,D,Demand,28312,megawatthours
2025-02-02 03:00:00+00:00,CAL,California,D,Demand,30200,megawatthours
2025-02-02 04:00:00+00:00,CAL,California,D,Demand,30518,megawatthours
2025-02-02 05:00:00+00:00,CAL,California,D,Demand,29950,megawatthours
2025-02-02 06:00:00+00:00,CAL,California,D,Demand,29261,megawatthours
2025-02-02 07:00:00+00:00,CAL,California,D,Demand,28611,megawatthours
2025-02-02 08:00:00+00:00,CAL,California,D,Demand,27765,megawatthours
2025-02-02 09:00:00+00:00,CAL,California,D,Demand,26501,megawatthours
2025-02-02 10:00:00+00:00,CAL,California,D,Demand,25916,megawatthours
2025-02-02 11:00:00+00:00,CAL,California,D,Demand,25396,megawatthours
2025-02-02 12:00:00+00:00,CAL,California,D,Demand,24791,megawatthours
2025-02-02 13:00:00+00:00,CAL,California,D,Demand,24027,megawatthours
2025-02-02 14:00:00+00:00,CAL,California,D,Demand,23682,megawatthours
2025-02-02 15:00:00+00:00,CAL,California,D,Demand,24196,megawatthours
2025-02-02 16:00:00+00:00,CAL,California,D,Demand,24978,megawatthours
2025-02-02 17:00:00+00:00,CAL,California,D,Demand,25989,megawatthours
2025-02-02 18:00:00+00:00,CAL,California,D,Demand,28015,megawatthours
2025-02-02 19:00:00+00:00,CAL,California,D,Demand,28701,megawatthours
2025-02-02 20:00:00+00:00,CAL,California,D,Demand,28431,megawatthours
2025-02-02 21:00:00+00:00,CAL,California,D,Demand,28044,megawatthours
2025-02-02 22:00:00+00:00,CAL,California,D,Demand,27085,megawatthours
2025-02-02 23:00:00+00:00,CAL,California,D,Demand,26261,megawatthours
2025-02-03 00:00:00+00:00,CAL,California,D,Demand,25437,megawatthours
2025-02-03 01:00:00+00:00,CAL,California,D,Demand,25654,megawatthours
2025-02-03 02:00:00+00:00,CAL,California,D,Demand,27348,megawatthours
2025-02-03 03:00:00+00:00,CAL,California,D,Demand,29951,megawatthours
2025-02-03 04:00:00+00:00,CAL,California,D,Demand,30497,megawatthours
2025-02-03 05:00:00+00:00,CAL,California,D,Demand,29930,megawatthours
2025-02-03 06:00:00+00:00,CAL,California,D,Demand,29309,megawatthours
2025-02-03 07:00:00+00:00,CAL,California,D,Demand,28334,megawatthours
2025-02-03 08:00:00+00:00,CAL,California,D,Demand,27440,megawatthours
2025-02-03 09:00:00+00:00,CAL,California,D,Demand,25802,megawatthours
2025-02-03 10:00:00+00:00,CAL,California,D,Demand,25049,megawatthours
2025-02-03 11:00:00+00:00,CAL,California,D,Demand,24022,megawatthours
2025-02-03 12:00:00+00:00,CAL,California,D,Demand,23871,megawatthours
2025-02-03 13:00:00+00:00,CAL,California,D,Demand,24198,megawatthours
2025-02-03 14:00:00+00:00,CAL,California,D,Demand,24446,megawatthours
2025-02-03 15:00:00+00:00,CAL,California,D,Demand,26232,megawatthours
2025-02-03 16:00:00+00:00,CAL,California,D,Demand,28734,megawatthours
2025-02-03 17:00:00+00:00,CAL,California,D,Demand,30176,megawatthours
2025-02-03 18:00:00+00:00,CAL,California,D,Demand,31217,megawatthours
2025-02-03 19:00:00+00:00,CAL,California,D,Demand,30536,megawatthours
2025-02-03 20:00:00+00:00,CAL,California,D,Demand,30813,megawatthours
2025-02-03 21:00:00+00:00,CAL,California,D,Demand,30330,megawatthours
2025-02-03 22:00:00+00:00,CAL,California,D,Demand,29730,megawatthours
2025-02-03 23:00:00+00:00,CAL,California,D,Demand,29744,megawatthours
2025-02-04 00:00:00+00:00,CAL,California,D,Demand,29813,megawatthours
2025-02-04 01:00:00+00:00,CAL,California,D,Demand,29730,megawatthours
2025-02-04 02:00:00+00:00,CAL,California,D,Demand,29747,megawatthours
2025-02-04 03:00:00+00:00,CAL,California,D,Demand,31669,megawatthours
2025-02-04 04:00:00+00:00,CAL,California,D,Demand,32431,megawatthours
2025-02-04 05:00:00+00:00,CAL,California,D,Demand,31878,megawatthours
2025-02-04 06:00:00+00:00,CAL,California,D,Demand,30939,megawatthours
2025-02-04 07:00:00+00:00,CAL,California,D,Demand,30032,megawatthours
2025-02-04 08:00:00+00:00,CAL,California,D,Demand,28599,megawatthours
2025-02-04 09:00:00+00:00,CAL,California,D,Demand,27189,megawatthours
2025-02-04 10:00:00+00:00,CAL,California,D,Demand,25888,megawatthours
2025-02-04 11:00:00+00:00,CAL,California,D,Demand,25650,megawatthours
2025-02-04 12:00:00+00:00,CAL,California,D,Demand,25580,megawatthours
2025-02-04 13:00:00+00:00,CAL,California,D,Demand,25270,megawatthours
2025-02-04 14:00:00+00:00,CAL,California,D,Demand,25159,megawatthours
2025-02-04 15:00:00+00:00,CAL,California,D,Demand,26779,megawatthours
2025-02-04 16:00:00+00:00,CAL,California,D,Demand,29189,megawatthours
2025-02-04 17:00:00+00:00,CAL,California,D,Demand,31138,megawatthours
2025-02-04 18:00:00+00:00,CAL,California,D,Demand,33348,megawatthours
2025-02-04 19:00:00+00:00,CAL,California,D,Demand,33394,megawatthours
2025-02-04 20:00:00+00:00,CAL,California,D,Demand,33377,megawatthours
2025-02-04 21:00:00+00:00,CAL,California,D,Demand,33255,megawatthours
2025-02-04 22:00:00+00:00,CAL,California,D,Demand,32725,megawatthours
2025-02-04 23:00:00+00:00,CAL,California,D,Demand,32318,megawatthours
2025-02-05 00:00:00+00:00,CAL,California,D,Demand,32437,megawatthours
2025-02-05 01:00:00+00:00,CAL,California,D,Demand,31080,megawatthours
2025-02-05 02:00:00+00:00,CAL,California,D,Demand,31337,megawatthours
2025-02-05 03:00:00+00:00,CAL,California,D,Demand,33099,megawatthours
2025-02-05 04:00:00+00:00,CAL,California,D,Demand,33295,megawatthours
2025-02-05 05:00:00+00:00,CAL,California,D,Demand,32598,megawatthours
2025-02-05 06:00:00+00:00,CAL,California,D,Demand,31952,megawatthours
2025-02-05 07:00:00+00:00,CAL,California,D,Demand,30921,megawatthours
2025-02-05 08:00:00+00:00,CAL,California,D,Demand,29319,megawatthours
2025-02-05 09:00:00+00:00,CAL,California,D,Demand,27546,megawatthours
2025-02-05 10:00:00+00:00,CAL,California,D,Demand,26854,megawatthours
2025-02-05 11:00:00+00:00,CAL,California,D,Demand,26149,megawatthours
2025-02-05 12:00:00+00:00,CAL,California,D,Demand,25892,megawatthours
2025-02-05 13:00:00+00:00,CAL,California,D,Demand,25758,megawatthours
2025-02-05 14:00:00+00:00,CAL,California,D,Demand,26253,megawatthours
2025-02-05 15:00:00+00:00,CAL,California,D,Demand,28309,megawatthours
2025-02-05 16:00:00+00:00,CAL,California,D,Demand,31248,megawatthours
2025-02-05 17:00:00+00:00,CAL,California,D,Demand,32820,megawatthours
2025-02-05 18:00:00+00:00,CAL,California,D,Demand,33308,megawatthours
2025-02-05 19:00:00+00:00,CAL,California,D,Demand,32494,megawatthours
2025-02-05 20:00:00+00:00,CAL,California,D,Demand,30921,megawatthours
2025-02-05 21:00:00+00:00,CAL,California,D,Demand,30410,megawatthours
2025-02-05 22:00:00+00:00,CAL,California,D,Demand,29836,megawatthours
2025-02-05 23:00:00+00:00,CAL,California,D,Demand,29394,megawatthours
2025-02-06 00:00:00+00:00,CAL,California,D,Demand,28851,megawatthours
2025-02-06 01:00:00+00:00,CAL,California,D,Demand,28208,megawatthours
2025-02-06 02:00:00+00:00,CAL,California,D,Demand,29623,megawatthours
2025-02-06 03:00:00+00:00,CAL,California,D,Demand,32223,megawatthours
2025-02-06 04:00:00+00:00,CAL,California,D,Demand,33241,megawatthours
2025-02-06 05:00:00+00:00,CAL,California,D,Demand,32717,megawatthours
2025-02-06 06:00:00+00:00,CAL,California,D,Demand,31877,megawatthours
2025-02-06 07:00:00+00:00,CAL,California,D,Demand,30922,megawatthours
2025-02-06 08:00:00+00:00,CAL,California,D,Demand,29612,megawatthours
2025-02-06 09:00:00+00:00,CAL,California,D,Demand,28035,megawatthours
2025-02-06 10:00:00+00:00,CAL,California,D,Demand,27022,megawatthours
2025-02-06 11:00:00+00:00,CAL,California,D,Demand,26329,megawatthours
2025-02-06 12:00:00+00:00,CAL,California,D,Demand,26196,megawatthours
2025-02-06 13:00:00+00:00,CAL,California,D,Demand,26070,megawatthours
2025-02-06 14:00:00+00:00,CAL,California,D,Demand,26252,megawatthours
2025-02-06 15:00:00+00:00,CAL,California,D,Demand,28188,megawatthours
2025-02-06 16:00:00+00:00,CAL,California,D,Demand,30251,megawatthours
2025-02-06 17:00:00+00:00,CAL,California,D,Demand,32091,megawatthours
2025-02-06 18:00:00+00:00,CAL,California,D,Demand,33953,megawatthours
2025-02-06 19:00:00+00:00,CAL,California,D,Demand,34357,megawatthours
2025-02-06 20:00:00+00:00,CAL,California,D,Demand,34585,megawatthours
2025-02-06 21:00:00+00:00,CAL,California,D,Demand,35309,megawatthours
2025-02-06 22:00:00+00:00,CAL,California,D,Demand,34877,megawatthours
2025-02-06 23:00:00+00:00,CAL,California,D,Demand,34017,megawatthours
2025-02-07 00:00:00+00:00,CAL,California,D,Demand,34069,megawatthours
2025-02-07 01:00:00+00:00,CAL,California,D,Demand,33327,megawatthours
2025-02-07 02:00:00+00:00,CAL,California,D,Demand,32828,megawatthours
2025-02-07 03:00:00+00:00,CAL,California,D,Demand,33467,megawatthours
2025-02-07 04:00:00+00:00,CAL,California,D,Demand,33620,megawatthours
2025-02-07 05:00:00+00:00,CAL,California,D,Demand,32694,megawatthours
2025-02-07 06:00:00+00:00,CAL,California,D,Demand,31767,megawatthours
2025-02-07 07:00:00+00:00,CAL,California,D,Demand,30782,megawatthours
2025-02-07 08:00:00+00:00,CAL,California,D,Demand,29558,megawatthours
2025-02-07 09:00:00+00:00,CAL,California,D,Demand,27896,megawatthours
2025-02-07 10:00:00+00:00,CAL,California,D,Demand,27089,megawatthours
2025-02-07 11:00:00+00:00,CAL,California,D,Demand,26217,megawatthours
2025-02-07 12:00:00+00:00,CAL,California,D,Demand,25888,megawatthours
2025-02-07 13:00:00+00:00,CAL,California,D,Demand,25428,megawatthours
2025-02-07 14:00:00+00:00,CAL,California,D,Demand,25570,megawatthours
2025-02-07 15:00:00+00:00,CAL,California,D,Demand,27219,megawatthours
2025-02-07 16:00:00+00:00,CAL,California,D,Demand,29572,megawatthours
2025-02-07 17:00:00+00:00,CAL,California,D,Demand,31124,megawatthours
2025-02-07 18:00:00+00:00,CAL,California,D,Demand,32334,megawatthours
2025-02-07 19:00:00+00:00,CAL,California,D,Demand,31888,megawatthours
2025-02-07 20:00:00+00:00,CAL,California,D,Demand,31470,megawatthours
2025-02-07 21:00:00+00:00,CAL,California,D,Demand,31363,megawatthours
2025-02-07 22:00:00+00:00,CAL,California,D,Demand,31247,megawatthours
2025-02-07 23:00:00+00:00,CAL,California,D,Demand,30041,megawatthours
2025-02-08 00:00:00+00:00,CAL,California,D,Demand,29726,megawatthours
2025-02-08 01:00:00+00:00,CAL,California,D,Demand,29279,megawatthours
2025-02-08 02:00:00+00:00,CAL,California,D,Demand,29075,megawatthours
2025-02-08 03:00:00+00:00,CAL,California,D,Demand,31149,megawatthours
2025-02-08 04:00:00+00:00,CAL,California,D,Demand,31834,megawatthours
2025-02-08 05:00:00+00:00,CAL,California,D,Demand,31656,megawatthours
2025-02-08 06:00:00+00:00,CAL,California,D,Demand,30957,megawatthours
2025-02-08 07:00:00+00:00,CAL,California,D,Demand,30220,megawatthours
2025-02-08 08:00:00+00:00,CAL,California,D,Demand,29191,megawatthours
2025-02-08 09:00:00+00:00,CAL,California,D,Demand,27681,megawatthours
2025-02-08 10:00:00+00:00,CAL,California,D,Demand,27041,megawatthours
2025-02-08 11:00:00+00:00,CAL,California,D,Demand,26161,megawatthours
2025-02-08 12:00:00+00:00,CAL,California,D,Demand,25570,megawatthours
2025-02-08 13:00:00+00:00,CAL,California,D,Demand,25088,megawatthours
2025-02-08 14:00:00+00:00,CAL,California,D,Demand,25097,megawatthours
2025-02-08 15:00:00+00:00,CAL,California,D,Demand,25956,megawatthours
2025-02-08 16:00:00+00:00,CAL,California,D,Demand,27375,megawatthours
2025-02-08 17:00:00+00:00,CAL,California,D,Demand,28218,megawatthours
2025-02-08 18:00:00+00:00,CAL,California,D,Demand,29654,megawatthours
2025-02-08 19:00:00+00:00,CAL,California,D,Demand,29160,megawatthours
2025-02-08 20:00:00+00:00,CAL,California,D,Demand,27510,megawatthours
2025-02-08 21:00:00+00:00,CAL,California,D,Demand,25966,megawatthours
2025-02-08 22:00:00+00:00,CAL,California,D,Demand,24949,megawatthours
2025-02-08 23:00:00+00:00,CAL,California,D,Demand,24499,megawatthours
2025-02-09 00:00:00+00:00,CAL,California,D,Demand,23634,megawatthours
2025-02-09 01:00:00+00:00,CAL,California,D,Demand,24509,megawatthours
2025-02-09 02:00:00+00:00,CAL,California,D,Demand,26577,megawatthours
2025-02-09 03:00:00+00:00,CAL,California,D,Demand,29467,megawatthours
2025-02-09 04:00:00+00:00,CAL,California,D,Demand,30405,megawatthours
2025-02-09 05:00:00+00:00,CAL,California,D,Demand,30082,megawatthours
2025-02-09 06:00:00+00:00,CAL,California,D,Demand,29550,megawatthours
2025-02-09 07:00:00+00:00,CAL,California,D,Demand,28832,megawatthours
2025-02-09 08:00:00+00:00,CAL,California,D,Demand,27790,megawatthours
2025-02-09 09:00:00+00:00,CAL,California,D,Demand,26530,megawatthours
2025-02-09 10:00:00+00:00,CAL,California,D,Demand,25831,megawatthours
2025-02-09 11:00:00+00:00,CAL,California,D,Demand,25122,megawatthours
2025-02-09 12:00:00+00:00,CAL,California,D,Demand,24771,megawatthours
2025-02-09 13:00:00+00:00,CAL,California,D,Demand,24684,megawatthours
2025-02-09 14:00:00+00:00,CAL,California,D,Demand,24709,megawatthours
2025-02-09 15:00:00+00:00,CAL,California,D,Demand,25651,megawatthours
2025-02-09 16:00:00+00:00,CAL,California,D,Demand,26731,megawatthours
2025-02-09 17:00:00+00:00,CAL,California,D,Demand,27058,megawatthours
2025-02-09 18:00:00+00:00,CAL,California,D,Demand,27127,megawatthours
2025-02-09 19:00:00+00:00,CAL,California,D,Demand,26681,megawatthours
2025-02-09 20:00:00+00:00,CAL,California,D,Demand,24703,megawatthours
2025-02-09 21:00:00+00:00,CAL,California,D,Demand,24061,megawatthours
2025-02-09 22:00:00+00:00,CAL,California,D,Demand,24325,megawatthours
2025-02-09 23:00:00+00:00,CAL,California,D,Demand,24246,megawatthours
2025-02-10 00:00:00+00:00,CAL,California,D,Demand,24165,megawatthours
2025-02-10 01:00:00+00:00,CAL,California,D,Demand,24393,megawatthours
2025-02-10 02:00:00+00:00,CAL,California,D,Demand,25958,megawatthours
2025-02-10 03:00:00+00:00,CAL,California,D,Demand,28574,megawatthours
2025-02-10 04:00:00+00:00,CAL,California,D,Demand,29436,megawatthours
2025-02-10 05:00:00+00:00,CAL,California,D,Demand,29335,megawatthours
2025-02-10 06:00:00+00:00,CAL,California,D,Demand,29231,megawatthours
2025-02-10 07:00:00+00:00,CAL,California,D,Demand,28620,megawatthours
2025-02-10 08:00:00+00:00,CAL,California,D,Demand,27476,megawatthours
2025-02-10 09:00:00+00:00,CAL,California,D,Demand,26553,megawatthours
2025-02-10 10:00:00+00:00,CAL,California,D,Demand,26133,megawatthours
2025-02-10 11:00:00+00:00,CAL,California,D,Demand,25442,megawatthours
2025-02-10 12:00:00+00:00,CAL,California,D,Demand,25326,megawatthours
2025-02-10 13:00:00+00:00,CAL,California,D,Demand,25396,megawatthours
2025-02-10 14:00:00+00:00,CAL,California,D,Demand,25798,megawatthours
2025-02-10 15:00:00+00:00,CAL,California,D,Demand,27503,megawatthours
2025-02-10 16:00:00+00:00,CAL,California,D,Demand,30111,megawatthours
2025-02-10 17:00:00+00:00,CAL,California,D,Demand,31423,megawatthours
2025-02-10 18:00:00+00:00,CAL,California,D,Demand,31340,megawatthours
2025-02-10 19:00:00+00:00,CAL,California,D,Demand,30359,megawatthours
2025-02-10 20:00:00+00:00,CAL,California,D,Demand,29304,megawatthours
2025-02-10 21:00:00+00:00,CAL,California,D,Demand,28913,megawatthours
2025-02-10 22:00:00+00:00,CAL,California,D,Demand,28295,megawatthours
2025-02-10 23:00:00+00:00,CAL,California,D,Demand,27962,megawatthours
2025-02-11 00:00:00+00:00,CAL,California,D,Demand,28529,megawatthours
2025-02-11 01:00:00+00:00,CAL,California,D,Demand,27941,megawatthours
2025-02-11 02:00:00+00:00,CAL,California,D,Demand,28572,megawatthours
2025-02-11 03:00:00+00:00,CAL,California,D,Demand,31716,megawatthours
2025-02-11 04:00:00+00:00,CAL,California,D,Demand,32913,megawatthours
2025-02-11 05:00:00+00:00,CAL,California,D,Demand,32614,megawatthours
2025-02-11 06:00:00+00:00,CAL,California,D,Demand,32291,megawatthours
2025-02-11 07:00:00+00:00,CAL,California,D,Demand,31521,megawatthours
2025-02-11 08:00:00+00:00,CAL,California,D,Demand,29992,megawatthours
2025-02-11 09:00:00+00:00,CAL,California,D,Demand,28595,megawatthours
2025-02-11 10:00:00+00:00,CAL,California,D,Demand,27469,megawatthours
2025-02-11 11:00:00+00:00,CAL,California,D,Demand,26501,megawatthours
2025-02-11 12:00:00+00:00,CAL,California,D,Demand,25904,megawatthours
2025-02-11 13:00:00+00:00,CAL,California,D,Demand,26038,megawatthours
2025-02-11 14:00:00+00:00,CAL,California,D,Demand,26710,megawatthours
2025-02-11 15:00:00+00:00,CAL,California,D,Demand,28550,megawatthours
2025-02-11 16:00:00+00:00,CAL,California,D,Demand,31639,megawatthours
2025-02-11 17:00:00+00:00,CAL,California,D,Demand,32818,megawatthours
2025-02-11 18:00:00+00:00,CAL,California,D,Demand,32514,megawatthours
2025-02-11 19:00:00+00:00,CAL,California,D,Demand,31246,megawatthours
2025-02-11 20:00:00+00:00,CAL,California,D,Demand,30669,megawatthours
2025-02-11 21:00:00+00:00,CAL,California,D,Demand,30289,megawatthours
2025-02-11 22:00:00+00:00,CAL,California,D,Demand,30258,megawatthours
2025-02-11 23:00:00+00:00,CAL,California,D,Demand,30874,megawatthours
2025-02-12 00:00:00+00:00,CAL,California,D,Demand,31093,megawatthours
2025-02-12 01:00:00+00:00,CAL,California,D,Demand,30621,megawatthours
2025-02-12 02:00:00+00:00,CAL,California,D,Demand,30801,megawatthours
2025-02-12 03:00:00+00:00,CAL,California,D,Demand,33229,megawatthours
2025-02-12 04:00:00+00:00,CAL,California,D,Demand,34095,megawatthours
2025-02-12 05:00:00+00:00,CAL,California,D,Demand,33606,megawatthours
2025-02-12 06:00:00+00:00,CAL,California,D,Demand,32792,megawatthours
2025-02-12 07:00:00+00:00,CAL,California,D,Demand,31592,megawatthours
2025-02-12 08:00:00+00:00,CAL,California,D,Demand,29788,megawatthours
2025-02-12 09:00:00+00:00,CAL,California,D,Demand,28215,megawatthours
2025-02-12 10:00:00+00:00,CAL,California,D,Demand,28270,megawatthours
2025-02-12 11:00:00+00:00,CAL,California,D,Demand,28482,megawatthours
2025-02-12 12:00:00+00:00,CAL,California,D,Demand,27983,megawatthours
2025-02-12 13:00:00+00:00,CAL,California,D,Demand,27991,megawatthours
2025-02-12 14:00:00+00:00,CAL,California,D,Demand,27866,megawatthours
2025-02-12 15:00:00+00:00,CAL,California,D,Demand,29152,megawatthours
2025-02-12 16:00:00+00:00,CAL,California,D,Demand,31731,megawatthours
2025-02-12 17:00:00+00:00,CAL,California,D,Demand,33019,megawatthours
2025-02-12 18:00:00+00:00,CAL,California,D,Demand,34102,megawatthours
2025-02-12 19:00:00+00:00,CAL,California,D,Demand,34083,megawatthours
2025-02-12 20:00:00+00:00,CAL,California,D,Demand,33914,megawatthours
2025-02-12 21:00:00+00:00,CAL,California,D,Demand,33327,megawatthours
2025-02-12 22:00:00+00:00,CAL,California,D,Demand,33402,megawatthours
2025-02-12 23:00:00+00:00,CAL,California,D,Demand,32988,megawatthours
2025-02-13 00:00:00+00:00,CAL,California,D,Demand,31873,megawatthours
2025-02-13 01:00:00+00:00,CAL,California,D,Demand,31722,megawatthours
2025-02-13 02:00:00+00:00,CAL,California,D,Demand,32253,megawatthours
2025-02-13 03:00:00+00:00,CAL,California,D,Demand,34083,megawatthours
2025-02-13 04:00:00+00:00,CAL,California,D,Demand,34484,megawatthours
2025-02-13 05:00:00+00:00,CAL,California,D,Demand,33724,megawatthours
2025-02-13 06:00:00+00:00,CAL,California,D,Demand,32653,megawatthours
2025-02-13 07:00:00+00:00,CAL,California,D,Demand,31616,megawatthours
2025-02-13 08:00:00+00:00,CAL,California,D,Demand,29962,megawatthours
2025-02-13 09:00:00+00:00,CAL,California,D,Demand,29202,megawatthours
2025-02-13 10:00:00+00:00,CAL,California,D,Demand,28707,megawatthours
2025-02-13 11:00:00+00:00,CAL,California,D,Demand,28218,megawatthours
2025-02-13 12:00:00+00:00,CAL,California,D,Demand,27806,megawatthours
2025-02-13 13:00:00+00:00,CAL,California,D,Demand,27351,megawatthours
2025-02-13 14:00:00+00:00,CAL,California,D,Demand,27969,megawatthours
2025-02-13 15:00:00+00:00,CAL,California,D,Demand,28418,megawatthours
2025-02-13 16:00:00+00:00,CAL,California,D,Demand,30362,megawatthours
2025-02-13 17:00:00+00:00,CAL,California,D,Demand,31903,megawatthours
2025-02-13 18:00:00+00:00,CAL,California,D,Demand,32966,megawatthours
2025-02-13 19:00:00+00:00,CAL,California,D,Demand,33176,megawatthours
2025-02-13 20:00:00+00:00,CAL,California,D,Demand,33098,megawatthours
2025-02-13 21:00:00+00:00,CAL,California,D,Demand,33792,megawatthours
2025-02-13 22:00:00+00:00,CAL,California,D,Demand,33795,megawatthours
2025-02-13 23:00:00+00:00,CAL,California,D,Demand,33978,megawatthours
2025-02-14 00:00:00+00:00,CAL,California,D,Demand,32676,megawatthours
2025-02-14 01:00:00+00:00,CAL,California,D,Demand,32356,megawatthours
2025-02-14 02:00:00+00:00,CAL,California,D,Demand,32689,megawatthours
2025-02-14 03:00:00+00:00,CAL,California,D,Demand,33980,megawatthours
2025-02-14 04:00:00+00:00,CAL,California,D,Demand,33986,megawatthours
2025-02-14 05:00:00+00:00,CAL,California,D,Demand,33346,megawatthours
2025-02-14 06:00:00+00:00,CAL,California,D,Demand,32349,megawatthours
2025-02-14 07:00:00+00:00,CAL,California,D,Demand,31550,megawatthours
2025-02-14 08:00:00+00:00,CAL,California,D,Demand,30281,megawatthours
2025-02-14 09:00:00+00:00,CAL,California,D,Demand,28836,megawatthours
2025-02-14 10:00:00+00:00,CAL,California,D,Demand,28264,megawatthours
2025-02-14 11:00:00+00:00,CAL,California,D,Demand,26811,megawatthours
2025-02-14 12:00:00+00:00,CAL,California,D,Demand,26267,megawatthours
2025-02-14 13:00:00+00:00,CAL,California,D,Demand,25959,megawatthours
2025-02-14 14:00:00+00:00,CAL,California,D,Demand,26129,megawatthours
2025-02-14 15:00:00+00:00,CAL,California,D,Demand,27686,megawatthours
2025-02-14 16:00:00+00:00,CAL,California,D,Demand,29788,megawatthours
2025-02-14 17:00:00+00:00,CAL,California,D,Demand,31133,megawatthours
2025-02-14 18:00:00+00:00,CAL,California,D,Demand,31908,megawatthours
2025-02-14 19:00:00+00:00,CAL,California,D,Demand,31867,megawatthours
2025-02-14 20:00:00+00:00,CAL,California,D,Demand,31249,megawatthours
2025-02-14 21:00:00+00:00,CAL,California,D,Demand,30170,megawatthours
2025-02-14 22:00:00+00:00,CAL,California,D,Demand,29487,megawatthours
2025-02-14 23:00:00+00:00,CAL,California,D,Demand,28593,megawatthours
2025-02-15 00:00:00+00:00,CAL,California,D,Demand,27678,megawatthours
2025-02-15 01:00:00+00:00,CAL,California,D,Demand,27237,megawatthours
2025-02-15 02:00:00+00:00,CAL,California,D,Demand,28168,megawatthours
2025-02-15 03:00:00+00:00,CAL,California,D,Demand,31131,megawatthours
2025-02-15 04:00:00+00:00,CAL,California,D,Demand,32041,megawatthours
2025-02-15 05:00:00+00:00,CAL,California,D,Demand,31910,megawatthours
2025-02-15 06:00:00+00:00,CAL,California,D,Demand,31358,megawatthours
2025-02-15 07:00:00+00:00,CAL,California,D,Demand,30606,megawatthours
2025-02-15 08:00:00+00:00,CAL,California,D,Demand,29553,megawatthours
2025-02-15 09:00:00+00:00,CAL,California,D,Demand,28000,megawatthours
2025-02-15 10:00:00+00:00,CAL,California,D,Demand,27145,megawatthours
2025-02-15 11:00:00+00:00,CAL,California,D,Demand,26192,megawatthours
2025-02-15 12:00:00+00:00,CAL,California,D,Demand,25645,megawatthours
2025-02-15 13:00:00+00:00,CAL,California,D,Demand,25577,megawatthours
2025-02-15 14:00:00+00:00,CAL,California,D,Demand,25507,megawatthours
2025-02-15 15:00:00+00:00,CAL,California,D,Demand,26468,megawatthours
2025-02-15 16:00:00+00:00,CAL,California,D,Demand,27535,megawatthours
2025-02-15 17:00:00+00:00,CAL,California,D,Demand,27778,megawatthours
2025-02-15 18:00:00+00:00,CAL,California,D,Demand,28398,megawatthours
2025-02-15 19:00:00+00:00,CAL,California,D,Demand,28517,megawatthours
2025-02-15 20:00:00+00:00,CAL,California,D,Demand,26575,megawatthours
2025-02-15 21:00:00+00:00,CAL,California,D,Demand,25573,megawatthours
2025-02-15 22:00:00+00:00,CAL,California,D,Demand,24886,megawatthours
2025-02-15 23:00:00+00:00,CAL,California,D,Demand,24238,megawatthours
2025-02-16 00:00:00+00:00,CAL,California,D,Demand,24091,megawatthours
2025-02-16 01:00:00+00:00,CAL,California,D,Demand,24456,megawatthours
2025-02-16 02:00:00+00:00,CAL,California,D,Demand,26300,megawatthours
2025-02-16 03:00:00+00:00,CAL,California,D,Demand,28987,megawatthours
2025-02-16 04:00:00+00:00,CAL,California,D,Demand,30300,megawatthours
2025-02-16 05:00:00+00:00,CAL,California,D,Demand,30031,megawatthours
2025-02-16 06:00:00+00:00,CAL,California,D,Demand,29406,megawatthours
2025-02-16 07:00:00+00:00,CAL,California,D,Demand,28663,megawatthours
2025-02-16 08:00:00+00:00,CAL,California,D,Demand,27474,megawatthours
2025-02-16 09:00:00+00:00,CAL,California,D,Demand,26328,megawatthours
2025-02-16 10:00:00+00:00,CAL,California,D,Demand,25748,megawatthours
2025-02-16 11:00:00+00:00,CAL,California,D,Demand,25081,megawatthours
2025-02-16 12:00:00+00:00,CAL,California,D,Demand,24888,megawatthours
2025-02-16 13:00:00+00:00,CAL,California,D,Demand,24779,megawatthours
2025-02-16 14:00:00+00:00,CAL,California,D,Demand,24681,megawatthours
2025-02-16 15:00:00+00:00,CAL,California,D,Demand,25026,megawatthours
2025-02-16 16:00:00+00:00,CAL,California,D,Demand,25742,megawatthours
2025-02-16 17:00:00+00:00,CAL,California,D,Demand,25920,megawatthours
2025-02-16 18:00:00+00:00,CAL,California,D,Demand,26167,megawatthours
2025-02-16 19:00:00+00:00,CAL,California,D,Demand,25790,megawatthours
2025-02-16 20:00:00+00:00,CAL,California,D,Demand,25588,megawatthours
2025-02-16 21:00:00+00:00,CAL,California,D,Demand,25146,megawatthours
2025-02-16 22:00:00+00:00,CAL,California,D,Demand,24195,megawatthours
2025-02-16 23:00:00+00:00,CAL,California,D,Demand,25151,megawatthours
2025-02-17 00:00:00+00:00,CAL,California,D,Demand,25260,megawatthours
2025-02-17 01:00:00+00:00,CAL,California,D,Demand,25323,megawatthours
2025-02-17 02:00:00+00:00,CAL,California,D,Demand,25803,megawatthours
2025-02-17 03:00:00+00:00,CAL,California,D,Demand,28132,megawatthours
2025-02-17 04:00:00+00:00,CAL,California,D,Demand,29343,megawatthours
2025-02-17 05:00:00+00:00,CAL,California,D,Demand,29132,megawatthours
2025-02-17 06:00:00+00:00,CAL,California,D,Demand,28484,megawatthours
2025-02-17 07:00:00+00:00,CAL,California,D,Demand,28018,megawatthours
2025-02-17 08:00:00+00:00,CAL,California,D,Demand,27209,megawatthours
2025-02-17 09:00:00+00:00,CAL,California,D,Demand,25930,megawatthours
2025-02-17 10:00:00+00:00,CAL,California,D,Demand,25327,megawatthours
2025-02-17 11:00:00+00:00,CAL,California,D,Demand,24767,megawatthours
2025-02-17 12:00:00+00:00,CAL,California,D,Demand,24463,megawatthours
2025-02-17 13:00:00+00:00,CAL,California,D,Demand,24089,megawatthours
2025-02-17 14:00:00+00:00,CAL,California,D,Demand,24429,megawatthours
2025-02-17 15:00:00+00:00,CAL,California,D,Demand,26031,megawatthours
2025-02-17 16:00:00+00:00,CAL,California,D,Demand,27523,megawatthours
2025-02-17 17:00:00+00:00,CAL,California,D,Demand,28401,megawatthours
2025-02-17 18:00:00+00:00,CAL,California,D,Demand,29194,megawatthours
2025-02-17 19:00:00+00:00,CAL,California,D,Demand,29234,megawatthours
2025-02-17 20:00:00+00:00,CAL,California,D,Demand,28714,megawatthours
2025-02-17 21:00:00+00:00,CAL,California,D,Demand,28048,megawatthours
2025-02-17 22:00:00+00:00,CAL,California,D,Demand,27914,megawatthours
2025-02-17 23:00:00+00:00,CAL,California,D,Demand,26941,megawatthours
2025-02-18 00:00:00+00:00,CAL,California,D,Demand,27151,megawatthours
2025-02-18 01:00:00+00:00,CAL,California,D,Demand,26620,megawatthours
2025-02-18 02:00:00+00:00,CAL,California,D,Demand,27527,megawatthours
2025-02-18 03:00:00+00:00,CAL,California,D,Demand,30368,megawatthours
2025-02-18 04:00:00+00:00,CAL,California,D,Demand,31790,megawatthours
2025-02-18 05:00:00+00:00,CAL,California,D,Demand,31481,megawatthours
2025-02-18 06:00:00+00:00,CAL,California,D,Demand,30928,megawatthours
2025-02-18 07:00:00+00:00,CAL,California,D,Demand,30024,megawatthours
2025-02-18 08:00:00+00:00,CAL,California,D,Demand,28317,megawatthours
2025-02-18 09:00:00+00:00,CAL,California,D,Demand,26845,megawatthours
2025-02-18 10:00:00+00:00,CAL,California,D,Demand,26234,megawatthours
2025-02-18 11:00:00+00:00,CAL,California,D,Demand,25410,megawatthours
2025-02-18 12:00:00+00:00,CAL,California,D,Demand,25014,megawatthours
2025-02-18 13:00:00+00:00,CAL,California,D,Demand,24735,megawatthours
2025-02-18 14:00:00+00:00,CAL,California,D,Demand,25322,megawatthours
2025-02-18 15:00:00+00:00,CAL,California,D,Demand,26890,megawatthours
2025-02-18 16:00:00+00:00,CAL,California,D,Demand,28808,megawatthours
2025-02-18 17:00:00+00:00,CAL,California,D,Demand,30367,megawatthours
2025-02-18 18:00:00+00:00,CAL,California,D,Demand,30674,megawatthours
2025-02-18 19:00:00+00:00,CAL,California,D,Demand,30024,megawatthours
2025-02-18 20:00:00+00:00,CAL,California,D,Demand,28636,megawatthours
2025-02-18 21:00:00+00:00,CAL,California,D,Demand,28024,megawatthours
2025-02-18 22:00:00+00:00,CAL,California,D,Demand,27406,megawatthours
2025-02-18 23:00:00+00:00,CAL,California,D,Demand,27203,megawatthours
2025-02-19 00:00:00+00:00,CAL,California,D,Demand,27110,megawatthours
2025-02-19 01:00:00+00:00,CAL,California,D,Demand,27102,megawatthours
2025-02-19 02:00:00+00:00,CAL,California,D,Demand,27803,megawatthours
2025-02-19 03:00:00+00:00,CAL,California,D,Demand,30347,megawatthours
2025-02-19 04:00:00+00:00,CAL,California,D,Demand,31529,megawatthours
2025-02-19 05:00:00+00:00,CAL,California,D,Demand,31015,megawatthours
2025-02-19 06:00:00+00:00,CAL,California,D,Demand,30332,megawatthours
2025-02-19 07:00:00+00:00,CAL,California,D,Demand,29533,megawatthours
2025-02-19 08:00:00+00:00,CAL,California,D,Demand,27851,megawatthours
2025-02-19 09:00:00+00:00,CAL,California,D,Demand,26489,megawatthours
2025-02-19 10:00:00+00:00,CAL,California,D,Demand,25727,megawatthours
2025-02-19 11:00:00+00:00,CAL,California,D,Demand,24749,megawatthours
2025-02-19 12:00:00+00:00,CAL,California,D,Demand,24231,megawatthours
2025-02-19 13:00:00+00:00,CAL,California,D,Demand,24105,megawatthours
2025-02-19 14:00:00+00:00,CAL,California,D,Demand,24803,megawatthours
2025-02-19 15:00:00+00:00,CAL,California,D,Demand,26720,megawatthours
2025-02-19 16:00:00+00:00,CAL,California,D,Demand,28970,megawatthours
2025-02-19 17:00:00+00:00,CAL,California,D,Demand,30020,megawatthours
2025-02-19 18:00:00+00:00,CAL,California,D,Demand,29621,megawatthours
2025-02-19 19:00:00+00:00,CAL,California,D,Demand,30284,megawatthours
2025-02-19 20:00:00+00:00,CAL,California,D,Demand,29767,megawatthours
2025-02-19 21:00:00+00:00,CAL,California,D,Demand,30036,megawatthours
2025-02-19 22:00:00+00:00,CAL,California,D,Demand,29624,megawatthours
2025-02-19 23:00:00+00:00,CAL,California,D,Demand,28923,megawatthours
2025-02-20 00:00:00+00:00,CAL,California,D,Demand,28371,megawatthours
2025-02-20 01:00:00+00:00,CAL,California,D,Demand,27940,megawatthours
2025-02-20 02:00:00+00:00,CAL,California,D,Demand,28405,megawatthours
2025-02-20 03:00:00+00:00,CAL,California,D,Demand,30509,megawatthours
2025-02-20 04:00:00+00:00,CAL,California,D,Demand,31687,megawatthours
2025-02-20 05:00:00+00:00,CAL,California,D,Demand,31202,megawatthours
2025-02-20 06:00:00+00:00,CAL,California,D,Demand,30291,megawatthours
2025-02-20 07:00:00+00:00,CAL,California,D,Demand,29246,megawatthours
2025-02-20 08:00:00+00:00,CAL,California,D,Demand,28079,megawatthours
2025-02-20 09:00:00+00:00,CAL,California,D,Demand,26840,megawatthours
2025-02-20 10:00:00+00:00,CAL,California,D,Demand,25699,megawatthours
2025-02-20 11:00:00+00:00,CAL,California,D,Demand,25173,megawatthours
2025-02-20 12:00:00+00:00,CAL,California,D,Demand,24918,megawatthours
2025-02-20 13:00:00+00:00,CAL,California,D,Demand,24444,megawatthours
2025-02-20 14:00:00+00:00,CAL,California,D,Demand,24851,megawatthours
2025-02-20 15:00:00+00:00,CAL,California,D,Demand,26644,megawatthours
2025-02-20 16:00:00+00:00,CAL,California,D,Demand,28929,megawatthours
2025-02-20 17:00:00+00:00,CAL,California,D,Demand,30670,megawatthours
2025-02-20 18:00:00+00:00,CAL,California,D,Demand,30410,megawatthours
2025-02-20 19:00:00+00:00,CAL,California,D,Demand,29875,megawatthours
2025-02-20 20:00:00+00:00,CAL,California,D,Demand,29359,megawatthours
2025-02-20 21:00:00+00:00,CAL,California,D,Demand,28230,megawatthours
2025-02-20 22:00:00+00:00,CAL,California,D,Demand,27754,megawatthours
2025-02-20 23:00:00+00:00,CAL,California,D,Demand,27735,megawatthours
2025-02-21 00:00:00+00:00,CAL,California,D,Demand,27183,megawatthours
2025-02-21 01:00:00+00:00,CAL,California,D,Demand,27175,megawatthours
2025-02-21 02:00:00+00:00,CAL,California,D,Demand,27735,megawatthours
2025-02-21 03:00:00+00:00,CAL,California,D,Demand,30085,megawatthours
2025-02-21 04:00:00+00:00,CAL,California,D,Demand,31104,megawatthours
2025-02-21 05:00:00+00:00,CAL,California,D,Demand,30687,megawatthours
2025-02-21 06:00:00+00:00,CAL,California,D,Demand,29938,megawatthours
2025-02-21 07:00:00+00:00,CAL,California,D,Demand,29406,megawatthours
2025-02-21 08:00:00+00:00,CAL,California,D,Demand,27798,megawatthours
2025-02-21 09:00:00+00:00,CAL,California,D,Demand,26509,megawatthours
2025-02-21 10:00:00+00:00,CAL,California,D,Demand,25773,megawatthours
2025-02-21 11:00:00+00:00,CAL,California,D,Demand,24853,megawatthours
2025-02-21 12:00:00+00:00,CAL,California,D,Demand,24291,megawatthours
2025-02-21 13:00:00+00:00,CAL,California,D,Demand,24147,megawatthours
2025-02-21 14:00:00+00:00,CAL,California,D,Demand,24381,megawatthours
2025-02-21 15:00:00+00:00,CAL,California,D,Demand,26280,megawatthours
2025-02-21 16:00:00+00:00,CAL,California,D,Demand,28421,megawatthours
2025-02-21 17:00:00+00:00,CAL,California,D,Demand,30026,megawatthours
2025-02-21 18:00:00+00:00,CAL,California,D,Demand,30472,megawatthours
2025-02-21 19:00:00+00:00,CAL,California,D,Demand,29674,megawatthours
2025-02-21 20:00:00+00:00,CAL,California,D,Demand,28893,megawatthours
2025-02-21 21:00:00+00:00,CAL,California,D,Demand,28123,megawatthours
2025-02-21 22:00:00+00:00,CAL,California,D,Demand,28154,megawatthours
2025-02-21 23:00:00+00:00,CAL,California,D,Demand,27063,megawatthours
2025-02-22 00:00:00+00:00,CAL,California,D,Demand,26666,megawatthours
2025-02-22 01:00:00+00:00,CAL,California,D,Demand,26847,megawatthours
2025-02-22 02:00:00+00:00,CAL,California,D,Demand,27539,megawatthours
2025-02-22 03:00:00+00:00,CAL,California,D,Demand,29592,megawatthours
2025-02-22 04:00:00+00:00,CAL,California,D,Demand,30357,megawatthours
2025-02-22 05:00:00+00:00,CAL,California,D,Demand,29827,megawatthours
2025-02-22 06:00:00+00:00,CAL,California,D,Demand,29115,megawatthours
2025-02-22 07:00:00+00:00,CAL,California,D,Demand,28627,megawatthours
2025-02-22 08:00:00+00:00,CAL,California,D,Demand,27521,megawatthours
2025-02-22 09:00:00+00:00,CAL,California,D,Demand,26590,megawatthours
2025-02-22 10:00:00+00:00,CAL,California,D,Demand,25639,megawatthours
2025-02-22 11:00:00+00:00,CAL,California,D,Demand,24859,megawatthours
2025-02-22 12:00:00+00:00,CAL,California,D,Demand,24275,megawatthours
2025-02-22 13:00:00+00:00,CAL,California,D,Demand,23733,megawatthours
2025-02-22 14:00:00+00:00,CAL,California,D,Demand,23691,megawatthours
2025-02-22 15:00:00+00:00,CAL,California,D,Demand,24501,megawatthours
2025-02-22 16:00:00+00:00,CAL,California,D,Demand,25318,megawatthours
2025-02-22 17:00:00+00:00,CAL,California,D,Demand,26035,megawatthours
2025-02-22 18:00:00+00:00,CAL,California,D,Demand,27013,megawatthours
2025-02-22 19:00:00+00:00,CAL,California,D,Demand,25584,megawatthours
2025-02-22 20:00:00+00:00,CAL,California,D,Demand,25198,megawatthours
2025-02-22 21:00:00+00:00,CAL,California,D,Demand,24529,megawatthours
2025-02-22 22:00:00+00:00,CAL,California,D,Demand,23573,megawatthours
2025-02-22 23:00:00+00:00,CAL,California,D,Demand,23178,megawatthours
2025-02-23 00:00:00+00:00,CAL,California,D,Demand,23186,megawatthours
2025-02-23 01:00:00+00:00,CAL,California,D,Demand,23693,megawatthours
2025-02-23 02:00:00+00:00,CAL,California,D,Demand,25106,megawatthours
2025-02-23 03:00:00+00:00,CAL,California,D,Demand,27989,megawatthours
2025-02-23 04:00:00+00:00,CAL,California,D,Demand,29365,megawatthours
2025-02-23 05:00:00+00:00,CAL,California,D,Demand,28975,megawatthours
2025-02-23 06:00:00+00:00,CAL,California,D,Demand,28338,megawatthours
2025-02-23 07:00:00+00:00,CAL,California,D,Demand,27711,megawatthours
2025-02-23 08:00:00+00:00,CAL,California,D,Demand,26628,megawatthours
2025-02-23 09:00:00+00:00,CAL,California,D,Demand,25423,megawatthours
2025-02-23 10:00:00+00:00,CAL,California,D,Demand,24673,megawatthours
2025-02-23 11:00:00+00:00,CAL,California,D,Demand,23720,megawatthours
2025-02-23 12:00:00+00:00,CAL,California,D,Demand,23060,megawatthours
2025-02-23 13:00:00+00:00,CAL,California,D,Demand,22775,megawatthours
2025-02-23 14:00:00+00:00,CAL,California,D,Demand,22966,megawatthours
2025-02-23 15:00:00+00:00,CAL,California,D,Demand,23855,megawatthours
2025-02-23 16:00:00+00:00,CAL,California,D,Demand,24482,megawatthours
2025-02-23 17:00:00+00:00,CAL,California,D,Demand,25324,megawatthours
2025-02-23 18:00:00+00:00,CAL,California,D,Demand,26755,megawatthours
2025-02-23 19:00:00+00:00,CAL,California,D,Demand,27071,megawatthours
2025-02-23 20:00:00+00:00,CAL,California,D,Demand,25672,megawatthours
2025-02-23 21:00:00+00:00,CAL,California,D,Demand,24896,megawatthours
2025-02-23 22:00:00+00:00,CAL,California,D,Demand,24132,megawatthours
2025-02-23 23:00:00+00:00,CAL,California,D,Demand,23223,megawatthours
2025-02-24 00:00:00+00:00,CAL,California,D,Demand,23472,megawatthours
2025-02-24 01:00:00+00:00,CAL,California,D,Demand,23345,megawatthours
2025-02-24 02:00:00+00:00,CAL,California,D,Demand,25311,megawatthours
2025-02-24 03:00:00+00:00,CAL,California,D,Demand,28369,megawatthours
2025-02-24 04:00:00+00:00,CAL,California,D,Demand,30131,megawatthours
2025-02-24 05:00:00+00:00,CAL,California,D,Demand,29752,megawatthours
2025-02-24 06:00:00+00:00,CAL,California,D,Demand,28829,megawatthours
2025-02-24 07:00:00+00:00,CAL,California,D,Demand,27935,megawatthours
2025-02-24 08:00:00+00:00,CAL,California,D,Demand,26578,megawatthours
2025-02-24 09:00:00+00:00,CAL,California,D,Demand,25047,megawatthours
2025-02-24 10:00:00+00:00,CAL,California,D,Demand,24353,megawatthours
2025-02-24 11:00:00+00:00,CAL,California,D,Demand,23631,megawatthours
2025-02-24 12:00:00+00:00,CAL,California,D,Demand,23529,megawatthours
2025-02-24 13:00:00+00:00,CAL,California,D,Demand,23534,megawatthours
2025-02-24 14:00:00+00:00,CAL,California,D,Demand,24119,megawatthours
2025-02-24 15:00:00+00:00,CAL,California,D,Demand,26043,megawatthours
2025-02-24 16:00:00+00:00,CAL,California,D,Demand,28119,megawatthours
2025-02-24 17:00:00+00:00,CAL,California,D,Demand,29764,megawatthours
2025-02-24 18:00:00+00:00,CAL,California,D,Demand,30194,megawatthours
2025-02-24 19:00:00+00:00,CAL,California,D,Demand,30632,megawatthours
2025-02-24 20:00:00+00:00,CAL,California,D,Demand,29833,megawatthours
2025-02-24 21:00:00+00:00,CAL,California,D,Demand,29938,megawatthours
2025-02-24 22:00:00+00:00,CAL,California,D,Demand,28825,megawatthours
2025-02-24 23:00:00+00:00,CAL,California,D,Demand,28484,megawatthours
2025-02-25 00:00:00+00:00,CAL,California,D,Demand,28766,megawatthours
2025-02-25 01:00:00+00:00,CAL,California,D,Demand,28424,megawatthours
2025-02-25 02:00:00+00:00,CAL,California,D,Demand,29661,megawatthours
2025-02-25 03:00:00+00:00,CAL,California,D,Demand,31258,megawatthours
2025-02-25 04:00:00+00:00,CAL,California,D,Demand,32113,megawatthours
2025-02-25 05:00:00+00:00,CAL,California,D,Demand,31587,megawatthours
2025-02-25 06:00:00+00:00,CAL,California,D,Demand,30629,megawatthours
2025-02-25 07:00:00+00:00,CAL,California,D,Demand,29741,megawatthours
2025-02-25 08:00:00+00:00,CAL,California,D,Demand,28026,megawatthours
2025-02-25 09:00:00+00:00,CAL,California,D,Demand,26506,megawatthours
2025-02-25 10:00:00+00:00,CAL,California,D,Demand,25648,megawatthours
2025-02-25 11:00:00+00:00,CAL,California,D,Demand,24749,megawatthours
2025-02-25 12:00:00+00:00,CAL,California,D,Demand,24281,megawatthours
2025-02-25 13:00:00+00:00,CAL,California,D,Demand,24143,megawatthours
2025-02-25 14:00:00+00:00,CAL,California,D,Demand,24735,megawatthours
2025-02-25 15:00:00+00:00,CAL,California,D,Demand,26600,megawatthours
2025-02-25 16:00:00+00:00,CAL,California,D,Demand,28649,megawatthours
2025-02-25 17:00:00+00:00,CAL,California,D,Demand,30002,megawatthours
2025-02-25 18:00:00+00:00,CAL,California,D,Demand,30610,megawatthours
2025-02-25 19:00:00+00:00,CAL,California,D,Demand,29579,megawatthours
2025-02-25 20:00:00+00:00,CAL,California,D,Demand,29096,megawatthours
2025-02-25 21:00:00+00:00,CAL,California,D,Demand,28473,megawatthours
2025-02-25 22:00:00+00:00,CAL,California,D,Demand,28276,megawatthours
2025-02-25 23:00:00+00:00,CAL,California,D,Demand,27388,megawatthours
2025-02-26 00:00:00+00:00,CAL,California,D,Demand,27515,megawatthours
2025-02-26 01:00:00+00:00,CAL,California,D,Demand,27730,megawatthours
2025-02-26 02:00:00+00:00,CAL,California,D,Demand,28291,megawatthours
2025-02-26 03:00:00+00:00,CAL,California,D,Demand,30479,megawatthours
2025-02-26 04:00:00+00:00,CAL,California,D,Demand,31301,megawatthours
2025-02-26 05:00:00+00:00,CAL,California,D,Demand,30950,megawatthours
2025-02-26 06:00:00+00:00,CAL,California,D,Demand,30018,megawatthours
2025-02-26 07:00:00+00:00,CAL,California,D,Demand,29098,megawatthours
2025-02-26 08:00:00+00:00,CAL,California,D,Demand,27427,megawatthours
2025-02-26 09:00:00+00:00,CAL,California,D,Demand,25599,megawatthours
2025-02-26 10:00:00+00:00,CAL,California,D,Demand,25130,megawatthours
2025-02-26 11:00:00+00:00,CAL,California,D,Demand,24287,megawatthours
2025-02-26 12:00:00+00:00,CAL,California,D,Demand,23854,megawatthours
2025-02-26 13:00:00+00:00,CAL,California,D,Demand,23706,megawatthours
2025-02-26 14:00:00+00:00,CAL,California,D,Demand,24485,megawatthours
2025-02-26 15:00:00+00:00,CAL,California,D,Demand,26163,megawatthours
2025-02-26 16:00:00+00:00,CAL,California,D,Demand,28397,megawatthours
2025-02-26 17:00:00+00:00,CAL,California,D,Demand,29534,megawatthours
2025-02-26 18:00:00+00:00,CAL,California,D,Demand,29094,megawatthours
2025-02-26 19:00:00+00:00,CAL,California,D,Demand,27908,megawatthours
2025-02-26 20:00:00+00:00,CAL,California,D,Demand,26798,megawatthours
2025-02-26 21:00:00+00:00,CAL,California,D,Demand,26146,megawatthours
2025-02-26 22:00:00+00:00,CAL,California,D,Demand,26462,megawatthours
2025-02-26 23:00:00+00:00,CAL,California,D,Demand,25848,megawatthours
2025-02-27 00:00:00+00:00,CAL,California,D,Demand,26669,megawatthours
2025-02-27 01:00:00+00:00,CAL,California,D,Demand,27663,megawatthours
2025-02-27 02:00:00+00:00,CAL,California,D,Demand,28336,megawatthours
2025-02-27 03:00:00+00:00,CAL,California,D,Demand,30748,megawatthours
2025-02-27 04:00:00+00:00,CAL,California,D,Demand,31719,megawatthours
2025-02-27 05:00:00+00:00,CAL,California,D,Demand,31276,megawatthours
2025-02-27 06:00:00+00:00,CAL,California,D,Demand,30220,megawatthours
2025-02-27 07:00:00+00:00,CAL,California,D,Demand,29128,megawatthours
2025-02-27 08:00:00+00:00,CAL,California,D,Demand,27431,megawatthours
2025-02-27 09:00:00+00:00,CAL,California,D,Demand,26117,megawatthours
2025-02-27 10:00:00+00:00,CAL,California,D,Demand,25227,megawatthours
2025-02-27 11:00:00+00:00,CAL,California,D,Demand,24375,megawatthours
2025-02-27 12:00:00+00:00,CAL,California,D,Demand,23896,megawatthours
2025-02-27 13:00:00+00:00,CAL,California,D,Demand,23695,megawatthours
2025-02-27 14:00:00+00:00,CAL,California,D,Demand,24405,megawatthours
2025-02-27 15:00:00+00:00,CAL,California,D,Demand,26049,megawatthours
2025-02-27 16:00:00+00:00,CAL,California,D,Demand,28205,megawatthours
2025-02-27 17:00:00+00:00,CAL,California,D,Demand,29330,megawatthours
2025-02-27 18:00:00+00:00,CAL,California,D,Demand,30112,megawatthours
2025-02-27 19:00:00+00:00,CAL,California,D,Demand,30063,megawatthours
2025-02-27 20:00:00+00:00,CAL,California,D,Demand,29756,megawatthours
2025-02-27 21:00:00+00:00,CAL,California,D,Demand,29654,megawatthours
2025-02-27 22:00:00+00:00,CAL,California,D,Demand,28991,megawatthours
2025-02-27 23:00:00+00:00,CAL,California,D,Demand,28346,megawatthours
2025-02-28 00:00:00+00:00,CAL,California,D,Demand,28336,megawatthours
2025-02-28 01:00:00+00:00,CAL,California,D,Demand,28711,megawatthours
2025-02-28 02:00:00+00:00,CAL,California,D,Demand,29282,megawatthours
2025-02-28 03:00:00+00:00,CAL,California,D,Demand,31200,megawatthours
2025-02-28 04:00:00+00:00,CAL,California,D,Demand,31920,megawatthours
2025-02-28 05:00:00+00:00,CAL,California,D,Demand,31189,megawatthours
2025-02-28 06:00:00+00:00,CAL,California,D,Demand,29978,megawatthours
2025-02-28 07:00:00+00:00,CAL,California,D,Demand,28861,megawatthours
2025-02-28 08:00:00+00:00,CAL,California,D,Demand,27238,megawatthours
2025-02-28 09:00:00+00:00,CAL,California,D,Demand,25731,megawatthours
2025-02-28 10:00:00+00:00,CAL,California,D,Demand,25097,megawatthours
2025-02-28 11:00:00+00:00,CAL,California,D,Demand,24339,megawatthours
2025-02-28 12:00:00+00:00,CAL,California,D,Demand,23920,megawatthours
2025-02-28 13:00:00+00:00,CAL,California,D,Demand,23652,megawatthours
2025-02-28 14:00:00+00:00,CAL,California,D,Demand,24146,megawatthours
2025-02-28 15:00:00+00:00,CAL,California,D,Demand,25783,megawatthours
2025-02-28 16:00:00+00:00,CAL,California,D,Demand,27579,megawatthours
2025-02-28 17:00:00+00:00,CAL,California,D,Demand,28754,megawatthours
2025-02-28 18:00:00+00:00,CAL,California,D,Demand,28390,megawatthours
2025-02-28 19:00:00+00:00,CAL,California,D,Demand,28111,megawatthours
2025-02-28 20:00:00+00:00,CAL,California,D,Demand,27175,megawatthours
2025-02-28 21:00:00+00:00,CAL,California,D,Demand,27159,megawatthours
2025-02-28 22:00:00+00:00,CAL,California,D,Demand,27493,megawatthours
2025-02-28 23:00:00+00:00,CAL,California,D,Demand,27220,megawatthours
2025-03-01 00:00:00+00:00,CAL,California,D,Demand,27316,megawatthours
2025-03-01 01:00:00+00:00,CAL,California,D,Demand,28188,megawatthours
2025-03-01 02:00:00+00:00,CAL,California,D,Demand,28291,megawatthours
2025-03-01 03:00:00+00:00,CAL,California,D,Demand,29780,megawatthours
2025-03-01 04:00:00+00:00,CAL,California,D,Demand,30161,megawatthours
2025-03-01 05:00:00+00:00,CAL,California,D,Demand,29672,megawatthours
2025-03-01 06:00:00+00:00,CAL,California,D,Demand,28855,megawatthours
2025-03-01 07:00:00+00:00,CAL,California,D,Demand,27977,megawatthours
2025-03-01 08:00:00+00:00,CAL,California,D,Demand,26732,megawatthours
2025-03-01 09:00:00+00:00,CAL,California,D,Demand,25444,megawatthours
2025-03-01 10:00:00+00:00,CAL,California,D,Demand,24819,megawatthours
2025-03-01 11:00:00+00:00,CAL,California,D,Demand,23796,megawatthours
2025-03-01 12:00:00+00:00,CAL,California,D,Demand,23171,megawatthours
2025-03-01 13:00:00+00:00,CAL,California,D,Demand,22797,megawatthours
2025-03-01 14:00:00+00:00,CAL,California,D,Demand,22936,megawatthours
2025-03-01 15:00:00+00:00,CAL,California,D,Demand,23548,megawatthours
2025-03-01 16:00:00+00:00,CAL,California,D,Demand,24318,megawatthours
2025-03-01 17:00:00+00:00,CAL,California,D,Demand,24739,megawatthours
2025-03-01 18:00:00+00:00,CAL,California,D,Demand,24971,megawatthours
2025-03-01 19:00:00+00:00,CAL,California,D,Demand,25024,megawatthours
2025-03-01 20:00:00+00:00,CAL,California,D,Demand,25557,megawatthours
2025-03-01 21:00:00+00:00,CAL,California,D,Demand,26034,megawatthours
2025-03-01 22:00:00+00:00,CAL,California,D,Demand,25557,megawatthours
2025-03-01 23:00:00+00:00,CAL,California,D,Demand,25641,megawatthours
2025-03-02 00:00:00+00:00,CAL,California,D,Demand,25943,megawatthours
2025-03-02 01:00:00+00:00,CAL,California,D,Demand,26003,megawatthours
2025-03-02 02:00:00+00:00,CAL,California,D,Demand,25946,megawatthours
2025-03-02 03:00:00+00:00,CAL,California,D,Demand,27778,megawatthours
2025-03-02 04:00:00+00:00,CAL,California,D,Demand,29128,megawatthours
2025-03-02 05:00:00+00:00,CAL,California,D,Demand,28721,megawatthours
2025-03-02 06:00:00+00:00,CAL,California,D,Demand,28079,megawatthours
2025-03-02 07:00:00+00:00,CAL,California,D,Demand,27291,megawatthours
2025-03-02 08:00:00+00:00,CAL,California,D,Demand,26207,megawatthours
2025-03-02 09:00:00+00:00,CAL,California,D,Demand,25150,megawatthours
2025-03-02 10:00:00+00:00,CAL,California,D,Demand,24595,megawatthours
2025-03-02 11:00:00+00:00,CAL,California,D,Demand,23514,megawatthours
2025-03-02 12:00:00+00:00,CAL,California,D,Demand,23214,megawatthours
2025-03-02 13:00:00+00:00,CAL,California,D,Demand,22908,megawatthours
2025-03-02 14:00:00+00:00,CAL,California,D,Demand,22928,megawatthours
2025-03-02 15:00:00+00:00,CAL,California,D,Demand,23289,megawatthours
2025-03-02 16:00:00+00:00,CAL,California,D,Demand,24122,megawatthours
2025-03-02 17:00:00+00:00,CAL,California,D,Demand,25364,megawatthours
2025-03-02 18:00:00+00:00,CAL,California,D,Demand,27345,megawatthours
2025-03-02 19:00:00+00:00,CAL,California,D,Demand,27446,megawatthours
2025-03-02 20:00:00+00:00,CAL,California,D,Demand,26462,megawatthours
2025-03-02 21:00:00+00:00,CAL,California,D,Demand,26894,megawatthours
2025-03-02 22:00:00+00:00,CAL,California,D,Demand,25863,megawatthours
2025-03-02 23:00:00+00:00,CAL,California,D,Demand,25769,megawatthours
2025-03-03 00:00:00+00:00,CAL,California,D,Demand,24447,megawatthours
2025-03-03 01:00:00+00:00,CAL,California,D,Demand,23887,megawatthours
2025-03-03 02:00:00+00:00,CAL,California,D,Demand,25444,megawatthours
2025-03-03 03:00:00+00:00,CAL,California,D,Demand,28076,megawatthours
2025-03-03 04:00:00+00:00,CAL,California,D,Demand,29836,megawatthours
2025-03-03 05:00:00+00:00,CAL,California,D,Demand,29680,megawatthours
2025-03-03 06:00:00+00:00,CAL,California,D,Demand,29096,megawatthours
2025-03-03 07:00:00+00:00,CAL,California,D,Demand,28398,megawatthours
2025-03-03 08:00:00+00:00,CAL,California,D,Demand,27058,megawatthours
2025-03-03 09:00:00+00:00,CAL,California,D,Demand,25582,megawatthours
2025-03-03 10:00:00+00:00,CAL,California,D,Demand,24976,megawatthours
2025-03-03 11:00:00+00:00,CAL,California,D,Demand,24268,megawatthours
2025-03-03 12:00:00+00:00,CAL,California,D,Demand,23814,megawatthours
2025-03-03 13:00:00+00:00,CAL,California,D,Demand,24026,megawatthours
2025-03-03 14:00:00+00:00,CAL,California,D,Demand,24854,megawatthours
2025-03-03 15:00:00+00:00,CAL,California,D,Demand,27183,megawatthours
2025-03-03 16:00:00+00:00,CAL,California,D,Demand,29368,megawatthours
2025-03-03 17:00:00+00:00,CAL,California,D,Demand,30297,megawatthours
2025-03-03 18:00:00+00:00,CAL,California,D,Demand,30121,megawatthours
2025-03-03 19:00:00+00:00,CAL,California,D,Demand,28733,megawatthours
2025-03-03 20:00:00+00:00,CAL,California,D,Demand,28182,megawatthours
2025-03-03 21:00:00+00:00,CAL,California,D,Demand,27398,megawatthours
2025-03-03 22:00:00+00:00,CAL,California,D,Demand,27305,megawatthours
2025-03-03 23:00:00+00:00,CAL,California,D,Demand,26712,megawatthours
2025-03-04 00:00:00+00:00,CAL,California,D,Demand,26347,megawatthours
2025-03-04 01:00:00+00:00,CAL,California,D,Demand,26610,megawatthours
2025-03-04 02:00:00+00:00,CAL,California,D,Demand,27470,megawatthours
2025-03-04 03:00:00+00:00,CAL,California,D,Demand,30243,megawatthours
2025-03-04 04:00:00+00:00,CAL,California,D,Demand,31996,megawatthours
2025-03-04 05:00:00+00:00,CAL,California,D,Demand,31938,megawatthours
2025-03-04 06:00:00+00:00,CAL,California,D,Demand,31291,megawatthours
2025-03-04 07:00:00+00:00,CAL,California,D,Demand,30411,megawatthours
2025-03-04 08:00:00+00:00,CAL,California,D,Demand,28637,megawatthours
2025-03-04 09:00:00+00:00,CAL,California,D,Demand,27104,megawatthours
2025-03-04 10:00:00+00:00,CAL,California,D,Demand,26576,megawatthours
2025-03-04 11:00:00+00:00,CAL,California,D,Demand,25985,megawatthours
2025-03-04 12:00:00+00:00,CAL,California,D,Demand,25388,megawatthours
2025-03-04 13:00:00+00:00,CAL,California,D,Demand,25361,megawatthours
2025-03-04 14:00:00+00:00,CAL,California,D,Demand,25785,megawatthours
2025-03-04 15:00:00+00:00,CAL,California,D,Demand,27453,megawatthours
2025-03-04 16:00:00+00:00,CAL,California,D,Demand,29626,megawatthours
2025-03-04 17:00:00+00:00,CAL,California,D,Demand,31595,megawatthours
2025-03-04 18:00:00+00:00,CAL,California,D,Demand,32216,megawatthours
2025-03-04 19:00:00+00:00,CAL,California,D,Demand,31737,megawatthours
2025-03-04 20:00:00+00:00,CAL,California,D,Demand,30326,megawatthours
2025-03-04 21:00:00+00:00,CAL,California,D,Demand,28988,megawatthours
2025-03-04 22:00:00+00:00,CAL,California,D,Demand,27403,megawatthours
2025-03-04 23:00:00+00:00,CAL,California,D,Demand,26772,megawatthours
2025-03-05 00:00:00+00:00,CAL,California,D,Demand,26727,megawatthours
2025-03-05 01:00:00+00:00,CAL,California,D,Demand,27240,megawatthours
2025-03-05 02:00:00+00:00,CAL,California,D,Demand,28381,megawatthours
2025-03-05 03:00:00+00:00,CAL,California,D,Demand,30512,megawatthours
2025-03-05 04:00:00+00:00,CAL,California,D,Demand,31787,megawatthours
2025-03-05 05:00:00+00:00,CAL,California,D,Demand,31477,megawatthours
2025-03-05 06:00:00+00:00,CAL,California,D,Demand,30688,megawatthours
2025-03-05 07:00:00+00:00,CAL,California,D,Demand,29470,megawatthours
2025-03-05 08:00:00+00:00,CAL,California,D,Demand,27749,megawatthours
2025-03-05 09:00:00+00:00,CAL,California,D,Demand,26030,megawatthours
2025-03-05 10:00:00+00:00,CAL,California,D,Demand,25605,megawatthours
2025-03-05 11:00:00+00:00,CAL,California,D,Demand,24994,megawatthours
2025-03-05 12:00:00+00:00,CAL,California,D,Demand,24463,megawatthours
2025-03-05 13:00:00+00:00,CAL,California,D,Demand,24341,megawatthours
2025-03-05 14:00:00+00:00,CAL,California,D,Demand,25376,megawatthours
2025-03-05 15:00:00+00:00,CAL,California,D,Demand,27208,megawatthours
2025-03-05 16:00:00+00:00,CAL,California,D,Demand,29303,megawatthours
2025-03-05 17:00:00+00:00,CAL,California,D,Demand,30561,megawatthours
2025-03-05 18:00:00+00:00,CAL,California,D,Demand,31714,megawatthours
2025-03-05 19:00:00+00:00,CAL,California,D,Demand,31874,megawatthours
2025-03-05 20:00:00+00:00,CAL,California,D,Demand,31814,megawatthours
2025-03-05 21:00:00+00:00,CAL,California,D,Demand,32343,megawatthours
2025-03-05 22:00:00+00:00,CAL,California,D,Demand,31717,megawatthours
2025-03-05 23:00:00+00:00,CAL,California,D,Demand,31234,megawatthours
2025-03-06 00:00:00+00:00,CAL,California,D,Demand,30976,megawatthours
2025-03-06 01:00:00+00:00,CAL,California,D,Demand,31463,megawatthours
2025-03-06 02:00:00+00:00,CAL,California,D,Demand,31417,megawatthours
2025-03-06 03:00:00+00:00,CAL,California,D,Demand,32075,megawatthours
2025-03-06 04:00:00+00:00,CAL,California,D,Demand,33188,megawatthours
2025-03-06 05:00:00+00:00,CAL,California,D,Demand,32732,megawatthours
2025-03-06 06:00:00+00:00,CAL,California,D,Demand,31660,megawatthours
2025-03-06 07:00:00+00:00,CAL,California,D,Demand,30414,megawatthours
2025-03-06 08:00:00+00:00,CAL,California,D,Demand,29173,megawatthours
2025-03-06 09:00:00+00:00,CAL,California,D,Demand,27771,megawatthours
2025-03-06 10:00:00+00:00,CAL,California,D,Demand,27066,megawatthours
2025-03-06 11:00:00+00:00,CAL,California,D,Demand,26569,megawatthours
2025-03-06 12:00:00+00:00,CAL,California,D,Demand,26495,megawatthours
2025-03-06 13:00:00+00:00,CAL,California,D,Demand,25782,megawatthours
2025-03-06 14:00:00+00:00,CAL,California,D,Demand,26340,megawatthours
2025-03-06 15:00:00+00:00,CAL,California,D,Demand,27996,megawatthours
2025-03-06 16:00:00+00:00,CAL,California,D,Demand,29972,megawatthours
2025-03-06 17:00:00+00:00,CAL,California,D,Demand,31776,megawatthours
2025-03-06 18:00:00+00:00,CAL,California,D,Demand,32207,megawatthours
2025-03-06 19:00:00+00:00,CAL,California,D,Demand,31417,megawatthours
2025-03-06 20:00:00+00:00,CAL,California,D,Demand,31337,megawatthours
2025-03-06 21:00:00+00:00,CAL,California,D,Demand,30686,megawatthours
2025-03-06 22:00:00+00:00,CAL,California,D,Demand,30251,megawatthours
2025-03-06 23:00:00+00:00,CAL,California,D,Demand,29451,megawatthours
2025-03-07 00:00:00+00:00,CAL,California,D,Demand,28871,megawatthours
2025-03-07 01:00:00+00:00,CAL,California,D,Demand,29726,megawatthours
2025-03-07 02:00:00+00:00,CAL,California,D,Demand,30319,megawatthours
2025-03-07 03:00:00+00:00,CAL,California,D,Demand,31898,megawatthours
2025-03-07 04:00:00+00:00,CAL,California,D,Demand,32801,megawatthours
2025-03-07 05:00:00+00:00,CAL,California,D,Demand,32566,megawatthours
2025-03-07 06:00:00+00:00,CAL,California,D,Demand,31930,megawatthours
2025-03-07 07:00:00+00:00,CAL,California,D,Demand,30643,megawatthours
2025-03-07 08:00:00+00:00,CAL,California,D,Demand,29432,megawatthours
2025-03-07 09:00:00+00:00,CAL,California,D,Demand,28084,megawatthours
2025-03-07 10:00:00+00:00,CAL,California,D,Demand,27194,megawatthours
2025-03-07 11:00:00+00:00,CAL,California,D,Demand,26504,megawatthours
2025-03-07 12:00:00+00:00,CAL,California,D,Demand,25905,megawatthours
2025-03-07 13:00:00+00:00,CAL,California,D,Demand,25571,megawatthours
2025-03-07 14:00:00+00:00,CAL,California,D,Demand,26431,megawatthours
2025-03-07 15:00:00+00:00,CAL,California,D,Demand,28417,megawatthours
2025-03-07 16:00:00+00:00,CAL,California,D,Demand,30242,megawatthours
2025-03-07 17:00:00+00:00,CAL,California,D,Demand,30451,megawatthours
2025-03-07 18:00:00+00:00,CAL,California,D,Demand,29341,megawatthours
2025-03-07 19:00:00+00:00,CAL,California,D,Demand,28530,megawatthours
2025-03-07 20:00:00+00:00,CAL,California,D,Demand,27082,megawatthours
2025-03-07 21:00:00+00:00,CAL,California,D,Demand,27557,megawatthours
2025-03-07 22:00:00+00:00,CAL,California,D,Demand,27668,megawatthours
2025-03-07 23:00:00+00:00,CAL,California,D,Demand,26895,megawatthours
2025-03-08 00:00:00+00:00,CAL,California,D,Demand,26918,megawatthours
2025-03-08 01:00:00+00:00,CAL,California,D,Demand,25312,megawatthours
2025-03-08 02:00:00+00:00,CAL,California,D,Demand,26291,megawatthours
2025-03-08 03:00:00+00:00,CAL,California,D,Demand,29236,megawatthours
2025-03-08 04:00:00+00:00,CAL,California,D,Demand,31119,megawatthours
2025-03-08 05:00:00+00:00,CAL,California,D,Demand,31008,megawatthours
2025-03-08 06:00:00+00:00,CAL,California,D,Demand,30237,megawatthours
2025-03-08 07:00:00+00:00,CAL,California,D,Demand,29862,megawatthours
2025-03-08 08:00:00+00:00,CAL,California,D,Demand,28695,megawatthours
2025-03-08 09:00:00+00:00,CAL,California,D,Demand,27127,megawatthours
2025-03-08 10:00:00+00:00,CAL,California,D,Demand,26591,megawatthours
2025-03-08 11:00:00+00:00,CAL,California,D,Demand,25807,megawatthours
2025-03-08 12:00:00+00:00,CAL,California,D,Demand,25027,megawatthours
2025-03-08 13:00:00+00:00,CAL,California,D,Demand,24821,megawatthours
2025-03-08 14:00:00+00:00,CAL,California,D,Demand,25007,megawatthours
2025-03-08 15:00:00+00:00,CAL,California,D,Demand,25819,megawatthours
2025-03-08 16:00:00+00:00,CAL,California,D,Demand,26355,megawatthours
2025-03-08 17:00:00+00:00,CAL,California,D,Demand,26578,megawatthours
2025-03-08 18:00:00+00:00,CAL,California,D,Demand,26479,megawatthours
2025-03-08 19:00:00+00:00,CAL,California,D,Demand,25783,megawatthours
2025-03-08 20:00:00+00:00,CAL,California,D,Demand,23936,megawatthours
2025-03-08 21:00:00+00:00,CAL,California,D,Demand,23330,megawatthours
2025-03-08 22:00:00+00:00,CAL,California,D,Demand,22549,megawatthours
2025-03-08 23:00:00+00:00,CAL,California,D,Demand,21635,megawatthours
2025-03-09 00:00:00+00:00,CAL,California,D,Demand,20920,megawatthours
2025-03-09 01:00:00+00:00,CAL,California,D,Demand,21829,megawatthours
2025-03-09 02:00:00+00:00,CAL,California,D,Demand,23597,megawatthours
2025-03-09 03:00:00+00:00,CAL,California,D,Demand,26990,megawatthours
2025-03-09 04:00:00+00:00,CAL,California,D,Demand,28862,megawatthours
2025-03-09 05:00:00+00:00,CAL,California,D,Demand,28813,megawatthours
2025-03-09 06:00:00+00:00,CAL,California,D,Demand,28389,megawatthours
2025-03-09 07:00:00+00:00,CAL,California,D,Demand,27888,megawatthours
2025-03-09 08:00:00+00:00,CAL,California,D,Demand,26912,megawatthours
2025-03-09 09:00:00+00:00,CAL,California,D,Demand,25851,megawatthours
2025-03-09 10:00:00+00:00,CAL,California,D,Demand,25280,megawatthours
2025-03-09 11:00:00+00:00,CAL,California,D,Demand,24849,megawatthours
2025-03-09 12:00:00+00:00,CAL,California,D,Demand,24392,megawatthours
2025-03-09 13:00:00+00:00,CAL,California,D,Demand,24281,megawatthours
2025-03-09 14:00:00+00:00,CAL,California,D,Demand,24698,megawatthours
2025-03-09 15:00:00+00:00,CAL,California,D,Demand,25321,megawatthours
2025-03-09 16:00:00+00:00,CAL,California,D,Demand,25698,megawatthours
2025-03-09 17:00:00+00:00,CAL,California,D,Demand,26326,megawatthours
2025-03-09 18:00:00+00:00,CAL,California,D,Demand,25997,megawatthours
2025-03-09 19:00:00+00:00,CAL,California,D,Demand,24522,megawatthours
2025-03-09 20:00:00+00:00,CAL,California,D,Demand,23238,megawatthours
2025-03-09 21:00:00+00:00,CAL,California,D,Demand,22011,megawatthours
2025-03-09 22:00:00+00:00,CAL,California,D,Demand,20801,megawatthours
2025-03-09 23:00:00+00:00,CAL,California,D,Demand,20431,megawatthours
2025-03-10 00:00:00+00:00,CAL,California,D,Demand,20325,megawatthours
2025-03-10 01:00:00+00:00,CAL,California,D,Demand,21110,megawatthours
2025-03-10 02:00:00+00:00,CAL,California,D,Demand,23596,megawatthours
2025-03-10 03:00:00+00:00,CAL,California,D,Demand,27041,megawatthours
2025-03-10 04:00:00+00:00,CAL,California,D,Demand,28950,megawatthours
2025-03-10 05:00:00+00:00,CAL,California,D,Demand,28866,megawatthours
2025-03-10 06:00:00+00:00,CAL,California,D,Demand,28429,megawatthours
2025-03-10 07:00:00+00:00,CAL,California,D,Demand,27196,megawatthours
2025-03-10 08:00:00+00:00,CAL,California,D,Demand,25936,megawatthours
2025-03-10 09:00:00+00:00,CAL,California,D,Demand,25582,megawatthours
2025-03-10 10:00:00+00:00,CAL,California,D,Demand,24983,megawatthours
2025-03-10 11:00:00+00:00,CAL,California,D,Demand,24640,megawatthours
2025-03-10 12:00:00+00:00,CAL,California,D,Demand,24588,megawatthours
2025-03-10 13:00:00+00:00,CAL,California,D,Demand,25220,megawatthours
2025-03-10 14:00:00+00:00,CAL,California,D,Demand,27114,megawatthours
2025-03-10 15:00:00+00:00,CAL,California,D,Demand,29510,megawatthours
2025-03-10 16:00:00+00:00,CAL,California,D,Demand,30861,megawatthours
2025-03-10 17:00:00+00:00,CAL,California,D,Demand,31323,megawatthours
2025-03-10 18:00:00+00:00,CAL,California,D,Demand,30816,megawatthours
2025-03-10 19:00:00+00:00,CAL,California,D,Demand,29506,megawatthours
2025-03-10 20:00:00+00:00,CAL,California,D,Demand,27949,megawatthours
2025-03-10 21:00:00+00:00,CAL,California,D,Demand,26420,megawatthours
2025-03-10 22:00:00+00:00,CAL,California,D,Demand,25189,megawatthours
2025-03-10 23:00:00+00:00,CAL,California,D,Demand,25174,megawatthours
2025-03-11 00:00:00+00:00,CAL,California,D,Demand,25143,megawatthours
2025-03-11 01:00:00+00:00,CAL,California,D,Demand,25765,megawatthours
2025-03-11 02:00:00+00:00,CAL,California,D,Demand,27045,megawatthours
2025-03-11 03:00:00+00:00,CAL,California,D,Demand,29455,megawatthours
2025-03-11 04:00:00+00:00,CAL,California,D,Demand,31083,megawatthours
2025-03-11 05:00:00+00:00,CAL,California,D,Demand,30576,megawatthours
2025-03-11 06:00:00+00:00,CAL,California,D,Demand,29591,megawatthours
2025-03-11 07:00:00+00:00,CAL,California,D,Demand,27735,megawatthours
2025-03-11 08:00:00+00:00,CAL,California,D,Demand,26335,megawatthours
2025-03-11 09:00:00+00:00,CAL,California,D,Demand,26126,megawatthours
2025-03-11 10:00:00+00:00,CAL,California,D,Demand,25040,megawatthours
2025-03-11 11:00:00+00:00,CAL,California,D,Demand,24744,megawatthours
2025-03-11 12:00:00+00:00,CAL,California,D,Demand,24583,megawatthours
2025-03-11 13:00:00+00:00,CAL,California,D,Demand,24928,megawatthours
2025-03-11 14:00:00+00:00,CAL,California,D,Demand,26454,megawatthours
2025-03-11 15:00:00+00:00,CAL,California,D,Demand,29148,megawatthours
2025-03-11 16:00:00+00:00,CAL,California,D,Demand,30976,megawatthours
2025-03-11 17:00:00+00:00,CAL,California,D,Demand,30614,megawatthours
2025-03-11 18:00:00+00:00,CAL,California,D,Demand,29447,megawatthours
2025-03-11 19:00:00+00:00,CAL,California,D,Demand,28090,megawatthours
2025-03-11 20:00:00+00:00,CAL,California,D,Demand,28268,megawatthours
2025-03-11 21:00:00+00:00,CAL,California,D,Demand,27883,megawatthours
2025-03-11 22:00:00+00:00,CAL,California,D,Demand,28031,megawatthours
2025-03-11 23:00:00+00:00,CAL,California,D,Demand,26960,megawatthours
2025-03-12 00:00:00+00:00,CAL,California,D,Demand,27724,megawatthours
2025-03-12 01:00:00+00:00,CAL,California,D,Demand,28167,megawatthours
2025-03-12 02:00:00+00:00,CAL,California,D,Demand,28381,megawatthours
2025-03-12 03:00:00+00:00,CAL,California,D,Demand,30196,megawatthours
2025-03-12 04:00:00+00:00,CAL,California,D,Demand,31643,megawatthours
2025-03-12 05:00:00+00:00,CAL,California,D,Demand,31122,megawatthours
2025-03-12 06:00:00+00:00,CAL,California,D,Demand,30159,megawatthours
2025-03-12 07:00:00+00:00,CAL,California,D,Demand,28466,megawatthours
2025-03-12 08:00:00+00:00,CAL,California,D,Demand,26972,megawatthours
2025-03-12 09:00:00+00:00,CAL,California,D,Demand,26285,megawatthours
2025-03-12 10:00:00+00:00,CAL,California,D,Demand,25640,megawatthours
2025-03-12 11:00:00+00:00,CAL,California,D,Demand,25429,megawatthours
2025-03-12 12:00:00+00:00,CAL,California,D,Demand,25121,megawatthours
2025-03-12 13:00:00+00:00,CAL,California,D,Demand,25050,megawatthours
2025-03-12 14:00:00+00:00,CAL,California,D,Demand,26275,megawatthours
2025-03-12 15:00:00+00:00,CAL,California,D,Demand,28554,megawatthours
2025-03-12 16:00:00+00:00,CAL,California,D,Demand,30558,megawatthours
2025-03-12 17:00:00+00:00,CAL,California,D,Demand,31740,megawatthours
2025-03-12 18:00:00+00:00,CAL,California,D,Demand,31710,megawatthours
2025-03-12 19:00:00+00:00,CAL,California,D,Demand,32147,megawatthours
2025-03-12 20:00:00+00:00,CAL,California,D,Demand,31868,megawatthours
2025-03-12 21:00:00+00:00,CAL,California,D,Demand,30785,megawatthours
2025-03-12 22:00:00+00:00,CAL,California,D,Demand,29744,megawatthours
2025-03-12 23:00:00+00:00,CAL,California,D,Demand,30468,megawatthours
2025-03-13 00:00:00+00:00,CAL,California,D,Demand,29985,megawatthours
2025-03-13 01:00:00+00:00,CAL,California,D,Demand,30101,megawatthours
2025-03-13 02:00:00+00:00,CAL,California,D,Demand,30061,megawatthours
2025-03-13 03:00:00+00:00,CAL,California,D,Demand,31228,megawatthours
2025-03-13 04:00:00+00:00,CAL,California,D,Demand,32254,megawatthours
2025-03-13 05:00:00+00:00,CAL,California,D,Demand,31624,megawatthours
2025-03-13 06:00:00+00:00,CAL,California,D,Demand,30338,megawatthours
2025-03-13 07:00:00+00:00,CAL,California,D,Demand,28857,megawatthours
2025-03-13 08:00:00+00:00,CAL,California,D,Demand,27353,megawatthours
2025-03-13 09:00:00+00:00,CAL,California,D,Demand,27020,megawatthours
2025-03-13 10:00:00+00:00,CAL,California,D,Demand,26759,megawatthours
2025-03-13 11:00:00+00:00,CAL,California,D,Demand,26050,megawatthours
2025-03-13 12:00:00+00:00,CAL,California,D,Demand,26272,megawatthours
2025-03-13 13:00:00+00:00,CAL,California,D,Demand,25927,megawatthours
2025-03-13 14:00:00+00:00,CAL,California,D,Demand,27401,megawatthours
2025-03-13 15:00:00+00:00,CAL,California,D,Demand,29706,megawatthours
2025-03-13 16:00:00+00:00,CAL,California,D,Demand,31583,megawatthours
2025-03-13 17:00:00+00:00,CAL,California,D,Demand,32214,megawatthours
2025-03-13 18:00:00+00:00,CAL,California,D,Demand,31670,megawatthours
2025-03-13 19:00:00+00:00,CAL,California,D,Demand,30802,megawatthours
2025-03-13 20:00:00+00:00,CAL,California,D,Demand,30710,megawatthours
2025-03-13 21:00:00+00:00,CAL,California,D,Demand,29770,megawatthours
2025-03-13 22:00:00+00:00,CAL,California,D,Demand,28663,megawatthours
2025-03-13 23:00:00+00:00,CAL,California,D,Demand,28794,megawatthours
2025-03-14 00:00:00+00:00,CAL,California,D,Demand,28175,megawatthours
2025-03-14 01:00:00+00:00,CAL,California,D,Demand,27403,megawatthours
2025-03-14 02:00:00+00:00,CAL,California,D,Demand,28329,megawatthours
2025-03-14 03:00:00+00:00,CAL,California,D,Demand,30617,megawatthours
2025-03-14 04:00:00+00:00,CAL,California,D,Demand,32550,megawatthours
2025-03-14 05:00:00+00:00,CAL,California,D,Demand,32357,megawatthours
2025-03-14 06:00:00+00:00,CAL,California,D,Demand,31678,megawatthours
2025-03-14 07:00:00+00:00,CAL,California,D,Demand,29923,megawatthours
2025-03-14 08:00:00+00:00,CAL,California,D,Demand,27945,megawatthours
2025-03-14 09:00:00+00:00,CAL,California,D,Demand,27543,megawatthours
2025-03-14 10:00:00+00:00,CAL,California,D,Demand,26779,megawatthours
2025-03-14 11:00:00+00:00,CAL,California,D,Demand,26447,megawatthours
2025-03-14 12:00:00+00:00,CAL,California,D,Demand,26152,megawatthours
2025-03-14 13:00:00+00:00,CAL,California,D,Demand,26488,megawatthours
2025-03-14 14:00:00+00:00,CAL,California,D,Demand,28047,megawatthours
2025-03-14 15:00:00+00:00,CAL,California,D,Demand,30628,megawatthours
2025-03-14 16:00:00+00:00,CAL,California,D,Demand,32645,megawatthours
2025-03-14 17:00:00+00:00,CAL,California,D,Demand,33639,megawatthours
2025-03-14 18:00:00+00:00,CAL,California,D,Demand,33908,megawatthours
2025-03-14 19:00:00+00:00,CAL,California,D,Demand,34239,megawatthours
2025-03-14 20:00:00+00:00,CAL,California,D,Demand,33513,megawatthours
2025-03-14 21:00:00+00:00,CAL,California,D,Demand,32029,megawatthours
2025-03-14 22:00:00+00:00,CAL,California,D,Demand,32765,megawatthours
2025-03-14 23:00:00+00:00,CAL,California,D,Demand,32589,megawatthours
2025-03-15 00:00:00+00:00,CAL,California,D,Demand,31939,megawatthours
2025-03-15 01:00:00+00:00,CAL,California,D,Demand,30936,megawatthours
2025-03-15 02:00:00+00:00,CAL,California,D,Demand,30699,megawatthours
2025-03-15 03:00:00+00:00,CAL,California,D,Demand,31566,megawatthours
2025-03-15 04:00:00+00:00,CAL,California,D,Demand,32610,megawatthours
2025-03-15 05:00:00+00:00,CAL,California,D,Demand,32175,megawatthours
2025-03-15 06:00:00+00:00,CAL,California,D,Demand,31338,megawatthours
2025-03-15 07:00:00+00:00,CAL,California,D,Demand,29914,megawatthours
2025-03-15 08:00:00+00:00,CAL,California,D,Demand,28612,megawatthours
2025-03-15 09:00:00+00:00,CAL,California,D,Demand,27940,megawatthours
2025-03-15 10:00:00+00:00,CAL,California,D,Demand,27154,megawatthours
2025-03-15 11:00:00+00:00,CAL,California,D,Demand,26202,megawatthours
2025-03-15 12:00:00+00:00,CAL,California,D,Demand,25764,megawatthours
2025-03-15 13:00:00+00:00,CAL,California,D,Demand,25687,megawatthours
2025-03-15 14:00:00+00:00,CAL,California,D,Demand,26430,megawatthours
2025-03-15 15:00:00+00:00,CAL,California,D,Demand,27597,megawatthours
2025-03-15 16:00:00+00:00,CAL,California,D,Demand,28344,megawatthours
2025-03-15 17:00:00+00:00,CAL,California,D,Demand,28835,megawatthours
2025-03-15 18:00:00+00:00,CAL,California,D,Demand,28538,megawatthours
2025-03-15 19:00:00+00:00,CAL,California,D,Demand,26539,megawatthours
2025-03-15 20:00:00+00:00,CAL,California,D,Demand,25708,megawatthours
2025-03-15 21:00:00+00:00,CAL,California,D,Demand,25823,megawatthours
2025-03-15 22:00:00+00:00,CAL,California,D,Demand,24796,megawatthours
2025-03-15 23:00:00+00:00,CAL,California,D,Demand,23938,megawatthours
2025-03-16 00:00:00+00:00,CAL,California,D,Demand,22714,megawatthours
2025-03-16 01:00:00+00:00,CAL,California,D,Demand,22593,megawatthours
2025-03-16 02:00:00+00:00,CAL,California,D,Demand,24205,megawatthours
2025-03-16 03:00:00+00:00,CAL,California,D,Demand,26942,megawatthours
2025-03-16 04:00:00+00:00,CAL,California,D,Demand,28816,megawatthours
2025-03-16 05:00:00+00:00,CAL,California,D,Demand,28858,megawatthours
2025-03-16 06:00:00+00:00,CAL,California,D,Demand,28539,megawatthours
2025-03-16 07:00:00+00:00,CAL,California,D,Demand,27517,megawatthours
2025-03-16 08:00:00+00:00,CAL,California,D,Demand,26601,megawatthours
2025-03-16 09:00:00+00:00,CAL,California,D,Demand,26076,megawatthours
2025-03-16 10:00:00+00:00,CAL,California,D,Demand,25330,megawatthours
2025-03-16 11:00:00+00:00,CAL,California,D,Demand,24554,megawatthours
2025-03-16 12:00:00+00:00,CAL,California,D,Demand,24356,megawatthours
2025-03-16 13:00:00+00:00,CAL,California,D,Demand,24176,megawatthours
2025-03-16 14:00:00+00:00,CAL,California,D,Demand,24721,megawatthours
2025-03-16 15:00:00+00:00,CAL,California,D,Demand,25697,megawatthours
2025-03-16 16:00:00+00:00,CAL,California,D,Demand,25914,megawatthours
2025-03-16 17:00:00+00:00,CAL,California,D,Demand,26787,megawatthours
2025-03-16 18:00:00+00:00,CAL,California,D,Demand,26966,megawatthours
2025-03-16 19:00:00+00:00,CAL,California,D,Demand,25573,megawatthours
2025-03-16 20:00:00+00:00,CAL,California,D,Demand,25536,megawatthours
2025-03-16 21:00:00+00:00,CAL,California,D,Demand,24855,megawatthours
2025-03-16 22:00:00+00:00,CAL,California,D,Demand,23753,megawatthours
2025-03-16 23:00:00+00:00,CAL,California,D,Demand,23896,megawatthours
2025-03-17 00:00:00+00:00,CAL,California,D,Demand,23653,megawatthours
2025-03-17 01:00:00+00:00,CAL,California,D,Demand,23899,megawatthours
2025-03-17 02:00:00+00:00,CAL,California,D,Demand,25348,megawatthours
2025-03-17 03:00:00+00:00,CAL,California,D,Demand,27588,megawatthours
2025-03-17 04:00:00+00:00,CAL,California,D,Demand,29375,megawatthours
2025-03-17 05:00:00+00:00,CAL,California,D,Demand,29038,megawatthours
2025-03-17 06:00:00+00:00,CAL,California,D,Demand,28401,megawatthours
2025-03-17 07:00:00+00:00,CAL,California,D,Demand,26968,megawatthours
2025-03-17 08:00:00+00:00,CAL,California,D,Demand,25509,megawatthours
2025-03-17 09:00:00+00:00,CAL,California,D,Demand,25305,megawatthours
2025-03-17 10:00:00+00:00,CAL,California,D,Demand,24635,megawatthours
2025-03-17 11:00:00+00:00,CAL,California,D,Demand,24231,megawatthours
2025-03-17 12:00:00+00:00,CAL,California,D,Demand,24569,megawatthours
2025-03-17 13:00:00+00:00,CAL,California,D,Demand,24836,megawatthours
2025-03-17 14:00:00+00:00,CAL,California,D,Demand,26448,megawatthours
2025-03-17 15:00:00+00:00,CAL,California,D,Demand,28705,megawatthours
2025-03-17 16:00:00+00:00,CAL,California,D,Demand,30328,megawatthours
2025-03-17 17:00:00+00:00,CAL,California,D,Demand,30537,megawatthours
2025-03-17 18:00:00+00:00,CAL,California,D,Demand,30176,megawatthours
2025-03-17 19:00:00+00:00,CAL,California,D,Demand,29995,megawatthours
2025-03-17 20:00:00+00:00,CAL,California,D,Demand,30560,megawatthours
2025-03-17 21:00:00+00:00,CAL,California,D,Demand,29655,megawatthours
2025-03-17 22:00:00+00:00,CAL,California,D,Demand,29584,megawatthours
2025-03-17 23:00:00+00:00,CAL,California,D,Demand,29261,megawatthours
2025-03-18 00:00:00+00:00,CAL,California,D,Demand,28007,megawatthours
2025-03-18 01:00:00+00:00,CAL,California,D,Demand,28130,megawatthours
2025-03-18 02:00:00+00:00,CAL,California,D,Demand,29424,megawatthours
2025-03-18 03:00:00+00:00,CAL,California,D,Demand,30567,megawatthours
2025-03-18 04:00:00+00:00,CAL,California,D,Demand,31986,megawatthours
2025-03-18 05:00:00+00:00,CAL,California,D,Demand,31593,megawatthours
2025-03-18 06:00:00+00:00,CAL,California,D,Demand,30655,megawatthours
2025-03-18 07:00:00+00:00,CAL,California,D,Demand,29052,megawatthours
2025-03-18 08:00:00+00:00,CAL,California,D,Demand,27616,megawatthours
2025-03-18 09:00:00+00:00,CAL,California,D,Demand,26824,megawatthours
2025-03-18 10:00:00+00:00,CAL,California,D,Demand,26205,megawatthours
2025-03-18 11:00:00+00:00,CAL,California,D,Demand,25624,megawatthours
2025-03-18 12:00:00+00:00,CAL,California,D,Demand,25412,megawatthours
2025-03-18 13:00:00+00:00,CAL,California,D,Demand,25901,megawatthours
2025-03-18 14:00:00+00:00,CAL,California,D,Demand,27834,megawatthours
2025-03-18 15:00:00+00:00,CAL,California,D,Demand,30412,megawatthours
2025-03-18 16:00:00+00:00,CAL,California,D,Demand,31932,megawatthours
2025-03-18 17:00:00+00:00,CAL,California,D,Demand,31426,megawatthours
2025-03-18 18:00:00+00:00,CAL,California,D,Demand,30423,megawatthours
2025-03-18 19:00:00+00:00,CAL,California,D,Demand,27829,megawatthours
2025-03-18 20:00:00+00:00,CAL,California,D,Demand,26955,megawatthours
2025-03-18 21:00:00+00:00,CAL,California,D,Demand,26144,megawatthours
2025-03-18 22:00:00+00:00,CAL,California,D,Demand,25059,megawatthours
2025-03-18 23:00:00+00:00,CAL,California,D,Demand,24411,megawatthours
2025-03-19 00:00:00+00:00,CAL,California,D,Demand,24100,megawatthours
2025-03-19 01:00:00+00:00,CAL,California,D,Demand,23974,megawatthours
2025-03-19 02:00:00+00:00,CAL,California,D,Demand,26049,megawatthours
2025-03-19 03:00:00+00:00,CAL,California,D,Demand,28921,megawatthours
2025-03-19 04:00:00+00:00,CAL,California,D,Demand,30930,megawatthours
2025-03-19 05:00:00+00:00,CAL,California,D,Demand,30680,megawatthours
2025-03-19 06:00:00+00:00,CAL,California,D,Demand,30100,megawatthours
2025-03-19 07:00:00+00:00,CAL,California,D,Demand,28351,megawatthours
2025-03-19 08:00:00+00:00,CAL,California,D,Demand,26772,megawatthours
2025-03-19 09:00:00+00:00,CAL,California,D,Demand,26406,megawatthours
2025-03-19 10:00:00+00:00,CAL,California,D,Demand,25613,megawatthours
2025-03-19 11:00:00+00:00,CAL,California,D,Demand,24959,megawatthours
2025-03-19 12:00:00+00:00,CAL,California,D,Demand,25187,megawatthours
2025-03-19 13:00:00+00:00,CAL,California,D,Demand,26093,megawatthours
2025-03-19 14:00:00+00:00,CAL,California,D,Demand,28212,megawatthours
2025-03-19 15:00:00+00:00,CAL,California,D,Demand,30655,megawatthours
2025-03-19 16:00:00+00:00,CAL,California,D,Demand,32201,megawatthours
2025-03-19 17:00:00+00:00,CAL,California,D,Demand,32102,megawatthours
2025-03-19 18:00:00+00:00,CAL,California,D,Demand,29849,megawatthours
2025-03-19 19:00:00+00:00,CAL,California,D,Demand,28562,megawatthours
2025-03-19 20:00:00+00:00,CAL,California,D,Demand,27897,megawatthours
2025-03-19 21:00:00+00:00,CAL,California,D,Demand,27431,megawatthours
2025-03-19 22:00:00+00:00,CAL,California,D,Demand,26985,megawatthours
2025-03-19 23:00:00+00:00,CAL,California,D,Demand,26409,megawatthours
2025-03-20 00:00:00+00:00,CAL,California,D,Demand,25623,megawatthours
2025-03-20 01:00:00+00:00,CAL,California,D,Demand,26437,megawatthours
2025-03-20 02:00:00+00:00,CAL,California,D,Demand,27480,megawatthours
2025-03-20 03:00:00+00:00,CAL,California,D,Demand,29540,megawatthours
2025-03-20 04:00:00+00:00,CAL,California,D,Demand,30800,megawatthours
2025-03-20 05:00:00+00:00,CAL,California,D,Demand,30458,megawatthours
2025-03-20 06:00:00+00:00,CAL,California,D,Demand,29720,megawatthours
2025-03-20 07:00:00+00:00,CAL,California,D,Demand,28000,megawatthours
2025-03-20 08:00:00+00:00,CAL,California,D,Demand,26716,megawatthours
2025-03-20 09:00:00+00:00,CAL,California,D,Demand,26076,megawatthours
2025-03-20 10:00:00+00:00,CAL,California,D,Demand,25362,megawatthours
2025-03-20 11:00:00+00:00,CAL,California,D,Demand,24966,megawatthours
2025-03-20 12:00:00+00:00,CAL,California,D,Demand,25202,megawatthours
2025-03-20 13:00:00+00:00,CAL,California,D,Demand,25369,megawatthours
2025-03-20 14:00:00+00:00,CAL,California,D,Demand,26900,megawatthours
2025-03-20 15:00:00+00:00,CAL,California,D,Demand,29290,megawatthours
2025-03-20 16:00:00+00:00,CAL,California,D,Demand,30817,megawatthours
2025-03-20 17:00:00+00:00,CAL,California,D,Demand,30439,megawatthours
2025-03-20 18:00:00+00:00,CAL,California,D,Demand,30010,megawatthours
2025-03-20 19:00:00+00:00,CAL,California,D,Demand,28405,megawatthours
2025-03-20 20:00:00+00:00,CAL,California,D,Demand,27000,megawatthours
2025-03-20 21:00:00+00:00,CAL,California,D,Demand,26427,megawatthours
2025-03-20 22:00:00+00:00,CAL,California,D,Demand,25622,megawatthours
2025-03-20 23:00:00+00:00,CAL,California,D,Demand,24254,megawatthours
2025-03-21 00:00:00+00:00,CAL,California,D,Demand,24693,megawatthours
2025-03-21 01:00:00+00:00,CAL,California,D,Demand,24815,megawatthours
2025-03-21 02:00:00+00:00,CAL,California,D,Demand,26568,megawatthours
2025-03-21 03:00:00+00:00,CAL,California,D,Demand,28918,megawatthours
2025-03-21 04:00:00+00:00,CAL,California,D,Demand,30719,megawatthours
2025-03-21 05:00:00+00:00,CAL,California,D,Demand,30612,megawatthours
2025-03-21 06:00:00+00:00,CAL,California,D,Demand,29676,megawatthours
2025-03-21 07:00:00+00:00,CAL,California,D,Demand,28188,megawatthours
2025-03-21 08:00:00+00:00,CAL,California,D,Demand,26548,megawatthours
2025-03-21 09:00:00+00:00,CAL,California,D,Demand,26044,megawatthours
2025-03-21 10:00:00+00:00,CAL,California,D,Demand,25405,megawatthours
2025-03-21 11:00:00+00:00,CAL,California,D,Demand,25051,megawatthours
2025-03-21 12:00:00+00:00,CAL,California,D,Demand,24770,megawatthours
2025-03-21 13:00:00+00:00,CAL,California,D,Demand,25173,megawatthours
2025-03-21 14:00:00+00:00,CAL,California,D,Demand,26953,megawatthours
2025-03-21 15:00:00+00:00,CAL,California,D,Demand,29247,megawatthours
2025-03-21 16:00:00+00:00,CAL,California,D,Demand,30521,megawatthours
2025-03-21 17:00:00+00:00,CAL,California,D,Demand,30146,megawatthours
2025-03-21 18:00:00+00:00,CAL,California,D,Demand,28684,megawatthours
2025-03-21 19:00:00+00:00,CAL,California,D,Demand,27527,megawatthours
2025-03-21 20:00:00+00:00,CAL,California,D,Demand,26234,megawatthours
2025-03-21 21:00:00+00:00,CAL,California,D,Demand,25967,megawatthours
2025-03-21 22:00:00+00:00,CAL,California,D,Demand,26079,megawatthours
2025-03-21 23:00:00+00:00,CAL,California,D,Demand,25835,megawatthours
2025-03-22 00:00:00+00:00,CAL,California,D,Demand,25745,megawatthours
2025-03-22 01:00:00+00:00,CAL,California,D,Demand,25645,megawatthours
2025-03-22 02:00:00+00:00,CAL,California,D,Demand,26465,megawatthours
2025-03-22 03:00:00+00:00,CAL,California,D,Demand,28336,megawatthours
2025-03-22 04:00:00+00:00,CAL,California,D,Demand,29725,megawatthours
2025-03-22 05:00:00+00:00,CAL,California,D,Demand,29456,megawatthours
2025-03-22 06:00:00+00:00,CAL,California,D,Demand,28924,megawatthours
2025-03-22 07:00:00+00:00,CAL,California,D,Demand,27893,megawatthours
2025-03-22 08:00:00+00:00,CAL,California,D,Demand,26787,megawatthours
2025-03-22 09:00:00+00:00,CAL,California,D,Demand,25770,megawatthours
2025-03-22 10:00:00+00:00,CAL,California,D,Demand,25004,megawatthours
2025-03-22 11:00:00+00:00,CAL,California,D,Demand,24307,megawatthours
2025-03-22 12:00:00+00:00,CAL,California,D,Demand,23824,megawatthours
2025-03-22 13:00:00+00:00,CAL,California,D,Demand,23955,megawatthours
2025-03-22 14:00:00+00:00,CAL,California,D,Demand,24652,megawatthours
2025-03-22 15:00:00+00:00,CAL,California,D,Demand,25283,megawatthours
2025-03-22 16:00:00+00:00,CAL,California,D,Demand,25888,megawatthours
2025-03-22 17:00:00+00:00,CAL,California,D,Demand,26181,megawatthours
2025-03-22 18:00:00+00:00,CAL,California,D,Demand,25302,megawatthours
2025-03-22 19:00:00+00:00,CAL,California,D,Demand,24173,megawatthours
2025-03-22 20:00:00+00:00,CAL,California,D,Demand,23705,megawatthours
2025-03-22 21:00:00+00:00,CAL,California,D,Demand,23953,megawatthours
2025-03-22 22:00:00+00:00,CAL,California,D,Demand,23858,megawatthours
2025-03-22 23:00:00+00:00,CAL,California,D,Demand,23715,megawatthours
2025-03-23 00:00:00+00:00,CAL,California,D,Demand,23711,megawatthours
2025-03-23 01:00:00+00:00,CAL,California,D,Demand,23731,megawatthours
2025-03-23 02:00:00+00:00,CAL,California,D,Demand,24986,megawatthours
2025-03-23 03:00:00+00:00,CAL,California,D,Demand,26946,megawatthours
2025-03-23 04:00:00+00:00,CAL,California,D,Demand,28609,megawatthours
2025-03-23 05:00:00+00:00,CAL,California,D,Demand,28510,megawatthours
2025-03-23 06:00:00+00:00,CAL,California,D,Demand,27902,megawatthours
2025-03-23 07:00:00+00:00,CAL,California,D,Demand,26894,megawatthours
2025-03-23 08:00:00+00:00,CAL,California,D,Demand,25525,megawatthours
2025-03-23 09:00:00+00:00,CAL,California,D,Demand,24618,megawatthours
2025-03-23 10:00:00+00:00,CAL,California,D,Demand,23855,megawatthours
2025-03-23 11:00:00+00:00,CAL,California,D,Demand,23285,megawatthours
2025-03-23 12:00:00+00:00,CAL,California,D,Demand,22783,megawatthours
2025-03-23 13:00:00+00:00,CAL,California,D,Demand,22711,megawatthours
2025-03-23 14:00:00+00:00,CAL,California,D,Demand,22954,megawatthours
2025-03-23 15:00:00+00:00,CAL,California,D,Demand,23734,megawatthours
2025-03-23 16:00:00+00:00,CAL,California,D,Demand,24237,megawatthours
2025-03-23 17:00:00+00:00,CAL,California,D,Demand,24285,megawatthours
2025-03-23 18:00:00+00:00,CAL,California,D,Demand,23785,megawatthours
2025-03-23 19:00:00+00:00,CAL,California,D,Demand,22608,megawatthours
2025-03-23 20:00:00+00:00,CAL,California,D,Demand,21928,megawatthours
2025-03-23 21:00:00+00:00,CAL,California,D,Demand,21575,megawatthours
2025-03-23 22:00:00+00:00,CAL,California,D,Demand,21607,megawatthours
2025-03-23 23:00:00+00:00,CAL,California,D,Demand,21295,megawatthours
2025-03-24 00:00:00+00:00,CAL,California,D,Demand,22049,megawatthours
2025-03-24 01:00:00+00:00,CAL,California,D,Demand,23061,megawatthours
2025-03-24 02:00:00+00:00,CAL,California,D,Demand,24907,megawatthours
2025-03-24 03:00:00+00:00,CAL,California,D,Demand,27648,megawatthours
2025-03-24 04:00:00+00:00,CAL,California,D,Demand,29227,megawatthours
2025-03-24 05:00:00+00:00,CAL,California,D,Demand,28969,megawatthours
2025-03-24 06:00:00+00:00,CAL,California,D,Demand,28142,megawatthours
2025-03-24 07:00:00+00:00,CAL,California,D,Demand,26743,megawatthours
2025-03-24 08:00:00+00:00,CAL,California,D,Demand,25305,megawatthours
2025-03-24 09:00:00+00:00,CAL,California,D,Demand,24912,megawatthours
2025-03-24 10:00:00+00:00,CAL,California,D,Demand,24272,megawatthours
2025-03-24 11:00:00+00:00,CAL,California,D,Demand,23778,megawatthours
2025-03-24 12:00:00+00:00,CAL,California,D,Demand,23594,megawatthours
2025-03-24 13:00:00+00:00,CAL,California,D,Demand,24053,megawatthours
2025-03-24 14:00:00+00:00,CAL,California,D,Demand,25603,megawatthours
2025-03-24 15:00:00+00:00,CAL,California,D,Demand,27692,megawatthours
2025-03-24 16:00:00+00:00,CAL,California,D,Demand,29287,megawatthours
2025-03-24 17:00:00+00:00,CAL,California,D,Demand,29659,megawatthours
2025-03-24 18:00:00+00:00,CAL,California,D,Demand,28741,megawatthours
2025-03-24 19:00:00+00:00,CAL,California,D,Demand,27829,megawatthours
2025-03-24 20:00:00+00:00,CAL,California,D,Demand,26728,megawatthours
2025-03-24 21:00:00+00:00,CAL,California,D,Demand,26270,megawatthours
2025-03-24 22:00:00+00:00,CAL,California,D,Demand,26083,megawatthours
2025-03-24 23:00:00+00:00,CAL,California,D,Demand,26439,megawatthours
2025-03-25 00:00:00+00:00,CAL,California,D,Demand,27942,megawatthours
2025-03-25 01:00:00+00:00,CAL,California,D,Demand,30104,megawatthours
2025-03-25 02:00:00+00:00,CAL,California,D,Demand,30565,megawatthours
2025-03-25 03:00:00+00:00,CAL,California,D,Demand,32163,megawatthours
2025-03-25 04:00:00+00:00,CAL,California,D,Demand,32971,megawatthours
2025-03-25 05:00:00+00:00,CAL,California,D,Demand,32012,megawatthours
2025-03-25 06:00:00+00:00,CAL,California,D,Demand,30543,megawatthours
2025-03-25 07:00:00+00:00,CAL,California,D,Demand,28540,megawatthours
2025-03-25 08:00:00+00:00,CAL,California,D,Demand,26573,megawatthours
2025-03-25 09:00:00+00:00,CAL,California,D,Demand,25613,megawatthours
2025-03-25 10:00:00+00:00,CAL,California,D,Demand,24744,megawatthours
2025-03-25 11:00:00+00:00,CAL,California,D,Demand,23761,megawatthours
2025-03-25 12:00:00+00:00,CAL,California,D,Demand,23470,megawatthours
2025-03-25 13:00:00+00:00,CAL,California,D,Demand,24016,megawatthours
2025-03-25 14:00:00+00:00,CAL,California,D,Demand,25463,megawatthours
2025-03-25 15:00:00+00:00,CAL,California,D,Demand,27589,megawatthours
2025-03-25 16:00:00+00:00,CAL,California,D,Demand,28776,megawatthours
2025-03-25 17:00:00+00:00,CAL,California,D,Demand,28997,megawatthours
2025-03-25 18:00:00+00:00,CAL,California,D,Demand,28484,megawatthours
2025-03-25 19:00:00+00:00,CAL,California,D,Demand,26939,megawatthours
2025-03-25 20:00:00+00:00,CAL,California,D,Demand,26861,megawatthours
2025-03-25 21:00:00+00:00,CAL,California,D,Demand,26676,megawatthours
2025-03-25 22:00:00+00:00,CAL,California,D,Demand,26794,megawatthours
2025-03-25 23:00:00+00:00,CAL,California,D,Demand,27681,megawatthours
2025-03-26 00:00:00+00:00,CAL,California,D,Demand,28803,megawatthours
2025-03-26 01:00:00+00:00,CAL,California,D,Demand,30156,megawatthours
2025-03-26 02:00:00+00:00,CAL,California,D,Demand,30772,megawatthours
2025-03-26 03:00:00+00:00,CAL,California,D,Demand,32441,megawatthours
2025-03-26 04:00:00+00:00,CAL,California,D,Demand,33171,megawatthours
2025-03-26 05:00:00+00:00,CAL,California,D,Demand,32513,megawatthours
2025-03-26 06:00:00+00:00,CAL,California,D,Demand,31360,megawatthours
2025-03-26 07:00:00+00:00,CAL,California,D,Demand,29471,megawatthours
2025-03-26 08:00:00+00:00,CAL,California,D,Demand,27611,megawatthours
2025-03-26 09:00:00+00:00,CAL,California,D,Demand,26742,megawatthours
2025-03-26 10:00:00+00:00,CAL,California,D,Demand,25795,megawatthours
2025-03-26 11:00:00+00:00,CAL,California,D,Demand,25188,megawatthours
2025-03-26 12:00:00+00:00,CAL,California,D,Demand,24902,megawatthours
2025-03-26 13:00:00+00:00,CAL,California,D,Demand,25054,megawatthours
2025-03-26 14:00:00+00:00,CAL,California,D,Demand,26261,megawatthours
2025-03-26 15:00:00+00:00,CAL,California,D,Demand,27921,megawatthours
2025-03-26 16:00:00+00:00,CAL,California,D,Demand,29365,megawatthours
2025-03-26 17:00:00+00:00,CAL,California,D,Demand,29459,megawatthours
2025-03-26 18:00:00+00:00,CAL,California,D,Demand,28857,megawatthours
2025-03-26 19:00:00+00:00,CAL,California,D,Demand,28972,megawatthours
2025-03-26 20:00:00+00:00,CAL,California,D,Demand,28459,megawatthours
2025-03-26 21:00:00+00:00,CAL,California,D,Demand,29068,megawatthours
2025-03-26 22:00:00+00:00,CAL,California,D,Demand,29482,megawatthours
2025-03-26 23:00:00+00:00,CAL,California,D,Demand,29651,megawatthours
2025-03-27 00:00:00+00:00,CAL,California,D,Demand,30025,megawatthours
2025-03-27 01:00:00+00:00,CAL,California,D,Demand,30375,megawatthours
2025-03-27 02:00:00+00:00,CAL,California,D,Demand,29828,megawatthours
2025-03-27 03:00:00+00:00,CAL,California,D,Demand,30477,megawatthours
2025-03-27 04:00:00+00:00,CAL,California,D,Demand,31627,megawatthours
2025-03-27 05:00:00+00:00,CAL,California,D,Demand,30954,megawatthours
2025-03-27 06:00:00+00:00,CAL,California,D,Demand,29984,megawatthours
2025-03-27 07:00:00+00:00,CAL,California,D,Demand,28443,megawatthours
2025-03-27 08:00:00+00:00,CAL,California,D,Demand,27069,megawatthours
2025-03-27 09:00:00+00:00,CAL,California,D,Demand,25918,megawatthours
2025-03-27 10:00:00+00:00,CAL,California,D,Demand,25019,megawatthours
2025-03-27 11:00:00+00:00,CAL,California,D,Demand,24421,megawatthours
2025-03-27 12:00:00+00:00,CAL,California,D,Demand,23844,megawatthours
2025-03-27 13:00:00+00:00,CAL,California,D,Demand,23791,megawatthours
2025-03-27 14:00:00+00:00,CAL,California,D,Demand,24945,megawatthours
2025-03-27 15:00:00+00:00,CAL,California,D,Demand,27225,megawatthours
2025-03-27 16:00:00+00:00,CAL,California,D,Demand,28900,megawatthours
2025-03-27 17:00:00+00:00,CAL,California,D,Demand,29507,megawatthours
2025-03-27 18:00:00+00:00,CAL,California,D,Demand,29410,megawatthours
2025-03-27 19:00:00+00:00,CAL,California,D,Demand,29027,megawatthours
2025-03-27 20:00:00+00:00,CAL,California,D,Demand,29849,megawatthours
2025-03-27 21:00:00+00:00,CAL,California,D,Demand,29536,megawatthours
2025-03-27 22:00:00+00:00,CAL,California,D,Demand,28972,megawatthours
2025-03-27 23:00:00+00:00,CAL,California,D,Demand,27938,megawatthours
2025-03-28 00:00:00+00:00,CAL,California,D,Demand,26594,megawatthours
2025-03-28 01:00:00+00:00,CAL,California,D,Demand,26150,megawatthours
2025-03-28 02:00:00+00:00,CAL,California,D,Demand,27112,megawatthours
2025-03-28 03:00:00+00:00,CAL,California,D,Demand,28854,megawatthours
2025-03-28 04:00:00+00:00,CAL,California,D,Demand,30343,megawatthours
2025-03-28 05:00:00+00:00,CAL,California,D,Demand,29945,megawatthours
2025-03-28 06:00:00+00:00,CAL,California,D,Demand,29134,megawatthours
2025-03-28 07:00:00+00:00,CAL,California,D,Demand,27945,megawatthours
2025-03-28 08:00:00+00:00,CAL,California,D,Demand,26911,megawatthours
2025-03-28 09:00:00+00:00,CAL,California,D,Demand,26374,megawatthours
2025-03-28 10:00:00+00:00,CAL,California,D,Demand,25502,megawatthours
2025-03-28 11:00:00+00:00,CAL,California,D,Demand,24667,megawatthours
2025-03-28 12:00:00+00:00,CAL,California,D,Demand,24781,megawatthours
2025-03-28 13:00:00+00:00,CAL,California,D,Demand,25368,megawatthours
2025-03-28 14:00:00+00:00,CAL,California,D,Demand,26440,megawatthours
2025-03-28 15:00:00+00:00,CAL,California,D,Demand,28131,megawatthours
2025-03-28 16:00:00+00:00,CAL,California,D,Demand,28935,megawatthours
2025-03-28 17:00:00+00:00,CAL,California,D,Demand,28579,megawatthours
2025-03-28 18:00:00+00:00,CAL,California,D,Demand,27569,megawatthours
2025-03-28 19:00:00+00:00,CAL,California,D,Demand,27192,megawatthours
2025-03-28 20:00:00+00:00,CAL,California,D,Demand,26909,megawatthours
2025-03-28 21:00:00+00:00,CAL,California,D,Demand,28106,megawatthours
2025-03-28 22:00:00+00:00,CAL,California,D,Demand,28465,megawatthours
2025-03-28 23:00:00+00:00,CAL,California,D,Demand,29303,megawatthours
2025-03-29 00:00:00+00:00,CAL,California,D,Demand,28504,megawatthours
2025-03-29 01:00:00+00:00,CAL,California,D,Demand,27970,megawatthours
2025-03-29 02:00:00+00:00,CAL,California,D,Demand,27730,megawatthours
2025-03-29 03:00:00+00:00,CAL,California,D,Demand,28707,megawatthours
2025-03-29 04:00:00+00:00,CAL,California,D,Demand,30085,megawatthours
2025-03-29 05:00:00+00:00,CAL,California,D,Demand,29927,megawatthours
2025-03-29 06:00:00+00:00,CAL,California,D,Demand,29459,megawatthours
2025-03-29 07:00:00+00:00,CAL,California,D,Demand,28277,megawatthours
2025-03-29 08:00:00+00:00,CAL,California,D,Demand,27177,megawatthours
2025-03-29 09:00:00+00:00,CAL,California,D,Demand,25962,megawatthours
2025-03-29 10:00:00+00:00,CAL,California,D,Demand,25238,megawatthours
2025-03-29 11:00:00+00:00,CAL,California,D,Demand,24579,megawatthours
2025-03-29 12:00:00+00:00,CAL,California,D,Demand,24106,megawatthours
2025-03-29 13:00:00+00:00,CAL,California,D,Demand,24098,megawatthours
2025-03-29 14:00:00+00:00,CAL,California,D,Demand,24426,megawatthours
2025-03-29 15:00:00+00:00,CAL,California,D,Demand,25188,megawatthours
2025-03-29 16:00:00+00:00,CAL,California,D,Demand,25494,megawatthours
2025-03-29 17:00:00+00:00,CAL,California,D,Demand,25559,megawatthours
2025-03-29 18:00:00+00:00,CAL,California,D,Demand,25645,megawatthours
2025-03-29 19:00:00+00:00,CAL,California,D,Demand,24392,megawatthours
2025-03-29 20:00:00+00:00,CAL,California,D,Demand,23916,megawatthours
2025-03-29 21:00:00+00:00,CAL,California,D,Demand,22955,megawatthours
2025-03-29 22:00:00+00:00,CAL,California,D,Demand,22027,megawatthours
2025-03-29 23:00:00+00:00,CAL,California,D,Demand,22196,megawatthours
2025-03-30 00:00:00+00:00,CAL,California,D,Demand,22471,megawatthours
2025-03-30 01:00:00+00:00,CAL,California,D,Demand,23215,megawatthours
2025-03-30 02:00:00+00:00,CAL,California,D,Demand,24724,megawatthours
2025-03-30 03:00:00+00:00,CAL,California,D,Demand,27056,megawatthours
2025-03-30 04:00:00+00:00,CAL,California,D,Demand,28001,megawatthours
2025-03-30 05:00:00+00:00,CAL,California,D,Demand,28273,megawatthours
2025-03-30 06:00:00+00:00,CAL,California,D,Demand,27953,megawatthours
2025-03-30 07:00:00+00:00,CAL,California,D,Demand,26895,megawatthours
2025-03-30 08:00:00+00:00,CAL,California,D,Demand,25815,megawatthours
2025-03-30 09:00:00+00:00,CAL,California,D,Demand,25367,megawatthours
2025-03-30 10:00:00+00:00,CAL,California,D,Demand,24536,megawatthours
2025-03-30 11:00:00+00:00,CAL,California,D,Demand,23858,megawatthours
2025-03-30 12:00:00+00:00,CAL,California,D,Demand,23811,megawatthours
2025-03-30 13:00:00+00:00,CAL,California,D,Demand,23233,megawatthours
2025-03-30 14:00:00+00:00,CAL,California,D,Demand,23362,megawatthours
2025-03-30 15:00:00+00:00,CAL,California,D,Demand,23861,megawatthours
2025-03-30 16:00:00+00:00,CAL,California,D,Demand,24607,megawatthours
2025-03-30 17:00:00+00:00,CAL,California,D,Demand,24663,megawatthours
2025-03-30 18:00:00+00:00,CAL,California,D,Demand,26198,megawatthours
2025-03-30 19:00:00+00:00,CAL,California,D,Demand,25973,megawatthours
2025-03-30 20:00:00+00:00,CAL,California,D,Demand,27401,megawatthours
2025-03-30 21:00:00+00:00,CAL,California,D,Demand,27550,megawatthours
2025-03-30 22:00:00+00:00,CAL,California,D,Demand,26825,megawatthours
2025-03-30 23:00:00+00:00,CAL,California,D,Demand,25737,megawatthours
2025-03-31 00:00:00+00:00,CAL,California,D,Demand,24966,megawatthours
2025-03-31 01:00:00+00:00,CAL,California,D,Demand,24885,megawatthours
2025-03-31 02:00:00+00:00,CAL,California,D,Demand,25145,megawatthours
2025-03-31 03:00:00+00:00,CAL,California,D,Demand,27104,megawatthours
2025-03-31 04:00:00+00:00,CAL,California,D,Demand,28831,megawatthours
2025-03-31 05:00:00+00:00,CAL,California,D,Demand,28811,megawatthours
2025-03-31 06:00:00+00:00,CAL,California,D,Demand,28152,megawatthours
2025-03-31 07:00:00+00:00,CAL,California,D,Demand,26990,megawatthours
2025-03-31 08:00:00+00:00,CAL,California,D,Demand,26064,megawatthours
2025-03-31 09:00:00+00:00,CAL,California,D,Demand,25289,megawatthours
2025-03-31 10:00:00+00:00,CAL,California,D,Demand,24659,megawatthours
2025-03-31 11:00:00+00:00,CAL,California,D,Demand,24056,megawatthours
2025-03-31 12:00:00+00:00,CAL,California,D,Demand,23547,megawatthours
2025-03-31 13:00:00+00:00,CAL,California,D,Demand,23831,megawatthours
2025-03-31 14:00:00+00:00,CAL,California,D,Demand,25405,megawatthours
2025-03-31 15:00:00+00:00,CAL,California,D,Demand,27500,megawatthours
2025-03-31 16:00:00+00:00,CAL,California,D,Demand,29194,megawatthours
2025-03-31 17:00:00+00:00,CAL,California,D,Demand,29291,megawatthours
2025-03-31 18:00:00+00:00,CAL,California,D,Demand,30450,megawatthours
2025-03-31 19:00:00+00:00,CAL,California,D,Demand,30173,megawatthours
2025-03-31 20:00:00+00:00,CAL,California,D,Demand,31424,megawatthours
2025-03-31 21:00:00+00:00,CAL,California,D,Demand,31115,megawatthours
2025-03-31 22:00:00+00:00,CAL,California,D,Demand,30330,megawatthours
2025-03-31 23:00:00+00:00,CAL,California,D,Demand,30174,megawatthours
2025-04-01 00:00:00+00:00,CAL,California,D,Demand,29520,megawatthours
2025-04-01 01:00:00+00:00,CAL,California,D,Demand,29988,megawatthours
2025-04-01 02:00:00+00:00,CAL,California,D,Demand,28970,megawatthours
2025-04-01 03:00:00+00:00,CAL,California,D,Demand,30031,megawatthours
2025-04-01 04:00:00+00:00,CAL,California,D,Demand,31280,megawatthours
2025-04-01 05:00:00+00:00,CAL,California,D,Demand,31178,megawatthours
2025-04-01 06:00:00+00:00,CAL,California,D,Demand,30349,megawatthours
2025-04-01 07:00:00+00:00,CAL,California,D,Demand,28790,megawatthours
2025-04-01 08:00:00+00:00,CAL,California,D,Demand,27546,megawatthours
2025-04-01 09:00:00+00:00,CAL,California,D,Demand,26774,megawatthours
2025-04-01 10:00:00+00:00,CAL,California,D,Demand,25824,megawatthours
2025-04-01 11:00:00+00:00,CAL,California,D,Demand,26603,megawatthours
2025-04-01 12:00:00+00:00,CAL,California,D,Demand,26675,megawatthours
2025-04-01 13:00:00+00:00,CAL,California,D,Demand,25557,megawatthours
2025-04-01 14:00:00+00:00,CAL,California,D,Demand,27226,megawatthours
2025-04-01 15:00:00+00:00,CAL,California,D,Demand,29212,megawatthours
2025-04-01 16:00:00+00:00,CAL,California,D,Demand,27521,megawatthours
2025-04-01 17:00:00+00:00,CAL,California,D,Demand,31375,megawatthours
2025-04-01 18:00:00+00:00,CAL,California,D,Demand,31388,megawatthours
2025-04-01 19:00:00+00:00,CAL,California,D,Demand,27230,megawatthours
2025-04-01 20:00:00+00:00,CAL,California,D,Demand,30371,megawatthours
2025-04-01 21:00:00+00:00,CAL,California,D,Demand,28604,megawatthours
2025-04-01 22:00:00+00:00,CAL,California,D,Demand,29080,megawatthours
2025-04-01 23:00:00+00:00,CAL,California,D,Demand,28974,megawatthours
2025-04-02 00:00:00+00:00,CAL,California,D,Demand,28744,megawatthours
2025-04-02 01:00:00+00:00,CAL,California,D,Demand,28069,megawatthours
2025-04-02 02:00:00+00:00,CAL,California,D,Demand,28288,megawatthours
2025-04-02 03:00:00+00:00,CAL,California,D,Demand,30072,megawatthours
2025-04-02 04:00:00+00:00,CAL,California,D,Demand,31912,megawatthours
2025-04-02 05:00:00+00:00,CAL,California,D,Demand,31688,megawatthours
2025-04-02 06:00:00+00:00,CAL,California,D,Demand,30981,megawatthours
2025-04-02 07:00:00+00:00,CAL,California,D,Demand,29224,megawatthours
2025-04-02 08:00:00+00:00,CAL,California,D,Demand,27682,megawatthours
2025-04-02 09:00:00+00:00,CAL,California,D,Demand,26920,megawatthours
2025-04-02 10:00:00+00:00,CAL,California,D,Demand,25846,megawatthours
2025-04-02 11:00:00+00:00,CAL,California,D,Demand,25354,megawatthours
2025-04-02 12:00:00+00:00,CAL,California,D,Demand,25136,megawatthours
2025-04-02 13:00:00+00:00,CAL,California,D,Demand,25922,megawatthours
2025-04-02 14:00:00+00:00,CAL,California,D,Demand,27536,megawatthours
2025-04-02 15:00:00+00:00,CAL,California,D,Demand,30004,megawatthours
2025-04-02 16:00:00+00:00,CAL,California,D,Demand,30777,megawatthours
2025-04-02 17:00:00+00:00,CAL,California,D,Demand,29632,megawatthours
2025-04-02 18:00:00+00:00,CAL,California,D,Demand,28882,megawatthours
2025-04-02 19:00:00+00:00,CAL,California,D,Demand,28296,megawatthours
2025-04-02 20:00:00+00:00,CAL,California,D,Demand,28190,megawatthours
2025-04-02 21:00:00+00:00,CAL,California,D,Demand,27767,megawatthours
2025-04-02 22:00:00+00:00,CAL,California,D,Demand,27522,megawatthours
2025-04-02 23:00:00+00:00,CAL,California,D,Demand,26937,megawatthours
2025-04-03 00:00:00+00:00,CAL,California,D,Demand,27086,megawatthours
2025-04-03 01:00:00+00:00,CAL,California,D,Demand,26530,megawatthours
2025-04-03 02:00:00+00:00,CAL,California,D,Demand,26747,megawatthours
2025-04-03 03:00:00+00:00,CAL,California,D,Demand,28784,megawatthours
2025-04-03 04:00:00+00:00,CAL,California,D,Demand,30801,megawatthours
2025-04-03 05:00:00+00:00,CAL,California,D,Demand,30893,megawatthours
2025-04-03 06:00:00+00:00,CAL,California,D,Demand,30012,megawatthours
2025-04-03 07:00:00+00:00,CAL,California,D,Demand,28669,megawatthours
2025-04-03 08:00:00+00:00,CAL,California,D,Demand,27274,megawatthours
2025-04-03 09:00:00+00:00,CAL,California,D,Demand,26264,megawatthours
2025-04-03 10:00:00+00:00,CAL,California,D,Demand,25724,megawatthours
2025-04-03 11:00:00+00:00,CAL,California,D,Demand,25030,megawatthours
2025-04-03 12:00:00+00:00,CAL,California,D,Demand,24787,megawatthours
2025-04-03 13:00:00+00:00,CAL,California,D,Demand,25505,megawatthours
2025-04-03 14:00:00+00:00,CAL,California,D,Demand,27235,megawatthours
2025-04-03 15:00:00+00:00,CAL,California,D,Demand,29454,megawatthours
2025-04-03 16:00:00+00:00,CAL,California,D,Demand,30189,megawatthours
2025-04-03 17:00:00+00:00,CAL,California,D,Demand,29397,megawatthours
2025-04-03 18:00:00+00:00,CAL,California,D,Demand,29308,megawatthours
2025-04-03 19:00:00+00:00,CAL,California,D,Demand,28250,megawatthours
2025-04-03 20:00:00+00:00,CAL,California,D,Demand,28232,megawatthours
2025-04-03 21:00:00+00:00,CAL,California,D,Demand,26358,megawatthours
2025-04-03 22:00:00+00:00,CAL,California,D,Demand,25734,megawatthours
2025-04-03 23:00:00+00:00,CAL,California,D,Demand,25230,megawatthours
2025-04-04 00:00:00+00:00,CAL,California,D,Demand,25437,megawatthours
2025-04-04 01:00:00+00:00,CAL,California,D,Demand,26252,megawatthours
2025-04-04 02:00:00+00:00,CAL,California,D,Demand,27583,megawatthours
2025-04-04 03:00:00+00:00,CAL,California,D,Demand,28972,megawatthours
2025-04-04 04:00:00+00:00,CAL,California,D,Demand,30910,megawatthours
2025-04-04 05:00:00+00:00,CAL,California,D,Demand,30871,megawatthours
2025-04-04 06:00:00+00:00,CAL,California,D,Demand,30310,megawatthours
2025-04-04 07:00:00+00:00,CAL,California,D,Demand,28760,megawatthours
2025-04-04 08:00:00+00:00,CAL,California,D,Demand,27815,megawatthours
2025-04-04 09:00:00+00:00,CAL,California,D,Demand,26965,megawatthours
2025-04-04 10:00:00+00:00,CAL,California,D,Demand,26158,megawatthours
2025-04-04 11:00:00+00:00,CAL,California,D,Demand,25636,megawatthours
2025-04-04 12:00:00+00:00,CAL,California,D,Demand,25498,megawatthours
2025-04-04 13:00:00+00:00,CAL,California,D,Demand,26415,megawatthours
2025-04-04 14:00:00+00:00,CAL,California,D,Demand,27797,megawatthours
2025-04-04 15:00:00+00:00,CAL,California,D,Demand,29712,megawatthours
2025-04-04 16:00:00+00:00,CAL,California,D,Demand,30221,megawatthours
2025-04-04 17:00:00+00:00,CAL,California,D,Demand,29590,megawatthours
2025-04-04 18:00:00+00:00,CAL,California,D,Demand,29280,megawatthours
2025-04-04 19:00:00+00:00,CAL,California,D,Demand,27975,megawatthours
2025-04-04 20:00:00+00:00,CAL,California,D,Demand,26927,megawatthours
2025-04-04 21:00:00+00:00,CAL,California,D,Demand,25916,megawatthours
2025-04-04 22:00:00+00:00,CAL,California,D,Demand,25692,megawatthours
2025-04-04 23:00:00+00:00,CAL,California,D,Demand,26191,megawatthours
2025-04-05 00:00:00+00:00,CAL,California,D,Demand,26212,megawatthours
2025-04-05 01:00:00+00:00,CAL,California,D,Demand,26318,megawatthours
2025-04-05 02:00:00+00:00,CAL,California,D,Demand,27252,megawatthours
2025-04-05 03:00:00+00:00,CAL,California,D,Demand,28536,megawatthours
2025-04-05 04:00:00+00:00,CAL,California,D,Demand,30078,megawatthours
2025-04-05 05:00:00+00:00,CAL,California,D,Demand,29794,megawatthours
2025-04-05 06:00:00+00:00,CAL,California,D,Demand,29243,megawatthours
2025-04-05 07:00:00+00:00,CAL,California,D,Demand,27997,megawatthours
2025-04-05 08:00:00+00:00,CAL,California,D,Demand,26625,megawatthours
2025-04-05 09:00:00+00:00,CAL,California,D,Demand,26204,megawatthours
2025-04-05 10:00:00+00:00,CAL,California,D,Demand,25352,megawatthours
2025-04-05 11:00:00+00:00,CAL,California,D,Demand,24827,megawatthours
2025-04-05 12:00:00+00:00,CAL,California,D,Demand,24476,megawatthours
2025-04-05 13:00:00+00:00,CAL,California,D,Demand,24795,megawatthours
2025-04-05 14:00:00+00:00,CAL,California,D,Demand,25370,megawatthours
2025-04-05 15:00:00+00:00,CAL,California,D,Demand,26104,megawatthours
2025-04-05 16:00:00+00:00,CAL,California,D,Demand,26350,megawatthours
2025-04-05 17:00:00+00:00,CAL,California,D,Demand,26165,megawatthours
2025-04-05 18:00:00+00:00,CAL,California,D,Demand,25967,megawatthours
2025-04-05 19:00:00+00:00,CAL,California,D,Demand,24733,megawatthours
2025-04-05 20:00:00+00:00,CAL,California,D,Demand,23912,megawatthours
2025-04-05 21:00:00+00:00,CAL,California,D,Demand,22874,megawatthours
2025-04-05 22:00:00+00:00,CAL,California,D,Demand,22485,megawatthours
2025-04-05 23:00:00+00:00,CAL,California,D,Demand,22163,megawatthours
2025-04-06 00:00:00+00:00,CAL,California,D,Demand,22922,megawatthours
2025-04-06 01:00:00+00:00,CAL,California,D,Demand,23834,megawatthours
2025-04-06 02:00:00+00:00,CAL,California,D,Demand,25503,megawatthours
2025-04-06 03:00:00+00:00,CAL,California,D,Demand,27467,megawatthours
2025-04-06 04:00:00+00:00,CAL,California,D,Demand,28919,megawatthours
2025-04-06 05:00:00+00:00,CAL,California,D,Demand,28746,megawatthours
2025-04-06 06:00:00+00:00,CAL,California,D,Demand,28014,megawatthours
2025-04-06 07:00:00+00:00,CAL,California,D,Demand,26641,megawatthours
2025-04-06 08:00:00+00:00,CAL,California,D,Demand,25594,megawatthours
2025-04-06 09:00:00+00:00,CAL,California,D,Demand,24865,megawatthours
2025-04-06 10:00:00+00:00,CAL,California,D,Demand,24073,megawatthours
2025-04-06 11:00:00+00:00,CAL,California,D,Demand,23487,megawatthours
2025-04-06 12:00:00+00:00,CAL,California,D,Demand,23203,megawatthours
2025-04-06 13:00:00+00:00,CAL,California,D,Demand,23475,megawatthours
2025-04-06 14:00:00+00:00,CAL,California,D,Demand,23595,megawatthours
2025-04-06 15:00:00+00:00,CAL,California,D,Demand,24215,megawatthours
2025-04-06 16:00:00+00:00,CAL,California,D,Demand,24661,megawatthours
2025-04-06 17:00:00+00:00,CAL,California,D,Demand,25613,megawatthours
2025-04-06 18:00:00+00:00,CAL,California,D,Demand,25025,megawatthours
2025-04-06 19:00:00+00:00,CAL,California,D,Demand,24171,megawatthours
2025-04-06 20:00:00+00:00,CAL,California,D,Demand,23617,megawatthours
2025-04-06 21:00:00+00:00,CAL,California,D,Demand,23087,megawatthours
2025-04-06 22:00:00+00:00,CAL,California,D,Demand,23041,megawatthours
2025-04-06 23:00:00+00:00,CAL,California,D,Demand,23511,megawatthours
2025-04-07 00:00:00+00:00,CAL,California,D,Demand,23511,megawatthours
2025-04-07 01:00:00+00:00,CAL,California,D,Demand,24341,megawatthours
2025-04-07 02:00:00+00:00,CAL,California,D,Demand,26298,megawatthours
2025-04-07 03:00:00+00:00,CAL,California,D,Demand,27868,megawatthours
2025-04-07 04:00:00+00:00,CAL,California,D,Demand,29699,megawatthours
2025-04-07 05:00:00+00:00,CAL,California,D,Demand,29594,megawatthours
2025-04-07 06:00:00+00:00,CAL,California,D,Demand,28642,megawatthours
2025-04-07 07:00:00+00:00,CAL,California,D,Demand,27113,megawatthours
2025-04-07 08:00:00+00:00,CAL,California,D,Demand,25418,megawatthours
2025-04-07 09:00:00+00:00,CAL,California,D,Demand,24514,megawatthours
2025-04-07 10:00:00+00:00,CAL,California,D,Demand,23980,megawatthours
2025-04-07 11:00:00+00:00,CAL,California,D,Demand,23197,megawatthours
2025-04-07 12:00:00+00:00,CAL,California,D,Demand,23095,megawatthours
2025-04-07 13:00:00+00:00,CAL,California,D,Demand,23962,megawatthours
2025-04-07 14:00:00+00:00,CAL,California,D,Demand,25744,megawatthours
2025-04-07 15:00:00+00:00,CAL,California,D,Demand,27838,megawatthours
2025-04-07 16:00:00+00:00,CAL,California,D,Demand,28761,megawatthours
2025-04-07 17:00:00+00:00,CAL,California,D,Demand,29405,megawatthours
2025-04-07 18:00:00+00:00,CAL,California,D,Demand,30132,megawatthours
2025-04-07 19:00:00+00:00,CAL,California,D,Demand,29641,megawatthours
2025-04-07 20:00:00+00:00,CAL,California,D,Demand,28648,megawatthours
2025-04-07 21:00:00+00:00,CAL,California,D,Demand,28841,megawatthours
2025-04-07 22:00:00+00:00,CAL,California,D,Demand,28023,megawatthours
2025-04-07 23:00:00+00:00,CAL,California,D,Demand,28008,megawatthours
2025-04-08 00:00:00+00:00,CAL,California,D,Demand,28411,megawatthours
2025-04-08 01:00:00+00:00,CAL,California,D,Demand,28331,megawatthours
2025-04-08 02:00:00+00:00,CAL,California,D,Demand,29085,megawatthours
2025-04-08 03:00:00+00:00,CAL,California,D,Demand,30811,megawatthours
2025-04-08 04:00:00+00:00,CAL,California,D,Demand,32023,megawatthours
2025-04-08 05:00:00+00:00,CAL,California,D,Demand,31676,megawatthours
2025-04-08 06:00:00+00:00,CAL,California,D,Demand,30490,megawatthours
2025-04-08 07:00:00+00:00,CAL,California,D,Demand,28723,megawatthours
2025-04-08 08:00:00+00:00,CAL,California,D,Demand,27112,megawatthours
2025-04-08 09:00:00+00:00,CAL,California,D,Demand,26075,megawatthours
2025-04-08 10:00:00+00:00,CAL,California,D,Demand,25240,megawatthours
2025-04-08 11:00:00+00:00,CAL,California,D,Demand,24795,megawatthours
2025-04-08 12:00:00+00:00,CAL,California,D,Demand,24516,megawatthours
2025-04-08 13:00:00+00:00,CAL,California,D,Demand,24723,megawatthours
2025-04-08 14:00:00+00:00,CAL,California,D,Demand,26260,megawatthours
2025-04-08 15:00:00+00:00,CAL,California,D,Demand,28259,megawatthours
2025-04-08 16:00:00+00:00,CAL,California,D,Demand,29191,megawatthours
2025-04-08 17:00:00+00:00,CAL,California,D,Demand,29362,megawatthours
2025-04-08 18:00:00+00:00,CAL,California,D,Demand,29676,megawatthours
2025-04-08 19:00:00+00:00,CAL,California,D,Demand,29226,megawatthours
2025-04-08 20:00:00+00:00,CAL,California,D,Demand,28088,megawatthours
2025-04-08 21:00:00+00:00,CAL,California,D,Demand,27056,megawatthours
2025-04-08 22:00:00+00:00,CAL,California,D,Demand,27220,megawatthours
2025-04-08 23:00:00+00:00,CAL,California,D,Demand,26832,megawatthours
2025-04-09 00:00:00+00:00,CAL,California,D,Demand,27335,megawatthours
2025-04-09 01:00:00+00:00,CAL,California,D,Demand,28031,megawatthours
2025-04-09 02:00:00+00:00,CAL,California,D,Demand,29218,megawatthours
2025-04-09 03:00:00+00:00,CAL,California,D,Demand,31007,megawatthours
2025-04-09 04:00:00+00:00,CAL,California,D,Demand,32323,megawatthours
2025-04-09 05:00:00+00:00,CAL,California,D,Demand,32159,megawatthours
2025-04-09 06:00:00+00:00,CAL,California,D,Demand,31075,megawatthours
2025-04-09 07:00:00+00:00,CAL,California,D,Demand,29283,megawatthours
2025-04-09 08:00:00+00:00,CAL,California,D,Demand,27421,megawatthours
2025-04-09 09:00:00+00:00,CAL,California,D,Demand,26527,megawatthours
2025-04-09 10:00:00+00:00,CAL,California,D,Demand,25803,megawatthours
2025-04-09 11:00:00+00:00,CAL,California,D,Demand,25073,megawatthours
2025-04-09 12:00:00+00:00,CAL,California,D,Demand,24699,megawatthours
2025-04-09 13:00:00+00:00,CAL,California,D,Demand,24989,megawatthours
2025-04-09 14:00:00+00:00,CAL,California,D,Demand,26261,megawatthours
2025-04-09 15:00:00+00:00,CAL,California,D,Demand,27976,megawatthours
2025-04-09 16:00:00+00:00,CAL,California,D,Demand,28893,megawatthours
2025-04-09 17:00:00+00:00,CAL,California,D,Demand,29612,megawatthours
2025-04-09 18:00:00+00:00,CAL,California,D,Demand,29771,megawatthours
2025-04-09 19:00:00+00:00,CAL,California,D,Demand,29752,megawatthours
2025-04-09 20:00:00+00:00,CAL,California,D,Demand,29699,megawatthours
2025-04-09 21:00:00+00:00,CAL,California,D,Demand,28767,megawatthours
2025-04-09 22:00:00+00:00,CAL,California,D,Demand,28480,megawatthours
2025-04-09 23:00:00+00:00,CAL,California,D,Demand,28724,megawatthours
2025-04-10 00:00:00+00:00,CAL,California,D,Demand,29373,megawatthours
2025-04-10 01:00:00+00:00,CAL,California,D,Demand,29849,megawatthours
2025-04-10 02:00:00+00:00,CAL,California,D,Demand,31182,megawatthours
2025-04-10 03:00:00+00:00,CAL,California,D,Demand,33020,megawatthours
2025-04-10 04:00:00+00:00,CAL,California,D,Demand,33720,megawatthours
2025-04-10 05:00:00+00:00,CAL,California,D,Demand,33145,megawatthours
2025-04-10 06:00:00+00:00,CAL,California,D,Demand,32139,megawatthours
2025-04-10 07:00:00+00:00,CAL,California,D,Demand,30139,megawatthours
2025-04-10 08:00:00+00:00,CAL,California,D,Demand,28127,megawatthours
2025-04-10 09:00:00+00:00,CAL,California,D,Demand,27072,megawatthours
2025-04-10 10:00:00+00:00,CAL,California,D,Demand,25910,megawatthours
2025-04-10 11:00:00+00:00,CAL,California,D,Demand,25092,megawatthours
2025-04-10 12:00:00+00:00,CAL,California,D,Demand,24622,megawatthours
2025-04-10 13:00:00+00:00,CAL,California,D,Demand,24694,megawatthours
2025-04-10 14:00:00+00:00,CAL,California,D,Demand,25725,megawatthours
2025-04-10 15:00:00+00:00,CAL,California,D,Demand,27033,megawatthours
2025-04-10 16:00:00+00:00,CAL,California,D,Demand,28477,megawatthours
2025-04-10 17:00:00+00:00,CAL,California,D,Demand,29237,megawatthours
2025-04-10 18:00:00+00:00,CAL,California,D,Demand,30090,megawatthours
2025-04-10 19:00:00+00:00,CAL,California,D,Demand,29681,megawatthours
2025-04-10 20:00:00+00:00,CAL,California,D,Demand,28563,megawatthours
2025-04-10 21:00:00+00:00,CAL,California,D,Demand,27923,megawatthours
2025-04-10 22:00:00+00:00,CAL,California,D,Demand,28186,megawatthours
2025-04-10 23:00:00+00:00,CAL,California,D,Demand,28629,megawatthours
2025-04-11 00:00:00+00:00,CAL,California,D,Demand,29544,megawatthours
2025-04-11 01:00:00+00:00,CAL,California,D,Demand,31406,megawatthours
2025-04-11 02:00:00+00:00,CAL,California,D,Demand,32560,megawatthours
2025-04-11 03:00:00+00:00,CAL,California,D,Demand,33473,megawatthours
2025-04-11 04:00:00+00:00,CAL,California,D,Demand,34223,megawatthours
2025-04-11 05:00:00+00:00,CAL,California,D,Demand,33716,megawatthours
2025-04-11 06:00:00+00:00,CAL,California,D,Demand,32505,megawatthours
2025-04-11 07:00:00+00:00,CAL,California,D,Demand,30318,megawatthours
2025-04-11 08:00:00+00:00,CAL,California,D,Demand,28497,megawatthours
2025-04-11 09:00:00+00:00,CAL,California,D,Demand,27329,megawatthours
2025-04-11 10:00:00+00:00,CAL,California,D,Demand,26455,megawatthours
2025-04-11 11:00:00+00:00,CAL,California,D,Demand,26072,megawatthours
2025-04-11 12:00:00+00:00,CAL,California,D,Demand,25642,megawatthours
2025-04-11 13:00:00+00:00,CAL,California,D,Demand,25120,megawatthours
2025-04-11 14:00:00+00:00,CAL,California,D,Demand,26311,megawatthours
2025-04-11 15:00:00+00:00,CAL,California,D,Demand,27607,megawatthours
2025-04-11 16:00:00+00:00,CAL,California,D,Demand,28945,megawatthours
2025-04-11 17:00:00+00:00,CAL,California,D,Demand,30077,megawatthours
2025-04-11 18:00:00+00:00,CAL,California,D,Demand,30712,megawatthours
2025-04-11 19:00:00+00:00,CAL,California,D,Demand,31298,megawatthours
2025-04-11 20:00:00+00:00,CAL,California,D,Demand,31064,megawatthours
2025-04-11 21:00:00+00:00,CAL,California,D,Demand,29767,megawatthours
2025-04-11 22:00:00+00:00,CAL,California,D,Demand,31106,megawatthours
2025-04-11 23:00:00+00:00,CAL,California,D,Demand,31046,megawatthours
2025-04-12 00:00:00+00:00,CAL,California,D,Demand,31459,megawatthours
2025-04-12 01:00:00+00:00,CAL,California,D,Demand,31987,megawatthours
2025-04-12 02:00:00+00:00,CAL,California,D,Demand,32506,megawatthours
2025-04-12 03:00:00+00:00,CAL,California,D,Demand,33495,megawatthours
2025-04-12 04:00:00+00:00,CAL,California,D,Demand,33861,megawatthours
2025-04-12 05:00:00+00:00,CAL,California,D,Demand,33299,megawatthours
2025-04-12 06:00:00+00:00,CAL,California,D,Demand,32199,megawatthours
2025-04-12 07:00:00+00:00,CAL,California,D,Demand,30734,megawatthours
2025-04-12 08:00:00+00:00,CAL,California,D,Demand,29036,megawatthours
2025-04-12 09:00:00+00:00,CAL,California,D,Demand,27834,megawatthours
2025-04-12 10:00:00+00:00,CAL,California,D,Demand,26572,megawatthours
2025-04-12 11:00:00+00:00,CAL,California,D,Demand,25599,megawatthours
2025-04-12 12:00:00+00:00,CAL,California,D,Demand,24931,megawatthours
2025-04-12 13:00:00+00:00,CAL,California,D,Demand,24601,megawatthours
2025-04-12 14:00:00+00:00,CAL,California,D,Demand,24722,megawatthours
2025-04-12 15:00:00+00:00,CAL,California,D,Demand,24942,megawatthours
2025-04-12 16:00:00+00:00,CAL,California,D,Demand,26063,megawatthours
2025-04-12 17:00:00+00:00,CAL,California,D,Demand,27479,megawatthours
2025-04-12 18:00:00+00:00,CAL,California,D,Demand,27400,megawatthours
2025-04-12 19:00:00+00:00,CAL,California,D,Demand,25975,megawatthours
2025-04-12 20:00:00+00:00,CAL,California,D,Demand,26343,megawatthours
2025-04-12 21:00:00+00:00,CAL,California,D,Demand,25794,megawatthours
2025-04-12 22:00:00+00:00,CAL,California,D,Demand,25471,megawatthours
2025-04-12 23:00:00+00:00,CAL,California,D,Demand,25001,megawatthours
2025-04-13 00:00:00+00:00,CAL,California,D,Demand,24970,megawatthours
2025-04-13 01:00:00+00:00,CAL,California,D,Demand,25784,megawatthours
2025-04-13 02:00:00+00:00,CAL,California,D,Demand,28149,megawatthours
2025-04-13 03:00:00+00:00,CAL,California,D,Demand,29561,megawatthours
2025-04-13 04:00:00+00:00,CAL,California,D,Demand,30336,megawatthours
2025-04-13 05:00:00+00:00,CAL,California,D,Demand,30465,megawatthours
2025-04-13 06:00:00+00:00,CAL,California,D,Demand,29660,megawatthours
2025-04-13 07:00:00+00:00,CAL,California,D,Demand,28376,megawatthours
2025-04-13 08:00:00+00:00,CAL,California,D,Demand,26962,megawatthours
2025-04-13 09:00:00+00:00,CAL,California,D,Demand,26049,megawatthours
2025-04-13 10:00:00+00:00,CAL,California,D,Demand,25006,megawatthours
2025-04-13 11:00:00+00:00,CAL,California,D,Demand,24134,megawatthours
2025-04-13 12:00:00+00:00,CAL,California,D,Demand,23484,megawatthours
2025-04-13 13:00:00+00:00,CAL,California,D,Demand,23150,megawatthours
2025-04-13 14:00:00+00:00,CAL,California,D,Demand,23499,megawatthours
2025-04-13 15:00:00+00:00,CAL,California,D,Demand,23836,megawatthours
2025-04-13 16:00:00+00:00,CAL,California,D,Demand,23823,megawatthours
2025-04-13 17:00:00+00:00,CAL,California,D,Demand,25637,megawatthours
2025-04-13 18:00:00+00:00,CAL,California,D,Demand,26677,megawatthours
2025-04-13 19:00:00+00:00,CAL,California,D,Demand,25865,megawatthours
2025-04-13 20:00:00+00:00,CAL,California,D,Demand,24868,megawatthours
2025-04-13 21:00:00+00:00,CAL,California,D,Demand,24486,megawatthours
2025-04-13 22:00:00+00:00,CAL,California,D,Demand,23908,megawatthours
2025-04-13 23:00:00+00:00,CAL,California,D,Demand,23636,megawatthours
2025-04-14 00:00:00+00:00,CAL,California,D,Demand,23927,megawatthours
2025-04-14 01:00:00+00:00,CAL,California,D,Demand,24997,megawatthours
2025-04-14 02:00:00+00:00,CAL,California,D,Demand,26795,megawatthours
2025-04-14 03:00:00+00:00,CAL,California,D,Demand,28990,megawatthours
2025-04-14 04:00:00+00:00,CAL,California,D,Demand,30781,megawatthours
2025-04-14 05:00:00+00:00,CAL,California,D,Demand,30842,megawatthours
2025-04-14 06:00:00+00:00,CAL,California,D,Demand,29604,megawatthours
2025-04-14 07:00:00+00:00,CAL,California,D,Demand,27847,megawatthours
2025-04-14 08:00:00+00:00,CAL,California,D,Demand,26231,megawatthours
2025-04-14 09:00:00+00:00,CAL,California,D,Demand,25492,megawatthours
2025-04-14 10:00:00+00:00,CAL,California,D,Demand,24600,megawatthours
2025-04-14 11:00:00+00:00,CAL,California,D,Demand,24297,megawatthours
2025-04-14 12:00:00+00:00,CAL,California,D,Demand,22385,megawatthours
2025-04-14 13:00:00+00:00,CAL,California,D,Demand,24497,megawatthours
2025-04-14 14:00:00+00:00,CAL,California,D,Demand,25578,megawatthours
2025-04-14 15:00:00+00:00,CAL,California,D,Demand,27322,megawatthours
2025-04-14 16:00:00+00:00,CAL,California,D,Demand,28374,megawatthours
2025-04-14 17:00:00+00:00,CAL,California,D,Demand,29586,megawatthours
2025-04-14 18:00:00+00:00,CAL,California,D,Demand,29167,megawatthours
2025-04-14 19:00:00+00:00,CAL,California,D,Demand,29744,megawatthours
2025-04-14 20:00:00+00:00,CAL,California,D,Demand,29052,megawatthours
2025-04-14 21:00:00+00:00,CAL,California,D,Demand,28923,megawatthours
2025-04-14 22:00:00+00:00,CAL,California,D,Demand,29606,megawatthours
2025-04-14 23:00:00+00:00,CAL,California,D,Demand,30309,megawatthours
2025-04-15 00:00:00+00:00,CAL,California,D,Demand,29179,megawatthours
2025-04-15 01:00:00+00:00,CAL,California,D,Demand,29052,megawatthours
2025-04-15 02:00:00+00:00,CAL,California,D,Demand,30213,megawatthours
2025-04-15 03:00:00+00:00,CAL,California,D,Demand,31253,megawatthours
2025-04-15 04:00:00+00:00,CAL,California,D,Demand,32414,megawatthours
2025-04-15 05:00:00+00:00,CAL,California,D,Demand,32117,megawatthours
2025-04-15 06:00:00+00:00,CAL,California,D,Demand,30847,megawatthours
2025-04-15 07:00:00+00:00,CAL,California,D,Demand,29225,megawatthours
2025-04-15 08:00:00+00:00,CAL,California,D,Demand,27967,megawatthours
2025-04-15 09:00:00+00:00,CAL,California,D,Demand,26771,megawatthours
2025-04-15 10:00:00+00:00,CAL,California,D,Demand,25802,megawatthours
2025-04-15 11:00:00+00:00,CAL,California,D,Demand,25193,megawatthours
2025-04-15 12:00:00+00:00,CAL,California,D,Demand,24781,megawatthours
2025-04-15 13:00:00+00:00,CAL,California,D,Demand,25116,megawatthours
2025-04-15 14:00:00+00:00,CAL,California,D,Demand,26536,megawatthours
2025-04-15 15:00:00+00:00,CAL,California,D,Demand,28116,megawatthours
2025-04-15 16:00:00+00:00,CAL,California,D,Demand,29655,megawatthours
2025-04-15 17:00:00+00:00,CAL,California,D,Demand,31262,megawatthours
2025-04-15 18:00:00+00:00,CAL,California,D,Demand,32113,megawatthours
2025-04-15 19:00:00+00:00,CAL,California,D,Demand,31495,megawatthours
2025-04-15 20:00:00+00:00,CAL,California,D,Demand,30723,megawatthours
2025-04-15 21:00:00+00:00,CAL,California,D,Demand,29764,megawatthours
2025-04-15 22:00:00+00:00,CAL,California,D,Demand,29533,megawatthours
2025-04-15 23:00:00+00:00,CAL,California,D,Demand,32028,megawatthours
2025-04-16 00:00:00+00:00,CAL,California,D,Demand,29048,megawatthours
2025-04-16 01:00:00+00:00,CAL,California,D,Demand,29698,megawatthours
2025-04-16 02:00:00+00:00,CAL,California,D,Demand,29459,megawatthours
2025-04-16 03:00:00+00:00,CAL,California,D,Demand,31033,megawatthours
2025-04-16 04:00:00+00:00,CAL,California,D,Demand,31940,megawatthours
2025-04-16 05:00:00+00:00,CAL,California,D,Demand,31788,megawatthours
2025-04-16 06:00:00+00:00,CAL,California,D,Demand,31046,megawatthours
2025-04-16 07:00:00+00:00,CAL,California,D,Demand,29001,megawatthours
2025-04-16 08:00:00+00:00,CAL,California,D,Demand,27643,megawatthours
2025-04-16 09:00:00+00:00,CAL,California,D,Demand,26540,megawatthours
2025-04-16 10:00:00+00:00,CAL,California,D,Demand,25675,megawatthours
2025-04-16 11:00:00+00:00,CAL,California,D,Demand,25019,megawatthours
2025-04-16 12:00:00+00:00,CAL,California,D,Demand,25021,megawatthours
2025-04-16 13:00:00+00:00,CAL,California,D,Demand,25717,megawatthours
2025-04-16 14:00:00+00:00,CAL,California,D,Demand,26521,megawatthours
2025-04-16 15:00:00+00:00,CAL,California,D,Demand,27996,megawatthours
2025-04-16 16:00:00+00:00,CAL,California,D,Demand,29766,megawatthours
2025-04-16 17:00:00+00:00,CAL,California,D,Demand,30855,megawatthours
2025-04-16 18:00:00+00:00,CAL,California,D,Demand,31624,megawatthours
2025-04-16 19:00:00+00:00,CAL,California,D,Demand,32021,megawatthours
2025-04-16 20:00:00+00:00,CAL,California,D,Demand,31717,megawatthours
2025-04-16 21:00:00+00:00,CAL,California,D,Demand,31397,megawatthours
2025-04-16 22:00:00+00:00,CAL,California,D,Demand,30816,megawatthours
2025-04-16 23:00:00+00:00,CAL,California,D,Demand,29619,megawatthours
2025-04-17 00:00:00+00:00,CAL,California,D,Demand,28691,megawatthours
2025-04-17 01:00:00+00:00,CAL,California,D,Demand,28431,megawatthours
2025-04-17 02:00:00+00:00,CAL,California,D,Demand,28660,megawatthours
2025-04-17 03:00:00+00:00,CAL,California,D,Demand,29789,megawatthours
2025-04-17 04:00:00+00:00,CAL,California,D,Demand,31409,megawatthours
2025-04-17 05:00:00+00:00,CAL,California,D,Demand,31621,megawatthours
2025-04-17 06:00:00+00:00,CAL,California,D,Demand,30836,megawatthours
2025-04-17 07:00:00+00:00,CAL,California,D,Demand,29403,megawatthours
2025-04-17 08:00:00+00:00,CAL,California,D,Demand,27849,megawatthours
2025-04-17 09:00:00+00:00,CAL,California,D,Demand,26741,megawatthours
2025-04-17 10:00:00+00:00,CAL,California,D,Demand,25593,megawatthours
2025-04-17 11:00:00+00:00,CAL,California,D,Demand,24874,megawatthours
2025-04-17 12:00:00+00:00,CAL,California,D,Demand,24561,megawatthours
2025-04-17 13:00:00+00:00,CAL,California,D,Demand,24964,megawatthours
2025-04-17 14:00:00+00:00,CAL,California,D,Demand,26381,megawatthours
2025-04-17 15:00:00+00:00,CAL,California,D,Demand,28041,megawatthours
2025-04-17 16:00:00+00:00,CAL,California,D,Demand,30906,megawatthours
2025-04-17 17:00:00+00:00,CAL,California,D,Demand,32495,megawatthours
2025-04-17 18:00:00+00:00,CAL,California,D,Demand,33352,megawatthours
2025-04-17 19:00:00+00:00,CAL,California,D,Demand,33055,megawatthours
2025-04-17 20:00:00+00:00,CAL,California,D,Demand,32538,megawatthours
2025-04-17 21:00:00+00:00,CAL,California,D,Demand,32181,megawatthours
2025-04-17 22:00:00+00:00,CAL,California,D,Demand,31095,megawatthours
2025-04-17 23:00:00+00:00,CAL,California,D,Demand,30263,megawatthours
2025-04-18 00:00:00+00:00,CAL,California,D,Demand,29514,megawatthours
2025-04-18 01:00:00+00:00,CAL,California,D,Demand,28780,megawatthours
2025-04-18 02:00:00+00:00,CAL,California,D,Demand,28242,megawatthours
2025-04-18 03:00:00+00:00,CAL,California,D,Demand,29514,megawatthours
2025-04-18 04:00:00+00:00,CAL,California,D,Demand,30553,megawatthours
2025-04-18 05:00:00+00:00,CAL,California,D,Demand,30606,megawatthours
2025-04-18 06:00:00+00:00,CAL,California,D,Demand,30150,megawatthours
2025-04-18 07:00:00+00:00,CAL,California,D,Demand,28875,megawatthours
2025-04-18 08:00:00+00:00,CAL,California,D,Demand,27429,megawatthours
2025-04-18 09:00:00+00:00,CAL,California,D,Demand,26919,megawatthours
2025-04-18 10:00:00+00:00,CAL,California,D,Demand,25989,megawatthours
2025-04-18 11:00:00+00:00,CAL,California,D,Demand,25097,megawatthours
2025-04-18 12:00:00+00:00,CAL,California,D,Demand,24705,megawatthours
2025-04-18 13:00:00+00:00,CAL,California,D,Demand,25104,megawatthours
2025-04-18 14:00:00+00:00,CAL,California,D,Demand,26317,megawatthours
2025-04-18 15:00:00+00:00,CAL,California,D,Demand,27800,megawatthours
2025-04-18 16:00:00+00:00,CAL,California,D,Demand,29756,megawatthours
2025-04-18 17:00:00+00:00,CAL,California,D,Demand,31006,megawatthours
2025-04-18 18:00:00+00:00,CAL,California,D,Demand,31288,megawatthours
2025-04-18 19:00:00+00:00,CAL,California,D,Demand,30904,megawatthours
2025-04-18 20:00:00+00:00,CAL,California,D,Demand,30083,megawatthours
2025-04-18 21:00:00+00:00,CAL,California,D,Demand,29241,megawatthours
2025-04-18 22:00:00+00:00,CAL,California,D,Demand,28285,megawatthours
2025-04-18 23:00:00+00:00,CAL,California,D,Demand,27532,megawatthours
2025-04-19 00:00:00+00:00,CAL,California,D,Demand,26214,megawatthours
2025-04-19 01:00:00+00:00,CAL,California,D,Demand,26651,megawatthours
2025-04-19 02:00:00+00:00,CAL,California,D,Demand,28823,megawatthours
2025-04-19 03:00:00+00:00,CAL,California,D,Demand,28925,megawatthours
2025-04-19 04:00:00+00:00,CAL,California,D,Demand,30264,megawatthours
2025-04-19 05:00:00+00:00,CAL,California,D,Demand,30520,megawatthours
2025-04-19 06:00:00+00:00,CAL,California,D,Demand,30142,megawatthours
2025-04-19 07:00:00+00:00,CAL,California,D,Demand,28550,megawatthours
2025-04-19 08:00:00+00:00,CAL,California,D,Demand,26970,megawatthours
2025-04-19 09:00:00+00:00,CAL,California,D,Demand,26548,megawatthours
2025-04-19 10:00:00+00:00,CAL,California,D,Demand,25614,megawatthours
2025-04-19 11:00:00+00:00,CAL,California,D,Demand,24959,megawatthours
2025-04-19 12:00:00+00:00,CAL,California,D,Demand,24570,megawatthours
2025-04-19 13:00:00+00:00,CAL,California,D,Demand,24433,megawatthours
2025-04-19 14:00:00+00:00,CAL,California,D,Demand,24873,megawatthours
2025-04-19 15:00:00+00:00,CAL,California,D,Demand,25334,megawatthours
2025-04-19 16:00:00+00:00,CAL,California,D,Demand,26160,megawatthours
2025-04-19 17:00:00+00:00,CAL,California,D,Demand,26713,megawatthours
2025-04-19 18:00:00+00:00,CAL,California,D,Demand,26146,megawatthours
2025-04-19 19:00:00+00:00,CAL,California,D,Demand,24648,megawatthours
2025-04-19 20:00:00+00:00,CAL,California,D,Demand,23852,megawatthours
2025-04-19 21:00:00+00:00,CAL,California,D,Demand,23298,megawatthours
2025-04-19 22:00:00+00:00,CAL,California,D,Demand,23045,megawatthours
2025-04-19 23:00:00+00:00,CAL,California,D,Demand,22382,megawatthours
2025-04-20 00:00:00+00:00,CAL,California,D,Demand,22643,megawatthours
2025-04-20 01:00:00+00:00,CAL,California,D,Demand,23673,megawatthours
2025-04-20 02:00:00+00:00,CAL,California,D,Demand,25740,megawatthours
2025-04-20 03:00:00+00:00,CAL,California,D,Demand,27450,megawatthours
2025-04-20 04:00:00+00:00,CAL,California,D,Demand,28900,megawatthours
2025-04-20 05:00:00+00:00,CAL,California,D,Demand,28963,megawatthours
2025-04-20 06:00:00+00:00,CAL,California,D,Demand,28331,megawatthours
2025-04-20 07:00:00+00:00,CAL,California,D,Demand,27257,megawatthours
2025-04-20 08:00:00+00:00,CAL,California,D,Demand,25946,megawatthours
2025-04-20 09:00:00+00:00,CAL,California,D,Demand,25457,megawatthours
2025-04-20 10:00:00+00:00,CAL,California,D,Demand,24985,megawatthours
2025-04-20 11:00:00+00:00,CAL,California,D,Demand,24193,megawatthours
2025-04-20 12:00:00+00:00,CAL,California,D,Demand,23867,megawatthours
2025-04-20 13:00:00+00:00,CAL,California,D,Demand,23668,megawatthours
2025-04-20 14:00:00+00:00,CAL,California,D,Demand,23846,megawatthours
2025-04-20 15:00:00+00:00,CAL,California,D,Demand,23972,megawatthours
2025-04-20 16:00:00+00:00,CAL,California,D,Demand,25116,megawatthours
2025-04-20 17:00:00+00:00,CAL,California,D,Demand,25946,megawatthours
2025-04-20 18:00:00+00:00,CAL,California,D,Demand,24908,megawatthours
2025-04-20 19:00:00+00:00,CAL,California,D,Demand,24054,megawatthours
2025-04-20 20:00:00+00:00,CAL,California,D,Demand,22703,megawatthours
2025-04-20 21:00:00+00:00,CAL,California,D,Demand,21599,megawatthours
2025-04-20 22:00:00+00:00,CAL,California,D,Demand,21176,megawatthours
2025-04-20 23:00:00+00:00,CAL,California,D,Demand,20857,megawatthours
2025-04-21 00:00:00+00:00,CAL,California,D,Demand,21323,megawatthours
2025-04-21 01:00:00+00:00,CAL,California,D,Demand,23040,megawatthours
2025-04-21 02:00:00+00:00,CAL,California,D,Demand,25125,megawatthours
2025-04-21 03:00:00+00:00,CAL,California,D,Demand,26698,megawatthours
2025-04-21 04:00:00+00:00,CAL,California,D,Demand,28542,megawatthours
2025-04-21 05:00:00+00:00,CAL,California,D,Demand,28924,megawatthours
2025-04-21 06:00:00+00:00,CAL,California,D,Demand,28476,megawatthours
2025-04-21 07:00:00+00:00,CAL,California,D,Demand,27075,megawatthours
2025-04-21 08:00:00+00:00,CAL,California,D,Demand,25739,megawatthours
2025-04-21 09:00:00+00:00,CAL,California,D,Demand,24782,megawatthours
2025-04-21 10:00:00+00:00,CAL,California,D,Demand,24888,megawatthours
2025-04-21 11:00:00+00:00,CAL,California,D,Demand,24011,megawatthours
2025-04-21 12:00:00+00:00,CAL,California,D,Demand,23770,megawatthours
2025-04-21 13:00:00+00:00,CAL,California,D,Demand,24273,megawatthours
2025-04-21 14:00:00+00:00,CAL,California,D,Demand,25611,megawatthours
2025-04-21 15:00:00+00:00,CAL,California,D,Demand,26586,megawatthours
2025-04-21 16:00:00+00:00,CAL,California,D,Demand,28371,megawatthours
2025-04-21 17:00:00+00:00,CAL,California,D,Demand,29098,megawatthours
2025-04-21 18:00:00+00:00,CAL,California,D,Demand,28447,megawatthours
2025-04-21 19:00:00+00:00,CAL,California,D,Demand,28099,megawatthours
2025-04-21 20:00:00+00:00,CAL,California,D,Demand,27406,megawatthours
2025-04-21 21:00:00+00:00,CAL,California,D,Demand,27293,megawatthours
2025-04-21 22:00:00+00:00,CAL,California,D,Demand,27759,megawatthours
2025-04-21 23:00:00+00:00,CAL,California,D,Demand,27536,megawatthours
2025-04-22 00:00:00+00:00,CAL,California,D,Demand,27348,megawatthours
2025-04-22 01:00:00+00:00,CAL,California,D,Demand,27891,megawatthours
2025-04-22 02:00:00+00:00,CAL,California,D,Demand,29545,megawatthours
2025-04-22 03:00:00+00:00,CAL,California,D,Demand,31436,megawatthours
2025-04-22 04:00:00+00:00,CAL,California,D,Demand,32656,megawatthours
2025-04-22 05:00:00+00:00,CAL,California,D,Demand,32551,megawatthours
2025-04-22 06:00:00+00:00,CAL,California,D,Demand,31456,megawatthours
2025-04-22 07:00:00+00:00,CAL,California,D,Demand,29574,megawatthours
2025-04-22 08:00:00+00:00,CAL,California,D,Demand,27628,megawatthours
2025-04-22 09:00:00+00:00,CAL,California,D,Demand,26437,megawatthours
2025-04-22 10:00:00+00:00,CAL,California,D,Demand,25417,megawatthours
2025-04-22 11:00:00+00:00,CAL,California,D,Demand,24780,megawatthours
2025-04-22 12:00:00+00:00,CAL,California,D,Demand,24346,megawatthours
2025-04-22 13:00:00+00:00,CAL,California,D,Demand,24978,megawatthours
2025-04-22 14:00:00+00:00,CAL,California,D,Demand,26229,megawatthours
2025-04-22 15:00:00+00:00,CAL,California,D,Demand,27557,megawatthours
2025-04-22 16:00:00+00:00,CAL,California,D,Demand,28997,megawatthours
2025-04-22 17:00:00+00:00,CAL,California,D,Demand,28498,megawatthours
2025-04-22 18:00:00+00:00,CAL,California,D,Demand,27813,megawatthours
2025-04-22 19:00:00+00:00,CAL,California,D,Demand,26896,megawatthours
2025-04-22 20:00:00+00:00,CAL,California,D,Demand,26505,megawatthours
2025-04-22 21:00:00+00:00,CAL,California,D,Demand,26207,megawatthours
2025-04-22 22:00:00+00:00,CAL,California,D,Demand,27371,megawatthours
2025-04-22 23:00:00+00:00,CAL,California,D,Demand,27463,megawatthours
2025-04-23 00:00:00+00:00,CAL,California,D,Demand,28273,megawatthours
2025-04-23 01:00:00+00:00,CAL,California,D,Demand,29022,megawatthours
2025-04-23 02:00:00+00:00,CAL,California,D,Demand,29450,megawatthours
2025-04-23 03:00:00+00:00,CAL,California,D,Demand,31040,megawatthours
2025-04-23 04:00:00+00:00,CAL,California,D,Demand,32208,megawatthours
2025-04-23 05:00:00+00:00,CAL,California,D,Demand,32435,megawatthours
2025-04-23 06:00:00+00:00,CAL,California,D,Demand,31210,megawatthours
2025-04-23 07:00:00+00:00,CAL,California,D,Demand,29289,megawatthours
2025-04-23 08:00:00+00:00,CAL,California,D,Demand,27472,megawatthours
2025-04-23 09:00:00+00:00,CAL,California,D,Demand,26511,megawatthours
2025-04-23 10:00:00+00:00,CAL,California,D,Demand,25729,megawatthours
2025-04-23 11:00:00+00:00,CAL,California,D,Demand,25428,megawatthours
2025-04-23 12:00:00+00:00,CAL,California,D,Demand,24797,megawatthours
2025-04-23 13:00:00+00:00,CAL,California,D,Demand,25299,megawatthours
2025-04-23 14:00:00+00:00,CAL,California,D,Demand,26716,megawatthours
2025-04-23 15:00:00+00:00,CAL,California,D,Demand,28262,megawatthours
2025-04-23 16:00:00+00:00,CAL,California,D,Demand,29789,megawatthours
2025-04-23 17:00:00+00:00,CAL,California,D,Demand,30845,megawatthours
2025-04-23 18:00:00+00:00,CAL,California,D,Demand,30482,megawatthours
2025-04-23 19:00:00+00:00,CAL,California,D,Demand,30370,megawatthours
2025-04-23 20:00:00+00:00,CAL,California,D,Demand,29549,megawatthours
2025-04-23 21:00:00+00:00,CAL,California,D,Demand,28568,megawatthours
2025-04-23 22:00:00+00:00,CAL,California,D,Demand,28559,megawatthours
2025-04-23 23:00:00+00:00,CAL,California,D,Demand,27846,megawatthours
2025-04-24 00:00:00+00:00,CAL,California,D,Demand,26715,megawatthours
2025-04-24 01:00:00+00:00,CAL,California,D,Demand,27160,megawatthours
2025-04-24 02:00:00+00:00,CAL,California,D,Demand,28542,megawatthours
2025-04-24 03:00:00+00:00,CAL,California,D,Demand,30290,megawatthours
2025-04-24 04:00:00+00:00,CAL,California,D,Demand,32048,megawatthours
2025-04-24 05:00:00+00:00,CAL,California,D,Demand,31950,megawatthours
2025-04-24 06:00:00+00:00,CAL,California,D,Demand,30904,megawatthours
2025-04-24 07:00:00+00:00,CAL,California,D,Demand,29259,megawatthours
2025-04-24 08:00:00+00:00,CAL,California,D,Demand,27560,megawatthours
2025-04-24 09:00:00+00:00,CAL,California,D,Demand,27015,megawatthours
2025-04-24 10:00:00+00:00,CAL,California,D,Demand,26089,megawatthours
2025-04-24 11:00:00+00:00,CAL,California,D,Demand,25522,megawatthours
2025-04-24 12:00:00+00:00,CAL,California,D,Demand,25184,megawatthours
2025-04-24 13:00:00+00:00,CAL,California,D,Demand,25497,megawatthours
2025-04-24 14:00:00+00:00,CAL,California,D,Demand,26834,megawatthours
2025-04-24 15:00:00+00:00,CAL,California,D,Demand,28375,megawatthours
2025-04-24 16:00:00+00:00,CAL,California,D,Demand,30020,megawatthours
2025-04-24 17:00:00+00:00,CAL,California,D,Demand,30809,megawatthours
2025-04-24 18:00:00+00:00,CAL,California,D,Demand,30475,megawatthours
2025-04-24 19:00:00+00:00,CAL,California,D,Demand,29904,megawatthours
2025-04-24 20:00:00+00:00,CAL,California,D,Demand,28954,megawatthours
2025-04-24 21:00:00+00:00,CAL,California,D,Demand,28146,megawatthours
2025-04-24 22:00:00+00:00,CAL,California,D,Demand,27715,megawatthours
2025-04-24 23:00:00+00:00,CAL,California,D,Demand,27349,megawatthours
2025-04-25 00:00:00+00:00,CAL,California,D,Demand,27143,megawatthours
2025-04-25 01:00:00+00:00,CAL,California,D,Demand,28237,megawatthours
2025-04-25 02:00:00+00:00,CAL,California,D,Demand,28390,megawatthours
2025-04-25 03:00:00+00:00,CAL,California,D,Demand,29971,megawatthours
2025-04-25 04:00:00+00:00,CAL,California,D,Demand,30998,megawatthours
2025-04-25 05:00:00+00:00,CAL,California,D,Demand,31187,megawatthours
2025-04-25 06:00:00+00:00,CAL,California,D,Demand,30553,megawatthours
2025-04-25 07:00:00+00:00,CAL,California,D,Demand,29232,megawatthours
2025-04-25 08:00:00+00:00,CAL,California,D,Demand,27609,megawatthours
2025-04-25 09:00:00+00:00,CAL,California,D,Demand,26964,megawatthours
2025-04-25 10:00:00+00:00,CAL,California,D,Demand,25902,megawatthours
2025-04-25 11:00:00+00:00,CAL,California,D,Demand,25061,megawatthours
2025-04-25 12:00:00+00:00,CAL,California,D,Demand,25060,megawatthours
2025-04-25 13:00:00+00:00,CAL,California,D,Demand,25270,megawatthours
2025-04-25 14:00:00+00:00,CAL,California,D,Demand,26184,megawatthours
2025-04-25 15:00:00+00:00,CAL,California,D,Demand,27733,megawatthours
2025-04-25 16:00:00+00:00,CAL,California,D,Demand,29277,megawatthours
2025-04-25 17:00:00+00:00,CAL,California,D,Demand,30724,megawatthours
2025-04-25 18:00:00+00:00,CAL,California,D,Demand,31637,megawatthours
2025-04-25 19:00:00+00:00,CAL,California,D,Demand,30826,megawatthours
2025-04-25 20:00:00+00:00,CAL,California,D,Demand,31010,megawatthours
2025-04-25 21:00:00+00:00,CAL,California,D,Demand,30573,megawatthours
2025-04-25 22:00:00+00:00,CAL,California,D,Demand,29396,megawatthours
2025-04-25 23:00:00+00:00,CAL,California,D,Demand,30232,megawatthours
2025-04-26 00:00:00+00:00,CAL,California,D,Demand,29336,megawatthours
2025-04-26 01:00:00+00:00,CAL,California,D,Demand,27825,megawatthours
2025-04-26 02:00:00+00:00,CAL,California,D,Demand,27470,megawatthours
2025-04-26 03:00:00+00:00,CAL,California,D,Demand,28447,megawatthours
2025-04-26 04:00:00+00:00,CAL,California,D,Demand,29855,megawatthours
2025-04-26 05:00:00+00:00,CAL,California,D,Demand,30247,megawatthours
2025-04-26 06:00:00+00:00,CAL,California,D,Demand,29773,megawatthours
2025-04-26 07:00:00+00:00,CAL,California,D,Demand,28789,megawatthours
2025-04-26 08:00:00+00:00,CAL,California,D,Demand,27561,megawatthours
2025-04-26 09:00:00+00:00,CAL,California,D,Demand,26703,megawatthours
2025-04-26 10:00:00+00:00,CAL,California,D,Demand,25883,megawatthours
2025-04-26 11:00:00+00:00,CAL,California,D,Demand,24895,megawatthours
2025-04-26 12:00:00+00:00,CAL,California,D,Demand,24225,megawatthours
2025-04-26 13:00:00+00:00,CAL,California,D,Demand,24296,megawatthours
2025-04-26 14:00:00+00:00,CAL,California,D,Demand,24619,megawatthours
2025-04-26 15:00:00+00:00,CAL,California,D,Demand,25452,megawatthours
2025-04-26 16:00:00+00:00,CAL,California,D,Demand,27244,megawatthours
2025-04-26 17:00:00+00:00,CAL,California,D,Demand,28656,megawatthours
2025-04-26 18:00:00+00:00,CAL,California,D,Demand,28086,megawatthours
2025-04-26 19:00:00+00:00,CAL,California,D,Demand,27386,megawatthours
2025-04-26 20:00:00+00:00,CAL,California,D,Demand,28031,megawatthours
2025-04-26 21:00:00+00:00,CAL,California,D,Demand,27852,megawatthours
2025-04-26 22:00:00+00:00,CAL,California,D,Demand,26928,megawatthours
2025-04-26 23:00:00+00:00,CAL,California,D,Demand,26072,megawatthours
2025-04-27 00:00:00+00:00,CAL,California,D,Demand,26383,megawatthours
2025-04-27 01:00:00+00:00,CAL,California,D,Demand,25666,megawatthours
2025-04-27 02:00:00+00:00,CAL,California,D,Demand,26184,megawatthours
2025-04-27 03:00:00+00:00,CAL,California,D,Demand,26857,megawatthours
2025-04-27 04:00:00+00:00,CAL,California,D,Demand,28380,megawatthours
2025-04-27 05:00:00+00:00,CAL,California,D,Demand,28722,megawatthours
2025-04-27 06:00:00+00:00,CAL,California,D,Demand,28398,megawatthours
2025-04-27 07:00:00+00:00,CAL,California,D,Demand,27518,megawatthours
2025-04-27 08:00:00+00:00,CAL,California,D,Demand,26803,megawatthours
2025-04-27 09:00:00+00:00,CAL,California,D,Demand,26280,megawatthours
2025-04-27 10:00:00+00:00,CAL,California,D,Demand,25446,megawatthours
2025-04-27 11:00:00+00:00,CAL,California,D,Demand,24619,megawatthours
2025-04-27 12:00:00+00:00,CAL,California,D,Demand,24055,megawatthours
2025-04-27 13:00:00+00:00,CAL,California,D,Demand,24097,megawatthours
2025-04-27 14:00:00+00:00,CAL,California,D,Demand,24113,megawatthours
2025-04-27 15:00:00+00:00,CAL,California,D,Demand,24313,megawatthours
2025-04-27 16:00:00+00:00,CAL,California,D,Demand,25321,megawatthours
2025-04-27 17:00:00+00:00,CAL,California,D,Demand,26618,megawatthours
2025-04-27 18:00:00+00:00,CAL,California,D,Demand,26110,megawatthours
2025-04-27 19:00:00+00:00,CAL,California,D,Demand,26092,megawatthours
2025-04-27 20:00:00+00:00,CAL,California,D,Demand,26760,megawatthours
2025-04-27 21:00:00+00:00,CAL,California,D,Demand,26910,megawatthours
2025-04-27 22:00:00+00:00,CAL,California,D,Demand,26931,megawatthours
2025-04-27 23:00:00+00:00,CAL,California,D,Demand,26146,megawatthours
2025-04-28 00:00:00+00:00,CAL,California,D,Demand,25736,megawatthours
2025-04-28 01:00:00+00:00,CAL,California,D,Demand,25614,megawatthours
2025-04-28 02:00:00+00:00,CAL,California,D,Demand,26491,megawatthours
2025-04-28 03:00:00+00:00,CAL,California,D,Demand,27271,megawatthours
2025-04-28 04:00:00+00:00,CAL,California,D,Demand,28796,megawatthours
2025-04-28 05:00:00+00:00,CAL,California,D,Demand,29247,megawatthours
2025-04-28 06:00:00+00:00,CAL,California,D,Demand,28732,megawatthours
2025-04-28 07:00:00+00:00,CAL,California,D,Demand,27414,megawatthours
2025-04-28 08:00:00+00:00,CAL,California,D,Demand,26008,megawatthours
2025-04-28 09:00:00+00:00,CAL,California,D,Demand,25497,megawatthours
2025-04-28 10:00:00+00:00,CAL,California,D,Demand,25170,megawatthours
2025-04-28 11:00:00+00:00,CAL,California,D,Demand,24355,megawatthours
2025-04-28 12:00:00+00:00,CAL,California,D,Demand,23978,megawatthours
2025-04-28 13:00:00+00:00,CAL,California,D,Demand,24331,megawatthours
2025-04-28 14:00:00+00:00,CAL,California,D,Demand,26350,megawatthours
2025-04-28 15:00:00+00:00,CAL,California,D,Demand,28202,megawatthours
2025-04-28 16:00:00+00:00,CAL,California,D,Demand,29391,megawatthours
2025-04-28 17:00:00+00:00,CAL,California,D,Demand,29327,megawatthours
2025-04-28 18:00:00+00:00,CAL,California,D,Demand,28719,megawatthours
2025-04-28 19:00:00+00:00,CAL,California,D,Demand,29406,megawatthours
2025-04-28 20:00:00+00:00,CAL,California,D,Demand,28544,megawatthours
2025-04-28 21:00:00+00:00,CAL,California,D,Demand,27926,megawatthours
2025-04-28 22:00:00+00:00,CAL,California,D,Demand,27333,megawatthours
2025-04-28 23:00:00+00:00,CAL,California,D,Demand,26277,megawatthours
2025-04-29 00:00:00+00:00,CAL,California,D,Demand,26118,megawatthours
2025-04-29 01:00:00+00:00,CAL,California,D,Demand,26583,megawatthours
2025-04-29 02:00:00+00:00,CAL,California,D,Demand,27604,megawatthours
2025-04-29 03:00:00+00:00,CAL,California,D,Demand,29176,megawatthours
2025-04-29 04:00:00+00:00,CAL,California,D,Demand,30964,megawatthours
2025-04-29 05:00:00+00:00,CAL,California,D,Demand,31207,megawatthours
2025-04-29 06:00:00+00:00,CAL,California,D,Demand,30273,megawatthours
2025-04-29 07:00:00+00:00,CAL,California,D,Demand,28688,megawatthours
2025-04-29 08:00:00+00:00,CAL,California,D,Demand,27063,megawatthours
2025-04-29 09:00:00+00:00,CAL,California,D,Demand,26135,megawatthours
2025-04-29 10:00:00+00:00,CAL,California,D,Demand,25236,megawatthours
2025-04-29 11:00:00+00:00,CAL,California,D,Demand,24601,megawatthours
2025-04-29 12:00:00+00:00,CAL,California,D,Demand,24893,megawatthours
2025-04-29 13:00:00+00:00,CAL,California,D,Demand,25613,megawatthours
2025-04-29 14:00:00+00:00,CAL,California,D,Demand,26850,megawatthours
2025-04-29 15:00:00+00:00,CAL,California,D,Demand,28403,megawatthours
2025-04-29 16:00:00+00:00,CAL,California,D,Demand,29377,megawatthours
2025-04-29 17:00:00+00:00,CAL,California,D,Demand,29394,megawatthours
2025-04-29 18:00:00+00:00,CAL,California,D,Demand,29263,megawatthours
2025-04-29 19:00:00+00:00,CAL,California,D,Demand,28624,megawatthours
2025-04-29 20:00:00+00:00,CAL,California,D,Demand,28415,megawatthours
2025-04-29 21:00:00+00:00,CAL,California,D,Demand,27840,megawatthours
2025-04-29 22:00:00+00:00,CAL,California,D,Demand,28037,megawatthours
2025-04-29 23:00:00+00:00,CAL,California,D,Demand,26853,megawatthours
2025-04-30 00:00:00+00:00,CAL,California,D,Demand,27470,megawatthours
2025-04-30 01:00:00+00:00,CAL,California,D,Demand,27620,megawatthours
2025-04-30 02:00:00+00:00,CAL,California,D,Demand,29302,megawatthours
2025-04-30 03:00:00+00:00,CAL,California,D,Demand,30941,megawatthours
2025-04-30 04:00:00+00:00,CAL,California,D,Demand,32179,megawatthours
2025-04-30 05:00:00+00:00,CAL,California,D,Demand,32269,megawatthours
2025-04-30 06:00:00+00:00,CAL,California,D,Demand,31292,megawatthours
2025-04-30 07:00:00+00:00,CAL,California,D,Demand,29614,megawatthours
2025-04-30 08:00:00+00:00,CAL,California,D,Demand,27731,megawatthours
2025-04-30 09:00:00+00:00,CAL,California,D,Demand,26844,megawatthours
2025-04-30 10:00:00+00:00,CAL,California,D,Demand,25954,megawatthours
2025-04-30 11:00:00+00:00,CAL,California,D,Demand,25500,megawatthours
2025-04-30 12:00:00+00:00,CAL,California,D,Demand,25055,megawatthours
2025-04-30 13:00:00+00:00,CAL,California,D,Demand,25425,megawatthours
2025-04-30 14:00:00+00:00,CAL,California,D,Demand,26400,megawatthours
2025-04-30 15:00:00+00:00,CAL,California,D,Demand,28173,megawatthours
2025-04-30 16:00:00+00:00,CAL,California,D,Demand,29811,megawatthours
2025-04-30 17:00:00+00:00,CAL,California,D,Demand,30132,megawatthours
2025-04-30 18:00:00+00:00,CAL,California,D,Demand,29858,megawatthours
2025-04-30 19:00:00+00:00,CAL,California,D,Demand,29906,megawatthours
2025-04-30 20:00:00+00:00,CAL,California,D,Demand,28498,megawatthours
2025-04-30 21:00:00+00:00,CAL,California,D,Demand,28608,megawatthours
2025-04-30 22:00:00+00:00,CAL,California,D,Demand,28791,megawatthours
2025-04-30 23:00:00+00:00,CAL,California,D,Demand,27844,megawatthours
2025-05-01 00:00:00+00:00,CAL,California,D,Demand,28483,megawatthours
2025-05-01 01:00:00+00:00,CAL,California,D,Demand,29018,megawatthours
2025-05-01 02:00:00+00:00,CAL,California,D,Demand,29809,megawatthours
2025-05-01 03:00:00+00:00,CAL,California,D,Demand,31681,megawatthours
2025-05-01 04:00:00+00:00,CAL,California,D,Demand,32844,megawatthours
2025-05-01 05:00:00+00:00,CAL,California,D,Demand,33060,megawatthours
2025-05-01 06:00:00+00:00,CAL,California,D,Demand,31978,megawatthours
2025-05-01 07:00:00+00:00,CAL,California,D,Demand,29923,megawatthours
2025-05-01 08:00:00+00:00,CAL,California,D,Demand,28079,megawatthours
2025-05-01 09:00:00+00:00,CAL,California,D,Demand,27140,megawatthours
2025-05-01 10:00:00+00:00,CAL,California,D,Demand,26133,megawatthours
2025-05-01 11:00:00+00:00,CAL,California,D,Demand,25382,megawatthours
2025-05-01 12:00:00+00:00,CAL,California,D,Demand,24877,megawatthours
2025-05-01 13:00:00+00:00,CAL,California,D,Demand,25435,megawatthours
2025-05-01 14:00:00+00:00,CAL,California,D,Demand,26494,megawatthours
2025-05-01 15:00:00+00:00,CAL,California,D,Demand,27936,megawatthours
2025-05-01 16:00:00+00:00,CAL,California,D,Demand,29693,megawatthours
2025-05-01 17:00:00+00:00,CAL,California,D,Demand,30105,megawatthours
2025-05-01 18:00:00+00:00,CAL,California,D,Demand,30173,megawatthours
2025-05-01 19:00:00+00:00,CAL,California,D,Demand,30418,megawatthours
2025-05-01 20:00:00+00:00,CAL,California,D,Demand,30675,megawatthours
2025-05-01 21:00:00+00:00,CAL,California,D,Demand,29527,megawatthours
2025-05-01 22:00:00+00:00,CAL,California,D,Demand,28638,megawatthours
2025-05-01 23:00:00+00:00,CAL,California,D,Demand,27061,megawatthours
2025-05-02 00:00:00+00:00,CAL,California,D,Demand,27811,megawatthours
2025-05-02 01:00:00+00:00,CAL,California,D,Demand,28489,megawatthours
2025-05-02 02:00:00+00:00,CAL,California,D,Demand,29883,megawatthours
2025-05-02 03:00:00+00:00,CAL,California,D,Demand,31449,megawatthours
2025-05-02 04:00:00+00:00,CAL,California,D,Demand,32620,megawatthours
2025-05-02 05:00:00+00:00,CAL,California,D,Demand,32663,megawatthours
2025-05-02 06:00:00+00:00,CAL,California,D,Demand,31902,megawatthours
2025-05-02 07:00:00+00:00,CAL,California,D,Demand,30219,megawatthours
2025-05-02 08:00:00+00:00,CAL,California,D,Demand,28559,megawatthours
2025-05-02 09:00:00+00:00,CAL,California,D,Demand,27193,megawatthours
2025-05-02 10:00:00+00:00,CAL,California,D,Demand,26026,megawatthours
2025-05-02 11:00:00+00:00,CAL,California,D,Demand,25538,megawatthours
2025-05-02 12:00:00+00:00,CAL,California,D,Demand,25406,megawatthours
2025-05-02 13:00:00+00:00,CAL,California,D,Demand,25670,megawatthours
2025-05-02 14:00:00+00:00,CAL,California,D,Demand,26856,megawatthours
2025-05-02 15:00:00+00:00,CAL,California,D,Demand,28477,megawatthours
2025-05-02 16:00:00+00:00,CAL,California,D,Demand,29931,megawatthours
2025-05-02 17:00:00+00:00,CAL,California,D,Demand,30565,megawatthours
2025-05-02 18:00:00+00:00,CAL,California,D,Demand,30638,megawatthours
2025-05-02 19:00:00+00:00,CAL,California,D,Demand,29753,megawatthours
2025-05-02 20:00:00+00:00,CAL,California,D,Demand,29579,megawatthours
2025-05-02 21:00:00+00:00,CAL,California,D,Demand,29509,megawatthours
2025-05-02 22:00:00+00:00,CAL,California,D,Demand,29263,megawatthours
2025-05-02 23:00:00+00:00,CAL,California,D,Demand,28202,megawatthours
2025-05-03 00:00:00+00:00,CAL,California,D,Demand,27305,megawatthours
2025-05-03 01:00:00+00:00,CAL,California,D,Demand,28110,megawatthours
2025-05-03 02:00:00+00:00,CAL,California,D,Demand,29197,megawatthours
2025-05-03 03:00:00+00:00,CAL,California,D,Demand,30732,megawatthours
2025-05-03 04:00:00+00:00,CAL,California,D,Demand,32172,megawatthours
2025-05-03 05:00:00+00:00,CAL,California,D,Demand,32364,megawatthours
2025-05-03 06:00:00+00:00,CAL,California,D,Demand,31620,megawatthours
2025-05-03 07:00:00+00:00,CAL,California,D,Demand,30215,megawatthours
2025-05-03 08:00:00+00:00,CAL,California,D,Demand,28676,megawatthours
2025-05-03 09:00:00+00:00,CAL,California,D,Demand,27497,megawatthours
2025-05-03 10:00:00+00:00,CAL,California,D,Demand,26504,megawatthours
2025-05-03 11:00:00+00:00,CAL,California,D,Demand,25429,megawatthours
2025-05-03 12:00:00+00:00,CAL,California,D,Demand,24890,megawatthours
2025-05-03 13:00:00+00:00,CAL,California,D,Demand,24543,megawatthours
2025-05-03 14:00:00+00:00,CAL,California,D,Demand,24929,megawatthours
2025-05-03 15:00:00+00:00,CAL,California,D,Demand,25293,megawatthours
2025-05-03 16:00:00+00:00,CAL,California,D,Demand,26859,megawatthours
2025-05-03 17:00:00+00:00,CAL,California,D,Demand,27801,megawatthours
2025-05-03 18:00:00+00:00,CAL,California,D,Demand,27931,megawatthours
2025-05-03 19:00:00+00:00,CAL,California,D,Demand,27731,megawatthours
2025-05-03 20:00:00+00:00,CAL,California,D,Demand,27974,megawatthours
2025-05-03 21:00:00+00:00,CAL,California,D,Demand,27171,megawatthours
2025-05-03 22:00:00+00:00,CAL,California,D,Demand,27406,megawatthours
2025-05-03 23:00:00+00:00,CAL,California,D,Demand,27383,megawatthours
2025-05-04 00:00:00+00:00,CAL,California,D,Demand,26845,megawatthours
2025-05-04 01:00:00+00:00,CAL,California,D,Demand,25464,megawatthours
2025-05-04 02:00:00+00:00,CAL,California,D,Demand,26630,megawatthours
2025-05-04 03:00:00+00:00,CAL,California,D,Demand,27336,megawatthours
2025-05-04 04:00:00+00:00,CAL,California,D,Demand,28745,megawatthours
2025-05-04 05:00:00+00:00,CAL,California,D,Demand,29182,megawatthours
2025-05-04 06:00:00+00:00,CAL,California,D,Demand,28623,megawatthours
2025-05-04 07:00:00+00:00,CAL,California,D,Demand,27502,megawatthours
2025-05-04 08:00:00+00:00,CAL,California,D,Demand,26552,megawatthours
2025-05-04 09:00:00+00:00,CAL,California,D,Demand,25887,megawatthours
2025-05-04 10:00:00+00:00,CAL,California,D,Demand,25056,megawatthours
2025-05-04 11:00:00+00:00,CAL,California,D,Demand,24470,megawatthours
2025-05-04 12:00:00+00:00,CAL,California,D,Demand,24237,megawatthours
2025-05-04 13:00:00+00:00,CAL,California,D,Demand,23778,megawatthours
2025-05-04 14:00:00+00:00,CAL,California,D,Demand,23954,megawatthours
2025-05-04 15:00:00+00:00,CAL,California,D,Demand,24038,megawatthours
2025-05-04 16:00:00+00:00,CAL,California,D,Demand,24508,megawatthours
2025-05-04 17:00:00+00:00,CAL,California,D,Demand,24919,megawatthours
2025-05-04 18:00:00+00:00,CAL,California,D,Demand,24316,megawatthours
2025-05-04 19:00:00+00:00,CAL,California,D,Demand,26196,megawatthours
2025-05-04 20:00:00+00:00,CAL,California,D,Demand,26263,megawatthours
2025-05-04 21:00:00+00:00,CAL,California,D,Demand,25145,megawatthours
2025-05-04 22:00:00+00:00,CAL,California,D,Demand,23724,megawatthours
2025-05-04 23:00:00+00:00,CAL,California,D,Demand,23401,megawatthours
2025-05-05 00:00:00+00:00,CAL,California,D,Demand,23984,megawatthours
2025-05-05 01:00:00+00:00,CAL,California,D,Demand,24892,megawatthours
2025-05-05 02:00:00+00:00,CAL,California,D,Demand,26738,megawatthours
2025-05-05 03:00:00+00:00,CAL,California,D,Demand,28039,megawatthours
2025-05-05 04:00:00+00:00,CAL,California,D,Demand,29237,megawatthours
2025-05-05 05:00:00+00:00,CAL,California,D,Demand,29787,megawatthours
2025-05-05 06:00:00+00:00,CAL,California,D,Demand,29354,megawatthours
2025-05-05 07:00:00+00:00,CAL,California,D,Demand,27748,megawatthours
2025-05-05 08:00:00+00:00,CAL,California,D,Demand,26164,megawatthours
2025-05-05 09:00:00+00:00,CAL,California,D,Demand,25609,megawatthours
2025-05-05 10:00:00+00:00,CAL,California,D,Demand,24846,megawatthours
2025-05-05 11:00:00+00:00,CAL,California,D,Demand,24583,megawatthours
2025-05-05 12:00:00+00:00,CAL,California,D,Demand,24460,megawatthours
2025-05-05 13:00:00+00:00,CAL,California,D,Demand,24981,megawatthours
2025-05-05 14:00:00+00:00,CAL,California,D,Demand,26349,megawatthours
2025-05-05 15:00:00+00:00,CAL,California,D,Demand,27708,megawatthours
2025-05-05 16:00:00+00:00,CAL,California,D,Demand,28678,megawatthours
2025-05-05 17:00:00+00:00,CAL,California,D,Demand,28308,megawatthours
2025-05-05 18:00:00+00:00,CAL,California,D,Demand,29618,megawatthours
2025-05-05 19:00:00+00:00,CAL,California,D,Demand,30814,megawatthours
2025-05-05 20:00:00+00:00,CAL,California,D,Demand,31385,megawatthours
2025-05-05 21:00:00+00:00,CAL,California,D,Demand,31039,megawatthours
2025-05-05 22:00:00+00:00,CAL,California,D,Demand,30126,megawatthours
2025-05-05 23:00:00+00:00,CAL,California,D,Demand,28815,megawatthours
2025-05-06 00:00:00+00:00,CAL,California,D,Demand,28504,megawatthours
2025-05-06 01:00:00+00:00,CAL,California,D,Demand,29837,megawatthours
2025-05-06 02:00:00+00:00,CAL,California,D,Demand,30924,megawatthours
2025-05-06 03:00:00+00:00,CAL,California,D,Demand,31757,megawatthours
2025-05-06 04:00:00+00:00,CAL,California,D,Demand,32749,megawatthours
2025-05-06 05:00:00+00:00,CAL,California,D,Demand,32876,megawatthours
2025-05-06 06:00:00+00:00,CAL,California,D,Demand,31753,megawatthours
2025-05-06 07:00:00+00:00,CAL,California,D,Demand,29891,megawatthours
2025-05-06 08:00:00+00:00,CAL,California,D,Demand,28417,megawatthours
2025-05-06 09:00:00+00:00,CAL,California,D,Demand,27231,megawatthours
2025-05-06 10:00:00+00:00,CAL,California,D,Demand,26310,megawatthours
2025-05-06 11:00:00+00:00,CAL,California,D,Demand,25089,megawatthours
2025-05-06 12:00:00+00:00,CAL,California,D,Demand,24757,megawatthours
2025-05-06 13:00:00+00:00,CAL,California,D,Demand,25092,megawatthours
2025-05-06 14:00:00+00:00,CAL,California,D,Demand,26638,megawatthours
2025-05-06 15:00:00+00:00,CAL,California,D,Demand,28068,megawatthours
2025-05-06 16:00:00+00:00,CAL,California,D,Demand,28862,megawatthours
2025-05-06 17:00:00+00:00,CAL,California,D,Demand,28868,megawatthours
2025-05-06 18:00:00+00:00,CAL,California,D,Demand,29113,megawatthours
2025-05-06 19:00:00+00:00,CAL,California,D,Demand,28954,megawatthours
2025-05-06 20:00:00+00:00,CAL,California,D,Demand,29924,megawatthours
2025-05-06 21:00:00+00:00,CAL,California,D,Demand,29683,megawatthours
2025-05-06 22:00:00+00:00,CAL,California,D,Demand,30693,megawatthours
2025-05-06 23:00:00+00:00,CAL,California,D,Demand,31486,megawatthours
2025-05-07 00:00:00+00:00,CAL,California,D,Demand,31600,megawatthours
2025-05-07 01:00:00+00:00,CAL,California,D,Demand,31204,megawatthours
2025-05-07 02:00:00+00:00,CAL,California,D,Demand,31204,megawatthours
2025-05-07 03:00:00+00:00,CAL,California,D,Demand,31739,megawatthours
2025-05-07 04:00:00+00:00,CAL,California,D,Demand,32734,megawatthours
2025-05-07 05:00:00+00:00,CAL,California,D,Demand,32643,megawatthours
2025-05-07 06:00:00+00:00,CAL,California,D,Demand,32161,megawatthours
2025-05-07 07:00:00+00:00,CAL,California,D,Demand,29974,megawatthours
2025-05-07 08:00:00+00:00,CAL,California,D,Demand,28150,megawatthours
2025-05-07 09:00:00+00:00,CAL,California,D,Demand,27265,megawatthours
2025-05-07 10:00:00+00:00,CAL,California,D,Demand,26399,megawatthours
2025-05-07 11:00:00+00:00,CAL,California,D,Demand,25387,megawatthours
2025-05-07 12:00:00+00:00,CAL,California,D,Demand,25148,megawatthours
2025-05-07 13:00:00+00:00,CAL,California,D,Demand,25574,megawatthours
2025-05-07 14:00:00+00:00,CAL,California,D,Demand,26736,megawatthours
2025-05-07 15:00:00+00:00,CAL,California,D,Demand,28529,megawatthours
2025-05-07 16:00:00+00:00,CAL,California,D,Demand,29557,megawatthours
2025-05-07 17:00:00+00:00,CAL,California,D,Demand,28337,megawatthours
2025-05-07 18:00:00+00:00,CAL,California,D,Demand,29195,megawatthours
2025-05-07 19:00:00+00:00,CAL,California,D,Demand,29341,megawatthours
2025-05-07 20:00:00+00:00,CAL,California,D,Demand,29651,megawatthours
2025-05-07 21:00:00+00:00,CAL,California,D,Demand,28414,megawatthours
2025-05-07 22:00:00+00:00,CAL,California,D,Demand,28497,megawatthours
2025-05-07 23:00:00+00:00,CAL,California,D,Demand,28376,megawatthours
2025-05-08 00:00:00+00:00,CAL,California,D,Demand,28085,megawatthours
2025-05-08 01:00:00+00:00,CAL,California,D,Demand,28821,megawatthours
2025-05-08 02:00:00+00:00,CAL,California,D,Demand,29706,megawatthours
2025-05-08 03:00:00+00:00,CAL,California,D,Demand,31315,megawatthours
2025-05-08 04:00:00+00:00,CAL,California,D,Demand,32730,megawatthours
2025-05-08 05:00:00+00:00,CAL,California,D,Demand,33004,megawatthours
2025-05-08 06:00:00+00:00,CAL,California,D,Demand,32128,megawatthours
2025-05-08 07:00:00+00:00,CAL,California,D,Demand,30363,megawatthours
2025-05-08 08:00:00+00:00,CAL,California,D,Demand,28473,megawatthours
2025-05-08 09:00:00+00:00,CAL,California,D,Demand,27444,megawatthours
2025-05-08 10:00:00+00:00,CAL,California,D,Demand,26484,megawatthours
2025-05-08 11:00:00+00:00,CAL,California,D,Demand,25495,megawatthours
2025-05-08 12:00:00+00:00,CAL,California,D,Demand,25049,megawatthours
2025-05-08 13:00:00+00:00,CAL,California,D,Demand,25347,megawatthours
2025-05-08 14:00:00+00:00,CAL,California,D,Demand,26460,megawatthours
2025-05-08 15:00:00+00:00,CAL,California,D,Demand,28004,megawatthours
2025-05-08 16:00:00+00:00,CAL,California,D,Demand,30096,megawatthours
2025-05-08 17:00:00+00:00,CAL,California,D,Demand,29615,megawatthours
2025-05-08 18:00:00+00:00,CAL,California,D,Demand,30236,megawatthours
2025-05-08 19:00:00+00:00,CAL,California,D,Demand,29480,megawatthours
2025-05-08 20:00:00+00:00,CAL,California,D,Demand,29025,megawatthours
2025-05-08 21:00:00+00:00,CAL,California,D,Demand,28663,megawatthours
2025-05-08 22:00:00+00:00,CAL,California,D,Demand,29089,megawatthours
2025-05-08 23:00:00+00:00,CAL,California,D,Demand,29695,megawatthours
2025-05-09 00:00:00+00:00,CAL,California,D,Demand,31006,megawatthours
2025-05-09 01:00:00+00:00,CAL,California,D,Demand,32305,megawatthours
2025-05-09 02:00:00+00:00,CAL,California,D,Demand,33326,megawatthours
2025-05-09 03:00:00+00:00,CAL,California,D,Demand,34760,megawatthours
2025-05-09 04:00:00+00:00,CAL,California,D,Demand,35409,megawatthours
2025-05-09 05:00:00+00:00,CAL,California,D,Demand,35193,megawatthours
2025-05-09 06:00:00+00:00,CAL,California,D,Demand,33922,megawatthours
2025-05-09 07:00:00+00:00,CAL,California,D,Demand,31842,megawatthours
2025-05-09 08:00:00+00:00,CAL,California,D,Demand,29834,megawatthours
2025-05-09 09:00:00+00:00,CAL,California,D,Demand,28595,megawatthours
2025-05-09 10:00:00+00:00,CAL,California,D,Demand,27169,megawatthours
2025-05-09 11:00:00+00:00,CAL,California,D,Demand,26041,megawatthours
2025-05-09 12:00:00+00:00,CAL,California,D,Demand,25568,megawatthours
2025-05-09 13:00:00+00:00,CAL,California,D,Demand,25644,megawatthours
2025-05-09 14:00:00+00:00,CAL,California,D,Demand,26773,megawatthours
2025-05-09 15:00:00+00:00,CAL,California,D,Demand,28467,megawatthours
2025-05-09 16:00:00+00:00,CAL,California,D,Demand,31399,megawatthours
2025-05-09 17:00:00+00:00,CAL,California,D,Demand,32158,megawatthours
2025-05-09 18:00:00+00:00,CAL,California,D,Demand,32655,megawatthours
2025-05-09 19:00:00+00:00,CAL,California,D,Demand,32474,megawatthours
2025-05-09 20:00:00+00:00,CAL,California,D,Demand,33229,megawatthours
2025-05-09 21:00:00+00:00,CAL,California,D,Demand,33892,megawatthours
2025-05-09 22:00:00+00:00,CAL,California,D,Demand,34684,megawatthours
2025-05-09 23:00:00+00:00,CAL,California,D,Demand,34695,megawatthours
2025-05-10 00:00:00+00:00,CAL,California,D,Demand,36067,megawatthours
2025-05-10 01:00:00+00:00,CAL,California,D,Demand,37772,megawatthours
2025-05-10 02:00:00+00:00,CAL,California,D,Demand,39224,megawatthours
2025-05-10 03:00:00+00:00,CAL,California,D,Demand,39915,megawatthours
2025-05-10 04:00:00+00:00,CAL,California,D,Demand,39665,megawatthours
2025-05-10 05:00:00+00:00,CAL,California,D,Demand,38591,megawatthours
2025-05-10 06:00:00+00:00,CAL,California,D,Demand,36885,megawatthours
2025-05-10 07:00:00+00:00,CAL,California,D,Demand,34132,megawatthours
2025-05-10 08:00:00+00:00,CAL,California,D,Demand,32161,megawatthours
2025-05-10 09:00:00+00:00,CAL,California,D,Demand,30366,megawatthours
2025-05-10 10:00:00+00:00,CAL,California,D,Demand,28816,megawatthours
2025-05-10 11:00:00+00:00,CAL,California,D,Demand,27568,megawatthours
2025-05-10 12:00:00+00:00,CAL,California,D,Demand,26541,megawatthours
2025-05-10 13:00:00+00:00,CAL,California,D,Demand,25960,megawatthours
2025-05-10 14:00:00+00:00,CAL,California,D,Demand,25939,megawatthours
2025-05-10 15:00:00+00:00,CAL,California,D,Demand,26559,megawatthours
2025-05-10 16:00:00+00:00,CAL,California,D,Demand,29395,megawatthours
2025-05-10 17:00:00+00:00,CAL,California,D,Demand,30757,megawatthours
2025-05-10 18:00:00+00:00,CAL,California,D,Demand,31496,megawatthours
2025-05-10 19:00:00+00:00,CAL,California,D,Demand,31783,megawatthours
2025-05-10 20:00:00+00:00,CAL,California,D,Demand,31716,megawatthours
2025-05-10 21:00:00+00:00,CAL,California,D,Demand,31849,megawatthours
2025-05-10 22:00:00+00:00,CAL,California,D,Demand,33117,megawatthours
2025-05-10 23:00:00+00:00,CAL,California,D,Demand,33889,megawatthours
2025-05-11 00:00:00+00:00,CAL,California,D,Demand,35386,megawatthours
2025-05-11 01:00:00+00:00,CAL,California,D,Demand,37105,megawatthours
2025-05-11 02:00:00+00:00,CAL,California,D,Demand,38903,megawatthours
2025-05-11 03:00:00+00:00,CAL,California,D,Demand,40230,megawatthours
2025-05-11 04:00:00+00:00,CAL,California,D,Demand,39717,megawatthours
2025-05-11 05:00:00+00:00,CAL,California,D,Demand,35754,megawatthours
2025-05-11 06:00:00+00:00,CAL,California,D,Demand,34423,megawatthours
2025-05-11 07:00:00+00:00,CAL,California,D,Demand,33789,megawatthours
2025-05-11 08:00:00+00:00,CAL,California,D,Demand,31618,megawatthours
2025-05-11 09:00:00+00:00,CAL,California,D,Demand,29238,megawatthours
2025-05-11 10:00:00+00:00,CAL,California,D,Demand,27510,megawatthours
2025-05-11 11:00:00+00:00,CAL,California,D,Demand,26388,megawatthours
2025-05-11 12:00:00+00:00,CAL,California,D,Demand,25632,megawatthours
2025-05-11 13:00:00+00:00,CAL,California,D,Demand,25258,megawatthours
2025-05-11 14:00:00+00:00,CAL,California,D,Demand,25079,megawatthours
2025-05-11 15:00:00+00:00,CAL,California,D,Demand,25115,megawatthours
2025-05-11 16:00:00+00:00,CAL,California,D,Demand,26308,megawatthours
2025-05-11 17:00:00+00:00,CAL,California,D,Demand,26814,megawatthours
2025-05-11 18:00:00+00:00,CAL,California,D,Demand,27676,megawatthours
2025-05-11 19:00:00+00:00,CAL,California,D,Demand,29093,megawatthours
2025-05-11 20:00:00+00:00,CAL,California,D,Demand,28262,megawatthours
2025-05-11 21:00:00+00:00,CAL,California,D,Demand,28275,megawatthours
2025-05-11 22:00:00+00:00,CAL,California,D,Demand,29075,megawatthours
2025-05-11 23:00:00+00:00,CAL,California,D,Demand,30159,megawatthours
2025-05-12 00:00:00+00:00,CAL,California,D,Demand,30777,megawatthours
2025-05-12 01:00:00+00:00,CAL,California,D,Demand,31958,megawatthours
2025-05-12 02:00:00+00:00,CAL,California,D,Demand,33372,megawatthours
2025-05-12 03:00:00+00:00,CAL,California,D,Demand,33989,megawatthours
2025-05-12 04:00:00+00:00,CAL,California,D,Demand,34288,megawatthours
2025-05-12 05:00:00+00:00,CAL,California,D,Demand,33443,megawatthours
2025-05-12 06:00:00+00:00,CAL,California,D,Demand,32290,megawatthours
2025-05-12 07:00:00+00:00,CAL,California,D,Demand,30270,megawatthours
2025-05-12 08:00:00+00:00,CAL,California,D,Demand,28448,megawatthours
2025-05-12 09:00:00+00:00,CAL,California,D,Demand,27618,megawatthours
2025-05-12 10:00:00+00:00,CAL,California,D,Demand,26626,megawatthours
2025-05-12 11:00:00+00:00,CAL,California,D,Demand,25540,megawatthours
2025-05-12 12:00:00+00:00,CAL,California,D,Demand,25528,megawatthours
2025-05-12 13:00:00+00:00,CAL,California,D,Demand,25712,megawatthours
2025-05-12 14:00:00+00:00,CAL,California,D,Demand,26625,megawatthours
2025-05-12 15:00:00+00:00,CAL,California,D,Demand,28324,megawatthours
2025-05-12 16:00:00+00:00,CAL,California,D,Demand,30547,megawatthours
2025-05-12 17:00:00+00:00,CAL,California,D,Demand,30950,megawatthours
2025-05-12 18:00:00+00:00,CAL,California,D,Demand,31598,megawatthours
2025-05-12 19:00:00+00:00,CAL,California,D,Demand,31623,megawatthours
2025-05-12 20:00:00+00:00,CAL,California,D,Demand,32539,megawatthours
2025-05-12 21:00:00+00:00,CAL,California,D,Demand,32462,megawatthours
2025-05-12 22:00:00+00:00,CAL,California,D,Demand,31427,megawatthours
2025-05-12 23:00:00+00:00,CAL,California,D,Demand,30420,megawatthours
2025-05-13 00:00:00+00:00,CAL,California,D,Demand,29367,megawatthours
2025-05-13 01:00:00+00:00,CAL,California,D,Demand,29245,megawatthours
2025-05-13 02:00:00+00:00,CAL,California,D,Demand,29935,megawatthours
2025-05-13 03:00:00+00:00,CAL,California,D,Demand,31369,megawatthours
2025-05-13 04:00:00+00:00,CAL,California,D,Demand,32142,megawatthours
2025-05-13 05:00:00+00:00,CAL,California,D,Demand,32508,megawatthours
2025-05-13 06:00:00+00:00,CAL,California,D,Demand,31805,megawatthours
2025-05-13 07:00:00+00:00,CAL,California,D,Demand,30159,megawatthours
2025-05-13 08:00:00+00:00,CAL,California,D,Demand,28861,megawatthours
2025-05-13 09:00:00+00:00,CAL,California,D,Demand,27578,megawatthours
2025-05-13 10:00:00+00:00,CAL,California,D,Demand,26675,megawatthours
2025-05-13 11:00:00+00:00,CAL,California,D,Demand,25743,megawatthours
2025-05-13 12:00:00+00:00,CAL,California,D,Demand,25391,megawatthours
2025-05-13 13:00:00+00:00,CAL,California,D,Demand,25663,megawatthours
2025-05-13 14:00:00+00:00,CAL,California,D,Demand,26514,megawatthours
2025-05-13 15:00:00+00:00,CAL,California,D,Demand,27925,megawatthours
2025-05-13 16:00:00+00:00,CAL,California,D,Demand,30075,megawatthours
2025-05-13 17:00:00+00:00,CAL,California,D,Demand,30884,megawatthours
2025-05-13 18:00:00+00:00,CAL,California,D,Demand,31118,megawatthours
2025-05-13 19:00:00+00:00,CAL,California,D,Demand,30714,megawatthours
2025-05-13 20:00:00+00:00,CAL,California,D,Demand,30212,megawatthours
2025-05-13 21:00:00+00:00,CAL,California,D,Demand,29472,megawatthours
2025-05-13 22:00:00+00:00,CAL,California,D,Demand,28443,megawatthours
2025-05-13 23:00:00+00:00,CAL,California,D,Demand,27882,megawatthours
2025-05-14 00:00:00+00:00,CAL,California,D,Demand,27569,megawatthours
2025-05-14 01:00:00+00:00,CAL,California,D,Demand,28348,megawatthours
2025-05-14 02:00:00+00:00,CAL,California,D,Demand,28836,megawatthours
2025-05-14 03:00:00+00:00,CAL,California,D,Demand,30310,megawatthours
2025-05-14 04:00:00+00:00,CAL,California,D,Demand,31545,megawatthours
2025-05-14 05:00:00+00:00,CAL,California,D,Demand,32245,megawatthours
2025-05-14 06:00:00+00:00,CAL,California,D,Demand,31657,megawatthours
2025-05-14 07:00:00+00:00,CAL,California,D,Demand,29893,megawatthours
2025-05-14 08:00:00+00:00,CAL,California,D,Demand,28377,megawatthours
2025-05-14 09:00:00+00:00,CAL,California,D,Demand,27558,megawatthours
2025-05-14 10:00:00+00:00,CAL,California,D,Demand,26844,megawatthours
2025-05-14 11:00:00+00:00,CAL,California,D,Demand,25844,megawatthours
2025-05-14 12:00:00+00:00,CAL,California,D,Demand,25508,megawatthours
2025-05-14 13:00:00+00:00,CAL,California,D,Demand,25968,megawatthours
2025-05-14 14:00:00+00:00,CAL,California,D,Demand,27023,megawatthours
2025-05-14 15:00:00+00:00,CAL,California,D,Demand,28051,megawatthours
2025-05-14 16:00:00+00:00,CAL,California,D,Demand,29817,megawatthours
2025-05-14 17:00:00+00:00,CAL,California,D,Demand,30493,megawatthours
2025-05-14 18:00:00+00:00,CAL,California,D,Demand,29691,megawatthours
2025-05-14 19:00:00+00:00,CAL,California,D,Demand,29008,megawatthours
2025-05-14 20:00:00+00:00,CAL,California,D,Demand,28220,megawatthours
2025-05-14 21:00:00+00:00,CAL,California,D,Demand,27992,megawatthours
2025-05-14 22:00:00+00:00,CAL,California,D,Demand,27868,megawatthours
2025-05-14 23:00:00+00:00,CAL,California,D,Demand,27342,megawatthours
2025-05-15 00:00:00+00:00,CAL,California,D,Demand,27982,megawatthours
2025-05-15 01:00:00+00:00,CAL,California,D,Demand,29519,megawatthours
2025-05-15 02:00:00+00:00,CAL,California,D,Demand,30507,megawatthours
2025-05-15 03:00:00+00:00,CAL,California,D,Demand,31813,megawatthours
2025-05-15 04:00:00+00:00,CAL,California,D,Demand,32631,megawatthours
2025-05-15 05:00:00+00:00,CAL,California,D,Demand,32988,megawatthours
2025-05-15 06:00:00+00:00,CAL,California,D,Demand,32265,megawatthours
2025-05-15 07:00:00+00:00,CAL,California,D,Demand,30954,megawatthours
2025-05-15 08:00:00+00:00,CAL,California,D,Demand,29030,megawatthours
2025-05-15 09:00:00+00:00,CAL,California,D,Demand,28091,megawatthours
2025-05-15 10:00:00+00:00,CAL,California,D,Demand,27021,megawatthours
2025-05-15 11:00:00+00:00,CAL,California,D,Demand,26052,megawatthours
2025-05-15 12:00:00+00:00,CAL,California,D,Demand,25584,megawatthours
2025-05-15 13:00:00+00:00,CAL,California,D,Demand,26031,megawatthours
2025-05-15 14:00:00+00:00,CAL,California,D,Demand,27103,megawatthours
2025-05-15 15:00:00+00:00,CAL,California,D,Demand,28662,megawatthours
2025-05-15 16:00:00+00:00,CAL,California,D,Demand,30181,megawatthours
2025-05-15 17:00:00+00:00,CAL,California,D,Demand,31330,megawatthours
2025-05-15 18:00:00+00:00,CAL,California,D,Demand,30987,megawatthours
2025-05-15 19:00:00+00:00,CAL,California,D,Demand,30517,megawatthours
2025-05-15 20:00:00+00:00,CAL,California,D,Demand,29517,megawatthours
2025-05-15 21:00:00+00:00,CAL,California,D,Demand,29086,megawatthours
2025-05-15 22:00:00+00:00,CAL,California,D,Demand,28442,megawatthours
2025-05-15 23:00:00+00:00,CAL,California,D,Demand,28666,megawatthours
2025-05-16 00:00:00+00:00,CAL,California,D,Demand,29872,megawatthours
2025-05-16 01:00:00+00:00,CAL,California,D,Demand,30675,megawatthours
2025-05-16 02:00:00+00:00,CAL,California,D,Demand,31950,megawatthours
2025-05-16 03:00:00+00:00,CAL,California,D,Demand,32913,megawatthours
2025-05-16 04:00:00+00:00,CAL,California,D,Demand,33850,megawatthours
2025-05-16 05:00:00+00:00,CAL,California,D,Demand,34134,megawatthours
2025-05-16 06:00:00+00:00,CAL,California,D,Demand,33197,megawatthours
2025-05-16 07:00:00+00:00,CAL,California,D,Demand,31361,megawatthours
2025-05-16 08:00:00+00:00,CAL,California,D,Demand,29407,megawatthours
2025-05-16 09:00:00+00:00,CAL,California,D,Demand,28600,megawatthours
2025-05-16 10:00:00+00:00,CAL,California,D,Demand,27377,megawatthours
2025-05-16 11:00:00+00:00,CAL,California,D,Demand,26363,megawatthours
2025-05-16 12:00:00+00:00,CAL,California,D,Demand,26042,megawatthours
2025-05-16 13:00:00+00:00,CAL,California,D,Demand,25962,megawatthours
2025-05-16 14:00:00+00:00,CAL,California,D,Demand,27052,megawatthours
2025-05-16 15:00:00+00:00,CAL,California,D,Demand,28393,megawatthours
2025-05-16 16:00:00+00:00,CAL,California,D,Demand,30612,megawatthours
2025-05-16 17:00:00+00:00,CAL,California,D,Demand,32378,megawatthours
2025-05-16 18:00:00+00:00,CAL,California,D,Demand,31768,megawatthours
2025-05-16 19:00:00+00:00,CAL,California,D,Demand,31042,megawatthours
2025-05-16 20:00:00+00:00,CAL,California,D,Demand,30500,megawatthours
2025-05-16 21:00:00+00:00,CAL,California,D,Demand,30525,megawatthours
2025-05-16 22:00:00+00:00,CAL,California,D,Demand,30641,megawatthours
2025-05-16 23:00:00+00:00,CAL,California,D,Demand,29676,megawatthours
2025-05-17 00:00:00+00:00,CAL,California,D,Demand,30566,megawatthours
2025-05-17 01:00:00+00:00,CAL,California,D,Demand,30925,megawatthours
2025-05-17 02:00:00+00:00,CAL,California,D,Demand,32208,megawatthours
2025-05-17 03:00:00+00:00,CAL,California,D,Demand,32523,megawatthours
2025-05-17 04:00:00+00:00,CAL,California,D,Demand,33662,megawatthours
2025-05-17 05:00:00+00:00,CAL,California,D,Demand,33618,megawatthours
2025-05-17 06:00:00+00:00,CAL,California,D,Demand,32741,megawatthours
2025-05-17 07:00:00+00:00,CAL,California,D,Demand,30949,megawatthours
2025-05-17 08:00:00+00:00,CAL,California,D,Demand,29544,megawatthours
2025-05-17 09:00:00+00:00,CAL,California,D,Demand,28359,megawatthours
2025-05-17 10:00:00+00:00,CAL,California,D,Demand,27131,megawatthours
2025-05-17 11:00:00+00:00,CAL,California,D,Demand,25968,megawatthours
2025-05-17 12:00:00+00:00,CAL,California,D,Demand,25378,megawatthours
2025-05-17 13:00:00+00:00,CAL,California,D,Demand,25083,megawatthours
2025-05-17 14:00:00+00:00,CAL,California,D,Demand,25421,megawatthours
2025-05-17 15:00:00+00:00,CAL,California,D,Demand,25853,megawatthours
2025-05-17 16:00:00+00:00,CAL,California,D,Demand,26554,megawatthours
2025-05-17 17:00:00+00:00,CAL,California,D,Demand,26343,megawatthours
2025-05-17 18:00:00+00:00,CAL,California,D,Demand,26857,megawatthours
2025-05-17 19:00:00+00:00,CAL,California,D,Demand,27332,megawatthours
2025-05-17 20:00:00+00:00,CAL,California,D,Demand,27159,megawatthours
2025-05-17 21:00:00+00:00,CAL,California,D,Demand,27497,megawatthours
2025-05-17 22:00:00+00:00,CAL,California,D,Demand,27893,megawatthours
2025-05-17 23:00:00+00:00,CAL,California,D,Demand,27607,megawatthours
2025-05-18 00:00:00+00:00,CAL,California,D,Demand,27254,megawatthours
2025-05-18 01:00:00+00:00,CAL,California,D,Demand,27124,megawatthours
2025-05-18 02:00:00+00:00,CAL,California,D,Demand,28125,megawatthours
2025-05-18 03:00:00+00:00,CAL,California,D,Demand,28309,megawatthours
2025-05-18 04:00:00+00:00,CAL,California,D,Demand,29659,megawatthours
2025-05-18 05:00:00+00:00,CAL,California,D,Demand,29991,megawatthours
2025-05-18 06:00:00+00:00,CAL,California,D,Demand,29565,megawatthours
2025-05-18 07:00:00+00:00,CAL,California,D,Demand,28396,megawatthours
2025-05-18 08:00:00+00:00,CAL,California,D,Demand,27166,megawatthours
2025-05-18 09:00:00+00:00,CAL,California,D,Demand,26164,megawatthours
2025-05-18 10:00:00+00:00,CAL,California,D,Demand,25205,megawatthours
2025-05-18 11:00:00+00:00,CAL,California,D,Demand,24373,megawatthours
2025-05-18 12:00:00+00:00,CAL,California,D,Demand,23927,megawatthours
2025-05-18 13:00:00+00:00,CAL,California,D,Demand,23750,megawatthours
2025-05-18 14:00:00+00:00,CAL,California,D,Demand,24296,megawatthours
2025-05-18 15:00:00+00:00,CAL,California,D,Demand,24570,megawatthours
2025-05-18 16:00:00+00:00,CAL,California,D,Demand,26016,megawatthours
2025-05-18 17:00:00+00:00,CAL,California,D,Demand,26577,megawatthours
2025-05-18 18:00:00+00:00,CAL,California,D,Demand,26335,megawatthours
2025-05-18 19:00:00+00:00,CAL,California,D,Demand,25914,megawatthours
2025-05-18 20:00:00+00:00,CAL,California,D,Demand,24625,megawatthours
2025-05-18 21:00:00+00:00,CAL,California,D,Demand,24015,megawatthours
2025-05-18 22:00:00+00:00,CAL,California,D,Demand,24442,megawatthours
2025-05-18 23:00:00+00:00,CAL,California,D,Demand,23982,megawatthours
2025-05-19 00:00:00+00:00,CAL,California,D,Demand,24056,megawatthours
2025-05-19 01:00:00+00:00,CAL,California,D,Demand,25089,megawatthours
2025-05-19 02:00:00+00:00,CAL,California,D,Demand,26951,megawatthours
2025-05-19 03:00:00+00:00,CAL,California,D,Demand,29071,megawatthours
2025-05-19 04:00:00+00:00,CAL,California,D,Demand,30547,megawatthours
2025-05-19 05:00:00+00:00,CAL,California,D,Demand,31091,megawatthours
2025-05-19 06:00:00+00:00,CAL,California,D,Demand,30620,megawatthours
2025-05-19 07:00:00+00:00,CAL,California,D,Demand,28908,megawatthours
2025-05-19 08:00:00+00:00,CAL,California,D,Demand,26936,megawatthours
2025-05-19 09:00:00+00:00,CAL,California,D,Demand,25929,megawatthours
2025-05-19 10:00:00+00:00,CAL,California,D,Demand,25160,megawatthours
2025-05-19 11:00:00+00:00,CAL,California,D,Demand,24262,megawatthours
2025-05-19 12:00:00+00:00,CAL,California,D,Demand,24122,megawatthours
2025-05-19 13:00:00+00:00,CAL,California,D,Demand,24813,megawatthours
2025-05-19 14:00:00+00:00,CAL,California,D,Demand,26167,megawatthours
2025-05-19 15:00:00+00:00,CAL,California,D,Demand,27965,megawatthours
2025-05-19 16:00:00+00:00,CAL,California,D,Demand,30630,megawatthours
2025-05-19 17:00:00+00:00,CAL,California,D,Demand,31870,megawatthours
2025-05-19 18:00:00+00:00,CAL,California,D,Demand,31810,megawatthours
2025-05-19 19:00:00+00:00,CAL,California,D,Demand,31364,megawatthours
2025-05-19 20:00:00+00:00,CAL,California,D,Demand,31122,megawatthours
2025-05-19 21:00:00+00:00,CAL,California,D,Demand,30608,megawatthours
2025-05-19 22:00:00+00:00,CAL,California,D,Demand,30588,megawatthours
2025-05-19 23:00:00+00:00,CAL,California,D,Demand,31214,megawatthours
2025-05-20 00:00:00+00:00,CAL,California,D,Demand,32262,megawatthours
2025-05-20 01:00:00+00:00,CAL,California,D,Demand,33192,megawatthours
2025-05-20 02:00:00+00:00,CAL,California,D,Demand,34978,megawatthours
2025-05-20 03:00:00+00:00,CAL,California,D,Demand,35983,megawatthours
2025-05-20 04:00:00+00:00,CAL,California,D,Demand,36216,megawatthours
2025-05-20 05:00:00+00:00,CAL,California,D,Demand,36029,megawatthours
2025-05-20 06:00:00+00:00,CAL,California,D,Demand,34948,megawatthours
2025-05-20 07:00:00+00:00,CAL,California,D,Demand,32567,megawatthours
2025-05-20 08:00:00+00:00,CAL,California,D,Demand,30531,megawatthours
2025-05-20 09:00:00+00:00,CAL,California,D,Demand,29342,megawatthours
2025-05-20 10:00:00+00:00,CAL,California,D,Demand,28146,megawatthours
2025-05-20 11:00:00+00:00,CAL,California,D,Demand,27048,megawatthours
2025-05-20 12:00:00+00:00,CAL,California,D,Demand,26694,megawatthours
2025-05-20 13:00:00+00:00,CAL,California,D,Demand,26904,megawatthours
2025-05-20 14:00:00+00:00,CAL,California,D,Demand,28075,megawatthours
2025-05-20 15:00:00+00:00,CAL,California,D,Demand,29162,megawatthours
2025-05-20 16:00:00+00:00,CAL,California,D,Demand,32347,megawatthours
2025-05-20 17:00:00+00:00,CAL,California,D,Demand,33378,megawatthours
2025-05-20 18:00:00+00:00,CAL,California,D,Demand,33290,megawatthours
2025-05-20 19:00:00+00:00,CAL,California,D,Demand,33535,megawatthours
2025-05-20 20:00:00+00:00,CAL,California,D,Demand,32692,megawatthours
2025-05-20 21:00:00+00:00,CAL,California,D,Demand,32517,megawatthours
2025-05-20 22:00:00+00:00,CAL,California,D,Demand,32747,megawatthours
2025-05-20 23:00:00+00:00,CAL,California,D,Demand,33188,megawatthours
2025-05-21 00:00:00+00:00,CAL,California,D,Demand,34263,megawatthours
2025-05-21 01:00:00+00:00,CAL,California,D,Demand,35796,megawatthours
2025-05-21 02:00:00+00:00,CAL,California,D,Demand,37483,megawatthours
2025-05-21 03:00:00+00:00,CAL,California,D,Demand,38044,megawatthours
2025-05-21 04:00:00+00:00,CAL,California,D,Demand,38291,megawatthours
2025-05-21 05:00:00+00:00,CAL,California,D,Demand,37885,megawatthours
2025-05-21 06:00:00+00:00,CAL,California,D,Demand,36699,megawatthours
2025-05-21 07:00:00+00:00,CAL,California,D,Demand,34170,megawatthours
2025-05-21 08:00:00+00:00,CAL,California,D,Demand,31409,megawatthours
2025-05-21 09:00:00+00:00,CAL,California,D,Demand,30066,megawatthours
2025-05-21 10:00:00+00:00,CAL,California,D,Demand,28729,megawatthours
2025-05-21 11:00:00+00:00,CAL,California,D,Demand,27693,megawatthours
2025-05-21 12:00:00+00:00,CAL,California,D,Demand,26937,megawatthours
2025-05-21 13:00:00+00:00,CAL,California,D,Demand,26966,megawatthours
2025-05-21 14:00:00+00:00,CAL,California,D,Demand,27877,megawatthours
2025-05-21 15:00:00+00:00,CAL,California,D,Demand,29019,megawatthours
2025-05-21 16:00:00+00:00,CAL,California,D,Demand,31437,megawatthours
2025-05-21 17:00:00+00:00,CAL,California,D,Demand,32755,megawatthours
2025-05-21 18:00:00+00:00,CAL,California,D,Demand,33220,megawatthours
2025-05-21 19:00:00+00:00,CAL,California,D,Demand,32662,megawatthours
2025-05-21 20:00:00+00:00,CAL,California,D,Demand,32677,megawatthours
2025-05-21 21:00:00+00:00,CAL,California,D,Demand,33441,megawatthours
2025-05-21 22:00:00+00:00,CAL,California,D,Demand,34412,megawatthours
2025-05-21 23:00:00+00:00,CAL,California,D,Demand,35233,megawatthours
2025-05-22 00:00:00+00:00,CAL,California,D,Demand,35970,megawatthours
2025-05-22 01:00:00+00:00,CAL,California,D,Demand,37887,megawatthours
2025-05-22 02:00:00+00:00,CAL,California,D,Demand,38781,megawatthours
2025-05-22 03:00:00+00:00,CAL,California,D,Demand,39167,megawatthours
2025-05-22 04:00:00+00:00,CAL,California,D,Demand,39103,megawatthours
2025-05-22 05:00:00+00:00,CAL,California,D,Demand,38466,megawatthours
2025-05-22 06:00:00+00:00,CAL,California,D,Demand,37030,megawatthours
2025-05-22 07:00:00+00:00,CAL,California,D,Demand,34287,megawatthours
2025-05-22 08:00:00+00:00,CAL,California,D,Demand,31719,megawatthours
2025-05-22 09:00:00+00:00,CAL,California,D,Demand,30083,megawatthours
2025-05-22 10:00:00+00:00,CAL,California,D,Demand,28391,megawatthours
2025-05-22 11:00:00+00:00,CAL,California,D,Demand,27373,megawatthours
2025-05-22 12:00:00+00:00,CAL,California,D,Demand,26800,megawatthours
2025-05-22 13:00:00+00:00,CAL,California,D,Demand,26945,megawatthours
2025-05-22 14:00:00+00:00,CAL,California,D,Demand,28087,megawatthours
2025-05-22 15:00:00+00:00,CAL,California,D,Demand,29162,megawatthours
2025-05-22 16:00:00+00:00,CAL,California,D,Demand,30962,megawatthours
2025-05-22 17:00:00+00:00,CAL,California,D,Demand,31944,megawatthours
2025-05-22 18:00:00+00:00,CAL,California,D,Demand,32550,megawatthours
2025-05-22 19:00:00+00:00,CAL,California,D,Demand,32745,megawatthours
2025-05-22 20:00:00+00:00,CAL,California,D,Demand,32714,megawatthours
2025-05-22 21:00:00+00:00,CAL,California,D,Demand,33333,megawatthours
2025-05-22 22:00:00+00:00,CAL,California,D,Demand,33761,megawatthours
2025-05-22 23:00:00+00:00,CAL,California,D,Demand,33673,megawatthours
2025-05-23 00:00:00+00:00,CAL,California,D,Demand,35157,megawatthours
2025-05-23 01:00:00+00:00,CAL,California,D,Demand,35813,megawatthours
2025-05-23 02:00:00+00:00,CAL,California,D,Demand,36839,megawatthours
2025-05-23 03:00:00+00:00,CAL,California,D,Demand,36632,megawatthours
2025-05-23 04:00:00+00:00,CAL,California,D,Demand,36629,megawatthours
2025-05-23 05:00:00+00:00,CAL,California,D,Demand,36388,megawatthours
2025-05-23 06:00:00+00:00,CAL,California,D,Demand,35509,megawatthours
2025-05-23 07:00:00+00:00,CAL,California,D,Demand,33147,megawatthours
2025-05-23 08:00:00+00:00,CAL,California,D,Demand,31329,megawatthours
2025-05-23 09:00:00+00:00,CAL,California,D,Demand,29461,megawatthours
2025-05-23 10:00:00+00:00,CAL,California,D,Demand,27983,megawatthours
2025-05-23 11:00:00+00:00,CAL,California,D,Demand,27030,megawatthours
2025-05-23 12:00:00+00:00,CAL,California,D,Demand,26516,megawatthours
2025-05-23 13:00:00+00:00,CAL,California,D,Demand,26725,megawatthours
2025-05-23 14:00:00+00:00,CAL,California,D,Demand,27648,megawatthours
2025-05-23 15:00:00+00:00,CAL,California,D,Demand,29052,megawatthours
2025-05-23 16:00:00+00:00,CAL,California,D,Demand,30741,megawatthours
2025-05-23 17:00:00+00:00,CAL,California,D,Demand,31097,megawatthours
2025-05-23 18:00:00+00:00,CAL,California,D,Demand,30329,megawatthours
2025-05-23 19:00:00+00:00,CAL,California,D,Demand,31869,megawatthours
2025-05-23 20:00:00+00:00,CAL,California,D,Demand,30297,megawatthours
2025-05-23 21:00:00+00:00,CAL,California,D,Demand,30543,megawatthours
2025-05-23 22:00:00+00:00,CAL,California,D,Demand,30291,megawatthours
2025-05-23 23:00:00+00:00,CAL,California,D,Demand,30449,megawatthours
2025-05-24 00:00:00+00:00,CAL,California,D,Demand,30825,megawatthours
2025-05-24 01:00:00+00:00,CAL,California,D,Demand,31864,megawatthours
2025-05-24 02:00:00+00:00,CAL,California,D,Demand,32686,megawatthours
2025-05-24 03:00:00+00:00,CAL,California,D,Demand,33317,megawatthours
2025-05-24 04:00:00+00:00,CAL,California,D,Demand,33854,megawatthours
2025-05-24 05:00:00+00:00,CAL,California,D,Demand,33902,megawatthours
2025-05-24 06:00:00+00:00,CAL,California,D,Demand,33353,megawatthours
2025-05-24 07:00:00+00:00,CAL,California,D,Demand,31713,megawatthours
2025-05-24 08:00:00+00:00,CAL,California,D,Demand,30189,megawatthours
2025-05-24 09:00:00+00:00,CAL,California,D,Demand,28835,megawatthours
2025-05-24 10:00:00+00:00,CAL,California,D,Demand,27608,megawatthours
2025-05-24 11:00:00+00:00,CAL,California,D,Demand,26560,megawatthours
2025-05-24 12:00:00+00:00,CAL,California,D,Demand,25916,megawatthours
2025-05-24 13:00:00+00:00,CAL,California,D,Demand,25684,megawatthours
2025-05-24 14:00:00+00:00,CAL,California,D,Demand,25910,megawatthours
2025-05-24 15:00:00+00:00,CAL,California,D,Demand,25962,megawatthours
2025-05-24 16:00:00+00:00,CAL,California,D,Demand,26483,megawatthours
2025-05-24 17:00:00+00:00,CAL,California,D,Demand,27862,megawatthours
2025-05-24 18:00:00+00:00,CAL,California,D,Demand,27471,megawatthours
2025-05-24 19:00:00+00:00,CAL,California,D,Demand,27387,megawatthours
2025-05-24 20:00:00+00:00,CAL,California,D,Demand,26812,megawatthours
2025-05-24 21:00:00+00:00,CAL,California,D,Demand,26698,megawatthours
2025-05-24 22:00:00+00:00,CAL,California,D,Demand,27176,megawatthours
2025-05-24 23:00:00+00:00,CAL,California,D,Demand,26782,megawatthours
2025-05-25 00:00:00+00:00,CAL,California,D,Demand,27253,megawatthours
2025-05-25 01:00:00+00:00,CAL,California,D,Demand,28206,megawatthours
2025-05-25 02:00:00+00:00,CAL,California,D,Demand,29382,megawatthours
2025-05-25 03:00:00+00:00,CAL,California,D,Demand,30203,megawatthours
2025-05-25 04:00:00+00:00,CAL,California,D,Demand,31425,megawatthours
2025-05-25 05:00:00+00:00,CAL,California,D,Demand,31740,megawatthours
2025-05-25 06:00:00+00:00,CAL,California,D,Demand,31304,megawatthours
2025-05-25 07:00:00+00:00,CAL,California,D,Demand,29798,megawatthours
2025-05-25 08:00:00+00:00,CAL,California,D,Demand,28233,megawatthours
2025-05-25 09:00:00+00:00,CAL,California,D,Demand,27336,megawatthours
2025-05-25 10:00:00+00:00,CAL,California,D,Demand,26131,megawatthours
2025-05-25 11:00:00+00:00,CAL,California,D,Demand,25300,megawatthours
2025-05-25 12:00:00+00:00,CAL,California,D,Demand,24631,megawatthours
2025-05-25 13:00:00+00:00,CAL,California,D,Demand,24411,megawatthours
2025-05-25 14:00:00+00:00,CAL,California,D,Demand,24302,megawatthours
2025-05-25 15:00:00+00:00,CAL,California,D,Demand,24181,megawatthours
2025-05-25 16:00:00+00:00,CAL,California,D,Demand,26267,megawatthours
2025-05-25 17:00:00+00:00,CAL,California,D,Demand,26971,megawatthours
2025-05-25 18:00:00+00:00,CAL,California,D,Demand,26654,megawatthours
2025-05-25 19:00:00+00:00,CAL,California,D,Demand,25428,megawatthours
2025-05-25 20:00:00+00:00,CAL,California,D,Demand,24338,megawatthours
2025-05-25 21:00:00+00:00,CAL,California,D,Demand,24449,megawatthours
2025-05-25 22:00:00+00:00,CAL,California,D,Demand,24874,megawatthours
2025-05-25 23:00:00+00:00,CAL,California,D,Demand,24901,megawatthours
2025-05-26 00:00:00+00:00,CAL,California,D,Demand,25426,megawatthours
2025-05-26 01:00:00+00:00,CAL,California,D,Demand,27064,megawatthours
2025-05-26 02:00:00+00:00,CAL,California,D,Demand,28379,megawatthours
2025-05-26 03:00:00+00:00,CAL,California,D,Demand,29829,megawatthours
2025-05-26 04:00:00+00:00,CAL,California,D,Demand,30543,megawatthours
2025-05-26 05:00:00+00:00,CAL,California,D,Demand,31049,megawatthours
2025-05-26 06:00:00+00:00,CAL,California,D,Demand,30505,megawatthours
2025-05-26 07:00:00+00:00,CAL,California,D,Demand,28987,megawatthours
2025-05-26 08:00:00+00:00,CAL,California,D,Demand,27351,megawatthours
2025-05-26 09:00:00+00:00,CAL,California,D,Demand,26605,megawatthours
2025-05-26 10:00:00+00:00,CAL,California,D,Demand,25421,megawatthours
2025-05-26 11:00:00+00:00,CAL,California,D,Demand,24472,megawatthours
2025-05-26 12:00:00+00:00,CAL,California,D,Demand,24027,megawatthours
2025-05-26 13:00:00+00:00,CAL,California,D,Demand,23901,megawatthours
2025-05-26 14:00:00+00:00,CAL,California,D,Demand,24080,megawatthours
2025-05-26 15:00:00+00:00,CAL,California,D,Demand,24803,megawatthours
2025-05-26 16:00:00+00:00,CAL,California,D,Demand,27725,megawatthours
2025-05-26 17:00:00+00:00,CAL,California,D,Demand,28463,megawatthours
2025-05-26 18:00:00+00:00,CAL,California,D,Demand,28530,megawatthours
2025-05-26 19:00:00+00:00,CAL,California,D,Demand,27586,megawatthours
2025-05-26 20:00:00+00:00,CAL,California,D,Demand,25969,megawatthours
2025-05-26 21:00:00+00:00,CAL,California,D,Demand,25516,megawatthours
2025-05-26 22:00:00+00:00,CAL,California,D,Demand,26243,megawatthours
2025-05-26 23:00:00+00:00,CAL,California,D,Demand,26579,megawatthours
2025-05-27 00:00:00+00:00,CAL,California,D,Demand,27132,megawatthours
2025-05-27 01:00:00+00:00,CAL,California,D,Demand,28698,megawatthours
2025-05-27 02:00:00+00:00,CAL,California,D,Demand,30187,megawatthours
2025-05-27 03:00:00+00:00,CAL,California,D,Demand,31141,megawatthours
2025-05-27 04:00:00+00:00,CAL,California,D,Demand,32307,megawatthours
2025-05-27 05:00:00+00:00,CAL,California,D,Demand,32916,megawatthours
2025-05-27 06:00:00+00:00,CAL,California,D,Demand,32280,megawatthours
2025-05-27 07:00:00+00:00,CAL,California,D,Demand,30438,megawatthours
2025-05-27 08:00:00+00:00,CAL,California,D,Demand,28262,megawatthours
2025-05-27 09:00:00+00:00,CAL,California,D,Demand,27199,megawatthours
2025-05-27 10:00:00+00:00,CAL,California,D,Demand,25875,megawatthours
2025-05-27 11:00:00+00:00,CAL,California,D,Demand,25206,megawatthours
2025-05-27 12:00:00+00:00,CAL,California,D,Demand,25087,megawatthours
2025-05-27 13:00:00+00:00,CAL,California,D,Demand,25241,megawatthours
2025-05-27 14:00:00+00:00,CAL,California,D,Demand,26244,megawatthours
2025-05-27 15:00:00+00:00,CAL,California,D,Demand,27729,megawatthours
2025-05-27 16:00:00+00:00,CAL,California,D,Demand,30068,megawatthours
2025-05-27 17:00:00+00:00,CAL,California,D,Demand,31332,megawatthours
2025-05-27 18:00:00+00:00,CAL,California,D,Demand,31177,megawatthours
2025-05-27 19:00:00+00:00,CAL,California,D,Demand,30204,megawatthours
2025-05-27 20:00:00+00:00,CAL,California,D,Demand,29356,megawatthours
2025-05-27 21:00:00+00:00,CAL,California,D,Demand,29620,megawatthours
2025-05-27 22:00:00+00:00,CAL,California,D,Demand,29623,megawatthours
2025-05-27 23:00:00+00:00,CAL,California,D,Demand,30038,megawatthours
2025-05-28 00:00:00+00:00,CAL,California,D,Demand,30908,megawatthours
2025-05-28 01:00:00+00:00,CAL,California,D,Demand,32794,megawatthours
2025-05-28 02:00:00+00:00,CAL,California,D,Demand,34242,megawatthours
2025-05-28 03:00:00+00:00,CAL,California,D,Demand,35449,megawatthours
2025-05-28 04:00:00+00:00,CAL,California,D,Demand,35919,megawatthours
2025-05-28 05:00:00+00:00,CAL,California,D,Demand,35932,megawatthours
2025-05-28 06:00:00+00:00,CAL,California,D,Demand,34934,megawatthours
2025-05-28 07:00:00+00:00,CAL,California,D,Demand,32705,megawatthours
2025-05-28 08:00:00+00:00,CAL,California,D,Demand,30511,megawatthours
2025-05-28 09:00:00+00:00,CAL,California,D,Demand,29227,megawatthours
2025-05-28 10:00:00+00:00,CAL,California,D,Demand,27846,megawatthours
2025-05-28 11:00:00+00:00,CAL,California,D,Demand,26924,megawatthours
2025-05-28 12:00:00+00:00,CAL,California,D,Demand,26435,megawatthours
2025-05-28 13:00:00+00:00,CAL,California,D,Demand,26772,megawatthours
2025-05-28 14:00:00+00:00,CAL,California,D,Demand,27765,megawatthours
2025-05-28 15:00:00+00:00,CAL,California,D,Demand,29349,megawatthours
2025-05-28 16:00:00+00:00,CAL,California,D,Demand,31813,megawatthours
2025-05-28 17:00:00+00:00,CAL,California,D,Demand,33615,megawatthours
2025-05-28 18:00:00+00:00,CAL,California,D,Demand,33353,megawatthours
2025-05-28 19:00:00+00:00,CAL,California,D,Demand,32775,megawatthours
2025-05-28 20:00:00+00:00,CAL,California,D,Demand,32173,megawatthours
2025-05-28 21:00:00+00:00,CAL,California,D,Demand,31666,megawatthours
2025-05-28 22:00:00+00:00,CAL,California,D,Demand,32107,megawatthours
2025-05-28 23:00:00+00:00,CAL,California,D,Demand,30749,megawatthours
2025-05-29 00:00:00+00:00,CAL,California,D,Demand,31176,megawatthours
2025-05-29 01:00:00+00:00,CAL,California,D,Demand,32180,megawatthours
2025-05-29 02:00:00+00:00,CAL,California,D,Demand,33321,megawatthours
2025-05-29 03:00:00+00:00,CAL,California,D,Demand,33957,megawatthours
2025-05-29 04:00:00+00:00,CAL,California,D,Demand,34498,megawatthours
2025-05-29 05:00:00+00:00,CAL,California,D,Demand,34773,megawatthours
2025-05-29 06:00:00+00:00,CAL,California,D,Demand,33884,megawatthours
2025-05-29 07:00:00+00:00,CAL,California,D,Demand,31975,megawatthours
2025-05-29 08:00:00+00:00,CAL,California,D,Demand,29992,megawatthours
2025-05-29 09:00:00+00:00,CAL,California,D,Demand,28841,megawatthours
2025-05-29 10:00:00+00:00,CAL,California,D,Demand,27897,megawatthours
2025-05-29 11:00:00+00:00,CAL,California,D,Demand,26889,megawatthours
2025-05-29 12:00:00+00:00,CAL,California,D,Demand,26529,megawatthours
2025-05-29 13:00:00+00:00,CAL,California,D,Demand,26695,megawatthours
2025-05-29 14:00:00+00:00,CAL,California,D,Demand,27747,megawatthours
2025-05-29 15:00:00+00:00,CAL,California,D,Demand,29299,megawatthours
2025-05-29 16:00:00+00:00,CAL,California,D,Demand,31813,megawatthours
2025-05-29 17:00:00+00:00,CAL,California,D,Demand,32489,megawatthours
2025-05-29 18:00:00+00:00,CAL,California,D,Demand,32223,megawatthours
2025-05-29 19:00:00+00:00,CAL,California,D,Demand,32041,megawatthours
2025-05-29 20:00:00+00:00,CAL,California,D,Demand,31791,megawatthours
2025-05-29 21:00:00+00:00,CAL,California,D,Demand,31829,megawatthours
2025-05-29 22:00:00+00:00,CAL,California,D,Demand,31647,megawatthours
2025-05-29 23:00:00+00:00,CAL,California,D,Demand,33130,megawatthours
2025-05-30 00:00:00+00:00,CAL,California,D,Demand,33514,megawatthours
2025-05-30 01:00:00+00:00,CAL,California,D,Demand,35039,megawatthours
2025-05-30 02:00:00+00:00,CAL,California,D,Demand,36120,megawatthours
2025-05-30 03:00:00+00:00,CAL,California,D,Demand,37097,megawatthours
2025-05-30 04:00:00+00:00,CAL,California,D,Demand,37595,megawatthours
2025-05-30 05:00:00+00:00,CAL,California,D,Demand,37623,megawatthours
2025-05-30 06:00:00+00:00,CAL,California,D,Demand,36551,megawatthours
2025-05-30 07:00:00+00:00,CAL,California,D,Demand,34274,megawatthours
2025-05-30 08:00:00+00:00,CAL,California,D,Demand,31711,megawatthours
2025-05-30 09:00:00+00:00,CAL,California,D,Demand,30489,megawatthours
2025-05-30 10:00:00+00:00,CAL,California,D,Demand,28880,megawatthours
2025-05-30 11:00:00+00:00,CAL,California,D,Demand,27588,megawatthours
2025-05-30 12:00:00+00:00,CAL,California,D,Demand,27148,megawatthours
2025-05-30 13:00:00+00:00,CAL,California,D,Demand,27595,megawatthours
2025-05-30 14:00:00+00:00,CAL,California,D,Demand,28825,megawatthours
2025-05-30 15:00:00+00:00,CAL,California,D,Demand,30517,megawatthours
2025-05-30 16:00:00+00:00,CAL,California,D,Demand,33506,megawatthours
2025-05-30 17:00:00+00:00,CAL,California,D,Demand,34829,megawatthours
2025-05-30 18:00:00+00:00,CAL,California,D,Demand,35224,megawatthours
2025-05-30 19:00:00+00:00,CAL,California,D,Demand,34973,megawatthours
2025-05-30 20:00:00+00:00,CAL,California,D,Demand,34799,megawatthours
2025-05-30 21:00:00+00:00,CAL,California,D,Demand,35937,megawatthours
2025-05-30 22:00:00+00:00,CAL,California,D,Demand,37406,megawatthours
2025-05-30 23:00:00+00:00,CAL,California,D,Demand,38901,megawatthours
2025-05-31 00:00:00+00:00,CAL,California,D,Demand,41318,megawatthours
2025-05-31 01:00:00+00:00,CAL,California,D,Demand,43376,megawatthours
2025-05-31 02:00:00+00:00,CAL,California,D,Demand,44528,megawatthours
2025-05-31 03:00:00+00:00,CAL,California,D,Demand,44931,megawatthours
2025-05-31 04:00:00+00:00,CAL,California,D,Demand,43895,megawatthours
2025-05-31 05:00:00+00:00,CAL,California,D,Demand,42370,megawatthours
2025-05-31 06:00:00+00:00,CAL,California,D,Demand,40679,megawatthours
2025-05-31 07:00:00+00:00,CAL,California,D,Demand,38082,megawatthours
2025-05-31 08:00:00+00:00,CAL,California,D,Demand,35157,megawatthours
2025-05-31 09:00:00+00:00,CAL,California,D,Demand,33320,megawatthours
2025-05-31 10:00:00+00:00,CAL,California,D,Demand,31449,megawatthours
2025-05-31 11:00:00+00:00,CAL,California,D,Demand,29999,megawatthours
2025-05-31 12:00:00+00:00,CAL,California,D,Demand,29422,megawatthours
2025-05-31 13:00:00+00:00,CAL,California,D,Demand,28766,megawatthours
2025-05-31 14:00:00+00:00,CAL,California,D,Demand,28317,megawatthours
2025-05-31 15:00:00+00:00,CAL,California,D,Demand,28468,megawatthours
2025-05-31 16:00:00+00:00,CAL,California,D,Demand,30618,megawatthours
2025-05-31 17:00:00+00:00,CAL,California,D,Demand,32533,megawatthours
2025-05-31 18:00:00+00:00,CAL,California,D,Demand,33858,megawatthours
2025-05-31 19:00:00+00:00,CAL,California,D,Demand,34846,megawatthours
2025-05-31 20:00:00+00:00,CAL,California,D,Demand,35914,megawatthours
2025-05-31 21:00:00+00:00,CAL,California,D,Demand,36360,megawatthours
2025-05-31 22:00:00+00:00,CAL,California,D,Demand,38018,megawatthours
2025-05-31 23:00:00+00:00,CAL,California,D,Demand,39091,megawatthours
2025-06-01 00:00:00+00:00,CAL,California,D,Demand,40048,megawatthours
2025-06-01 01:00:00+00:00,CAL,California,D,Demand,41221,megawatthours
2025-06-01 02:00:00+00:00,CAL,California,D,Demand,42158,megawatthours
2025-06-01 03:00:00+00:00,CAL,California,D,Demand,42763,megawatthours
2025-06-01 04:00:00+00:00,CAL,California,D,Demand,42471,megawatthours
2025-06-01 05:00:00+00:00,CAL,California,D,Demand,41497,megawatthours
2025-06-01 06:00:00+00:00,CAL,California,D,Demand,39823,megawatthours
2025-06-01 07:00:00+00:00,CAL,California,D,Demand,36963,megawatthours
2025-06-01 08:00:00+00:00,CAL,California,D,Demand,34477,megawatthours
2025-06-01 09:00:00+00:00,CAL,California,D,Demand,32585,megawatthours
2025-06-01 10:00:00+00:00,CAL,California,D,Demand,30911,megawatthours
2025-06-01 11:00:00+00:00,CAL,California,D,Demand,29450,megawatthours
2025-06-01 12:00:00+00:00,CAL,California,D,Demand,28120,megawatthours
2025-06-01 13:00:00+00:00,CAL,California,D,Demand,27456,megawatthours
2025-06-01 14:00:00+00:00,CAL,California,D,Demand,27101,megawatthours
2025-06-01 15:00:00+00:00,CAL,California,D,Demand,27458,megawatthours
2025-06-01 16:00:00+00:00,CAL,California,D,Demand,28392,megawatthours
2025-06-01 17:00:00+00:00,CAL,California,D,Demand,29984,megawatthours
2025-06-01 18:00:00+00:00,CAL,California,D,Demand,30935,megawatthours
2025-06-01 19:00:00+00:00,CAL,California,D,Demand,31205,megawatthours
2025-06-01 20:00:00+00:00,CAL,California,D,Demand,32350,megawatthours
2025-06-01 21:00:00+00:00,CAL,California,D,Demand,32635,megawatthours
2025-06-01 22:00:00+00:00,CAL,California,D,Demand,32762,megawatthours
2025-06-01 23:00:00+00:00,CAL,California,D,Demand,33668,megawatthours
2025-06-02 00:00:00+00:00,CAL,California,D,Demand,33813,megawatthours
2025-06-02 01:00:00+00:00,CAL,California,D,Demand,34992,megawatthours
2025-06-02 02:00:00+00:00,CAL,California,D,Demand,36145,megawatthours
2025-06-02 03:00:00+00:00,CAL,California,D,Demand,36928,megawatthours
2025-06-02 04:00:00+00:00,CAL,California,D,Demand,36639,megawatthours
2025-06-02 05:00:00+00:00,CAL,California,D,Demand,36271,megawatthours
2025-06-02 06:00:00+00:00,CAL,California,D,Demand,35004,megawatthours
2025-06-02 07:00:00+00:00,CAL,California,D,Demand,32673,megawatthours
2025-06-02 08:00:00+00:00,CAL,California,D,Demand,30469,megawatthours
2025-06-02 09:00:00+00:00,CAL,California,D,Demand,28862,megawatthours
2025-06-02 10:00:00+00:00,CAL,California,D,Demand,27679,megawatthours
2025-06-02 11:00:00+00:00,CAL,California,D,Demand,26640,megawatthours
2025-06-02 12:00:00+00:00,CAL,California,D,Demand,26397,megawatthours
2025-06-02 13:00:00+00:00,CAL,California,D,Demand,26492,megawatthours
2025-06-02 14:00:00+00:00,CAL,California,D,Demand,27477,megawatthours
2025-06-02 15:00:00+00:00,CAL,California,D,Demand,29078,megawatthours
2025-06-02 16:00:00+00:00,CAL,California,D,Demand,31171,megawatthours
2025-06-02 17:00:00+00:00,CAL,California,D,Demand,31687,megawatthours
2025-06-02 18:00:00+00:00,CAL,California,D,Demand,32410,megawatthours
2025-06-02 19:00:00+00:00,CAL,California,D,Demand,32810,megawatthours
2025-06-02 20:00:00+00:00,CAL,California,D,Demand,33488,megawatthours
2025-06-02 21:00:00+00:00,CAL,California,D,Demand,34730,megawatthours
2025-06-02 22:00:00+00:00,CAL,California,D,Demand,34971,megawatthours
2025-06-02 23:00:00+00:00,CAL,California,D,Demand,36383,megawatthours
2025-06-03 00:00:00+00:00,CAL,California,D,Demand,36617,megawatthours
2025-06-03 01:00:00+00:00,CAL,California,D,Demand,37070,megawatthours
2025-06-03 02:00:00+00:00,CAL,California,D,Demand,37739,megawatthours
2025-06-03 03:00:00+00:00,CAL,California,D,Demand,38424,megawatthours
2025-06-03 04:00:00+00:00,CAL,California,D,Demand,38002,megawatthours
2025-06-03 05:00:00+00:00,CAL,California,D,Demand,37515,megawatthours
2025-06-03 06:00:00+00:00,CAL,California,D,Demand,36404,megawatthours
2025-06-03 07:00:00+00:00,CAL,California,D,Demand,34083,megawatthours
2025-06-03 08:00:00+00:00,CAL,California,D,Demand,32070,megawatthours
2025-06-03 09:00:00+00:00,CAL,California,D,Demand,30245,megawatthours
2025-06-03 10:00:00+00:00,CAL,California,D,Demand,29104,megawatthours
2025-06-03 11:00:00+00:00,CAL,California,D,Demand,28160,megawatthours
2025-06-03 12:00:00+00:00,CAL,California,D,Demand,27707,megawatthours
2025-06-03 13:00:00+00:00,CAL,California,D,Demand,27822,megawatthours
2025-06-03 14:00:00+00:00,CAL,California,D,Demand,28634,megawatthours
2025-06-03 15:00:00+00:00,CAL,California,D,Demand,29942,megawatthours
2025-06-03 16:00:00+00:00,CAL,California,D,Demand,31981,megawatthours
2025-06-03 17:00:00+00:00,CAL,California,D,Demand,33664,megawatthours
2025-06-03 18:00:00+00:00,CAL,California,D,Demand,34616,megawatthours
2025-06-03 19:00:00+00:00,CAL,California,D,Demand,35076,megawatthours
2025-06-03 20:00:00+00:00,CAL,California,D,Demand,34384,megawatthours
2025-06-03 21:00:00+00:00,CAL,California,D,Demand,33020,megawatthours
2025-06-03 22:00:00+00:00,CAL,California,D,Demand,32422,megawatthours
2025-06-03 23:00:00+00:00,CAL,California,D,Demand,33352,megawatthours
2025-06-04 00:00:00+00:00,CAL,California,D,Demand,34180,megawatthours
2025-06-04 01:00:00+00:00,CAL,California,D,Demand,35020,megawatthours
2025-06-04 02:00:00+00:00,CAL,California,D,Demand,36012,megawatthours
2025-06-04 03:00:00+00:00,CAL,California,D,Demand,35804,megawatthours
2025-06-04 04:00:00+00:00,CAL,California,D,Demand,35851,megawatthours
2025-06-04 05:00:00+00:00,CAL,California,D,Demand,35916,megawatthours
2025-06-04 06:00:00+00:00,CAL,California,D,Demand,35149,megawatthours
2025-06-04 07:00:00+00:00,CAL,California,D,Demand,33087,megawatthours
2025-06-04 08:00:00+00:00,CAL,California,D,Demand,31358,megawatthours
2025-06-04 09:00:00+00:00,CAL,California,D,Demand,30024,megawatthours
2025-06-04 10:00:00+00:00,CAL,California,D,Demand,28794,megawatthours
2025-06-04 11:00:00+00:00,CAL,California,D,Demand,27761,megawatthours
2025-06-04 12:00:00+00:00,CAL,California,D,Demand,27319,megawatthours
2025-06-04 13:00:00+00:00,CAL,California,D,Demand,27456,megawatthours
2025-06-04 14:00:00+00:00,CAL,California,D,Demand,28264,megawatthours
2025-06-04 15:00:00+00:00,CAL,California,D,Demand,29796,megawatthours
2025-06-04 16:00:00+00:00,CAL,California,D,Demand,33034,megawatthours
2025-06-04 17:00:00+00:00,CAL,California,D,Demand,34715,megawatthours
2025-06-04 18:00:00+00:00,CAL,California,D,Demand,35749,megawatthours
2025-06-04 19:00:00+00:00,CAL,California,D,Demand,35730,megawatthours
2025-06-04 20:00:00+00:00,CAL,California,D,Demand,35212,megawatthours
2025-06-04 21:00:00+00:00,CAL,California,D,Demand,34539,megawatthours
2025-06-04 22:00:00+00:00,CAL,California,D,Demand,34327,megawatthours
2025-06-04 23:00:00+00:00,CAL,California,D,Demand,34073,megawatthours
2025-06-05 00:00:00+00:00,CAL,California,D,Demand,34348,megawatthours
2025-06-05 01:00:00+00:00,CAL,California,D,Demand,35472,megawatthours
2025-06-05 02:00:00+00:00,CAL,California,D,Demand,36802,megawatthours
2025-06-05 03:00:00+00:00,CAL,California,D,Demand,37169,megawatthours
2025-06-05 04:00:00+00:00,CAL,California,D,Demand,37143,megawatthours
2025-06-05 05:00:00+00:00,CAL,California,D,Demand,37020,megawatthours
2025-06-05 06:00:00+00:00,CAL,California,D,Demand,35790,megawatthours
2025-06-05 07:00:00+00:00,CAL,California,D,Demand,33672,megawatthours
2025-06-05 08:00:00+00:00,CAL,California,D,Demand,31829,megawatthours
2025-06-05 09:00:00+00:00,CAL,California,D,Demand,30299,megawatthours
2025-06-05 10:00:00+00:00,CAL,California,D,Demand,29004,megawatthours
2025-06-05 11:00:00+00:00,CAL,California,D,Demand,27929,megawatthours
2025-06-05 12:00:00+00:00,CAL,California,D,Demand,27377,megawatthours
2025-06-05 13:00:00+00:00,CAL,California,D,Demand,27516,megawatthours
2025-06-05 14:00:00+00:00,CAL,California,D,Demand,28520,megawatthours
2025-06-05 15:00:00+00:00,CAL,California,D,Demand,30372,megawatthours
2025-06-05 16:00:00+00:00,CAL,California,D,Demand,34070,megawatthours
2025-06-05 17:00:00+00:00,CAL,California,D,Demand,36077,megawatthours
2025-06-05 18:00:00+00:00,CAL,California,D,Demand,36166,megawatthours
2025-06-05 19:00:00+00:00,CAL,California,D,Demand,35386,megawatthours
2025-06-05 20:00:00+00:00,CAL,California,D,Demand,33801,megawatthours
2025-06-05 21:00:00+00:00,CAL,California,D,Demand,33524,megawatthours
2025-06-05 22:00:00+00:00,CAL,California,D,Demand,32519,megawatthours
2025-06-05 23:00:00+00:00,CAL,California,D,Demand,33006,megawatthours
2025-06-06 00:00:00+00:00,CAL,California,D,Demand,33894,megawatthours
2025-06-06 01:00:00+00:00,CAL,California,D,Demand,34600,megawatthours
2025-06-06 02:00:00+00:00,CAL,California,D,Demand,35571,megawatthours
2025-06-06 03:00:00+00:00,CAL,California,D,Demand,35921,megawatthours
2025-06-06 04:00:00+00:00,CAL,California,D,Demand,36468,megawatthours
2025-06-06 05:00:00+00:00,CAL,California,D,Demand,36162,megawatthours
2025-06-06 06:00:00+00:00,CAL,California,D,Demand,35391,megawatthours
2025-06-06 07:00:00+00:00,CAL,California,D,Demand,33585,megawatthours
2025-06-06 08:00:00+00:00,CAL,California,D,Demand,31480,megawatthours
2025-06-06 09:00:00+00:00,CAL,California,D,Demand,30007,megawatthours
2025-06-06 10:00:00+00:00,CAL,California,D,Demand,28756,megawatthours
2025-06-06 11:00:00+00:00,CAL,California,D,Demand,27656,megawatthours
2025-06-06 12:00:00+00:00,CAL,California,D,Demand,27156,megawatthours
2025-06-06 13:00:00+00:00,CAL,California,D,Demand,27385,megawatthours
2025-06-06 14:00:00+00:00,CAL,California,D,Demand,28267,megawatthours
2025-06-06 15:00:00+00:00,CAL,California,D,Demand,29921,megawatthours
2025-06-06 16:00:00+00:00,CAL,California,D,Demand,32837,megawatthours
2025-06-06 17:00:00+00:00,CAL,California,D,Demand,34426,megawatthours
2025-06-06 18:00:00+00:00,CAL,California,D,Demand,35451,megawatthours
2025-06-06 19:00:00+00:00,CAL,California,D,Demand,34887,megawatthours
2025-06-06 20:00:00+00:00,CAL,California,D,Demand,33874,megawatthours
2025-06-06 21:00:00+00:00,CAL,California,D,Demand,34095,megawatthours
2025-06-06 22:00:00+00:00,CAL,California,D,Demand,33501,megawatthours
2025-06-06 23:00:00+00:00,CAL,California,D,Demand,33134,megawatthours
2025-06-07 00:00:00+00:00,CAL,California,D,Demand,34230,megawatthours
2025-06-07 01:00:00+00:00,CAL,California,D,Demand,35337,megawatthours
2025-06-07 02:00:00+00:00,CAL,California,D,Demand,36072,megawatthours
2025-06-07 03:00:00+00:00,CAL,California,D,Demand,36697,megawatthours
2025-06-07 04:00:00+00:00,CAL,California,D,Demand,36876,megawatthours
2025-06-07 05:00:00+00:00,CAL,California,D,Demand,36639,megawatthours
2025-06-07 06:00:00+00:00,CAL,California,D,Demand,35775,megawatthours
2025-06-07 07:00:00+00:00,CAL,California,D,Demand,34105,megawatthours
2025-06-07 08:00:00+00:00,CAL,California,D,Demand,32251,megawatthours
2025-06-07 09:00:00+00:00,CAL,California,D,Demand,30597,megawatthours
2025-06-07 10:00:00+00:00,CAL,California,D,Demand,29352,megawatthours
2025-06-07 11:00:00+00:00,CAL,California,D,Demand,28041,megawatthours
2025-06-07 12:00:00+00:00,CAL,California,D,Demand,26957,megawatthours
2025-06-07 13:00:00+00:00,CAL,California,D,Demand,26734,megawatthours
2025-06-07 14:00:00+00:00,CAL,California,D,Demand,26696,megawatthours
2025-06-07 15:00:00+00:00,CAL,California,D,Demand,27292,megawatthours
2025-06-07 16:00:00+00:00,CAL,California,D,Demand,28988,megawatthours
2025-06-07 17:00:00+00:00,CAL,California,D,Demand,30533,megawatthours
2025-06-07 18:00:00+00:00,CAL,California,D,Demand,32768,megawatthours
2025-06-07 19:00:00+00:00,CAL,California,D,Demand,32254,megawatthours
2025-06-07 20:00:00+00:00,CAL,California,D,Demand,31095,megawatthours
2025-06-07 21:00:00+00:00,CAL,California,D,Demand,28943,megawatthours
2025-06-07 22:00:00+00:00,CAL,California,D,Demand,30327,megawatthours
2025-06-07 23:00:00+00:00,CAL,California,D,Demand,30684,megawatthours
2025-06-08 00:00:00+00:00,CAL,California,D,Demand,28533,megawatthours
2025-06-08 01:00:00+00:00,CAL,California,D,Demand,29784,megawatthours
2025-06-08 02:00:00+00:00,CAL,California,D,Demand,33461,megawatthours
2025-06-08 03:00:00+00:00,CAL,California,D,Demand,34643,megawatthours
2025-06-08 04:00:00+00:00,CAL,California,D,Demand,35191,megawatthours
2025-06-08 05:00:00+00:00,CAL,California,D,Demand,35007,megawatthours
2025-06-08 06:00:00+00:00,CAL,California,D,Demand,34264,megawatthours
2025-06-08 07:00:00+00:00,CAL,California,D,Demand,32642,megawatthours
2025-06-08 08:00:00+00:00,CAL,California,D,Demand,31091,megawatthours
2025-06-08 09:00:00+00:00,CAL,California,D,Demand,29339,megawatthours
2025-06-08 10:00:00+00:00,CAL,California,D,Demand,27985,megawatthours
2025-06-08 11:00:00+00:00,CAL,California,D,Demand,26702,megawatthours
2025-06-08 12:00:00+00:00,CAL,California,D,Demand,25964,megawatthours
2025-06-08 13:00:00+00:00,CAL,California,D,Demand,25572,megawatthours
2025-06-08 14:00:00+00:00,CAL,California,D,Demand,25188,megawatthours
2025-06-08 15:00:00+00:00,CAL,California,D,Demand,25710,megawatthours
2025-06-08 16:00:00+00:00,CAL,California,D,Demand,28790,megawatthours
2025-06-08 17:00:00+00:00,CAL,California,D,Demand,29768,megawatthours
2025-06-08 18:00:00+00:00,CAL,California,D,Demand,28816,megawatthours
2025-06-08 19:00:00+00:00,CAL,California,D,Demand,28795,megawatthours
2025-06-08 20:00:00+00:00,CAL,California,D,Demand,29131,megawatthours
2025-06-08 21:00:00+00:00,CAL,California,D,Demand,28782,megawatthours
2025-06-08 22:00:00+00:00,CAL,California,D,Demand,29339,megawatthours
2025-06-08 23:00:00+00:00,CAL,California,D,Demand,29603,megawatthours
2025-06-09 00:00:00+00:00,CAL,California,D,Demand,31022,megawatthours
2025-06-09 01:00:00+00:00,CAL,California,D,Demand,31890,megawatthours
2025-06-09 02:00:00+00:00,CAL,California,D,Demand,33705,megawatthours
2025-06-09 03:00:00+00:00,CAL,California,D,Demand,34790,megawatthours
2025-06-09 04:00:00+00:00,CAL,California,D,Demand,35334,megawatthours
2025-06-09 05:00:00+00:00,CAL,California,D,Demand,35276,megawatthours
2025-06-09 06:00:00+00:00,CAL,California,D,Demand,34427,megawatthours
2025-06-09 07:00:00+00:00,CAL,California,D,Demand,32274,megawatthours
2025-06-09 08:00:00+00:00,CAL,California,D,Demand,29830,megawatthours
2025-06-09 09:00:00+00:00,CAL,California,D,Demand,28692,megawatthours
2025-06-09 10:00:00+00:00,CAL,California,D,Demand,27336,megawatthours
2025-06-09 11:00:00+00:00,CAL,California,D,Demand,26340,megawatthours
2025-06-09 12:00:00+00:00,CAL,California,D,Demand,25954,megawatthours
2025-06-09 13:00:00+00:00,CAL,California,D,Demand,26201,megawatthours
2025-06-09 14:00:00+00:00,CAL,California,D,Demand,27262,megawatthours
2025-06-09 15:00:00+00:00,CAL,California,D,Demand,29603,megawatthours
2025-06-09 16:00:00+00:00,CAL,California,D,Demand,33535,megawatthours
2025-06-09 17:00:00+00:00,CAL,California,D,Demand,35579,megawatthours
2025-06-09 18:00:00+00:00,CAL,California,D,Demand,35623,megawatthours
2025-06-09 19:00:00+00:00,CAL,California,D,Demand,34851,megawatthours
2025-06-09 20:00:00+00:00,CAL,California,D,Demand,33796,megawatthours
2025-06-09 21:00:00+00:00,CAL,California,D,Demand,33542,megawatthours
2025-06-09 22:00:00+00:00,CAL,California,D,Demand,34117,megawatthours
2025-06-09 23:00:00+00:00,CAL,California,D,Demand,35005,megawatthours
2025-06-10 00:00:00+00:00,CAL,California,D,Demand,35963,megawatthours
2025-06-10 01:00:00+00:00,CAL,California,D,Demand,36597,megawatthours
2025-06-10 02:00:00+00:00,CAL,California,D,Demand,37916,megawatthours
2025-06-10 03:00:00+00:00,CAL,California,D,Demand,38704,megawatthours
2025-06-10 04:00:00+00:00,CAL,California,D,Demand,38880,megawatthours
2025-06-10 05:00:00+00:00,CAL,California,D,Demand,38252,megawatthours
2025-06-10 06:00:00+00:00,CAL,California,D,Demand,36741,megawatthours
2025-06-10 07:00:00+00:00,CAL,California,D,Demand,34241,megawatthours
2025-06-10 08:00:00+00:00,CAL,California,D,Demand,32073,megawatthours
2025-06-10 09:00:00+00:00,CAL,California,D,Demand,30434,megawatthours
2025-06-10 10:00:00+00:00,CAL,California,D,Demand,28962,megawatthours
2025-06-10 11:00:00+00:00,CAL,California,D,Demand,27616,megawatthours
2025-06-10 12:00:00+00:00,CAL,California,D,Demand,27174,megawatthours
2025-06-10 13:00:00+00:00,CAL,California,D,Demand,27359,megawatthours
2025-06-10 14:00:00+00:00,CAL,California,D,Demand,28139,megawatthours
2025-06-10 15:00:00+00:00,CAL,California,D,Demand,29769,megawatthours
2025-06-10 16:00:00+00:00,CAL,California,D,Demand,32829,megawatthours
2025-06-10 17:00:00+00:00,CAL,California,D,Demand,35006,megawatthours
2025-06-10 18:00:00+00:00,CAL,California,D,Demand,35244,megawatthours
2025-06-10 19:00:00+00:00,CAL,California,D,Demand,34592,megawatthours
2025-06-10 20:00:00+00:00,CAL,California,D,Demand,34063,megawatthours
2025-06-10 21:00:00+00:00,CAL,California,D,Demand,33970,megawatthours
2025-06-10 22:00:00+00:00,CAL,California,D,Demand,34811,megawatthours
2025-06-10 23:00:00+00:00,CAL,California,D,Demand,35435,megawatthours
2025-06-11 00:00:00+00:00,CAL,California,D,Demand,36244,megawatthours
2025-06-11 01:00:00+00:00,CAL,California,D,Demand,37203,megawatthours
2025-06-11 02:00:00+00:00,CAL,California,D,Demand,38206,megawatthours
2025-06-11 03:00:00+00:00,CAL,California,D,Demand,39011,megawatthours
2025-06-11 04:00:00+00:00,CAL,California,D,Demand,39024,megawatthours
2025-06-11 05:00:00+00:00,CAL,California,D,Demand,38265,megawatthours
2025-06-11 06:00:00+00:00,CAL,California,D,Demand,36949,megawatthours
2025-06-11 07:00:00+00:00,CAL,California,D,Demand,34616,megawatthours
2025-06-11 08:00:00+00:00,CAL,California,D,Demand,32748,megawatthours
2025-06-11 09:00:00+00:00,CAL,California,D,Demand,30859,megawatthours
2025-06-11 10:00:00+00:00,CAL,California,D,Demand,29435,megawatthours
2025-06-11 11:00:00+00:00,CAL,California,D,Demand,28056,megawatthours
2025-06-11 12:00:00+00:00,CAL,California,D,Demand,27634,megawatthours
2025-06-11 13:00:00+00:00,CAL,California,D,Demand,27927,megawatthours
2025-06-11 14:00:00+00:00,CAL,California,D,Demand,28666,megawatthours
2025-06-11 15:00:00+00:00,CAL,California,D,Demand,30227,megawatthours
2025-06-11 16:00:00+00:00,CAL,California,D,Demand,33117,megawatthours
2025-06-11 17:00:00+00:00,CAL,California,D,Demand,34691,megawatthours
2025-06-11 18:00:00+00:00,CAL,California,D,Demand,35147,megawatthours
2025-06-11 19:00:00+00:00,CAL,California,D,Demand,34236,megawatthours
2025-06-11 20:00:00+00:00,CAL,California,D,Demand,33635,megawatthours
2025-06-11 21:00:00+00:00,CAL,California,D,Demand,33449,megawatthours
2025-06-11 22:00:00+00:00,CAL,California,D,Demand,33656,megawatthours
2025-06-11 23:00:00+00:00,CAL,California,D,Demand,33572,megawatthours
2025-06-12 00:00:00+00:00,CAL,California,D,Demand,34533,megawatthours
2025-06-12 01:00:00+00:00,CAL,California,D,Demand,35752,megawatthours
2025-06-12 02:00:00+00:00,CAL,California,D,Demand,36772,megawatthours
2025-06-12 03:00:00+00:00,CAL,California,D,Demand,37798,megawatthours
2025-06-12 04:00:00+00:00,CAL,California,D,Demand,38130,megawatthours
2025-06-12 05:00:00+00:00,CAL,California,D,Demand,37430,megawatthours
2025-06-12 06:00:00+00:00,CAL,California,D,Demand,36580,megawatthours
2025-06-12 07:00:00+00:00,CAL,California,D,Demand,34391,megawatthours
2025-06-12 08:00:00+00:00,CAL,California,D,Demand,32436,megawatthours
2025-06-12 09:00:00+00:00,CAL,California,D,Demand,30596,megawatthours
2025-06-12 10:00:00+00:00,CAL,California,D,Demand,29163,megawatthours
2025-06-12 11:00:00+00:00,CAL,California,D,Demand,27969,megawatthours
2025-06-12 12:00:00+00:00,CAL,California,D,Demand,27629,megawatthours
2025-06-12 13:00:00+00:00,CAL,California,D,Demand,27633,megawatthours
2025-06-12 14:00:00+00:00,CAL,California,D,Demand,28510,megawatthours
2025-06-12 15:00:00+00:00,CAL,California,D,Demand,29598,megawatthours
2025-06-12 16:00:00+00:00,CAL,California,D,Demand,32824,megawatthours
2025-06-12 17:00:00+00:00,CAL,California,D,Demand,34303,megawatthours
2025-06-12 18:00:00+00:00,CAL,California,D,Demand,34584,megawatthours
2025-06-12 19:00:00+00:00,CAL,California,D,Demand,34150,megawatthours
2025-06-12 20:00:00+00:00,CAL,California,D,Demand,33718,megawatthours
2025-06-12 21:00:00+00:00,CAL,California,D,Demand,33421,megawatthours
2025-06-12 22:00:00+00:00,CAL,California,D,Demand,33105,megawatthours
2025-06-12 23:00:00+00:00,CAL,California,D,Demand,33375,megawatthours
2025-06-13 00:00:00+00:00,CAL,California,D,Demand,34462,megawatthours
2025-06-13 01:00:00+00:00,CAL,California,D,Demand,35372,megawatthours
2025-06-13 02:00:00+00:00,CAL,California,D,Demand,36362,megawatthours
2025-06-13 03:00:00+00:00,CAL,California,D,Demand,37094,megawatthours
2025-06-13 04:00:00+00:00,CAL,California,D,Demand,37167,megawatthours
2025-06-13 05:00:00+00:00,CAL,California,D,Demand,36824,megawatthours
2025-06-13 06:00:00+00:00,CAL,California,D,Demand,35960,megawatthours
2025-06-13 07:00:00+00:00,CAL,California,D,Demand,34033,megawatthours
2025-06-13 08:00:00+00:00,CAL,California,D,Demand,31949,megawatthours
2025-06-13 09:00:00+00:00,CAL,California,D,Demand,30649,megawatthours
2025-06-13 10:00:00+00:00,CAL,California,D,Demand,29020,megawatthours
2025-06-13 11:00:00+00:00,CAL,California,D,Demand,27829,megawatthours
2025-06-13 12:00:00+00:00,CAL,California,D,Demand,27055,megawatthours
2025-06-13 13:00:00+00:00,CAL,California,D,Demand,27213,megawatthours
2025-06-13 14:00:00+00:00,CAL,California,D,Demand,27946,megawatthours
2025-06-13 15:00:00+00:00,CAL,California,D,Demand,29091,megawatthours
2025-06-13 16:00:00+00:00,CAL,California,D,Demand,31650,megawatthours
2025-06-13 17:00:00+00:00,CAL,California,D,Demand,33570,megawatthours
2025-06-13 18:00:00+00:00,CAL,California,D,Demand,33555,megawatthours
2025-06-13 19:00:00+00:00,CAL,California,D,Demand,33369,megawatthours
2025-06-13 20:00:00+00:00,CAL,California,D,Demand,34058,megawatthours
2025-06-13 21:00:00+00:00,CAL,California,D,Demand,33488,megawatthours
2025-06-13 22:00:00+00:00,CAL,California,D,Demand,33294,megawatthours
2025-06-13 23:00:00+00:00,CAL,California,D,Demand,33357,megawatthours
2025-06-14 00:00:00+00:00,CAL,California,D,Demand,34269,megawatthours
2025-06-14 01:00:00+00:00,CAL,California,D,Demand,35649,megawatthours
2025-06-14 02:00:00+00:00,CAL,California,D,Demand,36228,megawatthours
2025-06-14 03:00:00+00:00,CAL,California,D,Demand,36835,megawatthours
2025-06-14 04:00:00+00:00,CAL,California,D,Demand,36897,megawatthours
2025-06-14 05:00:00+00:00,CAL,California,D,Demand,36303,megawatthours
2025-06-14 06:00:00+00:00,CAL,California,D,Demand,35646,megawatthours
2025-06-14 07:00:00+00:00,CAL,California,D,Demand,34040,megawatthours
2025-06-14 08:00:00+00:00,CAL,California,D,Demand,31994,megawatthours
2025-06-14 09:00:00+00:00,CAL,California,D,Demand,30463,megawatthours
2025-06-14 10:00:00+00:00,CAL,California,D,Demand,28828,megawatthours
2025-06-14 11:00:00+00:00,CAL,California,D,Demand,27489,megawatthours
2025-06-14 12:00:00+00:00,CAL,California,D,Demand,26640,megawatthours
2025-06-14 13:00:00+00:00,CAL,California,D,Demand,26349,megawatthours
2025-06-14 14:00:00+00:00,CAL,California,D,Demand,26375,megawatthours
2025-06-14 15:00:00+00:00,CAL,California,D,Demand,26923,megawatthours
2025-06-14 16:00:00+00:00,CAL,California,D,Demand,29282,megawatthours
2025-06-14 17:00:00+00:00,CAL,California,D,Demand,31151,megawatthours
2025-06-14 18:00:00+00:00,CAL,California,D,Demand,30569,megawatthours
2025-06-14 19:00:00+00:00,CAL,California,D,Demand,29908,megawatthours
2025-06-14 20:00:00+00:00,CAL,California,D,Demand,29193,megawatthours
2025-06-14 21:00:00+00:00,CAL,California,D,Demand,28796,megawatthours
2025-06-14 22:00:00+00:00,CAL,California,D,Demand,29475,megawatthours
2025-06-14 23:00:00+00:00,CAL,California,D,Demand,30552,megawatthours
2025-06-15 00:00:00+00:00,CAL,California,D,Demand,32479,megawatthours
2025-06-15 01:00:00+00:00,CAL,California,D,Demand,33410,megawatthours
2025-06-15 02:00:00+00:00,CAL,California,D,Demand,34975,megawatthours
2025-06-15 03:00:00+00:00,CAL,California,D,Demand,36398,megawatthours
2025-06-15 04:00:00+00:00,CAL,California,D,Demand,36790,megawatthours
2025-06-15 05:00:00+00:00,CAL,California,D,Demand,36436,megawatthours
2025-06-15 06:00:00+00:00,CAL,California,D,Demand,35632,megawatthours
2025-06-15 07:00:00+00:00,CAL,California,D,Demand,33271,megawatthours
2025-06-15 08:00:00+00:00,CAL,California,D,Demand,30967,megawatthours
2025-06-15 09:00:00+00:00,CAL,California,D,Demand,29591,megawatthours
2025-06-15 10:00:00+00:00,CAL,California,D,Demand,27991,megawatthours
2025-06-15 11:00:00+00:00,CAL,California,D,Demand,26830,megawatthours
2025-06-15 12:00:00+00:00,CAL,California,D,Demand,26109,megawatthours
2025-06-15 13:00:00+00:00,CAL,California,D,Demand,25606,megawatthours
2025-06-15 14:00:00+00:00,CAL,California,D,Demand,25380,megawatthours
2025-06-15 15:00:00+00:00,CAL,California,D,Demand,25838,megawatthours
2025-06-15 16:00:00+00:00,CAL,California,D,Demand,28161,megawatthours
2025-06-15 17:00:00+00:00,CAL,California,D,Demand,28687,megawatthours
2025-06-15 18:00:00+00:00,CAL,California,D,Demand,28935,megawatthours
2025-06-15 19:00:00+00:00,CAL,California,D,Demand,29235,megawatthours
2025-06-15 20:00:00+00:00,CAL,California,D,Demand,29230,megawatthours
2025-06-15 21:00:00+00:00,CAL,California,D,Demand,30174,megawatthours
2025-06-15 22:00:00+00:00,CAL,California,D,Demand,30873,megawatthours
2025-06-15 23:00:00+00:00,CAL,California,D,Demand,32113,megawatthours
2025-06-16 00:00:00+00:00,CAL,California,D,Demand,34289,megawatthours
2025-06-16 01:00:00+00:00,CAL,California,D,Demand,36432,megawatthours
2025-06-16 02:00:00+00:00,CAL,California,D,Demand,38265,megawatthours
2025-06-16 03:00:00+00:00,CAL,California,D,Demand,39726,megawatthours
2025-06-16 04:00:00+00:00,CAL,California,D,Demand,39882,megawatthours
2025-06-16 05:00:00+00:00,CAL,California,D,Demand,38686,megawatthours
2025-06-16 06:00:00+00:00,CAL,California,D,Demand,37276,megawatthours
2025-06-16 07:00:00+00:00,CAL,California,D,Demand,34582,megawatthours
2025-06-16 08:00:00+00:00,CAL,California,D,Demand,31787,megawatthours
2025-06-16 09:00:00+00:00,CAL,California,D,Demand,30065,megawatthours
2025-06-16 10:00:00+00:00,CAL,California,D,Demand,28487,megawatthours
2025-06-16 11:00:00+00:00,CAL,California,D,Demand,27421,megawatthours
2025-06-16 12:00:00+00:00,CAL,California,D,Demand,26575,megawatthours
2025-06-16 13:00:00+00:00,CAL,California,D,Demand,26762,megawatthours
2025-06-16 14:00:00+00:00,CAL,California,D,Demand,27738,megawatthours
2025-06-16 15:00:00+00:00,CAL,California,D,Demand,29390,megawatthours
2025-06-16 16:00:00+00:00,CAL,California,D,Demand,32598,megawatthours
2025-06-16 17:00:00+00:00,CAL,California,D,Demand,34318,megawatthours
2025-06-16 18:00:00+00:00,CAL,California,D,Demand,35338,megawatthours
2025-06-16 19:00:00+00:00,CAL,California,D,Demand,35735,megawatthours
2025-06-16 20:00:00+00:00,CAL,California,D,Demand,35655,megawatthours
2025-06-16 21:00:00+00:00,CAL,California,D,Demand,35823,megawatthours
2025-06-16 22:00:00+00:00,CAL,California,D,Demand,36431,megawatthours
2025-06-16 23:00:00+00:00,CAL,California,D,Demand,37787,megawatthours
2025-06-17 00:00:00+00:00,CAL,California,D,Demand,39054,megawatthours
2025-06-17 01:00:00+00:00,CAL,California,D,Demand,40736,megawatthours
2025-06-17 02:00:00+00:00,CAL,California,D,Demand,41976,megawatthours
2025-06-17 03:00:00+00:00,CAL,California,D,Demand,42954,megawatthours
2025-06-17 04:00:00+00:00,CAL,California,D,Demand,42548,megawatthours
2025-06-17 05:00:00+00:00,CAL,California,D,Demand,41188,megawatthours
2025-06-17 06:00:00+00:00,CAL,California,D,Demand,39616,megawatthours
2025-06-17 07:00:00+00:00,CAL,California,D,Demand,36842,megawatthours
2025-06-17 08:00:00+00:00,CAL,California,D,Demand,34021,megawatthours
2025-06-17 09:00:00+00:00,CAL,California,D,Demand,31986,megawatthours
2025-06-17 10:00:00+00:00,CAL,California,D,Demand,30357,megawatthours
2025-06-17 11:00:00+00:00,CAL,California,D,Demand,28965,megawatthours
2025-06-17 12:00:00+00:00,CAL,California,D,Demand,28319,megawatthours
2025-06-17 13:00:00+00:00,CAL,California,D,Demand,28304,megawatthours
2025-06-17 14:00:00+00:00,CAL,California,D,Demand,28981,megawatthours
2025-06-17 15:00:00+00:00,CAL,California,D,Demand,30507,megawatthours
2025-06-17 16:00:00+00:00,CAL,California,D,Demand,34411,megawatthours
2025-06-17 17:00:00+00:00,CAL,California,D,Demand,36909,megawatthours
2025-06-17 18:00:00+00:00,CAL,California,D,Demand,37102,megawatthours
2025-06-17 19:00:00+00:00,CAL,California,D,Demand,36612,megawatthours
2025-06-17 20:00:00+00:00,CAL,California,D,Demand,36159,megawatthours
2025-06-17 21:00:00+00:00,CAL,California,D,Demand,36232,megawatthours
2025-06-17 22:00:00+00:00,CAL,California,D,Demand,37462,megawatthours
2025-06-17 23:00:00+00:00,CAL,California,D,Demand,39038,megawatthours
2025-06-18 00:00:00+00:00,CAL,California,D,Demand,40758,megawatthours
2025-06-18 01:00:00+00:00,CAL,California,D,Demand,41834,megawatthours
2025-06-18 02:00:00+00:00,CAL,California,D,Demand,43268,megawatthours
2025-06-18 03:00:00+00:00,CAL,California,D,Demand,43417,megawatthours
2025-06-18 04:00:00+00:00,CAL,California,D,Demand,42700,megawatthours
2025-06-18 05:00:00+00:00,CAL,California,D,Demand,41462,megawatthours
2025-06-18 06:00:00+00:00,CAL,California,D,Demand,40062,megawatthours
2025-06-18 07:00:00+00:00,CAL,California,D,Demand,37453,megawatthours
2025-06-18 08:00:00+00:00,CAL,California,D,Demand,34481,megawatthours
2025-06-18 09:00:00+00:00,CAL,California,D,Demand,32321,megawatthours
2025-06-18 10:00:00+00:00,CAL,California,D,Demand,30528,megawatthours
2025-06-18 11:00:00+00:00,CAL,California,D,Demand,29525,megawatthours
2025-06-18 12:00:00+00:00,CAL,California,D,Demand,28909,megawatthours
2025-06-18 13:00:00+00:00,CAL,California,D,Demand,28841,megawatthours
2025-06-18 14:00:00+00:00,CAL,California,D,Demand,29321,megawatthours
2025-06-18 15:00:00+00:00,CAL,California,D,Demand,31223,megawatthours
2025-06-18 16:00:00+00:00,CAL,California,D,Demand,35061,megawatthours
2025-06-18 17:00:00+00:00,CAL,California,D,Demand,36952,megawatthours
2025-06-18 18:00:00+00:00,CAL,California,D,Demand,36862,megawatthours
2025-06-18 19:00:00+00:00,CAL,California,D,Demand,36762,megawatthours
2025-06-18 20:00:00+00:00,CAL,California,D,Demand,36903,megawatthours
2025-06-18 21:00:00+00:00,CAL,California,D,Demand,37905,megawatthours
2025-06-18 22:00:00+00:00,CAL,California,D,Demand,38842,megawatthours
2025-06-18 23:00:00+00:00,CAL,California,D,Demand,39900,megawatthours
2025-06-19 00:00:00+00:00,CAL,California,D,Demand,41884,megawatthours
2025-06-19 01:00:00+00:00,CAL,California,D,Demand,43770,megawatthours
2025-06-19 02:00:00+00:00,CAL,California,D,Demand,45138,megawatthours
2025-06-19 03:00:00+00:00,CAL,California,D,Demand,45371,megawatthours
2025-06-19 04:00:00+00:00,CAL,California,D,Demand,44873,megawatthours
2025-06-19 05:00:00+00:00,CAL,California,D,Demand,43314,megawatthours
2025-06-19 06:00:00+00:00,CAL,California,D,Demand,41542,megawatthours
2025-06-19 07:00:00+00:00,CAL,California,D,Demand,38704,megawatthours
2025-06-19 08:00:00+00:00,CAL,California,D,Demand,35602,megawatthours
2025-06-19 09:00:00+00:00,CAL,California,D,Demand,33106,megawatthours
2025-06-19 10:00:00+00:00,CAL,California,D,Demand,31305,megawatthours
2025-06-19 11:00:00+00:00,CAL,California,D,Demand,29586,megawatthours
2025-06-19 12:00:00+00:00,CAL,California,D,Demand,28470,megawatthours
2025-06-19 13:00:00+00:00,CAL,California,D,Demand,28345,megawatthours
2025-06-19 14:00:00+00:00,CAL,California,D,Demand,28768,megawatthours
2025-06-19 15:00:00+00:00,CAL,California,D,Demand,30059,megawatthours
2025-06-19 16:00:00+00:00,CAL,California,D,Demand,33655,megawatthours
2025-06-19 17:00:00+00:00,CAL,California,D,Demand,35330,megawatthours
2025-06-19 18:00:00+00:00,CAL,California,D,Demand,34987,megawatthours
2025-06-19 19:00:00+00:00,CAL,California,D,Demand,34641,megawatthours
2025-06-19 20:00:00+00:00,CAL,California,D,Demand,34764,megawatthours
2025-06-19 21:00:00+00:00,CAL,California,D,Demand,34743,megawatthours
2025-06-19 22:00:00+00:00,CAL,California,D,Demand,35418,megawatthours
2025-06-19 23:00:00+00:00,CAL,California,D,Demand,35982,megawatthours
2025-06-20 00:00:00+00:00,CAL,California,D,Demand,34481,megawatthours
2025-06-20 01:00:00+00:00,CAL,California,D,Demand,37530,megawatthours
2025-06-20 02:00:00+00:00,CAL,California,D,Demand,38480,megawatthours
2025-06-20 03:00:00+00:00,CAL,California,D,Demand,39316,megawatthours
2025-06-20 04:00:00+00:00,CAL,California,D,Demand,38567,megawatthours
2025-06-20 05:00:00+00:00,CAL,California,D,Demand,37894,megawatthours
2025-06-20 06:00:00+00:00,CAL,California,D,Demand,36678,megawatthours
2025-06-20 07:00:00+00:00,CAL,California,D,Demand,34498,megawatthours
2025-06-20 08:00:00+00:00,CAL,California,D,Demand,32506,megawatthours
2025-06-20 09:00:00+00:00,CAL,California,D,Demand,30748,megawatthours
2025-06-20 10:00:00+00:00,CAL,California,D,Demand,29385,megawatthours
2025-06-20 11:00:00+00:00,CAL,California,D,Demand,28013,megawatthours
2025-06-20 12:00:00+00:00,CAL,California,D,Demand,27208,megawatthours
2025-06-20 13:00:00+00:00,CAL,California,D,Demand,27241,megawatthours
2025-06-20 14:00:00+00:00,CAL,California,D,Demand,28108,megawatthours
2025-06-20 15:00:00+00:00,CAL,California,D,Demand,29528,megawatthours
2025-06-20 16:00:00+00:00,CAL,California,D,Demand,32524,megawatthours
2025-06-20 17:00:00+00:00,CAL,California,D,Demand,35192,megawatthours
2025-06-20 18:00:00+00:00,CAL,California,D,Demand,35008,megawatthours
2025-06-20 19:00:00+00:00,CAL,California,D,Demand,34009,megawatthours
2025-06-20 20:00:00+00:00,CAL,California,D,Demand,33394,megawatthours
2025-06-20 21:00:00+00:00,CAL,California,D,Demand,31793,megawatthours
2025-06-20 22:00:00+00:00,CAL,California,D,Demand,31613,megawatthours
2025-06-20 23:00:00+00:00,CAL,California,D,Demand,31215,megawatthours
2025-06-21 00:00:00+00:00,CAL,California,D,Demand,31758,megawatthours
2025-06-21 01:00:00+00:00,CAL,California,D,Demand,32984,megawatthours
2025-06-21 02:00:00+00:00,CAL,California,D,Demand,34533,megawatthours
2025-06-21 03:00:00+00:00,CAL,California,D,Demand,35220,megawatthours
2025-06-21 04:00:00+00:00,CAL,California,D,Demand,35224,megawatthours
2025-06-21 05:00:00+00:00,CAL,California,D,Demand,35088,megawatthours
2025-06-21 06:00:00+00:00,CAL,California,D,Demand,34494,megawatthours
2025-06-21 07:00:00+00:00,CAL,California,D,Demand,32811,megawatthours
2025-06-21 08:00:00+00:00,CAL,California,D,Demand,31313,megawatthours
2025-06-21 09:00:00+00:00,CAL,California,D,Demand,29719,megawatthours
2025-06-21 10:00:00+00:00,CAL,California,D,Demand,28419,megawatthours
2025-06-21 11:00:00+00:00,CAL,California,D,Demand,26956,megawatthours
2025-06-21 12:00:00+00:00,CAL,California,D,Demand,26402,megawatthours
2025-06-21 13:00:00+00:00,CAL,California,D,Demand,26294,megawatthours
2025-06-21 14:00:00+00:00,CAL,California,D,Demand,26539,megawatthours
2025-06-21 15:00:00+00:00,CAL,California,D,Demand,27212,megawatthours
2025-06-21 16:00:00+00:00,CAL,California,D,Demand,29392,megawatthours
2025-06-21 17:00:00+00:00,CAL,California,D,Demand,29885,megawatthours
2025-06-21 18:00:00+00:00,CAL,California,D,Demand,29566,megawatthours
2025-06-21 19:00:00+00:00,CAL,California,D,Demand,28769,megawatthours
2025-06-21 20:00:00+00:00,CAL,California,D,Demand,28946,megawatthours
2025-06-21 21:00:00+00:00,CAL,California,D,Demand,28222,megawatthours
2025-06-21 22:00:00+00:00,CAL,California,D,Demand,27106,megawatthours
2025-06-21 23:00:00+00:00,CAL,California,D,Demand,26297,megawatthours
2025-06-22 00:00:00+00:00,CAL,California,D,Demand,26875,megawatthours
2025-06-22 01:00:00+00:00,CAL,California,D,Demand,27605,megawatthours
2025-06-22 02:00:00+00:00,CAL,California,D,Demand,29450,megawatthours
2025-06-22 03:00:00+00:00,CAL,California,D,Demand,31017,megawatthours
2025-06-22 04:00:00+00:00,CAL,California,D,Demand,31623,megawatthours
2025-06-22 05:00:00+00:00,CAL,California,D,Demand,32154,megawatthours
2025-06-22 06:00:00+00:00,CAL,California,D,Demand,31789,megawatthours
2025-06-22 07:00:00+00:00,CAL,California,D,Demand,30757,megawatthours
2025-06-22 08:00:00+00:00,CAL,California,D,Demand,28964,megawatthours
2025-06-22 09:00:00+00:00,CAL,California,D,Demand,27991,megawatthours
2025-06-22 10:00:00+00:00,CAL,California,D,Demand,26905,megawatthours
2025-06-22 11:00:00+00:00,CAL,California,D,Demand,25762,megawatthours
2025-06-22 12:00:00+00:00,CAL,California,D,Demand,25067,megawatthours
2025-06-22 13:00:00+00:00,CAL,California,D,Demand,24727,megawatthours
2025-06-22 14:00:00+00:00,CAL,California,D,Demand,24505,megawatthours
2025-06-22 15:00:00+00:00,CAL,California,D,Demand,24507,megawatthours
2025-06-22 16:00:00+00:00,CAL,California,D,Demand,26724,megawatthours
2025-06-22 17:00:00+00:00,CAL,California,D,Demand,28318,megawatthours
2025-06-22 18:00:00+00:00,CAL,California,D,Demand,28432,megawatthours
2025-06-22 19:00:00+00:00,CAL,California,D,Demand,27489,megawatthours
2025-06-22 20:00:00+00:00,CAL,California,D,Demand,27112,megawatthours
2025-06-22 21:00:00+00:00,CAL,California,D,Demand,27157,megawatthours
2025-06-22 22:00:00+00:00,CAL,California,D,Demand,26739,megawatthours
2025-06-22 23:00:00+00:00,CAL,California,D,Demand,26798,megawatthours
2025-06-23 00:00:00+00:00,CAL,California,D,Demand,27499,megawatthours
2025-06-23 01:00:00+00:00,CAL,California,D,Demand,29344,megawatthours
2025-06-23 02:00:00+00:00,CAL,California,D,Demand,32052,megawatthours
2025-06-23 03:00:00+00:00,CAL,California,D,Demand,33497,megawatthours
2025-06-23 04:00:00+00:00,CAL,California,D,Demand,34114,megawatthours
2025-06-23 05:00:00+00:00,CAL,California,D,Demand,34200,megawatthours
2025-06-23 06:00:00+00:00,CAL,California,D,Demand,33708,megawatthours
2025-06-23 07:00:00+00:00,CAL,California,D,Demand,31578,megawatthours
2025-06-23 08:00:00+00:00,CAL,California,D,Demand,29519,megawatthours
2025-06-23 09:00:00+00:00,CAL,California,D,Demand,28106,megawatthours
2025-06-23 10:00:00+00:00,CAL,California,D,Demand,26922,megawatthours
2025-06-23 11:00:00+00:00,CAL,California,D,Demand,25929,megawatthours
2025-06-23 12:00:00+00:00,CAL,California,D,Demand,25712,megawatthours
2025-06-23 13:00:00+00:00,CAL,California,D,Demand,26198,megawatthours
2025-06-23 14:00:00+00:00,CAL,California,D,Demand,27423,megawatthours
2025-06-23 15:00:00+00:00,CAL,California,D,Demand,28513,megawatthours
2025-06-23 16:00:00+00:00,CAL,California,D,Demand,30598,megawatthours
2025-06-23 17:00:00+00:00,CAL,California,D,Demand,32843,megawatthours
2025-06-23 18:00:00+00:00,CAL,California,D,Demand,33811,megawatthours
2025-06-23 19:00:00+00:00,CAL,California,D,Demand,33802,megawatthours
2025-06-23 20:00:00+00:00,CAL,California,D,Demand,34459,megawatthours
2025-06-23 21:00:00+00:00,CAL,California,D,Demand,33602,megawatthours
2025-06-23 22:00:00+00:00,CAL,California,D,Demand,34024,megawatthours
2025-06-23 23:00:00+00:00,CAL,California,D,Demand,34164,megawatthours
2025-06-24 00:00:00+00:00,CAL,California,D,Demand,35044,megawatthours
2025-06-24 01:00:00+00:00,CAL,California,D,Demand,35649,megawatthours
2025-06-24 02:00:00+00:00,CAL,California,D,Demand,36899,megawatthours
2025-06-24 03:00:00+00:00,CAL,California,D,Demand,37405,megawatthours
2025-06-24 04:00:00+00:00,CAL,California,D,Demand,37444,megawatthours
2025-06-24 05:00:00+00:00,CAL,California,D,Demand,36995,megawatthours
2025-06-24 06:00:00+00:00,CAL,California,D,Demand,35805,megawatthours
2025-06-24 07:00:00+00:00,CAL,California,D,Demand,33448,megawatthours
2025-06-24 08:00:00+00:00,CAL,California,D,Demand,31292,megawatthours
2025-06-24 09:00:00+00:00,CAL,California,D,Demand,29579,megawatthours
2025-06-24 10:00:00+00:00,CAL,California,D,Demand,28379,megawatthours
2025-06-24 11:00:00+00:00,CAL,California,D,Demand,27281,megawatthours
2025-06-24 12:00:00+00:00,CAL,California,D,Demand,26623,megawatthours
2025-06-24 13:00:00+00:00,CAL,California,D,Demand,26891,megawatthours
2025-06-24 14:00:00+00:00,CAL,California,D,Demand,27996,megawatthours
2025-06-24 15:00:00+00:00,CAL,California,D,Demand,29119,megawatthours
2025-06-24 16:00:00+00:00,CAL,California,D,Demand,31322,megawatthours
2025-06-24 17:00:00+00:00,CAL,California,D,Demand,34271,megawatthours
2025-06-24 18:00:00+00:00,CAL,California,D,Demand,34333,megawatthours
2025-06-24 19:00:00+00:00,CAL,California,D,Demand,34475,megawatthours
2025-06-24 20:00:00+00:00,CAL,California,D,Demand,34044,megawatthours
2025-06-24 21:00:00+00:00,CAL,California,D,Demand,33203,megawatthours
2025-06-24 22:00:00+00:00,CAL,California,D,Demand,33340,megawatthours
2025-06-24 23:00:00+00:00,CAL,California,D,Demand,33183,megawatthours
2025-06-25 00:00:00+00:00,CAL,California,D,Demand,33290,megawatthours
2025-06-25 01:00:00+00:00,CAL,California,D,Demand,34182,megawatthours
2025-06-25 02:00:00+00:00,CAL,California,D,Demand,35329,megawatthours
2025-06-25 03:00:00+00:00,CAL,California,D,Demand,36473,megawatthours
2025-06-25 04:00:00+00:00,CAL,California,D,Demand,36279,megawatthours
2025-06-25 05:00:00+00:00,CAL,California,D,Demand,36035,megawatthours
2025-06-25 06:00:00+00:00,CAL,California,D,Demand,35608,megawatthours
2025-06-25 07:00:00+00:00,CAL,California,D,Demand,33572,megawatthours
2025-06-25 08:00:00+00:00,CAL,California,D,Demand,31376,megawatthours
2025-06-25 09:00:00+00:00,CAL,California,D,Demand,29883,megawatthours
2025-06-25 10:00:00+00:00,CAL,California,D,Demand,28733,megawatthours
2025-06-25 11:00:00+00:00,CAL,California,D,Demand,27529,megawatthours
2025-06-25 12:00:00+00:00,CAL,California,D,Demand,27028,megawatthours
2025-06-25 13:00:00+00:00,CAL,California,D,Demand,27103,megawatthours
2025-06-25 14:00:00+00:00,CAL,California,D,Demand,27912,megawatthours
2025-06-25 15:00:00+00:00,CAL,California,D,Demand,29366,megawatthours
2025-06-25 16:00:00+00:00,CAL,California,D,Demand,31945,megawatthours
2025-06-25 17:00:00+00:00,CAL,California,D,Demand,34617,megawatthours
2025-06-25 18:00:00+00:00,CAL,California,D,Demand,35225,megawatthours
2025-06-25 19:00:00+00:00,CAL,California,D,Demand,34509,megawatthours
2025-06-25 20:00:00+00:00,CAL,California,D,Demand,34701,megawatthours
2025-06-25 21:00:00+00:00,CAL,California,D,Demand,33814,megawatthours
2025-06-25 22:00:00+00:00,CAL,California,D,Demand,33618,megawatthours
2025-06-25 23:00:00+00:00,CAL,California,D,Demand,33761,megawatthours
2025-06-26 00:00:00+00:00,CAL,California,D,Demand,35288,megawatthours
2025-06-26 01:00:00+00:00,CAL,California,D,Demand,37075,megawatthours
2025-06-26 02:00:00+00:00,CAL,California,D,Demand,38392,megawatthours
2025-06-26 03:00:00+00:00,CAL,California,D,Demand,39049,megawatthours
2025-06-26 04:00:00+00:00,CAL,California,D,Demand,39262,megawatthours
2025-06-26 05:00:00+00:00,CAL,California,D,Demand,38595,megawatthours
2025-06-26 06:00:00+00:00,CAL,California,D,Demand,37347,megawatthours
2025-06-26 07:00:00+00:00,CAL,California,D,Demand,35055,megawatthours
2025-06-26 08:00:00+00:00,CAL,California,D,Demand,32688,megawatthours
2025-06-26 09:00:00+00:00,CAL,California,D,Demand,31093,megawatthours
2025-06-26 10:00:00+00:00,CAL,California,D,Demand,29603,megawatthours
2025-06-26 11:00:00+00:00,CAL,California,D,Demand,28300,megawatthours
2025-06-26 12:00:00+00:00,CAL,California,D,Demand,27601,megawatthours
2025-06-26 13:00:00+00:00,CAL,California,D,Demand,27686,megawatthours
2025-06-26 14:00:00+00:00,CAL,California,D,Demand,28481,megawatthours
2025-06-26 15:00:00+00:00,CAL,California,D,Demand,29840,megawatthours
2025-06-26 16:00:00+00:00,CAL,California,D,Demand,33460,megawatthours
2025-06-26 17:00:00+00:00,CAL,California,D,Demand,34869,megawatthours
2025-06-26 18:00:00+00:00,CAL,California,D,Demand,35440,megawatthours
2025-06-26 19:00:00+00:00,CAL,California,D,Demand,34819,megawatthours
2025-06-26 20:00:00+00:00,CAL,California,D,Demand,35084,megawatthours
2025-06-26 21:00:00+00:00,CAL,California,D,Demand,34647,megawatthours
2025-06-26 22:00:00+00:00,CAL,California,D,Demand,35698,megawatthours
2025-06-26 23:00:00+00:00,CAL,California,D,Demand,36050,megawatthours
2025-06-27 00:00:00+00:00,CAL,California,D,Demand,37152,megawatthours
2025-06-27 01:00:00+00:00,CAL,California,D,Demand,38385,megawatthours
2025-06-27 02:00:00+00:00,CAL,California,D,Demand,39474,megawatthours
2025-06-27 03:00:00+00:00,CAL,California,D,Demand,40424,megawatthours
2025-06-27 04:00:00+00:00,CAL,California,D,Demand,40361,megawatthours
2025-06-27 05:00:00+00:00,CAL,California,D,Demand,39435,megawatthours
2025-06-27 06:00:00+00:00,CAL,California,D,Demand,38225,megawatthours
2025-06-27 07:00:00+00:00,CAL,California,D,Demand,35812,megawatthours
2025-06-27 08:00:00+00:00,CAL,California,D,Demand,33132,megawatthours
2025-06-27 09:00:00+00:00,CAL,California,D,Demand,31347,megawatthours
2025-06-27 10:00:00+00:00,CAL,California,D,Demand,29789,megawatthours
2025-06-27 11:00:00+00:00,CAL,California,D,Demand,28482,megawatthours
2025-06-27 12:00:00+00:00,CAL,California,D,Demand,27792,megawatthours
2025-06-27 13:00:00+00:00,CAL,California,D,Demand,27837,megawatthours
2025-06-27 14:00:00+00:00,CAL,California,D,Demand,28599,megawatthours
2025-06-27 15:00:00+00:00,CAL,California,D,Demand,29744,megawatthours
2025-06-27 16:00:00+00:00,CAL,California,D,Demand,32695,megawatthours
2025-06-27 17:00:00+00:00,CAL,California,D,Demand,35662,megawatthours
2025-06-27 18:00:00+00:00,CAL,California,D,Demand,36612,megawatthours
2025-06-27 19:00:00+00:00,CAL,California,D,Demand,36644,megawatthours
2025-06-27 20:00:00+00:00,CAL,California,D,Demand,37061,megawatthours
2025-06-27 21:00:00+00:00,CAL,California,D,Demand,37284,megawatthours
2025-06-27 22:00:00+00:00,CAL,California,D,Demand,37497,megawatthours
2025-06-27 23:00:00+00:00,CAL,California,D,Demand,38293,megawatthours
2025-06-28 00:00:00+00:00,CAL,California,D,Demand,40057,megawatthours
2025-06-28 01:00:00+00:00,CAL,California,D,Demand,41055,megawatthours
2025-06-28 02:00:00+00:00,CAL,California,D,Demand,42165,megawatthours
2025-06-28 03:00:00+00:00,CAL,California,D,Demand,43273,megawatthours
2025-06-28 04:00:00+00:00,CAL,California,D,Demand,42724,megawatthours
2025-06-28 05:00:00+00:00,CAL,California,D,Demand,41473,megawatthours
2025-06-28 06:00:00+00:00,CAL,California,D,Demand,39838,megawatthours
2025-06-28 07:00:00+00:00,CAL,California,D,Demand,37050,megawatthours
2025-06-28 08:00:00+00:00,CAL,California,D,Demand,34339,megawatthours
2025-06-28 09:00:00+00:00,CAL,California,D,Demand,32414,megawatthours
2025-06-28 10:00:00+00:00,CAL,California,D,Demand,30421,megawatthours
2025-06-28 11:00:00+00:00,CAL,California,D,Demand,28969,megawatthours
2025-06-28 12:00:00+00:00,CAL,California,D,Demand,27925,megawatthours
2025-06-28 13:00:00+00:00,CAL,California,D,Demand,27439,megawatthours
2025-06-28 14:00:00+00:00,CAL,California,D,Demand,27365,megawatthours
2025-06-28 15:00:00+00:00,CAL,California,D,Demand,28602,megawatthours
2025-06-28 16:00:00+00:00,CAL,California,D,Demand,31342,megawatthours
2025-06-28 17:00:00+00:00,CAL,California,D,Demand,33295,megawatthours
2025-06-28 18:00:00+00:00,CAL,California,D,Demand,33970,megawatthours
2025-06-28 19:00:00+00:00,CAL,California,D,Demand,34134,megawatthours
2025-06-28 20:00:00+00:00,CAL,California,D,Demand,35153,megawatthours
2025-06-28 21:00:00+00:00,CAL,California,D,Demand,35041,megawatthours
2025-06-28 22:00:00+00:00,CAL,California,D,Demand,35905,megawatthours
2025-06-28 23:00:00+00:00,CAL,California,D,Demand,37160,megawatthours
2025-06-29 00:00:00+00:00,CAL,California,D,Demand,39194,megawatthours
2025-06-29 01:00:00+00:00,CAL,California,D,Demand,40805,megawatthours
2025-06-29 02:00:00+00:00,CAL,California,D,Demand,42264,megawatthours
2025-06-29 03:00:00+00:00,CAL,California,D,Demand,42978,megawatthours
2025-06-29 04:00:00+00:00,CAL,California,D,Demand,42708,megawatthours
2025-06-29 05:00:00+00:00,CAL,California,D,Demand,41261,megawatthours
2025-06-29 06:00:00+00:00,CAL,California,D,Demand,39357,megawatthours
2025-06-29 07:00:00+00:00,CAL,California,D,Demand,36661,megawatthours
2025-06-29 08:00:00+00:00,CAL,California,D,Demand,33936,megawatthours
2025-06-29 09:00:00+00:00,CAL,California,D,Demand,31865,megawatthours
2025-06-29 10:00:00+00:00,CAL,California,D,Demand,29880,megawatthours
2025-06-29 11:00:00+00:00,CAL,California,D,Demand,28465,megawatthours
2025-06-29 12:00:00+00:00,CAL,California,D,Demand,27522,megawatthours
2025-06-29 13:00:00+00:00,CAL,California,D,Demand,26784,megawatthours
2025-06-29 14:00:00+00:00,CAL,California,D,Demand,26479,megawatthours
2025-06-29 15:00:00+00:00,CAL,California,D,Demand,27230,megawatthours
2025-06-29 16:00:00+00:00,CAL,California,D,Demand,30253,megawatthours
2025-06-29 17:00:00+00:00,CAL,California,D,Demand,32417,megawatthours
2025-06-29 18:00:00+00:00,CAL,California,D,Demand,32970,megawatthours
2025-06-29 19:00:00+00:00,CAL,California,D,Demand,33139,megawatthours
2025-06-29 20:00:00+00:00,CAL,California,D,Demand,33591,megawatthours
2025-06-29 21:00:00+00:00,CAL,California,D,Demand,33957,megawatthours
2025-06-29 22:00:00+00:00,CAL,California,D,Demand,34640,megawatthours
2025-06-29 23:00:00+00:00,CAL,California,D,Demand,36296,megawatthours
2025-06-30 00:00:00+00:00,CAL,California,D,Demand,37136,megawatthours
2025-06-30 01:00:00+00:00,CAL,California,D,Demand,39064,megawatthours
2025-06-30 02:00:00+00:00,CAL,California,D,Demand,41613,megawatthours
2025-06-30 03:00:00+00:00,CAL,California,D,Demand,42588,megawatthours
2025-06-30 04:00:00+00:00,CAL,California,D,Demand,42065,megawatthours
2025-06-30 05:00:00+00:00,CAL,California,D,Demand,40668,megawatthours
2025-06-30 06:00:00+00:00,CAL,California,D,Demand,39127,megawatthours
2025-06-30 07:00:00+00:00,CAL,California,D,Demand,36533,megawatthours
2025-06-30 08:00:00+00:00,CAL,California,D,Demand,33495,megawatthours
2025-06-30 09:00:00+00:00,CAL,California,D,Demand,31618,megawatthours
2025-06-30 10:00:00+00:00,CAL,California,D,Demand,30355,megawatthours
2025-06-30 11:00:00+00:00,CAL,California,D,Demand,29067,megawatthours
2025-06-30 12:00:00+00:00,CAL,California,D,Demand,28066,megawatthours
2025-06-30 13:00:00+00:00,CAL,California,D,Demand,27961,megawatthours
2025-06-30 14:00:00+00:00,CAL,California,D,Demand,28788,megawatthours
2025-06-30 15:00:00+00:00,CAL,California,D,Demand,30626,megawatthours
2025-06-30 16:00:00+00:00,CAL,California,D,Demand,34010,megawatthours
2025-06-30 17:00:00+00:00,CAL,California,D,Demand,36339,megawatthours
2025-06-30 18:00:00+00:00,CAL,California,D,Demand,37007,megawatthours
2025-06-30 19:00:00+00:00,CAL,California,D,Demand,37468,megawatthours
2025-06-30 20:00:00+00:00,CAL,California,D,Demand,37435,megawatthours
2025-06-30 21:00:00+00:00,CAL,California,D,Demand,37926,megawatthours
2025-06-30 22:00:00+00:00,CAL,California,D,Demand,38357,megawatthours
2025-06-30 23:00:00+00:00,CAL,California,D,Demand,39187,megawatthours
2025-07-01 00:00:00+00:00,CAL,California,D,Demand,40826,megawatthours
2025-07-01 01:00:00+00:00,CAL,California,D,Demand,42692,megawatthours
2025-07-01 02:00:00+00:00,CAL,California,D,Demand,43978,megawatthours
2025-07-01 03:00:00+00:00,CAL,California,D,Demand,44656,megawatthours
2025-07-01 04:00:00+00:00,CAL,California,D,Demand,44073,megawatthours
2025-07-01 05:00:00+00:00,CAL,California,D,Demand,42539,megawatthours
2025-07-01 06:00:00+00:00,CAL,California,D,Demand,40531,megawatthours
2025-07-01 07:00:00+00:00,CAL,California,D,Demand,37740,megawatthours
2025-07-01 08:00:00+00:00,CAL,California,D,Demand,34664,megawatthours
2025-07-01 09:00:00+00:00,CAL,California,D,Demand,32652,megawatthours
2025-07-01 10:00:00+00:00,CAL,California,D,Demand,30688,megawatthours
2025-07-01 11:00:00+00:00,CAL,California,D,Demand,29400,megawatthours
2025-07-01 12:00:00+00:00,CAL,California,D,Demand,28478,megawatthours
2025-07-01 13:00:00+00:00,CAL,California,D,Demand,28559,megawatthours
2025-07-01 14:00:00+00:00,CAL,California,D,Demand,29281,megawatthours
2025-07-01 15:00:00+00:00,CAL,California,D,Demand,30740,megawatthours
2025-07-01 16:00:00+00:00,CAL,California,D,Demand,33126,megawatthours
2025-07-01 17:00:00+00:00,CAL,California,D,Demand,35364,megawatthours
2025-07-01 18:00:00+00:00,CAL,California,D,Demand,35427,megawatthours
2025-07-01 19:00:00+00:00,CAL,California,D,Demand,35540,megawatthours
2025-07-01 20:00:00+00:00,CAL,California,D,Demand,35409,megawatthours
2025-07-01 21:00:00+00:00,CAL,California,D,Demand,35143,megawatthours
2025-07-01 22:00:00+00:00,CAL,California,D,Demand,36330,megawatthours
2025-07-01 23:00:00+00:00,CAL,California,D,Demand,37982,megawatthours
2025-07-02 00:00:00+00:00,CAL,California,D,Demand,40205,megawatthours
2025-07-02 01:00:00+00:00,CAL,California,D,Demand,41941,megawatthours
2025-07-02 02:00:00+00:00,CAL,California,D,Demand,43805,megawatthours
2025-07-02 03:00:00+00:00,CAL,California,D,Demand,44240,megawatthours
2025-07-02 04:00:00+00:00,CAL,California,D,Demand,43263,megawatthours
2025-07-02 05:00:00+00:00,CAL,California,D,Demand,41951,megawatthours
2025-07-02 06:00:00+00:00,CAL,California,D,Demand,40327,megawatthours
2025-07-02 07:00:00+00:00,CAL,California,D,Demand,37489,megawatthours
2025-07-02 08:00:00+00:00,CAL,California,D,Demand,34706,megawatthours
2025-07-02 09:00:00+00:00,CAL,California,D,Demand,32802,megawatthours
2025-07-02 10:00:00+00:00,CAL,California,D,Demand,31301,megawatthours
2025-07-02 11:00:00+00:00,CAL,California,D,Demand,30309,megawatthours
2025-07-02 12:00:00+00:00,CAL,California,D,Demand,29539,megawatthours
2025-07-02 13:00:00+00:00,CAL,California,D,Demand,29515,megawatthours
2025-07-02 14:00:00+00:00,CAL,California,D,Demand,29638,megawatthours
2025-07-02 15:00:00+00:00,CAL,California,D,Demand,30504,megawatthours
2025-07-02 16:00:00+00:00,CAL,California,D,Demand,32811,megawatthours
2025-07-02 17:00:00+00:00,CAL,California,D,Demand,35278,megawatthours
2025-07-02 18:00:00+00:00,CAL,California,D,Demand,35042,megawatthours
2025-07-02 19:00:00+00:00,CAL,California,D,Demand,35169,megawatthours
2025-07-02 20:00:00+00:00,CAL,California,D,Demand,36165,megawatthours
2025-07-02 21:00:00+00:00,CAL,California,D,Demand,36780,megawatthours
2025-07-02 22:00:00+00:00,CAL,California,D,Demand,37110,megawatthours
2025-07-02 23:00:00+00:00,CAL,California,D,Demand,38154,megawatthours
2025-07-03 00:00:00+00:00,CAL,California,D,Demand,39154,megawatthours
2025-07-03 01:00:00+00:00,CAL,California,D,Demand,40158,megawatthours
2025-07-03 02:00:00+00:00,CAL,California,D,Demand,42211,megawatthours
2025-07-03 03:00:00+00:00,CAL,California,D,Demand,42692,megawatthours
2025-07-03 04:00:00+00:00,CAL,California,D,Demand,42060,megawatthours
2025-07-03 05:00:00+00:00,CAL,California,D,Demand,40987,megawatthours
2025-07-03 06:00:00+00:00,CAL,California,D,Demand,39441,megawatthours
2025-07-03 07:00:00+00:00,CAL,California,D,Demand,37002,megawatthours
2025-07-03 08:00:00+00:00,CAL,California,D,Demand,34478,megawatthours
2025-07-03 09:00:00+00:00,CAL,California,D,Demand,32584,megawatthours
2025-07-03 10:00:00+00:00,CAL,California,D,Demand,30731,megawatthours
2025-07-03 11:00:00+00:00,CAL,California,D,Demand,29525,megawatthours
2025-07-03 12:00:00+00:00,CAL,California,D,Demand,28759,megawatthours
2025-07-03 13:00:00+00:00,CAL,California,D,Demand,28686,megawatthours
2025-07-03 14:00:00+00:00,CAL,California,D,Demand,29535,megawatthours
2025-07-03 15:00:00+00:00,CAL,California,D,Demand,30918,megawatthours
2025-07-03 16:00:00+00:00,CAL,California,D,Demand,33326,megawatthours
2025-07-03 17:00:00+00:00,CAL,California,D,Demand,35504,megawatthours
2025-07-03 18:00:00+00:00,CAL,California,D,Demand,36161,megawatthours
2025-07-03 19:00:00+00:00,CAL,California,D,Demand,36707,megawatthours
2025-07-03 20:00:00+00:00,CAL,California,D,Demand,37039,megawatthours
2025-07-03 21:00:00+00:00,CAL,California,D,Demand,36327,megawatthours
2025-07-03 22:00:00+00:00,CAL,California,D,Demand,35935,megawatthours
2025-07-03 23:00:00+00:00,CAL,California,D,Demand,35834,megawatthours
2025-07-04 00:00:00+00:00,CAL,California,D,Demand,36959,megawatthours
2025-07-04 01:00:00+00:00,CAL,California,D,Demand,38179,megawatthours
2025-07-04 02:00:00+00:00,CAL,California,D,Demand,39496,megawatthours
2025-07-04 03:00:00+00:00,CAL,California,D,Demand,40054,megawatthours
2025-07-04 04:00:00+00:00,CAL,California,D,Demand,39176,megawatthours
2025-07-04 05:00:00+00:00,CAL,California,D,Demand,38247,megawatthours
2025-07-04 06:00:00+00:00,CAL,California,D,Demand,37141,megawatthours
2025-07-04 07:00:00+00:00,CAL,California,D,Demand,35270,megawatthours
2025-07-04 08:00:00+00:00,CAL,California,D,Demand,33333,megawatthours
2025-07-04 09:00:00+00:00,CAL,California,D,Demand,31710,megawatthours
2025-07-04 10:00:00+00:00,CAL,California,D,Demand,30014,megawatthours
2025-07-04 11:00:00+00:00,CAL,California,D,Demand,28647,megawatthours
2025-07-04 12:00:00+00:00,CAL,California,D,Demand,27662,megawatthours
2025-07-04 13:00:00+00:00,CAL,California,D,Demand,27401,megawatthours
2025-07-04 14:00:00+00:00,CAL,California,D,Demand,27313,megawatthours
2025-07-04 15:00:00+00:00,CAL,California,D,Demand,27917,megawatthours
2025-07-04 16:00:00+00:00,CAL,California,D,Demand,30743,megawatthours
2025-07-04 17:00:00+00:00,CAL,California,D,Demand,32696,megawatthours
2025-07-04 18:00:00+00:00,CAL,California,D,Demand,32934,megawatthours
2025-07-04 19:00:00+00:00,CAL,California,D,Demand,31998,megawatthours
2025-07-04 20:00:00+00:00,CAL,California,D,Demand,32422,megawatthours
2025-07-04 21:00:00+00:00,CAL,California,D,Demand,31968,megawatthours
2025-07-04 22:00:00+00:00,CAL,California,D,Demand,32406,megawatthours
2025-07-04 23:00:00+00:00,CAL,California,D,Demand,32472,megawatthours
2025-07-05 00:00:00+00:00,CAL,California,D,Demand,33458,megawatthours
2025-07-05 01:00:00+00:00,CAL,California,D,Demand,34525,megawatthours
2025-07-05 02:00:00+00:00,CAL,California,D,Demand,36139,megawatthours
2025-07-05 03:00:00+00:00,CAL,California,D,Demand,36705,megawatthours
2025-07-05 04:00:00+00:00,CAL,California,D,Demand,36190,megawatthours
2025-07-05 05:00:00+00:00,CAL,California,D,Demand,35350,megawatthours
2025-07-05 06:00:00+00:00,CAL,California,D,Demand,34338,megawatthours
2025-07-05 07:00:00+00:00,CAL,California,D,Demand,33173,megawatthours
2025-07-05 08:00:00+00:00,CAL,California,D,Demand,31530,megawatthours
2025-07-05 09:00:00+00:00,CAL,California,D,Demand,30054,megawatthours
2025-07-05 10:00:00+00:00,CAL,California,D,Demand,28637,megawatthours
2025-07-05 11:00:00+00:00,CAL,California,D,Demand,27519,megawatthours
2025-07-05 12:00:00+00:00,CAL,California,D,Demand,26746,megawatthours
2025-07-05 13:00:00+00:00,CAL,California,D,Demand,26557,megawatthours
2025-07-05 14:00:00+00:00,CAL,California,D,Demand,26299,megawatthours
2025-07-05 15:00:00+00:00,CAL,California,D,Demand,26824,megawatthours
2025-07-05 16:00:00+00:00,CAL,California,D,Demand,28978,megawatthours
2025-07-05 17:00:00+00:00,CAL,California,D,Demand,30583,megawatthours
2025-07-05 18:00:00+00:00,CAL,California,D,Demand,30601,megawatthours
2025-07-05 19:00:00+00:00,CAL,California,D,Demand,30842,megawatthours
2025-07-05 20:00:00+00:00,CAL,California,D,Demand,31052,megawatthours
2025-07-05 21:00:00+00:00,CAL,California,D,Demand,31424,megawatthours
2025-07-05 22:00:00+00:00,CAL,California,D,Demand,31962,megawatthours
2025-07-05 23:00:00+00:00,CAL,California,D,Demand,32351,megawatthours
2025-07-06 00:00:00+00:00,CAL,California,D,Demand,33563,megawatthours
2025-07-06 01:00:00+00:00,CAL,California,D,Demand,34965,megawatthours
2025-07-06 02:00:00+00:00,CAL,California,D,Demand,37354,megawatthours
2025-07-06 03:00:00+00:00,CAL,California,D,Demand,38326,megawatthours
2025-07-06 04:00:00+00:00,CAL,California,D,Demand,38171,megawatthours
2025-07-06 05:00:00+00:00,CAL,California,D,Demand,37140,megawatthours
2025-07-06 06:00:00+00:00,CAL,California,D,Demand,36106,megawatthours
2025-07-06 07:00:00+00:00,CAL,California,D,Demand,33878,megawatthours
2025-07-06 08:00:00+00:00,CAL,California,D,Demand,31864,megawatthours
2025-07-06 09:00:00+00:00,CAL,California,D,Demand,29839,megawatthours
2025-07-06 10:00:00+00:00,CAL,California,D,Demand,28209,megawatthours
2025-07-06 11:00:00+00:00,CAL,California,D,Demand,27046,megawatthours
2025-07-06 12:00:00+00:00,CAL,California,D,Demand,26075,megawatthours
2025-07-06 13:00:00+00:00,CAL,California,D,Demand,25893,megawatthours
2025-07-06 14:00:00+00:00,CAL,California,D,Demand,25525,megawatthours
2025-07-06 15:00:00+00:00,CAL,California,D,Demand,25963,megawatthours
2025-07-06 16:00:00+00:00,CAL,California,D,Demand,27959,megawatthours
2025-07-06 17:00:00+00:00,CAL,California,D,Demand,29766,megawatthours
2025-07-06 18:00:00+00:00,CAL,California,D,Demand,30348,megawatthours
2025-07-06 19:00:00+00:00,CAL,California,D,Demand,31024,megawatthours
2025-07-06 20:00:00+00:00,CAL,California,D,Demand,31102,megawatthours
2025-07-06 21:00:00+00:00,CAL,California,D,Demand,31509,megawatthours
2025-07-06 22:00:00+00:00,CAL,California,D,Demand,31184,megawatthours
2025-07-06 23:00:00+00:00,CAL,California,D,Demand,32484,megawatthours
2025-07-07 00:00:00+00:00,CAL,California,D,Demand,34522,megawatthours
2025-07-07 01:00:00+00:00,CAL,California,D,Demand,36814,megawatthours
2025-07-07 02:00:00+00:00,CAL,California,D,Demand,38633,megawatthours
2025-07-07 03:00:00+00:00,CAL,California,D,Demand,39924,megawatthours
2025-07-07 04:00:00+00:00,CAL,California,D,Demand,39822,megawatthours
2025-07-07 05:00:00+00:00,CAL,California,D,Demand,38632,megawatthours
2025-07-07 06:00:00+00:00,CAL,California,D,Demand,37247,megawatthours
2025-07-07 07:00:00+00:00,CAL,California,D,Demand,34877,megawatthours
2025-07-07 08:00:00+00:00,CAL,California,D,Demand,32386,megawatthours
2025-07-07 09:00:00+00:00,CAL,California,D,Demand,30518,megawatthours
2025-07-07 10:00:00+00:00,CAL,California,D,Demand,29266,megawatthours
2025-07-07 11:00:00+00:00,CAL,California,D,Demand,28649,megawatthours
2025-07-07 12:00:00+00:00,CAL,California,D,Demand,28084,megawatthours
2025-07-07 13:00:00+00:00,CAL,California,D,Demand,26613,megawatthours
2025-07-07 14:00:00+00:00,CAL,California,D,Demand,28482,megawatthours
2025-07-07 15:00:00+00:00,CAL,California,D,Demand,30191,megawatthours
2025-07-07 16:00:00+00:00,CAL,California,D,Demand,33100,megawatthours
2025-07-07 17:00:00+00:00,CAL,California,D,Demand,35906,megawatthours
2025-07-07 18:00:00+00:00,CAL,California,D,Demand,36461,megawatthours
2025-07-07 19:00:00+00:00,CAL,California,D,Demand,36668,megawatthours
2025-07-07 20:00:00+00:00,CAL,California,D,Demand,35822,megawatthours
2025-07-07 21:00:00+00:00,CAL,California,D,Demand,35834,megawatthours
2025-07-07 22:00:00+00:00,CAL,California,D,Demand,36617,megawatthours
2025-07-07 23:00:00+00:00,CAL,California,D,Demand,37094,megawatthours
2025-07-08 00:00:00+00:00,CAL,California,D,Demand,38613,megawatthours
2025-07-08 01:00:00+00:00,CAL,California,D,Demand,39931,megawatthours
2025-07-08 02:00:00+00:00,CAL,California,D,Demand,41519,megawatthours
2025-07-08 03:00:00+00:00,CAL,California,D,Demand,42447,megawatthours
2025-07-08 04:00:00+00:00,CAL,California,D,Demand,41770,megawatthours
2025-07-08 05:00:00+00:00,CAL,California,D,Demand,40542,megawatthours
2025-07-08 06:00:00+00:00,CAL,California,D,Demand,38929,megawatthours
2025-07-08 07:00:00+00:00,CAL,California,D,Demand,36082,megawatthours
2025-07-08 08:00:00+00:00,CAL,California,D,Demand,33634,megawatthours
2025-07-08 09:00:00+00:00,CAL,California,D,Demand,31724,megawatthours
2025-07-08 10:00:00+00:00,CAL,California,D,Demand,30229,megawatthours
2025-07-08 11:00:00+00:00,CAL,California,D,Demand,29026,megawatthours
2025-07-08 12:00:00+00:00,CAL,California,D,Demand,28561,megawatthours
2025-07-08 13:00:00+00:00,CAL,California,D,Demand,28905,megawatthours
2025-07-08 14:00:00+00:00,CAL,California,D,Demand,29430,megawatthours
2025-07-08 15:00:00+00:00,CAL,California,D,Demand,30726,megawatthours
2025-07-08 16:00:00+00:00,CAL,California,D,Demand,33593,megawatthours
2025-07-08 17:00:00+00:00,CAL,California,D,Demand,36214,megawatthours
2025-07-08 18:00:00+00:00,CAL,California,D,Demand,36886,megawatthours
2025-07-08 19:00:00+00:00,CAL,California,D,Demand,37051,megawatthours
2025-07-08 20:00:00+00:00,CAL,California,D,Demand,37781,megawatthours
2025-07-08 21:00:00+00:00,CAL,California,D,Demand,37102,megawatthours
2025-07-08 22:00:00+00:00,CAL,California,D,Demand,37144,megawatthours
2025-07-08 23:00:00+00:00,CAL,California,D,Demand,37486,megawatthours
2025-07-09 00:00:00+00:00,CAL,California,D,Demand,39096,megawatthours
2025-07-09 01:00:00+00:00,CAL,California,D,Demand,40818,megawatthours
2025-07-09 02:00:00+00:00,CAL,California,D,Demand,42236,megawatthours
2025-07-09 03:00:00+00:00,CAL,California,D,Demand,43455,megawatthours
2025-07-09 04:00:00+00:00,CAL,California,D,Demand,42979,megawatthours
2025-07-09 05:00:00+00:00,CAL,California,D,Demand,41747,megawatthours
2025-07-09 06:00:00+00:00,CAL,California,D,Demand,40226,megawatthours
2025-07-09 07:00:00+00:00,CAL,California,D,Demand,37430,megawatthours
2025-07-09 08:00:00+00:00,CAL,California,D,Demand,34660,megawatthours
2025-07-09 09:00:00+00:00,CAL,California,D,Demand,32928,megawatthours
2025-07-09 10:00:00+00:00,CAL,California,D,Demand,31212,megawatthours
2025-07-09 11:00:00+00:00,CAL,California,D,Demand,29899,megawatthours
2025-07-09 12:00:00+00:00,CAL,California,D,Demand,29362,megawatthours
2025-07-09 13:00:00+00:00,CAL,California,D,Demand,29504,megawatthours
2025-07-09 14:00:00+00:00,CAL,California,D,Demand,30070,megawatthours
2025-07-09 15:00:00+00:00,CAL,California,D,Demand,31392,megawatthours
2025-07-09 16:00:00+00:00,CAL,California,D,Demand,35520,megawatthours
2025-07-09 17:00:00+00:00,CAL,California,D,Demand,37227,megawatthours
2025-07-09 18:00:00+00:00,CAL,California,D,Demand,37562,megawatthours
2025-07-09 19:00:00+00:00,CAL,California,D,Demand,36627,megawatthours
2025-07-09 20:00:00+00:00,CAL,California,D,Demand,36971,megawatthours
2025-07-09 21:00:00+00:00,CAL,California,D,Demand,37885,megawatthours
2025-07-09 22:00:00+00:00,CAL,California,D,Demand,37622,megawatthours
2025-07-09 23:00:00+00:00,CAL,California,D,Demand,39080,megawatthours
2025-07-10 00:00:00+00:00,CAL,California,D,Demand,40989,megawatthours
2025-07-10 01:00:00+00:00,CAL,California,D,Demand,43024,megawatthours
2025-07-10 02:00:00+00:00,CAL,California,D,Demand,44668,megawatthours
2025-07-10 03:00:00+00:00,CAL,California,D,Demand,45781,megawatthours
2025-07-10 04:00:00+00:00,CAL,California,D,Demand,45161,megawatthours
2025-07-10 05:00:00+00:00,CAL,California,D,Demand,43712,megawatthours
2025-07-10 06:00:00+00:00,CAL,California,D,Demand,42040,megawatthours
2025-07-10 07:00:00+00:00,CAL,California,D,Demand,39025,megawatthours
2025-07-10 08:00:00+00:00,CAL,California,D,Demand,35924,megawatthours
2025-07-10 09:00:00+00:00,CAL,California,D,Demand,33905,megawatthours
2025-07-10 10:00:00+00:00,CAL,California,D,Demand,32045,megawatthours
2025-07-10 11:00:00+00:00,CAL,California,D,Demand,30682,megawatthours
2025-07-10 12:00:00+00:00,CAL,California,D,Demand,30346,megawatthours
2025-07-10 13:00:00+00:00,CAL,California,D,Demand,30213,megawatthours
2025-07-10 14:00:00+00:00,CAL,California,D,Demand,30463,megawatthours
2025-07-10 15:00:00+00:00,CAL,California,D,Demand,32085,megawatthours
2025-07-10 16:00:00+00:00,CAL,California,D,Demand,36571,megawatthours
2025-07-10 17:00:00+00:00,CAL,California,D,Demand,39223,megawatthours
2025-07-10 18:00:00+00:00,CAL,California,D,Demand,39214,megawatthours
2025-07-10 19:00:00+00:00,CAL,California,D,Demand,36320,megawatthours
2025-07-10 20:00:00+00:00,CAL,California,D,Demand,39361,megawatthours
2025-07-10 21:00:00+00:00,CAL,California,D,Demand,40046,megawatthours
2025-07-10 22:00:00+00:00,CAL,California,D,Demand,40776,megawatthours
2025-07-10 23:00:00+00:00,CAL,California,D,Demand,42236,megawatthours
2025-07-11 00:00:00+00:00,CAL,California,D,Demand,44268,megawatthours
2025-07-11 01:00:00+00:00,CAL,California,D,Demand,46563,megawatthours
2025-07-11 02:00:00+00:00,CAL,California,D,Demand,48510,megawatthours
2025-07-11 03:00:00+00:00,CAL,California,D,Demand,49174,megawatthours
2025-07-11 04:00:00+00:00,CAL,California,D,Demand,48189,megawatthours
2025-07-11 05:00:00+00:00,CAL,California,D,Demand,46553,megawatthours
2025-07-11 06:00:00+00:00,CAL,California,D,Demand,44435,megawatthours
2025-07-11 07:00:00+00:00,CAL,California,D,Demand,41019,megawatthours
2025-07-11 08:00:00+00:00,CAL,California,D,Demand,37702,megawatthours
2025-07-11 09:00:00+00:00,CAL,California,D,Demand,35248,megawatthours
2025-07-11 10:00:00+00:00,CAL,California,D,Demand,33059,megawatthours
2025-07-11 11:00:00+00:00,CAL,California,D,Demand,31479,megawatthours
2025-07-11 12:00:00+00:00,CAL,California,D,Demand,30489,megawatthours
2025-07-11 13:00:00+00:00,CAL,California,D,Demand,30212,megawatthours
2025-07-11 14:00:00+00:00,CAL,California,D,Demand,30827,megawatthours
2025-07-11 15:00:00+00:00,CAL,California,D,Demand,31979,megawatthours
2025-07-11 16:00:00+00:00,CAL,California,D,Demand,35326,megawatthours
2025-07-11 17:00:00+00:00,CAL,California,D,Demand,38299,megawatthours
2025-07-11 18:00:00+00:00,CAL,California,D,Demand,39030,megawatthours
2025-07-11 19:00:00+00:00,CAL,California,D,Demand,38879,megawatthours
2025-07-11 20:00:00+00:00,CAL,California,D,Demand,38956,megawatthours
2025-07-11 21:00:00+00:00,CAL,California,D,Demand,39906,megawatthours
2025-07-11 22:00:00+00:00,CAL,California,D,Demand,40698,megawatthours
2025-07-11 23:00:00+00:00,CAL,California,D,Demand,41430,megawatthours
2025-07-12 00:00:00+00:00,CAL,California,D,Demand,43270,megawatthours
2025-07-12 01:00:00+00:00,CAL,California,D,Demand,44924,megawatthours
2025-07-12 02:00:00+00:00,CAL,California,D,Demand,46508,megawatthours
2025-07-12 03:00:00+00:00,CAL,California,D,Demand,46446,megawatthours
2025-07-12 04:00:00+00:00,CAL,California,D,Demand,45142,megawatthours
2025-07-12 05:00:00+00:00,CAL,California,D,Demand,43679,megawatthours
2025-07-12 06:00:00+00:00,CAL,California,D,Demand,41544,megawatthours
2025-07-12 07:00:00+00:00,CAL,California,D,Demand,38588,megawatthours
2025-07-12 08:00:00+00:00,CAL,California,D,Demand,36125,megawatthours
2025-07-12 09:00:00+00:00,CAL,California,D,Demand,33878,megawatthours
2025-07-12 10:00:00+00:00,CAL,California,D,Demand,31599,megawatthours
2025-07-12 11:00:00+00:00,CAL,California,D,Demand,30062,megawatthours
2025-07-12 12:00:00+00:00,CAL,California,D,Demand,29173,megawatthours
2025-07-12 13:00:00+00:00,CAL,California,D,Demand,28419,megawatthours
2025-07-12 14:00:00+00:00,CAL,California,D,Demand,28256,megawatthours
2025-07-12 15:00:00+00:00,CAL,California,D,Demand,29022,megawatthours
2025-07-12 16:00:00+00:00,CAL,California,D,Demand,31479,megawatthours
2025-07-12 17:00:00+00:00,CAL,California,D,Demand,33846,megawatthours
2025-07-12 18:00:00+00:00,CAL,California,D,Demand,34941,megawatthours
2025-07-12 19:00:00+00:00,CAL,California,D,Demand,34905,megawatthours
2025-07-12 20:00:00+00:00,CAL,California,D,Demand,35220,megawatthours
2025-07-12 21:00:00+00:00,CAL,California,D,Demand,35218,megawatthours
2025-07-12 22:00:00+00:00,CAL,California,D,Demand,35154,megawatthours
2025-07-12 23:00:00+00:00,CAL,California,D,Demand,36108,megawatthours
2025-07-13 00:00:00+00:00,CAL,California,D,Demand,37390,megawatthours
2025-07-13 01:00:00+00:00,CAL,California,D,Demand,39066,megawatthours
2025-07-13 02:00:00+00:00,CAL,California,D,Demand,40847,megawatthours
2025-07-13 03:00:00+00:00,CAL,California,D,Demand,41796,megawatthours
2025-07-13 04:00:00+00:00,CAL,California,D,Demand,41692,megawatthours
2025-07-13 05:00:00+00:00,CAL,California,D,Demand,40291,megawatthours
2025-07-13 06:00:00+00:00,CAL,California,D,Demand,38444,megawatthours
2025-07-13 07:00:00+00:00,CAL,California,D,Demand,36040,megawatthours
2025-07-13 08:00:00+00:00,CAL,California,D,Demand,33243,megawatthours
2025-07-13 09:00:00+00:00,CAL,California,D,Demand,31503,megawatthours
2025-07-13 10:00:00+00:00,CAL,California,D,Demand,29474,megawatthours
2025-07-13 11:00:00+00:00,CAL,California,D,Demand,28175,megawatthours
2025-07-13 12:00:00+00:00,CAL,California,D,Demand,27333,megawatthours
2025-07-13 13:00:00+00:00,CAL,California,D,Demand,26769,megawatthours
2025-07-13 14:00:00+00:00,CAL,California,D,Demand,26643,megawatthours
2025-07-13 15:00:00+00:00,CAL,California,D,Demand,26811,megawatthours
2025-07-13 16:00:00+00:00,CAL,California,D,Demand,29208,megawatthours
2025-07-13 17:00:00+00:00,CAL,California,D,Demand,31879,megawatthours
2025-07-13 18:00:00+00:00,CAL,California,D,Demand,32829,megawatthours
2025-07-13 19:00:00+00:00,CAL,California,D,Demand,32881,megawatthours
2025-07-13 20:00:00+00:00,CAL,California,D,Demand,33017,megawatthours
2025-07-13 21:00:00+00:00,CAL,California,D,Demand,32396,megawatthours
2025-07-13 22:00:00+00:00,CAL,California,D,Demand,32622,megawatthours
2025-07-13 23:00:00+00:00,CAL,California,D,Demand,33960,megawatthours
2025-07-14 00:00:00+00:00,CAL,California,D,Demand,36078,megawatthours
2025-07-14 01:00:00+00:00,CAL,California,D,Demand,38112,megawatthours
2025-07-14 02:00:00+00:00,CAL,California,D,Demand,40473,megawatthours
2025-07-14 03:00:00+00:00,CAL,California,D,Demand,41879,megawatthours
2025-07-14 04:00:00+00:00,CAL,California,D,Demand,41429,megawatthours
2025-07-14 05:00:00+00:00,CAL,California,D,Demand,40166,megawatthours
2025-07-14 06:00:00+00:00,CAL,California,D,Demand,38513,megawatthours
2025-07-14 07:00:00+00:00,CAL,California,D,Demand,36099,megawatthours
2025-07-14 08:00:00+00:00,CAL,California,D,Demand,34003,megawatthours
2025-07-14 09:00:00+00:00,CAL,California,D,Demand,31898,megawatthours
2025-07-14 10:00:00+00:00,CAL,California,D,Demand,30063,megawatthours
2025-07-14 11:00:00+00:00,CAL,California,D,Demand,28905,megawatthours
2025-07-14 12:00:00+00:00,CAL,California,D,Demand,28600,megawatthours
2025-07-14 13:00:00+00:00,CAL,California,D,Demand,28697,megawatthours
2025-07-14 14:00:00+00:00,CAL,California,D,Demand,29301,megawatthours
2025-07-14 15:00:00+00:00,CAL,California,D,Demand,31114,megawatthours
2025-07-14 16:00:00+00:00,CAL,California,D,Demand,33852,megawatthours
2025-07-14 17:00:00+00:00,CAL,California,D,Demand,36281,megawatthours
2025-07-14 18:00:00+00:00,CAL,California,D,Demand,38119,megawatthours
2025-07-14 19:00:00+00:00,CAL,California,D,Demand,38425,megawatthours
2025-07-14 20:00:00+00:00,CAL,California,D,Demand,39010,megawatthours
2025-07-14 21:00:00+00:00,CAL,California,D,Demand,39338,megawatthours
2025-07-14 22:00:00+00:00,CAL,California,D,Demand,40382,megawatthours
2025-07-14 23:00:00+00:00,CAL,California,D,Demand,41510,megawatthours
2025-07-15 00:00:00+00:00,CAL,California,D,Demand,42689,megawatthours
2025-07-15 01:00:00+00:00,CAL,California,D,Demand,43943,megawatthours
2025-07-15 02:00:00+00:00,CAL,California,D,Demand,45039,megawatthours
2025-07-15 03:00:00+00:00,CAL,California,D,Demand,45188,megawatthours
2025-07-15 04:00:00+00:00,CAL,California,D,Demand,44100,megawatthours
2025-07-15 05:00:00+00:00,CAL,California,D,Demand,42708,megawatthours
2025-07-15 06:00:00+00:00,CAL,California,D,Demand,40933,megawatthours
2025-07-15 07:00:00+00:00,CAL,California,D,Demand,38055,megawatthours
2025-07-15 08:00:00+00:00,CAL,California,D,Demand,35143,megawatthours
2025-07-15 09:00:00+00:00,CAL,California,D,Demand,33307,megawatthours
2025-07-15 10:00:00+00:00,CAL,California,D,Demand,31674,megawatthours
2025-07-15 11:00:00+00:00,CAL,California,D,Demand,30372,megawatthours
2025-07-15 12:00:00+00:00,CAL,California,D,Demand,30107,megawatthours
2025-07-15 13:00:00+00:00,CAL,California,D,Demand,29914,megawatthours
2025-07-15 14:00:00+00:00,CAL,California,D,Demand,30980,megawatthours
2025-07-15 15:00:00+00:00,CAL,California,D,Demand,31982,megawatthours
2025-07-15 16:00:00+00:00,CAL,California,D,Demand,34259,megawatthours
2025-07-15 17:00:00+00:00,CAL,California,D,Demand,37249,megawatthours
2025-07-15 18:00:00+00:00,CAL,California,D,Demand,37926,megawatthours
2025-07-15 19:00:00+00:00,CAL,California,D,Demand,38272,megawatthours
2025-07-15 20:00:00+00:00,CAL,California,D,Demand,38420,megawatthours
2025-07-15 21:00:00+00:00,CAL,California,D,Demand,38172,megawatthours
2025-07-15 22:00:00+00:00,CAL,California,D,Demand,38429,megawatthours
2025-07-15 23:00:00+00:00,CAL,California,D,Demand,38394,megawatthours
2025-07-16 00:00:00+00:00,CAL,California,D,Demand,39373,megawatthours
2025-07-16 01:00:00+00:00,CAL,California,D,Demand,40437,megawatthours
2025-07-16 02:00:00+00:00,CAL,California,D,Demand,41391,megawatthours
2025-07-16 03:00:00+00:00,CAL,California,D,Demand,42299,megawatthours
2025-07-16 04:00:00+00:00,CAL,California,D,Demand,41755,megawatthours
2025-07-16 05:00:00+00:00,CAL,California,D,Demand,40721,megawatthours
2025-07-16 06:00:00+00:00,CAL,California,D,Demand,39247,megawatthours
2025-07-16 07:00:00+00:00,CAL,California,D,Demand,36677,megawatthours
2025-07-16 08:00:00+00:00,CAL,California,D,Demand,34094,megawatthours
2025-07-16 09:00:00+00:00,CAL,California,D,Demand,32347,megawatthours
2025-07-16 10:00:00+00:00,CAL,California,D,Demand,30747,megawatthours
2025-07-16 11:00:00+00:00,CAL,California,D,Demand,29602,megawatthours
2025-07-16 12:00:00+00:00,CAL,California,D,Demand,29193,megawatthours
2025-07-16 13:00:00+00:00,CAL,California,D,Demand,29301,megawatthours
2025-07-16 14:00:00+00:00,CAL,California,D,Demand,29765,megawatthours
2025-07-16 15:00:00+00:00,CAL,California,D,Demand,30826,megawatthours
2025-07-16 16:00:00+00:00,CAL,California,D,Demand,32588,megawatthours
2025-07-16 17:00:00+00:00,CAL,California,D,Demand,34155,megawatthours
2025-07-16 18:00:00+00:00,CAL,California,D,Demand,35590,megawatthours
2025-07-16 19:00:00+00:00,CAL,California,D,Demand,35912,megawatthours
2025-07-16 20:00:00+00:00,CAL,California,D,Demand,36601,megawatthours
2025-07-16 21:00:00+00:00,CAL,California,D,Demand,36527,megawatthours
2025-07-16 22:00:00+00:00,CAL,California,D,Demand,37314,megawatthours
2025-07-16 23:00:00+00:00,CAL,California,D,Demand,37744,megawatthours
2025-07-17 00:00:00+00:00,CAL,California,D,Demand,38574,megawatthours
2025-07-17 01:00:00+00:00,CAL,California,D,Demand,39318,megawatthours
2025-07-17 02:00:00+00:00,CAL,California,D,Demand,40013,megawatthours
2025-07-17 03:00:00+00:00,CAL,California,D,Demand,40879,megawatthours
2025-07-17 04:00:00+00:00,CAL,California,D,Demand,40358,megawatthours
2025-07-17 05:00:00+00:00,CAL,California,D,Demand,39456,megawatthours
2025-07-17 06:00:00+00:00,CAL,California,D,Demand,38401,megawatthours
2025-07-17 07:00:00+00:00,CAL,California,D,Demand,36132,megawatthours
2025-07-17 08:00:00+00:00,CAL,California,D,Demand,33753,megawatthours
2025-07-17 09:00:00+00:00,CAL,California,D,Demand,31897,megawatthours
2025-07-17 10:00:00+00:00,CAL,California,D,Demand,30517,megawatthours
2025-07-17 11:00:00+00:00,CAL,California,D,Demand,29363,megawatthours
2025-07-17 12:00:00+00:00,CAL,California,D,Demand,29093,megawatthours
2025-07-17 13:00:00+00:00,CAL,California,D,Demand,28818,megawatthours
2025-07-17 14:00:00+00:00,CAL,California,D,Demand,29496,megawatthours
2025-07-17 15:00:00+00:00,CAL,California,D,Demand,30837,megawatthours
2025-07-17 16:00:00+00:00,CAL,California,D,Demand,32398,megawatthours
2025-07-17 17:00:00+00:00,CAL,California,D,Demand,33930,megawatthours
2025-07-17 18:00:00+00:00,CAL,California,D,Demand,35965,megawatthours
2025-07-17 19:00:00+00:00,CAL,California,D,Demand,37643,megawatthours
2025-07-17 20:00:00+00:00,CAL,California,D,Demand,37740,megawatthours
2025-07-17 21:00:00+00:00,CAL,California,D,Demand,37862,megawatthours
2025-07-17 22:00:00+00:00,CAL,California,D,Demand,38046,megawatthours
2025-07-17 23:00:00+00:00,CAL,California,D,Demand,39106,megawatthours
2025-07-18 00:00:00+00:00,CAL,California,D,Demand,39116,megawatthours
2025-07-18 01:00:00+00:00,CAL,California,D,Demand,39937,megawatthours
2025-07-18 02:00:00+00:00,CAL,California,D,Demand,41038,megawatthours
2025-07-18 03:00:00+00:00,CAL,California,D,Demand,41519,megawatthours
2025-07-18 04:00:00+00:00,CAL,California,D,Demand,41115,megawatthours
2025-07-18 05:00:00+00:00,CAL,California,D,Demand,40296,megawatthours
2025-07-18 06:00:00+00:00,CAL,California,D,Demand,39195,megawatthours
2025-07-18 07:00:00+00:00,CAL,California,D,Demand,36734,megawatthours
2025-07-18 08:00:00+00:00,CAL,California,D,Demand,34834,megawatthours
2025-07-18 09:00:00+00:00,CAL,California,D,Demand,32908,megawatthours
2025-07-18 10:00:00+00:00,CAL,California,D,Demand,30683,megawatthours
2025-07-18 11:00:00+00:00,CAL,California,D,Demand,29539,megawatthours
2025-07-18 12:00:00+00:00,CAL,California,D,Demand,28934,megawatthours
2025-07-18 13:00:00+00:00,CAL,California,D,Demand,29161,megawatthours
2025-07-18 14:00:00+00:00,CAL,California,D,Demand,29843,megawatthours
2025-07-18 15:00:00+00:00,CAL,California,D,Demand,30796,megawatthours
2025-07-18 16:00:00+00:00,CAL,California,D,Demand,33349,megawatthours
2025-07-18 17:00:00+00:00,CAL,California,D,Demand,35501,megawatthours
2025-07-18 18:00:00+00:00,CAL,California,D,Demand,36768,megawatthours
2025-07-18 19:00:00+00:00,CAL,California,D,Demand,37869,megawatthours
2025-07-18 20:00:00+00:00,CAL,California,D,Demand,38131,megawatthours
2025-07-18 21:00:00+00:00,CAL,California,D,Demand,38344,megawatthours
2025-07-18 22:00:00+00:00,CAL,California,D,Demand,39021,megawatthours
2025-07-18 23:00:00+00:00,CAL,California,D,Demand,38621,megawatthours
2025-07-19 00:00:00+00:00,CAL,California,D,Demand,39272,megawatthours
2025-07-19 01:00:00+00:00,CAL,California,D,Demand,40035,megawatthours
2025-07-19 02:00:00+00:00,CAL,California,D,Demand,40650,megawatthours
2025-07-19 03:00:00+00:00,CAL,California,D,Demand,41043,megawatthours
2025-07-19 04:00:00+00:00,CAL,California,D,Demand,40648,megawatthours
2025-07-19 05:00:00+00:00,CAL,California,D,Demand,39816,megawatthours
2025-07-19 06:00:00+00:00,CAL,California,D,Demand,38588,megawatthours
2025-07-19 07:00:00+00:00,CAL,California,D,Demand,36473,megawatthours
2025-07-19 08:00:00+00:00,CAL,California,D,Demand,34166,megawatthours
2025-07-19 09:00:00+00:00,CAL,California,D,Demand,32501,megawatthours
2025-07-19 10:00:00+00:00,CAL,California,D,Demand,30849,megawatthours
2025-07-19 11:00:00+00:00,CAL,California,D,Demand,29387,megawatthours
2025-07-19 12:00:00+00:00,CAL,California,D,Demand,28595,megawatthours
2025-07-19 13:00:00+00:00,CAL,California,D,Demand,28119,megawatthours
2025-07-19 14:00:00+00:00,CAL,California,D,Demand,28004,megawatthours
2025-07-19 15:00:00+00:00,CAL,California,D,Demand,28489,megawatthours
2025-07-19 16:00:00+00:00,CAL,California,D,Demand,31743,megawatthours
2025-07-19 17:00:00+00:00,CAL,California,D,Demand,34681,megawatthours
2025-07-19 18:00:00+00:00,CAL,California,D,Demand,35876,megawatthours
2025-07-19 19:00:00+00:00,CAL,California,D,Demand,35842,megawatthours
2025-07-19 20:00:00+00:00,CAL,California,D,Demand,35610,megawatthours
2025-07-19 21:00:00+00:00,CAL,California,D,Demand,34410,megawatthours
2025-07-19 22:00:00+00:00,CAL,California,D,Demand,33747,megawatthours
2025-07-19 23:00:00+00:00,CAL,California,D,Demand,34057,megawatthours
2025-07-20 00:00:00+00:00,CAL,California,D,Demand,35395,megawatthours
2025-07-20 01:00:00+00:00,CAL,California,D,Demand,36616,megawatthours
2025-07-20 02:00:00+00:00,CAL,California,D,Demand,38390,megawatthours
2025-07-20 03:00:00+00:00,CAL,California,D,Demand,39602,megawatthours
2025-07-20 04:00:00+00:00,CAL,California,D,Demand,39244,megawatthours
2025-07-20 05:00:00+00:00,CAL,California,D,Demand,38334,megawatthours
2025-07-20 06:00:00+00:00,CAL,California,D,Demand,37137,megawatthours
2025-07-20 07:00:00+00:00,CAL,California,D,Demand,35024,megawatthours
2025-07-20 08:00:00+00:00,CAL,California,D,Demand,32842,megawatthours
2025-07-20 09:00:00+00:00,CAL,California,D,Demand,31224,megawatthours
2025-07-20 10:00:00+00:00,CAL,California,D,Demand,29704,megawatthours
2025-07-20 11:00:00+00:00,CAL,California,D,Demand,28539,megawatthours
2025-07-20 12:00:00+00:00,CAL,California,D,Demand,27747,megawatthours
2025-07-20 13:00:00+00:00,CAL,California,D,Demand,27204,megawatthours
2025-07-20 14:00:00+00:00,CAL,California,D,Demand,26895,megawatthours
2025-07-20 15:00:00+00:00,CAL,California,D,Demand,26907,megawatthours
2025-07-20 16:00:00+00:00,CAL,California,D,Demand,29700,megawatthours
2025-07-20 17:00:00+00:00,CAL,California,D,Demand,31963,megawatthours
2025-07-20 18:00:00+00:00,CAL,California,D,Demand,33480,megawatthours
2025-07-20 19:00:00+00:00,CAL,California,D,Demand,33318,megawatthours
2025-07-20 20:00:00+00:00,CAL,California,D,Demand,33041,megawatthours
2025-07-20 21:00:00+00:00,CAL,California,D,Demand,32940,megawatthours
2025-07-20 22:00:00+00:00,CAL,California,D,Demand,32437,megawatthours
2025-07-20 23:00:00+00:00,CAL,California,D,Demand,33262,megawatthours
2025-07-21 00:00:00+00:00,CAL,California,D,Demand,33660,megawatthours
2025-07-21 01:00:00+00:00,CAL,California,D,Demand,34990,megawatthours
2025-07-21 02:00:00+00:00,CAL,California,D,Demand,37056,megawatthours
2025-07-21 03:00:00+00:00,CAL,California,D,Demand,38276,megawatthours
2025-07-21 04:00:00+00:00,CAL,California,D,Demand,38248,megawatthours
2025-07-21 05:00:00+00:00,CAL,California,D,Demand,37429,megawatthours
2025-07-21 06:00:00+00:00,CAL,California,D,Demand,36252,megawatthours
2025-07-21 07:00:00+00:00,CAL,California,D,Demand,33861,megawatthours
2025-07-21 08:00:00+00:00,CAL,California,D,Demand,31654,megawatthours
2025-07-21 09:00:00+00:00,CAL,California,D,Demand,30327,megawatthours
2025-07-21 10:00:00+00:00,CAL,California,D,Demand,28831,megawatthours
2025-07-21 11:00:00+00:00,CAL,California,D,Demand,27808,megawatthours
2025-07-21 12:00:00+00:00,CAL,California,D,Demand,27454,megawatthours
2025-07-21 13:00:00+00:00,CAL,California,D,Demand,27800,megawatthours
2025-07-21 14:00:00+00:00,CAL,California,D,Demand,29296,megawatthours
2025-07-21 15:00:00+00:00,CAL,California,D,Demand,30578,megawatthours
2025-07-21 16:00:00+00:00,CAL,California,D,Demand,33357,megawatthours
2025-07-21 17:00:00+00:00,CAL,California,D,Demand,35894,megawatthours
2025-07-21 18:00:00+00:00,CAL,California,D,Demand,37121,megawatthours
2025-07-21 19:00:00+00:00,CAL,California,D,Demand,37362,megawatthours
2025-07-21 20:00:00+00:00,CAL,California,D,Demand,36835,megawatthours
2025-07-21 21:00:00+00:00,CAL,California,D,Demand,36445,megawatthours
2025-07-21 22:00:00+00:00,CAL,California,D,Demand,36228,megawatthours
2025-07-21 23:00:00+00:00,CAL,California,D,Demand,34830,megawatthours
2025-07-22 00:00:00+00:00,CAL,California,D,Demand,35278,megawatthours
2025-07-22 01:00:00+00:00,CAL,California,D,Demand,36609,megawatthours
2025-07-22 02:00:00+00:00,CAL,California,D,Demand,37046,megawatthours
2025-07-22 03:00:00+00:00,CAL,California,D,Demand,38316,megawatthours
2025-07-22 04:00:00+00:00,CAL,California,D,Demand,38029,megawatthours
2025-07-22 05:00:00+00:00,CAL,California,D,Demand,37719,megawatthours
2025-07-22 06:00:00+00:00,CAL,California,D,Demand,36788,megawatthours
2025-07-22 07:00:00+00:00,CAL,California,D,Demand,34856,megawatthours
2025-07-22 08:00:00+00:00,CAL,California,D,Demand,32570,megawatthours
2025-07-22 09:00:00+00:00,CAL,California,D,Demand,31223,megawatthours
2025-07-22 10:00:00+00:00,CAL,California,D,Demand,29707,megawatthours
2025-07-22 11:00:00+00:00,CAL,California,D,Demand,28480,megawatthours
2025-07-22 12:00:00+00:00,CAL,California,D,Demand,28047,megawatthours
2025-07-22 13:00:00+00:00,CAL,California,D,Demand,28347,megawatthours
2025-07-22 14:00:00+00:00,CAL,California,D,Demand,29292,megawatthours
2025-07-22 15:00:00+00:00,CAL,California,D,Demand,30524,megawatthours
2025-07-22 16:00:00+00:00,CAL,California,D,Demand,33274,megawatthours
2025-07-22 17:00:00+00:00,CAL,California,D,Demand,35624,megawatthours
2025-07-22 18:00:00+00:00,CAL,California,D,Demand,36157,megawatthours
2025-07-22 19:00:00+00:00,CAL,California,D,Demand,35884,megawatthours
2025-07-22 20:00:00+00:00,CAL,California,D,Demand,35277,megawatthours
2025-07-22 21:00:00+00:00,CAL,California,D,Demand,35618,megawatthours
2025-07-22 22:00:00+00:00,CAL,California,D,Demand,35319,megawatthours
2025-07-22 23:00:00+00:00,CAL,California,D,Demand,35930,megawatthours
2025-07-23 00:00:00+00:00,CAL,California,D,Demand,36126,megawatthours
2025-07-23 01:00:00+00:00,CAL,California,D,Demand,36612,megawatthours
2025-07-23 02:00:00+00:00,CAL,California,D,Demand,36889,megawatthours
2025-07-23 03:00:00+00:00,CAL,California,D,Demand,37424,megawatthours
2025-07-23 04:00:00+00:00,CAL,California,D,Demand,37676,megawatthours
2025-07-23 05:00:00+00:00,CAL,California,D,Demand,37304,megawatthours
2025-07-23 06:00:00+00:00,CAL,California,D,Demand,36270,megawatthours
2025-07-23 07:00:00+00:00,CAL,California,D,Demand,34329,megawatthours
2025-07-23 08:00:00+00:00,CAL,California,D,Demand,32028,megawatthours
2025-07-23 09:00:00+00:00,CAL,California,D,Demand,30607,megawatthours
2025-07-23 10:00:00+00:00,CAL,California,D,Demand,29066,megawatthours
2025-07-23 11:00:00+00:00,CAL,California,D,Demand,28156,megawatthours
2025-07-23 12:00:00+00:00,CAL,California,D,Demand,27781,megawatthours
2025-07-23 13:00:00+00:00,CAL,California,D,Demand,28069,megawatthours
2025-07-23 14:00:00+00:00,CAL,California,D,Demand,28966,megawatthours
2025-07-23 15:00:00+00:00,CAL,California,D,Demand,30475,megawatthours
2025-07-23 16:00:00+00:00,CAL,California,D,Demand,33513,megawatthours
2025-07-23 17:00:00+00:00,CAL,California,D,Demand,36495,megawatthours
2025-07-23 18:00:00+00:00,CAL,California,D,Demand,35857,megawatthours
2025-07-23 19:00:00+00:00,CAL,California,D,Demand,34892,megawatthours
2025-07-23 20:00:00+00:00,CAL,California,D,Demand,35479,megawatthours
2025-07-23 21:00:00+00:00,CAL,California,D,Demand,35375,megawatthours
2025-07-23 22:00:00+00:00,CAL,California,D,Demand,35666,megawatthours
2025-07-23 23:00:00+00:00,CAL,California,D,Demand,35529,megawatthours
2025-07-24 00:00:00+00:00,CAL,California,D,Demand,36047,megawatthours
2025-07-24 01:00:00+00:00,CAL,California,D,Demand,37432,megawatthours
2025-07-24 02:00:00+00:00,CAL,California,D,Demand,35848,megawatthours
2025-07-24 03:00:00+00:00,CAL,California,D,Demand,39227,megawatthours
2025-07-24 04:00:00+00:00,CAL,California,D,Demand,38706,megawatthours
2025-07-24 05:00:00+00:00,CAL,California,D,Demand,38097,megawatthours
2025-07-24 06:00:00+00:00,CAL,California,D,Demand,37407,megawatthours
2025-07-24 07:00:00+00:00,CAL,California,D,Demand,35093,megawatthours
2025-07-24 08:00:00+00:00,CAL,California,D,Demand,32788,megawatthours
2025-07-24 09:00:00+00:00,CAL,California,D,Demand,30914,megawatthours
2025-07-24 10:00:00+00:00,CAL,California,D,Demand,29347,megawatthours
2025-07-24 11:00:00+00:00,CAL,California,D,Demand,28297,megawatthours
2025-07-24 12:00:00+00:00,CAL,California,D,Demand,27756,megawatthours
2025-07-24 13:00:00+00:00,CAL,California,D,Demand,27834,megawatthours
2025-07-24 14:00:00+00:00,CAL,California,D,Demand,28594,megawatthours
2025-07-24 15:00:00+00:00,CAL,California,D,Demand,30335,megawatthours
2025-07-24 16:00:00+00:00,CAL,California,D,Demand,32822,megawatthours
2025-07-24 17:00:00+00:00,CAL,California,D,Demand,35549,megawatthours
2025-07-24 18:00:00+00:00,CAL,California,D,Demand,36669,megawatthours
2025-07-24 19:00:00+00:00,CAL,California,D,Demand,36926,megawatthours
2025-07-24 20:00:00+00:00,CAL,California,D,Demand,36822,megawatthours
2025-07-24 21:00:00+00:00,CAL,California,D,Demand,36474,megawatthours
2025-07-24 22:00:00+00:00,CAL,California,D,Demand,35538,megawatthours
2025-07-24 23:00:00+00:00,CAL,California,D,Demand,35877,megawatthours
2025-07-25 00:00:00+00:00,CAL,California,D,Demand,36271,megawatthours
2025-07-25 01:00:00+00:00,CAL,California,D,Demand,37430,megawatthours
2025-07-25 02:00:00+00:00,CAL,California,D,Demand,39437,megawatthours
2025-07-25 03:00:00+00:00,CAL,California,D,Demand,39756,megawatthours
2025-07-25 04:00:00+00:00,CAL,California,D,Demand,39559,megawatthours
2025-07-25 05:00:00+00:00,CAL,California,D,Demand,38588,megawatthours
2025-07-25 06:00:00+00:00,CAL,California,D,Demand,37430,megawatthours
2025-07-25 07:00:00+00:00,CAL,California,D,Demand,35260,megawatthours
2025-07-25 08:00:00+00:00,CAL,California,D,Demand,32819,megawatthours
2025-07-25 09:00:00+00:00,CAL,California,D,Demand,31272,megawatthours
2025-07-25 10:00:00+00:00,CAL,California,D,Demand,29622,megawatthours
2025-07-25 11:00:00+00:00,CAL,California,D,Demand,28431,megawatthours
2025-07-25 12:00:00+00:00,CAL,California,D,Demand,27835,megawatthours
2025-07-25 13:00:00+00:00,CAL,California,D,Demand,28060,megawatthours
2025-07-25 14:00:00+00:00,CAL,California,D,Demand,28801,megawatthours
2025-07-25 15:00:00+00:00,CAL,California,D,Demand,30103,megawatthours
2025-07-25 16:00:00+00:00,CAL,California,D,Demand,32740,megawatthours
2025-07-25 17:00:00+00:00,CAL,California,D,Demand,34978,megawatthours
2025-07-25 18:00:00+00:00,CAL,California,D,Demand,35536,megawatthours
2025-07-25 19:00:00+00:00,CAL,California,D,Demand,36178,megawatthours
2025-07-25 20:00:00+00:00,CAL,California,D,Demand,35324,megawatthours
2025-07-25 21:00:00+00:00,CAL,California,D,Demand,35075,megawatthours
2025-07-25 22:00:00+00:00,CAL,California,D,Demand,34466,megawatthours
2025-07-25 23:00:00+00:00,CAL,California,D,Demand,34768,megawatthours
2025-07-26 00:00:00+00:00,CAL,California,D,Demand,35067,megawatthours
2025-07-26 01:00:00+00:00,CAL,California,D,Demand,35945,megawatthours
2025-07-26 02:00:00+00:00,CAL,California,D,Demand,36848,megawatthours
2025-07-26 03:00:00+00:00,CAL,California,D,Demand,37314,megawatthours
2025-07-26 04:00:00+00:00,CAL,California,D,Demand,37244,megawatthours
2025-07-26 05:00:00+00:00,CAL,California,D,Demand,36588,megawatthours
2025-07-26 06:00:00+00:00,CAL,California,D,Demand,35532,megawatthours
2025-07-26 07:00:00+00:00,CAL,California,D,Demand,33750,megawatthours
2025-07-26 08:00:00+00:00,CAL,California,D,Demand,31776,megawatthours
2025-07-26 09:00:00+00:00,CAL,California,D,Demand,30451,megawatthours
2025-07-26 10:00:00+00:00,CAL,California,D,Demand,28850,megawatthours
2025-07-26 11:00:00+00:00,CAL,California,D,Demand,27663,megawatthours
2025-07-26 12:00:00+00:00,CAL,California,D,Demand,27160,megawatthours
2025-07-26 13:00:00+00:00,CAL,California,D,Demand,26917,megawatthours
2025-07-26 14:00:00+00:00,CAL,California,D,Demand,27189,megawatthours
2025-07-26 15:00:00+00:00,CAL,California,D,Demand,27461,megawatthours
2025-07-26 16:00:00+00:00,CAL,California,D,Demand,29367,megawatthours
2025-07-26 17:00:00+00:00,CAL,California,D,Demand,31325,megawatthours
2025-07-26 18:00:00+00:00,CAL,California,D,Demand,31003,megawatthours
2025-07-26 19:00:00+00:00,CAL,California,D,Demand,31272,megawatthours
2025-07-26 20:00:00+00:00,CAL,California,D,Demand,31329,megawatthours
2025-07-26 21:00:00+00:00,CAL,California,D,Demand,31053,megawatthours
2025-07-26 22:00:00+00:00,CAL,California,D,Demand,30698,megawatthours
2025-07-26 23:00:00+00:00,CAL,California,D,Demand,30715,megawatthours
2025-07-27 00:00:00+00:00,CAL,California,D,Demand,31307,megawatthours
2025-07-27 01:00:00+00:00,CAL,California,D,Demand,32510,megawatthours
2025-07-27 02:00:00+00:00,CAL,California,D,Demand,33580,megawatthours
2025-07-27 03:00:00+00:00,CAL,California,D,Demand,34386,megawatthours
2025-07-27 04:00:00+00:00,CAL,California,D,Demand,34843,megawatthours
2025-07-27 05:00:00+00:00,CAL,California,D,Demand,34565,megawatthours
2025-07-27 06:00:00+00:00,CAL,California,D,Demand,33862,megawatthours
2025-07-27 07:00:00+00:00,CAL,California,D,Demand,32357,megawatthours
2025-07-27 08:00:00+00:00,CAL,California,D,Demand,30080,megawatthours
2025-07-27 09:00:00+00:00,CAL,California,D,Demand,28830,megawatthours
2025-07-27 10:00:00+00:00,CAL,California,D,Demand,27332,megawatthours
2025-07-27 11:00:00+00:00,CAL,California,D,Demand,26307,megawatthours
2025-07-27 12:00:00+00:00,CAL,California,D,Demand,25896,megawatthours
2025-07-27 13:00:00+00:00,CAL,California,D,Demand,25397,megawatthours
2025-07-27 14:00:00+00:00,CAL,California,D,Demand,25290,megawatthours
2025-07-27 15:00:00+00:00,CAL,California,D,Demand,25344,megawatthours
2025-07-27 16:00:00+00:00,CAL,California,D,Demand,27222,megawatthours
2025-07-27 17:00:00+00:00,CAL,California,D,Demand,29410,megawatthours
2025-07-27 18:00:00+00:00,CAL,California,D,Demand,28436,megawatthours
2025-07-27 19:00:00+00:00,CAL,California,D,Demand,29499,megawatthours
2025-07-27 20:00:00+00:00,CAL,California,D,Demand,27483,megawatthours
2025-07-27 21:00:00+00:00,CAL,California,D,Demand,29743,megawatthours
2025-07-27 22:00:00+00:00,CAL,California,D,Demand,29383,megawatthours
2025-07-27 23:00:00+00:00,CAL,California,D,Demand,29347,megawatthours
2025-07-28 00:00:00+00:00,CAL,California,D,Demand,30341,megawatthours
2025-07-28 01:00:00+00:00,CAL,California,D,Demand,31773,megawatthours
2025-07-28 02:00:00+00:00,CAL,California,D,Demand,34055,megawatthours
2025-07-28 03:00:00+00:00,CAL,California,D,Demand,35657,megawatthours
2025-07-28 04:00:00+00:00,CAL,California,D,Demand,35797,megawatthours
2025-07-28 05:00:00+00:00,CAL,California,D,Demand,35402,megawatthours
2025-07-28 06:00:00+00:00,CAL,California,D,Demand,34510,megawatthours
2025-07-28 07:00:00+00:00,CAL,California,D,Demand,32423,megawatthours
2025-07-28 08:00:00+00:00,CAL,California,D,Demand,30890,megawatthours
2025-07-28 09:00:00+00:00,CAL,California,D,Demand,29441,megawatthours
2025-07-28 10:00:00+00:00,CAL,California,D,Demand,27906,megawatthours
2025-07-28 11:00:00+00:00,CAL,California,D,Demand,27676,megawatthours
2025-07-28 12:00:00+00:00,CAL,California,D,Demand,27401,megawatthours
2025-07-28 13:00:00+00:00,CAL,California,D,Demand,27260,megawatthours
2025-07-28 14:00:00+00:00,CAL,California,D,Demand,28028,megawatthours
2025-07-28 15:00:00+00:00,CAL,California,D,Demand,29695,megawatthours
2025-07-28 16:00:00+00:00,CAL,California,D,Demand,32743,megawatthours
2025-07-28 17:00:00+00:00,CAL,California,D,Demand,34866,megawatthours
2025-07-28 18:00:00+00:00,CAL,California,D,Demand,35164,megawatthours
2025-07-28 19:00:00+00:00,CAL,California,D,Demand,35985,megawatthours
2025-07-28 20:00:00+00:00,CAL,California,D,Demand,36091,megawatthours
2025-07-28 21:00:00+00:00,CAL,California,D,Demand,35844,megawatthours
2025-07-28 22:00:00+00:00,CAL,California,D,Demand,36117,megawatthours
2025-07-28 23:00:00+00:00,CAL,California,D,Demand,36458,megawatthours
2025-07-29 00:00:00+00:00,CAL,California,D,Demand,37680,megawatthours
2025-07-29 01:00:00+00:00,CAL,California,D,Demand,38898,megawatthours
2025-07-29 02:00:00+00:00,CAL,California,D,Demand,41022,megawatthours
2025-07-29 03:00:00+00:00,CAL,California,D,Demand,41723,megawatthours
2025-07-29 04:00:00+00:00,CAL,California,D,Demand,41431,megawatthours
2025-07-29 05:00:00+00:00,CAL,California,D,Demand,40075,megawatthours
2025-07-29 06:00:00+00:00,CAL,California,D,Demand,38567,megawatthours
2025-07-29 07:00:00+00:00,CAL,California,D,Demand,36056,megawatthours
2025-07-29 08:00:00+00:00,CAL,California,D,Demand,33486,megawatthours
2025-07-29 09:00:00+00:00,CAL,California,D,Demand,31854,megawatthours
2025-07-29 10:00:00+00:00,CAL,California,D,Demand,30006,megawatthours
2025-07-29 11:00:00+00:00,CAL,California,D,Demand,28746,megawatthours
2025-07-29 12:00:00+00:00,CAL,California,D,Demand,28343,megawatthours
2025-07-29 13:00:00+00:00,CAL,California,D,Demand,28521,megawatthours
2025-07-29 14:00:00+00:00,CAL,California,D,Demand,29413,megawatthours
2025-07-29 15:00:00+00:00,CAL,California,D,Demand,30709,megawatthours
2025-07-29 16:00:00+00:00,CAL,California,D,Demand,33562,megawatthours
2025-07-29 17:00:00+00:00,CAL,California,D,Demand,36296,megawatthours
2025-07-29 18:00:00+00:00,CAL,California,D,Demand,37900,megawatthours
2025-07-29 19:00:00+00:00,CAL,California,D,Demand,38002,megawatthours
2025-07-29 20:00:00+00:00,CAL,California,D,Demand,37635,megawatthours
2025-07-29 21:00:00+00:00,CAL,California,D,Demand,37683,megawatthours
2025-07-29 22:00:00+00:00,CAL,California,D,Demand,38034,megawatthours
2025-07-29 23:00:00+00:00,CAL,California,D,Demand,38498,megawatthours
2025-07-30 00:00:00+00:00,CAL,California,D,Demand,39847,megawatthours
2025-07-30 01:00:00+00:00,CAL,California,D,Demand,41188,megawatthours
2025-07-30 02:00:00+00:00,CAL,California,D,Demand,42493,megawatthours
2025-07-30 03:00:00+00:00,CAL,California,D,Demand,42899,megawatthours
2025-07-30 04:00:00+00:00,CAL,California,D,Demand,41883,megawatthours
2025-07-30 05:00:00+00:00,CAL,California,D,Demand,40463,megawatthours
2025-07-30 06:00:00+00:00,CAL,California,D,Demand,39153,megawatthours
2025-07-30 07:00:00+00:00,CAL,California,D,Demand,36735,megawatthours
2025-07-30 08:00:00+00:00,CAL,California,D,Demand,34093,megawatthours
2025-07-30 09:00:00+00:00,CAL,California,D,Demand,32093,megawatthours
2025-07-30 10:00:00+00:00,CAL,California,D,Demand,30445,megawatthours
2025-07-30 11:00:00+00:00,CAL,California,D,Demand,29451,megawatthours
2025-07-30 12:00:00+00:00,CAL,California,D,Demand,28663,megawatthours
2025-07-30 13:00:00+00:00,CAL,California,D,Demand,28458,megawatthours
2025-07-30 14:00:00+00:00,CAL,California,D,Demand,29252,megawatthours
2025-07-30 15:00:00+00:00,CAL,California,D,Demand,30721,megawatthours
2025-07-30 16:00:00+00:00,CAL,California,D,Demand,33177,megawatthours
2025-07-30 17:00:00+00:00,CAL,California,D,Demand,36254,megawatthours
2025-07-30 18:00:00+00:00,CAL,California,D,Demand,37258,megawatthours
2025-07-30 19:00:00+00:00,CAL,California,D,Demand,37992,megawatthours
2025-07-30 20:00:00+00:00,CAL,California,D,Demand,38030,megawatthours
2025-07-30 21:00:00+00:00,CAL,California,D,Demand,37898,megawatthours
2025-07-30 22:00:00+00:00,CAL,California,D,Demand,37534,megawatthours
2025-07-30 23:00:00+00:00,CAL,California,D,Demand,38644,megawatthours
2025-07-31 00:00:00+00:00,CAL,California,D,Demand,40075,megawatthours
2025-07-31 01:00:00+00:00,CAL,California,D,Demand,41373,megawatthours
2025-07-31 02:00:00+00:00,CAL,California,D,Demand,42366,megawatthours
2025-07-31 03:00:00+00:00,CAL,California,D,Demand,43016,megawatthours
2025-07-31 04:00:00+00:00,CAL,California,D,Demand,42148,megawatthours
2025-07-31 05:00:00+00:00,CAL,California,D,Demand,40973,megawatthours
2025-07-31 06:00:00+00:00,CAL,California,D,Demand,39507,megawatthours
2025-07-31 07:00:00+00:00,CAL,California,D,Demand,36735,megawatthours
2025-07-31 08:00:00+00:00,CAL,California,D,Demand,34248,megawatthours
2025-07-31 09:00:00+00:00,CAL,California,D,Demand,32577,megawatthours
2025-07-31 10:00:00+00:00,CAL,California,D,Demand,30606,megawatthours
2025-07-31 11:00:00+00:00,CAL,California,D,Demand,29167,megawatthours
2025-07-31 12:00:00+00:00,CAL,California,D,Demand,28435,megawatthours
2025-07-31 13:00:00+00:00,CAL,California,D,Demand,28166,megawatthours
2025-07-31 14:00:00+00:00,CAL,California,D,Demand,28800,megawatthours
2025-07-31 15:00:00+00:00,CAL,California,D,Demand,29950,megawatthours
2025-07-31 16:00:00+00:00,CAL,California,D,Demand,32940,megawatthours
2025-07-31 17:00:00+00:00,CAL,California,D,Demand,36252,megawatthours
2025-07-31 18:00:00+00:00,CAL,California,D,Demand,37231,megawatthours
2025-07-31 19:00:00+00:00,CAL,California,D,Demand,37098,megawatthours
2025-07-31 20:00:00+00:00,CAL,California,D,Demand,36933,megawatthours
2025-07-31 21:00:00+00:00,CAL,California,D,Demand,19427,megawatthours
2025-07-31 22:00:00+00:00,CAL,California,D,Demand,38160,megawatthours
2025-07-31 23:00:00+00:00,CAL,California,D,Demand,39572,megawatthours
2025-08-01 00:00:00+00:00,CAL,California,D,Demand,41116,megawatthours
2025-08-01 01:00:00+00:00,CAL,California,D,Demand,42441,megawatthours
2025-08-01 02:00:00+00:00,CAL,California,D,Demand,43153,megawatthours
2025-08-01 03:00:00+00:00,CAL,California,D,Demand,43780,megawatthours
2025-08-01 04:00:00+00:00,CAL,California,D,Demand,43366,megawatthours
2025-08-01 05:00:00+00:00,CAL,California,D,Demand,42040,megawatthours
2025-08-01 06:00:00+00:00,CAL,California,D,Demand,40233,megawatthours
2025-08-01 07:00:00+00:00,CAL,California,D,Demand,37205,megawatthours
2025-08-01 08:00:00+00:00,CAL,California,D,Demand,34679,megawatthours
2025-08-01 09:00:00+00:00,CAL,California,D,Demand,32999,megawatthours
2025-08-01 10:00:00+00:00,CAL,California,D,Demand,31187,megawatthours
2025-08-01 11:00:00+00:00,CAL,California,D,Demand,29458,megawatthours
2025-08-01 12:00:00+00:00,CAL,California,D,Demand,28824,megawatthours
2025-08-01 13:00:00+00:00,CAL,California,D,Demand,28634,megawatthours
2025-08-01 14:00:00+00:00,CAL,California,D,Demand,29552,megawatthours
2025-08-01 15:00:00+00:00,CAL,California,D,Demand,30773,megawatthours
2025-08-01 16:00:00+00:00,CAL,California,D,Demand,33005,megawatthours
2025-08-01 17:00:00+00:00,CAL,California,D,Demand,36251,megawatthours
2025-08-01 18:00:00+00:00,CAL,California,D,Demand,37517,megawatthours
2025-08-01 19:00:00+00:00,CAL,California,D,Demand,36770,megawatthours
2025-08-01 20:00:00+00:00,CAL,California,D,Demand,37172,megawatthours
2025-08-01 21:00:00+00:00,CAL,California,D,Demand,37369,megawatthours
2025-08-01 22:00:00+00:00,CAL,California,D,Demand,38515,megawatthours
2025-08-01 23:00:00+00:00,CAL,California,D,Demand,39227,megawatthours
2025-08-02 00:00:00+00:00,CAL,California,D,Demand,41010,megawatthours
2025-08-02 01:00:00+00:00,CAL,California,D,Demand,42370,megawatthours
2025-08-02 02:00:00+00:00,CAL,California,D,Demand,42790,megawatthours
2025-08-02 03:00:00+00:00,CAL,California,D,Demand,42957,megawatthours
2025-08-02 04:00:00+00:00,CAL,California,D,Demand,41878,megawatthours
2025-08-02 05:00:00+00:00,CAL,California,D,Demand,40728,megawatthours
2025-08-02 06:00:00+00:00,CAL,California,D,Demand,39320,megawatthours
2025-08-02 07:00:00+00:00,CAL,California,D,Demand,36829,megawatthours
2025-08-02 08:00:00+00:00,CAL,California,D,Demand,34266,megawatthours
2025-08-02 09:00:00+00:00,CAL,California,D,Demand,32199,megawatthours
2025-08-02 10:00:00+00:00,CAL,California,D,Demand,30432,megawatthours
2025-08-02 11:00:00+00:00,CAL,California,D,Demand,29313,megawatthours
2025-08-02 12:00:00+00:00,CAL,California,D,Demand,28320,megawatthours
2025-08-02 13:00:00+00:00,CAL,California,D,Demand,27954,megawatthours
2025-08-02 14:00:00+00:00,CAL,California,D,Demand,27792,megawatthours
2025-08-02 15:00:00+00:00,CAL,California,D,Demand,28156,megawatthours
2025-08-02 16:00:00+00:00,CAL,California,D,Demand,31041,megawatthours
2025-08-02 17:00:00+00:00,CAL,California,D,Demand,33447,megawatthours
2025-08-02 18:00:00+00:00,CAL,California,D,Demand,33754,megawatthours
2025-08-02 19:00:00+00:00,CAL,California,D,Demand,34125,megawatthours
2025-08-02 20:00:00+00:00,CAL,California,D,Demand,31924,megawatthours
2025-08-02 21:00:00+00:00,CAL,California,D,Demand,34204,megawatthours
2025-08-02 22:00:00+00:00,CAL,California,D,Demand,34444,megawatthours
2025-08-02 23:00:00+00:00,CAL,California,D,Demand,35066,megawatthours
2025-08-03 00:00:00+00:00,CAL,California,D,Demand,36803,megawatthours
2025-08-03 01:00:00+00:00,CAL,California,D,Demand,39282,megawatthours
2025-08-03 02:00:00+00:00,CAL,California,D,Demand,40625,megawatthours
2025-08-03 03:00:00+00:00,CAL,California,D,Demand,41101,megawatthours
2025-08-03 04:00:00+00:00,CAL,California,D,Demand,40564,megawatthours
2025-08-03 05:00:00+00:00,CAL,California,D,Demand,39576,megawatthours
2025-08-03 06:00:00+00:00,CAL,California,D,Demand,37993,megawatthours
2025-08-03 07:00:00+00:00,CAL,California,D,Demand,35603,megawatthours
2025-08-03 08:00:00+00:00,CAL,California,D,Demand,32991,megawatthours
2025-08-03 09:00:00+00:00,CAL,California,D,Demand,31175,megawatthours
2025-08-03 10:00:00+00:00,CAL,California,D,Demand,29630,megawatthours
2025-08-03 11:00:00+00:00,CAL,California,D,Demand,28435,megawatthours
2025-08-03 12:00:00+00:00,CAL,California,D,Demand,27542,megawatthours
2025-08-03 13:00:00+00:00,CAL,California,D,Demand,27148,megawatthours
2025-08-03 14:00:00+00:00,CAL,California,D,Demand,26748,megawatthours
2025-08-03 15:00:00+00:00,CAL,California,D,Demand,26910,megawatthours
2025-08-03 16:00:00+00:00,CAL,California,D,Demand,29672,megawatthours
2025-08-03 17:00:00+00:00,CAL,California,D,Demand,32601,megawatthours
2025-08-03 18:00:00+00:00,CAL,California,D,Demand,32508,megawatthours
2025-08-03 19:00:00+00:00,CAL,California,D,Demand,32575,megawatthours
2025-08-03 20:00:00+00:00,CAL,California,D,Demand,32726,megawatthours
2025-08-03 21:00:00+00:00,CAL,California,D,Demand,32472,megawatthours
2025-08-03 22:00:00+00:00,CAL,California,D,Demand,32027,megawatthours
2025-08-03 23:00:00+00:00,CAL,California,D,Demand,32833,megawatthours
2025-08-04 00:00:00+00:00,CAL,California,D,Demand,35528,megawatthours
2025-08-04 01:00:00+00:00,CAL,California,D,Demand,37341,megawatthours
2025-08-04 02:00:00+00:00,CAL,California,D,Demand,39632,megawatthours
2025-08-04 03:00:00+00:00,CAL,California,D,Demand,40560,megawatthours
2025-08-04 04:00:00+00:00,CAL,California,D,Demand,40133,megawatthours
2025-08-04 05:00:00+00:00,CAL,California,D,Demand,39137,megawatthours
2025-08-04 06:00:00+00:00,CAL,California,D,Demand,37563,megawatthours
2025-08-04 07:00:00+00:00,CAL,California,D,Demand,35226,megawatthours
2025-08-04 08:00:00+00:00,CAL,California,D,Demand,32598,megawatthours
2025-08-04 09:00:00+00:00,CAL,California,D,Demand,30830,megawatthours
2025-08-04 10:00:00+00:00,CAL,California,D,Demand,29382,megawatthours
2025-08-04 11:00:00+00:00,CAL,California,D,Demand,28555,megawatthours
2025-08-04 12:00:00+00:00,CAL,California,D,Demand,28148,megawatthours
2025-08-04 13:00:00+00:00,CAL,California,D,Demand,27857,megawatthours
2025-08-04 14:00:00+00:00,CAL,California,D,Demand,28634,megawatthours
2025-08-04 15:00:00+00:00,CAL,California,D,Demand,30116,megawatthours
2025-08-04 16:00:00+00:00,CAL,California,D,Demand,33646,megawatthours
2025-08-04 17:00:00+00:00,CAL,California,D,Demand,36638,megawatthours
2025-08-04 18:00:00+00:00,CAL,California,D,Demand,37114,megawatthours
2025-08-04 19:00:00+00:00,CAL,California,D,Demand,37776,megawatthours
2025-08-04 20:00:00+00:00,CAL,California,D,Demand,37608,megawatthours
2025-08-04 21:00:00+00:00,CAL,California,D,Demand,37760,megawatthours
2025-08-04 22:00:00+00:00,CAL,California,D,Demand,38803,megawatthours
2025-08-04 23:00:00+00:00,CAL,California,D,Demand,38345,megawatthours
2025-08-05 00:00:00+00:00,CAL,California,D,Demand,39462,megawatthours
2025-08-05 01:00:00+00:00,CAL,California,D,Demand,40941,megawatthours
2025-08-05 02:00:00+00:00,CAL,California,D,Demand,42655,megawatthours
2025-08-05 03:00:00+00:00,CAL,California,D,Demand,43023,megawatthours
2025-08-05 04:00:00+00:00,CAL,California,D,Demand,41943,megawatthours
2025-08-05 05:00:00+00:00,CAL,California,D,Demand,40922,megawatthours
2025-08-05 06:00:00+00:00,CAL,California,D,Demand,39379,megawatthours
2025-08-05 07:00:00+00:00,CAL,California,D,Demand,36702,megawatthours
2025-08-05 08:00:00+00:00,CAL,California,D,Demand,34021,megawatthours
2025-08-05 09:00:00+00:00,CAL,California,D,Demand,32040,megawatthours
2025-08-05 10:00:00+00:00,CAL,California,D,Demand,30220,megawatthours
2025-08-05 11:00:00+00:00,CAL,California,D,Demand,29162,megawatthours
2025-08-05 12:00:00+00:00,CAL,California,D,Demand,28690,megawatthours
2025-08-05 13:00:00+00:00,CAL,California,D,Demand,28754,megawatthours
2025-08-05 14:00:00+00:00,CAL,California,D,Demand,29382,megawatthours
2025-08-05 15:00:00+00:00,CAL,California,D,Demand,30793,megawatthours
2025-08-05 16:00:00+00:00,CAL,California,D,Demand,33136,megawatthours
2025-08-05 17:00:00+00:00,CAL,California,D,Demand,37005,megawatthours
2025-08-05 18:00:00+00:00,CAL,California,D,Demand,38815,megawatthours
2025-08-05 19:00:00+00:00,CAL,California,D,Demand,38260,megawatthours
2025-08-05 20:00:00+00:00,CAL,California,D,Demand,38528,megawatthours
2025-08-05 21:00:00+00:00,CAL,California,D,Demand,38238,megawatthours
2025-08-05 22:00:00+00:00,CAL,California,D,Demand,37336,megawatthours
2025-08-05 23:00:00+00:00,CAL,California,D,Demand,38538,megawatthours
2025-08-06 00:00:00+00:00,CAL,California,D,Demand,39866,megawatthours
2025-08-06 01:00:00+00:00,CAL,California,D,Demand,37781,megawatthours
2025-08-06 02:00:00+00:00,CAL,California,D,Demand,39620,megawatthours
2025-08-06 03:00:00+00:00,CAL,California,D,Demand,40279,megawatthours
2025-08-06 04:00:00+00:00,CAL,California,D,Demand,39455,megawatthours
2025-08-06 05:00:00+00:00,CAL,California,D,Demand,38619,megawatthours
2025-08-06 06:00:00+00:00,CAL,California,D,Demand,37261,megawatthours
2025-08-06 07:00:00+00:00,CAL,California,D,Demand,34830,megawatthours
2025-08-06 08:00:00+00:00,CAL,California,D,Demand,34751,megawatthours
2025-08-06 09:00:00+00:00,CAL,California,D,Demand,32754,megawatthours
2025-08-06 10:00:00+00:00,CAL,California,D,Demand,31069,megawatthours
2025-08-06 11:00:00+00:00,CAL,California,D,Demand,30007,megawatthours
2025-08-06 12:00:00+00:00,CAL,California,D,Demand,29917,megawatthours
2025-08-06 13:00:00+00:00,CAL,California,D,Demand,29856,megawatthours
2025-08-06 14:00:00+00:00,CAL,California,D,Demand,30420,megawatthours
2025-08-06 15:00:00+00:00,CAL,California,D,Demand,31903,megawatthours
2025-08-06 16:00:00+00:00,CAL,California,D,Demand,35023,megawatthours
2025-08-06 17:00:00+00:00,CAL,California,D,Demand,39120,megawatthours
2025-08-06 18:00:00+00:00,CAL,California,D,Demand,40749,megawatthours
2025-08-06 19:00:00+00:00,CAL,California,D,Demand,41271,megawatthours
2025-08-06 20:00:00+00:00,CAL,California,D,Demand,41291,megawatthours
2025-08-06 21:00:00+00:00,CAL,California,D,Demand,41408,megawatthours
2025-08-06 22:00:00+00:00,CAL,California,D,Demand,42192,megawatthours
2025-08-06 23:00:00+00:00,CAL,California,D,Demand,43052,megawatthours
2025-08-07 00:00:00+00:00,CAL,California,D,Demand,45192,megawatthours
2025-08-07 01:00:00+00:00,CAL,California,D,Demand,47273,megawatthours
2025-08-07 02:00:00+00:00,CAL,California,D,Demand,48729,megawatthours
2025-08-07 03:00:00+00:00,CAL,California,D,Demand,49240,megawatthours
2025-08-07 04:00:00+00:00,CAL,California,D,Demand,47623,megawatthours
2025-08-07 05:00:00+00:00,CAL,California,D,Demand,46053,megawatthours
2025-08-07 06:00:00+00:00,CAL,California,D,Demand,43925,megawatthours
2025-08-07 07:00:00+00:00,CAL,California,D,Demand,40752,megawatthours
2025-08-07 08:00:00+00:00,CAL,California,D,Demand,37548,megawatthours
2025-08-07 09:00:00+00:00,CAL,California,D,Demand,34854,megawatthours
2025-08-07 10:00:00+00:00,CAL,California,D,Demand,33081,megawatthours
2025-08-07 11:00:00+00:00,CAL,California,D,Demand,31782,megawatthours
2025-08-07 12:00:00+00:00,CAL,California,D,Demand,31348,megawatthours
2025-08-07 13:00:00+00:00,CAL,California,D,Demand,30990,megawatthours
2025-08-07 14:00:00+00:00,CAL,California,D,Demand,31603,megawatthours
2025-08-07 15:00:00+00:00,CAL,California,D,Demand,32782,megawatthours
2025-08-07 16:00:00+00:00,CAL,California,D,Demand,35781,megawatthours
2025-08-07 17:00:00+00:00,CAL,California,D,Demand,40877,megawatthours
2025-08-07 18:00:00+00:00,CAL,California,D,Demand,42024,megawatthours
2025-08-07 19:00:00+00:00,CAL,California,D,Demand,43543,megawatthours
2025-08-07 20:00:00+00:00,CAL,California,D,Demand,44591,megawatthours
2025-08-07 21:00:00+00:00,CAL,California,D,Demand,44351,megawatthours
2025-08-07 22:00:00+00:00,CAL,California,D,Demand,45233,megawatthours
2025-08-07 23:00:00+00:00,CAL,California,D,Demand,46872,megawatthours
2025-08-08 00:00:00+00:00,CAL,California,D,Demand,48834,megawatthours
2025-08-08 01:00:00+00:00,CAL,California,D,Demand,50208,megawatthours
2025-08-08 02:00:00+00:00,CAL,California,D,Demand,51092,megawatthours
2025-08-08 03:00:00+00:00,CAL,California,D,Demand,51102,megawatthours
2025-08-08 04:00:00+00:00,CAL,California,D,Demand,49328,megawatthours
2025-08-08 05:00:00+00:00,CAL,California,D,Demand,47396,megawatthours
2025-08-08 06:00:00+00:00,CAL,California,D,Demand,44938,megawatthours
2025-08-08 07:00:00+00:00,CAL,California,D,Demand,41583,megawatthours
2025-08-08 08:00:00+00:00,CAL,California,D,Demand,38284,megawatthours
2025-08-08 09:00:00+00:00,CAL,California,D,Demand,35633,megawatthours
2025-08-08 10:00:00+00:00,CAL,California,D,Demand,33849,megawatthours
2025-08-08 11:00:00+00:00,CAL,California,D,Demand,32350,megawatthours
2025-08-08 12:00:00+00:00,CAL,California,D,Demand,31616,megawatthours
2025-08-08 13:00:00+00:00,CAL,California,D,Demand,31255,megawatthours
2025-08-08 14:00:00+00:00,CAL,California,D,Demand,31794,megawatthours
2025-08-08 15:00:00+00:00,CAL,California,D,Demand,33414,megawatthours
2025-08-08 16:00:00+00:00,CAL,California,D,Demand,36944,megawatthours
2025-08-08 17:00:00+00:00,CAL,California,D,Demand,40934,megawatthours
2025-08-08 18:00:00+00:00,CAL,California,D,Demand,42642,megawatthours
2025-08-08 19:00:00+00:00,CAL,California,D,Demand,44043,megawatthours
2025-08-08 20:00:00+00:00,CAL,California,D,Demand,44498,megawatthours
2025-08-08 21:00:00+00:00,CAL,California,D,Demand,44552,megawatthours
2025-08-08 22:00:00+00:00,CAL,California,D,Demand,45275,megawatthours
2025-08-08 23:00:00+00:00,CAL,California,D,Demand,46048,megawatthours
2025-08-09 00:00:00+00:00,CAL,California,D,Demand,47827,megawatthours
2025-08-09 01:00:00+00:00,CAL,California,D,Demand,49400,megawatthours
2025-08-09 02:00:00+00:00,CAL,California,D,Demand,50288,megawatthours
2025-08-09 03:00:00+00:00,CAL,California,D,Demand,50420,megawatthours
2025-08-09 04:00:00+00:00,CAL,California,D,Demand,48651,megawatthours
2025-08-09 05:00:00+00:00,CAL,California,D,Demand,46741,megawatthours
2025-08-09 06:00:00+00:00,CAL,California,D,Demand,44501,megawatthours
2025-08-09 07:00:00+00:00,CAL,California,D,Demand,41584,megawatthours
2025-08-09 08:00:00+00:00,CAL,California,D,Demand,38428,megawatthours
2025-08-09 09:00:00+00:00,CAL,California,D,Demand,36115,megawatthours
2025-08-09 10:00:00+00:00,CAL,California,D,Demand,33888,megawatthours
2025-08-09 11:00:00+00:00,CAL,California,D,Demand,32007,megawatthours
2025-08-09 12:00:00+00:00,CAL,California,D,Demand,30892,megawatthours
2025-08-09 13:00:00+00:00,CAL,California,D,Demand,30156,megawatthours
2025-08-09 14:00:00+00:00,CAL,California,D,Demand,29891,megawatthours
2025-08-09 15:00:00+00:00,CAL,California,D,Demand,30479,megawatthours
2025-08-09 16:00:00+00:00,CAL,California,D,Demand,33370,megawatthours
2025-08-09 17:00:00+00:00,CAL,California,D,Demand,36116,megawatthours
2025-08-09 18:00:00+00:00,CAL,California,D,Demand,38273,megawatthours
2025-08-09 19:00:00+00:00,CAL,California,D,Demand,39559,megawatthours
2025-08-09 20:00:00+00:00,CAL,California,D,Demand,39645,megawatthours
2025-08-09 21:00:00+00:00,CAL,California,D,Demand,40359,megawatthours
2025-08-09 22:00:00+00:00,CAL,California,D,Demand,40594,megawatthours
2025-08-09 23:00:00+00:00,CAL,California,D,Demand,41477,megawatthours
2025-08-10 00:00:00+00:00,CAL,California,D,Demand,42953,megawatthours
2025-08-10 01:00:00+00:00,CAL,California,D,Demand,44944,megawatthours
2025-08-10 02:00:00+00:00,CAL,California,D,Demand,46420,megawatthours
2025-08-10 03:00:00+00:00,CAL,California,D,Demand,46770,megawatthours
2025-08-10 04:00:00+00:00,CAL,California,D,Demand,45245,megawatthours
2025-08-10 05:00:00+00:00,CAL,California,D,Demand,43767,megawatthours
2025-08-10 06:00:00+00:00,CAL,California,D,Demand,41521,megawatthours
2025-08-10 07:00:00+00:00,CAL,California,D,Demand,38939,megawatthours
2025-08-10 08:00:00+00:00,CAL,California,D,Demand,36308,megawatthours
2025-08-10 09:00:00+00:00,CAL,California,D,Demand,34052,megawatthours
2025-08-10 10:00:00+00:00,CAL,California,D,Demand,32101,megawatthours
2025-08-10 11:00:00+00:00,CAL,California,D,Demand,30592,megawatthours
2025-08-10 12:00:00+00:00,CAL,California,D,Demand,29552,megawatthours
2025-08-10 13:00:00+00:00,CAL,California,D,Demand,28802,megawatthours
2025-08-10 14:00:00+00:00,CAL,California,D,Demand,28408,megawatthours
2025-08-10 15:00:00+00:00,CAL,California,D,Demand,28660,megawatthours
2025-08-10 16:00:00+00:00,CAL,California,D,Demand,30719,megawatthours
2025-08-10 17:00:00+00:00,CAL,California,D,Demand,34160,megawatthours
2025-08-10 18:00:00+00:00,CAL,California,D,Demand,35864,megawatthours
2025-08-10 19:00:00+00:00,CAL,California,D,Demand,36130,megawatthours
2025-08-10 20:00:00+00:00,CAL,California,D,Demand,36440,megawatthours
2025-08-10 21:00:00+00:00,CAL,California,D,Demand,37928,megawatthours
2025-08-10 22:00:00+00:00,CAL,California,D,Demand,38965,megawatthours
2025-08-10 23:00:00+00:00,CAL,California,D,Demand,40626,megawatthours
2025-08-11 00:00:00+00:00,CAL,California,D,Demand,42791,megawatthours
2025-08-11 01:00:00+00:00,CAL,California,D,Demand,43755,megawatthours
2025-08-11 02:00:00+00:00,CAL,California,D,Demand,45643,megawatthours
2025-08-11 03:00:00+00:00,CAL,California,D,Demand,45860,megawatthours
2025-08-11 04:00:00+00:00,CAL,California,D,Demand,44551,megawatthours
2025-08-11 05:00:00+00:00,CAL,California,D,Demand,43368,megawatthours
2025-08-11 06:00:00+00:00,CAL,California,D,Demand,41449,megawatthours
2025-08-11 07:00:00+00:00,CAL,California,D,Demand,38193,megawatthours
2025-08-11 08:00:00+00:00,CAL,California,D,Demand,35471,megawatthours
2025-08-11 09:00:00+00:00,CAL,California,D,Demand,33494,megawatthours
2025-08-11 10:00:00+00:00,CAL,California,D,Demand,31696,megawatthours
2025-08-11 11:00:00+00:00,CAL,California,D,Demand,30480,megawatthours
2025-08-11 12:00:00+00:00,CAL,California,D,Demand,30117,megawatthours
2025-08-11 13:00:00+00:00,CAL,California,D,Demand,29904,megawatthours
2025-08-11 14:00:00+00:00,CAL,California,D,Demand,30685,megawatthours
2025-08-11 15:00:00+00:00,CAL,California,D,Demand,32091,megawatthours
2025-08-11 16:00:00+00:00,CAL,California,D,Demand,35272,megawatthours
2025-08-11 17:00:00+00:00,CAL,California,D,Demand,39417,megawatthours
2025-08-11 18:00:00+00:00,CAL,California,D,Demand,40939,megawatthours
2025-08-11 19:00:00+00:00,CAL,California,D,Demand,41261,megawatthours
2025-08-11 20:00:00+00:00,CAL,California,D,Demand,42112,megawatthours
2025-08-11 21:00:00+00:00,CAL,California,D,Demand,42465,megawatthours
2025-08-11 22:00:00+00:00,CAL,California,D,Demand,43342,megawatthours
2025-08-11 23:00:00+00:00,CAL,California,D,Demand,44675,megawatthours
2025-08-12 00:00:00+00:00,CAL,California,D,Demand,46260,megawatthours
2025-08-12 01:00:00+00:00,CAL,California,D,Demand,47642,megawatthours
2025-08-12 02:00:00+00:00,CAL,California,D,Demand,48175,megawatthours
2025-08-12 03:00:00+00:00,CAL,California,D,Demand,47934,megawatthours
2025-08-12 04:00:00+00:00,CAL,California,D,Demand,46411,megawatthours
2025-08-12 05:00:00+00:00,CAL,California,D,Demand,44816,megawatthours
2025-08-12 06:00:00+00:00,CAL,California,D,Demand,42845,megawatthours
2025-08-12 07:00:00+00:00,CAL,California,D,Demand,39456,megawatthours
2025-08-12 08:00:00+00:00,CAL,California,D,Demand,36419,megawatthours
2025-08-12 09:00:00+00:00,CAL,California,D,Demand,34205,megawatthours
2025-08-12 10:00:00+00:00,CAL,California,D,Demand,32563,megawatthours
2025-08-12 11:00:00+00:00,CAL,California,D,Demand,31141,megawatthours
2025-08-12 12:00:00+00:00,CAL,California,D,Demand,30688,megawatthours
2025-08-12 13:00:00+00:00,CAL,California,D,Demand,30365,megawatthours
2025-08-12 14:00:00+00:00,CAL,California,D,Demand,30976,megawatthours
2025-08-12 15:00:00+00:00,CAL,California,D,Demand,32734,megawatthours
2025-08-12 16:00:00+00:00,CAL,California,D,Demand,35547,megawatthours
2025-08-12 17:00:00+00:00,CAL,California,D,Demand,38964,megawatthours
2025-08-12 18:00:00+00:00,CAL,California,D,Demand,40741,megawatthours
2025-08-12 19:00:00+00:00,CAL,California,D,Demand,38010,megawatthours
2025-08-12 20:00:00+00:00,CAL,California,D,Demand,41164,megawatthours
2025-08-12 21:00:00+00:00,CAL,California,D,Demand,41033,megawatthours
2025-08-12 22:00:00+00:00,CAL,California,D,Demand,41464,megawatthours
2025-08-12 23:00:00+00:00,CAL,California,D,Demand,41835,megawatthours
2025-08-13 00:00:00+00:00,CAL,California,D,Demand,43504,megawatthours
2025-08-13 01:00:00+00:00,CAL,California,D,Demand,45315,megawatthours
2025-08-13 02:00:00+00:00,CAL,California,D,Demand,46136,megawatthours
2025-08-13 03:00:00+00:00,CAL,California,D,Demand,46347,megawatthours
2025-08-13 04:00:00+00:00,CAL,California,D,Demand,44769,megawatthours
2025-08-13 05:00:00+00:00,CAL,California,D,Demand,43446,megawatthours
2025-08-13 06:00:00+00:00,CAL,California,D,Demand,41469,megawatthours
2025-08-13 07:00:00+00:00,CAL,California,D,Demand,38565,megawatthours
2025-08-13 08:00:00+00:00,CAL,California,D,Demand,35749,megawatthours
2025-08-13 09:00:00+00:00,CAL,California,D,Demand,33698,megawatthours
2025-08-13 10:00:00+00:00,CAL,California,D,Demand,31923,megawatthours
2025-08-13 11:00:00+00:00,CAL,California,D,Demand,30731,megawatthours
2025-08-13 12:00:00+00:00,CAL,California,D,Demand,30146,megawatthours
2025-08-13 13:00:00+00:00,CAL,California,D,Demand,30048,megawatthours
2025-08-13 14:00:00+00:00,CAL,California,D,Demand,30738,megawatthours
2025-08-13 15:00:00+00:00,CAL,California,D,Demand,33378,megawatthours
2025-08-13 16:00:00+00:00,CAL,California,D,Demand,35506,megawatthours
2025-08-13 17:00:00+00:00,CAL,California,D,Demand,38460,megawatthours
2025-08-13 18:00:00+00:00,CAL,California,D,Demand,40128,megawatthours
2025-08-13 19:00:00+00:00,CAL,California,D,Demand,40363,megawatthours
2025-08-13 20:00:00+00:00,CAL,California,D,Demand,40287,megawatthours
2025-08-13 21:00:00+00:00,CAL,California,D,Demand,40467,megawatthours
2025-08-13 22:00:00+00:00,CAL,California,D,Demand,39633,megawatthours
2025-08-13 23:00:00+00:00,CAL,California,D,Demand,40582,megawatthours
2025-08-14 00:00:00+00:00,CAL,California,D,Demand,42442,megawatthours
2025-08-14 01:00:00+00:00,CAL,California,D,Demand,44200,megawatthours
2025-08-14 02:00:00+00:00,CAL,California,D,Demand,45123,megawatthours
2025-08-14 03:00:00+00:00,CAL,California,D,Demand,44922,megawatthours
2025-08-14 04:00:00+00:00,CAL,California,D,Demand,43504,megawatthours
2025-08-14 05:00:00+00:00,CAL,California,D,Demand,42266,megawatthours
2025-08-14 06:00:00+00:00,CAL,California,D,Demand,40476,megawatthours
2025-08-14 07:00:00+00:00,CAL,California,D,Demand,37707,megawatthours
2025-08-14 08:00:00+00:00,CAL,California,D,Demand,34926,megawatthours
2025-08-14 09:00:00+00:00,CAL,California,D,Demand,33223,megawatthours
2025-08-14 10:00:00+00:00,CAL,California,D,Demand,31659,megawatthours
2025-08-14 11:00:00+00:00,CAL,California,D,Demand,30373,megawatthours
2025-08-14 12:00:00+00:00,CAL,California,D,Demand,29744,megawatthours
2025-08-14 13:00:00+00:00,CAL,California,D,Demand,29809,megawatthours
2025-08-14 14:00:00+00:00,CAL,California,D,Demand,30733,megawatthours
2025-08-14 15:00:00+00:00,CAL,California,D,Demand,32265,megawatthours
2025-08-14 16:00:00+00:00,CAL,California,D,Demand,34869,megawatthours
2025-08-14 17:00:00+00:00,CAL,California,D,Demand,38351,megawatthours
2025-08-14 18:00:00+00:00,CAL,California,D,Demand,39785,megawatthours
2025-08-14 19:00:00+00:00,CAL,California,D,Demand,39344,megawatthours
2025-08-14 20:00:00+00:00,CAL,California,D,Demand,38989,megawatthours
2025-08-14 21:00:00+00:00,CAL,California,D,Demand,38639,megawatthours
2025-08-14 22:00:00+00:00,CAL,California,D,Demand,38639,megawatthours
2025-08-14 23:00:00+00:00,CAL,California,D,Demand,39831,megawatthours
2025-08-15 00:00:00+00:00,CAL,California,D,Demand,41625,megawatthours
2025-08-15 01:00:00+00:00,CAL,California,D,Demand,42812,megawatthours
2025-08-15 02:00:00+00:00,CAL,California,D,Demand,43567,megawatthours
2025-08-15 03:00:00+00:00,CAL,California,D,Demand,43308,megawatthours
2025-08-15 04:00:00+00:00,CAL,California,D,Demand,42302,megawatthours
2025-08-15 05:00:00+00:00,CAL,California,D,Demand,41333,megawatthours
2025-08-15 06:00:00+00:00,CAL,California,D,Demand,39656,megawatthours
2025-08-15 07:00:00+00:00,CAL,California,D,Demand,37028,megawatthours
2025-08-15 08:00:00+00:00,CAL,California,D,Demand,34345,megawatthours
2025-08-15 09:00:00+00:00,CAL,California,D,Demand,32601,megawatthours
2025-08-15 10:00:00+00:00,CAL,California,D,Demand,31128,megawatthours
2025-08-15 11:00:00+00:00,CAL,California,D,Demand,30153,megawatthours
2025-08-15 12:00:00+00:00,CAL,California,D,Demand,29400,megawatthours
2025-08-15 13:00:00+00:00,CAL,California,D,Demand,29038,megawatthours
2025-08-15 14:00:00+00:00,CAL,California,D,Demand,29975,megawatthours
2025-08-15 15:00:00+00:00,CAL,California,D,Demand,31606,megawatthours
2025-08-15 16:00:00+00:00,CAL,California,D,Demand,33618,megawatthours
2025-08-15 17:00:00+00:00,CAL,California,D,Demand,36792,megawatthours
2025-08-15 18:00:00+00:00,CAL,California,D,Demand,38580,megawatthours
2025-08-15 19:00:00+00:00,CAL,California,D,Demand,38968,megawatthours
2025-08-15 20:00:00+00:00,CAL,California,D,Demand,38890,megawatthours
2025-08-15 21:00:00+00:00,CAL,California,D,Demand,39101,megawatthours
2025-08-15 22:00:00+00:00,CAL,California,D,Demand,39085,megawatthours
2025-08-15 23:00:00+00:00,CAL,California,D,Demand,39454,megawatthours
2025-08-16 00:00:00+00:00,CAL,California,D,Demand,40370,megawatthours
2025-08-16 01:00:00+00:00,CAL,California,D,Demand,42140,megawatthours
2025-08-16 02:00:00+00:00,CAL,California,D,Demand,42615,megawatthours
2025-08-16 03:00:00+00:00,CAL,California,D,Demand,42685,megawatthours
2025-08-16 04:00:00+00:00,CAL,California,D,Demand,41503,megawatthours
2025-08-16 05:00:00+00:00,CAL,California,D,Demand,40339,megawatthours
2025-08-16 06:00:00+00:00,CAL,California,D,Demand,38687,megawatthours
2025-08-16 07:00:00+00:00,CAL,California,D,Demand,36299,megawatthours
2025-08-16 08:00:00+00:00,CAL,California,D,Demand,34101,megawatthours
2025-08-16 09:00:00+00:00,CAL,California,D,Demand,32279,megawatthours
2025-08-16 10:00:00+00:00,CAL,California,D,Demand,30810,megawatthours
2025-08-16 11:00:00+00:00,CAL,California,D,Demand,29384,megawatthours
2025-08-16 12:00:00+00:00,CAL,California,D,Demand,28420,megawatthours
2025-08-16 13:00:00+00:00,CAL,California,D,Demand,28118,megawatthours
2025-08-16 14:00:00+00:00,CAL,California,D,Demand,28214,megawatthours
2025-08-16 15:00:00+00:00,CAL,California,D,Demand,28506,megawatthours
2025-08-16 16:00:00+00:00,CAL,California,D,Demand,30448,megawatthours
2025-08-16 17:00:00+00:00,CAL,California,D,Demand,33816,megawatthours
2025-08-16 18:00:00+00:00,CAL,California,D,Demand,35556,megawatthours
2025-08-16 19:00:00+00:00,CAL,California,D,Demand,35665,megawatthours
2025-08-16 20:00:00+00:00,CAL,California,D,Demand,34932,megawatthours
2025-08-16 21:00:00+00:00,CAL,California,D,Demand,33910,megawatthours
2025-08-16 22:00:00+00:00,CAL,California,D,Demand,34356,megawatthours
2025-08-16 23:00:00+00:00,CAL,California,D,Demand,34795,megawatthours
2025-08-17 00:00:00+00:00,CAL,California,D,Demand,35762,megawatthours
2025-08-17 01:00:00+00:00,CAL,California,D,Demand,37308,megawatthours
2025-08-17 02:00:00+00:00,CAL,California,D,Demand,38443,megawatthours
2025-08-17 03:00:00+00:00,CAL,California,D,Demand,39062,megawatthours
2025-08-17 04:00:00+00:00,CAL,California,D,Demand,38454,megawatthours
2025-08-17 05:00:00+00:00,CAL,California,D,Demand,37839,megawatthours
2025-08-17 06:00:00+00:00,CAL,California,D,Demand,36645,megawatthours
2025-08-17 07:00:00+00:00,CAL,California,D,Demand,34631,megawatthours
2025-08-17 08:00:00+00:00,CAL,California,D,Demand,32523,megawatthours
2025-08-17 09:00:00+00:00,CAL,California,D,Demand,30885,megawatthours
2025-08-17 10:00:00+00:00,CAL,California,D,Demand,29477,megawatthours
2025-08-17 11:00:00+00:00,CAL,California,D,Demand,28636,megawatthours
2025-08-17 12:00:00+00:00,CAL,California,D,Demand,27937,megawatthours
2025-08-17 13:00:00+00:00,CAL,California,D,Demand,27431,megawatthours
2025-08-17 14:00:00+00:00,CAL,California,D,Demand,27040,megawatthours
2025-08-17 15:00:00+00:00,CAL,California,D,Demand,26950,megawatthours
2025-08-17 16:00:00+00:00,CAL,California,D,Demand,28634,megawatthours
2025-08-17 17:00:00+00:00,CAL,California,D,Demand,31136,megawatthours
2025-08-17 18:00:00+00:00,CAL,California,D,Demand,31494,megawatthours
2025-08-17 19:00:00+00:00,CAL,California,D,Demand,31976,megawatthours
2025-08-17 20:00:00+00:00,CAL,California,D,Demand,32612,megawatthours
2025-08-17 21:00:00+00:00,CAL,California,D,Demand,32726,megawatthours
2025-08-17 22:00:00+00:00,CAL,California,D,Demand,33110,megawatthours
2025-08-17 23:00:00+00:00,CAL,California,D,Demand,32983,megawatthours
2025-08-18 00:00:00+00:00,CAL,California,D,Demand,34367,megawatthours
2025-08-18 01:00:00+00:00,CAL,California,D,Demand,36574,megawatthours
2025-08-18 02:00:00+00:00,CAL,California,D,Demand,38625,megawatthours
2025-08-18 03:00:00+00:00,CAL,California,D,Demand,39119,megawatthours
2025-08-18 04:00:00+00:00,CAL,California,D,Demand,38672,megawatthours
2025-08-18 05:00:00+00:00,CAL,California,D,Demand,38183,megawatthours
2025-08-18 06:00:00+00:00,CAL,California,D,Demand,36779,megawatthours
2025-08-18 07:00:00+00:00,CAL,California,D,Demand,34494,megawatthours
2025-08-18 08:00:00+00:00,CAL,California,D,Demand,32030,megawatthours
2025-08-18 09:00:00+00:00,CAL,California,D,Demand,30360,megawatthours
2025-08-18 10:00:00+00:00,CAL,California,D,Demand,29248,megawatthours
2025-08-18 11:00:00+00:00,CAL,California,D,Demand,28249,megawatthours
2025-08-18 12:00:00+00:00,CAL,California,D,Demand,27542,megawatthours
2025-08-18 13:00:00+00:00,CAL,California,D,Demand,27417,megawatthours
2025-08-18 14:00:00+00:00,CAL,California,D,Demand,28271,megawatthours
2025-08-18 15:00:00+00:00,CAL,California,D,Demand,29748,megawatthours
2025-08-18 16:00:00+00:00,CAL,California,D,Demand,32056,megawatthours
2025-08-18 17:00:00+00:00,CAL,California,D,Demand,35728,megawatthours
2025-08-18 18:00:00+00:00,CAL,California,D,Demand,36305,megawatthours
2025-08-18 19:00:00+00:00,CAL,California,D,Demand,38888,megawatthours
2025-08-18 20:00:00+00:00,CAL,California,D,Demand,37690,megawatthours
2025-08-18 21:00:00+00:00,CAL,California,D,Demand,37113,megawatthours
2025-08-18 22:00:00+00:00,CAL,California,D,Demand,37055,megawatthours
2025-08-18 23:00:00+00:00,CAL,California,D,Demand,37891,megawatthours
2025-08-19 00:00:00+00:00,CAL,California,D,Demand,39561,megawatthours
2025-08-19 01:00:00+00:00,CAL,California,D,Demand,41488,megawatthours
2025-08-19 02:00:00+00:00,CAL,California,D,Demand,42741,megawatthours
2025-08-19 03:00:00+00:00,CAL,California,D,Demand,43404,megawatthours
2025-08-19 04:00:00+00:00,CAL,California,D,Demand,42425,megawatthours
2025-08-19 05:00:00+00:00,CAL,California,D,Demand,41275,megawatthours
2025-08-19 06:00:00+00:00,CAL,California,D,Demand,39183,megawatthours
2025-08-19 07:00:00+00:00,CAL,California,D,Demand,36496,megawatthours
2025-08-19 08:00:00+00:00,CAL,California,D,Demand,33814,megawatthours
2025-08-19 09:00:00+00:00,CAL,California,D,Demand,31997,megawatthours
2025-08-19 10:00:00+00:00,CAL,California,D,Demand,30539,megawatthours
2025-08-19 11:00:00+00:00,CAL,California,D,Demand,29475,megawatthours
2025-08-19 12:00:00+00:00,CAL,California,D,Demand,29232,megawatthours
2025-08-19 13:00:00+00:00,CAL,California,D,Demand,29017,megawatthours
2025-08-19 14:00:00+00:00,CAL,California,D,Demand,29596,megawatthours
2025-08-19 15:00:00+00:00,CAL,California,D,Demand,31284,megawatthours
2025-08-19 16:00:00+00:00,CAL,California,D,Demand,33156,megawatthours
2025-08-19 17:00:00+00:00,CAL,California,D,Demand,36735,megawatthours
2025-08-19 18:00:00+00:00,CAL,California,D,Demand,39340,megawatthours
2025-08-19 19:00:00+00:00,CAL,California,D,Demand,39697,megawatthours
2025-08-19 20:00:00+00:00,CAL,California,D,Demand,39980,megawatthours
2025-08-19 21:00:00+00:00,CAL,California,D,Demand,39688,megawatthours
2025-08-19 22:00:00+00:00,CAL,California,D,Demand,39726,megawatthours
2025-08-19 23:00:00+00:00,CAL,California,D,Demand,40634,megawatthours
2025-08-20 00:00:00+00:00,CAL,California,D,Demand,42594,megawatthours
2025-08-20 01:00:00+00:00,CAL,California,D,Demand,44291,megawatthours
2025-08-20 02:00:00+00:00,CAL,California,D,Demand,45678,megawatthours
2025-08-20 03:00:00+00:00,CAL,California,D,Demand,46328,megawatthours
2025-08-20 04:00:00+00:00,CAL,California,D,Demand,44742,megawatthours
2025-08-20 05:00:00+00:00,CAL,California,D,Demand,43278,megawatthours
2025-08-20 06:00:00+00:00,CAL,California,D,Demand,41295,megawatthours
2025-08-20 07:00:00+00:00,CAL,California,D,Demand,38188,megawatthours
2025-08-20 08:00:00+00:00,CAL,California,D,Demand,35106,megawatthours
2025-08-20 09:00:00+00:00,CAL,California,D,Demand,33387,megawatthours
2025-08-20 10:00:00+00:00,CAL,California,D,Demand,31844,megawatthours
2025-08-20 11:00:00+00:00,CAL,California,D,Demand,30645,megawatthours
2025-08-20 12:00:00+00:00,CAL,California,D,Demand,30410,megawatthours
2025-08-20 13:00:00+00:00,CAL,California,D,Demand,30065,megawatthours
2025-08-20 14:00:00+00:00,CAL,California,D,Demand,30481,megawatthours
2025-08-20 15:00:00+00:00,CAL,California,D,Demand,32293,megawatthours
2025-08-20 16:00:00+00:00,CAL,California,D,Demand,35238,megawatthours
2025-08-20 17:00:00+00:00,CAL,California,D,Demand,38589,megawatthours
2025-08-20 18:00:00+00:00,CAL,California,D,Demand,40686,megawatthours
2025-08-20 19:00:00+00:00,CAL,California,D,Demand,41021,megawatthours
2025-08-20 20:00:00+00:00,CAL,California,D,Demand,41488,megawatthours
2025-08-20 21:00:00+00:00,CAL,California,D,Demand,41396,megawatthours
2025-08-20 22:00:00+00:00,CAL,California,D,Demand,42090,megawatthours
2025-08-20 23:00:00+00:00,CAL,California,D,Demand,44083,megawatthours
2025-08-21 00:00:00+00:00,CAL,California,D,Demand,46911,megawatthours
2025-08-21 01:00:00+00:00,CAL,California,D,Demand,49084,megawatthours
2025-08-21 02:00:00+00:00,CAL,California,D,Demand,50423,megawatthours
2025-08-21 03:00:00+00:00,CAL,California,D,Demand,50395,megawatthours
2025-08-21 04:00:00+00:00,CAL,California,D,Demand,48498,megawatthours
2025-08-21 05:00:00+00:00,CAL,California,D,Demand,46844,megawatthours
2025-08-21 06:00:00+00:00,CAL,California,D,Demand,44148,megawatthours
2025-08-21 07:00:00+00:00,CAL,California,D,Demand,40631,megawatthours
2025-08-21 08:00:00+00:00,CAL,California,D,Demand,37411,megawatthours
2025-08-21 09:00:00+00:00,CAL,California,D,Demand,35106,megawatthours
2025-08-21 10:00:00+00:00,CAL,California,D,Demand,33418,megawatthours
2025-08-21 11:00:00+00:00,CAL,California,D,Demand,32261,megawatthours
2025-08-21 12:00:00+00:00,CAL,California,D,Demand,31387,megawatthours
2025-08-21 13:00:00+00:00,CAL,California,D,Demand,30751,megawatthours
2025-08-21 14:00:00+00:00,CAL,California,D,Demand,31508,megawatthours
2025-08-21 15:00:00+00:00,CAL,California,D,Demand,33288,megawatthours
2025-08-21 16:00:00+00:00,CAL,California,D,Demand,36948,megawatthours
2025-08-21 17:00:00+00:00,CAL,California,D,Demand,41691,megawatthours
2025-08-21 18:00:00+00:00,CAL,California,D,Demand,43513,megawatthours
2025-08-21 19:00:00+00:00,CAL,California,D,Demand,44420,megawatthours
2025-08-21 20:00:00+00:00,CAL,California,D,Demand,44404,megawatthours
2025-08-21 21:00:00+00:00,CAL,California,D,Demand,45226,megawatthours
2025-08-21 22:00:00+00:00,CAL,California,D,Demand,46833,megawatthours
2025-08-21 23:00:00+00:00,CAL,California,D,Demand,49400,megawatthours
2025-08-22 00:00:00+00:00,CAL,California,D,Demand,51946,megawatthours
2025-08-22 01:00:00+00:00,CAL,California,D,Demand,53518,megawatthours
2025-08-22 02:00:00+00:00,CAL,California,D,Demand,54517,megawatthours
2025-08-22 03:00:00+00:00,CAL,California,D,Demand,54208,megawatthours
2025-08-22 04:00:00+00:00,CAL,California,D,Demand,52244,megawatthours
2025-08-22 05:00:00+00:00,CAL,California,D,Demand,50190,megawatthours
2025-08-22 06:00:00+00:00,CAL,California,D,Demand,47361,megawatthours
2025-08-22 07:00:00+00:00,CAL,California,D,Demand,43707,megawatthours
2025-08-22 08:00:00+00:00,CAL,California,D,Demand,40036,megawatthours
2025-08-22 09:00:00+00:00,CAL,California,D,Demand,37405,megawatthours
2025-08-22 10:00:00+00:00,CAL,California,D,Demand,35738,megawatthours
2025-08-22 11:00:00+00:00,CAL,California,D,Demand,34716,megawatthours
2025-08-22 12:00:00+00:00,CAL,California,D,Demand,33397,megawatthours
2025-08-22 13:00:00+00:00,CAL,California,D,Demand,32908,megawatthours
2025-08-22 14:00:00+00:00,CAL,California,D,Demand,33325,megawatthours
2025-08-22 15:00:00+00:00,CAL,California,D,Demand,35126,megawatthours
2025-08-22 16:00:00+00:00,CAL,California,D,Demand,38462,megawatthours
2025-08-22 17:00:00+00:00,CAL,California,D,Demand,41128,megawatthours
2025-08-22 18:00:00+00:00,CAL,California,D,Demand,44164,megawatthours
2025-08-22 19:00:00+00:00,CAL,California,D,Demand,45089,megawatthours
2025-08-22 20:00:00+00:00,CAL,California,D,Demand,45495,megawatthours
2025-08-22 21:00:00+00:00,CAL,California,D,Demand,46108,megawatthours
2025-08-22 22:00:00+00:00,CAL,California,D,Demand,47706,megawatthours
2025-08-22 23:00:00+00:00,CAL,California,D,Demand,49237,megawatthours
2025-08-23 00:00:00+00:00,CAL,California,D,Demand,51768,megawatthours
2025-08-23 01:00:00+00:00,CAL,California,D,Demand,53066,megawatthours
2025-08-23 02:00:00+00:00,CAL,California,D,Demand,53561,megawatthours
2025-08-23 03:00:00+00:00,CAL,California,D,Demand,52248,megawatthours
2025-08-23 04:00:00+00:00,CAL,California,D,Demand,50454,megawatthours
2025-08-23 05:00:00+00:00,CAL,California,D,Demand,48562,megawatthours
2025-08-23 06:00:00+00:00,CAL,California,D,Demand,46270,megawatthours
2025-08-23 07:00:00+00:00,CAL,California,D,Demand,43185,megawatthours
2025-08-23 08:00:00+00:00,CAL,California,D,Demand,39894,megawatthours
2025-08-23 09:00:00+00:00,CAL,California,D,Demand,37394,megawatthours
2025-08-23 10:00:00+00:00,CAL,California,D,Demand,35323,megawatthours
2025-08-23 11:00:00+00:00,CAL,California,D,Demand,33203,megawatthours
2025-08-23 12:00:00+00:00,CAL,California,D,Demand,32346,megawatthours
2025-08-23 13:00:00+00:00,CAL,California,D,Demand,31651,megawatthours
2025-08-23 14:00:00+00:00,CAL,California,D,Demand,31860,megawatthours
2025-08-23 15:00:00+00:00,CAL,California,D,Demand,31765,megawatthours
2025-08-23 16:00:00+00:00,CAL,California,D,Demand,35904,megawatthours
2025-08-23 17:00:00+00:00,CAL,California,D,Demand,39008,megawatthours
2025-08-23 18:00:00+00:00,CAL,California,D,Demand,39394,megawatthours
2025-08-23 19:00:00+00:00,CAL,California,D,Demand,40115,megawatthours
2025-08-23 20:00:00+00:00,CAL,California,D,Demand,39767,megawatthours
2025-08-23 21:00:00+00:00,CAL,California,D,Demand,40524,megawatthours
2025-08-23 22:00:00+00:00,CAL,California,D,Demand,42405,megawatthours
2025-08-23 23:00:00+00:00,CAL,California,D,Demand,43621,megawatthours
2025-08-24 00:00:00+00:00,CAL,California,D,Demand,45497,megawatthours
2025-08-24 01:00:00+00:00,CAL,California,D,Demand,47141,megawatthours
2025-08-24 02:00:00+00:00,CAL,California,D,Demand,47777,megawatthours
2025-08-24 03:00:00+00:00,CAL,California,D,Demand,46980,megawatthours
2025-08-24 04:00:00+00:00,CAL,California,D,Demand,45539,megawatthours
2025-08-24 05:00:00+00:00,CAL,California,D,Demand,44645,megawatthours
2025-08-24 06:00:00+00:00,CAL,California,D,Demand,42664,megawatthours
2025-08-24 07:00:00+00:00,CAL,California,D,Demand,39853,megawatthours
2025-08-24 08:00:00+00:00,CAL,California,D,Demand,37259,megawatthours
2025-08-24 09:00:00+00:00,CAL,California,D,Demand,35064,megawatthours
2025-08-24 10:00:00+00:00,CAL,California,D,Demand,33168,megawatthours
2025-08-24 11:00:00+00:00,CAL,California,D,Demand,31528,megawatthours
2025-08-24 12:00:00+00:00,CAL,California,D,Demand,30612,megawatthours
2025-08-24 13:00:00+00:00,CAL,California,D,Demand,30538,megawatthours
2025-08-24 14:00:00+00:00,CAL,California,D,Demand,30434,megawatthours
2025-08-24 15:00:00+00:00,CAL,California,D,Demand,30471,megawatthours
2025-08-24 16:00:00+00:00,CAL,California,D,Demand,32525,megawatthours
2025-08-24 17:00:00+00:00,CAL,California,D,Demand,36699,megawatthours
2025-08-24 18:00:00+00:00,CAL,California,D,Demand,38833,megawatthours
2025-08-24 19:00:00+00:00,CAL,California,D,Demand,39403,megawatthours
2025-08-24 20:00:00+00:00,CAL,California,D,Demand,40100,megawatthours
2025-08-24 21:00:00+00:00,CAL,California,D,Demand,40046,megawatthours
2025-08-24 22:00:00+00:00,CAL,California,D,Demand,40245,megawatthours
2025-08-24 23:00:00+00:00,CAL,California,D,Demand,41889,megawatthours
2025-08-25 00:00:00+00:00,CAL,California,D,Demand,44360,megawatthours
2025-08-25 01:00:00+00:00,CAL,California,D,Demand,45833,megawatthours
2025-08-25 02:00:00+00:00,CAL,California,D,Demand,47690,megawatthours
2025-08-25 03:00:00+00:00,CAL,California,D,Demand,48081,megawatthours
2025-08-25 04:00:00+00:00,CAL,California,D,Demand,46561,megawatthours
2025-08-25 05:00:00+00:00,CAL,California,D,Demand,45014,megawatthours
2025-08-25 06:00:00+00:00,CAL,California,D,Demand,42538,megawatthours
2025-08-25 07:00:00+00:00,CAL,California,D,Demand,39559,megawatthours
2025-08-25 08:00:00+00:00,CAL,California,D,Demand,36574,megawatthours
2025-08-25 09:00:00+00:00,CAL,California,D,Demand,34768,megawatthours
2025-08-25 10:00:00+00:00,CAL,California,D,Demand,33316,megawatthours
2025-08-25 11:00:00+00:00,CAL,California,D,Demand,32596,megawatthours
2025-08-25 12:00:00+00:00,CAL,California,D,Demand,32344,megawatthours
2025-08-25 13:00:00+00:00,CAL,California,D,Demand,32134,megawatthours
2025-08-25 14:00:00+00:00,CAL,California,D,Demand,32869,megawatthours
2025-08-25 15:00:00+00:00,CAL,California,D,Demand,34398,megawatthours
2025-08-25 16:00:00+00:00,CAL,California,D,Demand,36791,megawatthours
2025-08-25 17:00:00+00:00,CAL,California,D,Demand,41274,megawatthours
2025-08-25 18:00:00+00:00,CAL,California,D,Demand,42419,megawatthours
2025-08-25 19:00:00+00:00,CAL,California,D,Demand,43006,megawatthours
2025-08-25 20:00:00+00:00,CAL,California,D,Demand,43420,megawatthours
2025-08-25 21:00:00+00:00,CAL,California,D,Demand,43889,megawatthours
2025-08-25 22:00:00+00:00,CAL,California,D,Demand,44762,megawatthours
2025-08-25 23:00:00+00:00,CAL,California,D,Demand,46010,megawatthours
2025-08-26 00:00:00+00:00,CAL,California,D,Demand,47409,megawatthours
2025-08-26 01:00:00+00:00,CAL,California,D,Demand,48704,megawatthours
2025-08-26 02:00:00+00:00,CAL,California,D,Demand,49624,megawatthours
2025-08-26 03:00:00+00:00,CAL,California,D,Demand,49266,megawatthours
2025-08-26 04:00:00+00:00,CAL,California,D,Demand,47759,megawatthours
2025-08-26 05:00:00+00:00,CAL,California,D,Demand,46091,megawatthours
2025-08-26 06:00:00+00:00,CAL,California,D,Demand,43842,megawatthours
2025-08-26 07:00:00+00:00,CAL,California,D,Demand,40343,megawatthours
2025-08-26 08:00:00+00:00,CAL,California,D,Demand,37394,megawatthours
2025-08-26 09:00:00+00:00,CAL,California,D,Demand,35142,megawatthours
2025-08-26 10:00:00+00:00,CAL,California,D,Demand,33615,megawatthours
2025-08-26 11:00:00+00:00,CAL,California,D,Demand,32503,megawatthours
2025-08-26 12:00:00+00:00,CAL,California,D,Demand,32119,megawatthours
2025-08-26 13:00:00+00:00,CAL,California,D,Demand,31895,megawatthours
2025-08-26 14:00:00+00:00,CAL,California,D,Demand,32323,megawatthours
2025-08-26 15:00:00+00:00,CAL,California,D,Demand,33675,megawatthours
2025-08-26 16:00:00+00:00,CAL,California,D,Demand,35634,megawatthours
2025-08-26 17:00:00+00:00,CAL,California,D,Demand,39476,megawatthours
2025-08-26 18:00:00+00:00,CAL,California,D,Demand,42189,megawatthours
2025-08-26 19:00:00+00:00,CAL,California,D,Demand,42911,megawatthours
2025-08-26 20:00:00+00:00,CAL,California,D,Demand,42495,megawatthours
2025-08-26 21:00:00+00:00,CAL,California,D,Demand,41931,megawatthours
2025-08-26 22:00:00+00:00,CAL,California,D,Demand,41935,megawatthours
2025-08-26 23:00:00+00:00,CAL,California,D,Demand,42273,megawatthours
2025-08-27 00:00:00+00:00,CAL,California,D,Demand,43735,megawatthours
2025-08-27 01:00:00+00:00,CAL,California,D,Demand,45509,megawatthours
2025-08-27 02:00:00+00:00,CAL,California,D,Demand,46957,megawatthours
2025-08-27 03:00:00+00:00,CAL,California,D,Demand,47196,megawatthours
2025-08-27 04:00:00+00:00,CAL,California,D,Demand,45611,megawatthours
2025-08-27 05:00:00+00:00,CAL,California,D,Demand,44188,megawatthours
2025-08-27 06:00:00+00:00,CAL,California,D,Demand,42163,megawatthours
2025-08-27 07:00:00+00:00,CAL,California,D,Demand,38952,megawatthours
2025-08-27 08:00:00+00:00,CAL,California,D,Demand,36113,megawatthours
2025-08-27 09:00:00+00:00,CAL,California,D,Demand,34049,megawatthours
2025-08-27 10:00:00+00:00,CAL,California,D,Demand,32377,megawatthours
2025-08-27 11:00:00+00:00,CAL,California,D,Demand,30938,megawatthours
2025-08-27 12:00:00+00:00,CAL,California,D,Demand,30129,megawatthours
2025-08-27 13:00:00+00:00,CAL,California,D,Demand,29825,megawatthours
2025-08-27 14:00:00+00:00,CAL,California,D,Demand,30947,megawatthours
2025-08-27 15:00:00+00:00,CAL,California,D,Demand,32958,megawatthours
2025-08-27 16:00:00+00:00,CAL,California,D,Demand,35387,megawatthours
2025-08-27 17:00:00+00:00,CAL,California,D,Demand,39972,megawatthours
2025-08-27 18:00:00+00:00,CAL,California,D,Demand,41713,megawatthours
2025-08-27 19:00:00+00:00,CAL,California,D,Demand,42137,megawatthours
2025-08-27 20:00:00+00:00,CAL,California,D,Demand,42326,megawatthours
2025-08-27 21:00:00+00:00,CAL,California,D,Demand,42416,megawatthours
2025-08-27 22:00:00+00:00,CAL,California,D,Demand,42914,megawatthours
2025-08-27 23:00:00+00:00,CAL,California,D,Demand,44565,megawatthours
2025-08-28 00:00:00+00:00,CAL,California,D,Demand,46162,megawatthours
2025-08-28 01:00:00+00:00,CAL,California,D,Demand,47196,megawatthours
2025-08-28 02:00:00+00:00,CAL,California,D,Demand,47437,megawatthours
2025-08-28 03:00:00+00:00,CAL,California,D,Demand,47477,megawatthours
2025-08-28 04:00:00+00:00,CAL,California,D,Demand,45827,megawatthours
2025-08-28 05:00:00+00:00,CAL,California,D,Demand,43810,megawatthours
2025-08-28 06:00:00+00:00,CAL,California,D,Demand,41632,megawatthours
2025-08-28 07:00:00+00:00,CAL,California,D,Demand,38862,megawatthours
2025-08-28 08:00:00+00:00,CAL,California,D,Demand,35915,megawatthours
2025-08-28 09:00:00+00:00,CAL,California,D,Demand,34015,megawatthours
2025-08-28 10:00:00+00:00,CAL,California,D,Demand,32811,megawatthours
2025-08-28 11:00:00+00:00,CAL,California,D,Demand,32149,megawatthours
2025-08-28 12:00:00+00:00,CAL,California,D,Demand,31528,megawatthours
2025-08-28 13:00:00+00:00,CAL,California,D,Demand,31315,megawatthours
2025-08-28 14:00:00+00:00,CAL,California,D,Demand,31828,megawatthours
2025-08-28 15:00:00+00:00,CAL,California,D,Demand,33659,megawatthours
2025-08-28 16:00:00+00:00,CAL,California,D,Demand,35209,megawatthours
2025-08-28 17:00:00+00:00,CAL,California,D,Demand,37267,megawatthours
2025-08-28 18:00:00+00:00,CAL,California,D,Demand,38279,megawatthours
2025-08-28 19:00:00+00:00,CAL,California,D,Demand,39292,megawatthours
2025-08-28 20:00:00+00:00,CAL,California,D,Demand,40517,megawatthours
2025-08-28 21:00:00+00:00,CAL,California,D,Demand,41113,megawatthours
2025-08-28 22:00:00+00:00,CAL,California,D,Demand,40233,megawatthours
2025-08-28 23:00:00+00:00,CAL,California,D,Demand,40317,megawatthours
2025-08-29 00:00:00+00:00,CAL,California,D,Demand,41496,megawatthours
2025-08-29 01:00:00+00:00,CAL,California,D,Demand,42847,megawatthours
2025-08-29 02:00:00+00:00,CAL,California,D,Demand,43293,megawatthours
2025-08-29 03:00:00+00:00,CAL,California,D,Demand,43894,megawatthours
2025-08-29 04:00:00+00:00,CAL,California,D,Demand,43378,megawatthours
2025-08-29 05:00:00+00:00,CAL,California,D,Demand,42094,megawatthours
2025-08-29 06:00:00+00:00,CAL,California,D,Demand,40483,megawatthours
2025-08-29 07:00:00+00:00,CAL,California,D,Demand,37723,megawatthours
2025-08-29 08:00:00+00:00,CAL,California,D,Demand,34864,megawatthours
2025-08-29 09:00:00+00:00,CAL,California,D,Demand,33067,megawatthours
2025-08-29 10:00:00+00:00,CAL,California,D,Demand,31569,megawatthours
2025-08-29 11:00:00+00:00,CAL,California,D,Demand,30424,megawatthours
2025-08-29 12:00:00+00:00,CAL,California,D,Demand,30143,megawatthours
2025-08-29 13:00:00+00:00,CAL,California,D,Demand,29858,megawatthours
2025-08-29 14:00:00+00:00,CAL,California,D,Demand,30504,megawatthours
2025-08-29 15:00:00+00:00,CAL,California,D,Demand,32194,megawatthours
2025-08-29 16:00:00+00:00,CAL,California,D,Demand,34565,megawatthours
2025-08-29 17:00:00+00:00,CAL,California,D,Demand,38295,megawatthours
2025-08-29 18:00:00+00:00,CAL,California,D,Demand,40764,megawatthours
2025-08-29 19:00:00+00:00,CAL,California,D,Demand,41257,megawatthours
2025-08-29 20:00:00+00:00,CAL,California,D,Demand,41117,megawatthours
2025-08-29 21:00:00+00:00,CAL,California,D,Demand,41573,megawatthours
2025-08-29 22:00:00+00:00,CAL,California,D,Demand,42266,megawatthours
2025-08-29 23:00:00+00:00,CAL,California,D,Demand,43312,megawatthours
2025-08-30 00:00:00+00:00,CAL,California,D,Demand,44452,megawatthours
2025-08-30 01:00:00+00:00,CAL,California,D,Demand,46152,megawatthours
2025-08-30 02:00:00+00:00,CAL,California,D,Demand,47444,megawatthours
2025-08-30 03:00:00+00:00,CAL,California,D,Demand,46742,megawatthours
2025-08-30 04:00:00+00:00,CAL,California,D,Demand,44938,megawatthours
2025-08-30 05:00:00+00:00,CAL,California,D,Demand,43111,megawatthours
2025-08-30 06:00:00+00:00,CAL,California,D,Demand,41080,megawatthours
2025-08-30 07:00:00+00:00,CAL,California,D,Demand,38490,megawatthours
2025-08-30 08:00:00+00:00,CAL,California,D,Demand,35981,megawatthours
2025-08-30 09:00:00+00:00,CAL,California,D,Demand,34073,megawatthours
2025-08-30 10:00:00+00:00,CAL,California,D,Demand,32445,megawatthours
2025-08-30 11:00:00+00:00,CAL,California,D,Demand,30707,megawatthours
2025-08-30 12:00:00+00:00,CAL,California,D,Demand,29571,megawatthours
2025-08-30 13:00:00+00:00,CAL,California,D,Demand,28972,megawatthours
2025-08-30 14:00:00+00:00,CAL,California,D,Demand,28781,megawatthours
2025-08-30 15:00:00+00:00,CAL,California,D,Demand,29324,megawatthours
2025-08-30 16:00:00+00:00,CAL,California,D,Demand,31653,megawatthours
2025-08-30 17:00:00+00:00,CAL,California,D,Demand,36543,megawatthours
2025-08-30 18:00:00+00:00,CAL,California,D,Demand,38408,megawatthours
2025-08-30 19:00:00+00:00,CAL,California,D,Demand,39030,megawatthours
2025-08-30 20:00:00+00:00,CAL,California,D,Demand,38831,megawatthours
2025-08-30 21:00:00+00:00,CAL,California,D,Demand,38960,megawatthours
2025-08-30 22:00:00+00:00,CAL,California,D,Demand,39779,megawatthours
2025-08-30 23:00:00+00:00,CAL,California,D,Demand,40923,megawatthours
2025-08-31 00:00:00+00:00,CAL,California,D,Demand,43395,megawatthours
2025-08-31 01:00:00+00:00,CAL,California,D,Demand,45581,megawatthours
2025-08-31 02:00:00+00:00,CAL,California,D,Demand,47405,megawatthours
2025-08-31 03:00:00+00:00,CAL,California,D,Demand,47935,megawatthours
2025-08-31 04:00:00+00:00,CAL,California,D,Demand,46293,megawatthours
2025-08-31 05:00:00+00:00,CAL,California,D,Demand,44297,megawatthours
2025-08-31 06:00:00+00:00,CAL,California,D,Demand,42116,megawatthours
2025-08-31 07:00:00+00:00,CAL,California,D,Demand,39339,megawatthours
2025-08-31 08:00:00+00:00,CAL,California,D,Demand,36792,megawatthours
2025-08-31 09:00:00+00:00,CAL,California,D,Demand,34812,megawatthours
2025-08-31 10:00:00+00:00,CAL,California,D,Demand,32465,megawatthours
2025-08-31 11:00:00+00:00,CAL,California,D,Demand,30946,megawatthours
2025-08-31 12:00:00+00:00,CAL,California,D,Demand,29561,megawatthours
2025-08-31 13:00:00+00:00,CAL,California,D,Demand,28586,megawatthours
2025-08-31 14:00:00+00:00,CAL,California,D,Demand,28354,megawatthours
2025-08-31 15:00:00+00:00,CAL,California,D,Demand,28720,megawatthours
2025-08-31 16:00:00+00:00,CAL,California,D,Demand,31302,megawatthours
2025-08-31 17:00:00+00:00,CAL,California,D,Demand,36136,megawatthours
2025-08-31 18:00:00+00:00,CAL,California,D,Demand,38003,megawatthours
2025-08-31 19:00:00+00:00,CAL,California,D,Demand,39072,megawatthours
2025-08-31 20:00:00+00:00,CAL,California,D,Demand,39689,megawatthours
2025-08-31 21:00:00+00:00,CAL,California,D,Demand,39774,megawatthours
2025-08-31 22:00:00+00:00,CAL,California,D,Demand,40745,megawatthours
2025-08-31 23:00:00+00:00,CAL,California,D,Demand,42831,megawatthours
2025-09-01 00:00:00+00:00,CAL,California,D,Demand,45260,megawatthours
2025-09-01 01:00:00+00:00,CAL,California,D,Demand,46750,megawatthours
2025-09-01 02:00:00+00:00,CAL,California,D,Demand,48693,megawatthours
2025-09-01 03:00:00+00:00,CAL,California,D,Demand,48777,megawatthours
2025-09-01 04:00:00+00:00,CAL,California,D,Demand,47074,megawatthours
2025-09-01 05:00:00+00:00,CAL,California,D,Demand,44766,megawatthours
2025-09-01 06:00:00+00:00,CAL,California,D,Demand,42339,megawatthours
2025-09-01 07:00:00+00:00,CAL,California,D,Demand,39772,megawatthours
2025-09-01 08:00:00+00:00,CAL,California,D,Demand,36644,megawatthours
2025-09-01 09:00:00+00:00,CAL,California,D,Demand,34376,megawatthours
2025-09-01 10:00:00+00:00,CAL,California,D,Demand,32619,megawatthours
2025-09-01 11:00:00+00:00,CAL,California,D,Demand,31112,megawatthours
2025-09-01 12:00:00+00:00,CAL,California,D,Demand,29862,megawatthours
2025-09-01 13:00:00+00:00,CAL,California,D,Demand,29271,megawatthours
2025-09-01 14:00:00+00:00,CAL,California,D,Demand,29363,megawatthours
2025-09-01 15:00:00+00:00,CAL,California,D,Demand,30064,megawatthours
2025-09-01 16:00:00+00:00,CAL,California,D,Demand,32470,megawatthours
2025-09-01 17:00:00+00:00,CAL,California,D,Demand,37136,megawatthours
2025-09-01 18:00:00+00:00,CAL,California,D,Demand,39349,megawatthours
2025-09-01 19:00:00+00:00,CAL,California,D,Demand,40502,megawatthours
2025-09-01 20:00:00+00:00,CAL,California,D,Demand,42270,megawatthours
2025-09-01 21:00:00+00:00,CAL,California,D,Demand,42455,megawatthours
2025-09-01 22:00:00+00:00,CAL,California,D,Demand,43604,megawatthours
2025-09-01 23:00:00+00:00,CAL,California,D,Demand,45044,megawatthours
2025-09-02 00:00:00+00:00,CAL,California,D,Demand,47816,megawatthours
2025-09-02 01:00:00+00:00,CAL,California,D,Demand,49771,megawatthours
2025-09-02 02:00:00+00:00,CAL,California,D,Demand,51180,megawatthours
2025-09-02 03:00:00+00:00,CAL,California,D,Demand,51241,megawatthours
2025-09-02 04:00:00+00:00,CAL,California,D,Demand,49767,megawatthours
2025-09-02 05:00:00+00:00,CAL,California,D,Demand,47354,megawatthours
2025-09-02 06:00:00+00:00,CAL,California,D,Demand,44811,megawatthours
2025-09-02 07:00:00+00:00,CAL,California,D,Demand,41126,megawatthours
2025-09-02 08:00:00+00:00,CAL,California,D,Demand,38107,megawatthours
2025-09-02 09:00:00+00:00,CAL,California,D,Demand,35819,megawatthours
2025-09-02 10:00:00+00:00,CAL,California,D,Demand,34605,megawatthours
2025-09-02 11:00:00+00:00,CAL,California,D,Demand,34126,megawatthours
2025-09-02 12:00:00+00:00,CAL,California,D,Demand,33700,megawatthours
2025-09-02 13:00:00+00:00,CAL,California,D,Demand,33547,megawatthours
2025-09-02 14:00:00+00:00,CAL,California,D,Demand,33408,megawatthours
2025-09-02 15:00:00+00:00,CAL,California,D,Demand,34809,megawatthours
2025-09-02 16:00:00+00:00,CAL,California,D,Demand,37263,megawatthours
2025-09-02 17:00:00+00:00,CAL,California,D,Demand,40131,megawatthours
2025-09-02 18:00:00+00:00,CAL,California,D,Demand,41104,megawatthours
2025-09-02 19:00:00+00:00,CAL,California,D,Demand,42759,megawatthours
2025-09-02 20:00:00+00:00,CAL,California,D,Demand,44735,megawatthours
2025-09-02 21:00:00+00:00,CAL,California,D,Demand,45258,megawatthours
2025-09-02 22:00:00+00:00,CAL,California,D,Demand,46367,megawatthours
2025-09-02 23:00:00+00:00,CAL,California,D,Demand,48939,megawatthours
2025-09-03 00:00:00+00:00,CAL,California,D,Demand,50901,megawatthours
2025-09-03 01:00:00+00:00,CAL,California,D,Demand,51456,megawatthours
2025-09-03 02:00:00+00:00,CAL,California,D,Demand,52635,megawatthours
2025-09-03 03:00:00+00:00,CAL,California,D,Demand,52252,megawatthours
2025-09-03 04:00:00+00:00,CAL,California,D,Demand,50249,megawatthours
2025-09-03 05:00:00+00:00,CAL,California,D,Demand,47966,megawatthours
2025-09-03 06:00:00+00:00,CAL,California,D,Demand,45386,megawatthours
2025-09-03 07:00:00+00:00,CAL,California,D,Demand,41873,megawatthours
2025-09-03 08:00:00+00:00,CAL,California,D,Demand,38507,megawatthours
2025-09-03 09:00:00+00:00,CAL,California,D,Demand,36093,megawatthours
2025-09-03 10:00:00+00:00,CAL,California,D,Demand,34290,megawatthours
2025-09-03 11:00:00+00:00,CAL,California,D,Demand,32491,megawatthours
2025-09-03 12:00:00+00:00,CAL,California,D,Demand,32515,megawatthours
2025-09-03 13:00:00+00:00,CAL,California,D,Demand,32311,megawatthours
2025-09-03 14:00:00+00:00,CAL,California,D,Demand,32702,megawatthours
2025-09-03 15:00:00+00:00,CAL,California,D,Demand,34411,megawatthours
2025-09-03 16:00:00+00:00,CAL,California,D,Demand,37359,megawatthours
2025-09-03 17:00:00+00:00,CAL,California,D,Demand,42649,megawatthours
2025-09-03 18:00:00+00:00,CAL,California,D,Demand,44374,megawatthours
2025-09-03 19:00:00+00:00,CAL,California,D,Demand,45359,megawatthours
2025-09-03 20:00:00+00:00,CAL,California,D,Demand,46184,megawatthours
2025-09-03 21:00:00+00:00,CAL,California,D,Demand,46096,megawatthours
2025-09-03 22:00:00+00:00,CAL,California,D,Demand,46808,megawatthours
2025-09-03 23:00:00+00:00,CAL,California,D,Demand,47812,megawatthours
2025-09-04 00:00:00+00:00,CAL,California,D,Demand,49577,megawatthours
2025-09-04 01:00:00+00:00,CAL,California,D,Demand,51074,megawatthours
2025-09-04 02:00:00+00:00,CAL,California,D,Demand,52111,megawatthours
2025-09-04 03:00:00+00:00,CAL,California,D,Demand,51688,megawatthours
2025-09-04 04:00:00+00:00,CAL,California,D,Demand,49953,megawatthours
2025-09-04 05:00:00+00:00,CAL,California,D,Demand,47753,megawatthours
2025-09-04 06:00:00+00:00,CAL,California,D,Demand,45167,megawatthours
2025-09-04 07:00:00+00:00,CAL,California,D,Demand,41644,megawatthours
2025-09-04 08:00:00+00:00,CAL,California,D,Demand,38379,megawatthours
2025-09-04 09:00:00+00:00,CAL,California,D,Demand,35951,megawatthours
2025-09-04 10:00:00+00:00,CAL,California,D,Demand,34231,megawatthours
2025-09-04 11:00:00+00:00,CAL,California,D,Demand,32965,megawatthours
2025-09-04 12:00:00+00:00,CAL,California,D,Demand,32321,megawatthours
2025-09-04 13:00:00+00:00,CAL,California,D,Demand,32224,megawatthours
2025-09-04 14:00:00+00:00,CAL,California,D,Demand,32427,megawatthours
2025-09-04 15:00:00+00:00,CAL,California,D,Demand,34163,megawatthours
2025-09-04 16:00:00+00:00,CAL,California,D,Demand,36392,megawatthours
2025-09-04 17:00:00+00:00,CAL,California,D,Demand,40635,megawatthours
2025-09-04 18:00:00+00:00,CAL,California,D,Demand,43436,megawatthours
2025-09-04 19:00:00+00:00,CAL,California,D,Demand,44682,megawatthours
2025-09-04 20:00:00+00:00,CAL,California,D,Demand,45111,megawatthours
2025-09-04 21:00:00+00:00,CAL,California,D,Demand,45310,megawatthours
2025-09-04 22:00:00+00:00,CAL,California,D,Demand,44435,megawatthours
2025-09-04 23:00:00+00:00,CAL,California,D,Demand,44836,megawatthours
2025-09-05 00:00:00+00:00,CAL,California,D,Demand,46144,megawatthours
2025-09-05 01:00:00+00:00,CAL,California,D,Demand,47581,megawatthours
2025-09-05 02:00:00+00:00,CAL,California,D,Demand,48769,megawatthours
2025-09-05 03:00:00+00:00,CAL,California,D,Demand,47970,megawatthours
2025-09-05 04:00:00+00:00,CAL,California,D,Demand,46577,megawatthours
2025-09-05 05:00:00+00:00,CAL,California,D,Demand,44761,megawatthours
2025-09-05 06:00:00+00:00,CAL,California,D,Demand,42468,megawatthours
2025-09-05 07:00:00+00:00,CAL,California,D,Demand,39333,megawatthours
2025-09-05 08:00:00+00:00,CAL,California,D,Demand,36698,megawatthours
2025-09-05 09:00:00+00:00,CAL,California,D,Demand,34355,megawatthours
2025-09-05 10:00:00+00:00,CAL,California,D,Demand,32502,megawatthours
2025-09-05 11:00:00+00:00,CAL,California,D,Demand,31577,megawatthours
2025-09-05 12:00:00+00:00,CAL,California,D,Demand,30444,megawatthours
2025-09-05 13:00:00+00:00,CAL,California,D,Demand,30106,megawatthours
2025-09-05 14:00:00+00:00,CAL,California,D,Demand,31032,megawatthours
2025-09-05 15:00:00+00:00,CAL,California,D,Demand,33023,megawatthours
2025-09-05 16:00:00+00:00,CAL,California,D,Demand,34499,megawatthours
2025-09-05 17:00:00+00:00,CAL,California,D,Demand,37420,megawatthours
2025-09-05 18:00:00+00:00,CAL,California,D,Demand,39025,megawatthours
2025-09-05 19:00:00+00:00,CAL,California,D,Demand,40322,megawatthours
2025-09-05 20:00:00+00:00,CAL,California,D,Demand,41173,megawatthours
2025-09-05 21:00:00+00:00,CAL,California,D,Demand,41441,megawatthours
2025-09-05 22:00:00+00:00,CAL,California,D,Demand,41805,megawatthours
2025-09-05 23:00:00+00:00,CAL,California,D,Demand,41680,megawatthours
2025-09-06 00:00:00+00:00,CAL,California,D,Demand,42973,megawatthours
2025-09-06 01:00:00+00:00,CAL,California,D,Demand,44788,megawatthours
2025-09-06 02:00:00+00:00,CAL,California,D,Demand,45507,megawatthours
2025-09-06 03:00:00+00:00,CAL,California,D,Demand,45007,megawatthours
2025-09-06 04:00:00+00:00,CAL,California,D,Demand,43209,megawatthours
2025-09-06 05:00:00+00:00,CAL,California,D,Demand,41697,megawatthours
2025-09-06 06:00:00+00:00,CAL,California,D,Demand,39743,megawatthours
2025-09-06 07:00:00+00:00,CAL,California,D,Demand,37259,megawatthours
2025-09-06 08:00:00+00:00,CAL,California,D,Demand,34757,megawatthours
2025-09-06 09:00:00+00:00,CAL,California,D,Demand,32971,megawatthours
2025-09-06 10:00:00+00:00,CAL,California,D,Demand,31213,megawatthours
2025-09-06 11:00:00+00:00,CAL,California,D,Demand,30095,megawatthours
2025-09-06 12:00:00+00:00,CAL,California,D,Demand,29189,megawatthours
2025-09-06 13:00:00+00:00,CAL,California,D,Demand,28618,megawatthours
2025-09-06 14:00:00+00:00,CAL,California,D,Demand,28767,megawatthours
2025-09-06 15:00:00+00:00,CAL,California,D,Demand,29317,megawatthours
2025-09-06 16:00:00+00:00,CAL,California,D,Demand,31217,megawatthours
2025-09-06 17:00:00+00:00,CAL,California,D,Demand,33935,megawatthours
2025-09-06 18:00:00+00:00,CAL,California,D,Demand,35420,megawatthours
2025-09-06 19:00:00+00:00,CAL,California,D,Demand,36768,megawatthours
2025-09-06 20:00:00+00:00,CAL,California,D,Demand,37407,megawatthours
2025-09-06 21:00:00+00:00,CAL,California,D,Demand,37142,megawatthours
2025-09-06 22:00:00+00:00,CAL,California,D,Demand,36832,megawatthours
2025-09-06 23:00:00+00:00,CAL,California,D,Demand,37211,megawatthours
2025-09-07 00:00:00+00:00,CAL,California,D,Demand,38832,megawatthours
2025-09-07 01:00:00+00:00,CAL,California,D,Demand,40693,megawatthours
2025-09-07 02:00:00+00:00,CAL,California,D,Demand,42344,megawatthours
2025-09-07 03:00:00+00:00,CAL,California,D,Demand,42244,megawatthours
2025-09-07 04:00:00+00:00,CAL,California,D,Demand,41464,megawatthours
2025-09-07 05:00:00+00:00,CAL,California,D,Demand,40208,megawatthours
2025-09-07 06:00:00+00:00,CAL,California,D,Demand,38424,megawatthours
2025-09-07 07:00:00+00:00,CAL,California,D,Demand,36219,megawatthours
2025-09-07 08:00:00+00:00,CAL,California,D,Demand,33849,megawatthours
2025-09-07 09:00:00+00:00,CAL,California,D,Demand,32159,megawatthours
2025-09-07 10:00:00+00:00,CAL,California,D,Demand,30717,megawatthours
2025-09-07 11:00:00+00:00,CAL,California,D,Demand,29402,megawatthours
2025-09-07 12:00:00+00:00,CAL,California,D,Demand,28344,megawatthours
2025-09-07 13:00:00+00:00,CAL,California,D,Demand,27749,megawatthours
2025-09-07 14:00:00+00:00,CAL,California,D,Demand,27268,megawatthours
2025-09-07 15:00:00+00:00,CAL,California,D,Demand,27730,megawatthours
2025-09-07 16:00:00+00:00,CAL,California,D,Demand,29788,megawatthours
2025-09-07 17:00:00+00:00,CAL,California,D,Demand,33286,megawatthours
2025-09-07 18:00:00+00:00,CAL,California,D,Demand,35394,megawatthours
2025-09-07 19:00:00+00:00,CAL,California,D,Demand,36147,megawatthours
2025-09-07 20:00:00+00:00,CAL,California,D,Demand,36214,megawatthours
2025-09-07 21:00:00+00:00,CAL,California,D,Demand,36019,megawatthours
2025-09-07 22:00:00+00:00,CAL,California,D,Demand,35708,megawatthours
2025-09-07 23:00:00+00:00,CAL,California,D,Demand,37430,megawatthours
2025-09-08 00:00:00+00:00,CAL,California,D,Demand,38841,megawatthours
2025-09-08 01:00:00+00:00,CAL,California,D,Demand,41099,megawatthours
2025-09-08 02:00:00+00:00,CAL,California,D,Demand,43159,megawatthours
2025-09-08 03:00:00+00:00,CAL,California,D,Demand,43349,megawatthours
2025-09-08 04:00:00+00:00,CAL,California,D,Demand,42486,megawatthours
2025-09-08 05:00:00+00:00,CAL,California,D,Demand,41052,megawatthours
2025-09-08 06:00:00+00:00,CAL,California,D,Demand,38995,megawatthours
2025-09-08 07:00:00+00:00,CAL,California,D,Demand,36324,megawatthours
2025-09-08 08:00:00+00:00,CAL,California,D,Demand,33616,megawatthours
2025-09-08 09:00:00+00:00,CAL,California,D,Demand,31883,megawatthours
2025-09-08 10:00:00+00:00,CAL,California,D,Demand,30771,megawatthours
2025-09-08 11:00:00+00:00,CAL,California,D,Demand,30203,megawatthours
2025-09-08 12:00:00+00:00,CAL,California,D,Demand,29586,megawatthours
2025-09-08 13:00:00+00:00,CAL,California,D,Demand,29185,megawatthours
2025-09-08 14:00:00+00:00,CAL,California,D,Demand,29898,megawatthours
2025-09-08 15:00:00+00:00,CAL,California,D,Demand,31814,megawatthours
2025-09-08 16:00:00+00:00,CAL,California,D,Demand,34591,megawatthours
2025-09-08 17:00:00+00:00,CAL,California,D,Demand,38164,megawatthours
2025-09-08 18:00:00+00:00,CAL,California,D,Demand,39833,megawatthours
2025-09-08 19:00:00+00:00,CAL,California,D,Demand,40735,megawatthours
2025-09-08 20:00:00+00:00,CAL,California,D,Demand,40796,megawatthours
2025-09-08 21:00:00+00:00,CAL,California,D,Demand,40541,megawatthours
2025-09-08 22:00:00+00:00,CAL,California,D,Demand,40497,megawatthours
2025-09-08 23:00:00+00:00,CAL,California,D,Demand,41103,megawatthours
2025-09-09 00:00:00+00:00,CAL,California,D,Demand,42152,megawatthours
2025-09-09 01:00:00+00:00,CAL,California,D,Demand,43881,megawatthours
2025-09-09 02:00:00+00:00,CAL,California,D,Demand,44694,megawatthours
2025-09-09 03:00:00+00:00,CAL,California,D,Demand,44037,megawatthours
2025-09-09 04:00:00+00:00,CAL,California,D,Demand,42843,megawatthours
2025-09-09 05:00:00+00:00,CAL,California,D,Demand,41521,megawatthours
2025-09-09 06:00:00+00:00,CAL,California,D,Demand,39760,megawatthours
2025-09-09 07:00:00+00:00,CAL,California,D,Demand,37112,megawatthours
2025-09-09 08:00:00+00:00,CAL,California,D,Demand,34328,megawatthours
2025-09-09 09:00:00+00:00,CAL,California,D,Demand,32679,megawatthours
2025-09-09 10:00:00+00:00,CAL,California,D,Demand,31203,megawatthours
2025-09-09 11:00:00+00:00,CAL,California,D,Demand,30302,megawatthours
2025-09-09 12:00:00+00:00,CAL,California,D,Demand,29703,megawatthours
2025-09-09 13:00:00+00:00,CAL,California,D,Demand,29455,megawatthours
2025-09-09 14:00:00+00:00,CAL,California,D,Demand,30170,megawatthours
2025-09-09 15:00:00+00:00,CAL,California,D,Demand,32194,megawatthours
2025-09-09 16:00:00+00:00,CAL,California,D,Demand,34535,megawatthours
2025-09-09 17:00:00+00:00,CAL,California,D,Demand,38134,megawatthours
2025-09-09 18:00:00+00:00,CAL,California,D,Demand,38278,megawatthours
2025-09-09 19:00:00+00:00,CAL,California,D,Demand,38732,megawatthours
2025-09-09 20:00:00+00:00,CAL,California,D,Demand,39012,megawatthours
2025-09-09 21:00:00+00:00,CAL,California,D,Demand,39210,megawatthours
2025-09-09 22:00:00+00:00,CAL,California,D,Demand,38088,megawatthours
2025-09-09 23:00:00+00:00,CAL,California,D,Demand,37811,megawatthours
2025-09-10 00:00:00+00:00,CAL,California,D,Demand,38648,megawatthours
2025-09-10 01:00:00+00:00,CAL,California,D,Demand,39927,megawatthours
2025-09-10 02:00:00+00:00,CAL,California,D,Demand,40595,megawatthours
2025-09-10 03:00:00+00:00,CAL,California,D,Demand,40071,megawatthours
2025-09-10 04:00:00+00:00,CAL,California,D,Demand,39633,megawatthours
2025-09-10 05:00:00+00:00,CAL,California,D,Demand,38882,megawatthours
2025-09-10 06:00:00+00:00,CAL,California,D,Demand,37410,megawatthours
2025-09-10 07:00:00+00:00,CAL,California,D,Demand,35239,megawatthours
2025-09-10 08:00:00+00:00,CAL,California,D,Demand,33031,megawatthours
2025-09-10 09:00:00+00:00,CAL,California,D,Demand,31613,megawatthours
2025-09-10 10:00:00+00:00,CAL,California,D,Demand,30138,megawatthours
2025-09-10 11:00:00+00:00,CAL,California,D,Demand,29473,megawatthours
2025-09-10 12:00:00+00:00,CAL,California,D,Demand,29166,megawatthours
2025-09-10 13:00:00+00:00,CAL,California,D,Demand,29100,megawatthours
2025-09-10 14:00:00+00:00,CAL,California,D,Demand,30132,megawatthours
2025-09-10 15:00:00+00:00,CAL,California,D,Demand,32082,megawatthours
2025-09-10 16:00:00+00:00,CAL,California,D,Demand,34275,megawatthours
2025-09-10 17:00:00+00:00,CAL,California,D,Demand,37160,megawatthours
2025-09-10 18:00:00+00:00,CAL,California,D,Demand,37895,megawatthours
2025-09-10 19:00:00+00:00,CAL,California,D,Demand,38245,megawatthours
2025-09-10 20:00:00+00:00,CAL,California,D,Demand,37932,megawatthours
2025-09-10 21:00:00+00:00,CAL,California,D,Demand,38164,megawatthours
2025-09-10 22:00:00+00:00,CAL,California,D,Demand,37697,megawatthours
2025-09-10 23:00:00+00:00,CAL,California,D,Demand,37967,megawatthours
2025-09-11 00:00:00+00:00,CAL,California,D,Demand,37835,megawatthours
2025-09-11 01:00:00+00:00,CAL,California,D,Demand,37663,megawatthours
2025-09-11 02:00:00+00:00,CAL,California,D,Demand,38394,megawatthours
2025-09-11 03:00:00+00:00,CAL,California,D,Demand,38685,megawatthours
2025-09-11 04:00:00+00:00,CAL,California,D,Demand,38519,megawatthours
2025-09-11 05:00:00+00:00,CAL,California,D,Demand,37727,megawatthours
2025-09-11 06:00:00+00:00,CAL,California,D,Demand,36299,megawatthours
2025-09-11 07:00:00+00:00,CAL,California,D,Demand,34256,megawatthours
2025-09-11 08:00:00+00:00,CAL,California,D,Demand,32057,megawatthours
2025-09-11 09:00:00+00:00,CAL,California,D,Demand,30764,megawatthours
2025-09-11 10:00:00+00:00,CAL,California,D,Demand,29609,megawatthours
2025-09-11 11:00:00+00:00,CAL,California,D,Demand,28753,megawatthours
2025-09-11 12:00:00+00:00,CAL,California,D,Demand,28541,megawatthours
2025-09-11 13:00:00+00:00,CAL,California,D,Demand,28104,megawatthours
2025-09-11 14:00:00+00:00,CAL,California,D,Demand,29105,megawatthours
2025-09-11 15:00:00+00:00,CAL,California,D,Demand,30989,megawatthours
2025-09-11 16:00:00+00:00,CAL,California,D,Demand,32859,megawatthours
2025-09-11 17:00:00+00:00,CAL,California,D,Demand,34801,megawatthours
2025-09-11 18:00:00+00:00,CAL,California,D,Demand,35861,megawatthours
2025-09-11 19:00:00+00:00,CAL,California,D,Demand,35521,megawatthours
2025-09-11 20:00:00+00:00,CAL,California,D,Demand,35803,megawatthours
2025-09-11 21:00:00+00:00,CAL,California,D,Demand,36334,megawatthours
2025-09-11 22:00:00+00:00,CAL,California,D,Demand,35867,megawatthours
2025-09-11 23:00:00+00:00,CAL,California,D,Demand,35755,megawatthours
2025-09-12 00:00:00+00:00,CAL,California,D,Demand,37073,megawatthours
2025-09-12 01:00:00+00:00,CAL,California,D,Demand,38345,megawatthours
2025-09-12 02:00:00+00:00,CAL,California,D,Demand,38584,megawatthours
2025-09-12 03:00:00+00:00,CAL,California,D,Demand,38524,megawatthours
2025-09-12 04:00:00+00:00,CAL,California,D,Demand,38400,megawatthours
2025-09-12 05:00:00+00:00,CAL,California,D,Demand,37676,megawatthours
2025-09-12 06:00:00+00:00,CAL,California,D,Demand,36366,megawatthours
2025-09-12 07:00:00+00:00,CAL,California,D,Demand,34438,megawatthours
2025-09-12 08:00:00+00:00,CAL,California,D,Demand,32056,megawatthours
2025-09-12 09:00:00+00:00,CAL,California,D,Demand,31011,megawatthours
2025-09-12 10:00:00+00:00,CAL,California,D,Demand,29552,megawatthours
2025-09-12 11:00:00+00:00,CAL,California,D,Demand,28306,megawatthours
2025-09-12 12:00:00+00:00,CAL,California,D,Demand,28099,megawatthours
2025-09-12 13:00:00+00:00,CAL,California,D,Demand,28067,megawatthours
2025-09-12 14:00:00+00:00,CAL,California,D,Demand,28903,megawatthours
2025-09-12 15:00:00+00:00,CAL,California,D,Demand,30750,megawatthours
2025-09-12 16:00:00+00:00,CAL,California,D,Demand,32794,megawatthours
2025-09-12 17:00:00+00:00,CAL,California,D,Demand,36166,megawatthours
2025-09-12 18:00:00+00:00,CAL,California,D,Demand,36929,megawatthours
2025-09-12 19:00:00+00:00,CAL,California,D,Demand,37029,megawatthours
2025-09-12 20:00:00+00:00,CAL,California,D,Demand,36808,megawatthours
2025-09-12 21:00:00+00:00,CAL,California,D,Demand,36333,megawatthours
2025-09-12 22:00:00+00:00,CAL,California,D,Demand,36881,megawatthours
2025-09-12 23:00:00+00:00,CAL,California,D,Demand,36384,megawatthours
2025-09-13 00:00:00+00:00,CAL,California,D,Demand,36807,megawatthours
2025-09-13 01:00:00+00:00,CAL,California,D,Demand,37794,megawatthours
2025-09-13 02:00:00+00:00,CAL,California,D,Demand,38562,megawatthours
2025-09-13 03:00:00+00:00,CAL,California,D,Demand,38732,megawatthours
2025-09-13 04:00:00+00:00,CAL,California,D,Demand,38192,megawatthours
2025-09-13 05:00:00+00:00,CAL,California,D,Demand,36962,megawatthours
2025-09-13 06:00:00+00:00,CAL,California,D,Demand,35546,megawatthours
2025-09-13 07:00:00+00:00,CAL,California,D,Demand,33809,megawatthours
2025-09-13 08:00:00+00:00,CAL,California,D,Demand,31823,megawatthours
2025-09-13 09:00:00+00:00,CAL,California,D,Demand,30668,megawatthours
2025-09-13 10:00:00+00:00,CAL,California,D,Demand,29196,megawatthours
2025-09-13 11:00:00+00:00,CAL,California,D,Demand,28184,megawatthours
2025-09-13 12:00:00+00:00,CAL,California,D,Demand,27475,megawatthours
2025-09-13 13:00:00+00:00,CAL,California,D,Demand,27100,megawatthours
2025-09-13 14:00:00+00:00,CAL,California,D,Demand,27276,megawatthours
2025-09-13 15:00:00+00:00,CAL,California,D,Demand,27855,megawatthours
2025-09-13 16:00:00+00:00,CAL,California,D,Demand,29454,megawatthours
2025-09-13 17:00:00+00:00,CAL,California,D,Demand,32607,megawatthours
2025-09-13 18:00:00+00:00,CAL,California,D,Demand,33471,megawatthours
2025-09-13 19:00:00+00:00,CAL,California,D,Demand,34481,megawatthours
2025-09-13 20:00:00+00:00,CAL,California,D,Demand,34148,megawatthours
2025-09-13 21:00:00+00:00,CAL,California,D,Demand,33712,megawatthours
2025-09-13 22:00:00+00:00,CAL,California,D,Demand,33652,megawatthours
2025-09-13 23:00:00+00:00,CAL,California,D,Demand,32841,megawatthours
2025-09-14 00:00:00+00:00,CAL,California,D,Demand,33649,megawatthours
2025-09-14 01:00:00+00:00,CAL,California,D,Demand,34763,megawatthours
2025-09-14 02:00:00+00:00,CAL,California,D,Demand,36161,megawatthours
2025-09-14 03:00:00+00:00,CAL,California,D,Demand,36670,megawatthours
2025-09-14 04:00:00+00:00,CAL,California,D,Demand,36247,megawatthours
2025-09-14 05:00:00+00:00,CAL,California,D,Demand,35468,megawatthours
2025-09-14 06:00:00+00:00,CAL,California,D,Demand,34232,megawatthours
2025-09-14 07:00:00+00:00,CAL,California,D,Demand,32729,megawatthours
2025-09-14 08:00:00+00:00,CAL,California,D,Demand,30948,megawatthours
2025-09-14 09:00:00+00:00,CAL,California,D,Demand,29695,megawatthours
2025-09-14 10:00:00+00:00,CAL,California,D,Demand,28192,megawatthours
2025-09-14 11:00:00+00:00,CAL,California,D,Demand,27160,megawatthours
2025-09-14 12:00:00+00:00,CAL,California,D,Demand,26565,megawatthours
2025-09-14 13:00:00+00:00,CAL,California,D,Demand,26171,megawatthours
2025-09-14 14:00:00+00:00,CAL,California,D,Demand,26183,megawatthours
2025-09-14 15:00:00+00:00,CAL,California,D,Demand,26542,megawatthours
2025-09-14 16:00:00+00:00,CAL,California,D,Demand,27907,megawatthours
2025-09-14 17:00:00+00:00,CAL,California,D,Demand,31366,megawatthours
2025-09-14 18:00:00+00:00,CAL,California,D,Demand,32224,megawatthours
2025-09-14 19:00:00+00:00,CAL,California,D,Demand,32642,megawatthours
2025-09-14 20:00:00+00:00,CAL,California,D,Demand,31801,megawatthours
2025-09-14 21:00:00+00:00,CAL,California,D,Demand,30697,megawatthours
2025-09-14 22:00:00+00:00,CAL,California,D,Demand,31513,megawatthours
2025-09-14 23:00:00+00:00,CAL,California,D,Demand,31770,megawatthours
2025-09-15 00:00:00+00:00,CAL,California,D,Demand,33866,megawatthours
2025-09-15 01:00:00+00:00,CAL,California,D,Demand,35991,megawatthours
2025-09-15 02:00:00+00:00,CAL,California,D,Demand,38209,megawatthours
2025-09-15 03:00:00+00:00,CAL,California,D,Demand,38628,megawatthours
2025-09-15 04:00:00+00:00,CAL,California,D,Demand,38224,megawatthours
2025-09-15 05:00:00+00:00,CAL,California,D,Demand,37143,megawatthours
2025-09-15 06:00:00+00:00,CAL,California,D,Demand,35566,megawatthours
2025-09-15 07:00:00+00:00,CAL,California,D,Demand,33533,megawatthours
2025-09-15 08:00:00+00:00,CAL,California,D,Demand,31140,megawatthours
2025-09-15 09:00:00+00:00,CAL,California,D,Demand,29787,megawatthours
2025-09-15 10:00:00+00:00,CAL,California,D,Demand,28600,megawatthours
2025-09-15 11:00:00+00:00,CAL,California,D,Demand,28168,megawatthours
2025-09-15 12:00:00+00:00,CAL,California,D,Demand,27657,megawatthours
2025-09-15 13:00:00+00:00,CAL,California,D,Demand,27207,megawatthours
2025-09-15 14:00:00+00:00,CAL,California,D,Demand,28680,megawatthours
2025-09-15 15:00:00+00:00,CAL,California,D,Demand,31076,megawatthours
2025-09-15 16:00:00+00:00,CAL,California,D,Demand,33102,megawatthours
2025-09-15 17:00:00+00:00,CAL,California,D,Demand,36798,megawatthours
2025-09-15 18:00:00+00:00,CAL,California,D,Demand,38646,megawatthours
2025-09-15 19:00:00+00:00,CAL,California,D,Demand,39186,megawatthours
2025-09-15 20:00:00+00:00,CAL,California,D,Demand,39184,megawatthours
2025-09-15 21:00:00+00:00,CAL,California,D,Demand,39483,megawatthours
2025-09-15 22:00:00+00:00,CAL,California,D,Demand,39551,megawatthours
2025-09-15 23:00:00+00:00,CAL,California,D,Demand,40348,megawatthours
2025-09-16 00:00:00+00:00,CAL,California,D,Demand,42679,megawatthours
2025-09-16 01:00:00+00:00,CAL,California,D,Demand,45007,megawatthours
2025-09-16 02:00:00+00:00,CAL,California,D,Demand,46827,megawatthours
2025-09-16 03:00:00+00:00,CAL,California,D,Demand,46408,megawatthours
2025-09-16 04:00:00+00:00,CAL,California,D,Demand,44864,megawatthours
2025-09-16 05:00:00+00:00,CAL,California,D,Demand,43083,megawatthours
2025-09-16 06:00:00+00:00,CAL,California,D,Demand,40293,megawatthours
2025-09-16 07:00:00+00:00,CAL,California,D,Demand,37167,megawatthours
2025-09-16 08:00:00+00:00,CAL,California,D,Demand,33806,megawatthours
2025-09-16 09:00:00+00:00,CAL,California,D,Demand,31987,megawatthours
2025-09-16 10:00:00+00:00,CAL,California,D,Demand,30317,megawatthours
2025-09-16 11:00:00+00:00,CAL,California,D,Demand,29567,megawatthours
2025-09-16 12:00:00+00:00,CAL,California,D,Demand,29144,megawatthours
2025-09-16 13:00:00+00:00,CAL,California,D,Demand,28580,megawatthours
2025-09-16 14:00:00+00:00,CAL,California,D,Demand,29648,megawatthours
2025-09-16 15:00:00+00:00,CAL,California,D,Demand,31637,megawatthours
2025-09-16 16:00:00+00:00,CAL,California,D,Demand,33816,megawatthours
2025-09-16 17:00:00+00:00,CAL,California,D,Demand,38314,megawatthours
2025-09-16 18:00:00+00:00,CAL,California,D,Demand,40356,megawatthours
2025-09-16 19:00:00+00:00,CAL,California,D,Demand,40102,megawatthours
2025-09-16 20:00:00+00:00,CAL,California,D,Demand,41049,megawatthours
2025-09-16 21:00:00+00:00,CAL,California,D,Demand,41825,megawatthours
2025-09-16 22:00:00+00:00,CAL,California,D,Demand,43861,megawatthours
2025-09-16 23:00:00+00:00,CAL,California,D,Demand,46316,megawatthours
2025-09-17 00:00:00+00:00,CAL,California,D,Demand,48391,megawatthours
2025-09-17 01:00:00+00:00,CAL,California,D,Demand,49544,megawatthours
2025-09-17 02:00:00+00:00,CAL,California,D,Demand,49566,megawatthours
2025-09-17 03:00:00+00:00,CAL,California,D,Demand,48281,megawatthours
2025-09-17 04:00:00+00:00,CAL,California,D,Demand,46613,megawatthours
2025-09-17 05:00:00+00:00,CAL,California,D,Demand,44690,megawatthours
2025-09-17 06:00:00+00:00,CAL,California,D,Demand,42053,megawatthours
2025-09-17 07:00:00+00:00,CAL,California,D,Demand,38822,megawatthours
2025-09-17 08:00:00+00:00,CAL,California,D,Demand,36329,megawatthours
2025-09-17 09:00:00+00:00,CAL,California,D,Demand,34599,megawatthours
2025-09-17 10:00:00+00:00,CAL,California,D,Demand,32828,megawatthours
2025-09-17 11:00:00+00:00,CAL,California,D,Demand,31772,megawatthours
2025-09-17 12:00:00+00:00,CAL,California,D,Demand,31208,megawatthours
2025-09-17 13:00:00+00:00,CAL,California,D,Demand,31163,megawatthours
2025-09-17 14:00:00+00:00,CAL,California,D,Demand,31359,megawatthours
2025-09-17 15:00:00+00:00,CAL,California,D,Demand,33368,megawatthours
2025-09-17 16:00:00+00:00,CAL,California,D,Demand,35599,megawatthours
2025-09-17 17:00:00+00:00,CAL,California,D,Demand,39903,megawatthours
2025-09-17 18:00:00+00:00,CAL,California,D,Demand,43120,megawatthours
2025-09-17 19:00:00+00:00,CAL,California,D,Demand,43657,megawatthours
2025-09-17 20:00:00+00:00,CAL,California,D,Demand,44430,megawatthours
2025-09-17 21:00:00+00:00,CAL,California,D,Demand,46156,megawatthours
2025-09-17 22:00:00+00:00,CAL,California,D,Demand,46888,megawatthours
2025-09-17 23:00:00+00:00,CAL,California,D,Demand,48275,megawatthours
2025-09-18 00:00:00+00:00,CAL,California,D,Demand,49355,megawatthours
2025-09-18 01:00:00+00:00,CAL,California,D,Demand,48905,megawatthours
2025-09-18 02:00:00+00:00,CAL,California,D,Demand,47367,megawatthours
2025-09-18 03:00:00+00:00,CAL,California,D,Demand,45790,megawatthours
2025-09-18 04:00:00+00:00,CAL,California,D,Demand,44752,megawatthours
2025-09-18 05:00:00+00:00,CAL,California,D,Demand,42912,megawatthours
2025-09-18 06:00:00+00:00,CAL,California,D,Demand,41032,megawatthours
2025-09-18 07:00:00+00:00,CAL,California,D,Demand,38736,megawatthours
2025-09-18 08:00:00+00:00,CAL,California,D,Demand,36243,megawatthours
2025-09-18 09:00:00+00:00,CAL,California,D,Demand,34752,megawatthours
2025-09-18 10:00:00+00:00,CAL,California,D,Demand,33494,megawatthours
2025-09-18 11:00:00+00:00,CAL,California,D,Demand,32626,megawatthours
2025-09-18 12:00:00+00:00,CAL,California,D,Demand,32087,megawatthours
2025-09-18 13:00:00+00:00,CAL,California,D,Demand,31459,megawatthours
2025-09-18 14:00:00+00:00,CAL,California,D,Demand,32247,megawatthours
2025-09-18 15:00:00+00:00,CAL,California,D,Demand,33936,megawatthours
2025-09-18 16:00:00+00:00,CAL,California,D,Demand,35224,megawatthours
2025-09-18 17:00:00+00:00,CAL,California,D,Demand,36419,megawatthours
2025-09-18 18:00:00+00:00,CAL,California,D,Demand,37883,megawatthours
2025-09-18 19:00:00+00:00,CAL,California,D,Demand,38974,megawatthours
2025-09-18 20:00:00+00:00,CAL,California,D,Demand,40595,megawatthours
2025-09-18 21:00:00+00:00,CAL,California,D,Demand,41099,megawatthours
2025-09-18 22:00:00+00:00,CAL,California,D,Demand,41614,megawatthours
2025-09-18 23:00:00+00:00,CAL,California,D,Demand,41726,megawatthours
2025-09-19 00:00:00+00:00,CAL,California,D,Demand,42807,megawatthours
2025-09-19 01:00:00+00:00,CAL,California,D,Demand,42261,megawatthours
2025-09-19 02:00:00+00:00,CAL,California,D,Demand,41564,megawatthours
2025-09-19 03:00:00+00:00,CAL,California,D,Demand,41462,megawatthours
2025-09-19 04:00:00+00:00,CAL,California,D,Demand,41052,megawatthours
2025-09-19 05:00:00+00:00,CAL,California,D,Demand,39992,megawatthours
2025-09-19 06:00:00+00:00,CAL,California,D,Demand,38664,megawatthours
2025-09-19 07:00:00+00:00,CAL,California,D,Demand,36635,megawatthours
2025-09-19 08:00:00+00:00,CAL,California,D,Demand,34249,megawatthours
2025-09-19 09:00:00+00:00,CAL,California,D,Demand,32499,megawatthours
2025-09-19 10:00:00+00:00,CAL,California,D,Demand,30919,megawatthours
2025-09-19 11:00:00+00:00,CAL,California,D,Demand,29724,megawatthours
2025-09-19 12:00:00+00:00,CAL,California,D,Demand,29417,megawatthours
2025-09-19 13:00:00+00:00,CAL,California,D,Demand,29213,megawatthours
2025-09-19 14:00:00+00:00,CAL,California,D,Demand,30356,megawatthours
2025-09-19 15:00:00+00:00,CAL,California,D,Demand,32245,megawatthours
2025-09-19 16:00:00+00:00,CAL,California,D,Demand,33604,megawatthours
2025-09-19 17:00:00+00:00,CAL,California,D,Demand,34984,megawatthours
2025-09-19 18:00:00+00:00,CAL,California,D,Demand,36396,megawatthours
2025-09-19 19:00:00+00:00,CAL,California,D,Demand,37858,megawatthours
2025-09-19 20:00:00+00:00,CAL,California,D,Demand,38889,megawatthours
2025-09-19 21:00:00+00:00,CAL,California,D,Demand,39431,megawatthours
2025-09-19 22:00:00+00:00,CAL,California,D,Demand,40399,megawatthours
2025-09-19 23:00:00+00:00,CAL,California,D,Demand,40375,megawatthours
2025-09-20 00:00:00+00:00,CAL,California,D,Demand,41548,megawatthours
2025-09-20 01:00:00+00:00,CAL,California,D,Demand,42787,megawatthours
2025-09-20 02:00:00+00:00,CAL,California,D,Demand,42977,megawatthours
2025-09-20 03:00:00+00:00,CAL,California,D,Demand,42314,megawatthours
2025-09-20 04:00:00+00:00,CAL,California,D,Demand,40845,megawatthours
2025-09-20 05:00:00+00:00,CAL,California,D,Demand,39369,megawatthours
2025-09-20 06:00:00+00:00,CAL,California,D,Demand,38060,megawatthours
2025-09-20 07:00:00+00:00,CAL,California,D,Demand,36203,megawatthours
2025-09-20 08:00:00+00:00,CAL,California,D,Demand,33819,megawatthours
2025-09-20 09:00:00+00:00,CAL,California,D,Demand,32108,megawatthours
2025-09-20 10:00:00+00:00,CAL,California,D,Demand,30437,megawatthours
2025-09-20 11:00:00+00:00,CAL,California,D,Demand,29156,megawatthours
2025-09-20 12:00:00+00:00,CAL,California,D,Demand,28466,megawatthours
2025-09-20 13:00:00+00:00,CAL,California,D,Demand,28073,megawatthours
2025-09-20 14:00:00+00:00,CAL,California,D,Demand,28349,megawatthours
2025-09-20 15:00:00+00:00,CAL,California,D,Demand,28718,megawatthours
2025-09-20 16:00:00+00:00,CAL,California,D,Demand,30164,megawatthours
2025-09-20 17:00:00+00:00,CAL,California,D,Demand,33747,megawatthours
2025-09-20 18:00:00+00:00,CAL,California,D,Demand,35378,megawatthours
2025-09-20 19:00:00+00:00,CAL,California,D,Demand,36030,megawatthours
2025-09-20 20:00:00+00:00,CAL,California,D,Demand,36236,megawatthours
2025-09-20 21:00:00+00:00,CAL,California,D,Demand,36746,megawatthours
2025-09-20 22:00:00+00:00,CAL,California,D,Demand,36888,megawatthours
2025-09-20 23:00:00+00:00,CAL,California,D,Demand,37631,megawatthours
2025-09-21 00:00:00+00:00,CAL,California,D,Demand,39682,megawatthours
2025-09-21 01:00:00+00:00,CAL,California,D,Demand,40614,megawatthours
2025-09-21 02:00:00+00:00,CAL,California,D,Demand,41222,megawatthours
2025-09-21 03:00:00+00:00,CAL,California,D,Demand,40579,megawatthours
2025-09-21 04:00:00+00:00,CAL,California,D,Demand,39252,megawatthours
2025-09-21 05:00:00+00:00,CAL,California,D,Demand,38112,megawatthours
2025-09-21 06:00:00+00:00,CAL,California,D,Demand,36600,megawatthours
2025-09-21 07:00:00+00:00,CAL,California,D,Demand,34807,megawatthours
2025-09-21 08:00:00+00:00,CAL,California,D,Demand,32724,megawatthours
2025-09-21 09:00:00+00:00,CAL,California,D,Demand,31544,megawatthours
2025-09-21 10:00:00+00:00,CAL,California,D,Demand,29926,megawatthours
2025-09-21 11:00:00+00:00,CAL,California,D,Demand,28578,megawatthours
2025-09-21 12:00:00+00:00,CAL,California,D,Demand,27760,megawatthours
2025-09-21 13:00:00+00:00,CAL,California,D,Demand,27076,megawatthours
2025-09-21 14:00:00+00:00,CAL,California,D,Demand,26986,megawatthours
2025-09-21 15:00:00+00:00,CAL,California,D,Demand,27213,megawatthours
2025-09-21 16:00:00+00:00,CAL,California,D,Demand,28885,megawatthours
2025-09-21 17:00:00+00:00,CAL,California,D,Demand,31701,megawatthours
2025-09-21 18:00:00+00:00,CAL,California,D,Demand,34045,megawatthours
2025-09-21 19:00:00+00:00,CAL,California,D,Demand,35043,megawatthours
2025-09-21 20:00:00+00:00,CAL,California,D,Demand,34822,megawatthours
2025-09-21 21:00:00+00:00,CAL,California,D,Demand,34421,megawatthours
2025-09-21 22:00:00+00:00,CAL,California,D,Demand,34870,megawatthours
2025-09-21 23:00:00+00:00,CAL,California,D,Demand,34458,megawatthours
2025-09-22 00:00:00+00:00,CAL,California,D,Demand,35264,megawatthours
2025-09-22 01:00:00+00:00,CAL,California,D,Demand,36437,megawatthours
2025-09-22 02:00:00+00:00,CAL,California,D,Demand,38303,megawatthours
2025-09-22 03:00:00+00:00,CAL,California,D,Demand,38639,megawatthours
2025-09-22 04:00:00+00:00,CAL,California,D,Demand,38279,megawatthours
2025-09-22 05:00:00+00:00,CAL,California,D,Demand,37193,megawatthours
2025-09-22 06:00:00+00:00,CAL,California,D,Demand,35824,megawatthours
2025-09-22 07:00:00+00:00,CAL,California,D,Demand,33867,megawatthours
2025-09-22 08:00:00+00:00,CAL,California,D,Demand,31760,megawatthours
2025-09-22 09:00:00+00:00,CAL,California,D,Demand,30391,megawatthours
2025-09-22 10:00:00+00:00,CAL,California,D,Demand,28814,megawatthours
2025-09-22 11:00:00+00:00,CAL,California,D,Demand,28404,megawatthours
2025-09-22 12:00:00+00:00,CAL,California,D,Demand,27905,megawatthours
2025-09-22 13:00:00+00:00,CAL,California,D,Demand,27829,megawatthours
2025-09-22 14:00:00+00:00,CAL,California,D,Demand,28995,megawatthours
2025-09-22 15:00:00+00:00,CAL,California,D,Demand,31175,megawatthours
2025-09-22 16:00:00+00:00,CAL,California,D,Demand,32662,megawatthours
2025-09-22 17:00:00+00:00,CAL,California,D,Demand,34339,megawatthours
2025-09-22 18:00:00+00:00,CAL,California,D,Demand,37266,megawatthours
2025-09-22 19:00:00+00:00,CAL,California,D,Demand,38517,megawatthours
2025-09-22 20:00:00+00:00,CAL,California,D,Demand,39444,megawatthours
2025-09-22 21:00:00+00:00,CAL,California,D,Demand,40804,megawatthours
2025-09-22 22:00:00+00:00,CAL,California,D,Demand,41566,megawatthours
2025-09-22 23:00:00+00:00,CAL,California,D,Demand,42008,megawatthours
2025-09-23 00:00:00+00:00,CAL,California,D,Demand,43973,megawatthours
2025-09-23 01:00:00+00:00,CAL,California,D,Demand,45179,megawatthours
2025-09-23 02:00:00+00:00,CAL,California,D,Demand,45182,megawatthours
2025-09-23 03:00:00+00:00,CAL,California,D,Demand,44803,megawatthours
2025-09-23 04:00:00+00:00,CAL,California,D,Demand,43557,megawatthours
2025-09-23 05:00:00+00:00,CAL,California,D,Demand,41685,megawatthours
2025-09-23 06:00:00+00:00,CAL,California,D,Demand,39679,megawatthours
2025-09-23 07:00:00+00:00,CAL,California,D,Demand,36870,megawatthours
2025-09-23 08:00:00+00:00,CAL,California,D,Demand,34214,megawatthours
2025-09-23 09:00:00+00:00,CAL,California,D,Demand,32688,megawatthours
2025-09-23 10:00:00+00:00,CAL,California,D,Demand,30813,megawatthours
2025-09-23 11:00:00+00:00,CAL,California,D,Demand,29973,megawatthours
2025-09-23 12:00:00+00:00,CAL,California,D,Demand,29186,megawatthours
2025-09-23 13:00:00+00:00,CAL,California,D,Demand,29054,megawatthours
2025-09-23 14:00:00+00:00,CAL,California,D,Demand,29896,megawatthours
2025-09-23 15:00:00+00:00,CAL,California,D,Demand,32092,megawatthours
2025-09-23 16:00:00+00:00,CAL,California,D,Demand,34237,megawatthours
2025-09-23 17:00:00+00:00,CAL,California,D,Demand,37320,megawatthours
2025-09-23 18:00:00+00:00,CAL,California,D,Demand,39785,megawatthours
2025-09-23 19:00:00+00:00,CAL,California,D,Demand,41336,megawatthours
2025-09-23 20:00:00+00:00,CAL,California,D,Demand,42427,megawatthours
2025-09-23 21:00:00+00:00,CAL,California,D,Demand,43408,megawatthours
2025-09-23 22:00:00+00:00,CAL,California,D,Demand,44497,megawatthours
2025-09-23 23:00:00+00:00,CAL,California,D,Demand,45744,megawatthours
2025-09-24 00:00:00+00:00,CAL,California,D,Demand,47374,megawatthours
2025-09-24 01:00:00+00:00,CAL,California,D,Demand,48061,megawatthours
2025-09-24 02:00:00+00:00,CAL,California,D,Demand,48297,megawatthours
2025-09-24 03:00:00+00:00,CAL,California,D,Demand,46991,megawatthours
2025-09-24 04:00:00+00:00,CAL,California,D,Demand,45450,megawatthours
2025-09-24 05:00:00+00:00,CAL,California,D,Demand,43879,megawatthours
2025-09-24 06:00:00+00:00,CAL,California,D,Demand,41713,megawatthours
2025-09-24 07:00:00+00:00,CAL,California,D,Demand,38733,megawatthours
2025-09-24 08:00:00+00:00,CAL,California,D,Demand,35969,megawatthours
2025-09-24 09:00:00+00:00,CAL,California,D,Demand,34143,megawatthours
2025-09-24 10:00:00+00:00,CAL,California,D,Demand,32120,megawatthours
2025-09-24 11:00:00+00:00,CAL,California,D,Demand,30882,megawatthours
2025-09-24 12:00:00+00:00,CAL,California,D,Demand,30611,megawatthours
2025-09-24 13:00:00+00:00,CAL,California,D,Demand,30155,megawatthours
2025-09-24 14:00:00+00:00,CAL,California,D,Demand,31305,megawatthours
2025-09-24 15:00:00+00:00,CAL,California,D,Demand,33336,megawatthours
2025-09-24 16:00:00+00:00,CAL,California,D,Demand,35430,megawatthours
2025-09-24 17:00:00+00:00,CAL,California,D,Demand,37244,megawatthours
2025-09-24 18:00:00+00:00,CAL,California,D,Demand,39632,megawatthours
2025-09-24 19:00:00+00:00,CAL,California,D,Demand,40723,megawatthours
2025-09-24 20:00:00+00:00,CAL,California,D,Demand,41872,megawatthours
2025-09-24 21:00:00+00:00,CAL,California,D,Demand,42893,megawatthours
2025-09-24 22:00:00+00:00,CAL,California,D,Demand,43131,megawatthours
2025-09-24 23:00:00+00:00,CAL,California,D,Demand,44057,megawatthours
2025-09-25 00:00:00+00:00,CAL,California,D,Demand,43936,megawatthours
2025-09-25 01:00:00+00:00,CAL,California,D,Demand,44106,megawatthours
2025-09-25 02:00:00+00:00,CAL,California,D,Demand,43832,megawatthours
2025-09-25 03:00:00+00:00,CAL,California,D,Demand,42703,megawatthours
2025-09-25 04:00:00+00:00,CAL,California,D,Demand,41960,megawatthours
2025-09-25 05:00:00+00:00,CAL,California,D,Demand,40233,megawatthours
2025-09-25 06:00:00+00:00,CAL,California,D,Demand,38818,megawatthours
2025-09-25 07:00:00+00:00,CAL,California,D,Demand,36299,megawatthours
2025-09-25 08:00:00+00:00,CAL,California,D,Demand,33841,megawatthours
2025-09-25 09:00:00+00:00,CAL,California,D,Demand,32066,megawatthours
2025-09-25 10:00:00+00:00,CAL,California,D,Demand,30466,megawatthours
2025-09-25 11:00:00+00:00,CAL,California,D,Demand,29154,megawatthours
2025-09-25 12:00:00+00:00,CAL,California,D,Demand,28645,megawatthours
2025-09-25 13:00:00+00:00,CAL,California,D,Demand,28615,megawatthours
2025-09-25 14:00:00+00:00,CAL,California,D,Demand,29846,megawatthours
2025-09-25 15:00:00+00:00,CAL,California,D,Demand,31810,megawatthours
2025-09-25 16:00:00+00:00,CAL,California,D,Demand,33811,megawatthours
2025-09-25 17:00:00+00:00,CAL,California,D,Demand,35470,megawatthours
2025-09-25 18:00:00+00:00,CAL,California,D,Demand,37860,megawatthours
2025-09-25 19:00:00+00:00,CAL,California,D,Demand,37929,megawatthours
2025-09-25 20:00:00+00:00,CAL,California,D,Demand,38486,megawatthours
2025-09-25 21:00:00+00:00,CAL,California,D,Demand,38631,megawatthours
2025-09-25 22:00:00+00:00,CAL,California,D,Demand,38786,megawatthours
2025-09-25 23:00:00+00:00,CAL,California,D,Demand,39580,megawatthours
2025-09-26 00:00:00+00:00,CAL,California,D,Demand,40162,megawatthours
2025-09-26 01:00:00+00:00,CAL,California,D,Demand,40700,megawatthours
2025-09-26 02:00:00+00:00,CAL,California,D,Demand,40582,megawatthours
2025-09-26 03:00:00+00:00,CAL,California,D,Demand,39886,megawatthours
2025-09-26 04:00:00+00:00,CAL,California,D,Demand,38765,megawatthours
2025-09-26 05:00:00+00:00,CAL,California,D,Demand,37665,megawatthours
2025-09-26 06:00:00+00:00,CAL,California,D,Demand,36242,megawatthours
2025-09-26 07:00:00+00:00,CAL,California,D,Demand,34382,megawatthours
2025-09-26 08:00:00+00:00,CAL,California,D,Demand,32032,megawatthours
2025-09-26 09:00:00+00:00,CAL,California,D,Demand,30693,megawatthours
2025-09-26 10:00:00+00:00,CAL,California,D,Demand,29379,megawatthours
2025-09-26 11:00:00+00:00,CAL,California,D,Demand,29008,megawatthours
2025-09-26 12:00:00+00:00,CAL,California,D,Demand,28738,megawatthours
2025-09-26 13:00:00+00:00,CAL,California,D,Demand,28507,megawatthours
2025-09-26 14:00:00+00:00,CAL,California,D,Demand,29372,megawatthours
2025-09-26 15:00:00+00:00,CAL,California,D,Demand,31185,megawatthours
2025-09-26 16:00:00+00:00,CAL,California,D,Demand,32929,megawatthours
2025-09-26 17:00:00+00:00,CAL,California,D,Demand,35318,megawatthours
2025-09-26 18:00:00+00:00,CAL,California,D,Demand,37556,megawatthours
2025-09-26 19:00:00+00:00,CAL,California,D,Demand,37915,megawatthours
2025-09-26 20:00:00+00:00,CAL,California,D,Demand,38260,megawatthours
2025-09-26 21:00:00+00:00,CAL,California,D,Demand,37900,megawatthours
2025-09-26 22:00:00+00:00,CAL,California,D,Demand,36779,megawatthours
2025-09-26 23:00:00+00:00,CAL,California,D,Demand,36072,megawatthours
2025-09-27 00:00:00+00:00,CAL,California,D,Demand,36130,megawatthours
2025-09-27 01:00:00+00:00,CAL,California,D,Demand,37205,megawatthours
2025-09-27 02:00:00+00:00,CAL,California,D,Demand,37538,megawatthours
2025-09-27 03:00:00+00:00,CAL,California,D,Demand,37742,megawatthours
2025-09-27 04:00:00+00:00,CAL,California,D,Demand,36944,megawatthours
2025-09-27 05:00:00+00:00,CAL,California,D,Demand,36090,megawatthours
2025-09-27 06:00:00+00:00,CAL,California,D,Demand,35119,megawatthours
2025-09-27 07:00:00+00:00,CAL,California,D,Demand,33537,megawatthours
2025-09-27 08:00:00+00:00,CAL,California,D,Demand,31601,megawatthours
2025-09-27 09:00:00+00:00,CAL,California,D,Demand,30232,megawatthours
2025-09-27 10:00:00+00:00,CAL,California,D,Demand,28850,megawatthours
2025-09-27 11:00:00+00:00,CAL,California,D,Demand,27684,megawatthours
2025-09-27 12:00:00+00:00,CAL,California,D,Demand,27026,megawatthours
2025-09-27 13:00:00+00:00,CAL,California,D,Demand,27151,megawatthours
2025-09-27 14:00:00+00:00,CAL,California,D,Demand,27328,megawatthours
2025-09-27 15:00:00+00:00,CAL,California,D,Demand,28175,megawatthours
2025-09-27 16:00:00+00:00,CAL,California,D,Demand,29169,megawatthours
2025-09-27 17:00:00+00:00,CAL,California,D,Demand,32103,megawatthours
2025-09-27 18:00:00+00:00,CAL,California,D,Demand,33754,megawatthours
2025-09-27 19:00:00+00:00,CAL,California,D,Demand,34499,megawatthours
2025-09-27 20:00:00+00:00,CAL,California,D,Demand,34525,megawatthours
2025-09-27 21:00:00+00:00,CAL,California,D,Demand,34034,megawatthours
2025-09-27 22:00:00+00:00,CAL,California,D,Demand,34249,megawatthours
2025-09-27 23:00:00+00:00,CAL,California,D,Demand,33403,megawatthours
2025-09-28 00:00:00+00:00,CAL,California,D,Demand,33578,megawatthours
2025-09-28 01:00:00+00:00,CAL,California,D,Demand,33346,megawatthours
2025-09-28 02:00:00+00:00,CAL,California,D,Demand,34247,megawatthours
2025-09-28 03:00:00+00:00,CAL,California,D,Demand,34674,megawatthours
2025-09-28 04:00:00+00:00,CAL,California,D,Demand,34431,megawatthours
2025-09-28 05:00:00+00:00,CAL,California,D,Demand,33678,megawatthours
2025-09-28 06:00:00+00:00,CAL,California,D,Demand,32661,megawatthours
2025-09-28 07:00:00+00:00,CAL,California,D,Demand,31365,megawatthours
2025-09-28 08:00:00+00:00,CAL,California,D,Demand,29812,megawatthours
2025-09-28 09:00:00+00:00,CAL,California,D,Demand,28709,megawatthours
2025-09-28 10:00:00+00:00,CAL,California,D,Demand,27354,megawatthours
2025-09-28 11:00:00+00:00,CAL,California,D,Demand,26480,megawatthours
2025-09-28 12:00:00+00:00,CAL,California,D,Demand,26237,megawatthours
2025-09-28 13:00:00+00:00,CAL,California,D,Demand,25772,megawatthours
2025-09-28 14:00:00+00:00,CAL,California,D,Demand,25865,megawatthours
2025-09-28 15:00:00+00:00,CAL,California,D,Demand,26114,megawatthours
2025-09-28 16:00:00+00:00,CAL,California,D,Demand,27084,megawatthours
2025-09-28 17:00:00+00:00,CAL,California,D,Demand,30467,megawatthours
2025-09-28 18:00:00+00:00,CAL,California,D,Demand,32485,megawatthours
2025-09-28 19:00:00+00:00,CAL,California,D,Demand,33042,megawatthours
2025-09-28 20:00:00+00:00,CAL,California,D,Demand,33719,megawatthours
2025-09-28 21:00:00+00:00,CAL,California,D,Demand,32609,megawatthours
2025-09-28 22:00:00+00:00,CAL,California,D,Demand,31790,megawatthours
2025-09-28 23:00:00+00:00,CAL,California,D,Demand,31381,megawatthours
2025-09-29 00:00:00+00:00,CAL,California,D,Demand,31572,megawatthours
2025-09-29 01:00:00+00:00,CAL,California,D,Demand,32883,megawatthours
2025-09-29 02:00:00+00:00,CAL,California,D,Demand,33795,megawatthours
2025-09-29 03:00:00+00:00,CAL,California,D,Demand,34895,megawatthours
2025-09-29 04:00:00+00:00,CAL,California,D,Demand,34688,megawatthours
2025-09-29 05:00:00+00:00,CAL,California,D,Demand,33804,megawatthours
2025-09-29 06:00:00+00:00,CAL,California,D,Demand,32681,megawatthours
2025-09-29 07:00:00+00:00,CAL,California,D,Demand,30940,megawatthours
2025-09-29 08:00:00+00:00,CAL,California,D,Demand,29373,megawatthours
2025-09-29 09:00:00+00:00,CAL,California,D,Demand,28367,megawatthours
2025-09-29 10:00:00+00:00,CAL,California,D,Demand,27410,megawatthours
2025-09-29 11:00:00+00:00,CAL,California,D,Demand,27090,megawatthours
2025-09-29 12:00:00+00:00,CAL,California,D,Demand,26806,megawatthours
2025-09-29 13:00:00+00:00,CAL,California,D,Demand,26692,megawatthours
2025-09-29 14:00:00+00:00,CAL,California,D,Demand,27970,megawatthours
2025-09-29 15:00:00+00:00,CAL,California,D,Demand,30093,megawatthours
2025-09-29 16:00:00+00:00,CAL,California,D,Demand,32208,megawatthours
2025-09-29 17:00:00+00:00,CAL,California,D,Demand,34872,megawatthours
2025-09-29 18:00:00+00:00,CAL,California,D,Demand,35973,megawatthours
2025-09-29 19:00:00+00:00,CAL,California,D,Demand,36380,megawatthours
2025-09-29 20:00:00+00:00,CAL,California,D,Demand,36476,megawatthours
2025-09-29 21:00:00+00:00,CAL,California,D,Demand,37334,megawatthours
2025-09-29 22:00:00+00:00,CAL,California,D,Demand,37178,megawatthours
2025-09-29 23:00:00+00:00,CAL,California,D,Demand,37055,megawatthours
2025-09-30 00:00:00+00:00,CAL,California,D,Demand,37502,megawatthours
2025-09-30 01:00:00+00:00,CAL,California,D,Demand,37177,megawatthours
2025-09-30 02:00:00+00:00,CAL,California,D,Demand,37442,megawatthours
2025-09-30 03:00:00+00:00,CAL,California,D,Demand,37459,megawatthours
2025-09-30 04:00:00+00:00,CAL,California,D,Demand,36997,megawatthours
2025-09-30 05:00:00+00:00,CAL,California,D,Demand,35692,megawatthours
2025-09-30 06:00:00+00:00,CAL,California,D,Demand,34252,megawatthours
2025-09-30 07:00:00+00:00,CAL,California,D,Demand,32368,megawatthours
2025-09-30 08:00:00+00:00,CAL,California,D,Demand,30293,megawatthours
2025-09-30 09:00:00+00:00,CAL,California,D,Demand,29292,megawatthours
2025-09-30 10:00:00+00:00,CAL,California,D,Demand,28275,megawatthours
2025-09-30 11:00:00+00:00,CAL,California,D,Demand,27749,megawatthours
2025-09-30 12:00:00+00:00,CAL,California,D,Demand,27533,megawatthours
2025-09-30 13:00:00+00:00,CAL,California,D,Demand,27599,megawatthours
2025-09-30 14:00:00+00:00,CAL,California,D,Demand,28705,megawatthours
2025-09-30 15:00:00+00:00,CAL,California,D,Demand,30922,megawatthours
2025-09-30 16:00:00+00:00,CAL,California,D,Demand,32518,megawatthours
2025-09-30 17:00:00+00:00,CAL,California,D,Demand,35133,megawatthours
2025-09-30 18:00:00+00:00,CAL,California,D,Demand,36575,megawatthours
2025-09-30 19:00:00+00:00,CAL,California,D,Demand,35604,megawatthours
2025-09-30 20:00:00+00:00,CAL,California,D,Demand,35964,megawatthours
2025-09-30 21:00:00+00:00,CAL,California,D,Demand,35699,megawatthours
2025-09-30 22:00:00+00:00,CAL,California,D,Demand,36177,megawatthours
2025-09-30 23:00:00+00:00,CAL,California,D,Demand,36305,megawatthours
2025-10-01 00:00:00+00:00,CAL,California,D,Demand,36372,megawatthours
2025-10-01 01:00:00+00:00,CAL,California,D,Demand,36484,megawatthours
2025-10-01 02:00:00+00:00,CAL,California,D,Demand,36457,megawatthours
2025-10-01 03:00:00+00:00,CAL,California,D,Demand,36966,megawatthours
2025-10-01 04:00:00+00:00,CAL,California,D,Demand,36422,megawatthours
2025-10-01 05:00:00+00:00,CAL,California,D,Demand,35496,megawatthours
2025-10-01 06:00:00+00:00,CAL,California,D,Demand,34183,megawatthours
2025-10-01 07:00:00+00:00,CAL,California,D,Demand,32325,megawatthours
2025-10-01 08:00:00+00:00,CAL,California,D,Demand,30328,megawatthours
2025-10-01 09:00:00+00:00,CAL,California,D,Demand,29473,megawatthours
2025-10-01 10:00:00+00:00,CAL,California,D,Demand,28492,megawatthours
2025-10-01 11:00:00+00:00,CAL,California,D,Demand,28296,megawatthours
2025-10-01 12:00:00+00:00,CAL,California,D,Demand,27769,megawatthours
2025-10-01 13:00:00+00:00,CAL,California,D,Demand,27242,megawatthours
2025-10-01 14:00:00+00:00,CAL,California,D,Demand,28409,megawatthours
2025-10-01 15:00:00+00:00,CAL,California,D,Demand,30320,megawatthours
2025-10-01 16:00:00+00:00,CAL,California,D,Demand,31999,megawatthours
2025-10-01 17:00:00+00:00,CAL,California,D,Demand,34759,megawatthours
2025-10-01 18:00:00+00:00,CAL,California,D,Demand,36795,megawatthours
2025-10-01 19:00:00+00:00,CAL,California,D,Demand,36643,megawatthours
2025-10-01 20:00:00+00:00,CAL,California,D,Demand,36177,megawatthours
2025-10-01 21:00:00+00:00,CAL,California,D,Demand,35589,megawatthours
2025-10-01 22:00:00+00:00,CAL,California,D,Demand,35681,megawatthours
2025-10-01 23:00:00+00:00,CAL,California,D,Demand,36296,megawatthours
2025-10-02 00:00:00+00:00,CAL,California,D,Demand,36875,megawatthours
2025-10-02 01:00:00+00:00,CAL,California,D,Demand,36900,megawatthours
2025-10-02 02:00:00+00:00,CAL,California,D,Demand,36831,megawatthours
2025-10-02 03:00:00+00:00,CAL,California,D,Demand,37538,megawatthours
2025-10-02 04:00:00+00:00,CAL,California,D,Demand,37028,megawatthours
2025-10-02 05:00:00+00:00,CAL,California,D,Demand,35495,megawatthours
2025-10-02 06:00:00+00:00,CAL,California,D,Demand,34371,megawatthours
2025-10-02 07:00:00+00:00,CAL,California,D,Demand,32519,megawatthours
2025-10-02 08:00:00+00:00,CAL,California,D,Demand,30549,megawatthours
2025-10-02 09:00:00+00:00,CAL,California,D,Demand,29591,megawatthours
2025-10-02 10:00:00+00:00,CAL,California,D,Demand,28370,megawatthours
2025-10-02 11:00:00+00:00,CAL,California,D,Demand,27922,megawatthours
2025-10-02 12:00:00+00:00,CAL,California,D,Demand,27457,megawatthours
2025-10-02 13:00:00+00:00,CAL,California,D,Demand,27404,megawatthours
2025-10-02 14:00:00+00:00,CAL,California,D,Demand,28445,megawatthours
2025-10-02 15:00:00+00:00,CAL,California,D,Demand,30354,megawatthours
2025-10-02 16:00:00+00:00,CAL,California,D,Demand,31829,megawatthours
2025-10-02 17:00:00+00:00,CAL,California,D,Demand,33577,megawatthours
2025-10-02 18:00:00+00:00,CAL,California,D,Demand,35206,megawatthours
2025-10-02 19:00:00+00:00,CAL,California,D,Demand,35213,megawatthours
2025-10-02 20:00:00+00:00,CAL,California,D,Demand,35396,megawatthours
2025-10-02 21:00:00+00:00,CAL,California,D,Demand,35113,megawatthours
2025-10-02 22:00:00+00:00,CAL,California,D,Demand,35703,megawatthours
2025-10-02 23:00:00+00:00,CAL,California,D,Demand,36119,megawatthours
2025-10-03 00:00:00+00:00,CAL,California,D,Demand,35818,megawatthours
2025-10-03 01:00:00+00:00,CAL,California,D,Demand,35802,megawatthours
2025-10-03 02:00:00+00:00,CAL,California,D,Demand,36183,megawatthours
2025-10-03 03:00:00+00:00,CAL,California,D,Demand,36823,megawatthours
2025-10-03 04:00:00+00:00,CAL,California,D,Demand,36377,megawatthours
2025-10-03 05:00:00+00:00,CAL,California,D,Demand,35121,megawatthours
2025-10-03 06:00:00+00:00,CAL,California,D,Demand,34131,megawatthours
2025-10-03 07:00:00+00:00,CAL,California,D,Demand,32629,megawatthours
2025-10-03 08:00:00+00:00,CAL,California,D,Demand,30339,megawatthours
2025-10-03 09:00:00+00:00,CAL,California,D,Demand,29192,megawatthours
2025-10-03 10:00:00+00:00,CAL,California,D,Demand,28092,megawatthours
2025-10-03 11:00:00+00:00,CAL,California,D,Demand,27331,megawatthours
2025-10-03 12:00:00+00:00,CAL,California,D,Demand,27298,megawatthours
2025-10-03 13:00:00+00:00,CAL,California,D,Demand,27220,megawatthours
2025-10-03 14:00:00+00:00,CAL,California,D,Demand,28662,megawatthours
2025-10-03 15:00:00+00:00,CAL,California,D,Demand,30400,megawatthours
2025-10-03 16:00:00+00:00,CAL,California,D,Demand,31700,megawatthours
2025-10-03 17:00:00+00:00,CAL,California,D,Demand,33333,megawatthours
2025-10-03 18:00:00+00:00,CAL,California,D,Demand,35032,megawatthours
2025-10-03 19:00:00+00:00,CAL,California,D,Demand,35390,megawatthours
2025-10-03 20:00:00+00:00,CAL,California,D,Demand,35659,megawatthours
2025-10-03 21:00:00+00:00,CAL,California,D,Demand,35146,megawatthours
2025-10-03 22:00:00+00:00,CAL,California,D,Demand,34793,megawatthours
2025-10-03 23:00:00+00:00,CAL,California,D,Demand,34524,megawatthours
2025-10-04 00:00:00+00:00,CAL,California,D,Demand,33666,megawatthours
2025-10-04 01:00:00+00:00,CAL,California,D,Demand,33263,megawatthours
2025-10-04 02:00:00+00:00,CAL,California,D,Demand,33500,megawatthours
2025-10-04 03:00:00+00:00,CAL,California,D,Demand,34267,megawatthours
2025-10-04 04:00:00+00:00,CAL,California,D,Demand,33900,megawatthours
2025-10-04 05:00:00+00:00,CAL,California,D,Demand,32937,megawatthours
2025-10-04 06:00:00+00:00,CAL,California,D,Demand,32091,megawatthours
2025-10-04 07:00:00+00:00,CAL,California,D,Demand,30822,megawatthours
2025-10-04 08:00:00+00:00,CAL,California,D,Demand,29258,megawatthours
2025-10-04 09:00:00+00:00,CAL,California,D,Demand,28580,megawatthours
2025-10-04 10:00:00+00:00,CAL,California,D,Demand,27174,megawatthours
2025-10-04 11:00:00+00:00,CAL,California,D,Demand,26393,megawatthours
2025-10-04 12:00:00+00:00,CAL,California,D,Demand,25695,megawatthours
2025-10-04 13:00:00+00:00,CAL,California,D,Demand,25318,megawatthours
2025-10-04 14:00:00+00:00,CAL,California,D,Demand,25777,megawatthours
2025-10-04 15:00:00+00:00,CAL,California,D,Demand,26517,megawatthours
2025-10-04 16:00:00+00:00,CAL,California,D,Demand,27045,megawatthours
2025-10-04 17:00:00+00:00,CAL,California,D,Demand,28269,megawatthours
2025-10-04 18:00:00+00:00,CAL,California,D,Demand,29021,megawatthours
2025-10-04 19:00:00+00:00,CAL,California,D,Demand,28323,megawatthours
2025-10-04 20:00:00+00:00,CAL,California,D,Demand,27920,megawatthours
2025-10-04 21:00:00+00:00,CAL,California,D,Demand,27928,megawatthours
2025-10-04 22:00:00+00:00,CAL,California,D,Demand,28105,megawatthours
2025-10-04 23:00:00+00:00,CAL,California,D,Demand,27358,megawatthours
2025-10-05 00:00:00+00:00,CAL,California,D,Demand,28444,megawatthours
2025-10-05 01:00:00+00:00,CAL,California,D,Demand,29559,megawatthours
2025-10-05 02:00:00+00:00,CAL,California,D,Demand,30996,megawatthours
2025-10-05 03:00:00+00:00,CAL,California,D,Demand,32651,megawatthours
2025-10-05 04:00:00+00:00,CAL,California,D,Demand,32397,megawatthours
2025-10-05 05:00:00+00:00,CAL,California,D,Demand,31460,megawatthours
2025-10-05 06:00:00+00:00,CAL,California,D,Demand,30759,megawatthours
2025-10-05 07:00:00+00:00,CAL,California,D,Demand,29245,megawatthours
2025-10-05 08:00:00+00:00,CAL,California,D,Demand,27721,megawatthours
2025-10-05 09:00:00+00:00,CAL,California,D,Demand,26713,megawatthours
2025-10-05 10:00:00+00:00,CAL,California,D,Demand,25614,megawatthours
2025-10-05 11:00:00+00:00,CAL,California,D,Demand,24896,megawatthours
2025-10-05 12:00:00+00:00,CAL,California,D,Demand,24205,megawatthours
2025-10-05 13:00:00+00:00,CAL,California,D,Demand,24062,megawatthours
2025-10-05 14:00:00+00:00,CAL,California,D,Demand,24521,megawatthours
2025-10-05 15:00:00+00:00,CAL,California,D,Demand,24840,megawatthours
2025-10-05 16:00:00+00:00,CAL,California,D,Demand,25566,megawatthours
2025-10-05 17:00:00+00:00,CAL,California,D,Demand,27087,megawatthours
2025-10-05 18:00:00+00:00,CAL,California,D,Demand,28458,megawatthours
2025-10-05 19:00:00+00:00,CAL,California,D,Demand,28484,megawatthours
2025-10-05 20:00:00+00:00,CAL,California,D,Demand,29178,megawatthours
2025-10-05 21:00:00+00:00,CAL,California,D,Demand,29493,megawatthours
2025-10-05 22:00:00+00:00,CAL,California,D,Demand,29646,megawatthours
2025-10-05 23:00:00+00:00,CAL,California,D,Demand,29217,megawatthours
2025-10-06 00:00:00+00:00,CAL,California,D,Demand,29442,megawatthours
2025-10-06 01:00:00+00:00,CAL,California,D,Demand,30525,megawatthours
2025-10-06 02:00:00+00:00,CAL,California,D,Demand,32549,megawatthours
2025-10-06 03:00:00+00:00,CAL,California,D,Demand,34234,megawatthours
2025-10-06 04:00:00+00:00,CAL,California,D,Demand,33986,megawatthours
2025-10-06 05:00:00+00:00,CAL,California,D,Demand,32664,megawatthours
2025-10-06 06:00:00+00:00,CAL,California,D,Demand,31431,megawatthours
2025-10-06 07:00:00+00:00,CAL,California,D,Demand,29675,megawatthours
2025-10-06 08:00:00+00:00,CAL,California,D,Demand,27925,megawatthours
2025-10-06 09:00:00+00:00,CAL,California,D,Demand,26638,megawatthours
2025-10-06 10:00:00+00:00,CAL,California,D,Demand,25386,megawatthours
2025-10-06 11:00:00+00:00,CAL,California,D,Demand,24612,megawatthours
2025-10-06 12:00:00+00:00,CAL,California,D,Demand,24399,megawatthours
2025-10-06 13:00:00+00:00,CAL,California,D,Demand,25346,megawatthours
2025-10-06 14:00:00+00:00,CAL,California,D,Demand,26295,megawatthours
2025-10-06 15:00:00+00:00,CAL,California,D,Demand,28465,megawatthours
2025-10-06 16:00:00+00:00,CAL,California,D,Demand,30229,megawatthours
2025-10-06 17:00:00+00:00,CAL,California,D,Demand,32775,megawatthours
2025-10-06 18:00:00+00:00,CAL,California,D,Demand,34235,megawatthours
2025-10-06 19:00:00+00:00,CAL,California,D,Demand,33929,megawatthours
2025-10-06 20:00:00+00:00,CAL,California,D,Demand,34353,megawatthours
2025-10-06 21:00:00+00:00,CAL,California,D,Demand,34861,megawatthours
2025-10-06 22:00:00+00:00,CAL,California,D,Demand,34530,megawatthours
2025-10-06 23:00:00+00:00,CAL,California,D,Demand,33749,megawatthours
2025-10-07 00:00:00+00:00,CAL,California,D,Demand,34499,megawatthours
2025-10-07 01:00:00+00:00,CAL,California,D,Demand,35358,megawatthours
2025-10-07 02:00:00+00:00,CAL,California,D,Demand,36254,megawatthours
2025-10-07 03:00:00+00:00,CAL,California,D,Demand,36964,megawatthours
2025-10-07 04:00:00+00:00,CAL,California,D,Demand,36290,megawatthours
2025-10-07 05:00:00+00:00,CAL,California,D,Demand,34630,megawatthours
2025-10-07 06:00:00+00:00,CAL,California,D,Demand,33208,megawatthours
2025-10-07 07:00:00+00:00,CAL,California,D,Demand,30912,megawatthours
2025-10-07 08:00:00+00:00,CAL,California,D,Demand,29025,megawatthours
2025-10-07 09:00:00+00:00,CAL,California,D,Demand,27972,megawatthours
2025-10-07 10:00:00+00:00,CAL,California,D,Demand,26701,megawatthours
2025-10-07 11:00:00+00:00,CAL,California,D,Demand,26217,megawatthours
2025-10-07 12:00:00+00:00,CAL,California,D,Demand,25946,megawatthours
2025-10-07 13:00:00+00:00,CAL,California,D,Demand,25631,megawatthours
2025-10-07 14:00:00+00:00,CAL,California,D,Demand,26976,megawatthours
2025-10-07 15:00:00+00:00,CAL,California,D,Demand,29068,megawatthours
2025-10-07 16:00:00+00:00,CAL,California,D,Demand,30740,megawatthours
2025-10-07 17:00:00+00:00,CAL,California,D,Demand,33426,megawatthours
2025-10-07 18:00:00+00:00,CAL,California,D,Demand,34212,megawatthours
2025-10-07 19:00:00+00:00,CAL,California,D,Demand,34032,megawatthours
2025-10-07 20:00:00+00:00,CAL,California,D,Demand,34196,megawatthours
2025-10-07 21:00:00+00:00,CAL,California,D,Demand,33636,megawatthours
2025-10-07 22:00:00+00:00,CAL,California,D,Demand,33396,megawatthours
2025-10-07 23:00:00+00:00,CAL,California,D,Demand,34567,megawatthours
2025-10-08 00:00:00+00:00,CAL,California,D,Demand,34861,megawatthours
2025-10-08 01:00:00+00:00,CAL,California,D,Demand,35645,megawatthours
2025-10-08 02:00:00+00:00,CAL,California,D,Demand,36619,megawatthours
2025-10-08 03:00:00+00:00,CAL,California,D,Demand,37590,megawatthours
2025-10-08 04:00:00+00:00,CAL,California,D,Demand,37172,megawatthours
2025-10-08 05:00:00+00:00,CAL,California,D,Demand,35056,megawatthours
2025-10-08 06:00:00+00:00,CAL,California,D,Demand,33470,megawatthours
2025-10-08 07:00:00+00:00,CAL,California,D,Demand,31406,megawatthours
2025-10-08 08:00:00+00:00,CAL,California,D,Demand,29246,megawatthours
2025-10-08 09:00:00+00:00,CAL,California,D,Demand,28149,megawatthours
2025-10-08 10:00:00+00:00,CAL,California,D,Demand,26974,megawatthours
2025-10-08 11:00:00+00:00,CAL,California,D,Demand,26291,megawatthours
2025-10-08 12:00:00+00:00,CAL,California,D,Demand,26392,megawatthours
2025-10-08 13:00:00+00:00,CAL,California,D,Demand,26749,megawatthours
2025-10-08 14:00:00+00:00,CAL,California,D,Demand,27077,megawatthours
2025-10-08 15:00:00+00:00,CAL,California,D,Demand,29542,megawatthours
2025-10-08 16:00:00+00:00,CAL,California,D,Demand,30809,megawatthours
2025-10-08 17:00:00+00:00,CAL,California,D,Demand,32678,megawatthours
2025-10-08 18:00:00+00:00,CAL,California,D,Demand,35488,megawatthours
2025-10-08 19:00:00+00:00,CAL,California,D,Demand,35816,megawatthours
2025-10-08 20:00:00+00:00,CAL,California,D,Demand,35122,megawatthours
2025-10-08 21:00:00+00:00,CAL,California,D,Demand,33942,megawatthours
2025-10-08 22:00:00+00:00,CAL,California,D,Demand,33310,megawatthours
2025-10-08 23:00:00+00:00,CAL,California,D,Demand,32930,megawatthours
2025-10-09 00:00:00+00:00,CAL,California,D,Demand,33229,megawatthours
2025-10-09 01:00:00+00:00,CAL,California,D,Demand,33471,megawatthours
2025-10-09 02:00:00+00:00,CAL,California,D,Demand,34611,megawatthours
2025-10-09 03:00:00+00:00,CAL,California,D,Demand,35154,megawatthours
2025-10-09 04:00:00+00:00,CAL,California,D,Demand,34630,megawatthours
2025-10-09 05:00:00+00:00,CAL,California,D,Demand,33345,megawatthours
2025-10-09 06:00:00+00:00,CAL,California,D,Demand,32176,megawatthours
2025-10-09 07:00:00+00:00,CAL,California,D,Demand,30587,megawatthours
2025-10-09 08:00:00+00:00,CAL,California,D,Demand,28572,megawatthours
2025-10-09 09:00:00+00:00,CAL,California,D,Demand,27683,megawatthours
2025-10-09 10:00:00+00:00,CAL,California,D,Demand,26680,megawatthours
2025-10-09 11:00:00+00:00,CAL,California,D,Demand,26120,megawatthours
2025-10-09 12:00:00+00:00,CAL,California,D,Demand,25798,megawatthours
2025-10-09 13:00:00+00:00,CAL,California,D,Demand,26126,megawatthours
2025-10-09 14:00:00+00:00,CAL,California,D,Demand,26710,megawatthours
2025-10-09 15:00:00+00:00,CAL,California,D,Demand,29012,megawatthours
2025-10-09 16:00:00+00:00,CAL,California,D,Demand,29955,megawatthours
2025-10-09 17:00:00+00:00,CAL,California,D,Demand,31239,megawatthours
2025-10-09 18:00:00+00:00,CAL,California,D,Demand,33820,megawatthours
2025-10-09 19:00:00+00:00,CAL,California,D,Demand,34050,megawatthours
2025-10-09 20:00:00+00:00,CAL,California,D,Demand,33706,megawatthours
2025-10-09 21:00:00+00:00,CAL,California,D,Demand,32773,megawatthours
2025-10-09 22:00:00+00:00,CAL,California,D,Demand,32878,megawatthours
2025-10-09 23:00:00+00:00,CAL,California,D,Demand,32995,megawatthours
2025-10-10 00:00:00+00:00,CAL,California,D,Demand,33299,megawatthours
2025-10-10 01:00:00+00:00,CAL,California,D,Demand,33357,megawatthours
2025-10-10 02:00:00+00:00,CAL,California,D,Demand,34294,megawatthours
2025-10-10 03:00:00+00:00,CAL,California,D,Demand,35134,megawatthours
2025-10-10 04:00:00+00:00,CAL,California,D,Demand,35095,megawatthours
2025-10-10 05:00:00+00:00,CAL,California,D,Demand,33778,megawatthours
2025-10-10 06:00:00+00:00,CAL,California,D,Demand,32750,megawatthours
2025-10-10 07:00:00+00:00,CAL,California,D,Demand,30910,megawatthours
2025-10-10 08:00:00+00:00,CAL,California,D,Demand,28966,megawatthours
2025-10-10 09:00:00+00:00,CAL,California,D,Demand,28105,megawatthours
2025-10-10 10:00:00+00:00,CAL,California,D,Demand,27029,megawatthours
2025-10-10 11:00:00+00:00,CAL,California,D,Demand,26243,megawatthours
2025-10-10 12:00:00+00:00,CAL,California,D,Demand,26264,megawatthours
2025-10-10 13:00:00+00:00,CAL,California,D,Demand,26419,megawatthours
2025-10-10 14:00:00+00:00,CAL,California,D,Demand,27399,megawatthours
2025-10-10 15:00:00+00:00,CAL,California,D,Demand,29079,megawatthours
2025-10-10 16:00:00+00:00,CAL,California,D,Demand,30176,megawatthours
2025-10-10 17:00:00+00:00,CAL,California,D,Demand,30633,megawatthours
2025-10-10 18:00:00+00:00,CAL,California,D,Demand,31982,megawatthours
2025-10-10 19:00:00+00:00,CAL,California,D,Demand,33233,megawatthours
2025-10-10 20:00:00+00:00,CAL,California,D,Demand,34119,megawatthours
2025-10-10 21:00:00+00:00,CAL,California,D,Demand,33369,megawatthours
2025-10-10 22:00:00+00:00,CAL,California,D,Demand,33155,megawatthours
2025-10-10 23:00:00+00:00,CAL,California,D,Demand,33643,megawatthours
2025-10-11 00:00:00+00:00,CAL,California,D,Demand,35199,megawatthours
2025-10-11 01:00:00+00:00,CAL,California,D,Demand,34858,megawatthours
2025-10-11 02:00:00+00:00,CAL,California,D,Demand,35482,megawatthours
2025-10-11 03:00:00+00:00,CAL,California,D,Demand,35865,megawatthours
2025-10-11 04:00:00+00:00,CAL,California,D,Demand,35164,megawatthours
2025-10-11 05:00:00+00:00,CAL,California,D,Demand,34160,megawatthours
2025-10-11 06:00:00+00:00,CAL,California,D,Demand,33249,megawatthours
2025-10-11 07:00:00+00:00,CAL,California,D,Demand,32084,megawatthours
2025-10-11 08:00:00+00:00,CAL,California,D,Demand,29936,megawatthours
2025-10-11 09:00:00+00:00,CAL,California,D,Demand,28492,megawatthours
2025-10-11 10:00:00+00:00,CAL,California,D,Demand,27103,megawatthours
2025-10-11 11:00:00+00:00,CAL,California,D,Demand,26106,megawatthours
2025-10-11 12:00:00+00:00,CAL,California,D,Demand,25336,megawatthours
2025-10-11 13:00:00+00:00,CAL,California,D,Demand,25559,megawatthours
2025-10-11 14:00:00+00:00,CAL,California,D,Demand,25244,megawatthours
2025-10-11 15:00:00+00:00,CAL,California,D,Demand,26059,megawatthours
2025-10-11 16:00:00+00:00,CAL,California,D,Demand,26857,megawatthours
2025-10-11 17:00:00+00:00,CAL,California,D,Demand,27865,megawatthours
2025-10-11 18:00:00+00:00,CAL,California,D,Demand,29026,megawatthours
2025-10-11 19:00:00+00:00,CAL,California,D,Demand,29418,megawatthours
2025-10-11 20:00:00+00:00,CAL,California,D,Demand,29863,megawatthours
2025-10-11 21:00:00+00:00,CAL,California,D,Demand,29807,megawatthours
2025-10-11 22:00:00+00:00,CAL,California,D,Demand,29829,megawatthours
2025-10-11 23:00:00+00:00,CAL,California,D,Demand,30124,megawatthours
2025-10-12 00:00:00+00:00,CAL,California,D,Demand,30741,megawatthours
2025-10-12 01:00:00+00:00,CAL,California,D,Demand,30636,megawatthours
2025-10-12 02:00:00+00:00,CAL,California,D,Demand,31315,megawatthours
2025-10-12 03:00:00+00:00,CAL,California,D,Demand,32056,megawatthours
2025-10-12 04:00:00+00:00,CAL,California,D,Demand,32220,megawatthours
2025-10-12 05:00:00+00:00,CAL,California,D,Demand,30844,megawatthours
2025-10-12 06:00:00+00:00,CAL,California,D,Demand,29999,megawatthours
2025-10-12 07:00:00+00:00,CAL,California,D,Demand,29010,megawatthours
2025-10-12 08:00:00+00:00,CAL,California,D,Demand,27604,megawatthours
2025-10-12 09:00:00+00:00,CAL,California,D,Demand,26564,megawatthours
2025-10-12 10:00:00+00:00,CAL,California,D,Demand,25485,megawatthours
2025-10-12 11:00:00+00:00,CAL,California,D,Demand,24880,megawatthours
2025-10-12 12:00:00+00:00,CAL,California,D,Demand,24500,megawatthours
2025-10-12 13:00:00+00:00,CAL,California,D,Demand,24144,megawatthours
2025-10-12 14:00:00+00:00,CAL,California,D,Demand,24027,megawatthours
2025-10-12 15:00:00+00:00,CAL,California,D,Demand,24925,megawatthours
2025-10-12 16:00:00+00:00,CAL,California,D,Demand,25289,megawatthours
2025-10-12 17:00:00+00:00,CAL,California,D,Demand,26964,megawatthours
2025-10-12 18:00:00+00:00,CAL,California,D,Demand,28850,megawatthours
2025-10-12 19:00:00+00:00,CAL,California,D,Demand,29038,megawatthours
2025-10-12 20:00:00+00:00,CAL,California,D,Demand,28431,megawatthours
2025-10-12 21:00:00+00:00,CAL,California,D,Demand,27402,megawatthours
2025-10-12 22:00:00+00:00,CAL,California,D,Demand,27654,megawatthours
2025-10-12 23:00:00+00:00,CAL,California,D,Demand,27687,megawatthours
2025-10-13 00:00:00+00:00,CAL,California,D,Demand,27488,megawatthours
2025-10-13 01:00:00+00:00,CAL,California,D,Demand,28459,megawatthours
2025-10-13 02:00:00+00:00,CAL,California,D,Demand,30239,megawatthours
2025-10-13 03:00:00+00:00,CAL,California,D,Demand,31447,megawatthours
2025-10-13 04:00:00+00:00,CAL,California,D,Demand,31437,megawatthours
2025-10-13 05:00:00+00:00,CAL,California,D,Demand,30440,megawatthours
2025-10-13 06:00:00+00:00,CAL,California,D,Demand,29381,megawatthours
2025-10-13 07:00:00+00:00,CAL,California,D,Demand,27943,megawatthours
2025-10-13 08:00:00+00:00,CAL,California,D,Demand,26221,megawatthours
2025-10-13 09:00:00+00:00,CAL,California,D,Demand,25709,megawatthours
2025-10-13 10:00:00+00:00,CAL,California,D,Demand,24787,megawatthours
2025-10-13 11:00:00+00:00,CAL,California,D,Demand,24176,megawatthours
2025-10-13 12:00:00+00:00,CAL,California,D,Demand,24047,megawatthours
2025-10-13 13:00:00+00:00,CAL,California,D,Demand,24749,megawatthours
2025-10-13 14:00:00+00:00,CAL,California,D,Demand,25690,megawatthours
2025-10-13 15:00:00+00:00,CAL,California,D,Demand,27675,megawatthours
2025-10-13 16:00:00+00:00,CAL,California,D,Demand,29245,megawatthours
2025-10-13 17:00:00+00:00,CAL,California,D,Demand,31701,megawatthours
2025-10-13 18:00:00+00:00,CAL,California,D,Demand,31743,megawatthours
2025-10-13 19:00:00+00:00,CAL,California,D,Demand,32610,megawatthours
2025-10-13 20:00:00+00:00,CAL,California,D,Demand,32792,megawatthours
2025-10-13 21:00:00+00:00,CAL,California,D,Demand,34126,megawatthours
2025-10-13 22:00:00+00:00,CAL,California,D,Demand,32990,megawatthours
2025-10-13 23:00:00+00:00,CAL,California,D,Demand,32498,megawatthours
2025-10-14 00:00:00+00:00,CAL,California,D,Demand,31640,megawatthours
2025-10-14 01:00:00+00:00,CAL,California,D,Demand,31346,megawatthours
2025-10-14 02:00:00+00:00,CAL,California,D,Demand,31399,megawatthours
2025-10-14 03:00:00+00:00,CAL,California,D,Demand,32054,megawatthours
2025-10-14 04:00:00+00:00,CAL,California,D,Demand,31841,megawatthours
2025-10-14 05:00:00+00:00,CAL,California,D,Demand,30885,megawatthours
2025-10-14 06:00:00+00:00,CAL,California,D,Demand,29729,megawatthours
2025-10-14 07:00:00+00:00,CAL,California,D,Demand,28367,megawatthours
2025-10-14 08:00:00+00:00,CAL,California,D,Demand,26820,megawatthours
2025-10-14 09:00:00+00:00,CAL,California,D,Demand,25965,megawatthours
2025-10-14 10:00:00+00:00,CAL,California,D,Demand,25206,megawatthours
2025-10-14 11:00:00+00:00,CAL,California,D,Demand,24792,megawatthours
2025-10-14 12:00:00+00:00,CAL,California,D,Demand,24750,megawatthours
2025-10-14 13:00:00+00:00,CAL,California,D,Demand,24958,megawatthours
2025-10-14 14:00:00+00:00,CAL,California,D,Demand,26095,megawatthours
2025-10-14 15:00:00+00:00,CAL,California,D,Demand,28288,megawatthours
2025-10-14 16:00:00+00:00,CAL,California,D,Demand,29977,megawatthours
2025-10-14 17:00:00+00:00,CAL,California,D,Demand,31004,megawatthours
2025-10-14 18:00:00+00:00,CAL,California,D,Demand,31131,megawatthours
2025-10-14 19:00:00+00:00,CAL,California,D,Demand,31764,megawatthours
2025-10-14 20:00:00+00:00,CAL,California,D,Demand,31786,megawatthours
2025-10-14 21:00:00+00:00,CAL,California,D,Demand,32643,megawatthours
2025-10-14 22:00:00+00:00,CAL,California,D,Demand,32875,megawatthours
2025-10-14 23:00:00+00:00,CAL,California,D,Demand,33597,megawatthours
2025-10-15 00:00:00+00:00,CAL,California,D,Demand,33172,megawatthours
2025-10-15 01:00:00+00:00,CAL,California,D,Demand,31696,megawatthours
2025-10-15 02:00:00+00:00,CAL,California,D,Demand,30667,megawatthours
2025-10-15 03:00:00+00:00,CAL,California,D,Demand,31497,megawatthours
2025-10-15 04:00:00+00:00,CAL,California,D,Demand,31482,megawatthours
2025-10-15 05:00:00+00:00,CAL,California,D,Demand,30586,megawatthours
2025-10-15 06:00:00+00:00,CAL,California,D,Demand,29698,megawatthours
2025-10-15 07:00:00+00:00,CAL,California,D,Demand,28361,megawatthours
2025-10-15 08:00:00+00:00,CAL,California,D,Demand,27028,megawatthours
2025-10-15 09:00:00+00:00,CAL,California,D,Demand,26225,megawatthours
2025-10-15 10:00:00+00:00,CAL,California,D,Demand,25448,megawatthours
2025-10-15 11:00:00+00:00,CAL,California,D,Demand,25101,megawatthours
2025-10-15 12:00:00+00:00,CAL,California,D,Demand,25112,megawatthours
2025-10-15 13:00:00+00:00,CAL,California,D,Demand,24787,megawatthours
2025-10-15 14:00:00+00:00,CAL,California,D,Demand,25666,megawatthours
2025-10-15 15:00:00+00:00,CAL,California,D,Demand,28236,megawatthours
2025-10-15 16:00:00+00:00,CAL,California,D,Demand,29572,megawatthours
2025-10-15 17:00:00+00:00,CAL,California,D,Demand,30554,megawatthours
2025-10-15 18:00:00+00:00,CAL,California,D,Demand,31708,megawatthours
2025-10-15 19:00:00+00:00,CAL,California,D,Demand,31968,megawatthours
2025-10-15 20:00:00+00:00,CAL,California,D,Demand,32022,megawatthours
2025-10-15 21:00:00+00:00,CAL,California,D,Demand,31106,megawatthours
2025-10-15 22:00:00+00:00,CAL,California,D,Demand,30857,megawatthours
2025-10-15 23:00:00+00:00,CAL,California,D,Demand,30837,megawatthours
2025-10-16 00:00:00+00:00,CAL,California,D,Demand,29776,megawatthours
2025-10-16 01:00:00+00:00,CAL,California,D,Demand,28838,megawatthours
2025-10-16 02:00:00+00:00,CAL,California,D,Demand,29643,megawatthours
2025-10-16 03:00:00+00:00,CAL,California,D,Demand,31136,megawatthours
2025-10-16 04:00:00+00:00,CAL,California,D,Demand,31482,megawatthours
2025-10-16 05:00:00+00:00,CAL,California,D,Demand,30447,megawatthours
2025-10-16 06:00:00+00:00,CAL,California,D,Demand,29885,megawatthours
2025-10-16 07:00:00+00:00,CAL,California,D,Demand,28320,megawatthours
2025-10-16 08:00:00+00:00,CAL,California,D,Demand,26874,megawatthours
2025-10-16 09:00:00+00:00,CAL,California,D,Demand,26440,megawatthours
2025-10-16 10:00:00+00:00,CAL,California,D,Demand,25294,megawatthours
2025-10-16 11:00:00+00:00,CAL,California,D,Demand,24344,megawatthours
2025-10-16 12:00:00+00:00,CAL,California,D,Demand,24249,megawatthours
2025-10-16 13:00:00+00:00,CAL,California,D,Demand,24685,megawatthours
2025-10-16 14:00:00+00:00,CAL,California,D,Demand,26174,megawatthours
2025-10-16 15:00:00+00:00,CAL,California,D,Demand,28330,megawatthours
2025-10-16 16:00:00+00:00,CAL,California,D,Demand,29790,megawatthours
2025-10-16 17:00:00+00:00,CAL,California,D,Demand,31271,megawatthours
2025-10-16 18:00:00+00:00,CAL,California,D,Demand,32030,megawatthours
2025-10-16 19:00:00+00:00,CAL,California,D,Demand,30937,megawatthours
2025-10-16 20:00:00+00:00,CAL,California,D,Demand,31041,megawatthours
2025-10-16 21:00:00+00:00,CAL,California,D,Demand,31103,megawatthours
2025-10-16 22:00:00+00:00,CAL,California,D,Demand,30258,megawatthours
2025-10-16 23:00:00+00:00,CAL,California,D,Demand,29956,megawatthours
2025-10-17 00:00:00+00:00,CAL,California,D,Demand,29520,megawatthours
2025-10-17 01:00:00+00:00,CAL,California,D,Demand,28646,megawatthours
2025-10-17 02:00:00+00:00,CAL,California,D,Demand,30424,megawatthours
2025-10-17 03:00:00+00:00,CAL,California,D,Demand,32048,megawatthours
2025-10-17 04:00:00+00:00,CAL,California,D,Demand,32046,megawatthours
2025-10-17 05:00:00+00:00,CAL,California,D,Demand,31059,megawatthours
2025-10-17 06:00:00+00:00,CAL,California,D,Demand,29979,megawatthours
2025-10-17 07:00:00+00:00,CAL,California,D,Demand,28717,megawatthours
2025-10-17 08:00:00+00:00,CAL,California,D,Demand,27119,megawatthours
2025-10-17 09:00:00+00:00,CAL,California,D,Demand,26042,megawatthours
2025-10-17 10:00:00+00:00,CAL,California,D,Demand,24984,megawatthours
2025-10-17 11:00:00+00:00,CAL,California,D,Demand,24602,megawatthours
2025-10-17 12:00:00+00:00,CAL,California,D,Demand,24474,megawatthours
2025-10-17 13:00:00+00:00,CAL,California,D,Demand,24400,megawatthours
2025-10-17 14:00:00+00:00,CAL,California,D,Demand,25749,megawatthours
2025-10-17 15:00:00+00:00,CAL,California,D,Demand,28180,megawatthours
2025-10-17 16:00:00+00:00,CAL,California,D,Demand,29372,megawatthours
2025-10-17 17:00:00+00:00,CAL,California,D,Demand,30118,megawatthours
2025-10-17 18:00:00+00:00,CAL,California,D,Demand,31578,megawatthours
2025-10-17 19:00:00+00:00,CAL,California,D,Demand,31850,megawatthours
2025-10-17 20:00:00+00:00,CAL,California,D,Demand,31198,megawatthours
2025-10-17 21:00:00+00:00,CAL,California,D,Demand,30737,megawatthours
2025-10-17 22:00:00+00:00,CAL,California,D,Demand,30304,megawatthours
2025-10-17 23:00:00+00:00,CAL,California,D,Demand,30034,megawatthours
2025-10-18 00:00:00+00:00,CAL,California,D,Demand,30066,megawatthours
2025-10-18 01:00:00+00:00,CAL,California,D,Demand,30359,megawatthours
2025-10-18 02:00:00+00:00,CAL,California,D,Demand,31799,megawatthours
2025-10-18 03:00:00+00:00,CAL,California,D,Demand,32304,megawatthours
2025-10-18 04:00:00+00:00,CAL,California,D,Demand,32065,megawatthours
2025-10-18 05:00:00+00:00,CAL,California,D,Demand,30995,megawatthours
2025-10-18 06:00:00+00:00,CAL,California,D,Demand,30210,megawatthours
2025-10-18 07:00:00+00:00,CAL,California,D,Demand,28819,megawatthours
2025-10-18 08:00:00+00:00,CAL,California,D,Demand,27621,megawatthours
2025-10-18 09:00:00+00:00,CAL,California,D,Demand,26917,megawatthours
2025-10-18 10:00:00+00:00,CAL,California,D,Demand,25773,megawatthours
2025-10-18 11:00:00+00:00,CAL,California,D,Demand,24968,megawatthours
2025-10-18 12:00:00+00:00,CAL,California,D,Demand,24353,megawatthours
2025-10-18 13:00:00+00:00,CAL,California,D,Demand,24228,megawatthours
2025-10-18 14:00:00+00:00,CAL,California,D,Demand,24781,megawatthours
2025-10-18 15:00:00+00:00,CAL,California,D,Demand,25652,megawatthours
2025-10-18 16:00:00+00:00,CAL,California,D,Demand,26501,megawatthours
2025-10-18 17:00:00+00:00,CAL,California,D,Demand,28923,megawatthours
2025-10-18 18:00:00+00:00,CAL,California,D,Demand,30358,megawatthours
2025-10-18 19:00:00+00:00,CAL,California,D,Demand,29520,megawatthours
2025-10-18 20:00:00+00:00,CAL,California,D,Demand,29576,megawatthours
2025-10-18 21:00:00+00:00,CAL,California,D,Demand,30468,megawatthours
2025-10-18 22:00:00+00:00,CAL,California,D,Demand,29549,megawatthours
2025-10-18 23:00:00+00:00,CAL,California,D,Demand,28758,megawatthours
2025-10-19 00:00:00+00:00,CAL,California,D,Demand,28837,megawatthours
2025-10-19 01:00:00+00:00,CAL,California,D,Demand,29478,megawatthours
2025-10-19 02:00:00+00:00,CAL,California,D,Demand,31080,megawatthours
2025-10-19 03:00:00+00:00,CAL,California,D,Demand,31785,megawatthours
2025-10-19 04:00:00+00:00,CAL,California,D,Demand,31279,megawatthours
2025-10-19 05:00:00+00:00,CAL,California,D,Demand,30239,megawatthours
2025-10-19 06:00:00+00:00,CAL,California,D,Demand,29226,megawatthours
2025-10-19 07:00:00+00:00,CAL,California,D,Demand,28112,megawatthours
2025-10-19 08:00:00+00:00,CAL,California,D,Demand,26708,megawatthours
2025-10-19 09:00:00+00:00,CAL,California,D,Demand,26073,megawatthours
2025-10-19 10:00:00+00:00,CAL,California,D,Demand,24990,megawatthours
2025-10-19 11:00:00+00:00,CAL,California,D,Demand,24077,megawatthours
2025-10-19 12:00:00+00:00,CAL,California,D,Demand,23705,megawatthours
2025-10-19 13:00:00+00:00,CAL,California,D,Demand,23430,megawatthours
2025-10-19 14:00:00+00:00,CAL,California,D,Demand,23671,megawatthours
2025-10-19 15:00:00+00:00,CAL,California,D,Demand,24280,megawatthours
2025-10-19 16:00:00+00:00,CAL,California,D,Demand,24839,megawatthours
2025-10-19 17:00:00+00:00,CAL,California,D,Demand,27244,megawatthours
2025-10-19 18:00:00+00:00,CAL,California,D,Demand,28817,megawatthours
2025-10-19 19:00:00+00:00,CAL,California,D,Demand,28934,megawatthours
2025-10-19 20:00:00+00:00,CAL,California,D,Demand,29815,megawatthours
2025-10-19 21:00:00+00:00,CAL,California,D,Demand,30038,megawatthours
2025-10-19 22:00:00+00:00,CAL,California,D,Demand,28338,megawatthours
2025-10-19 23:00:00+00:00,CAL,California,D,Demand,28554,megawatthours
2025-10-20 00:00:00+00:00,CAL,California,D,Demand,28782,megawatthours
2025-10-20 01:00:00+00:00,CAL,California,D,Demand,29465,megawatthours
2025-10-20 02:00:00+00:00,CAL,California,D,Demand,31834,megawatthours
2025-10-20 03:00:00+00:00,CAL,California,D,Demand,32559,megawatthours
2025-10-20 04:00:00+00:00,CAL,California,D,Demand,32272,megawatthours
2025-10-20 05:00:00+00:00,CAL,California,D,Demand,31070,megawatthours
2025-10-20 06:00:00+00:00,CAL,California,D,Demand,29973,megawatthours
2025-10-20 07:00:00+00:00,CAL,California,D,Demand,28563,megawatthours
2025-10-20 08:00:00+00:00,CAL,California,D,Demand,26683,megawatthours
2025-10-20 09:00:00+00:00,CAL,California,D,Demand,26157,megawatthours
2025-10-20 10:00:00+00:00,CAL,California,D,Demand,25864,megawatthours
2025-10-20 11:00:00+00:00,CAL,California,D,Demand,25427,megawatthours
2025-10-20 12:00:00+00:00,CAL,California,D,Demand,25379,megawatthours
2025-10-20 13:00:00+00:00,CAL,California,D,Demand,24861,megawatthours
2025-10-20 14:00:00+00:00,CAL,California,D,Demand,26365,megawatthours
2025-10-20 15:00:00+00:00,CAL,California,D,Demand,29030,megawatthours
2025-10-20 16:00:00+00:00,CAL,California,D,Demand,30182,megawatthours
2025-10-20 17:00:00+00:00,CAL,California,D,Demand,31847,megawatthours
2025-10-20 18:00:00+00:00,CAL,California,D,Demand,33731,megawatthours
2025-10-20 19:00:00+00:00,CAL,California,D,Demand,33290,megawatthours
2025-10-20 20:00:00+00:00,CAL,California,D,Demand,33306,megawatthours
2025-10-20 21:00:00+00:00,CAL,California,D,Demand,32622,megawatthours
2025-10-20 22:00:00+00:00,CAL,California,D,Demand,31453,megawatthours
2025-10-20 23:00:00+00:00,CAL,California,D,Demand,31110,megawatthours
2025-10-21 00:00:00+00:00,CAL,California,D,Demand,31618,megawatthours
2025-10-21 01:00:00+00:00,CAL,California,D,Demand,33206,megawatthours
2025-10-21 02:00:00+00:00,CAL,California,D,Demand,34845,megawatthours
2025-10-21 03:00:00+00:00,CAL,California,D,Demand,35096,megawatthours
2025-10-21 04:00:00+00:00,CAL,California,D,Demand,34120,megawatthours
2025-10-21 05:00:00+00:00,CAL,California,D,Demand,32618,megawatthours
2025-10-21 06:00:00+00:00,CAL,California,D,Demand,31140,megawatthours
2025-10-21 07:00:00+00:00,CAL,California,D,Demand,29583,megawatthours
2025-10-21 08:00:00+00:00,CAL,California,D,Demand,27700,megawatthours
2025-10-21 09:00:00+00:00,CAL,California,D,Demand,26567,megawatthours
2025-10-21 10:00:00+00:00,CAL,California,D,Demand,25987,megawatthours
2025-10-21 11:00:00+00:00,CAL,California,D,Demand,25331,megawatthours
2025-10-21 12:00:00+00:00,CAL,California,D,Demand,24908,megawatthours
2025-10-21 13:00:00+00:00,CAL,California,D,Demand,25229,megawatthours
2025-10-21 14:00:00+00:00,CAL,California,D,Demand,26361,megawatthours
2025-10-21 15:00:00+00:00,CAL,California,D,Demand,28690,megawatthours
2025-10-21 16:00:00+00:00,CAL,California,D,Demand,29961,megawatthours
2025-10-21 17:00:00+00:00,CAL,California,D,Demand,32171,megawatthours
2025-10-21 18:00:00+00:00,CAL,California,D,Demand,33396,megawatthours
2025-10-21 19:00:00+00:00,CAL,California,D,Demand,33016,megawatthours
2025-10-21 20:00:00+00:00,CAL,California,D,Demand,33587,megawatthours
2025-10-21 21:00:00+00:00,CAL,California,D,Demand,32166,megawatthours
2025-10-21 22:00:00+00:00,CAL,California,D,Demand,32035,megawatthours
2025-10-21 23:00:00+00:00,CAL,California,D,Demand,32383,megawatthours
2025-10-22 00:00:00+00:00,CAL,California,D,Demand,32662,megawatthours
2025-10-22 01:00:00+00:00,CAL,California,D,Demand,32605,megawatthours
2025-10-22 02:00:00+00:00,CAL,California,D,Demand,33265,megawatthours
2025-10-22 03:00:00+00:00,CAL,California,D,Demand,33941,megawatthours
2025-10-22 04:00:00+00:00,CAL,California,D,Demand,33707,megawatthours
2025-10-22 05:00:00+00:00,CAL,California,D,Demand,32404,megawatthours
2025-10-22 06:00:00+00:00,CAL,California,D,Demand,31547,megawatthours
2025-10-22 07:00:00+00:00,CAL,California,D,Demand,29852,megawatthours
2025-10-22 08:00:00+00:00,CAL,California,D,Demand,27901,megawatthours
2025-10-22 09:00:00+00:00,CAL,California,D,Demand,26793,megawatthours
2025-10-22 10:00:00+00:00,CAL,California,D,Demand,25716,megawatthours
2025-10-22 11:00:00+00:00,CAL,California,D,Demand,25561,megawatthours
2025-10-22 12:00:00+00:00,CAL,California,D,Demand,25678,megawatthours
2025-10-22 13:00:00+00:00,CAL,California,D,Demand,25643,megawatthours
2025-10-22 14:00:00+00:00,CAL,California,D,Demand,26390,megawatthours
2025-10-22 15:00:00+00:00,CAL,California,D,Demand,28665,megawatthours
2025-10-22 16:00:00+00:00,CAL,California,D,Demand,30317,megawatthours
2025-10-22 17:00:00+00:00,CAL,California,D,Demand,31417,megawatthours
2025-10-22 18:00:00+00:00,CAL,California,D,Demand,32553,megawatthours
2025-10-22 19:00:00+00:00,CAL,California,D,Demand,32790,megawatthours
2025-10-22 20:00:00+00:00,CAL,California,D,Demand,33580,megawatthours
2025-10-22 21:00:00+00:00,CAL,California,D,Demand,32904,megawatthours
2025-10-22 22:00:00+00:00,CAL,California,D,Demand,33346,megawatthours
2025-10-22 23:00:00+00:00,CAL,California,D,Demand,35223,megawatthours
2025-10-23 00:00:00+00:00,CAL,California,D,Demand,34426,megawatthours
2025-10-23 01:00:00+00:00,CAL,California,D,Demand,31695,megawatthours
2025-10-23 02:00:00+00:00,CAL,California,D,Demand,31979,megawatthours
2025-10-23 03:00:00+00:00,CAL,California,D,Demand,32644,megawatthours
2025-10-23 04:00:00+00:00,CAL,California,D,Demand,32378,megawatthours
2025-10-23 05:00:00+00:00,CAL,California,D,Demand,30957,megawatthours
2025-10-23 06:00:00+00:00,CAL,California,D,Demand,30572,megawatthours
2025-10-23 07:00:00+00:00,CAL,California,D,Demand,28884,megawatthours
2025-10-23 08:00:00+00:00,CAL,California,D,Demand,27271,megawatthours
2025-10-23 09:00:00+00:00,CAL,California,D,Demand,26552,megawatthours
2025-10-23 10:00:00+00:00,CAL,California,D,Demand,25842,megawatthours
2025-10-23 11:00:00+00:00,CAL,California,D,Demand,25266,megawatthours
2025-10-23 12:00:00+00:00,CAL,California,D,Demand,24851,megawatthours
2025-10-23 13:00:00+00:00,CAL,California,D,Demand,25168,megawatthours
2025-10-23 14:00:00+00:00,CAL,California,D,Demand,26482,megawatthours
2025-10-23 15:00:00+00:00,CAL,California,D,Demand,28968,megawatthours
2025-10-23 16:00:00+00:00,CAL,California,D,Demand,29979,megawatthours
2025-10-23 17:00:00+00:00,CAL,California,D,Demand,32516,megawatthours
2025-10-23 18:00:00+00:00,CAL,California,D,Demand,33428,megawatthours
2025-10-23 19:00:00+00:00,CAL,California,D,Demand,32435,megawatthours
2025-10-23 20:00:00+00:00,CAL,California,D,Demand,32355,megawatthours
2025-10-23 21:00:00+00:00,CAL,California,D,Demand,31997,megawatthours
2025-10-23 22:00:00+00:00,CAL,California,D,Demand,32248,megawatthours
2025-10-23 23:00:00+00:00,CAL,California,D,Demand,32267,megawatthours
2025-10-24 00:00:00+00:00,CAL,California,D,Demand,31913,megawatthours
2025-10-24 01:00:00+00:00,CAL,California,D,Demand,31033,megawatthours
2025-10-24 02:00:00+00:00,CAL,California,D,Demand,31920,megawatthours
2025-10-24 03:00:00+00:00,CAL,California,D,Demand,32517,megawatthours
2025-10-24 04:00:00+00:00,CAL,California,D,Demand,32324,megawatthours
2025-10-24 05:00:00+00:00,CAL,California,D,Demand,31105,megawatthours
2025-10-24 06:00:00+00:00,CAL,California,D,Demand,30225,megawatthours
2025-10-24 07:00:00+00:00,CAL,California,D,Demand,28835,megawatthours
2025-10-24 08:00:00+00:00,CAL,California,D,Demand,26940,megawatthours
2025-10-24 09:00:00+00:00,CAL,California,D,Demand,26082,megawatthours
2025-10-24 10:00:00+00:00,CAL,California,D,Demand,25010,megawatthours
2025-10-24 11:00:00+00:00,CAL,California,D,Demand,24777,megawatthours
2025-10-24 12:00:00+00:00,CAL,California,D,Demand,24462,megawatthours
2025-10-24 13:00:00+00:00,CAL,California,D,Demand,24603,megawatthours
2025-10-24 14:00:00+00:00,CAL,California,D,Demand,25734,megawatthours
2025-10-24 15:00:00+00:00,CAL,California,D,Demand,28051,megawatthours
2025-10-24 16:00:00+00:00,CAL,California,D,Demand,29416,megawatthours
2025-10-24 17:00:00+00:00,CAL,California,D,Demand,30916,megawatthours
2025-10-24 18:00:00+00:00,CAL,California,D,Demand,32978,megawatthours
2025-10-24 19:00:00+00:00,CAL,California,D,Demand,32737,megawatthours
2025-10-24 20:00:00+00:00,CAL,California,D,Demand,32210,megawatthours
2025-10-24 21:00:00+00:00,CAL,California,D,Demand,31741,megawatthours
2025-10-24 22:00:00+00:00,CAL,California,D,Demand,31926,megawatthours
2025-10-24 23:00:00+00:00,CAL,California,D,Demand,32225,megawatthours
2025-10-25 00:00:00+00:00,CAL,California,D,Demand,32340,megawatthours
2025-10-25 01:00:00+00:00,CAL,California,D,Demand,31670,megawatthours
2025-10-25 02:00:00+00:00,CAL,California,D,Demand,32006,megawatthours
2025-10-25 03:00:00+00:00,CAL,California,D,Demand,33103,megawatthours
2025-10-25 04:00:00+00:00,CAL,California,D,Demand,32601,megawatthours
2025-10-25 05:00:00+00:00,CAL,California,D,Demand,30999,megawatthours
2025-10-25 06:00:00+00:00,CAL,California,D,Demand,30318,megawatthours
2025-10-25 07:00:00+00:00,CAL,California,D,Demand,29114,megawatthours
2025-10-25 08:00:00+00:00,CAL,California,D,Demand,27368,megawatthours
2025-10-25 09:00:00+00:00,CAL,California,D,Demand,26411,megawatthours
2025-10-25 10:00:00+00:00,CAL,California,D,Demand,25498,megawatthours
2025-10-25 11:00:00+00:00,CAL,California,D,Demand,24590,megawatthours
2025-10-25 12:00:00+00:00,CAL,California,D,Demand,24229,megawatthours
2025-10-25 13:00:00+00:00,CAL,California,D,Demand,23969,megawatthours
2025-10-25 14:00:00+00:00,CAL,California,D,Demand,24519,megawatthours
2025-10-25 15:00:00+00:00,CAL,California,D,Demand,25322,megawatthours
2025-10-25 16:00:00+00:00,CAL,California,D,Demand,26461,megawatthours
2025-10-25 17:00:00+00:00,CAL,California,D,Demand,28606,megawatthours
2025-10-25 18:00:00+00:00,CAL,California,D,Demand,31397,megawatthours
2025-10-25 19:00:00+00:00,CAL,California,D,Demand,31779,megawatthours
2025-10-25 20:00:00+00:00,CAL,California,D,Demand,31532,megawatthours
2025-10-25 21:00:00+00:00,CAL,California,D,Demand,31937,megawatthours
2025-10-25 22:00:00+00:00,CAL,California,D,Demand,31184,megawatthours
2025-10-25 23:00:00+00:00,CAL,California,D,Demand,30240,megawatthours
2025-10-26 00:00:00+00:00,CAL,California,D,Demand,30337,megawatthours
2025-10-26 01:00:00+00:00,CAL,California,D,Demand,28565,megawatthours
2025-10-26 02:00:00+00:00,CAL,California,D,Demand,29673,megawatthours
2025-10-26 03:00:00+00:00,CAL,California,D,Demand,30529,megawatthours
2025-10-26 04:00:00+00:00,CAL,California,D,Demand,30202,megawatthours
2025-10-26 05:00:00+00:00,CAL,California,D,Demand,29149,megawatthours
2025-10-26 06:00:00+00:00,CAL,California,D,Demand,28546,megawatthours
2025-10-26 07:00:00+00:00,CAL,California,D,Demand,27493,megawatthours
2025-10-26 08:00:00+00:00,CAL,California,D,Demand,26337,megawatthours
2025-10-26 09:00:00+00:00,CAL,California,D,Demand,25459,megawatthours
2025-10-26 10:00:00+00:00,CAL,California,D,Demand,24414,megawatthours
2025-10-26 11:00:00+00:00,CAL,California,D,Demand,23788,megawatthours
2025-10-26 12:00:00+00:00,CAL,California,D,Demand,23211,megawatthours
2025-10-26 13:00:00+00:00,CAL,California,D,Demand,23220,megawatthours
2025-10-26 14:00:00+00:00,CAL,California,D,Demand,23314,megawatthours
2025-10-26 15:00:00+00:00,CAL,California,D,Demand,24267,megawatthours
2025-10-26 16:00:00+00:00,CAL,California,D,Demand,25110,megawatthours
2025-10-26 17:00:00+00:00,CAL,California,D,Demand,27303,megawatthours
2025-10-26 18:00:00+00:00,CAL,California,D,Demand,29006,megawatthours
2025-10-26 19:00:00+00:00,CAL,California,D,Demand,29080,megawatthours
2025-10-26 20:00:00+00:00,CAL,California,D,Demand,29631,megawatthours
2025-10-26 21:00:00+00:00,CAL,California,D,Demand,29503,megawatthours
2025-10-26 22:00:00+00:00,CAL,California,D,Demand,29486,megawatthours
2025-10-26 23:00:00+00:00,CAL,California,D,Demand,29578,megawatthours
2025-10-27 00:00:00+00:00,CAL,California,D,Demand,29237,megawatthours
2025-10-27 01:00:00+00:00,CAL,California,D,Demand,28014,megawatthours
2025-10-27 02:00:00+00:00,CAL,California,D,Demand,29215,megawatthours
2025-10-27 03:00:00+00:00,CAL,California,D,Demand,30729,megawatthours
2025-10-27 04:00:00+00:00,CAL,California,D,Demand,30623,megawatthours
2025-10-27 05:00:00+00:00,CAL,California,D,Demand,29532,megawatthours
2025-10-27 06:00:00+00:00,CAL,California,D,Demand,29058,megawatthours
2025-10-27 07:00:00+00:00,CAL,California,D,Demand,27800,megawatthours
2025-10-27 08:00:00+00:00,CAL,California,D,Demand,26514,megawatthours
2025-10-27 09:00:00+00:00,CAL,California,D,Demand,25555,megawatthours
2025-10-27 10:00:00+00:00,CAL,California,D,Demand,24839,megawatthours
2025-10-27 11:00:00+00:00,CAL,California,D,Demand,24694,megawatthours
2025-10-27 12:00:00+00:00,CAL,California,D,Demand,25167,megawatthours
2025-10-27 13:00:00+00:00,CAL,California,D,Demand,24695,megawatthours
2025-10-27 14:00:00+00:00,CAL,California,D,Demand,25637,megawatthours
2025-10-27 15:00:00+00:00,CAL,California,D,Demand,27998,megawatthours
2025-10-27 16:00:00+00:00,CAL,California,D,Demand,29467,megawatthours
2025-10-27 17:00:00+00:00,CAL,California,D,Demand,31769,megawatthours
2025-10-27 18:00:00+00:00,CAL,California,D,Demand,35118,megawatthours
2025-10-27 19:00:00+00:00,CAL,California,D,Demand,34646,megawatthours
2025-10-27 20:00:00+00:00,CAL,California,D,Demand,33567,megawatthours
2025-10-27 21:00:00+00:00,CAL,California,D,Demand,32997,megawatthours
2025-10-27 22:00:00+00:00,CAL,California,D,Demand,31577,megawatthours
2025-10-27 23:00:00+00:00,CAL,California,D,Demand,31704,megawatthours
2025-10-28 00:00:00+00:00,CAL,California,D,Demand,31481,megawatthours
2025-10-28 01:00:00+00:00,CAL,California,D,Demand,30317,megawatthours
2025-10-28 02:00:00+00:00,CAL,California,D,Demand,32021,megawatthours
2025-10-28 03:00:00+00:00,CAL,California,D,Demand,33115,megawatthours
2025-10-28 04:00:00+00:00,CAL,California,D,Demand,32698,megawatthours
2025-10-28 05:00:00+00:00,CAL,California,D,Demand,31403,megawatthours
2025-10-28 06:00:00+00:00,CAL,California,D,Demand,30350,megawatthours
2025-10-28 07:00:00+00:00,CAL,California,D,Demand,28900,megawatthours
2025-10-28 08:00:00+00:00,CAL,California,D,Demand,27162,megawatthours
2025-10-28 09:00:00+00:00,CAL,California,D,Demand,26296,megawatthours
2025-10-28 10:00:00+00:00,CAL,California,D,Demand,25674,megawatthours
2025-10-28 11:00:00+00:00,CAL,California,D,Demand,25126,megawatthours
2025-10-28 12:00:00+00:00,CAL,California,D,Demand,25311,megawatthours
2025-10-28 13:00:00+00:00,CAL,California,D,Demand,25158,megawatthours
2025-10-28 14:00:00+00:00,CAL,California,D,Demand,25938,megawatthours
2025-10-28 15:00:00+00:00,CAL,California,D,Demand,28507,megawatthours
2025-10-28 16:00:00+00:00,CAL,California,D,Demand,30134,megawatthours
2025-10-28 17:00:00+00:00,CAL,California,D,Demand,31877,megawatthours
2025-10-28 18:00:00+00:00,CAL,California,D,Demand,33803,megawatthours
2025-10-28 19:00:00+00:00,CAL,California,D,Demand,33603,megawatthours
2025-10-28 20:00:00+00:00,CAL,California,D,Demand,33030,megawatthours
2025-10-28 21:00:00+00:00,CAL,California,D,Demand,32915,megawatthours
2025-10-28 22:00:00+00:00,CAL,California,D,Demand,32405,megawatthours
2025-10-28 23:00:00+00:00,CAL,California,D,Demand,33121,megawatthours
2025-10-29 00:00:00+00:00,CAL,California,D,Demand,33027,megawatthours
2025-10-29 01:00:00+00:00,CAL,California,D,Demand,33333,megawatthours
2025-10-29 02:00:00+00:00,CAL,California,D,Demand,34548,megawatthours
2025-10-29 03:00:00+00:00,CAL,California,D,Demand,34742,megawatthours
2025-10-29 04:00:00+00:00,CAL,California,D,Demand,34070,megawatthours
2025-10-29 05:00:00+00:00,CAL,California,D,Demand,32796,megawatthours
2025-10-29 06:00:00+00:00,CAL,California,D,Demand,31380,megawatthours
2025-10-29 07:00:00+00:00,CAL,California,D,Demand,29646,megawatthours
2025-10-29 08:00:00+00:00,CAL,California,D,Demand,27639,megawatthours
2025-10-29 09:00:00+00:00,CAL,California,D,Demand,26642,megawatthours
2025-10-29 10:00:00+00:00,CAL,California,D,Demand,25492,megawatthours
2025-10-29 11:00:00+00:00,CAL,California,D,Demand,25274,megawatthours
2025-10-29 12:00:00+00:00,CAL,California,D,Demand,25173,megawatthours
2025-10-29 13:00:00+00:00,CAL,California,D,Demand,25571,megawatthours
2025-10-29 14:00:00+00:00,CAL,California,D,Demand,26161,megawatthours
2025-10-29 15:00:00+00:00,CAL,California,D,Demand,28630,megawatthours
2025-10-29 16:00:00+00:00,CAL,California,D,Demand,30173,megawatthours
2025-10-29 17:00:00+00:00,CAL,California,D,Demand,32431,megawatthours
2025-10-29 18:00:00+00:00,CAL,California,D,Demand,34014,megawatthours
2025-10-29 19:00:00+00:00,CAL,California,D,Demand,33798,megawatthours
2025-10-29 20:00:00+00:00,CAL,California,D,Demand,34150,megawatthours
2025-10-29 21:00:00+00:00,CAL,California,D,Demand,34024,megawatthours
2025-10-29 22:00:00+00:00,CAL,California,D,Demand,33975,megawatthours
2025-10-29 23:00:00+00:00,CAL,California,D,Demand,34664,megawatthours
2025-10-30 00:00:00+00:00,CAL,California,D,Demand,35140,megawatthours
2025-10-30 01:00:00+00:00,CAL,California,D,Demand,35149,megawatthours
2025-10-30 02:00:00+00:00,CAL,California,D,Demand,36531,megawatthours
2025-10-30 03:00:00+00:00,CAL,California,D,Demand,36582,megawatthours
2025-10-30 04:00:00+00:00,CAL,California,D,Demand,35011,megawatthours
2025-10-30 05:00:00+00:00,CAL,California,D,Demand,33631,megawatthours
2025-10-30 06:00:00+00:00,CAL,California,D,Demand,32270,megawatthours
2025-10-30 07:00:00+00:00,CAL,California,D,Demand,30380,megawatthours
2025-10-30 08:00:00+00:00,CAL,California,D,Demand,28364,megawatthours
2025-10-30 09:00:00+00:00,CAL,California,D,Demand,27131,megawatthours
2025-10-30 10:00:00+00:00,CAL,California,D,Demand,25794,megawatthours
2025-10-30 11:00:00+00:00,CAL,California,D,Demand,25211,megawatthours
2025-10-30 12:00:00+00:00,CAL,California,D,Demand,25161,megawatthours
2025-10-30 13:00:00+00:00,CAL,California,D,Demand,25256,megawatthours
2025-10-30 14:00:00+00:00,CAL,California,D,Demand,26185,megawatthours
2025-10-30 15:00:00+00:00,CAL,California,D,Demand,28492,megawatthours
2025-10-30 16:00:00+00:00,CAL,California,D,Demand,29917,megawatthours
2025-10-30 17:00:00+00:00,CAL,California,D,Demand,31970,megawatthours
2025-10-30 18:00:00+00:00,CAL,California,D,Demand,34240,megawatthours
2025-10-30 19:00:00+00:00,CAL,California,D,Demand,34770,megawatthours
2025-10-30 20:00:00+00:00,CAL,California,D,Demand,34733,megawatthours
2025-10-30 21:00:00+00:00,CAL,California,D,Demand,34099,megawatthours
2025-10-30 22:00:00+00:00,CAL,California,D,Demand,34029,megawatthours
2025-10-30 23:00:00+00:00,CAL,California,D,Demand,34800,megawatthours
2025-10-31 00:00:00+00:00,CAL,California,D,Demand,35218,megawatthours
2025-10-31 01:00:00+00:00,CAL,California,D,Demand,34018,megawatthours
2025-10-31 02:00:00+00:00,CAL,California,D,Demand,34672,megawatthours
2025-10-31 03:00:00+00:00,CAL,California,D,Demand,34805,megawatthours
2025-10-31 04:00:00+00:00,CAL,California,D,Demand,33840,megawatthours
2025-10-31 05:00:00+00:00,CAL,California,D,Demand,32862,megawatthours
2025-10-31 06:00:00+00:00,CAL,California,D,Demand,31363,megawatthours
2025-10-31 07:00:00+00:00,CAL,California,D,Demand,29603,megawatthours
2025-10-31 08:00:00+00:00,CAL,California,D,Demand,27744,megawatthours
2025-10-31 09:00:00+00:00,CAL,California,D,Demand,26642,megawatthours
2025-10-31 10:00:00+00:00,CAL,California,D,Demand,25612,megawatthours
2025-10-31 11:00:00+00:00,CAL,California,D,Demand,24836,megawatthours
2025-10-31 12:00:00+00:00,CAL,California,D,Demand,24719,megawatthours
2025-10-31 13:00:00+00:00,CAL,California,D,Demand,24930,megawatthours
2025-10-31 14:00:00+00:00,CAL,California,D,Demand,26254,megawatthours
2025-10-31 15:00:00+00:00,CAL,California,D,Demand,28431,megawatthours
2025-10-31 16:00:00+00:00,CAL,California,D,Demand,29774,megawatthours
2025-10-31 17:00:00+00:00,CAL,California,D,Demand,31324,megawatthours
2025-10-31 18:00:00+00:00,CAL,California,D,Demand,32353,megawatthours
2025-10-31 19:00:00+00:00,CAL,California,D,Demand,33123,megawatthours
2025-10-31 20:00:00+00:00,CAL,California,D,Demand,33187,megawatthours
2025-10-31 21:00:00+00:00,CAL,California,D,Demand,33536,megawatthours
2025-10-31 22:00:00+00:00,CAL,California,D,Demand,33424,megawatthours
2025-10-31 23:00:00+00:00,CAL,California,D,Demand,34179,megawatthours
2025-11-01 00:00:00+00:00,CAL,California,D,Demand,33835,megawatthours
2025-11-01 01:00:00+00:00,CAL,California,D,Demand,32415,megawatthours
2025-11-01 02:00:00+00:00,CAL,California,D,Demand,32933,megawatthours
2025-11-01 03:00:00+00:00,CAL,California,D,Demand,32715,megawatthours
2025-11-01 04:00:00+00:00,CAL,California,D,Demand,31338,megawatthours
2025-11-01 05:00:00+00:00,CAL,California,D,Demand,30312,megawatthours
2025-11-01 06:00:00+00:00,CAL,California,D,Demand,29742,megawatthours
2025-11-01 07:00:00+00:00,CAL,California,D,Demand,28396,megawatthours
2025-11-01 08:00:00+00:00,CAL,California,D,Demand,27045,megawatthours
2025-11-01 09:00:00+00:00,CAL,California,D,Demand,26212,megawatthours
2025-11-01 10:00:00+00:00,CAL,California,D,Demand,25331,megawatthours
2025-11-01 11:00:00+00:00,CAL,California,D,Demand,24445,megawatthours
2025-11-01 12:00:00+00:00,CAL,California,D,Demand,24081,megawatthours
2025-11-01 13:00:00+00:00,CAL,California,D,Demand,23624,megawatthours
2025-11-01 14:00:00+00:00,CAL,California,D,Demand,24186,megawatthours
2025-11-01 15:00:00+00:00,CAL,California,D,Demand,25033,megawatthours
2025-11-01 16:00:00+00:00,CAL,California,D,Demand,26051,megawatthours
2025-11-01 17:00:00+00:00,CAL,California,D,Demand,27576,megawatthours
2025-11-01 18:00:00+00:00,CAL,California,D,Demand,29860,megawatthours
2025-11-01 19:00:00+00:00,CAL,California,D,Demand,29098,megawatthours
2025-11-01 20:00:00+00:00,CAL,California,D,Demand,27865,megawatthours
2025-11-01 21:00:00+00:00,CAL,California,D,Demand,27471,megawatthours
2025-11-01 22:00:00+00:00,CAL,California,D,Demand,28165,megawatthours
2025-11-01 23:00:00+00:00,CAL,California,D,Demand,29627,megawatthours
2025-11-02 00:00:00+00:00,CAL,California,D,Demand,30369,megawatthours
2025-11-02 01:00:00+00:00,CAL,California,D,Demand,29423,megawatthours
2025-11-02 02:00:00+00:00,CAL,California,D,Demand,30528,megawatthours
2025-11-02 03:00:00+00:00,CAL,California,D,Demand,31302,megawatthours
2025-11-02 04:00:00+00:00,CAL,California,D,Demand,30356,megawatthours
2025-11-02 05:00:00+00:00,CAL,California,D,Demand,29206,megawatthours
2025-11-02 06:00:00+00:00,CAL,California,D,Demand,28443,megawatthours
2025-11-02 07:00:00+00:00,CAL,California,D,Demand,27425,megawatthours
2025-11-02 08:00:00+00:00,CAL,California,D,Demand,26287,megawatthours
2025-11-02 09:00:00+00:00,CAL,California,D,Demand,25512,megawatthours
2025-11-02 10:00:00+00:00,CAL,California,D,Demand,24801,megawatthours
2025-11-02 11:00:00+00:00,CAL,California,D,Demand,24534,megawatthours
2025-11-02 12:00:00+00:00,CAL,California,D,Demand,23467,megawatthours
2025-11-02 13:00:00+00:00,CAL,California,D,Demand,22985,megawatthours
2025-11-02 14:00:00+00:00,CAL,California,D,Demand,22883,megawatthours
2025-11-02 15:00:00+00:00,CAL,California,D,Demand,23236,megawatthours
2025-11-02 16:00:00+00:00,CAL,California,D,Demand,24310,megawatthours
2025-11-02 17:00:00+00:00,CAL,California,D,Demand,26065,megawatthours
2025-11-02 18:00:00+00:00,CAL,California,D,Demand,29234,megawatthours
2025-11-02 19:00:00+00:00,CAL,California,D,Demand,29857,megawatthours
2025-11-02 20:00:00+00:00,CAL,California,D,Demand,29768,megawatthours
2025-11-02 21:00:00+00:00,CAL,California,D,Demand,29327,megawatthours
2025-11-02 22:00:00+00:00,CAL,California,D,Demand,28215,megawatthours
2025-11-02 23:00:00+00:00,CAL,California,D,Demand,28206,megawatthours
2025-11-03 00:00:00+00:00,CAL,California,D,Demand,28255,megawatthours
2025-11-03 01:00:00+00:00,CAL,California,D,Demand,28374,megawatthours
2025-11-03 02:00:00+00:00,CAL,California,D,Demand,30505,megawatthours
2025-11-03 03:00:00+00:00,CAL,California,D,Demand,31737,megawatthours
2025-11-03 04:00:00+00:00,CAL,California,D,Demand,31164,megawatthours
2025-11-03 05:00:00+00:00,CAL,California,D,Demand,30192,megawatthours
2025-11-03 06:00:00+00:00,CAL,California,D,Demand,29288,megawatthours
2025-11-03 07:00:00+00:00,CAL,California,D,Demand,28291,megawatthours
2025-11-03 08:00:00+00:00,CAL,California,D,Demand,26460,megawatthours
2025-11-03 09:00:00+00:00,CAL,California,D,Demand,25504,megawatthours
2025-11-03 10:00:00+00:00,CAL,California,D,Demand,24996,megawatthours
2025-11-03 11:00:00+00:00,CAL,California,D,Demand,23899,megawatthours
2025-11-03 12:00:00+00:00,CAL,California,D,Demand,23976,megawatthours
2025-11-03 13:00:00+00:00,CAL,California,D,Demand,23552,megawatthours
2025-11-03 14:00:00+00:00,CAL,California,D,Demand,23818,megawatthours
2025-11-03 15:00:00+00:00,CAL,California,D,Demand,25410,megawatthours
2025-11-03 16:00:00+00:00,CAL,California,D,Demand,27482,megawatthours
2025-11-03 17:00:00+00:00,CAL,California,D,Demand,29404,megawatthours
2025-11-03 18:00:00+00:00,CAL,California,D,Demand,31977,megawatthours
2025-11-03 19:00:00+00:00,CAL,California,D,Demand,31868,megawatthours
2025-11-03 20:00:00+00:00,CAL,California,D,Demand,31544,megawatthours
2025-11-03 21:00:00+00:00,CAL,California,D,Demand,31816,megawatthours
2025-11-03 22:00:00+00:00,CAL,California,D,Demand,32615,megawatthours
2025-11-03 23:00:00+00:00,CAL,California,D,Demand,32813,megawatthours
2025-11-04 00:00:00+00:00,CAL,California,D,Demand,33038,megawatthours
2025-11-04 01:00:00+00:00,CAL,California,D,Demand,31803,megawatthours
2025-11-04 02:00:00+00:00,CAL,California,D,Demand,32806,megawatthours
2025-11-04 03:00:00+00:00,CAL,California,D,Demand,33752,megawatthours
2025-11-04 04:00:00+00:00,CAL,California,D,Demand,32930,megawatthours
2025-11-04 05:00:00+00:00,CAL,California,D,Demand,31799,megawatthours
2025-11-04 06:00:00+00:00,CAL,California,D,Demand,30571,megawatthours
2025-11-04 07:00:00+00:00,CAL,California,D,Demand,29675,megawatthours
2025-11-04 08:00:00+00:00,CAL,California,D,Demand,28046,megawatthours
2025-11-04 09:00:00+00:00,CAL,California,D,Demand,26622,megawatthours
2025-11-04 10:00:00+00:00,CAL,California,D,Demand,25995,megawatthours
2025-11-04 11:00:00+00:00,CAL,California,D,Demand,25153,megawatthours
2025-11-04 12:00:00+00:00,CAL,California,D,Demand,25094,megawatthours
2025-11-04 13:00:00+00:00,CAL,California,D,Demand,24578,megawatthours
2025-11-04 14:00:00+00:00,CAL,California,D,Demand,24795,megawatthours
2025-11-04 15:00:00+00:00,CAL,California,D,Demand,26293,megawatthours
2025-11-04 16:00:00+00:00,CAL,California,D,Demand,28406,megawatthours
2025-11-04 17:00:00+00:00,CAL,California,D,Demand,30234,megawatthours
2025-11-04 18:00:00+00:00,CAL,California,D,Demand,32437,megawatthours
2025-11-04 19:00:00+00:00,CAL,California,D,Demand,32848,megawatthours
2025-11-04 20:00:00+00:00,CAL,California,D,Demand,32598,megawatthours
2025-11-04 21:00:00+00:00,CAL,California,D,Demand,32479,megawatthours
2025-11-04 22:00:00+00:00,CAL,California,D,Demand,32964,megawatthours
2025-11-04 23:00:00+00:00,CAL,California,D,Demand,32868,megawatthours
2025-11-05 00:00:00+00:00,CAL,California,D,Demand,31970,megawatthours
2025-11-05 01:00:00+00:00,CAL,California,D,Demand,31606,megawatthours
2025-11-05 02:00:00+00:00,CAL,California,D,Demand,33055,megawatthours
2025-11-05 03:00:00+00:00,CAL,California,D,Demand,34076,megawatthours
2025-11-05 04:00:00+00:00,CAL,California,D,Demand,33473,megawatthours
2025-11-05 05:00:00+00:00,CAL,California,D,Demand,32024,megawatthours
2025-11-05 06:00:00+00:00,CAL,California,D,Demand,30802,megawatthours
2025-11-05 07:00:00+00:00,CAL,California,D,Demand,29924,megawatthours
2025-11-05 08:00:00+00:00,CAL,California,D,Demand,28255,megawatthours
2025-11-05 09:00:00+00:00,CAL,California,D,Demand,26781,megawatthours
2025-11-05 10:00:00+00:00,CAL,California,D,Demand,26053,megawatthours
2025-11-05 11:00:00+00:00,CAL,California,D,Demand,25183,megawatthours
2025-11-05 12:00:00+00:00,CAL,California,D,Demand,24503,megawatthours
2025-11-05 13:00:00+00:00,CAL,California,D,Demand,24548,megawatthours
2025-11-05 14:00:00+00:00,CAL,California,D,Demand,24839,megawatthours
2025-11-05 15:00:00+00:00,CAL,California,D,Demand,26335,megawatthours
2025-11-05 16:00:00+00:00,CAL,California,D,Demand,28313,megawatthours
2025-11-05 17:00:00+00:00,CAL,California,D,Demand,30913,megawatthours
2025-11-05 18:00:00+00:00,CAL,California,D,Demand,33575,megawatthours
2025-11-05 19:00:00+00:00,CAL,California,D,Demand,33755,megawatthours
2025-11-05 20:00:00+00:00,CAL,California,D,Demand,33707,megawatthours
2025-11-05 21:00:00+00:00,CAL,California,D,Demand,33973,megawatthours
2025-11-05 22:00:00+00:00,CAL,California,D,Demand,33740,megawatthours
2025-11-05 23:00:00+00:00,CAL,California,D,Demand,33259,megawatthours
2025-11-06 00:00:00+00:00,CAL,California,D,Demand,32500,megawatthours
2025-11-06 01:00:00+00:00,CAL,California,D,Demand,31224,megawatthours
2025-11-06 02:00:00+00:00,CAL,California,D,Demand,29426,megawatthours
2025-11-06 03:00:00+00:00,CAL,California,D,Demand,30354,megawatthours
2025-11-06 04:00:00+00:00,CAL,California,D,Demand,29918,megawatthours
2025-11-06 05:00:00+00:00,CAL,California,D,Demand,29317,megawatthours
2025-11-06 06:00:00+00:00,CAL,California,D,Demand,28569,megawatthours
2025-11-06 07:00:00+00:00,CAL,California,D,Demand,27885,megawatthours
2025-11-06 08:00:00+00:00,CAL,California,D,Demand,26365,megawatthours
2025-11-06 09:00:00+00:00,CAL,California,D,Demand,26980,megawatthours
2025-11-06 10:00:00+00:00,CAL,California,D,Demand,26383,megawatthours
2025-11-06 11:00:00+00:00,CAL,California,D,Demand,25472,megawatthours
2025-11-06 12:00:00+00:00,CAL,California,D,Demand,25268,megawatthours
2025-11-06 13:00:00+00:00,CAL,California,D,Demand,25137,megawatthours
2025-11-06 14:00:00+00:00,CAL,California,D,Demand,25296,megawatthours
2025-11-06 15:00:00+00:00,CAL,California,D,Demand,26709,megawatthours
2025-11-06 16:00:00+00:00,CAL,California,D,Demand,28668,megawatthours
2025-11-06 17:00:00+00:00,CAL,California,D,Demand,30435,megawatthours
2025-11-06 18:00:00+00:00,CAL,California,D,Demand,33459,megawatthours
2025-11-06 19:00:00+00:00,CAL,California,D,Demand,34518,megawatthours
2025-11-06 20:00:00+00:00,CAL,California,D,Demand,33343,megawatthours
2025-11-06 21:00:00+00:00,CAL,California,D,Demand,32230,megawatthours
2025-11-06 22:00:00+00:00,CAL,California,D,Demand,32168,megawatthours
2025-11-06 23:00:00+00:00,CAL,California,D,Demand,32885,megawatthours
2025-11-07 00:00:00+00:00,CAL,California,D,Demand,32594,megawatthours
2025-11-07 01:00:00+00:00,CAL,California,D,Demand,31557,megawatthours
2025-11-07 02:00:00+00:00,CAL,California,D,Demand,32239,megawatthours
2025-11-07 03:00:00+00:00,CAL,California,D,Demand,33400,megawatthours
2025-11-07 04:00:00+00:00,CAL,California,D,Demand,32693,megawatthours
2025-11-07 05:00:00+00:00,CAL,California,D,Demand,32088,megawatthours
2025-11-07 06:00:00+00:00,CAL,California,D,Demand,31224,megawatthours
2025-11-07 07:00:00+00:00,CAL,California,D,Demand,30086,megawatthours
2025-11-07 08:00:00+00:00,CAL,California,D,Demand,28943,megawatthours
2025-11-07 09:00:00+00:00,CAL,California,D,Demand,27721,megawatthours
2025-11-07 10:00:00+00:00,CAL,California,D,Demand,26640,megawatthours
2025-11-07 11:00:00+00:00,CAL,California,D,Demand,25905,megawatthours
2025-11-07 12:00:00+00:00,CAL,California,D,Demand,25295,megawatthours
2025-11-07 13:00:00+00:00,CAL,California,D,Demand,25253,megawatthours
2025-11-07 14:00:00+00:00,CAL,California,D,Demand,24906,megawatthours
2025-11-07 15:00:00+00:00,CAL,California,D,Demand,26313,megawatthours
2025-11-07 16:00:00+00:00,CAL,California,D,Demand,28129,megawatthours
2025-11-07 17:00:00+00:00,CAL,California,D,Demand,29840,megawatthours
2025-11-07 18:00:00+00:00,CAL,California,D,Demand,32394,megawatthours
2025-11-07 19:00:00+00:00,CAL,California,D,Demand,32691,megawatthours
2025-11-07 20:00:00+00:00,CAL,California,D,Demand,31959,megawatthours
2025-11-07 21:00:00+00:00,CAL,California,D,Demand,32139,megawatthours
2025-11-07 22:00:00+00:00,CAL,California,D,Demand,33356,megawatthours
2025-11-07 23:00:00+00:00,CAL,California,D,Demand,34739,megawatthours
2025-11-08 00:00:00+00:00,CAL,California,D,Demand,35068,megawatthours
2025-11-08 01:00:00+00:00,CAL,California,D,Demand,32841,megawatthours
2025-11-08 02:00:00+00:00,CAL,California,D,Demand,32966,megawatthours
2025-11-08 03:00:00+00:00,CAL,California,D,Demand,33525,megawatthours
2025-11-08 04:00:00+00:00,CAL,California,D,Demand,32712,megawatthours
2025-11-08 05:00:00+00:00,CAL,California,D,Demand,31667,megawatthours
2025-11-08 06:00:00+00:00,CAL,California,D,Demand,30577,megawatthours
2025-11-08 07:00:00+00:00,CAL,California,D,Demand,29729,megawatthours
2025-11-08 08:00:00+00:00,CAL,California,D,Demand,28443,megawatthours
2025-11-08 09:00:00+00:00,CAL,California,D,Demand,27104,megawatthours
2025-11-08 10:00:00+00:00,CAL,California,D,Demand,26657,megawatthours
2025-11-08 11:00:00+00:00,CAL,California,D,Demand,25689,megawatthours
2025-11-08 12:00:00+00:00,CAL,California,D,Demand,24767,megawatthours
2025-11-08 13:00:00+00:00,CAL,California,D,Demand,24476,megawatthours
2025-11-08 14:00:00+00:00,CAL,California,D,Demand,24720,megawatthours
2025-11-08 15:00:00+00:00,CAL,California,D,Demand,25087,megawatthours
2025-11-08 16:00:00+00:00,CAL,California,D,Demand,26073,megawatthours
2025-11-08 17:00:00+00:00,CAL,California,D,Demand,27038,megawatthours
2025-11-08 18:00:00+00:00,CAL,California,D,Demand,28850,megawatthours
2025-11-08 19:00:00+00:00,CAL,California,D,Demand,30135,megawatthours
2025-11-08 20:00:00+00:00,CAL,California,D,Demand,29755,megawatthours
2025-11-08 21:00:00+00:00,CAL,California,D,Demand,29532,megawatthours
2025-11-08 22:00:00+00:00,CAL,California,D,Demand,29935,megawatthours
2025-11-08 23:00:00+00:00,CAL,California,D,Demand,30827,megawatthours
2025-11-09 00:00:00+00:00,CAL,California,D,Demand,30620,megawatthours
2025-11-09 01:00:00+00:00,CAL,California,D,Demand,29997,megawatthours
2025-11-09 02:00:00+00:00,CAL,California,D,Demand,30955,megawatthours
2025-11-09 03:00:00+00:00,CAL,California,D,Demand,31816,megawatthours
2025-11-09 04:00:00+00:00,CAL,California,D,Demand,31083,megawatthours
2025-11-09 05:00:00+00:00,CAL,California,D,Demand,30129,megawatthours
2025-11-09 06:00:00+00:00,CAL,California,D,Demand,28986,megawatthours
2025-11-09 07:00:00+00:00,CAL,California,D,Demand,28330,megawatthours
2025-11-09 08:00:00+00:00,CAL,California,D,Demand,27198,megawatthours
2025-11-09 09:00:00+00:00,CAL,California,D,Demand,26190,megawatthours
2025-11-09 10:00:00+00:00,CAL,California,D,Demand,25298,megawatthours
2025-11-09 11:00:00+00:00,CAL,California,D,Demand,24411,megawatthours
2025-11-09 12:00:00+00:00,CAL,California,D,Demand,23697,megawatthours
2025-11-09 13:00:00+00:00,CAL,California,D,Demand,23219,megawatthours
2025-11-09 14:00:00+00:00,CAL,California,D,Demand,23203,megawatthours
2025-11-09 15:00:00+00:00,CAL,California,D,Demand,23385,megawatthours
2025-11-09 16:00:00+00:00,CAL,California,D,Demand,24281,megawatthours
2025-11-09 17:00:00+00:00,CAL,California,D,Demand,25506,megawatthours
2025-11-09 18:00:00+00:00,CAL,California,D,Demand,27666,megawatthours
2025-11-09 19:00:00+00:00,CAL,California,D,Demand,29293,megawatthours
2025-11-09 20:00:00+00:00,CAL,California,D,Demand,28882,megawatthours
2025-11-09 21:00:00+00:00,CAL,California,D,Demand,29061,megawatthours
2025-11-09 22:00:00+00:00,CAL,California,D,Demand,29910,megawatthours
2025-11-09 23:00:00+00:00,CAL,California,D,Demand,30025,megawatthours
2025-11-10 00:00:00+00:00,CAL,California,D,Demand,30634,megawatthours
2025-11-10 01:00:00+00:00,CAL,California,D,Demand,30832,megawatthours
2025-11-10 02:00:00+00:00,CAL,California,D,Demand,31920,megawatthours
2025-11-10 03:00:00+00:00,CAL,California,D,Demand,32561,megawatthours
2025-11-10 04:00:00+00:00,CAL,California,D,Demand,31856,megawatthours
2025-11-10 05:00:00+00:00,CAL,California,D,Demand,30894,megawatthours
2025-11-10 06:00:00+00:00,CAL,California,D,Demand,30014,megawatthours
2025-11-10 07:00:00+00:00,CAL,California,D,Demand,29016,megawatthours
2025-11-10 08:00:00+00:00,CAL,California,D,Demand,27354,megawatthours
2025-11-10 09:00:00+00:00,CAL,California,D,Demand,25880,megawatthours
2025-11-10 10:00:00+00:00,CAL,California,D,Demand,25282,megawatthours
2025-11-10 11:00:00+00:00,CAL,California,D,Demand,24407,megawatthours
2025-11-10 12:00:00+00:00,CAL,California,D,Demand,23954,megawatthours
2025-11-10 13:00:00+00:00,CAL,California,D,Demand,23956,megawatthours
2025-11-10 14:00:00+00:00,CAL,California,D,Demand,24420,megawatthours
2025-11-10 15:00:00+00:00,CAL,California,D,Demand,25843,megawatthours
2025-11-10 16:00:00+00:00,CAL,California,D,Demand,27526,megawatthours
2025-11-10 17:00:00+00:00,CAL,California,D,Demand,30238,megawatthours
2025-11-10 18:00:00+00:00,CAL,California,D,Demand,33815,megawatthours
2025-11-10 19:00:00+00:00,CAL,California,D,Demand,34668,megawatthours
2025-11-10 20:00:00+00:00,CAL,California,D,Demand,34558,megawatthours
2025-11-10 21:00:00+00:00,CAL,California,D,Demand,33785,megawatthours
2025-11-10 22:00:00+00:00,CAL,California,D,Demand,33995,megawatthours
2025-11-10 23:00:00+00:00,CAL,California,D,Demand,34331,megawatthours
2025-11-11 00:00:00+00:00,CAL,California,D,Demand,35153,megawatthours
2025-11-11 01:00:00+00:00,CAL,California,D,Demand,35163,megawatthours
2025-11-11 02:00:00+00:00,CAL,California,D,Demand,35621,megawatthours
2025-11-11 03:00:00+00:00,CAL,California,D,Demand,35642,megawatthours
2025-11-11 04:00:00+00:00,CAL,California,D,Demand,34565,megawatthours
2025-11-11 05:00:00+00:00,CAL,California,D,Demand,33326,megawatthours
2025-11-11 06:00:00+00:00,CAL,California,D,Demand,32252,megawatthours
2025-11-11 07:00:00+00:00,CAL,California,D,Demand,31149,megawatthours
2025-11-11 08:00:00+00:00,CAL,California,D,Demand,29572,megawatthours
2025-11-11 09:00:00+00:00,CAL,California,D,Demand,27766,megawatthours
2025-11-11 10:00:00+00:00,CAL,California,D,Demand,26787,megawatthours
2025-11-11 11:00:00+00:00,CAL,California,D,Demand,25619,megawatthours
2025-11-11 12:00:00+00:00,CAL,California,D,Demand,25158,megawatthours
2025-11-11 13:00:00+00:00,CAL,California,D,Demand,24802,megawatthours
2025-11-11 14:00:00+00:00,CAL,California,D,Demand,25090,megawatthours
2025-11-11 15:00:00+00:00,CAL,California,D,Demand,26202,megawatthours
2025-11-11 16:00:00+00:00,CAL,California,D,Demand,27847,megawatthours
2025-11-11 17:00:00+00:00,CAL,California,D,Demand,30811,megawatthours
2025-11-11 18:00:00+00:00,CAL,California,D,Demand,33293,megawatthours
2025-11-11 19:00:00+00:00,CAL,California,D,Demand,33901,megawatthours
2025-11-11 20:00:00+00:00,CAL,California,D,Demand,34095,megawatthours
2025-11-11 21:00:00+00:00,CAL,California,D,Demand,34120,megawatthours
2025-11-11 22:00:00+00:00,CAL,California,D,Demand,33406,megawatthours
2025-11-11 23:00:00+00:00,CAL,California,D,Demand,33017,megawatthours
2025-11-12 00:00:00+00:00,CAL,California,D,Demand,33132,megawatthours
2025-11-12 01:00:00+00:00,CAL,California,D,Demand,32677,megawatthours
2025-11-12 02:00:00+00:00,CAL,California,D,Demand,33448,megawatthours
2025-11-12 03:00:00+00:00,CAL,California,D,Demand,34225,megawatthours
2025-11-12 04:00:00+00:00,CAL,California,D,Demand,33479,megawatthours
2025-11-12 05:00:00+00:00,CAL,California,D,Demand,32802,megawatthours
2025-11-12 06:00:00+00:00,CAL,California,D,Demand,31592,megawatthours
2025-11-12 07:00:00+00:00,CAL,California,D,Demand,30584,megawatthours
2025-11-12 08:00:00+00:00,CAL,California,D,Demand,28955,megawatthours
2025-11-12 09:00:00+00:00,CAL,California,D,Demand,27366,megawatthours
2025-11-12 10:00:00+00:00,CAL,California,D,Demand,26601,megawatthours
2025-11-12 11:00:00+00:00,CAL,California,D,Demand,25934,megawatthours
2025-11-12 12:00:00+00:00,CAL,California,D,Demand,25543,megawatthours
2025-11-12 13:00:00+00:00,CAL,California,D,Demand,25326,megawatthours
2025-11-12 14:00:00+00:00,CAL,California,D,Demand,25131,megawatthours
2025-11-12 15:00:00+00:00,CAL,California,D,Demand,26488,megawatthours
2025-11-12 16:00:00+00:00,CAL,California,D,Demand,28295,megawatthours
2025-11-12 17:00:00+00:00,CAL,California,D,Demand,29775,megawatthours
2025-11-12 18:00:00+00:00,CAL,California,D,Demand,31545,megawatthours
2025-11-12 19:00:00+00:00,CAL,California,D,Demand,32144,megawatthours
2025-11-12 20:00:00+00:00,CAL,California,D,Demand,32656,megawatthours
2025-11-12 21:00:00+00:00,CAL,California,D,Demand,33841,megawatthours
2025-11-12 22:00:00+00:00,CAL,California,D,Demand,34277,megawatthours
2025-11-12 23:00:00+00:00,CAL,California,D,Demand,33496,megawatthours
2025-11-13 00:00:00+00:00,CAL,California,D,Demand,32610,megawatthours
2025-11-13 01:00:00+00:00,CAL,California,D,Demand,32625,megawatthours
2025-11-13 02:00:00+00:00,CAL,California,D,Demand,33190,megawatthours
2025-11-13 03:00:00+00:00,CAL,California,D,Demand,34149,megawatthours
2025-11-13 04:00:00+00:00,CAL,California,D,Demand,33156,megawatthours
2025-11-13 05:00:00+00:00,CAL,California,D,Demand,32410,megawatthours
2025-11-13 06:00:00+00:00,CAL,California,D,Demand,31097,megawatthours
2025-11-13 07:00:00+00:00,CAL,California,D,Demand,30071,megawatthours
2025-11-13 08:00:00+00:00,CAL,California,D,Demand,28704,megawatthours
2025-11-13 09:00:00+00:00,CAL,California,D,Demand,27377,megawatthours
2025-11-13 10:00:00+00:00,CAL,California,D,Demand,26061,megawatthours
2025-11-13 11:00:00+00:00,CAL,California,D,Demand,25227,megawatthours
2025-11-13 12:00:00+00:00,CAL,California,D,Demand,24514,megawatthours
2025-11-13 13:00:00+00:00,CAL,California,D,Demand,24482,megawatthours
2025-11-13 14:00:00+00:00,CAL,California,D,Demand,24794,megawatthours
2025-11-13 15:00:00+00:00,CAL,California,D,Demand,26058,megawatthours
2025-11-13 16:00:00+00:00,CAL,California,D,Demand,27958,megawatthours
2025-11-13 17:00:00+00:00,CAL,California,D,Demand,30329,megawatthours
2025-11-13 18:00:00+00:00,CAL,California,D,Demand,34238,megawatthours
2025-11-13 19:00:00+00:00,CAL,California,D,Demand,35930,megawatthours
2025-11-13 20:00:00+00:00,CAL,California,D,Demand,35738,megawatthours
2025-11-13 21:00:00+00:00,CAL,California,D,Demand,35803,megawatthours
2025-11-13 22:00:00+00:00,CAL,California,D,Demand,35152,megawatthours
2025-11-13 23:00:00+00:00,CAL,California,D,Demand,33858,megawatthours
2025-11-14 00:00:00+00:00,CAL,California,D,Demand,32396,megawatthours
2025-11-14 01:00:00+00:00,CAL,California,D,Demand,32303,megawatthours
2025-11-14 02:00:00+00:00,CAL,California,D,Demand,32382,megawatthours
2025-11-14 03:00:00+00:00,CAL,California,D,Demand,32991,megawatthours
2025-11-14 04:00:00+00:00,CAL,California,D,Demand,32430,megawatthours
2025-11-14 05:00:00+00:00,CAL,California,D,Demand,31651,megawatthours
2025-11-14 06:00:00+00:00,CAL,California,D,Demand,30969,megawatthours
2025-11-14 07:00:00+00:00,CAL,California,D,Demand,30080,megawatthours
2025-11-14 08:00:00+00:00,CAL,California,D,Demand,28549,megawatthours
2025-11-14 09:00:00+00:00,CAL,California,D,Demand,27039,megawatthours
2025-11-14 10:00:00+00:00,CAL,California,D,Demand,26912,megawatthours
2025-11-14 11:00:00+00:00,CAL,California,D,Demand,26287,megawatthours
2025-11-14 12:00:00+00:00,CAL,California,D,Demand,26152,megawatthours
2025-11-14 13:00:00+00:00,CAL,California,D,Demand,25800,megawatthours
2025-11-14 14:00:00+00:00,CAL,California,D,Demand,25529,megawatthours
2025-11-14 15:00:00+00:00,CAL,California,D,Demand,26784,megawatthours
2025-11-14 16:00:00+00:00,CAL,California,D,Demand,27743,megawatthours
2025-11-14 17:00:00+00:00,CAL,California,D,Demand,29440,megawatthours
2025-11-14 18:00:00+00:00,CAL,California,D,Demand,30608,megawatthours
2025-11-14 19:00:00+00:00,CAL,California,D,Demand,31192,megawatthours
2025-11-14 20:00:00+00:00,CAL,California,D,Demand,31953,megawatthours
2025-11-14 21:00:00+00:00,CAL,California,D,Demand,32084,megawatthours
2025-11-14 22:00:00+00:00,CAL,California,D,Demand,32275,megawatthours
2025-11-14 23:00:00+00:00,CAL,California,D,Demand,32301,megawatthours
2025-11-15 00:00:00+00:00,CAL,California,D,Demand,31152,megawatthours
2025-11-15 01:00:00+00:00,CAL,California,D,Demand,30776,megawatthours
2025-11-15 02:00:00+00:00,CAL,California,D,Demand,30877,megawatthours
2025-11-15 03:00:00+00:00,CAL,California,D,Demand,31878,megawatthours
2025-11-15 04:00:00+00:00,CAL,California,D,Demand,31187,megawatthours
2025-11-15 05:00:00+00:00,CAL,California,D,Demand,31148,megawatthours
2025-11-15 06:00:00+00:00,CAL,California,D,Demand,30567,megawatthours
2025-11-15 07:00:00+00:00,CAL,California,D,Demand,29442,megawatthours
2025-11-15 08:00:00+00:00,CAL,California,D,Demand,28123,megawatthours
2025-11-15 09:00:00+00:00,CAL,California,D,Demand,27060,megawatthours
2025-11-15 10:00:00+00:00,CAL,California,D,Demand,26622,megawatthours
2025-11-15 11:00:00+00:00,CAL,California,D,Demand,26085,megawatthours
2025-11-15 12:00:00+00:00,CAL,California,D,Demand,26048,megawatthours
2025-11-15 13:00:00+00:00,CAL,California,D,Demand,26040,megawatthours
2025-11-15 14:00:00+00:00,CAL,California,D,Demand,25820,megawatthours
2025-11-15 15:00:00+00:00,CAL,California,D,Demand,25535,megawatthours
2025-11-15 16:00:00+00:00,CAL,California,D,Demand,25907,megawatthours
2025-11-15 17:00:00+00:00,CAL,California,D,Demand,26427,megawatthours
2025-11-15 18:00:00+00:00,CAL,California,D,Demand,27633,megawatthours
2025-11-15 19:00:00+00:00,CAL,California,D,Demand,28287,megawatthours
2025-11-15 20:00:00+00:00,CAL,California,D,Demand,29365,megawatthours
2025-11-15 21:00:00+00:00,CAL,California,D,Demand,28252,megawatthours
2025-11-15 22:00:00+00:00,CAL,California,D,Demand,28105,megawatthours
2025-11-15 23:00:00+00:00,CAL,California,D,Demand,28034,megawatthours
2025-11-16 00:00:00+00:00,CAL,California,D,Demand,28247,megawatthours
2025-11-16 01:00:00+00:00,CAL,California,D,Demand,28676,megawatthours
2025-11-16 02:00:00+00:00,CAL,California,D,Demand,29546,megawatthours
2025-11-16 03:00:00+00:00,CAL,California,D,Demand,29845,megawatthours
2025-11-16 04:00:00+00:00,CAL,California,D,Demand,29393,megawatthours
2025-11-16 05:00:00+00:00,CAL,California,D,Demand,28738,megawatthours
2025-11-16 06:00:00+00:00,CAL,California,D,Demand,28327,megawatthours
2025-11-16 07:00:00+00:00,CAL,California,D,Demand,27689,megawatthours
2025-11-16 08:00:00+00:00,CAL,California,D,Demand,27188,megawatthours
2025-11-16 09:00:00+00:00,CAL,California,D,Demand,26109,megawatthours
2025-11-16 10:00:00+00:00,CAL,California,D,Demand,25273,megawatthours
2025-11-16 11:00:00+00:00,CAL,California,D,Demand,24222,megawatthours
2025-11-16 12:00:00+00:00,CAL,California,D,Demand,23530,megawatthours
2025-11-16 13:00:00+00:00,CAL,California,D,Demand,23125,megawatthours
2025-11-16 14:00:00+00:00,CAL,California,D,Demand,22970,megawatthours
2025-11-16 15:00:00+00:00,CAL,California,D,Demand,23065,megawatthours
2025-11-16 16:00:00+00:00,CAL,California,D,Demand,23563,megawatthours
2025-11-16 17:00:00+00:00,CAL,California,D,Demand,24557,megawatthours
2025-11-16 18:00:00+00:00,CAL,California,D,Demand,26650,megawatthours
2025-11-16 19:00:00+00:00,CAL,California,D,Demand,27691,megawatthours
2025-11-16 20:00:00+00:00,CAL,California,D,Demand,29622,megawatthours
2025-11-16 21:00:00+00:00,CAL,California,D,Demand,30085,megawatthours
2025-11-16 22:00:00+00:00,CAL,California,D,Demand,30038,megawatthours
2025-11-16 23:00:00+00:00,CAL,California,D,Demand,29323,megawatthours
2025-11-17 00:00:00+00:00,CAL,California,D,Demand,29107,megawatthours
2025-11-17 01:00:00+00:00,CAL,California,D,Demand,28056,megawatthours
2025-11-17 02:00:00+00:00,CAL,California,D,Demand,28832,megawatthours
2025-11-17 03:00:00+00:00,CAL,California,D,Demand,30189,megawatthours
2025-11-17 04:00:00+00:00,CAL,California,D,Demand,29899,megawatthours
2025-11-17 05:00:00+00:00,CAL,California,D,Demand,29350,megawatthours
2025-11-17 06:00:00+00:00,CAL,California,D,Demand,28708,megawatthours
2025-11-17 07:00:00+00:00,CAL,California,D,Demand,27788,megawatthours
2025-11-17 08:00:00+00:00,CAL,California,D,Demand,26622,megawatthours
2025-11-17 09:00:00+00:00,CAL,California,D,Demand,25711,megawatthours
2025-11-17 10:00:00+00:00,CAL,California,D,Demand,26290,megawatthours
2025-11-17 11:00:00+00:00,CAL,California,D,Demand,26349,megawatthours
2025-11-17 12:00:00+00:00,CAL,California,D,Demand,25548,megawatthours
2025-11-17 13:00:00+00:00,CAL,California,D,Demand,24959,megawatthours
2025-11-17 14:00:00+00:00,CAL,California,D,Demand,25108,megawatthours
2025-11-17 15:00:00+00:00,CAL,California,D,Demand,25803,megawatthours
2025-11-17 16:00:00+00:00,CAL,California,D,Demand,27517,megawatthours
2025-11-17 17:00:00+00:00,CAL,California,D,Demand,29227,megawatthours
2025-11-17 18:00:00+00:00,CAL,California,D,Demand,31407,megawatthours
2025-11-17 19:00:00+00:00,CAL,California,D,Demand,31988,megawatthours
2025-11-17 20:00:00+00:00,CAL,California,D,Demand,31738,megawatthours
2025-11-17 21:00:00+00:00,CAL,California,D,Demand,31557,megawatthours
2025-11-17 22:00:00+00:00,CAL,California,D,Demand,31931,megawatthours
2025-11-17 23:00:00+00:00,CAL,California,D,Demand,30927,megawatthours
2025-11-18 00:00:00+00:00,CAL,California,D,Demand,30260,megawatthours
2025-11-18 01:00:00+00:00,CAL,California,D,Demand,30923,megawatthours
2025-11-18 02:00:00+00:00,CAL,California,D,Demand,31579,megawatthours
2025-11-18 03:00:00+00:00,CAL,California,D,Demand,32814,megawatthours
2025-11-18 04:00:00+00:00,CAL,California,D,Demand,32431,megawatthours
2025-11-18 05:00:00+00:00,CAL,California,D,Demand,31550,megawatthours
2025-11-18 06:00:00+00:00,CAL,California,D,Demand,30655,megawatthours
2025-11-18 07:00:00+00:00,CAL,California,D,Demand,29707,megawatthours
2025-11-18 08:00:00+00:00,CAL,California,D,Demand,28342,megawatthours
2025-11-18 09:00:00+00:00,CAL,California,D,Demand,26956,megawatthours
2025-11-18 10:00:00+00:00,CAL,California,D,Demand,25856,megawatthours
2025-11-18 11:00:00+00:00,CAL,California,D,Demand,24892,megawatthours
2025-11-18 12:00:00+00:00,CAL,California,D,Demand,24899,megawatthours
2025-11-18 13:00:00+00:00,CAL,California,D,Demand,24726,megawatthours
2025-11-18 14:00:00+00:00,CAL,California,D,Demand,24680,megawatthours
2025-11-18 15:00:00+00:00,CAL,California,D,Demand,25994,megawatthours
2025-11-18 16:00:00+00:00,CAL,California,D,Demand,28341,megawatthours
2025-11-18 17:00:00+00:00,CAL,California,D,Demand,29075,megawatthours
2025-11-18 18:00:00+00:00,CAL,California,D,Demand,28857,megawatthours
2025-11-18 19:00:00+00:00,CAL,California,D,Demand,30345,megawatthours
2025-11-18 20:00:00+00:00,CAL,California,D,Demand,30902,megawatthours
2025-11-18 21:00:00+00:00,CAL,California,D,Demand,30600,megawatthours
2025-11-18 22:00:00+00:00,CAL,California,D,Demand,29618,megawatthours
2025-11-18 23:00:00+00:00,CAL,California,D,Demand,29608,megawatthours
2025-11-19 00:00:00+00:00,CAL,California,D,Demand,29005,megawatthours
2025-11-19 01:00:00+00:00,CAL,California,D,Demand,29057,megawatthours
2025-11-19 02:00:00+00:00,CAL,California,D,Demand,30776,megawatthours
2025-11-19 03:00:00+00:00,CAL,California,D,Demand,32373,megawatthours
2025-11-19 04:00:00+00:00,CAL,California,D,Demand,32208,megawatthours
2025-11-19 05:00:00+00:00,CAL,California,D,Demand,31656,megawatthours
2025-11-19 06:00:00+00:00,CAL,California,D,Demand,31006,megawatthours
2025-11-19 07:00:00+00:00,CAL,California,D,Demand,30096,megawatthours
2025-11-19 08:00:00+00:00,CAL,California,D,Demand,28475,megawatthours
2025-11-19 09:00:00+00:00,CAL,California,D,Demand,26899,megawatthours
2025-11-19 10:00:00+00:00,CAL,California,D,Demand,26491,megawatthours
2025-11-19 11:00:00+00:00,CAL,California,D,Demand,25578,megawatthours
2025-11-19 12:00:00+00:00,CAL,California,D,Demand,24926,megawatthours
2025-11-19 13:00:00+00:00,CAL,California,D,Demand,24575,megawatthours
2025-11-19 14:00:00+00:00,CAL,California,D,Demand,24897,megawatthours
2025-11-19 15:00:00+00:00,CAL,California,D,Demand,26738,megawatthours
2025-11-19 16:00:00+00:00,CAL,California,D,Demand,28859,megawatthours
2025-11-19 17:00:00+00:00,CAL,California,D,Demand,30040,megawatthours
2025-11-19 18:00:00+00:00,CAL,California,D,Demand,30923,megawatthours
2025-11-19 19:00:00+00:00,CAL,California,D,Demand,30695,megawatthours
2025-11-19 20:00:00+00:00,CAL,California,D,Demand,31469,megawatthours
2025-11-19 21:00:00+00:00,CAL,California,D,Demand,31466,megawatthours
2025-11-19 22:00:00+00:00,CAL,California,D,Demand,31153,megawatthours
2025-11-19 23:00:00+00:00,CAL,California,D,Demand,30775,megawatthours
2025-11-20 00:00:00+00:00,CAL,California,D,Demand,29886,megawatthours
2025-11-20 01:00:00+00:00,CAL,California,D,Demand,29547,megawatthours
2025-11-20 02:00:00+00:00,CAL,California,D,Demand,31224,megawatthours
2025-11-20 03:00:00+00:00,CAL,California,D,Demand,32475,megawatthours
2025-11-20 04:00:00+00:00,CAL,California,D,Demand,32180,megawatthours
2025-11-20 05:00:00+00:00,CAL,California,D,Demand,31543,megawatthours
2025-11-20 06:00:00+00:00,CAL,California,D,Demand,31064,megawatthours
2025-11-20 07:00:00+00:00,CAL,California,D,Demand,30278,megawatthours
2025-11-20 08:00:00+00:00,CAL,California,D,Demand,28626,megawatthours
2025-11-20 09:00:00+00:00,CAL,California,D,Demand,26889,megawatthours
2025-11-20 10:00:00+00:00,CAL,California,D,Demand,26257,megawatthours
2025-11-20 11:00:00+00:00,CAL,California,D,Demand,25139,megawatthours
2025-11-20 12:00:00+00:00,CAL,California,D,Demand,24862,megawatthours
2025-11-20 13:00:00+00:00,CAL,California,D,Demand,24596,megawatthours
2025-11-20 14:00:00+00:00,CAL,California,D,Demand,24921,megawatthours
2025-11-20 15:00:00+00:00,CAL,California,D,Demand,26582,megawatthours
2025-11-20 16:00:00+00:00,CAL,California,D,Demand,28574,megawatthours
2025-11-20 17:00:00+00:00,CAL,California,D,Demand,30724,megawatthours
2025-11-20 18:00:00+00:00,CAL,California,D,Demand,34320,megawatthours
2025-11-20 19:00:00+00:00,CAL,California,D,Demand,34658,megawatthours
2025-11-20 20:00:00+00:00,CAL,California,D,Demand,34674,megawatthours
2025-11-20 21:00:00+00:00,CAL,California,D,Demand,35242,megawatthours
2025-11-20 22:00:00+00:00,CAL,California,D,Demand,34748,megawatthours
2025-11-20 23:00:00+00:00,CAL,California,D,Demand,34136,megawatthours
2025-11-21 00:00:00+00:00,CAL,California,D,Demand,32484,megawatthours
2025-11-21 01:00:00+00:00,CAL,California,D,Demand,31642,megawatthours
2025-11-21 02:00:00+00:00,CAL,California,D,Demand,32271,megawatthours
2025-11-21 03:00:00+00:00,CAL,California,D,Demand,33572,megawatthours
2025-11-21 04:00:00+00:00,CAL,California,D,Demand,33042,megawatthours
2025-11-21 05:00:00+00:00,CAL,California,D,Demand,32550,megawatthours
2025-11-21 06:00:00+00:00,CAL,California,D,Demand,31889,megawatthours
2025-11-21 07:00:00+00:00,CAL,California,D,Demand,30825,megawatthours
2025-11-21 08:00:00+00:00,CAL,California,D,Demand,29239,megawatthours
2025-11-21 09:00:00+00:00,CAL,California,D,Demand,28134,megawatthours
2025-11-21 10:00:00+00:00,CAL,California,D,Demand,27225,megawatthours
2025-11-21 11:00:00+00:00,CAL,California,D,Demand,26377,megawatthours
2025-11-21 12:00:00+00:00,CAL,California,D,Demand,26291,megawatthours
2025-11-21 13:00:00+00:00,CAL,California,D,Demand,26339,megawatthours
2025-11-21 14:00:00+00:00,CAL,California,D,Demand,26168,megawatthours
2025-11-21 15:00:00+00:00,CAL,California,D,Demand,27066,megawatthours
2025-11-21 16:00:00+00:00,CAL,California,D,Demand,29277,megawatthours
2025-11-21 17:00:00+00:00,CAL,California,D,Demand,30305,megawatthours
2025-11-21 18:00:00+00:00,CAL,California,D,Demand,30441,megawatthours
2025-11-21 19:00:00+00:00,CAL,California,D,Demand,29052,megawatthours
2025-11-21 20:00:00+00:00,CAL,California,D,Demand,29084,megawatthours
2025-11-21 21:00:00+00:00,CAL,California,D,Demand,28147,megawatthours
2025-11-21 22:00:00+00:00,CAL,California,D,Demand,28272,megawatthours
2025-11-21 23:00:00+00:00,CAL,California,D,Demand,29028,megawatthours
2025-11-22 00:00:00+00:00,CAL,California,D,Demand,28496,megawatthours
2025-11-22 01:00:00+00:00,CAL,California,D,Demand,28840,megawatthours
2025-11-22 02:00:00+00:00,CAL,California,D,Demand,30897,megawatthours
2025-11-22 03:00:00+00:00,CAL,California,D,Demand,31905,megawatthours
2025-11-22 04:00:00+00:00,CAL,California,D,Demand,31543,megawatthours
2025-11-22 05:00:00+00:00,CAL,California,D,Demand,31017,megawatthours
2025-11-22 06:00:00+00:00,CAL,California,D,Demand,30326,megawatthours
2025-11-22 07:00:00+00:00,CAL,California,D,Demand,29815,megawatthours
2025-11-22 08:00:00+00:00,CAL,California,D,Demand,28689,megawatthours
2025-11-22 09:00:00+00:00,CAL,California,D,Demand,27402,megawatthours
2025-11-22 10:00:00+00:00,CAL,California,D,Demand,26360,megawatthours
2025-11-22 11:00:00+00:00,CAL,California,D,Demand,25324,megawatthours
2025-11-22 12:00:00+00:00,CAL,California,D,Demand,24469,megawatthours
2025-11-22 13:00:00+00:00,CAL,California,D,Demand,23934,megawatthours
2025-11-22 14:00:00+00:00,CAL,California,D,Demand,24129,megawatthours
2025-11-22 15:00:00+00:00,CAL,California,D,Demand,24704,megawatthours
2025-11-22 16:00:00+00:00,CAL,California,D,Demand,25813,megawatthours
2025-11-22 17:00:00+00:00,CAL,California,D,Demand,26421,megawatthours
2025-11-22 18:00:00+00:00,CAL,California,D,Demand,26504,megawatthours
2025-11-22 19:00:00+00:00,CAL,California,D,Demand,25976,megawatthours
2025-11-22 20:00:00+00:00,CAL,California,D,Demand,27073,megawatthours
2025-11-22 21:00:00+00:00,CAL,California,D,Demand,27267,megawatthours
2025-11-22 22:00:00+00:00,CAL,California,D,Demand,27891,megawatthours
2025-11-22 23:00:00+00:00,CAL,California,D,Demand,28047,megawatthours
2025-11-23 00:00:00+00:00,CAL,California,D,Demand,27545,megawatthours
2025-11-23 01:00:00+00:00,CAL,California,D,Demand,27394,megawatthours
2025-11-23 02:00:00+00:00,CAL,California,D,Demand,28837,megawatthours
2025-11-23 03:00:00+00:00,CAL,California,D,Demand,30013,megawatthours
2025-11-23 04:00:00+00:00,CAL,California,D,Demand,29675,megawatthours
2025-11-23 05:00:00+00:00,CAL,California,D,Demand,29361,megawatthours
2025-11-23 06:00:00+00:00,CAL,California,D,Demand,28787,megawatthours
2025-11-23 07:00:00+00:00,CAL,California,D,Demand,28497,megawatthours
2025-11-23 08:00:00+00:00,CAL,California,D,Demand,27441,megawatthours
2025-11-23 09:00:00+00:00,CAL,California,D,Demand,26294,megawatthours
2025-11-23 10:00:00+00:00,CAL,California,D,Demand,25683,megawatthours
2025-11-23 11:00:00+00:00,CAL,California,D,Demand,24589,megawatthours
2025-11-23 12:00:00+00:00,CAL,California,D,Demand,23706,megawatthours
2025-11-23 13:00:00+00:00,CAL,California,D,Demand,23383,megawatthours
2025-11-23 14:00:00+00:00,CAL,California,D,Demand,23296,megawatthours
2025-11-23 15:00:00+00:00,CAL,California,D,Demand,23923,megawatthours
2025-11-23 16:00:00+00:00,CAL,California,D,Demand,24534,megawatthours
2025-11-23 17:00:00+00:00,CAL,California,D,Demand,24890,megawatthours
2025-11-23 18:00:00+00:00,CAL,California,D,Demand,25596,megawatthours
2025-11-23 19:00:00+00:00,CAL,California,D,Demand,26596,megawatthours
2025-11-23 20:00:00+00:00,CAL,California,D,Demand,26520,megawatthours
2025-11-23 21:00:00+00:00,CAL,California,D,Demand,27140,megawatthours
2025-11-23 22:00:00+00:00,CAL,California,D,Demand,26594,megawatthours
2025-11-23 23:00:00+00:00,CAL,California,D,Demand,27651,megawatthours
2025-11-24 00:00:00+00:00,CAL,California,D,Demand,27354,megawatthours
2025-11-24 01:00:00+00:00,CAL,California,D,Demand,26243,megawatthours
2025-11-24 02:00:00+00:00,CAL,California,D,Demand,28273,megawatthours
2025-11-24 03:00:00+00:00,CAL,California,D,Demand,30075,megawatthours
2025-11-24 04:00:00+00:00,CAL,California,D,Demand,30036,megawatthours
2025-11-24 05:00:00+00:00,CAL,California,D,Demand,29425,megawatthours
2025-11-24 06:00:00+00:00,CAL,California,D,Demand,28719,megawatthours
2025-11-24 07:00:00+00:00,CAL,California,D,Demand,28197,megawatthours
2025-11-24 08:00:00+00:00,CAL,California,D,Demand,27277,megawatthours
2025-11-24 09:00:00+00:00,CAL,California,D,Demand,26040,megawatthours
2025-11-24 10:00:00+00:00,CAL,California,D,Demand,25403,megawatthours
2025-11-24 11:00:00+00:00,CAL,California,D,Demand,24993,megawatthours
2025-11-24 12:00:00+00:00,CAL,California,D,Demand,25369,megawatthours
2025-11-24 13:00:00+00:00,CAL,California,D,Demand,24756,megawatthours
2025-11-24 14:00:00+00:00,CAL,California,D,Demand,25388,megawatthours
2025-11-24 15:00:00+00:00,CAL,California,D,Demand,26704,megawatthours
2025-11-24 16:00:00+00:00,CAL,California,D,Demand,28277,megawatthours
2025-11-24 17:00:00+00:00,CAL,California,D,Demand,29884,megawatthours
2025-11-24 18:00:00+00:00,CAL,California,D,Demand,32327,megawatthours
2025-11-24 19:00:00+00:00,CAL,California,D,Demand,31837,megawatthours
2025-11-24 20:00:00+00:00,CAL,California,D,Demand,31588,megawatthours
2025-11-24 21:00:00+00:00,CAL,California,D,Demand,31422,megawatthours
2025-11-24 22:00:00+00:00,CAL,California,D,Demand,31524,megawatthours
2025-11-24 23:00:00+00:00,CAL,California,D,Demand,32461,megawatthours
2025-11-25 00:00:00+00:00,CAL,California,D,Demand,32148,megawatthours
2025-11-25 01:00:00+00:00,CAL,California,D,Demand,30477,megawatthours
2025-11-25 02:00:00+00:00,CAL,California,D,Demand,31591,megawatthours
2025-11-25 03:00:00+00:00,CAL,California,D,Demand,32768,megawatthours
2025-11-25 04:00:00+00:00,CAL,California,D,Demand,32150,megawatthours
2025-11-25 05:00:00+00:00,CAL,California,D,Demand,31592,megawatthours
2025-11-25 06:00:00+00:00,CAL,California,D,Demand,30812,megawatthours
2025-11-25 07:00:00+00:00,CAL,California,D,Demand,30315,megawatthours
2025-11-25 08:00:00+00:00,CAL,California,D,Demand,29013,megawatthours
2025-11-25 09:00:00+00:00,CAL,California,D,Demand,27413,megawatthours
2025-11-25 10:00:00+00:00,CAL,California,D,Demand,26617,megawatthours
2025-11-25 11:00:00+00:00,CAL,California,D,Demand,25716,megawatthours
2025-11-25 12:00:00+00:00,CAL,California,D,Demand,25645,megawatthours
2025-11-25 13:00:00+00:00,CAL,California,D,Demand,25320,megawatthours
2025-11-25 14:00:00+00:00,CAL,California,D,Demand,25560,megawatthours
2025-11-25 15:00:00+00:00,CAL,California,D,Demand,27191,megawatthours
2025-11-25 16:00:00+00:00,CAL,California,D,Demand,28998,megawatthours
2025-11-25 17:00:00+00:00,CAL,California,D,Demand,30210,megawatthours
2025-11-25 18:00:00+00:00,CAL,California,D,Demand,31808,megawatthours
2025-11-25 19:00:00+00:00,CAL,California,D,Demand,32544,megawatthours
2025-11-25 20:00:00+00:00,CAL,California,D,Demand,32526,megawatthours
2025-11-25 21:00:00+00:00,CAL,California,D,Demand,32267,megawatthours
2025-11-25 22:00:00+00:00,CAL,California,D,Demand,31964,megawatthours
2025-11-25 23:00:00+00:00,CAL,California,D,Demand,32392,megawatthours
2025-11-26 00:00:00+00:00,CAL,California,D,Demand,32234,megawatthours
2025-11-26 01:00:00+00:00,CAL,California,D,Demand,30712,megawatthours
2025-11-26 02:00:00+00:00,CAL,California,D,Demand,31733,megawatthours
2025-11-26 03:00:00+00:00,CAL,California,D,Demand,32670,megawatthours
2025-11-26 04:00:00+00:00,CAL,California,D,Demand,32370,megawatthours
2025-11-26 05:00:00+00:00,CAL,California,D,Demand,31768,megawatthours
2025-11-26 06:00:00+00:00,CAL,California,D,Demand,31093,megawatthours
2025-11-26 07:00:00+00:00,CAL,California,D,Demand,30461,megawatthours
2025-11-26 08:00:00+00:00,CAL,California,D,Demand,29142,megawatthours
2025-11-26 09:00:00+00:00,CAL,California,D,Demand,28063,megawatthours
2025-11-26 10:00:00+00:00,CAL,California,D,Demand,27132,megawatthours
2025-11-26 11:00:00+00:00,CAL,California,D,Demand,26141,megawatthours
2025-11-26 12:00:00+00:00,CAL,California,D,Demand,25605,megawatthours
2025-11-26 13:00:00+00:00,CAL,California,D,Demand,25189,megawatthours
2025-11-26 14:00:00+00:00,CAL,California,D,Demand,25815,megawatthours
2025-11-26 15:00:00+00:00,CAL,California,D,Demand,27374,megawatthours
2025-11-26 16:00:00+00:00,CAL,California,D,Demand,28739,megawatthours
2025-11-26 17:00:00+00:00,CAL,California,D,Demand,29972,megawatthours
2025-11-26 18:00:00+00:00,CAL,California,D,Demand,32495,megawatthours
2025-11-26 19:00:00+00:00,CAL,California,D,Demand,33424,megawatthours
2025-11-26 20:00:00+00:00,CAL,California,D,Demand,33563,megawatthours
2025-11-26 21:00:00+00:00,CAL,California,D,Demand,33494,megawatthours
2025-11-26 22:00:00+00:00,CAL,California,D,Demand,33782,megawatthours
2025-11-26 23:00:00+00:00,CAL,California,D,Demand,33282,megawatthours
2025-11-27 00:00:00+00:00,CAL,California,D,Demand,32393,megawatthours
2025-11-27 01:00:00+00:00,CAL,California,D,Demand,31030,megawatthours
2025-11-27 02:00:00+00:00,CAL,California,D,Demand,32290,megawatthours
2025-11-27 03:00:00+00:00,CAL,California,D,Demand,33123,megawatthours
2025-11-27 04:00:00+00:00,CAL,California,D,Demand,32574,megawatthours
2025-11-27 05:00:00+00:00,CAL,California,D,Demand,31877,megawatthours
2025-11-27 06:00:00+00:00,CAL,California,D,Demand,31126,megawatthours
2025-11-27 07:00:00+00:00,CAL,California,D,Demand,30632,megawatthours
2025-11-27 08:00:00+00:00,CAL,California,D,Demand,29586,megawatthours
2025-11-27 09:00:00+00:00,CAL,California,D,Demand,27768,megawatthours
2025-11-27 10:00:00+00:00,CAL,California,D,Demand,27004,megawatthours
2025-11-27 11:00:00+00:00,CAL,California,D,Demand,25705,megawatthours
2025-11-27 12:00:00+00:00,CAL,California,D,Demand,24662,megawatthours
2025-11-27 13:00:00+00:00,CAL,California,D,Demand,24331,megawatthours
2025-11-27 14:00:00+00:00,CAL,California,D,Demand,24304,megawatthours
2025-11-27 15:00:00+00:00,CAL,California,D,Demand,24901,megawatthours
2025-11-27 16:00:00+00:00,CAL,California,D,Demand,25731,megawatthours
2025-11-27 17:00:00+00:00,CAL,California,D,Demand,26587,megawatthours
2025-11-27 18:00:00+00:00,CAL,California,D,Demand,29326,megawatthours
2025-11-27 19:00:00+00:00,CAL,California,D,Demand,30270,megawatthours
2025-11-27 20:00:00+00:00,CAL,California,D,Demand,31732,megawatthours
2025-11-27 21:00:00+00:00,CAL,California,D,Demand,31774,megawatthours
2025-11-27 22:00:00+00:00,CAL,California,D,Demand,30844,megawatthours
2025-11-27 23:00:00+00:00,CAL,California,D,Demand,30323,megawatthours
2025-11-28 00:00:00+00:00,CAL,California,D,Demand,29533,megawatthours
2025-11-28 01:00:00+00:00,CAL,California,D,Demand,28557,megawatthours
2025-11-28 02:00:00+00:00,CAL,California,D,Demand,29109,megawatthours
2025-11-28 03:00:00+00:00,CAL,California,D,Demand,28964,megawatthours
2025-11-28 04:00:00+00:00,CAL,California,D,Demand,28044,megawatthours
2025-11-28 05:00:00+00:00,CAL,California,D,Demand,27399,megawatthours
2025-11-28 06:00:00+00:00,CAL,California,D,Demand,27165,megawatthours
2025-11-28 07:00:00+00:00,CAL,California,D,Demand,27168,megawatthours
2025-11-28 08:00:00+00:00,CAL,California,D,Demand,26399,megawatthours
2025-11-28 09:00:00+00:00,CAL,California,D,Demand,25373,megawatthours
2025-11-28 10:00:00+00:00,CAL,California,D,Demand,24985,megawatthours
2025-11-28 11:00:00+00:00,CAL,California,D,Demand,24254,megawatthours
2025-11-28 12:00:00+00:00,CAL,California,D,Demand,23664,megawatthours
2025-11-28 13:00:00+00:00,CAL,California,D,Demand,23440,megawatthours
2025-11-28 14:00:00+00:00,CAL,California,D,Demand,23796,megawatthours
2025-11-28 15:00:00+00:00,CAL,California,D,Demand,24935,megawatthours
2025-11-28 16:00:00+00:00,CAL,California,D,Demand,26420,megawatthours
2025-11-28 17:00:00+00:00,CAL,California,D,Demand,27282,megawatthours
2025-11-28 18:00:00+00:00,CAL,California,D,Demand,29804,megawatthours
2025-11-28 19:00:00+00:00,CAL,California,D,Demand,30921,megawatthours
2025-11-28 20:00:00+00:00,CAL,California,D,Demand,31561,megawatthours
2025-11-28 21:00:00+00:00,CAL,California,D,Demand,31436,megawatthours
2025-11-28 22:00:00+00:00,CAL,California,D,Demand,31567,megawatthours
2025-11-28 23:00:00+00:00,CAL,California,D,Demand,31724,megawatthours
2025-11-29 00:00:00+00:00,CAL,California,D,Demand,30454,megawatthours
2025-11-29 01:00:00+00:00,CAL,California,D,Demand,29302,megawatthours
2025-11-29 02:00:00+00:00,CAL,California,D,Demand,30624,megawatthours
2025-11-29 03:00:00+00:00,CAL,California,D,Demand,31852,megawatthours
2025-11-29 04:00:00+00:00,CAL,California,D,Demand,31233,megawatthours
2025-11-29 05:00:00+00:00,CAL,California,D,Demand,30776,megawatthours
2025-11-29 06:00:00+00:00,CAL,California,D,Demand,30001,megawatthours
2025-11-29 07:00:00+00:00,CAL,California,D,Demand,29485,megawatthours
2025-11-29 08:00:00+00:00,CAL,California,D,Demand,28351,megawatthours
2025-11-29 09:00:00+00:00,CAL,California,D,Demand,27065,megawatthours
2025-11-29 10:00:00+00:00,CAL,California,D,Demand,26255,megawatthours
2025-11-29 11:00:00+00:00,CAL,California,D,Demand,25067,megawatthours
2025-11-29 12:00:00+00:00,CAL,California,D,Demand,24180,megawatthours
2025-11-29 13:00:00+00:00,CAL,California,D,Demand,23888,megawatthours
2025-11-29 14:00:00+00:00,CAL,California,D,Demand,23992,megawatthours
2025-11-29 15:00:00+00:00,CAL,California,D,Demand,24648,megawatthours
2025-11-29 16:00:00+00:00,CAL,California,D,Demand,25599,megawatthours
2025-11-29 17:00:00+00:00,CAL,California,D,Demand,26545,megawatthours
2025-11-29 18:00:00+00:00,CAL,California,D,Demand,28596,megawatthours
2025-11-29 19:00:00+00:00,CAL,California,D,Demand,30056,megawatthours
2025-11-29 20:00:00+00:00,CAL,California,D,Demand,30753,megawatthours
2025-11-29 21:00:00+00:00,CAL,California,D,Demand,30250,megawatthours
2025-11-29 22:00:00+00:00,CAL,California,D,Demand,30262,megawatthours
2025-11-29 23:00:00+00:00,CAL,California,D,Demand,30642,megawatthours
2025-11-30 00:00:00+00:00,CAL,California,D,Demand,30307,megawatthours
2025-11-30 01:00:00+00:00,CAL,California,D,Demand,28191,megawatthours
2025-11-30 02:00:00+00:00,CAL,California,D,Demand,29716,megawatthours
2025-11-30 03:00:00+00:00,CAL,California,D,Demand,30843,megawatthours
2025-11-30 04:00:00+00:00,CAL,California,D,Demand,30689,megawatthours
2025-11-30 05:00:00+00:00,CAL,California,D,Demand,30177,megawatthours
2025-11-30 06:00:00+00:00,CAL,California,D,Demand,29567,megawatthours
2025-11-30 07:00:00+00:00,CAL,California,D,Demand,29129,megawatthours
2025-11-30 08:00:00+00:00,CAL,California,D,Demand,28025,megawatthours
2025-11-30 09:00:00+00:00,CAL,California,D,Demand,26682,megawatthours
2025-11-30 10:00:00+00:00,CAL,California,D,Demand,25941,megawatthours
2025-11-30 11:00:00+00:00,CAL,California,D,Demand,24938,megawatthours
2025-11-30 12:00:00+00:00,CAL,California,D,Demand,24233,megawatthours
2025-11-30 13:00:00+00:00,CAL,California,D,Demand,23862,megawatthours
2025-11-30 14:00:00+00:00,CAL,California,D,Demand,24175,megawatthours
2025-11-30 15:00:00+00:00,CAL,California,D,Demand,24330,megawatthours
2025-11-30 16:00:00+00:00,CAL,California,D,Demand,25433,megawatthours
2025-11-30 17:00:00+00:00,CAL,California,D,Demand,26409,megawatthours
2025-11-30 18:00:00+00:00,CAL,California,D,Demand,28092,megawatthours
2025-11-30 19:00:00+00:00,CAL,California,D,Demand,28769,megawatthours
2025-11-30 20:00:00+00:00,CAL,California,D,Demand,30234,megawatthours
2025-11-30 21:00:00+00:00,CAL,California,D,Demand,31434,megawatthours
2025-11-30 22:00:00+00:00,CAL,California,D,Demand,30831,megawatthours
2025-11-30 23:00:00+00:00,CAL,California,D,Demand,29547,megawatthours
2025-12-01 00:00:00+00:00,CAL,California,D,Demand,28794,megawatthours
2025-12-01 01:00:00+00:00,CAL,California,D,Demand,28786,megawatthours
2025-12-01 02:00:00+00:00,CAL,California,D,Demand,30581,megawatthours
2025-12-01 03:00:00+00:00,CAL,California,D,Demand,32383,megawatthours
2025-12-01 04:00:00+00:00,CAL,California,D,Demand,31980,megawatthours
2025-12-01 05:00:00+00:00,CAL,California,D,Demand,31586,megawatthours
2025-12-01 06:00:00+00:00,CAL,California,D,Demand,30790,megawatthours
2025-12-01 07:00:00+00:00,CAL,California,D,Demand,30025,megawatthours
2025-12-01 08:00:00+00:00,CAL,California,D,Demand,28635,megawatthours
2025-12-01 09:00:00+00:00,CAL,California,D,Demand,27231,megawatthours
2025-12-01 10:00:00+00:00,CAL,California,D,Demand,26629,megawatthours
2025-12-01 11:00:00+00:00,CAL,California,D,Demand,26644,megawatthours
2025-12-01 12:00:00+00:00,CAL,California,D,Demand,25913,megawatthours
2025-12-01 13:00:00+00:00,CAL,California,D,Demand,25816,megawatthours
2025-12-01 14:00:00+00:00,CAL,California,D,Demand,26434,megawatthours
2025-12-01 15:00:00+00:00,CAL,California,D,Demand,27946,megawatthours
2025-12-01 16:00:00+00:00,CAL,California,D,Demand,30341,megawatthours
2025-12-01 17:00:00+00:00,CAL,California,D,Demand,31534,megawatthours
2025-12-01 18:00:00+00:00,CAL,California,D,Demand,33565,megawatthours
2025-12-01 19:00:00+00:00,CAL,California,D,Demand,34143,megawatthours
2025-12-01 20:00:00+00:00,CAL,California,D,Demand,34460,megawatthours
2025-12-01 21:00:00+00:00,CAL,California,D,Demand,33832,megawatthours
2025-12-01 22:00:00+00:00,CAL,California,D,Demand,33536,megawatthours
2025-12-01 23:00:00+00:00,CAL,California,D,Demand,33487,megawatthours
2025-12-02 00:00:00+00:00,CAL,California,D,Demand,32388,megawatthours
2025-12-02 01:00:00+00:00,CAL,California,D,Demand,30758,megawatthours
2025-12-02 02:00:00+00:00,CAL,California,D,Demand,32634,megawatthours
2025-12-02 03:00:00+00:00,CAL,California,D,Demand,34010,megawatthours
2025-12-02 04:00:00+00:00,CAL,California,D,Demand,33845,megawatthours
2025-12-02 05:00:00+00:00,CAL,California,D,Demand,33409,megawatthours
2025-12-02 06:00:00+00:00,CAL,California,D,Demand,32645,megawatthours
2025-12-02 07:00:00+00:00,CAL,California,D,Demand,31803,megawatthours
2025-12-02 08:00:00+00:00,CAL,California,D,Demand,29976,megawatthours
2025-12-02 09:00:00+00:00,CAL,California,D,Demand,28164,megawatthours
2025-12-02 10:00:00+00:00,CAL,California,D,Demand,27476,megawatthours
2025-12-02 11:00:00+00:00,CAL,California,D,Demand,26603,megawatthours
2025-12-02 12:00:00+00:00,CAL,California,D,Demand,26542,megawatthours
2025-12-02 13:00:00+00:00,CAL,California,D,Demand,26501,megawatthours
2025-12-02 14:00:00+00:00,CAL,California,D,Demand,26665,megawatthours
2025-12-02 15:00:00+00:00,CAL,California,D,Demand,28551,megawatthours
2025-12-02 16:00:00+00:00,CAL,California,D,Demand,31179,megawatthours
2025-12-02 17:00:00+00:00,CAL,California,D,Demand,32290,megawatthours
2025-12-02 18:00:00+00:00,CAL,California,D,Demand,33841,megawatthours
2025-12-02 19:00:00+00:00,CAL,California,D,Demand,33724,megawatthours
2025-12-02 20:00:00+00:00,CAL,California,D,Demand,32233,megawatthours
2025-12-02 21:00:00+00:00,CAL,California,D,Demand,32137,megawatthours
2025-12-02 22:00:00+00:00,CAL,California,D,Demand,32231,megawatthours
2025-12-02 23:00:00+00:00,CAL,California,D,Demand,32370,megawatthours
2025-12-03 00:00:00+00:00,CAL,California,D,Demand,31208,megawatthours
2025-12-03 01:00:00+00:00,CAL,California,D,Demand,32657,megawatthours
2025-12-03 02:00:00+00:00,CAL,California,D,Demand,33890,megawatthours
2025-12-03 03:00:00+00:00,CAL,California,D,Demand,33651,megawatthours
2025-12-03 04:00:00+00:00,CAL,California,D,Demand,33308,megawatthours
2025-12-03 05:00:00+00:00,CAL,California,D,Demand,32628,megawatthours
2025-12-03 06:00:00+00:00,CAL,California,D,Demand,32063,megawatthours
2025-12-03 07:00:00+00:00,CAL,California,D,Demand,30405,megawatthours
2025-12-03 08:00:00+00:00,CAL,California,D,Demand,28719,megawatthours
2025-12-03 09:00:00+00:00,CAL,California,D,Demand,27899,megawatthours
2025-12-03 10:00:00+00:00,CAL,California,D,Demand,27596,megawatthours
2025-12-03 11:00:00+00:00,CAL,California,D,Demand,26848,megawatthours
2025-12-03 12:00:00+00:00,CAL,California,D,Demand,26289,megawatthours
2025-12-03 13:00:00+00:00,CAL,California,D,Demand,26369,megawatthours
2025-12-03 14:00:00+00:00,CAL,California,D,Demand,27773,megawatthours
2025-12-03 15:00:00+00:00,CAL,California,D,Demand,30589,megawatthours
2025-12-03 16:00:00+00:00,CAL,California,D,Demand,31869,megawatthours
2025-12-03 17:00:00+00:00,CAL,California,D,Demand,32828,megawatthours
2025-12-03 18:00:00+00:00,CAL,California,D,Demand,33619,megawatthours
2025-12-03 19:00:00+00:00,CAL,California,D,Demand,33983,megawatthours
2025-12-03 20:00:00+00:00,CAL,California,D,Demand,33347,megawatthours
2025-12-03 21:00:00+00:00,CAL,California,D,Demand,32699,megawatthours
2025-12-03 22:00:00+00:00,CAL,California,D,Demand,33040,megawatthours
2025-12-03 23:00:00+00:00,CAL,California,D,Demand,32635,megawatthours
2025-12-04 00:00:00+00:00,CAL,California,D,Demand,30764,megawatthours
2025-12-04 01:00:00+00:00,CAL,California,D,Demand,32275,megawatthours
2025-12-04 02:00:00+00:00,CAL,California,D,Demand,34039,megawatthours
2025-12-04 03:00:00+00:00,CAL,California,D,Demand,33819,megawatthours
2025-12-04 04:00:00+00:00,CAL,California,D,Demand,33436,megawatthours
2025-12-04 05:00:00+00:00,CAL,California,D,Demand,33083,megawatthours
2025-12-04 06:00:00+00:00,CAL,California,D,Demand,32218,megawatthours
2025-12-04 07:00:00+00:00,CAL,California,D,Demand,30779,megawatthours
2025-12-04 08:00:00+00:00,CAL,California,D,Demand,28838,megawatthours
2025-12-04 09:00:00+00:00,CAL,California,D,Demand,28022,megawatthours
2025-12-04 10:00:00+00:00,CAL,California,D,Demand,27160,megawatthours
2025-12-04 11:00:00+00:00,CAL,California,D,Demand,26790,megawatthours
2025-12-04 12:00:00+00:00,CAL,California,D,Demand,26675,megawatthours
2025-12-04 13:00:00+00:00,CAL,California,D,Demand,26468,megawatthours
2025-12-04 14:00:00+00:00,CAL,California,D,Demand,28434,megawatthours
2025-12-04 15:00:00+00:00,CAL,California,D,Demand,30841,megawatthours
2025-12-04 16:00:00+00:00,CAL,California,D,Demand,32110,megawatthours
2025-12-04 17:00:00+00:00,CAL,California,D,Demand,33043,megawatthours
2025-12-04 18:00:00+00:00,CAL,California,D,Demand,34077,megawatthours
2025-12-04 19:00:00+00:00,CAL,California,D,Demand,33896,megawatthours
2025-12-04 20:00:00+00:00,CAL,California,D,Demand,33928,megawatthours
2025-12-04 21:00:00+00:00,CAL,California,D,Demand,33575,megawatthours
2025-12-04 22:00:00+00:00,CAL,California,D,Demand,32311,megawatthours
2025-12-04 23:00:00+00:00,CAL,California,D,Demand,33097,megawatthours
2025-12-05 00:00:00+00:00,CAL,California,D,Demand,30007,megawatthours
2025-12-05 01:00:00+00:00,CAL,California,D,Demand,32445,megawatthours
2025-12-05 02:00:00+00:00,CAL,California,D,Demand,34237,megawatthours
2025-12-05 03:00:00+00:00,CAL,California,D,Demand,34160,megawatthours
2025-12-05 04:00:00+00:00,CAL,California,D,Demand,34314,megawatthours
2025-12-05 05:00:00+00:00,CAL,California,D,Demand,33506,megawatthours
2025-12-05 06:00:00+00:00,CAL,California,D,Demand,32708,megawatthours
2025-12-05 07:00:00+00:00,CAL,California,D,Demand,31229,megawatthours
2025-12-05 08:00:00+00:00,CAL,California,D,Demand,29158,megawatthours
2025-12-05 09:00:00+00:00,CAL,California,D,Demand,28402,megawatthours
2025-12-05 10:00:00+00:00,CAL,California,D,Demand,27311,megawatthours
2025-12-05 11:00:00+00:00,CAL,California,D,Demand,26824,megawatthours
2025-12-05 12:00:00+00:00,CAL,California,D,Demand,26388,megawatthours
2025-12-05 13:00:00+00:00,CAL,California,D,Demand,26771,megawatthours
2025-12-05 14:00:00+00:00,CAL,California,D,Demand,28244,megawatthours
2025-12-05 15:00:00+00:00,CAL,California,D,Demand,30797,megawatthours
2025-12-05 16:00:00+00:00,CAL,California,D,Demand,32239,megawatthours
2025-12-05 17:00:00+00:00,CAL,California,D,Demand,33540,megawatthours
2025-12-05 18:00:00+00:00,CAL,California,D,Demand,34447,megawatthours
2025-12-05 19:00:00+00:00,CAL,California,D,Demand,34073,megawatthours
2025-12-05 20:00:00+00:00,CAL,California,D,Demand,33885,megawatthours
2025-12-05 21:00:00+00:00,CAL,California,D,Demand,33772,megawatthours
2025-12-05 22:00:00+00:00,CAL,California,D,Demand,33849,megawatthours
2025-12-05 23:00:00+00:00,CAL,California,D,Demand,32751,megawatthours
2025-12-06 00:00:00+00:00,CAL,California,D,Demand,30798,megawatthours
2025-12-06 01:00:00+00:00,CAL,California,D,Demand,32332,megawatthours
2025-12-06 02:00:00+00:00,CAL,California,D,Demand,34028,megawatthours
2025-12-06 03:00:00+00:00,CAL,California,D,Demand,33567,megawatthours
2025-12-06 04:00:00+00:00,CAL,California,D,Demand,32995,megawatthours
2025-12-06 05:00:00+00:00,CAL,California,D,Demand,32703,megawatthours
2025-12-06 06:00:00+00:00,CAL,California,D,Demand,32067,megawatthours
2025-12-06 07:00:00+00:00,CAL,California,D,Demand,31010,megawatthours
2025-12-06 08:00:00+00:00,CAL,California,D,Demand,29550,megawatthours
2025-12-06 09:00:00+00:00,CAL,California,D,Demand,28781,megawatthours
2025-12-06 10:00:00+00:00,CAL,California,D,Demand,27700,megawatthours
2025-12-06 11:00:00+00:00,CAL,California,D,Demand,26597,megawatthours
2025-12-06 12:00:00+00:00,CAL,California,D,Demand,26086,megawatthours
2025-12-06 13:00:00+00:00,CAL,California,D,Demand,26317,megawatthours
2025-12-06 14:00:00+00:00,CAL,California,D,Demand,26796,megawatthours
2025-12-06 15:00:00+00:00,CAL,California,D,Demand,27793,megawatthours
2025-12-06 16:00:00+00:00,CAL,California,D,Demand,28614,megawatthours
2025-12-06 17:00:00+00:00,CAL,California,D,Demand,29962,megawatthours
2025-12-06 18:00:00+00:00,CAL,California,D,Demand,31443,megawatthours
2025-12-06 19:00:00+00:00,CAL,California,D,Demand,32004,megawatthours
2025-12-06 20:00:00+00:00,CAL,California,D,Demand,31551,megawatthours
2025-12-06 21:00:00+00:00,CAL,California,D,Demand,31796,megawatthours
2025-12-06 22:00:00+00:00,CAL,California,D,Demand,32274,megawatthours
2025-12-06 23:00:00+00:00,CAL,California,D,Demand,32197,megawatthours
2025-12-07 00:00:00+00:00,CAL,California,D,Demand,29865,megawatthours
2025-12-07 01:00:00+00:00,CAL,California,D,Demand,30660,megawatthours
2025-12-07 02:00:00+00:00,CAL,California,D,Demand,32109,megawatthours
2025-12-07 03:00:00+00:00,CAL,California,D,Demand,31539,megawatthours
2025-12-07 04:00:00+00:00,CAL,California,D,Demand,31353,megawatthours
2025-12-07 05:00:00+00:00,CAL,California,D,Demand,31028,megawatthours
2025-12-07 06:00:00+00:00,CAL,California,D,Demand,30598,megawatthours
2025-12-07 07:00:00+00:00,CAL,California,D,Demand,29568,megawatthours
2025-12-07 08:00:00+00:00,CAL,California,D,Demand,28143,megawatthours
2025-12-07 09:00:00+00:00,CAL,California,D,Demand,27483,megawatthours
2025-12-07 10:00:00+00:00,CAL,California,D,Demand,26450,megawatthours
2025-12-07 11:00:00+00:00,CAL,California,D,Demand,25707,megawatthours
2025-12-07 12:00:00+00:00,CAL,California,D,Demand,25092,megawatthours
2025-12-07 13:00:00+00:00,CAL,California,D,Demand,25243,megawatthours
2025-12-07 14:00:00+00:00,CAL,California,D,Demand,25681,megawatthours
2025-12-07 15:00:00+00:00,CAL,California,D,Demand,26428,megawatthours
2025-12-07 16:00:00+00:00,CAL,California,D,Demand,27126,megawatthours
2025-12-07 17:00:00+00:00,CAL,California,D,Demand,29105,megawatthours
2025-12-07 18:00:00+00:00,CAL,California,D,Demand,30083,megawatthours
2025-12-07 19:00:00+00:00,CAL,California,D,Demand,29889,megawatthours
2025-12-07 20:00:00+00:00,CAL,California,D,Demand,29830,megawatthours
2025-12-07 21:00:00+00:00,CAL,California,D,Demand,30774,megawatthours
2025-12-07 22:00:00+00:00,CAL,California,D,Demand,31084,megawatthours
2025-12-07 23:00:00+00:00,CAL,California,D,Demand,31088,megawatthours
2025-12-08 00:00:00+00:00,CAL,California,D,Demand,29374,megawatthours
2025-12-08 01:00:00+00:00,CAL,California,D,Demand,30521,megawatthours
2025-12-08 02:00:00+00:00,CAL,California,D,Demand,32428,megawatthours
2025-12-08 03:00:00+00:00,CAL,California,D,Demand,32590,megawatthours
2025-12-08 04:00:00+00:00,CAL,California,D,Demand,32298,megawatthours
2025-12-08 05:00:00+00:00,CAL,California,D,Demand,31778,megawatthours
2025-12-08 06:00:00+00:00,CAL,California,D,Demand,31059,megawatthours
2025-12-08 07:00:00+00:00,CAL,California,D,Demand,29478,megawatthours
2025-12-08 08:00:00+00:00,CAL,California,D,Demand,27896,megawatthours
2025-12-08 09:00:00+00:00,CAL,California,D,Demand,27159,megawatthours
2025-12-08 10:00:00+00:00,CAL,California,D,Demand,26562,megawatthours
2025-12-08 11:00:00+00:00,CAL,California,D,Demand,26182,megawatthours
2025-12-08 12:00:00+00:00,CAL,California,D,Demand,26238,megawatthours
2025-12-08 13:00:00+00:00,CAL,California,D,Demand,26341,megawatthours
2025-12-08 14:00:00+00:00,CAL,California,D,Demand,28163,megawatthours
2025-12-08 15:00:00+00:00,CAL,California,D,Demand,30765,megawatthours
2025-12-08 16:00:00+00:00,CAL,California,D,Demand,32270,megawatthours
2025-12-08 17:00:00+00:00,CAL,California,D,Demand,33985,megawatthours
2025-12-08 18:00:00+00:00,CAL,California,D,Demand,34848,megawatthours
2025-12-08 19:00:00+00:00,CAL,California,D,Demand,35026,megawatthours
2025-12-08 20:00:00+00:00,CAL,California,D,Demand,35229,megawatthours
2025-12-08 21:00:00+00:00,CAL,California,D,Demand,35641,megawatthours
2025-12-08 22:00:00+00:00,CAL,California,D,Demand,35912,megawatthours
2025-12-08 23:00:00+00:00,CAL,California,D,Demand,35023,megawatthours
2025-12-09 00:00:00+00:00,CAL,California,D,Demand,32811,megawatthours
2025-12-09 01:00:00+00:00,CAL,California,D,Demand,33999,megawatthours
2025-12-09 02:00:00+00:00,CAL,California,D,Demand,35264,megawatthours
2025-12-09 03:00:00+00:00,CAL,California,D,Demand,35130,megawatthours
2025-12-09 04:00:00+00:00,CAL,California,D,Demand,34471,megawatthours
2025-12-09 05:00:00+00:00,CAL,California,D,Demand,33811,megawatthours
2025-12-09 06:00:00+00:00,CAL,California,D,Demand,32705,megawatthours
2025-12-09 07:00:00+00:00,CAL,California,D,Demand,30893,megawatthours
2025-12-09 08:00:00+00:00,CAL,California,D,Demand,29325,megawatthours
2025-12-09 09:00:00+00:00,CAL,California,D,Demand,28018,megawatthours
2025-12-09 10:00:00+00:00,CAL,California,D,Demand,27279,megawatthours
2025-12-09 11:00:00+00:00,CAL,California,D,Demand,26651,megawatthours
2025-12-09 12:00:00+00:00,CAL,California,D,Demand,26345,megawatthours
2025-12-09 13:00:00+00:00,CAL,California,D,Demand,26523,megawatthours
2025-12-09 14:00:00+00:00,CAL,California,D,Demand,28196,megawatthours
2025-12-09 15:00:00+00:00,CAL,California,D,Demand,30764,megawatthours
2025-12-09 16:00:00+00:00,CAL,California,D,Demand,32318,megawatthours
2025-12-09 17:00:00+00:00,CAL,California,D,Demand,34909,megawatthours
2025-12-09 18:00:00+00:00,CAL,California,D,Demand,36239,megawatthours
2025-12-09 19:00:00+00:00,CAL,California,D,Demand,36355,megawatthours
2025-12-09 20:00:00+00:00,CAL,California,D,Demand,36305,megawatthours
2025-12-09 21:00:00+00:00,CAL,California,D,Demand,36256,megawatthours
2025-12-09 22:00:00+00:00,CAL,California,D,Demand,37063,megawatthours
2025-12-09 23:00:00+00:00,CAL,California,D,Demand,36058,megawatthours
2025-12-10 00:00:00+00:00,CAL,California,D,Demand,33293,megawatthours
2025-12-10 01:00:00+00:00,CAL,California,D,Demand,34017,megawatthours
2025-12-10 02:00:00+00:00,CAL,California,D,Demand,35455,megawatthours
2025-12-10 03:00:00+00:00,CAL,California,D,Demand,35173,megawatthours
2025-12-10 04:00:00+00:00,CAL,California,D,Demand,34443,megawatthours
2025-12-10 05:00:00+00:00,CAL,California,D,Demand,33789,megawatthours
2025-12-10 06:00:00+00:00,CAL,California,D,Demand,32894,megawatthours
2025-12-10 07:00:00+00:00,CAL,California,D,Demand,31330,megawatthours
2025-12-10 08:00:00+00:00,CAL,California,D,Demand,29265,megawatthours
2025-12-10 09:00:00+00:00,CAL,California,D,Demand,28266,megawatthours
2025-12-10 10:00:00+00:00,CAL,California,D,Demand,27379,megawatthours
2025-12-10 11:00:00+00:00,CAL,California,D,Demand,26832,megawatthours
2025-12-10 12:00:00+00:00,CAL,California,D,Demand,26545,megawatthours
2025-12-10 13:00:00+00:00,CAL,California,D,Demand,26505,megawatthours
2025-12-10 14:00:00+00:00,CAL,California,D,Demand,28071,megawatthours
2025-12-10 15:00:00+00:00,CAL,California,D,Demand,30384,megawatthours
2025-12-10 16:00:00+00:00,CAL,California,D,Demand,32420,megawatthours
2025-12-10 17:00:00+00:00,CAL,California,D,Demand,35815,megawatthours
2025-12-10 18:00:00+00:00,CAL,California,D,Demand,36452,megawatthours
2025-12-10 19:00:00+00:00,CAL,California,D,Demand,36329,megawatthours
2025-12-10 20:00:00+00:00,CAL,California,D,Demand,35370,megawatthours
2025-12-10 21:00:00+00:00,CAL,California,D,Demand,35663,megawatthours
2025-12-10 22:00:00+00:00,CAL,California,D,Demand,35765,megawatthours
2025-12-10 23:00:00+00:00,CAL,California,D,Demand,34596,megawatthours
2025-12-11 00:00:00+00:00,CAL,California,D,Demand,33112,megawatthours
2025-12-11 01:00:00+00:00,CAL,California,D,Demand,34015,megawatthours
2025-12-11 02:00:00+00:00,CAL,California,D,Demand,35375,megawatthours
2025-12-11 03:00:00+00:00,CAL,California,D,Demand,35102,megawatthours
2025-12-11 04:00:00+00:00,CAL,California,D,Demand,34530,megawatthours
2025-12-11 05:00:00+00:00,CAL,California,D,Demand,33890,megawatthours
2025-12-11 06:00:00+00:00,CAL,California,D,Demand,32943,megawatthours
2025-12-11 07:00:00+00:00,CAL,California,D,Demand,31208,megawatthours
2025-12-11 08:00:00+00:00,CAL,California,D,Demand,29481,megawatthours
2025-12-11 09:00:00+00:00,CAL,California,D,Demand,28642,megawatthours
2025-12-11 10:00:00+00:00,CAL,California,D,Demand,27713,megawatthours
2025-12-11 11:00:00+00:00,CAL,California,D,Demand,27062,megawatthours
2025-12-11 12:00:00+00:00,CAL,California,D,Demand,26649,megawatthours
2025-12-11 13:00:00+00:00,CAL,California,D,Demand,26890,megawatthours
2025-12-11 14:00:00+00:00,CAL,California,D,Demand,28233,megawatthours
2025-12-11 15:00:00+00:00,CAL,California,D,Demand,30574,megawatthours
2025-12-11 16:00:00+00:00,CAL,California,D,Demand,32826,megawatthours
2025-12-11 17:00:00+00:00,CAL,California,D,Demand,35763,megawatthours
2025-12-11 18:00:00+00:00,CAL,California,D,Demand,36520,megawatthours
2025-12-11 19:00:00+00:00,CAL,California,D,Demand,36156,megawatthours
2025-12-11 20:00:00+00:00,CAL,California,D,Demand,35475,megawatthours
2025-12-11 21:00:00+00:00,CAL,California,D,Demand,35011,megawatthours
2025-12-11 22:00:00+00:00,CAL,California,D,Demand,34963,megawatthours
2025-12-11 23:00:00+00:00,CAL,California,D,Demand,34276,megawatthours
2025-12-12 00:00:00+00:00,CAL,California,D,Demand,33235,megawatthours
2025-12-12 01:00:00+00:00,CAL,California,D,Demand,33854,megawatthours
2025-12-12 02:00:00+00:00,CAL,California,D,Demand,35411,megawatthours
2025-12-12 03:00:00+00:00,CAL,California,D,Demand,34976,megawatthours
2025-12-12 04:00:00+00:00,CAL,California,D,Demand,34404,megawatthours
2025-12-12 05:00:00+00:00,CAL,California,D,Demand,33713,megawatthours
2025-12-12 06:00:00+00:00,CAL,California,D,Demand,32890,megawatthours
2025-12-12 07:00:00+00:00,CAL,California,D,Demand,31320,megawatthours
2025-12-12 08:00:00+00:00,CAL,California,D,Demand,29402,megawatthours
2025-12-12 09:00:00+00:00,CAL,California,D,Demand,28310,megawatthours
2025-12-12 10:00:00+00:00,CAL,California,D,Demand,27228,megawatthours
2025-12-12 11:00:00+00:00,CAL,California,D,Demand,26894,megawatthours
2025-12-12 12:00:00+00:00,CAL,California,D,Demand,26478,megawatthours
2025-12-12 13:00:00+00:00,CAL,California,D,Demand,26278,megawatthours
2025-12-12 14:00:00+00:00,CAL,California,D,Demand,27782,megawatthours
2025-12-12 15:00:00+00:00,CAL,California,D,Demand,30294,megawatthours
2025-12-12 16:00:00+00:00,CAL,California,D,Demand,32063,megawatthours
2025-12-12 17:00:00+00:00,CAL,California,D,Demand,34405,megawatthours
2025-12-12 18:00:00+00:00,CAL,California,D,Demand,35426,megawatthours
2025-12-12 19:00:00+00:00,CAL,California,D,Demand,34495,megawatthours
2025-12-12 20:00:00+00:00,CAL,California,D,Demand,34393,megawatthours
2025-12-12 21:00:00+00:00,CAL,California,D,Demand,34705,megawatthours
2025-12-12 22:00:00+00:00,CAL,California,D,Demand,34958,megawatthours
2025-12-12 23:00:00+00:00,CAL,California,D,Demand,34447,megawatthours
2025-12-13 00:00:00+00:00,CAL,California,D,Demand,32481,megawatthours
2025-12-13 01:00:00+00:00,CAL,California,D,Demand,33179,megawatthours
2025-12-13 02:00:00+00:00,CAL,California,D,Demand,34534,megawatthours
2025-12-13 03:00:00+00:00,CAL,California,D,Demand,34009,megawatthours
2025-12-13 04:00:00+00:00,CAL,California,D,Demand,33285,megawatthours
2025-12-13 05:00:00+00:00,CAL,California,D,Demand,32792,megawatthours
2025-12-13 06:00:00+00:00,CAL,California,D,Demand,32230,megawatthours
2025-12-13 07:00:00+00:00,CAL,California,D,Demand,31025,megawatthours
2025-12-13 08:00:00+00:00,CAL,California,D,Demand,29605,megawatthours
2025-12-13 09:00:00+00:00,CAL,California,D,Demand,28603,megawatthours
2025-12-13 10:00:00+00:00,CAL,California,D,Demand,27520,megawatthours
2025-12-13 11:00:00+00:00,CAL,California,D,Demand,26472,megawatthours
2025-12-13 12:00:00+00:00,CAL,California,D,Demand,25967,megawatthours
2025-12-13 13:00:00+00:00,CAL,California,D,Demand,25936,megawatthours
2025-12-13 14:00:00+00:00,CAL,California,D,Demand,26614,megawatthours
2025-12-13 15:00:00+00:00,CAL,California,D,Demand,27733,megawatthours
2025-12-13 16:00:00+00:00,CAL,California,D,Demand,28953,megawatthours
2025-12-13 17:00:00+00:00,CAL,California,D,Demand,32080,megawatthours
2025-12-13 18:00:00+00:00,CAL,California,D,Demand,33895,megawatthours
2025-12-13 19:00:00+00:00,CAL,California,D,Demand,33669,megawatthours
2025-12-13 20:00:00+00:00,CAL,California,D,Demand,32968,megawatthours
2025-12-13 21:00:00+00:00,CAL,California,D,Demand,33324,megawatthours
2025-12-13 22:00:00+00:00,CAL,California,D,Demand,33002,megawatthours
2025-12-13 23:00:00+00:00,CAL,California,D,Demand,31427,megawatthours
2025-12-14 00:00:00+00:00,CAL,California,D,Demand,29583,megawatthours
2025-12-14 01:00:00+00:00,CAL,California,D,Demand,30756,megawatthours
2025-12-14 02:00:00+00:00,CAL,California,D,Demand,32287,megawatthours
2025-12-14 03:00:00+00:00,CAL,California,D,Demand,32184,megawatthours
2025-12-14 04:00:00+00:00,CAL,California,D,Demand,31793,megawatthours
2025-12-14 05:00:00+00:00,CAL,California,D,Demand,31421,megawatthours
2025-12-14 06:00:00+00:00,CAL,California,D,Demand,30960,megawatthours
2025-12-14 07:00:00+00:00,CAL,California,D,Demand,29900,megawatthours
2025-12-14 08:00:00+00:00,CAL,California,D,Demand,28380,megawatthours
2025-12-14 09:00:00+00:00,CAL,California,D,Demand,27612,megawatthours
2025-12-14 10:00:00+00:00,CAL,California,D,Demand,26483,megawatthours
2025-12-14 11:00:00+00:00,CAL,California,D,Demand,25784,megawatthours
2025-12-14 12:00:00+00:00,CAL,California,D,Demand,25125,megawatthours
2025-12-14 13:00:00+00:00,CAL,California,D,Demand,24865,megawatthours
2025-12-14 14:00:00+00:00,CAL,California,D,Demand,25238,megawatthours
2025-12-14 15:00:00+00:00,CAL,California,D,Demand,26085,megawatthours
2025-12-14 16:00:00+00:00,CAL,California,D,Demand,27067,megawatthours
2025-12-14 17:00:00+00:00,CAL,California,D,Demand,29141,megawatthours
2025-12-14 18:00:00+00:00,CAL,California,D,Demand,31379,megawatthours
2025-12-14 19:00:00+00:00,CAL,California,D,Demand,32565,megawatthours
2025-12-14 20:00:00+00:00,CAL,California,D,Demand,32567,megawatthours
2025-12-14 21:00:00+00:00,CAL,California,D,Demand,32649,megawatthours
2025-12-14 22:00:00+00:00,CAL,California,D,Demand,33035,megawatthours
2025-12-14 23:00:00+00:00,CAL,California,D,Demand,32392,megawatthours
2025-12-15 00:00:00+00:00,CAL,California,D,Demand,30300,megawatthours
2025-12-15 01:00:00+00:00,CAL,California,D,Demand,30866,megawatthours
2025-12-15 02:00:00+00:00,CAL,California,D,Demand,32881,megawatthours
2025-12-15 03:00:00+00:00,CAL,California,D,Demand,32898,megawatthours
2025-12-15 04:00:00+00:00,CAL,California,D,Demand,32643,megawatthours
2025-12-15 05:00:00+00:00,CAL,California,D,Demand,32281,megawatthours
2025-12-15 06:00:00+00:00,CAL,California,D,Demand,31499,megawatthours
2025-12-15 07:00:00+00:00,CAL,California,D,Demand,30227,megawatthours
2025-12-15 08:00:00+00:00,CAL,California,D,Demand,28389,megawatthours
2025-12-15 09:00:00+00:00,CAL,California,D,Demand,27435,megawatthours
2025-12-15 10:00:00+00:00,CAL,California,D,Demand,26598,megawatthours
2025-12-15 11:00:00+00:00,CAL,California,D,Demand,26520,megawatthours
2025-12-15 12:00:00+00:00,CAL,California,D,Demand,26126,megawatthours
2025-12-15 13:00:00+00:00,CAL,California,D,Demand,26588,megawatthours
2025-12-15 14:00:00+00:00,CAL,California,D,Demand,28116,megawatthours
2025-12-15 15:00:00+00:00,CAL,California,D,Demand,30640,megawatthours
2025-12-15 16:00:00+00:00,CAL,California,D,Demand,32761,megawatthours
2025-12-15 17:00:00+00:00,CAL,California,D,Demand,35245,megawatthours
2025-12-15 18:00:00+00:00,CAL,California,D,Demand,36175,megawatthours
2025-12-15 19:00:00+00:00,CAL,California,D,Demand,36342,megawatthours
2025-12-15 20:00:00+00:00,CAL,California,D,Demand,35871,megawatthours
2025-12-15 21:00:00+00:00,CAL,California,D,Demand,36411,megawatthours
2025-12-15 22:00:00+00:00,CAL,California,D,Demand,35873,megawatthours
2025-12-15 23:00:00+00:00,CAL,California,D,Demand,35627,megawatthours
2025-12-16 00:00:00+00:00,CAL,California,D,Demand,33042,megawatthours
2025-12-16 01:00:00+00:00,CAL,California,D,Demand,34065,megawatthours
2025-12-16 02:00:00+00:00,CAL,California,D,Demand,35616,megawatthours
2025-12-16 03:00:00+00:00,CAL,California,D,Demand,35419,megawatthours
2025-12-16 04:00:00+00:00,CAL,California,D,Demand,34957,megawatthours
2025-12-16 05:00:00+00:00,CAL,California,D,Demand,34308,megawatthours
2025-12-16 06:00:00+00:00,CAL,California,D,Demand,33429,megawatthours
2025-12-16 07:00:00+00:00,CAL,California,D,Demand,31511,megawatthours
2025-12-16 08:00:00+00:00,CAL,California,D,Demand,29743,megawatthours
2025-12-16 09:00:00+00:00,CAL,California,D,Demand,28754,megawatthours
2025-12-16 10:00:00+00:00,CAL,California,D,Demand,27508,megawatthours
2025-12-16 11:00:00+00:00,CAL,California,D,Demand,27059,megawatthours
2025-12-16 12:00:00+00:00,CAL,California,D,Demand,26739,megawatthours
2025-12-16 13:00:00+00:00,CAL,California,D,Demand,26744,megawatthours
2025-12-16 14:00:00+00:00,CAL,California,D,Demand,28201,megawatthours
2025-12-16 15:00:00+00:00,CAL,California,D,Demand,30759,megawatthours
2025-12-16 16:00:00+00:00,CAL,California,D,Demand,32727,megawatthours
2025-12-16 17:00:00+00:00,CAL,California,D,Demand,35035,megawatthours
2025-12-16 18:00:00+00:00,CAL,California,D,Demand,36008,megawatthours
2025-12-16 19:00:00+00:00,CAL,California,D,Demand,36157,megawatthours
2025-12-16 20:00:00+00:00,CAL,California,D,Demand,36492,megawatthours
2025-12-16 21:00:00+00:00,CAL,California,D,Demand,36133,megawatthours
2025-12-16 22:00:00+00:00,CAL,California,D,Demand,35614,megawatthours
2025-12-16 23:00:00+00:00,CAL,California,D,Demand,34136,megawatthours
2025-12-17 00:00:00+00:00,CAL,California,D,Demand,32071,megawatthours
2025-12-17 01:00:00+00:00,CAL,California,D,Demand,32998,megawatthours
2025-12-17 02:00:00+00:00,CAL,California,D,Demand,34888,megawatthours
2025-12-17 03:00:00+00:00,CAL,California,D,Demand,34712,megawatthours
2025-12-17 04:00:00+00:00,CAL,California,D,Demand,34050,megawatthours
2025-12-17 05:00:00+00:00,CAL,California,D,Demand,33413,megawatthours
2025-12-17 06:00:00+00:00,CAL,California,D,Demand,32595,megawatthours
2025-12-17 07:00:00+00:00,CAL,California,D,Demand,30948,megawatthours
2025-12-17 08:00:00+00:00,CAL,California,D,Demand,28894,megawatthours
2025-12-17 09:00:00+00:00,CAL,California,D,Demand,27761,megawatthours
2025-12-17 10:00:00+00:00,CAL,California,D,Demand,26706,megawatthours
2025-12-17 11:00:00+00:00,CAL,California,D,Demand,26330,megawatthours
2025-12-17 12:00:00+00:00,CAL,California,D,Demand,25851,megawatthours
2025-12-17 13:00:00+00:00,CAL,California,D,Demand,25764,megawatthours
2025-12-17 14:00:00+00:00,CAL,California,D,Demand,27509,megawatthours
2025-12-17 15:00:00+00:00,CAL,California,D,Demand,30081,megawatthours
2025-12-17 16:00:00+00:00,CAL,California,D,Demand,31825,megawatthours
2025-12-17 17:00:00+00:00,CAL,California,D,Demand,34412,megawatthours
2025-12-17 18:00:00+00:00,CAL,California,D,Demand,35784,megawatthours
2025-12-17 19:00:00+00:00,CAL,California,D,Demand,35685,megawatthours
2025-12-17 20:00:00+00:00,CAL,California,D,Demand,35888,megawatthours
2025-12-17 21:00:00+00:00,CAL,California,D,Demand,35578,megawatthours
2025-12-17 22:00:00+00:00,CAL,California,D,Demand,35227,megawatthours
2025-12-17 23:00:00+00:00,CAL,California,D,Demand,33812,megawatthours
2025-12-18 00:00:00+00:00,CAL,California,D,Demand,31720,megawatthours
2025-12-18 01:00:00+00:00,CAL,California,D,Demand,32279,megawatthours
2025-12-18 02:00:00+00:00,CAL,California,D,Demand,34333,megawatthours
2025-12-18 03:00:00+00:00,CAL,California,D,Demand,33816,megawatthours
2025-12-18 04:00:00+00:00,CAL,California,D,Demand,33238,megawatthours
2025-12-18 05:00:00+00:00,CAL,California,D,Demand,32853,megawatthours
2025-12-18 06:00:00+00:00,CAL,California,D,Demand,32069,megawatthours
2025-12-18 07:00:00+00:00,CAL,California,D,Demand,30330,megawatthours
2025-12-18 08:00:00+00:00,CAL,California,D,Demand,28444,megawatthours
2025-12-18 09:00:00+00:00,CAL,California,D,Demand,27914,megawatthours
2025-12-18 10:00:00+00:00,CAL,California,D,Demand,26544,megawatthours
2025-12-18 11:00:00+00:00,CAL,California,D,Demand,26022,megawatthours
2025-12-18 12:00:00+00:00,CAL,California,D,Demand,25426,megawatthours
2025-12-18 13:00:00+00:00,CAL,California,D,Demand,25788,megawatthours
2025-12-18 14:00:00+00:00,CAL,California,D,Demand,27158,megawatthours
2025-12-18 15:00:00+00:00,CAL,California,D,Demand,29788,megawatthours
2025-12-18 16:00:00+00:00,CAL,California,D,Demand,31194,megawatthours
2025-12-18 17:00:00+00:00,CAL,California,D,Demand,32109,megawatthours
2025-12-18 18:00:00+00:00,CAL,California,D,Demand,32841,megawatthours
2025-12-18 19:00:00+00:00,CAL,California,D,Demand,32468,megawatthours
2025-12-18 20:00:00+00:00,CAL,California,D,Demand,33077,megawatthours
2025-12-18 21:00:00+00:00,CAL,California,D,Demand,33356,megawatthours
2025-12-18 22:00:00+00:00,CAL,California,D,Demand,34001,megawatthours
2025-12-18 23:00:00+00:00,CAL,California,D,Demand,34053,megawatthours
2025-12-19 00:00:00+00:00,CAL,California,D,Demand,31842,megawatthours
2025-12-19 01:00:00+00:00,CAL,California,D,Demand,32665,megawatthours
2025-12-19 02:00:00+00:00,CAL,California,D,Demand,33743,megawatthours
2025-12-19 03:00:00+00:00,CAL,California,D,Demand,33249,megawatthours
2025-12-19 04:00:00+00:00,CAL,California,D,Demand,32548,megawatthours
2025-12-19 05:00:00+00:00,CAL,California,D,Demand,31905,megawatthours
2025-12-19 06:00:00+00:00,CAL,California,D,Demand,31222,megawatthours
2025-12-19 07:00:00+00:00,CAL,California,D,Demand,30000,megawatthours
2025-12-19 08:00:00+00:00,CAL,California,D,Demand,28732,megawatthours
2025-12-19 09:00:00+00:00,CAL,California,D,Demand,28282,megawatthours
2025-12-19 10:00:00+00:00,CAL,California,D,Demand,27748,megawatthours
2025-12-19 11:00:00+00:00,CAL,California,D,Demand,27105,megawatthours
2025-12-19 12:00:00+00:00,CAL,California,D,Demand,26902,megawatthours
2025-12-19 13:00:00+00:00,CAL,California,D,Demand,26763,megawatthours
2025-12-19 14:00:00+00:00,CAL,California,D,Demand,27219,megawatthours
2025-12-19 15:00:00+00:00,CAL,California,D,Demand,29446,megawatthours
2025-12-19 16:00:00+00:00,CAL,California,D,Demand,31034,megawatthours
2025-12-19 17:00:00+00:00,CAL,California,D,Demand,32628,megawatthours
2025-12-19 18:00:00+00:00,CAL,California,D,Demand,34028,megawatthours
2025-12-19 19:00:00+00:00,CAL,California,D,Demand,33439,megawatthours
2025-12-19 20:00:00+00:00,CAL,California,D,Demand,34086,megawatthours
2025-12-19 21:00:00+00:00,CAL,California,D,Demand,34992,megawatthours
2025-12-19 22:00:00+00:00,CAL,California,D,Demand,35350,megawatthours
2025-12-19 23:00:00+00:00,CAL,California,D,Demand,35321,megawatthours
2025-12-20 00:00:00+00:00,CAL,California,D,Demand,32294,megawatthours
2025-12-20 01:00:00+00:00,CAL,California,D,Demand,32249,megawatthours
2025-12-20 02:00:00+00:00,CAL,California,D,Demand,33487,megawatthours
2025-12-20 03:00:00+00:00,CAL,California,D,Demand,32914,megawatthours
2025-12-20 04:00:00+00:00,CAL,California,D,Demand,32007,megawatthours
2025-12-20 05:00:00+00:00,CAL,California,D,Demand,31477,megawatthours
2025-12-20 06:00:00+00:00,CAL,California,D,Demand,30835,megawatthours
2025-12-20 07:00:00+00:00,CAL,California,D,Demand,29511,megawatthours
2025-12-20 08:00:00+00:00,CAL,California,D,Demand,27787,megawatthours
2025-12-20 09:00:00+00:00,CAL,California,D,Demand,27293,megawatthours
2025-12-20 10:00:00+00:00,CAL,California,D,Demand,26179,megawatthours
2025-12-20 11:00:00+00:00,CAL,California,D,Demand,25388,megawatthours
2025-12-20 12:00:00+00:00,CAL,California,D,Demand,24581,megawatthours
2025-12-20 13:00:00+00:00,CAL,California,D,Demand,24503,megawatthours
2025-12-20 14:00:00+00:00,CAL,California,D,Demand,24844,megawatthours
2025-12-20 15:00:00+00:00,CAL,California,D,Demand,26160,megawatthours
2025-12-20 16:00:00+00:00,CAL,California,D,Demand,27698,megawatthours
2025-12-20 17:00:00+00:00,CAL,California,D,Demand,30525,megawatthours
2025-12-20 18:00:00+00:00,CAL,California,D,Demand,32881,megawatthours
2025-12-20 19:00:00+00:00,CAL,California,D,Demand,32956,megawatthours
2025-12-20 20:00:00+00:00,CAL,California,D,Demand,32939,megawatthours
2025-12-20 21:00:00+00:00,CAL,California,D,Demand,30125,megawatthours
2025-12-20 22:00:00+00:00,CAL,California,D,Demand,28883,megawatthours
2025-12-20 23:00:00+00:00,CAL,California,D,Demand,28040,megawatthours
2025-12-21 00:00:00+00:00,CAL,California,D,Demand,26135,megawatthours
2025-12-21 01:00:00+00:00,CAL,California,D,Demand,27128,megawatthours
2025-12-21 02:00:00+00:00,CAL,California,D,Demand,28576,megawatthours
2025-12-21 03:00:00+00:00,CAL,California,D,Demand,28017,megawatthours
2025-12-21 04:00:00+00:00,CAL,California,D,Demand,27490,megawatthours
2025-12-21 05:00:00+00:00,CAL,California,D,Demand,27311,megawatthours
2025-12-21 06:00:00+00:00,CAL,California,D,Demand,26836,megawatthours
2025-12-21 07:00:00+00:00,CAL,California,D,Demand,25930,megawatthours
2025-12-21 08:00:00+00:00,CAL,California,D,Demand,24682,megawatthours
2025-12-21 09:00:00+00:00,CAL,California,D,Demand,24116,megawatthours
2025-12-21 10:00:00+00:00,CAL,California,D,Demand,22901,megawatthours
2025-12-21 11:00:00+00:00,CAL,California,D,Demand,22085,megawatthours
2025-12-21 12:00:00+00:00,CAL,California,D,Demand,21612,megawatthours
2025-12-21 13:00:00+00:00,CAL,California,D,Demand,21373,megawatthours
2025-12-21 14:00:00+00:00,CAL,California,D,Demand,21646,megawatthours
2025-12-21 15:00:00+00:00,CAL,California,D,Demand,22734,megawatthours
2025-12-21 16:00:00+00:00,CAL,California,D,Demand,24380,megawatthours
2025-12-21 17:00:00+00:00,CAL,California,D,Demand,27017,megawatthours
2025-12-21 18:00:00+00:00,CAL,California,D,Demand,28383,megawatthours
2025-12-21 19:00:00+00:00,CAL,California,D,Demand,28598,megawatthours
2025-12-21 20:00:00+00:00,CAL,California,D,Demand,28289,megawatthours
2025-12-21 21:00:00+00:00,CAL,California,D,Demand,28393,megawatthours
2025-12-21 22:00:00+00:00,CAL,California,D,Demand,27646,megawatthours
2025-12-21 23:00:00+00:00,CAL,California,D,Demand,26799,megawatthours
2025-12-22 00:00:00+00:00,CAL,California,D,Demand,25768,megawatthours
2025-12-22 01:00:00+00:00,CAL,California,D,Demand,26818,megawatthours
2025-12-22 02:00:00+00:00,CAL,California,D,Demand,28508,megawatthours
2025-12-22 03:00:00+00:00,CAL,California,D,Demand,28211,megawatthours
2025-12-22 04:00:00+00:00,CAL,California,D,Demand,27881,megawatthours
2025-12-22 05:00:00+00:00,CAL,California,D,Demand,27392,megawatthours
2025-12-22 06:00:00+00:00,CAL,California,D,Demand,26737,megawatthours
2025-12-22 07:00:00+00:00,CAL,California,D,Demand,25713,megawatthours
2025-12-22 08:00:00+00:00,CAL,California,D,Demand,24535,megawatthours
2025-12-22 09:00:00+00:00,CAL,California,D,Demand,26977,megawatthours
2025-12-22 10:00:00+00:00,CAL,California,D,Demand,25980,megawatthours
2025-12-22 11:00:00+00:00,CAL,California,D,Demand,25873,megawatthours
2025-12-22 12:00:00+00:00,CAL,California,D,Demand,25491,megawatthours
2025-12-22 13:00:00+00:00,CAL,California,D,Demand,25153,megawatthours
2025-12-22 14:00:00+00:00,CAL,California,D,Demand,26043,megawatthours
2025-12-22 15:00:00+00:00,CAL,California,D,Demand,27925,megawatthours
2025-12-22 16:00:00+00:00,CAL,California,D,Demand,29173,megawatthours
2025-12-22 17:00:00+00:00,CAL,California,D,Demand,31664,megawatthours
2025-12-22 18:00:00+00:00,CAL,California,D,Demand,33786,megawatthours
2025-12-22 19:00:00+00:00,CAL,California,D,Demand,33860,megawatthours
2025-12-22 20:00:00+00:00,CAL,California,D,Demand,32938,megawatthours
2025-12-22 21:00:00+00:00,CAL,California,D,Demand,32814,megawatthours
2025-12-22 22:00:00+00:00,CAL,California,D,Demand,32665,megawatthours
2025-12-22 23:00:00+00:00,CAL,California,D,Demand,31925,megawatthours
2025-12-23 00:00:00+00:00,CAL,California,D,Demand,31041,megawatthours
2025-12-23 01:00:00+00:00,CAL,California,D,Demand,31709,megawatthours
2025-12-23 02:00:00+00:00,CAL,California,D,Demand,33309,megawatthours
2025-12-23 03:00:00+00:00,CAL,California,D,Demand,32837,megawatthours
2025-12-23 04:00:00+00:00,CAL,California,D,Demand,32256,megawatthours
2025-12-23 05:00:00+00:00,CAL,California,D,Demand,31663,megawatthours
2025-12-23 06:00:00+00:00,CAL,California,D,Demand,30874,megawatthours
2025-12-23 07:00:00+00:00,CAL,California,D,Demand,29493,megawatthours
2025-12-23 08:00:00+00:00,CAL,California,D,Demand,28213,megawatthours
2025-12-23 09:00:00+00:00,CAL,California,D,Demand,27476,megawatthours
2025-12-23 10:00:00+00:00,CAL,California,D,Demand,26800,megawatthours
2025-12-23 11:00:00+00:00,CAL,California,D,Demand,26448,megawatthours
2025-12-23 12:00:00+00:00,CAL,California,D,Demand,25810,megawatthours
2025-12-23 13:00:00+00:00,CAL,California,D,Demand,25795,megawatthours
2025-12-23 14:00:00+00:00,CAL,California,D,Demand,26551,megawatthours
2025-12-23 15:00:00+00:00,CAL,California,D,Demand,27991,megawatthours
2025-12-23 16:00:00+00:00,CAL,California,D,Demand,29707,megawatthours
2025-12-23 17:00:00+00:00,CAL,California,D,Demand,31051,megawatthours
2025-12-23 18:00:00+00:00,CAL,California,D,Demand,31980,megawatthours
2025-12-23 19:00:00+00:00,CAL,California,D,Demand,33315,megawatthours
2025-12-23 20:00:00+00:00,CAL,California,D,Demand,33407,megawatthours
2025-12-23 21:00:00+00:00,CAL,California,D,Demand,32828,megawatthours
2025-12-23 22:00:00+00:00,CAL,California,D,Demand,32287,megawatthours
2025-12-23 23:00:00+00:00,CAL,California,D,Demand,31762,megawatthours
2025-12-24 00:00:00+00:00,CAL,California,D,Demand,31255,megawatthours
2025-12-24 01:00:00+00:00,CAL,California,D,Demand,32372,megawatthours
2025-12-24 02:00:00+00:00,CAL,California,D,Demand,33346,megawatthours
2025-12-24 03:00:00+00:00,CAL,California,D,Demand,32715,megawatthours
2025-12-24 04:00:00+00:00,CAL,California,D,Demand,32046,megawatthours
2025-12-24 05:00:00+00:00,CAL,California,D,Demand,31420,megawatthours
2025-12-24 06:00:00+00:00,CAL,California,D,Demand,30872,megawatthours
2025-12-24 07:00:00+00:00,CAL,California,D,Demand,29828,megawatthours
2025-12-24 08:00:00+00:00,CAL,California,D,Demand,28628,megawatthours
2025-12-24 09:00:00+00:00,CAL,California,D,Demand,27988,megawatthours
2025-12-24 10:00:00+00:00,CAL,California,D,Demand,27393,megawatthours
2025-12-24 11:00:00+00:00,CAL,California,D,Demand,26613,megawatthours
2025-12-24 12:00:00+00:00,CAL,California,D,Demand,26378,megawatthours
2025-12-24 13:00:00+00:00,CAL,California,D,Demand,25891,megawatthours
2025-12-24 14:00:00+00:00,CAL,California,D,Demand,25917,megawatthours
2025-12-24 15:00:00+00:00,CAL,California,D,Demand,26877,megawatthours
2025-12-24 16:00:00+00:00,CAL,California,D,Demand,28038,megawatthours
2025-12-24 17:00:00+00:00,CAL,California,D,Demand,29148,megawatthours
2025-12-24 18:00:00+00:00,CAL,California,D,Demand,30137,megawatthours
2025-12-24 19:00:00+00:00,CAL,California,D,Demand,31068,megawatthours
2025-12-24 20:00:00+00:00,CAL,California,D,Demand,31170,megawatthours
2025-12-24 21:00:00+00:00,CAL,California,D,Demand,30940,megawatthours
2025-12-24 22:00:00+00:00,CAL,California,D,Demand,30440,megawatthours
2025-12-24 23:00:00+00:00,CAL,California,D,Demand,29772,megawatthours
2025-12-25 00:00:00+00:00,CAL,California,D,Demand,29740,megawatthours
2025-12-25 01:00:00+00:00,CAL,California,D,Demand,31024,megawatthours
2025-12-25 02:00:00+00:00,CAL,California,D,Demand,31346,megawatthours
2025-12-25 03:00:00+00:00,CAL,California,D,Demand,30584,megawatthours
2025-12-25 04:00:00+00:00,CAL,California,D,Demand,29547,megawatthours
2025-12-25 05:00:00+00:00,CAL,California,D,Demand,29134,megawatthours
2025-12-25 06:00:00+00:00,CAL,California,D,Demand,28463,megawatthours
2025-12-25 07:00:00+00:00,CAL,California,D,Demand,28004,megawatthours
2025-12-25 08:00:00+00:00,CAL,California,D,Demand,27563,megawatthours
2025-12-25 09:00:00+00:00,CAL,California,D,Demand,26283,megawatthours
2025-12-25 10:00:00+00:00,CAL,California,D,Demand,25918,megawatthours
2025-12-25 11:00:00+00:00,CAL,California,D,Demand,25705,megawatthours
2025-12-25 12:00:00+00:00,CAL,California,D,Demand,24856,megawatthours
2025-12-25 13:00:00+00:00,CAL,California,D,Demand,24711,megawatthours
2025-12-25 14:00:00+00:00,CAL,California,D,Demand,24513,megawatthours
2025-12-25 15:00:00+00:00,CAL,California,D,Demand,24484,megawatthours
2025-12-25 16:00:00+00:00,CAL,California,D,Demand,25046,megawatthours
2025-12-25 17:00:00+00:00,CAL,California,D,Demand,27612,megawatthours
2025-12-25 18:00:00+00:00,CAL,California,D,Demand,28980,megawatthours
2025-12-25 19:00:00+00:00,CAL,California,D,Demand,29001,megawatthours
2025-12-25 20:00:00+00:00,CAL,California,D,Demand,27730,megawatthours
2025-12-25 21:00:00+00:00,CAL,California,D,Demand,27963,megawatthours
2025-12-25 22:00:00+00:00,CAL,California,D,Demand,27677,megawatthours
2025-12-25 23:00:00+00:00,CAL,California,D,Demand,27369,megawatthours
2025-12-26 00:00:00+00:00,CAL,California,D,Demand,26738,megawatthours
2025-12-26 01:00:00+00:00,CAL,California,D,Demand,27287,megawatthours
2025-12-26 02:00:00+00:00,CAL,California,D,Demand,28362,megawatthours
2025-12-26 03:00:00+00:00,CAL,California,D,Demand,27863,megawatthours
2025-12-26 04:00:00+00:00,CAL,California,D,Demand,27312,megawatthours
2025-12-26 05:00:00+00:00,CAL,California,D,Demand,26808,megawatthours
2025-12-26 06:00:00+00:00,CAL,California,D,Demand,26564,megawatthours
2025-12-26 07:00:00+00:00,CAL,California,D,Demand,25847,megawatthours
2025-12-26 08:00:00+00:00,CAL,California,D,Demand,24882,megawatthours
2025-12-26 09:00:00+00:00,CAL,California,D,Demand,24950,megawatthours
2025-12-26 10:00:00+00:00,CAL,California,D,Demand,24234,megawatthours
2025-12-26 11:00:00+00:00,CAL,California,D,Demand,23773,megawatthours
2025-12-26 12:00:00+00:00,CAL,California,D,Demand,23393,megawatthours
2025-12-26 13:00:00+00:00,CAL,California,D,Demand,23019,megawatthours
2025-12-26 14:00:00+00:00,CAL,California,D,Demand,24023,megawatthours
2025-12-26 15:00:00+00:00,CAL,California,D,Demand,25015,megawatthours
2025-12-26 16:00:00+00:00,CAL,California,D,Demand,25703,megawatthours
2025-12-26 17:00:00+00:00,CAL,California,D,Demand,27681,megawatthours
2025-12-26 18:00:00+00:00,CAL,California,D,Demand,27829,megawatthours
2025-12-26 19:00:00+00:00,CAL,California,D,Demand,28082,megawatthours
2025-12-26 20:00:00+00:00,CAL,California,D,Demand,28484,megawatthours
2025-12-26 21:00:00+00:00,CAL,California,D,Demand,29232,megawatthours
2025-12-26 22:00:00+00:00,CAL,California,D,Demand,30058,megawatthours
2025-12-26 23:00:00+00:00,CAL,California,D,Demand,29463,megawatthours
2025-12-27 00:00:00+00:00,CAL,California,D,Demand,29267,megawatthours
2025-12-27 01:00:00+00:00,CAL,California,D,Demand,30359,megawatthours
2025-12-27 02:00:00+00:00,CAL,California,D,Demand,31801,megawatthours
2025-12-27 03:00:00+00:00,CAL,California,D,Demand,31575,megawatthours
2025-12-27 04:00:00+00:00,CAL,California,D,Demand,30800,megawatthours
2025-12-27 05:00:00+00:00,CAL,California,D,Demand,30475,megawatthours
2025-12-27 06:00:00+00:00,CAL,California,D,Demand,29833,megawatthours
2025-12-27 07:00:00+00:00,CAL,California,D,Demand,28596,megawatthours
2025-12-27 08:00:00+00:00,CAL,California,D,Demand,27299,megawatthours
2025-12-27 09:00:00+00:00,CAL,California,D,Demand,26216,megawatthours
2025-12-27 10:00:00+00:00,CAL,California,D,Demand,25069,megawatthours
2025-12-27 11:00:00+00:00,CAL,California,D,Demand,24214,megawatthours
2025-12-27 12:00:00+00:00,CAL,California,D,Demand,23938,megawatthours
2025-12-27 13:00:00+00:00,CAL,California,D,Demand,23962,megawatthours
2025-12-27 14:00:00+00:00,CAL,California,D,Demand,24398,megawatthours
2025-12-27 15:00:00+00:00,CAL,California,D,Demand,25878,megawatthours
2025-12-27 16:00:00+00:00,CAL,California,D,Demand,26556,megawatthours
2025-12-27 17:00:00+00:00,CAL,California,D,Demand,27738,megawatthours
2025-12-27 18:00:00+00:00,CAL,California,D,Demand,28919,megawatthours
2025-12-27 19:00:00+00:00,CAL,California,D,Demand,30161,megawatthours
2025-12-27 20:00:00+00:00,CAL,California,D,Demand,30181,megawatthours
2025-12-27 21:00:00+00:00,CAL,California,D,Demand,29605,megawatthours
2025-12-27 22:00:00+00:00,CAL,California,D,Demand,29734,megawatthours
2025-12-27 23:00:00+00:00,CAL,California,D,Demand,28847,megawatthours
2025-12-28 00:00:00+00:00,CAL,California,D,Demand,26862,megawatthours
2025-12-28 01:00:00+00:00,CAL,California,D,Demand,27654,megawatthours
2025-12-28 02:00:00+00:00,CAL,California,D,Demand,30173,megawatthours
2025-12-28 03:00:00+00:00,CAL,California,D,Demand,30494,megawatthours
2025-12-28 04:00:00+00:00,CAL,California,D,Demand,30173,megawatthours
2025-12-28 05:00:00+00:00,CAL,California,D,Demand,29817,megawatthours
2025-12-28 06:00:00+00:00,CAL,California,D,Demand,29536,megawatthours
2025-12-28 07:00:00+00:00,CAL,California,D,Demand,28260,megawatthours
2025-12-28 08:00:00+00:00,CAL,California,D,Demand,26878,megawatthours
2025-12-28 09:00:00+00:00,CAL,California,D,Demand,26308,megawatthours
2025-12-28 10:00:00+00:00,CAL,California,D,Demand,25293,megawatthours
2025-12-28 11:00:00+00:00,CAL,California,D,Demand,24692,megawatthours
2025-12-28 12:00:00+00:00,CAL,California,D,Demand,24115,megawatthours
2025-12-28 13:00:00+00:00,CAL,California,D,Demand,24143,megawatthours
2025-12-28 14:00:00+00:00,CAL,California,D,Demand,24622,megawatthours
2025-12-28 15:00:00+00:00,CAL,California,D,Demand,25715,megawatthours
2025-12-28 16:00:00+00:00,CAL,California,D,Demand,26733,megawatthours
2025-12-28 17:00:00+00:00,CAL,California,D,Demand,27953,megawatthours
2025-12-28 18:00:00+00:00,CAL,California,D,Demand,29239,megawatthours
2025-12-28 19:00:00+00:00,CAL,California,D,Demand,29549,megawatthours
2025-12-28 20:00:00+00:00,CAL,California,D,Demand,29740,megawatthours
2025-12-28 21:00:00+00:00,CAL,California,D,Demand,29729,megawatthours
2025-12-28 22:00:00+00:00,CAL,California,D,Demand,29834,megawatthours
2025-12-28 23:00:00+00:00,CAL,California,D,Demand,29289,megawatthours
2025-12-29 00:00:00+00:00,CAL,California,D,Demand,27434,megawatthours
2025-12-29 01:00:00+00:00,CAL,California,D,Demand,28321,megawatthours
2025-12-29 02:00:00+00:00,CAL,California,D,Demand,30774,megawatthours
2025-12-29 03:00:00+00:00,CAL,California,D,Demand,30807,megawatthours
2025-12-29 04:00:00+00:00,CAL,California,D,Demand,30535,megawatthours
2025-12-29 05:00:00+00:00,CAL,California,D,Demand,30225,megawatthours
2025-12-29 06:00:00+00:00,CAL,California,D,Demand,30002,megawatthours
2025-12-29 07:00:00+00:00,CAL,California,D,Demand,28596,megawatthours
2025-12-29 08:00:00+00:00,CAL,California,D,Demand,27102,megawatthours
2025-12-29 09:00:00+00:00,CAL,California,D,Demand,25953,megawatthours
2025-12-29 10:00:00+00:00,CAL,California,D,Demand,24948,megawatthours
2025-12-29 11:00:00+00:00,CAL,California,D,Demand,24500,megawatthours
2025-12-29 12:00:00+00:00,CAL,California,D,Demand,24471,megawatthours
2025-12-29 13:00:00+00:00,CAL,California,D,Demand,24889,megawatthours
2025-12-29 14:00:00+00:00,CAL,California,D,Demand,26210,megawatthours
2025-12-29 15:00:00+00:00,CAL,California,D,Demand,28370,megawatthours
2025-12-29 16:00:00+00:00,CAL,California,D,Demand,30026,megawatthours
2025-12-29 17:00:00+00:00,CAL,California,D,Demand,31212,megawatthours
2025-12-29 18:00:00+00:00,CAL,California,D,Demand,31603,megawatthours
2025-12-29 19:00:00+00:00,CAL,California,D,Demand,31983,megawatthours
2025-12-29 20:00:00+00:00,CAL,California,D,Demand,31985,megawatthours
2025-12-29 21:00:00+00:00,CAL,California,D,Demand,31853,megawatthours
2025-12-29 22:00:00+00:00,CAL,California,D,Demand,31696,megawatthours
2025-12-29 23:00:00+00:00,CAL,California,D,Demand,30980,megawatthours
2025-12-30 00:00:00+00:00,CAL,California,D,Demand,28416,megawatthours
2025-12-30 01:00:00+00:00,CAL,California,D,Demand,29956,megawatthours
2025-12-30 02:00:00+00:00,CAL,California,D,Demand,32183,megawatthours
2025-12-30 03:00:00+00:00,CAL,California,D,Demand,32123,megawatthours
2025-12-30 04:00:00+00:00,CAL,California,D,Demand,31757,megawatthours
2025-12-30 05:00:00+00:00,CAL,California,D,Demand,31125,megawatthours
2025-12-30 06:00:00+00:00,CAL,California,D,Demand,30436,megawatthours
2025-12-30 07:00:00+00:00,CAL,California,D,Demand,29101,megawatthours
2025-12-30 08:00:00+00:00,CAL,California,D,Demand,27518,megawatthours
2025-12-30 09:00:00+00:00,CAL,California,D,Demand,27450,megawatthours
2025-12-30 10:00:00+00:00,CAL,California,D,Demand,26375,megawatthours
2025-12-30 11:00:00+00:00,CAL,California,D,Demand,26242,megawatthours
2025-12-30 12:00:00+00:00,CAL,California,D,Demand,25695,megawatthours
2025-12-30 13:00:00+00:00,CAL,California,D,Demand,25585,megawatthours
2025-12-30 14:00:00+00:00,CAL,California,D,Demand,27016,megawatthours
2025-12-30 15:00:00+00:00,CAL,California,D,Demand,28755,megawatthours
2025-12-30 16:00:00+00:00,CAL,California,D,Demand,30214,megawatthours
2025-12-30 17:00:00+00:00,CAL,California,D,Demand,31452,megawatthours
2025-12-30 18:00:00+00:00,CAL,California,D,Demand,32697,megawatthours
2025-12-30 19:00:00+00:00,CAL,California,D,Demand,33585,megawatthours
2025-12-30 20:00:00+00:00,CAL,California,D,Demand,33605,megawatthours
2025-12-30 21:00:00+00:00,CAL,California,D,Demand,32304,megawatthours
2025-12-30 22:00:00+00:00,CAL,California,D,Demand,31313,megawatthours
2025-12-30 23:00:00+00:00,CAL,California,D,Demand,28810,megawatthours
2025-12-31 00:00:00+00:00,CAL,California,D,Demand,28162,megawatthours
2025-12-31 01:00:00+00:00,CAL,California,D,Demand,29143,megawatthours
2025-12-31 02:00:00+00:00,CAL,California,D,Demand,30699,megawatthours
2025-12-31 03:00:00+00:00,CAL,California,D,Demand,30125,megawatthours
2025-12-31 04:00:00+00:00,CAL,California,D,Demand,29488,megawatthours
2025-12-31 05:00:00+00:00,CAL,California,D,Demand,29020,megawatthours
2025-12-31 06:00:00+00:00,CAL,California,D,Demand,28357,megawatthours
2025-12-31 07:00:00+00:00,CAL,California,D,Demand,26979,megawatthours
2025-12-31 08:00:00+00:00,CAL,California,D,Demand,25513,megawatthours
2025-12-31 09:00:00+00:00,CAL,California,D,Demand,27563,megawatthours
2025-12-31 10:00:00+00:00,CAL,California,D,Demand,26849,megawatthours
2025-12-31 11:00:00+00:00,CAL,California,D,Demand,26350,megawatthours
2025-12-31 12:00:00+00:00,CAL,California,D,Demand,26543,megawatthours
2025-12-31 13:00:00+00:00,CAL,California,D,Demand,26530,megawatthours
2025-12-31 14:00:00+00:00,CAL,California,D,Demand,26669,megawatthours
2025-12-31 15:00:00+00:00,CAL,California,D,Demand,27179,megawatthours
2025-12-31 16:00:00+00:00,CAL,California,D,Demand,28442,megawatthours
2025-12-31 17:00:00+00:00,CAL,California,D,Demand,29689,megawatthours
2025-12-31 18:00:00+00:00,CAL,California,D,Demand,30670,megawatthours
2025-12-31 19:00:00+00:00,CAL,California,D,Demand,31148,megawatthours
2025-12-31 20:00:00+00:00,CAL,California,D,Demand,31632,megawatthours
2025-12-31 21:00:00+00:00,CAL,California,D,Demand,31697,megawatthours
2025-12-31 22:00:00+00:00,CAL,California,D,Demand,31588,megawatthours
2025-12-31 23:00:00+00:00,CAL,California,D,Demand,31214,megawatthours
2026-01-01 00:00:00+00:00,CAL,California,D,Demand,31337,megawatthours
2026-01-01 01:00:00+00:00,CAL,California,D,Demand,32040,megawatthours
2026-01-01 02:00:00+00:00,CAL,California,D,Demand,32930,megawatthours
2026-01-01 03:00:00+00:00,CAL,California,D,Demand,32015,megawatthours
2026-01-01 04:00:00+00:00,CAL,California,D,Demand,30743,megawatthours
2026-01-01 05:00:00+00:00,CAL,California,D,Demand,29502,megawatthours
2026-01-01 06:00:00+00:00,CAL,California,D,Demand,28712,megawatthours
2026-01-01 07:00:00+00:00,CAL,California,D,Demand,27753,megawatthours
2026-01-01 08:00:00+00:00,CAL,California,D,Demand,26815,megawatthours
2026-01-01 09:00:00+00:00,CAL,California,D,Demand,23720,megawatthours
2026-01-01 10:00:00+00:00,CAL,California,D,Demand,23075,megawatthours
2026-01-01 11:00:00+00:00,CAL,California,D,Demand,22425,megawatthours
2026-01-01 12:00:00+00:00,CAL,California,D,Demand,22291,megawatthours
2026-01-01 13:00:00+00:00,CAL,California,D,Demand,22223,megawatthours
2026-01-01 14:00:00+00:00,CAL,California,D,Demand,22080,megawatthours
2026-01-01 15:00:00+00:00,CAL,California,D,Demand,22729,megawatthours
2026-01-01 16:00:00+00:00,CAL,California,D,Demand,22620,megawatthours
2026-01-01 17:00:00+00:00,CAL,California,D,Demand,23438,megawatthours
2026-01-01 18:00:00+00:00,CAL,California,D,Demand,24111,megawatthours
2026-01-01 19:00:00+00:00,CAL,California,D,Demand,24706,megawatthours
2026-01-01 20:00:00+00:00,CAL,California,D,Demand,26034,megawatthours
2026-01-01 21:00:00+00:00,CAL,California,D,Demand,26758,megawatthours
2026-01-01 22:00:00+00:00,CAL,California,D,Demand,27050,megawatthours
2026-01-01 23:00:00+00:00,CAL,California,D,Demand,27155,megawatthours
2026-01-02 00:00:00+00:00,CAL,California,D,Demand,25712,megawatthours
2026-01-02 01:00:00+00:00,CAL,California,D,Demand,25860,megawatthours
2026-01-02 02:00:00+00:00,CAL,California,D,Demand,27403,megawatthours
2026-01-02 03:00:00+00:00,CAL,California,D,Demand,27229,megawatthours
2026-01-02 04:00:00+00:00,CAL,California,D,Demand,26596,megawatthours
2026-01-02 05:00:00+00:00,CAL,California,D,Demand,26107,megawatthours
2026-01-02 06:00:00+00:00,CAL,California,D,Demand,25511,megawatthours
2026-01-02 07:00:00+00:00,CAL,California,D,Demand,24444,megawatthours
2026-01-02 08:00:00+00:00,CAL,California,D,Demand,23069,megawatthours
2026-01-02 09:00:00+00:00,CAL,California,D,Demand,23151,megawatthours
2026-01-02 10:00:00+00:00,CAL,California,D,Demand,22539,megawatthours
2026-01-02 11:00:00+00:00,CAL,California,D,Demand,22003,megawatthours
2026-01-02 12:00:00+00:00,CAL,California,D,Demand,21769,megawatthours
2026-01-02 13:00:00+00:00,CAL,California,D,Demand,21665,megawatthours
2026-01-02 14:00:00+00:00,CAL,California,D,Demand,22246,megawatthours
2026-01-02 15:00:00+00:00,CAL,California,D,Demand,23562,megawatthours
2026-01-02 16:00:00+00:00,CAL,California,D,Demand,24358,megawatthours
2026-01-02 17:00:00+00:00,CAL,California,D,Demand,25415,megawatthours
2026-01-02 18:00:00+00:00,CAL,California,D,Demand,26499,megawatthours
2026-01-02 19:00:00+00:00,CAL,California,D,Demand,27511,megawatthours
2026-01-02 20:00:00+00:00,CAL,California,D,Demand,28227,megawatthours
2026-01-02 21:00:00+00:00,CAL,California,D,Demand,28361,megawatthours
2026-01-02 22:00:00+00:00,CAL,California,D,Demand,29231,megawatthours
2026-01-02 23:00:00+00:00,CAL,California,D,Demand,28344,megawatthours
2026-01-03 00:00:00+00:00,CAL,California,D,Demand,27322,megawatthours
2026-01-03 01:00:00+00:00,CAL,California,D,Demand,27428,megawatthours
2026-01-03 02:00:00+00:00,CAL,California,D,Demand,28674,megawatthours
2026-01-03 03:00:00+00:00,CAL,California,D,Demand,28285,megawatthours
2026-01-03 04:00:00+00:00,CAL,California,D,Demand,27778,megawatthours
2026-01-03 05:00:00+00:00,CAL,California,D,Demand,27224,megawatthours
2026-01-03 06:00:00+00:00,CAL,California,D,Demand,26636,megawatthours
2026-01-03 07:00:00+00:00,CAL,California,D,Demand,25553,megawatthours
2026-01-03 08:00:00+00:00,CAL,California,D,Demand,24134,megawatthours
2026-01-03 09:00:00+00:00,CAL,California,D,Demand,23784,megawatthours
2026-01-03 10:00:00+00:00,CAL,California,D,Demand,22901,megawatthours
2026-01-03 11:00:00+00:00,CAL,California,D,Demand,22231,megawatthours
2026-01-03 12:00:00+00:00,CAL,California,D,Demand,22172,megawatthours
2026-01-03 13:00:00+00:00,CAL,California,D,Demand,22318,megawatthours
2026-01-03 14:00:00+00:00,CAL,California,D,Demand,22342,megawatthours
2026-01-03 15:00:00+00:00,CAL,California,D,Demand,22469,megawatthours
2026-01-03 16:00:00+00:00,CAL,California,D,Demand,23425,megawatthours
2026-01-03 17:00:00+00:00,CAL,California,D,Demand,23961,megawatthours
2026-01-03 18:00:00+00:00,CAL,California,D,Demand,25146,megawatthours
2026-01-03 19:00:00+00:00,CAL,California,D,Demand,25695,megawatthours
2026-01-03 20:00:00+00:00,CAL,California,D,Demand,26265,megawatthours
2026-01-03 21:00:00+00:00,CAL,California,D,Demand,26766,megawatthours
2026-01-03 22:00:00+00:00,CAL,California,D,Demand,26146,megawatthours
2026-01-03 23:00:00+00:00,CAL,California,D,Demand,25621,megawatthours
2026-01-04 00:00:00+00:00,CAL,California,D,Demand,25506,megawatthours
2026-01-04 01:00:00+00:00,CAL,California,D,Demand,26223,megawatthours
2026-01-04 02:00:00+00:00,CAL,California,D,Demand,27907,megawatthours
2026-01-04 03:00:00+00:00,CAL,California,D,Demand,27554,megawatthours
2026-01-04 04:00:00+00:00,CAL,California,D,Demand,27092,megawatthours
2026-01-04 05:00:00+00:00,CAL,California,D,Demand,26817,megawatthours
2026-01-04 06:00:00+00:00,CAL,California,D,Demand,26396,megawatthours
2026-01-04 07:00:00+00:00,CAL,California,D,Demand,25542,megawatthours
2026-01-04 08:00:00+00:00,CAL,California,D,Demand,24808,megawatthours
2026-01-04 09:00:00+00:00,CAL,California,D,Demand,24227,megawatthours
2026-01-04 10:00:00+00:00,CAL,California,D,Demand,23140,megawatthours
2026-01-04 11:00:00+00:00,CAL,California,D,Demand,22375,megawatthours
2026-01-04 12:00:00+00:00,CAL,California,D,Demand,22390,megawatthours
2026-01-04 13:00:00+00:00,CAL,California,D,Demand,22680,megawatthours
2026-01-04 14:00:00+00:00,CAL,California,D,Demand,22654,megawatthours
2026-01-04 15:00:00+00:00,CAL,California,D,Demand,23111,megawatthours
2026-01-04 16:00:00+00:00,CAL,California,D,Demand,24019,megawatthours
2026-01-04 17:00:00+00:00,CAL,California,D,Demand,26289,megawatthours
2026-01-04 18:00:00+00:00,CAL,California,D,Demand,27887,megawatthours
2026-01-04 19:00:00+00:00,CAL,California,D,Demand,29465,megawatthours
2026-01-04 20:00:00+00:00,CAL,California,D,Demand,29426,megawatthours
2026-01-04 21:00:00+00:00,CAL,California,D,Demand,29510,megawatthours
2026-01-04 22:00:00+00:00,CAL,California,D,Demand,29030,megawatthours
2026-01-04 23:00:00+00:00,CAL,California,D,Demand,27505,megawatthours
2026-01-05 00:00:00+00:00,CAL,California,D,Demand,26640,megawatthours
2026-01-05 01:00:00+00:00,CAL,California,D,Demand,27162,megawatthours
2026-01-05 02:00:00+00:00,CAL,California,D,Demand,29115,megawatthours
2026-01-05 03:00:00+00:00,CAL,California,D,Demand,28993,megawatthours
2026-01-05 04:00:00+00:00,CAL,California,D,Demand,28746,megawatthours
2026-01-05 05:00:00+00:00,CAL,California,D,Demand,28253,megawatthours
2026-01-05 06:00:00+00:00,CAL,California,D,Demand,27672,megawatthours
2026-01-05 07:00:00+00:00,CAL,California,D,Demand,25958,megawatthours
2026-01-05 08:00:00+00:00,CAL,California,D,Demand,24520,megawatthours
2026-01-05 09:00:00+00:00,CAL,California,D,Demand,27482,megawatthours
2026-01-05 10:00:00+00:00,CAL,California,D,Demand,26649,megawatthours
2026-01-05 11:00:00+00:00,CAL,California,D,Demand,26463,megawatthours
2026-01-05 12:00:00+00:00,CAL,California,D,Demand,26558,megawatthours
2026-01-05 13:00:00+00:00,CAL,California,D,Demand,26371,megawatthours
2026-01-05 14:00:00+00:00,CAL,California,D,Demand,27298,megawatthours
2026-01-05 15:00:00+00:00,CAL,California,D,Demand,28518,megawatthours
2026-01-05 16:00:00+00:00,CAL,California,D,Demand,30188,megawatthours
2026-01-05 17:00:00+00:00,CAL,California,D,Demand,32656,megawatthours
2026-01-05 18:00:00+00:00,CAL,California,D,Demand,34349,megawatthours
2026-01-05 19:00:00+00:00,CAL,California,D,Demand,33468,megawatthours
2026-01-05 20:00:00+00:00,CAL,California,D,Demand,33333,megawatthours
2026-01-05 21:00:00+00:00,CAL,California,D,Demand,33187,megawatthours
2026-01-05 22:00:00+00:00,CAL,California,D,Demand,31944,megawatthours
2026-01-05 23:00:00+00:00,CAL,California,D,Demand,31357,megawatthours
2026-01-06 00:00:00+00:00,CAL,California,D,Demand,30872,megawatthours
2026-01-06 01:00:00+00:00,CAL,California,D,Demand,31968,megawatthours
2026-01-06 02:00:00+00:00,CAL,California,D,Demand,33553,megawatthours
2026-01-06 03:00:00+00:00,CAL,California,D,Demand,33422,megawatthours
2026-01-06 04:00:00+00:00,CAL,California,D,Demand,32902,megawatthours
2026-01-06 05:00:00+00:00,CAL,California,D,Demand,32289,megawatthours
2026-01-06 06:00:00+00:00,CAL,California,D,Demand,31288,megawatthours
2026-01-06 07:00:00+00:00,CAL,California,D,Demand,29634,megawatthours
2026-01-06 08:00:00+00:00,CAL,California,D,Demand,27748,megawatthours
2026-01-06 09:00:00+00:00,CAL,California,D,Demand,27239,megawatthours
2026-01-06 10:00:00+00:00,CAL,California,D,Demand,26190,megawatthours
2026-01-06 11:00:00+00:00,CAL,California,D,Demand,25820,megawatthours
2026-01-06 12:00:00+00:00,CAL,California,D,Demand,25514,megawatthours
2026-01-06 13:00:00+00:00,CAL,California,D,Demand,25641,megawatthours
2026-01-06 14:00:00+00:00,CAL,California,D,Demand,26778,megawatthours
2026-01-06 15:00:00+00:00,CAL,California,D,Demand,29111,megawatthours
2026-01-06 16:00:00+00:00,CAL,California,D,Demand,30861,megawatthours
2026-01-06 17:00:00+00:00,CAL,California,D,Demand,31018,megawatthours
2026-01-06 18:00:00+00:00,CAL,California,D,Demand,32049,megawatthours
2026-01-06 19:00:00+00:00,CAL,California,D,Demand,33023,megawatthours
2026-01-06 20:00:00+00:00,CAL,California,D,Demand,33235,megawatthours
2026-01-06 21:00:00+00:00,CAL,California,D,Demand,34081,megawatthours
2026-01-06 22:00:00+00:00,CAL,California,D,Demand,33429,megawatthours
2026-01-06 23:00:00+00:00,CAL,California,D,Demand,31786,megawatthours
2026-01-07 00:00:00+00:00,CAL,California,D,Demand,29452,megawatthours
2026-01-07 01:00:00+00:00,CAL,California,D,Demand,30523,megawatthours
2026-01-07 02:00:00+00:00,CAL,California,D,Demand,32750,megawatthours
2026-01-07 03:00:00+00:00,CAL,California,D,Demand,32745,megawatthours
2026-01-07 04:00:00+00:00,CAL,California,D,Demand,32749,megawatthours
2026-01-07 05:00:00+00:00,CAL,California,D,Demand,32135,megawatthours
2026-01-07 06:00:00+00:00,CAL,California,D,Demand,31447,megawatthours
2026-01-07 07:00:00+00:00,CAL,California,D,Demand,29857,megawatthours
2026-01-07 08:00:00+00:00,CAL,California,D,Demand,28324,megawatthours
2026-01-07 09:00:00+00:00,CAL,California,D,Demand,27481,megawatthours
2026-01-07 10:00:00+00:00,CAL,California,D,Demand,26599,megawatthours
2026-01-07 11:00:00+00:00,CAL,California,D,Demand,26332,megawatthours
2026-01-07 12:00:00+00:00,CAL,California,D,Demand,25844,megawatthours
2026-01-07 13:00:00+00:00,CAL,California,D,Demand,26374,megawatthours
2026-01-07 14:00:00+00:00,CAL,California,D,Demand,27383,megawatthours
2026-01-07 15:00:00+00:00,CAL,California,D,Demand,29736,megawatthours
2026-01-07 16:00:00+00:00,CAL,California,D,Demand,31320,megawatthours
2026-01-07 17:00:00+00:00,CAL,California,D,Demand,30710,megawatthours
2026-01-07 18:00:00+00:00,CAL,California,D,Demand,30350,megawatthours
2026-01-07 19:00:00+00:00,CAL,California,D,Demand,30556,megawatthours
2026-01-07 20:00:00+00:00,CAL,California,D,Demand,31580,megawatthours
2026-01-07 21:00:00+00:00,CAL,California,D,Demand,32037,megawatthours
2026-01-07 22:00:00+00:00,CAL,California,D,Demand,32583,megawatthours
2026-01-07 23:00:00+00:00,CAL,California,D,Demand,31823,megawatthours
2026-01-08 00:00:00+00:00,CAL,California,D,Demand,30945,megawatthours
2026-01-08 01:00:00+00:00,CAL,California,D,Demand,31035,megawatthours
2026-01-08 02:00:00+00:00,CAL,California,D,Demand,33005,megawatthours
2026-01-08 03:00:00+00:00,CAL,California,D,Demand,33040,megawatthours
2026-01-08 04:00:00+00:00,CAL,California,D,Demand,32506,megawatthours
2026-01-08 05:00:00+00:00,CAL,California,D,Demand,31940,megawatthours
2026-01-08 06:00:00+00:00,CAL,California,D,Demand,31124,megawatthours
2026-01-08 07:00:00+00:00,CAL,California,D,Demand,29744,megawatthours
2026-01-08 08:00:00+00:00,CAL,California,D,Demand,28221,megawatthours
2026-01-08 09:00:00+00:00,CAL,California,D,Demand,27741,megawatthours
2026-01-08 10:00:00+00:00,CAL,California,D,Demand,26769,megawatthours
2026-01-08 11:00:00+00:00,CAL,California,D,Demand,27288,megawatthours
2026-01-08 12:00:00+00:00,CAL,California,D,Demand,26994,megawatthours
2026-01-08 13:00:00+00:00,CAL,California,D,Demand,27145,megawatthours
2026-01-08 14:00:00+00:00,CAL,California,D,Demand,28239,megawatthours
2026-01-08 15:00:00+00:00,CAL,California,D,Demand,30536,megawatthours
2026-01-08 16:00:00+00:00,CAL,California,D,Demand,32484,megawatthours
2026-01-08 17:00:00+00:00,CAL,California,D,Demand,32130,megawatthours
2026-01-08 18:00:00+00:00,CAL,California,D,Demand,31474,megawatthours
2026-01-08 19:00:00+00:00,CAL,California,D,Demand,31225,megawatthours
2026-01-08 20:00:00+00:00,CAL,California,D,Demand,31703,megawatthours
2026-01-08 21:00:00+00:00,CAL,California,D,Demand,32841,megawatthours
2026-01-08 22:00:00+00:00,CAL,California,D,Demand,33315,megawatthours
2026-01-08 23:00:00+00:00,CAL,California,D,Demand,32794,megawatthours
2026-01-09 00:00:00+00:00,CAL,California,D,Demand,31519,megawatthours
2026-01-09 01:00:00+00:00,CAL,California,D,Demand,31175,megawatthours
2026-01-09 02:00:00+00:00,CAL,California,D,Demand,33507,megawatthours
2026-01-09 03:00:00+00:00,CAL,California,D,Demand,33867,megawatthours
2026-01-09 04:00:00+00:00,CAL,California,D,Demand,33830,megawatthours
2026-01-09 05:00:00+00:00,CAL,California,D,Demand,33165,megawatthours
2026-01-09 06:00:00+00:00,CAL,California,D,Demand,32418,megawatthours
2026-01-09 07:00:00+00:00,CAL,California,D,Demand,31030,megawatthours
2026-01-09 08:00:00+00:00,CAL,California,D,Demand,29377,megawatthours
2026-01-09 09:00:00+00:00,CAL,California,D,Demand,29018,megawatthours
2026-01-09 10:00:00+00:00,CAL,California,D,Demand,28255,megawatthours
2026-01-09 11:00:00+00:00,CAL,California,D,Demand,28206,megawatthours
2026-01-09 12:00:00+00:00,CAL,California,D,Demand,28088,megawatthours
2026-01-09 13:00:00+00:00,CAL,California,D,Demand,28459,megawatthours
2026-01-09 14:00:00+00:00,CAL,California,D,Demand,29621,megawatthours
2026-01-09 15:00:00+00:00,CAL,California,D,Demand,32013,megawatthours
2026-01-09 16:00:00+00:00,CAL,California,D,Demand,34007,megawatthours
2026-01-09 17:00:00+00:00,CAL,California,D,Demand,34389,megawatthours
2026-01-09 18:00:00+00:00,CAL,California,D,Demand,34454,megawatthours
2026-01-09 19:00:00+00:00,CAL,California,D,Demand,32905,megawatthours
2026-01-09 20:00:00+00:00,CAL,California,D,Demand,33246,megawatthours
2026-01-09 21:00:00+00:00,CAL,California,D,Demand,33145,megawatthours
2026-01-09 22:00:00+00:00,CAL,California,D,Demand,32654,megawatthours
2026-01-09 23:00:00+00:00,CAL,California,D,Demand,31789,megawatthours
2026-01-10 00:00:00+00:00,CAL,California,D,Demand,29772,megawatthours
2026-01-10 01:00:00+00:00,CAL,California,D,Demand,30809,megawatthours
2026-01-10 02:00:00+00:00,CAL,California,D,Demand,33064,megawatthours
2026-01-10 03:00:00+00:00,CAL,California,D,Demand,33206,megawatthours
2026-01-10 04:00:00+00:00,CAL,California,D,Demand,33098,megawatthours
2026-01-10 05:00:00+00:00,CAL,California,D,Demand,32661,megawatthours
2026-01-10 06:00:00+00:00,CAL,California,D,Demand,32183,megawatthours
2026-01-10 07:00:00+00:00,CAL,California,D,Demand,30925,megawatthours
2026-01-10 08:00:00+00:00,CAL,California,D,Demand,29291,megawatthours
2026-01-10 09:00:00+00:00,CAL,California,D,Demand,28574,megawatthours
2026-01-10 10:00:00+00:00,CAL,California,D,Demand,27510,megawatthours
2026-01-10 11:00:00+00:00,CAL,California,D,Demand,26751,megawatthours
2026-01-10 12:00:00+00:00,CAL,California,D,Demand,26210,megawatthours
2026-01-10 13:00:00+00:00,CAL,California,D,Demand,26393,megawatthours
2026-01-10 14:00:00+00:00,CAL,California,D,Demand,27115,megawatthours
2026-01-10 15:00:00+00:00,CAL,California,D,Demand,28429,megawatthours
2026-01-10 16:00:00+00:00,CAL,California,D,Demand,29227,megawatthours
2026-01-10 17:00:00+00:00,CAL,California,D,Demand,30355,megawatthours
2026-01-10 18:00:00+00:00,CAL,California,D,Demand,31326,megawatthours
2026-01-10 19:00:00+00:00,CAL,California,D,Demand,31069,megawatthours
2026-01-10 20:00:00+00:00,CAL,California,D,Demand,30988,megawatthours
2026-01-10 21:00:00+00:00,CAL,California,D,Demand,31084,megawatthours
2026-01-10 22:00:00+00:00,CAL,California,D,Demand,31425,megawatthours
2026-01-10 23:00:00+00:00,CAL,California,D,Demand,30351,megawatthours
2026-01-11 00:00:00+00:00,CAL,California,D,Demand,27066,megawatthours
2026-01-11 01:00:00+00:00,CAL,California,D,Demand,28073,megawatthours
2026-01-11 02:00:00+00:00,CAL,California,D,Demand,30632,megawatthours
2026-01-11 03:00:00+00:00,CAL,California,D,Demand,30997,megawatthours
2026-01-11 04:00:00+00:00,CAL,California,D,Demand,30891,megawatthours
2026-01-11 05:00:00+00:00,CAL,California,D,Demand,30353,megawatthours
2026-01-11 06:00:00+00:00,CAL,California,D,Demand,30151,megawatthours
2026-01-11 07:00:00+00:00,CAL,California,D,Demand,29165,megawatthours
2026-01-11 08:00:00+00:00,CAL,California,D,Demand,27780,megawatthours
2026-01-11 09:00:00+00:00,CAL,California,D,Demand,27204,megawatthours
2026-01-11 10:00:00+00:00,CAL,California,D,Demand,26210,megawatthours
2026-01-11 11:00:00+00:00,CAL,California,D,Demand,25541,megawatthours
2026-01-11 12:00:00+00:00,CAL,California,D,Demand,25339,megawatthours
2026-01-11 13:00:00+00:00,CAL,California,D,Demand,25397,megawatthours
2026-01-11 14:00:00+00:00,CAL,California,D,Demand,26006,megawatthours
2026-01-11 15:00:00+00:00,CAL,California,D,Demand,27043,megawatthours
2026-01-11 16:00:00+00:00,CAL,California,D,Demand,28065,megawatthours
2026-01-11 17:00:00+00:00,CAL,California,D,Demand,28989,megawatthours
2026-01-11 18:00:00+00:00,CAL,California,D,Demand,29523,megawatthours
2026-01-11 19:00:00+00:00,CAL,California,D,Demand,29743,megawatthours
2026-01-11 20:00:00+00:00,CAL,California,D,Demand,29292,megawatthours
2026-01-11 21:00:00+00:00,CAL,California,D,Demand,29268,megawatthours
2026-01-11 22:00:00+00:00,CAL,California,D,Demand,29941,megawatthours
2026-01-11 23:00:00+00:00,CAL,California,D,Demand,29731,megawatthours
2026-01-12 00:00:00+00:00,CAL,California,D,Demand,26793,megawatthours
2026-01-12 01:00:00+00:00,CAL,California,D,Demand,27693,megawatthours
2026-01-12 02:00:00+00:00,CAL,California,D,Demand,30408,megawatthours
2026-01-12 03:00:00+00:00,CAL,California,D,Demand,31034,megawatthours
2026-01-12 04:00:00+00:00,CAL,California,D,Demand,30971,megawatthours
2026-01-12 05:00:00+00:00,CAL,California,D,Demand,30578,megawatthours
2026-01-12 06:00:00+00:00,CAL,California,D,Demand,30132,megawatthours
2026-01-12 07:00:00+00:00,CAL,California,D,Demand,28791,megawatthours
2026-01-12 08:00:00+00:00,CAL,California,D,Demand,27337,megawatthours
2026-01-12 09:00:00+00:00,CAL,California,D,Demand,26982,megawatthours
2026-01-12 10:00:00+00:00,CAL,California,D,Demand,26195,megawatthours
2026-01-12 11:00:00+00:00,CAL,California,D,Demand,25973,megawatthours
2026-01-12 12:00:00+00:00,CAL,California,D,Demand,25791,megawatthours
2026-01-12 13:00:00+00:00,CAL,California,D,Demand,26092,megawatthours
2026-01-12 14:00:00+00:00,CAL,California,D,Demand,28040,megawatthours
2026-01-12 15:00:00+00:00,CAL,California,D,Demand,31013,megawatthours
2026-01-12 16:00:00+00:00,CAL,California,D,Demand,32694,megawatthours
2026-01-12 17:00:00+00:00,CAL,California,D,Demand,33744,megawatthours
2026-01-12 18:00:00+00:00,CAL,California,D,Demand,34457,megawatthours
2026-01-12 19:00:00+00:00,CAL,California,D,Demand,33790,megawatthours
2026-01-12 20:00:00+00:00,CAL,California,D,Demand,33217,megawatthours
2026-01-12 21:00:00+00:00,CAL,California,D,Demand,32911,megawatthours
2026-01-12 22:00:00+00:00,CAL,California,D,Demand,33239,megawatthours
2026-01-12 23:00:00+00:00,CAL,California,D,Demand,32392,megawatthours
2026-01-13 00:00:00+00:00,CAL,California,D,Demand,29455,megawatthours
2026-01-13 01:00:00+00:00,CAL,California,D,Demand,30453,megawatthours
2026-01-13 02:00:00+00:00,CAL,California,D,Demand,32676,megawatthours
2026-01-13 03:00:00+00:00,CAL,California,D,Demand,32915,megawatthours
2026-01-13 04:00:00+00:00,CAL,California,D,Demand,32352,megawatthours
2026-01-13 05:00:00+00:00,CAL,California,D,Demand,31965,megawatthours
2026-01-13 06:00:00+00:00,CAL,California,D,Demand,31173,megawatthours
2026-01-13 07:00:00+00:00,CAL,California,D,Demand,29596,megawatthours
2026-01-13 08:00:00+00:00,CAL,California,D,Demand,27773,megawatthours
2026-01-13 09:00:00+00:00,CAL,California,D,Demand,27179,megawatthours
2026-01-13 10:00:00+00:00,CAL,California,D,Demand,26592,megawatthours
2026-01-13 11:00:00+00:00,CAL,California,D,Demand,26376,megawatthours
2026-01-13 12:00:00+00:00,CAL,California,D,Demand,26490,megawatthours
2026-01-13 13:00:00+00:00,CAL,California,D,Demand,26531,megawatthours
2026-01-13 14:00:00+00:00,CAL,California,D,Demand,28163,megawatthours
2026-01-13 15:00:00+00:00,CAL,California,D,Demand,30796,megawatthours
2026-01-13 16:00:00+00:00,CAL,California,D,Demand,32356,megawatthours
2026-01-13 17:00:00+00:00,CAL,California,D,Demand,32596,megawatthours
2026-01-13 18:00:00+00:00,CAL,California,D,Demand,34103,megawatthours
2026-01-13 19:00:00+00:00,CAL,California,D,Demand,32696,megawatthours
2026-01-13 20:00:00+00:00,CAL,California,D,Demand,32312,megawatthours
2026-01-13 21:00:00+00:00,CAL,California,D,Demand,32554,megawatthours
2026-01-13 22:00:00+00:00,CAL,California,D,Demand,33471,megawatthours
2026-01-13 23:00:00+00:00,CAL,California,D,Demand,32406,megawatthours
2026-01-14 00:00:00+00:00,CAL,California,D,Demand,30257,megawatthours
2026-01-14 01:00:00+00:00,CAL,California,D,Demand,30313,megawatthours
2026-01-14 02:00:00+00:00,CAL,California,D,Demand,32339,megawatthours
2026-01-14 03:00:00+00:00,CAL,California,D,Demand,32604,megawatthours
2026-01-14 04:00:00+00:00,CAL,California,D,Demand,32060,megawatthours
2026-01-14 05:00:00+00:00,CAL,California,D,Demand,31412,megawatthours
2026-01-14 06:00:00+00:00,CAL,California,D,Demand,30528,megawatthours
2026-01-14 07:00:00+00:00,CAL,California,D,Demand,29151,megawatthours
2026-01-14 08:00:00+00:00,CAL,California,D,Demand,27545,megawatthours
2026-01-14 09:00:00+00:00,CAL,California,D,Demand,26847,megawatthours
2026-01-14 10:00:00+00:00,CAL,California,D,Demand,25589,megawatthours
2026-01-14 11:00:00+00:00,CAL,California,D,Demand,25381,megawatthours
2026-01-14 12:00:00+00:00,CAL,California,D,Demand,25206,megawatthours
2026-01-14 13:00:00+00:00,CAL,California,D,Demand,25280,megawatthours
2026-01-14 14:00:00+00:00,CAL,California,D,Demand,26751,megawatthours
2026-01-14 15:00:00+00:00,CAL,California,D,Demand,29586,megawatthours
2026-01-14 16:00:00+00:00,CAL,California,D,Demand,31327,megawatthours
2026-01-14 17:00:00+00:00,CAL,California,D,Demand,31969,megawatthours
2026-01-14 18:00:00+00:00,CAL,California,D,Demand,32916,megawatthours
2026-01-14 19:00:00+00:00,CAL,California,D,Demand,32629,megawatthours
2026-01-14 20:00:00+00:00,CAL,California,D,Demand,32291,megawatthours
2026-01-14 21:00:00+00:00,CAL,California,D,Demand,32256,megawatthours
2026-01-14 22:00:00+00:00,CAL,California,D,Demand,33466,megawatthours
2026-01-14 23:00:00+00:00,CAL,California,D,Demand,32863,megawatthours
2026-01-15 00:00:00+00:00,CAL,California,D,Demand,30188,megawatthours
2026-01-15 01:00:00+00:00,CAL,California,D,Demand,30207,megawatthours
2026-01-15 02:00:00+00:00,CAL,California,D,Demand,31892,megawatthours
2026-01-15 03:00:00+00:00,CAL,California,D,Demand,31963,megawatthours
2026-01-15 04:00:00+00:00,CAL,California,D,Demand,31388,megawatthours
2026-01-15 05:00:00+00:00,CAL,California,D,Demand,30547,megawatthours
2026-01-15 06:00:00+00:00,CAL,California,D,Demand,30007,megawatthours
2026-01-15 07:00:00+00:00,CAL,California,D,Demand,28689,megawatthours
2026-01-15 08:00:00+00:00,CAL,California,D,Demand,26978,megawatthours
2026-01-15 09:00:00+00:00,CAL,California,D,Demand,26660,megawatthours
2026-01-15 10:00:00+00:00,CAL,California,D,Demand,26116,megawatthours
2026-01-15 11:00:00+00:00,CAL,California,D,Demand,25681,megawatthours
2026-01-15 12:00:00+00:00,CAL,California,D,Demand,25855,megawatthours
2026-01-15 13:00:00+00:00,CAL,California,D,Demand,26160,megawatthours
2026-01-15 14:00:00+00:00,CAL,California,D,Demand,27271,megawatthours
2026-01-15 15:00:00+00:00,CAL,California,D,Demand,30246,megawatthours
2026-01-15 16:00:00+00:00,CAL,California,D,Demand,31801,megawatthours
2026-01-15 17:00:00+00:00,CAL,California,D,Demand,32913,megawatthours
2026-01-15 18:00:00+00:00,CAL,California,D,Demand,34054,megawatthours
2026-01-15 19:00:00+00:00,CAL,California,D,Demand,33464,megawatthours
2026-01-15 20:00:00+00:00,CAL,California,D,Demand,33455,megawatthours
2026-01-15 21:00:00+00:00,CAL,California,D,Demand,33737,megawatthours
2026-01-15 22:00:00+00:00,CAL,California,D,Demand,34244,megawatthours
2026-01-15 23:00:00+00:00,CAL,California,D,Demand,32951,megawatthours
2026-01-16 00:00:00+00:00,CAL,California,D,Demand,30491,megawatthours
2026-01-16 01:00:00+00:00,CAL,California,D,Demand,30548,megawatthours
2026-01-16 02:00:00+00:00,CAL,California,D,Demand,32097,megawatthours
2026-01-16 03:00:00+00:00,CAL,California,D,Demand,32017,megawatthours
2026-01-16 04:00:00+00:00,CAL,California,D,Demand,31376,megawatthours
2026-01-16 05:00:00+00:00,CAL,California,D,Demand,30867,megawatthours
2026-01-16 06:00:00+00:00,CAL,California,D,Demand,30068,megawatthours
2026-01-16 07:00:00+00:00,CAL,California,D,Demand,28683,megawatthours
2026-01-16 08:00:00+00:00,CAL,California,D,Demand,27060,megawatthours
2026-01-16 09:00:00+00:00,CAL,California,D,Demand,26460,megawatthours
2026-01-16 10:00:00+00:00,CAL,California,D,Demand,25653,megawatthours
2026-01-16 11:00:00+00:00,CAL,California,D,Demand,25454,megawatthours
2026-01-16 12:00:00+00:00,CAL,California,D,Demand,25370,megawatthours
2026-01-16 13:00:00+00:00,CAL,California,D,Demand,25444,megawatthours
2026-01-16 14:00:00+00:00,CAL,California,D,Demand,26438,megawatthours
2026-01-16 15:00:00+00:00,CAL,California,D,Demand,29287,megawatthours
2026-01-16 16:00:00+00:00,CAL,California,D,Demand,31279,megawatthours
2026-01-16 17:00:00+00:00,CAL,California,D,Demand,31731,megawatthours
2026-01-16 18:00:00+00:00,CAL,California,D,Demand,32742,megawatthours
2026-01-16 19:00:00+00:00,CAL,California,D,Demand,32610,megawatthours
2026-01-16 20:00:00+00:00,CAL,California,D,Demand,32288,megawatthours
2026-01-16 21:00:00+00:00,CAL,California,D,Demand,32830,megawatthours
2026-01-16 22:00:00+00:00,CAL,California,D,Demand,33443,megawatthours
2026-01-16 23:00:00+00:00,CAL,California,D,Demand,33030,megawatthours
2026-01-17 00:00:00+00:00,CAL,California,D,Demand,31090,megawatthours
2026-01-17 01:00:00+00:00,CAL,California,D,Demand,30330,megawatthours
2026-01-17 02:00:00+00:00,CAL,California,D,Demand,31427,megawatthours
2026-01-17 03:00:00+00:00,CAL,California,D,Demand,30934,megawatthours
2026-01-17 04:00:00+00:00,CAL,California,D,Demand,30174,megawatthours
2026-01-17 05:00:00+00:00,CAL,California,D,Demand,29576,megawatthours
2026-01-17 06:00:00+00:00,CAL,California,D,Demand,29243,megawatthours
2026-01-17 07:00:00+00:00,CAL,California,D,Demand,28171,megawatthours
2026-01-17 08:00:00+00:00,CAL,California,D,Demand,27282,megawatthours
2026-01-17 09:00:00+00:00,CAL,California,D,Demand,26401,megawatthours
2026-01-17 10:00:00+00:00,CAL,California,D,Demand,25506,megawatthours
2026-01-17 11:00:00+00:00,CAL,California,D,Demand,25024,megawatthours
2026-01-17 12:00:00+00:00,CAL,California,D,Demand,24306,megawatthours
2026-01-17 13:00:00+00:00,CAL,California,D,Demand,24647,megawatthours
2026-01-17 14:00:00+00:00,CAL,California,D,Demand,24932,megawatthours
2026-01-17 15:00:00+00:00,CAL,California,D,Demand,26151,megawatthours
2026-01-17 16:00:00+00:00,CAL,California,D,Demand,27108,megawatthours
2026-01-17 17:00:00+00:00,CAL,California,D,Demand,28314,megawatthours
2026-01-17 18:00:00+00:00,CAL,California,D,Demand,30069,megawatthours
2026-01-17 19:00:00+00:00,CAL,California,D,Demand,30948,megawatthours
2026-01-17 20:00:00+00:00,CAL,California,D,Demand,31109,megawatthours
2026-01-17 21:00:00+00:00,CAL,California,D,Demand,31557,megawatthours
2026-01-17 22:00:00+00:00,CAL,California,D,Demand,31690,megawatthours
2026-01-17 23:00:00+00:00,CAL,California,D,Demand,31176,megawatthours
2026-01-18 00:00:00+00:00,CAL,California,D,Demand,28391,megawatthours
2026-01-18 01:00:00+00:00,CAL,California,D,Demand,27888,megawatthours
2026-01-18 02:00:00+00:00,CAL,California,D,Demand,29629,megawatthours
2026-01-18 03:00:00+00:00,CAL,California,D,Demand,29795,megawatthours
2026-01-18 04:00:00+00:00,CAL,California,D,Demand,29248,megawatthours
2026-01-18 05:00:00+00:00,CAL,California,D,Demand,28953,megawatthours
2026-01-18 06:00:00+00:00,CAL,California,D,Demand,28662,megawatthours
2026-01-18 07:00:00+00:00,CAL,California,D,Demand,27650,megawatthours
2026-01-18 08:00:00+00:00,CAL,California,D,Demand,26484,megawatthours
2026-01-18 09:00:00+00:00,CAL,California,D,Demand,25986,megawatthours
2026-01-18 10:00:00+00:00,CAL,California,D,Demand,25091,megawatthours
2026-01-18 11:00:00+00:00,CAL,California,D,Demand,24405,megawatthours
2026-01-18 12:00:00+00:00,CAL,California,D,Demand,24327,megawatthours
2026-01-18 13:00:00+00:00,CAL,California,D,Demand,24007,megawatthours
2026-01-18 14:00:00+00:00,CAL,California,D,Demand,24381,megawatthours
2026-01-18 15:00:00+00:00,CAL,California,D,Demand,25356,megawatthours
2026-01-18 16:00:00+00:00,CAL,California,D,Demand,26132,megawatthours
2026-01-18 17:00:00+00:00,CAL,California,D,Demand,27999,megawatthours
2026-01-18 18:00:00+00:00,CAL,California,D,Demand,29793,megawatthours
2026-01-18 19:00:00+00:00,CAL,California,D,Demand,29997,megawatthours
2026-01-18 20:00:00+00:00,CAL,California,D,Demand,30225,megawatthours
2026-01-18 21:00:00+00:00,CAL,California,D,Demand,30143,megawatthours
2026-01-18 22:00:00+00:00,CAL,California,D,Demand,30149,megawatthours
2026-01-18 23:00:00+00:00,CAL,California,D,Demand,29505,megawatthours
2026-01-19 00:00:00+00:00,CAL,California,D,Demand,27837,megawatthours
2026-01-19 01:00:00+00:00,CAL,California,D,Demand,27848,megawatthours
2026-01-19 02:00:00+00:00,CAL,California,D,Demand,30011,megawatthours
2026-01-19 03:00:00+00:00,CAL,California,D,Demand,30296,megawatthours
2026-01-19 04:00:00+00:00,CAL,California,D,Demand,29488,megawatthours
2026-01-19 05:00:00+00:00,CAL,California,D,Demand,28932,megawatthours
2026-01-19 06:00:00+00:00,CAL,California,D,Demand,28454,megawatthours
2026-01-19 07:00:00+00:00,CAL,California,D,Demand,27442,megawatthours
2026-01-19 08:00:00+00:00,CAL,California,D,Demand,26095,megawatthours
2026-01-19 09:00:00+00:00,CAL,California,D,Demand,25662,megawatthours
2026-01-19 10:00:00+00:00,CAL,California,D,Demand,24833,megawatthours
2026-01-19 11:00:00+00:00,CAL,California,D,Demand,24395,megawatthours
2026-01-19 12:00:00+00:00,CAL,California,D,Demand,24261,megawatthours
2026-01-19 13:00:00+00:00,CAL,California,D,Demand,24561,megawatthours
2026-01-19 14:00:00+00:00,CAL,California,D,Demand,26138,megawatthours
2026-01-19 15:00:00+00:00,CAL,California,D,Demand,28063,megawatthours
2026-01-19 16:00:00+00:00,CAL,California,D,Demand,29592,megawatthours
2026-01-19 17:00:00+00:00,CAL,California,D,Demand,31217,megawatthours
2026-01-19 18:00:00+00:00,CAL,California,D,Demand,32388,megawatthours
2026-01-19 19:00:00+00:00,CAL,California,D,Demand,32162,megawatthours
2026-01-19 20:00:00+00:00,CAL,California,D,Demand,32102,megawatthours
2026-01-19 21:00:00+00:00,CAL,California,D,Demand,31852,megawatthours
2026-01-19 22:00:00+00:00,CAL,California,D,Demand,31608,megawatthours
2026-01-19 23:00:00+00:00,CAL,California,D,Demand,31585,megawatthours
2026-01-20 00:00:00+00:00,CAL,California,D,Demand,30388,megawatthours
2026-01-20 01:00:00+00:00,CAL,California,D,Demand,30152,megawatthours
2026-01-20 02:00:00+00:00,CAL,California,D,Demand,32315,megawatthours
2026-01-20 03:00:00+00:00,CAL,California,D,Demand,32189,megawatthours
2026-01-20 04:00:00+00:00,CAL,California,D,Demand,31549,megawatthours
2026-01-20 05:00:00+00:00,CAL,California,D,Demand,30864,megawatthours
2026-01-20 06:00:00+00:00,CAL,California,D,Demand,30129,megawatthours
2026-01-20 07:00:00+00:00,CAL,California,D,Demand,28686,megawatthours
2026-01-20 08:00:00+00:00,CAL,California,D,Demand,27424,megawatthours
2026-01-20 09:00:00+00:00,CAL,California,D,Demand,26420,megawatthours
2026-01-20 10:00:00+00:00,CAL,California,D,Demand,25751,megawatthours
2026-01-20 11:00:00+00:00,CAL,California,D,Demand,25818,megawatthours
2026-01-20 12:00:00+00:00,CAL,California,D,Demand,25974,megawatthours
2026-01-20 13:00:00+00:00,CAL,California,D,Demand,25934,megawatthours
2026-01-20 14:00:00+00:00,CAL,California,D,Demand,27383,megawatthours
2026-01-20 15:00:00+00:00,CAL,California,D,Demand,30414,megawatthours
2026-01-20 16:00:00+00:00,CAL,California,D,Demand,32067,megawatthours
2026-01-20 17:00:00+00:00,CAL,California,D,Demand,32896,megawatthours
2026-01-20 18:00:00+00:00,CAL,California,D,Demand,34407,megawatthours
2026-01-20 19:00:00+00:00,CAL,California,D,Demand,34032,megawatthours
2026-01-20 20:00:00+00:00,CAL,California,D,Demand,34140,megawatthours
2026-01-20 21:00:00+00:00,CAL,California,D,Demand,33614,megawatthours
2026-01-20 22:00:00+00:00,CAL,California,D,Demand,34119,megawatthours
2026-01-20 23:00:00+00:00,CAL,California,D,Demand,33713,megawatthours
2026-01-21 00:00:00+00:00,CAL,California,D,Demand,31668,megawatthours
2026-01-21 01:00:00+00:00,CAL,California,D,Demand,31656,megawatthours
2026-01-21 02:00:00+00:00,CAL,California,D,Demand,33401,megawatthours
2026-01-21 03:00:00+00:00,CAL,California,D,Demand,33529,megawatthours
2026-01-21 04:00:00+00:00,CAL,California,D,Demand,32795,megawatthours
2026-01-21 05:00:00+00:00,CAL,California,D,Demand,32173,megawatthours
2026-01-21 06:00:00+00:00,CAL,California,D,Demand,31252,megawatthours
2026-01-21 07:00:00+00:00,CAL,California,D,Demand,29612,megawatthours
2026-01-21 08:00:00+00:00,CAL,California,D,Demand,28617,megawatthours
2026-01-21 09:00:00+00:00,CAL,California,D,Demand,27476,megawatthours
2026-01-21 10:00:00+00:00,CAL,California,D,Demand,27315,megawatthours
2026-01-21 11:00:00+00:00,CAL,California,D,Demand,26732,megawatthours
2026-01-21 12:00:00+00:00,CAL,California,D,Demand,26389,megawatthours
2026-01-21 13:00:00+00:00,CAL,California,D,Demand,26459,megawatthours
2026-01-21 14:00:00+00:00,CAL,California,D,Demand,27188,megawatthours
2026-01-21 15:00:00+00:00,CAL,California,D,Demand,29600,megawatthours
2026-01-21 16:00:00+00:00,CAL,California,D,Demand,31518,megawatthours
2026-01-21 17:00:00+00:00,CAL,California,D,Demand,32291,megawatthours
2026-01-21 18:00:00+00:00,CAL,California,D,Demand,32943,megawatthours
2026-01-21 19:00:00+00:00,CAL,California,D,Demand,33682,megawatthours
2026-01-21 20:00:00+00:00,CAL,California,D,Demand,34187,megawatthours
2026-01-21 21:00:00+00:00,CAL,California,D,Demand,33820,megawatthours
2026-01-21 22:00:00+00:00,CAL,California,D,Demand,32377,megawatthours
2026-01-21 23:00:00+00:00,CAL,California,D,Demand,31593,megawatthours
2026-01-22 00:00:00+00:00,CAL,California,D,Demand,31430,megawatthours
2026-01-22 01:00:00+00:00,CAL,California,D,Demand,31863,megawatthours
2026-01-22 02:00:00+00:00,CAL,California,D,Demand,33508,megawatthours
2026-01-22 03:00:00+00:00,CAL,California,D,Demand,33605,megawatthours
2026-01-22 04:00:00+00:00,CAL,California,D,Demand,32988,megawatthours
2026-01-22 05:00:00+00:00,CAL,California,D,Demand,32255,megawatthours
2026-01-22 06:00:00+00:00,CAL,California,D,Demand,31681,megawatthours
2026-01-22 07:00:00+00:00,CAL,California,D,Demand,29802,megawatthours
2026-01-22 08:00:00+00:00,CAL,California,D,Demand,28007,megawatthours
2026-01-22 09:00:00+00:00,CAL,California,D,Demand,27705,megawatthours
2026-01-22 10:00:00+00:00,CAL,California,D,Demand,26942,megawatthours
2026-01-22 11:00:00+00:00,CAL,California,D,Demand,26626,megawatthours
2026-01-22 12:00:00+00:00,CAL,California,D,Demand,26500,megawatthours
2026-01-22 13:00:00+00:00,CAL,California,D,Demand,26352,megawatthours
2026-01-22 14:00:00+00:00,CAL,California,D,Demand,27438,megawatthours
2026-01-22 15:00:00+00:00,CAL,California,D,Demand,29845,megawatthours
2026-01-22 16:00:00+00:00,CAL,California,D,Demand,31719,megawatthours
2026-01-22 17:00:00+00:00,CAL,California,D,Demand,32278,megawatthours
2026-01-22 18:00:00+00:00,CAL,California,D,Demand,32192,megawatthours
2026-01-22 19:00:00+00:00,CAL,California,D,Demand,33969,megawatthours
2026-01-22 20:00:00+00:00,CAL,California,D,Demand,34955,megawatthours
2026-01-22 21:00:00+00:00,CAL,California,D,Demand,35422,megawatthours
2026-01-22 22:00:00+00:00,CAL,California,D,Demand,34734,megawatthours
2026-01-22 23:00:00+00:00,CAL,California,D,Demand,32263,megawatthours
2026-01-23 00:00:00+00:00,CAL,California,D,Demand,30305,megawatthours
2026-01-23 01:00:00+00:00,CAL,California,D,Demand,31009,megawatthours
2026-01-23 02:00:00+00:00,CAL,California,D,Demand,32397,megawatthours
2026-01-23 03:00:00+00:00,CAL,California,D,Demand,32636,megawatthours
2026-01-23 04:00:00+00:00,CAL,California,D,Demand,32144,megawatthours
2026-01-23 05:00:00+00:00,CAL,California,D,Demand,31502,megawatthours
2026-01-23 06:00:00+00:00,CAL,California,D,Demand,30760,megawatthours
2026-01-23 07:00:00+00:00,CAL,California,D,Demand,29222,megawatthours
2026-01-23 08:00:00+00:00,CAL,California,D,Demand,27579,megawatthours
2026-01-23 09:00:00+00:00,CAL,California,D,Demand,27239,megawatthours
2026-01-23 10:00:00+00:00,CAL,California,D,Demand,26285,megawatthours
2026-01-23 11:00:00+00:00,CAL,California,D,Demand,25812,megawatthours
2026-01-23 12:00:00+00:00,CAL,California,D,Demand,25180,megawatthours
2026-01-23 13:00:00+00:00,CAL,California,D,Demand,25361,megawatthours
2026-01-23 14:00:00+00:00,CAL,California,D,Demand,26671,megawatthours
2026-01-23 15:00:00+00:00,CAL,California,D,Demand,29218,megawatthours
2026-01-23 16:00:00+00:00,CAL,California,D,Demand,30984,megawatthours
2026-01-23 17:00:00+00:00,CAL,California,D,Demand,31878,megawatthours
2026-01-23 18:00:00+00:00,CAL,California,D,Demand,32735,megawatthours
2026-01-23 19:00:00+00:00,CAL,California,D,Demand,31961,megawatthours
2026-01-23 20:00:00+00:00,CAL,California,D,Demand,31812,megawatthours
2026-01-23 21:00:00+00:00,CAL,California,D,Demand,32222,megawatthours
2026-01-23 22:00:00+00:00,CAL,California,D,Demand,33251,megawatthours
2026-01-23 23:00:00+00:00,CAL,California,D,Demand,32839,megawatthours
2026-01-24 00:00:00+00:00,CAL,California,D,Demand,31255,megawatthours
2026-01-24 01:00:00+00:00,CAL,California,D,Demand,30014,megawatthours
2026-01-24 02:00:00+00:00,CAL,California,D,Demand,31601,megawatthours
2026-01-24 03:00:00+00:00,CAL,California,D,Demand,31767,megawatthours
2026-01-24 04:00:00+00:00,CAL,California,D,Demand,31184,megawatthours
2026-01-24 05:00:00+00:00,CAL,California,D,Demand,30585,megawatthours
2026-01-24 06:00:00+00:00,CAL,California,D,Demand,30055,megawatthours
2026-01-24 07:00:00+00:00,CAL,California,D,Demand,28744,megawatthours
2026-01-24 08:00:00+00:00,CAL,California,D,Demand,27586,megawatthours
2026-01-24 09:00:00+00:00,CAL,California,D,Demand,26713,megawatthours
2026-01-24 10:00:00+00:00,CAL,California,D,Demand,26186,megawatthours
2026-01-24 11:00:00+00:00,CAL,California,D,Demand,25151,megawatthours
2026-01-24 12:00:00+00:00,CAL,California,D,Demand,24655,megawatthours
2026-01-24 13:00:00+00:00,CAL,California,D,Demand,24677,megawatthours
2026-01-24 14:00:00+00:00,CAL,California,D,Demand,25212,megawatthours
2026-01-24 15:00:00+00:00,CAL,California,D,Demand,26340,megawatthours
2026-01-24 16:00:00+00:00,CAL,California,D,Demand,27269,megawatthours
2026-01-24 17:00:00+00:00,CAL,California,D,Demand,27760,megawatthours
2026-01-24 18:00:00+00:00,CAL,California,D,Demand,29423,megawatthours
2026-01-24 19:00:00+00:00,CAL,California,D,Demand,30974,megawatthours
2026-01-24 20:00:00+00:00,CAL,California,D,Demand,30706,megawatthours
2026-01-24 21:00:00+00:00,CAL,California,D,Demand,31446,megawatthours
2026-01-24 22:00:00+00:00,CAL,California,D,Demand,31059,megawatthours
2026-01-24 23:00:00+00:00,CAL,California,D,Demand,29904,megawatthours
2026-01-25 00:00:00+00:00,CAL,California,D,Demand,28680,megawatthours
2026-01-25 01:00:00+00:00,CAL,California,D,Demand,27660,megawatthours
2026-01-25 02:00:00+00:00,CAL,California,D,Demand,29838,megawatthours
2026-01-25 03:00:00+00:00,CAL,California,D,Demand,30237,megawatthours
2026-01-25 04:00:00+00:00,CAL,California,D,Demand,29755,megawatthours
2026-01-25 05:00:00+00:00,CAL,California,D,Demand,29394,megawatthours
2026-01-25 06:00:00+00:00,CAL,California,D,Demand,28996,megawatthours
2026-01-25 07:00:00+00:00,CAL,California,D,Demand,28141,megawatthours
2026-01-25 08:00:00+00:00,CAL,California,D,Demand,27140,megawatthours
2026-01-25 09:00:00+00:00,CAL,California,D,Demand,26899,megawatthours
2026-01-25 10:00:00+00:00,CAL,California,D,Demand,25937,megawatthours
2026-01-25 11:00:00+00:00,CAL,California,D,Demand,25002,megawatthours
2026-01-25 12:00:00+00:00,CAL,California,D,Demand,26404,megawatthours
2026-01-25 13:00:00+00:00,CAL,California,D,Demand,24904,megawatthours
2026-01-25 14:00:00+00:00,CAL,California,D,Demand,25528,megawatthours
2026-01-25 15:00:00+00:00,CAL,California,D,Demand,26566,megawatthours
2026-01-25 16:00:00+00:00,CAL,California,D,Demand,27374,megawatthours
2026-01-25 17:00:00+00:00,CAL,California,D,Demand,29916,megawatthours
2026-01-25 18:00:00+00:00,CAL,California,D,Demand,32428,megawatthours
2026-01-25 19:00:00+00:00,CAL,California,D,Demand,32186,megawatthours
2026-01-25 20:00:00+00:00,CAL,California,D,Demand,32008,megawatthours
2026-01-25 21:00:00+00:00,CAL,California,D,Demand,22406,megawatthours
2026-01-25 22:00:00+00:00,CAL,California,D,Demand,30517,megawatthours
2026-01-25 23:00:00+00:00,CAL,California,D,Demand,28487,megawatthours
2026-01-26 00:00:00+00:00,CAL,California,D,Demand,27755,megawatthours
2026-01-26 01:00:00+00:00,CAL,California,D,Demand,28747,megawatthours
2026-01-26 02:00:00+00:00,CAL,California,D,Demand,31255,megawatthours
2026-01-26 03:00:00+00:00,CAL,California,D,Demand,31982,megawatthours
2026-01-26 04:00:00+00:00,CAL,California,D,Demand,32047,megawatthours
2026-01-26 05:00:00+00:00,CAL,California,D,Demand,31345,megawatthours
2026-01-26 06:00:00+00:00,CAL,California,D,Demand,30675,megawatthours
2026-01-26 07:00:00+00:00,CAL,California,D,Demand,29191,megawatthours
2026-01-26 08:00:00+00:00,CAL,California,D,Demand,27931,megawatthours
2026-01-26 09:00:00+00:00,CAL,California,D,Demand,27507,megawatthours
2026-01-26 10:00:00+00:00,CAL,California,D,Demand,26273,megawatthours
2026-01-26 11:00:00+00:00,CAL,California,D,Demand,25753,megawatthours
2026-01-26 12:00:00+00:00,CAL,California,D,Demand,25486,megawatthours
2026-01-26 13:00:00+00:00,CAL,California,D,Demand,25886,megawatthours
2026-01-26 14:00:00+00:00,CAL,California,D,Demand,27669,megawatthours
2026-01-26 15:00:00+00:00,CAL,California,D,Demand,30556,megawatthours
2026-01-26 16:00:00+00:00,CAL,California,D,Demand,32735,megawatthours
2026-01-26 17:00:00+00:00,CAL,California,D,Demand,32813,megawatthours
2026-01-26 18:00:00+00:00,CAL,California,D,Demand,32598,megawatthours
2026-01-26 19:00:00+00:00,CAL,California,D,Demand,34013,megawatthours
2026-01-26 20:00:00+00:00,CAL,California,D,Demand,33980,megawatthours
2026-01-26 21:00:00+00:00,CAL,California,D,Demand,32984,megawatthours
2026-01-26 22:00:00+00:00,CAL,California,D,Demand,32744,megawatthours
2026-01-26 23:00:00+00:00,CAL,California,D,Demand,31467,megawatthours
2026-01-27 00:00:00+00:00,CAL,California,D,Demand,29684,megawatthours
2026-01-27 01:00:00+00:00,CAL,California,D,Demand,30029,megawatthours
2026-01-27 02:00:00+00:00,CAL,California,D,Demand,32317,megawatthours
2026-01-27 03:00:00+00:00,CAL,California,D,Demand,32977,megawatthours
2026-01-27 04:00:00+00:00,CAL,California,D,Demand,32617,megawatthours
2026-01-27 05:00:00+00:00,CAL,California,D,Demand,32122,megawatthours
2026-01-27 06:00:00+00:00,CAL,California,D,Demand,31393,megawatthours
2026-01-27 07:00:00+00:00,CAL,California,D,Demand,29798,megawatthours
2026-01-27 08:00:00+00:00,CAL,California,D,Demand,28090,megawatthours
2026-01-27 09:00:00+00:00,CAL,California,D,Demand,27997,megawatthours
2026-01-27 10:00:00+00:00,CAL,California,D,Demand,27004,megawatthours
2026-01-27 11:00:00+00:00,CAL,California,D,Demand,26798,megawatthours
2026-01-27 12:00:00+00:00,CAL,California,D,Demand,27166,megawatthours
2026-01-27 13:00:00+00:00,CAL,California,D,Demand,26991,megawatthours
2026-01-27 14:00:00+00:00,CAL,California,D,Demand,28733,megawatthours
2026-01-27 15:00:00+00:00,CAL,California,D,Demand,31472,megawatthours
2026-01-27 16:00:00+00:00,CAL,California,D,Demand,33288,megawatthours
2026-01-27 17:00:00+00:00,CAL,California,D,Demand,33470,megawatthours
2026-01-27 18:00:00+00:00,CAL,California,D,Demand,32954,megawatthours
2026-01-27 19:00:00+00:00,CAL,California,D,Demand,32768,megawatthours
2026-01-27 20:00:00+00:00,CAL,California,D,Demand,32807,megawatthours
2026-01-27 21:00:00+00:00,CAL,California,D,Demand,32404,megawatthours
2026-01-27 22:00:00+00:00,CAL,California,D,Demand,33231,megawatthours
2026-01-27 23:00:00+00:00,CAL,California,D,Demand,33344,megawatthours
2026-01-28 00:00:00+00:00,CAL,California,D,Demand,31892,megawatthours
2026-01-28 01:00:00+00:00,CAL,California,D,Demand,31051,megawatthours
2026-01-28 02:00:00+00:00,CAL,California,D,Demand,32577,megawatthours
2026-01-28 03:00:00+00:00,CAL,California,D,Demand,33058,megawatthours
2026-01-28 04:00:00+00:00,CAL,California,D,Demand,32657,megawatthours
2026-01-28 05:00:00+00:00,CAL,California,D,Demand,32167,megawatthours
2026-01-28 06:00:00+00:00,CAL,California,D,Demand,31423,megawatthours
2026-01-28 07:00:00+00:00,CAL,California,D,Demand,29820,megawatthours
2026-01-28 08:00:00+00:00,CAL,California,D,Demand,27980,megawatthours
2026-01-28 09:00:00+00:00,CAL,California,D,Demand,27282,megawatthours
2026-01-28 10:00:00+00:00,CAL,California,D,Demand,26238,megawatthours
2026-01-28 11:00:00+00:00,CAL,California,D,Demand,25732,megawatthours
2026-01-28 12:00:00+00:00,CAL,California,D,Demand,25725,megawatthours
2026-01-28 13:00:00+00:00,CAL,California,D,Demand,26037,megawatthours
2026-01-28 14:00:00+00:00,CAL,California,D,Demand,27489,megawatthours
2026-01-28 15:00:00+00:00,CAL,California,D,Demand,30440,megawatthours
2026-01-28 16:00:00+00:00,CAL,California,D,Demand,31929,megawatthours
2026-01-28 17:00:00+00:00,CAL,California,D,Demand,32318,megawatthours
2026-01-28 18:00:00+00:00,CAL,California,D,Demand,32691,megawatthours
2026-01-28 19:00:00+00:00,CAL,California,D,Demand,32085,megawatthours
2026-01-28 20:00:00+00:00,CAL,California,D,Demand,33061,megawatthours
2026-01-28 21:00:00+00:00,CAL,California,D,Demand,32448,megawatthours
2026-01-28 22:00:00+00:00,CAL,California,D,Demand,32888,megawatthours
2026-01-28 23:00:00+00:00,CAL,California,D,Demand,32837,megawatthours
2026-01-29 00:00:00+00:00,CAL,California,D,Demand,31451,megawatthours
2026-01-29 01:00:00+00:00,CAL,California,D,Demand,30820,megawatthours
2026-01-29 02:00:00+00:00,CAL,California,D,Demand,32824,megawatthours
2026-01-29 03:00:00+00:00,CAL,California,D,Demand,33614,megawatthours
2026-01-29 04:00:00+00:00,CAL,California,D,Demand,32783,megawatthours
2026-01-29 05:00:00+00:00,CAL,California,D,Demand,32536,megawatthours
2026-01-29 06:00:00+00:00,CAL,California,D,Demand,31603,megawatthours
2026-01-29 07:00:00+00:00,CAL,California,D,Demand,30383,megawatthours
2026-01-29 08:00:00+00:00,CAL,California,D,Demand,28725,megawatthours
2026-01-29 09:00:00+00:00,CAL,California,D,Demand,28169,megawatthours
2026-01-29 10:00:00+00:00,CAL,California,D,Demand,27249,megawatthours
2026-01-29 11:00:00+00:00,CAL,California,D,Demand,26656,megawatthours
2026-01-29 12:00:00+00:00,CAL,California,D,Demand,26760,megawatthours
2026-01-29 13:00:00+00:00,CAL,California,D,Demand,27010,megawatthours
2026-01-29 14:00:00+00:00,CAL,California,D,Demand,28383,megawatthours
2026-01-29 15:00:00+00:00,CAL,California,D,Demand,31157,megawatthours
2026-01-29 16:00:00+00:00,CAL,California,D,Demand,32222,megawatthours
2026-01-29 17:00:00+00:00,CAL,California,D,Demand,32086,megawatthours
2026-01-29 18:00:00+00:00,CAL,California,D,Demand,31863,megawatthours
2026-01-29 19:00:00+00:00,CAL,California,D,Demand,32457,megawatthours
2026-01-29 20:00:00+00:00,CAL,California,D,Demand,32445,megawatthours
2026-01-29 21:00:00+00:00,CAL,California,D,Demand,32737,megawatthours
2026-01-29 22:00:00+00:00,CAL,California,D,Demand,33493,megawatthours
2026-01-29 23:00:00+00:00,CAL,California,D,Demand,33490,megawatthours
2026-01-30 00:00:00+00:00,CAL,California,D,Demand,31437,megawatthours
2026-01-30 01:00:00+00:00,CAL,California,D,Demand,30042,megawatthours
2026-01-30 02:00:00+00:00,CAL,California,D,Demand,31838,megawatthours
2026-01-30 03:00:00+00:00,CAL,California,D,Demand,32317,megawatthours
2026-01-30 04:00:00+00:00,CAL,California,D,Demand,31573,megawatthours
2026-01-30 05:00:00+00:00,CAL,California,D,Demand,31104,megawatthours
2026-01-30 06:00:00+00:00,CAL,California,D,Demand,30509,megawatthours
2026-01-30 07:00:00+00:00,CAL,California,D,Demand,29021,megawatthours
2026-01-30 08:00:00+00:00,CAL,California,D,Demand,27376,megawatthours
2026-01-30 09:00:00+00:00,CAL,California,D,Demand,26696,megawatthours
2026-01-30 10:00:00+00:00,CAL,California,D,Demand,26071,megawatthours
2026-01-30 11:00:00+00:00,CAL,California,D,Demand,25278,megawatthours
2026-01-30 12:00:00+00:00,CAL,California,D,Demand,25147,megawatthours
2026-01-30 13:00:00+00:00,CAL,California,D,Demand,25467,megawatthours
2026-01-30 14:00:00+00:00,CAL,California,D,Demand,27285,megawatthours
2026-01-30 15:00:00+00:00,CAL,California,D,Demand,29865,megawatthours
2026-01-30 16:00:00+00:00,CAL,California,D,Demand,31355,megawatthours
2026-01-30 17:00:00+00:00,CAL,California,D,Demand,32652,megawatthours
2026-01-30 18:00:00+00:00,CAL,California,D,Demand,34107,megawatthours
2026-01-30 19:00:00+00:00,CAL,California,D,Demand,32724,megawatthours
2026-01-30 20:00:00+00:00,CAL,California,D,Demand,32665,megawatthours
2026-01-30 21:00:00+00:00,CAL,California,D,Demand,32184,megawatthours
2026-01-30 22:00:00+00:00,CAL,California,D,Demand,33359,megawatthours
2026-01-30 23:00:00+00:00,CAL,California,D,Demand,25456,megawatthours
2026-01-31 00:00:00+00:00,CAL,California,D,Demand,30667,megawatthours
2026-01-31 01:00:00+00:00,CAL,California,D,Demand,30163,megawatthours
2026-01-31 02:00:00+00:00,CAL,California,D,Demand,31693,megawatthours
2026-01-31 03:00:00+00:00,CAL,California,D,Demand,31902,megawatthours
2026-01-31 04:00:00+00:00,CAL,California,D,Demand,31094,megawatthours
2026-01-31 05:00:00+00:00,CAL,California,D,Demand,30362,megawatthours
2026-01-31 06:00:00+00:00,CAL,California,D,Demand,30051,megawatthours
2026-01-31 07:00:00+00:00,CAL,California,D,Demand,28946,megawatthours
2026-01-31 08:00:00+00:00,CAL,California,D,Demand,27499,megawatthours
2026-01-31 09:00:00+00:00,CAL,California,D,Demand,26699,megawatthours
2026-01-31 10:00:00+00:00,CAL,California,D,Demand,25802,megawatthours
2026-01-31 11:00:00+00:00,CAL,California,D,Demand,24776,megawatthours
2026-01-31 12:00:00+00:00,CAL,California,D,Demand,24283,megawatthours
2026-01-31 13:00:00+00:00,CAL,California,D,Demand,24280,megawatthours
2026-01-31 14:00:00+00:00,CAL,California,D,Demand,24959,megawatthours
2026-01-31 15:00:00+00:00,CAL,California,D,Demand,26000,megawatthours
2026-01-31 16:00:00+00:00,CAL,California,D,Demand,26911,megawatthours
2026-01-31 17:00:00+00:00,CAL,California,D,Demand,28287,megawatthours
2026-01-31 18:00:00+00:00,CAL,California,D,Demand,30437,megawatthours
2026-01-31 19:00:00+00:00,CAL,California,D,Demand,30135,megawatthours
2026-01-31 20:00:00+00:00,CAL,California,D,Demand,30138,megawatthours
2026-01-31 21:00:00+00:00,CAL,California,D,Demand,30543,megawatthours
2026-01-31 22:00:00+00:00,CAL,California,D,Demand,30633,megawatthours
2026-01-31 23:00:00+00:00,CAL,California,D,Demand,30271,megawatthours
2026-02-01 00:00:00+00:00,CAL,California,D,Demand,28173,megawatthours
2026-02-01 01:00:00+00:00,CAL,California,D,Demand,28141,megawatthours
2026-02-01 02:00:00+00:00,CAL,California,D,Demand,29741,megawatthours
2026-02-01 03:00:00+00:00,CAL,California,D,Demand,30322,megawatthours
2026-02-01 04:00:00+00:00,CAL,California,D,Demand,29992,megawatthours
2026-02-01 05:00:00+00:00,CAL,California,D,Demand,29170,megawatthours
2026-02-01 06:00:00+00:00,CAL,California,D,Demand,28645,megawatthours
2026-02-01 07:00:00+00:00,CAL,California,D,Demand,27792,megawatthours
2026-02-01 08:00:00+00:00,CAL,California,D,Demand,26336,megawatthours
2026-02-01 09:00:00+00:00,CAL,California,D,Demand,25671,megawatthours
2026-02-01 10:00:00+00:00,CAL,California,D,Demand,24459,megawatthours
2026-02-01 11:00:00+00:00,CAL,California,D,Demand,23679,megawatthours
2026-02-01 12:00:00+00:00,CAL,California,D,Demand,23252,megawatthours
2026-02-01 13:00:00+00:00,CAL,California,D,Demand,23234,megawatthours
2026-02-01 14:00:00+00:00,CAL,California,D,Demand,23722,megawatthours
2026-02-01 15:00:00+00:00,CAL,California,D,Demand,24418,megawatthours
2026-02-01 16:00:00+00:00,CAL,California,D,Demand,25481,megawatthours
2026-02-01 17:00:00+00:00,CAL,California,D,Demand,28029,megawatthours
2026-02-01 18:00:00+00:00,CAL,California,D,Demand,29205,megawatthours
2026-02-01 19:00:00+00:00,CAL,California,D,Demand,29241,megawatthours
2026-02-01 20:00:00+00:00,CAL,California,D,Demand,29278,megawatthours
2026-02-01 21:00:00+00:00,CAL,California,D,Demand,29713,megawatthours
2026-02-01 22:00:00+00:00,CAL,California,D,Demand,29542,megawatthours
2026-02-01 23:00:00+00:00,CAL,California,D,Demand,27949,megawatthours
2026-02-02 00:00:00+00:00,CAL,California,D,Demand,27001,megawatthours
2026-02-02 01:00:00+00:00,CAL,California,D,Demand,27324,megawatthours
2026-02-02 02:00:00+00:00,CAL,California,D,Demand,29801,megawatthours
2026-02-02 03:00:00+00:00,CAL,California,D,Demand,30534,megawatthours
2026-02-02 04:00:00+00:00,CAL,California,D,Demand,30119,megawatthours
2026-02-02 05:00:00+00:00,CAL,California,D,Demand,29608,megawatthours
2026-02-02 06:00:00+00:00,CAL,California,D,Demand,28766,megawatthours
2026-02-02 07:00:00+00:00,CAL,California,D,Demand,27444,megawatthours
2026-02-02 08:00:00+00:00,CAL,California,D,Demand,25834,megawatthours
2026-02-02 09:00:00+00:00,CAL,California,D,Demand,25375,megawatthours
2026-02-02 10:00:00+00:00,CAL,California,D,Demand,24615,megawatthours
2026-02-02 11:00:00+00:00,CAL,California,D,Demand,24621,megawatthours
2026-02-02 12:00:00+00:00,CAL,California,D,Demand,24291,megawatthours
2026-02-02 13:00:00+00:00,CAL,California,D,Demand,24301,megawatthours
2026-02-02 14:00:00+00:00,CAL,California,D,Demand,26088,megawatthours
2026-02-02 15:00:00+00:00,CAL,California,D,Demand,28754,megawatthours
2026-02-02 16:00:00+00:00,CAL,California,D,Demand,30281,megawatthours
2026-02-02 17:00:00+00:00,CAL,California,D,Demand,31038,megawatthours
2026-02-02 18:00:00+00:00,CAL,California,D,Demand,32193,megawatthours
2026-02-02 19:00:00+00:00,CAL,California,D,Demand,31778,megawatthours
2026-02-02 20:00:00+00:00,CAL,California,D,Demand,31441,megawatthours
2026-02-02 21:00:00+00:00,CAL,California,D,Demand,31326,megawatthours
2026-02-02 22:00:00+00:00,CAL,California,D,Demand,31463,megawatthours
2026-02-02 23:00:00+00:00,CAL,California,D,Demand,31126,megawatthours
2026-02-03 00:00:00+00:00,CAL,California,D,Demand,29539,megawatthours
2026-02-03 01:00:00+00:00,CAL,California,D,Demand,29528,megawatthours
2026-02-03 02:00:00+00:00,CAL,California,D,Demand,31463,megawatthours
2026-02-03 03:00:00+00:00,CAL,California,D,Demand,32182,megawatthours
2026-02-03 04:00:00+00:00,CAL,California,D,Demand,31413,megawatthours
2026-02-03 05:00:00+00:00,CAL,California,D,Demand,30920,megawatthours
2026-02-03 06:00:00+00:00,CAL,California,D,Demand,29982,megawatthours
2026-02-03 07:00:00+00:00,CAL,California,D,Demand,28343,megawatthours
2026-02-03 08:00:00+00:00,CAL,California,D,Demand,26677,megawatthours
2026-02-03 09:00:00+00:00,CAL,California,D,Demand,26256,megawatthours
2026-02-03 10:00:00+00:00,CAL,California,D,Demand,25365,megawatthours
2026-02-03 11:00:00+00:00,CAL,California,D,Demand,25182,megawatthours
2026-02-03 12:00:00+00:00,CAL,California,D,Demand,24760,megawatthours
2026-02-03 13:00:00+00:00,CAL,California,D,Demand,25095,megawatthours
2026-02-03 14:00:00+00:00,CAL,California,D,Demand,26198,megawatthours
2026-02-03 15:00:00+00:00,CAL,California,D,Demand,28837,megawatthours
2026-02-03 16:00:00+00:00,CAL,California,D,Demand,30305,megawatthours
2026-02-03 17:00:00+00:00,CAL,California,D,Demand,31446,megawatthours
2026-02-03 18:00:00+00:00,CAL,California,D,Demand,32911,megawatthours
2026-02-03 19:00:00+00:00,CAL,California,D,Demand,31953,megawatthours
2026-02-03 20:00:00+00:00,CAL,California,D,Demand,31788,megawatthours
2026-02-03 21:00:00+00:00,CAL,California,D,Demand,31592,megawatthours
2026-02-03 22:00:00+00:00,CAL,California,D,Demand,32601,megawatthours
2026-02-03 23:00:00+00:00,CAL,California,D,Demand,32546,megawatthours
2026-02-04 00:00:00+00:00,CAL,California,D,Demand,30492,megawatthours
2026-02-04 01:00:00+00:00,CAL,California,D,Demand,30215,megawatthours
2026-02-04 02:00:00+00:00,CAL,California,D,Demand,32169,megawatthours
2026-02-04 03:00:00+00:00,CAL,California,D,Demand,32504,megawatthours
2026-02-04 04:00:00+00:00,CAL,California,D,Demand,31932,megawatthours
2026-02-04 05:00:00+00:00,CAL,California,D,Demand,31240,megawatthours
2026-02-04 06:00:00+00:00,CAL,California,D,Demand,30484,megawatthours
2026-02-04 07:00:00+00:00,CAL,California,D,Demand,28859,megawatthours
2026-02-04 08:00:00+00:00,CAL,California,D,Demand,27053,megawatthours
2026-02-04 09:00:00+00:00,CAL,California,D,Demand,26414,megawatthours
2026-02-04 10:00:00+00:00,CAL,California,D,Demand,25349,megawatthours
2026-02-04 11:00:00+00:00,CAL,California,D,Demand,25191,megawatthours
2026-02-04 12:00:00+00:00,CAL,California,D,Demand,25220,megawatthours
2026-02-04 13:00:00+00:00,CAL,California,D,Demand,25169,megawatthours
2026-02-04 14:00:00+00:00,CAL,California,D,Demand,26654,megawatthours
2026-02-04 15:00:00+00:00,CAL,California,D,Demand,29362,megawatthours
2026-02-04 16:00:00+00:00,CAL,California,D,Demand,30972,megawatthours
2026-02-04 17:00:00+00:00,CAL,California,D,Demand,32426,megawatthours
2026-02-04 18:00:00+00:00,CAL,California,D,Demand,33503,megawatthours
2026-02-04 19:00:00+00:00,CAL,California,D,Demand,32864,megawatthours
2026-02-04 20:00:00+00:00,CAL,California,D,Demand,32830,megawatthours
2026-02-04 21:00:00+00:00,CAL,California,D,Demand,31729,megawatthours
2026-02-04 22:00:00+00:00,CAL,California,D,Demand,32186,megawatthours
2026-02-04 23:00:00+00:00,CAL,California,D,Demand,31380,megawatthours
2026-02-05 00:00:00+00:00,CAL,California,D,Demand,30579,megawatthours
2026-02-05 01:00:00+00:00,CAL,California,D,Demand,30793,megawatthours
2026-02-05 02:00:00+00:00,CAL,California,D,Demand,32527,megawatthours
2026-02-05 03:00:00+00:00,CAL,California,D,Demand,32535,megawatthours
2026-02-05 04:00:00+00:00,CAL,California,D,Demand,31722,megawatthours
2026-02-05 05:00:00+00:00,CAL,California,D,Demand,31110,megawatthours
2026-02-05 06:00:00+00:00,CAL,California,D,Demand,30092,megawatthours
2026-02-05 07:00:00+00:00,CAL,California,D,Demand,28435,megawatthours
2026-02-05 08:00:00+00:00,CAL,California,D,Demand,27005,megawatthours
2026-02-05 09:00:00+00:00,CAL,California,D,Demand,26579,megawatthours
2026-02-05 10:00:00+00:00,CAL,California,D,Demand,25731,megawatthours
2026-02-05 11:00:00+00:00,CAL,California,D,Demand,25109,megawatthours
2026-02-05 12:00:00+00:00,CAL,California,D,Demand,24735,megawatthours
2026-02-05 13:00:00+00:00,CAL,California,D,Demand,25156,megawatthours
2026-02-05 14:00:00+00:00,CAL,California,D,Demand,26969,megawatthours
2026-02-05 15:00:00+00:00,CAL,California,D,Demand,29603,megawatthours
2026-02-05 16:00:00+00:00,CAL,California,D,Demand,31122,megawatthours
2026-02-05 17:00:00+00:00,CAL,California,D,Demand,31418,megawatthours
2026-02-05 18:00:00+00:00,CAL,California,D,Demand,31995,megawatthours
2026-02-05 19:00:00+00:00,CAL,California,D,Demand,31905,megawatthours
2026-02-05 20:00:00+00:00,CAL,California,D,Demand,31327,megawatthours
2026-02-05 21:00:00+00:00,CAL,California,D,Demand,31139,megawatthours
2026-02-05 22:00:00+00:00,CAL,California,D,Demand,28514,megawatthours
2026-02-05 23:00:00+00:00,CAL,California,D,Demand,28004,megawatthours
2026-02-06 00:00:00+00:00,CAL,California,D,Demand,28472,megawatthours
2026-02-06 01:00:00+00:00,CAL,California,D,Demand,29909,megawatthours
2026-02-06 02:00:00+00:00,CAL,California,D,Demand,31403,megawatthours
2026-02-06 03:00:00+00:00,CAL,California,D,Demand,31883,megawatthours
2026-02-06 04:00:00+00:00,CAL,California,D,Demand,31059,megawatthours
2026-02-06 05:00:00+00:00,CAL,California,D,Demand,29969,megawatthours
2026-02-06 06:00:00+00:00,CAL,California,D,Demand,29105,megawatthours
2026-02-06 07:00:00+00:00,CAL,California,D,Demand,27863,megawatthours
2026-02-06 08:00:00+00:00,CAL,California,D,Demand,24642,megawatthours
2026-02-06 09:00:00+00:00,CAL,California,D,Demand,25632,megawatthours
2026-02-06 10:00:00+00:00,CAL,California,D,Demand,24640,megawatthours
2026-02-06 11:00:00+00:00,CAL,California,D,Demand,24138,megawatthours
2026-02-06 12:00:00+00:00,CAL,California,D,Demand,23811,megawatthours
2026-02-06 13:00:00+00:00,CAL,California,D,Demand,24212,megawatthours
2026-02-06 14:00:00+00:00,CAL,California,D,Demand,25825,megawatthours
2026-02-06 15:00:00+00:00,CAL,California,D,Demand,28048,megawatthours
2026-02-06 16:00:00+00:00,CAL,California,D,Demand,29280,megawatthours
2026-02-06 17:00:00+00:00,CAL,California,D,Demand,30647,megawatthours
2026-02-06 18:00:00+00:00,CAL,California,D,Demand,32253,megawatthours
2026-02-06 19:00:00+00:00,CAL,California,D,Demand,32811,megawatthours
2026-02-06 20:00:00+00:00,CAL,California,D,Demand,32361,megawatthours
2026-02-06 21:00:00+00:00,CAL,California,D,Demand,31737,megawatthours
2026-02-06 22:00:00+00:00,CAL,California,D,Demand,31936,megawatthours
2026-02-06 23:00:00+00:00,CAL,California,D,Demand,30882,megawatthours
2026-02-07 00:00:00+00:00,CAL,California,D,Demand,30388,megawatthours
2026-02-07 01:00:00+00:00,CAL,California,D,Demand,28733,megawatthours
2026-02-07 02:00:00+00:00,CAL,California,D,Demand,30247,megawatthours
2026-02-07 03:00:00+00:00,CAL,California,D,Demand,30760,megawatthours
2026-02-07 04:00:00+00:00,CAL,California,D,Demand,30232,megawatthours
2026-02-07 05:00:00+00:00,CAL,California,D,Demand,29430,megawatthours
2026-02-07 06:00:00+00:00,CAL,California,D,Demand,28665,megawatthours
2026-02-07 07:00:00+00:00,CAL,California,D,Demand,27739,megawatthours
2026-02-07 08:00:00+00:00,CAL,California,D,Demand,26295,megawatthours
2026-02-07 09:00:00+00:00,CAL,California,D,Demand,25565,megawatthours
2026-02-07 10:00:00+00:00,CAL,California,D,Demand,24548,megawatthours
2026-02-07 11:00:00+00:00,CAL,California,D,Demand,23809,megawatthours
2026-02-07 12:00:00+00:00,CAL,California,D,Demand,23303,megawatthours
2026-02-07 13:00:00+00:00,CAL,California,D,Demand,23464,megawatthours
2026-02-07 14:00:00+00:00,CAL,California,D,Demand,24092,megawatthours
2026-02-07 15:00:00+00:00,CAL,California,D,Demand,25550,megawatthours
2026-02-07 16:00:00+00:00,CAL,California,D,Demand,25994,megawatthours
2026-02-07 17:00:00+00:00,CAL,California,D,Demand,27522,megawatthours
2026-02-07 18:00:00+00:00,CAL,California,D,Demand,28488,megawatthours
2026-02-07 19:00:00+00:00,CAL,California,D,Demand,28133,megawatthours
2026-02-07 20:00:00+00:00,CAL,California,D,Demand,28381,megawatthours
2026-02-07 21:00:00+00:00,CAL,California,D,Demand,28427,megawatthours
2026-02-07 22:00:00+00:00,CAL,California,D,Demand,29155,megawatthours
2026-02-07 23:00:00+00:00,CAL,California,D,Demand,29195,megawatthours
2026-02-08 00:00:00+00:00,CAL,California,D,Demand,28151,megawatthours
2026-02-08 01:00:00+00:00,CAL,California,D,Demand,27144,megawatthours
2026-02-08 02:00:00+00:00,CAL,California,D,Demand,28704,megawatthours
2026-02-08 03:00:00+00:00,CAL,California,D,Demand,29467,megawatthours
2026-02-08 04:00:00+00:00,CAL,California,D,Demand,29144,megawatthours
2026-02-08 05:00:00+00:00,CAL,California,D,Demand,28583,megawatthours
2026-02-08 06:00:00+00:00,CAL,California,D,Demand,27949,megawatthours
2026-02-08 07:00:00+00:00,CAL,California,D,Demand,27137,megawatthours
2026-02-08 08:00:00+00:00,CAL,California,D,Demand,26171,megawatthours
2026-02-08 09:00:00+00:00,CAL,California,D,Demand,25276,megawatthours
2026-02-08 10:00:00+00:00,CAL,California,D,Demand,24263,megawatthours
2026-02-08 11:00:00+00:00,CAL,California,D,Demand,23493,megawatthours
2026-02-08 12:00:00+00:00,CAL,California,D,Demand,23251,megawatthours
2026-02-08 13:00:00+00:00,CAL,California,D,Demand,23128,megawatthours
2026-02-08 14:00:00+00:00,CAL,California,D,Demand,23668,megawatthours
2026-02-08 15:00:00+00:00,CAL,California,D,Demand,25228,megawatthours
2026-02-08 16:00:00+00:00,CAL,California,D,Demand,25412,megawatthours
2026-02-08 17:00:00+00:00,CAL,California,D,Demand,27194,megawatthours
2026-02-08 18:00:00+00:00,CAL,California,D,Demand,27698,megawatthours
2026-02-08 19:00:00+00:00,CAL,California,D,Demand,26950,megawatthours
2026-02-08 20:00:00+00:00,CAL,California,D,Demand,26974,megawatthours
2026-02-08 21:00:00+00:00,CAL,California,D,Demand,26957,megawatthours
2026-02-08 22:00:00+00:00,CAL,California,D,Demand,28007,megawatthours
2026-02-08 23:00:00+00:00,CAL,California,D,Demand,28153,megawatthours
2026-02-09 00:00:00+00:00,CAL,California,D,Demand,27556,megawatthours
2026-02-09 01:00:00+00:00,CAL,California,D,Demand,27243,megawatthours
2026-02-09 02:00:00+00:00,CAL,California,D,Demand,28218,megawatthours
2026-02-09 03:00:00+00:00,CAL,California,D,Demand,28720,megawatthours
2026-02-09 04:00:00+00:00,CAL,California,D,Demand,28460,megawatthours
2026-02-09 05:00:00+00:00,CAL,California,D,Demand,28002,megawatthours
2026-02-09 06:00:00+00:00,CAL,California,D,Demand,27479,megawatthours
2026-02-09 07:00:00+00:00,CAL,California,D,Demand,26133,megawatthours
2026-02-09 08:00:00+00:00,CAL,California,D,Demand,24994,megawatthours
2026-02-09 09:00:00+00:00,CAL,California,D,Demand,24839,megawatthours
2026-02-09 10:00:00+00:00,CAL,California,D,Demand,24072,megawatthours
2026-02-09 11:00:00+00:00,CAL,California,D,Demand,24141,megawatthours
2026-02-09 12:00:00+00:00,CAL,California,D,Demand,23276,megawatthours
2026-02-09 13:00:00+00:00,CAL,California,D,Demand,24159,megawatthours
2026-02-09 14:00:00+00:00,CAL,California,D,Demand,25550,megawatthours
2026-02-09 15:00:00+00:00,CAL,California,D,Demand,27758,megawatthours
2026-02-09 16:00:00+00:00,CAL,California,D,Demand,28988,megawatthours
2026-02-09 17:00:00+00:00,CAL,California,D,Demand,31936,megawatthours
2026-02-09 18:00:00+00:00,CAL,California,D,Demand,32660,megawatthours
2026-02-09 19:00:00+00:00,CAL,California,D,Demand,33043,megawatthours
2026-02-09 20:00:00+00:00,CAL,California,D,Demand,32778,megawatthours
2026-02-09 21:00:00+00:00,CAL,California,D,Demand,32222,megawatthours
2026-02-09 22:00:00+00:00,CAL,California,D,Demand,31776,megawatthours
2026-02-09 23:00:00+00:00,CAL,California,D,Demand,31411,megawatthours
2026-02-10 00:00:00+00:00,CAL,California,D,Demand,28413,megawatthours
2026-02-10 01:00:00+00:00,CAL,California,D,Demand,29750,megawatthours
2026-02-10 02:00:00+00:00,CAL,California,D,Demand,31803,megawatthours
2026-02-10 03:00:00+00:00,CAL,California,D,Demand,32148,megawatthours
2026-02-10 04:00:00+00:00,CAL,California,D,Demand,31460,megawatthours
2026-02-10 05:00:00+00:00,CAL,California,D,Demand,30606,megawatthours
2026-02-10 06:00:00+00:00,CAL,California,D,Demand,29737,megawatthours
2026-02-10 07:00:00+00:00,CAL,California,D,Demand,28110,megawatthours
2026-02-10 08:00:00+00:00,CAL,California,D,Demand,26868,megawatthours
2026-02-10 09:00:00+00:00,CAL,California,D,Demand,26327,megawatthours
2026-02-10 10:00:00+00:00,CAL,California,D,Demand,25111,megawatthours
2026-02-10 11:00:00+00:00,CAL,California,D,Demand,24593,megawatthours
2026-02-10 12:00:00+00:00,CAL,California,D,Demand,24059,megawatthours
2026-02-10 13:00:00+00:00,CAL,California,D,Demand,24681,megawatthours
2026-02-10 14:00:00+00:00,CAL,California,D,Demand,25697,megawatthours
2026-02-10 15:00:00+00:00,CAL,California,D,Demand,28294,megawatthours
2026-02-10 16:00:00+00:00,CAL,California,D,Demand,30056,megawatthours
2026-02-10 17:00:00+00:00,CAL,California,D,Demand,30965,megawatthours
2026-02-10 18:00:00+00:00,CAL,California,D,Demand,31193,megawatthours
2026-02-10 19:00:00+00:00,CAL,California,D,Demand,31900,megawatthours
2026-02-10 20:00:00+00:00,CAL,California,D,Demand,33190,megawatthours
2026-02-10 21:00:00+00:00,CAL,California,D,Demand,33333,megawatthours
2026-02-10 22:00:00+00:00,CAL,California,D,Demand,34609,megawatthours
2026-02-10 23:00:00+00:00,CAL,California,D,Demand,32602,megawatthours
2026-02-11 00:00:00+00:00,CAL,California,D,Demand,31188,megawatthours
2026-02-11 01:00:00+00:00,CAL,California,D,Demand,30411,megawatthours
2026-02-11 02:00:00+00:00,CAL,California,D,Demand,32087,megawatthours
2026-02-11 03:00:00+00:00,CAL,California,D,Demand,32272,megawatthours
2026-02-11 04:00:00+00:00,CAL,California,D,Demand,31808,megawatthours
2026-02-11 05:00:00+00:00,CAL,California,D,Demand,31083,megawatthours
2026-02-11 06:00:00+00:00,CAL,California,D,Demand,29903,megawatthours
2026-02-11 07:00:00+00:00,CAL,California,D,Demand,28160,megawatthours
2026-02-11 08:00:00+00:00,CAL,California,D,Demand,26598,megawatthours
2026-02-11 09:00:00+00:00,CAL,California,D,Demand,25980,megawatthours
2026-02-11 10:00:00+00:00,CAL,California,D,Demand,24967,megawatthours
2026-02-11 11:00:00+00:00,CAL,California,D,Demand,24925,megawatthours
2026-02-11 12:00:00+00:00,CAL,California,D,Demand,24552,megawatthours
2026-02-11 13:00:00+00:00,CAL,California,D,Demand,24644,megawatthours
2026-02-11 14:00:00+00:00,CAL,California,D,Demand,25672,megawatthours
2026-02-11 15:00:00+00:00,CAL,California,D,Demand,28044,megawatthours
2026-02-11 16:00:00+00:00,CAL,California,D,Demand,29669,megawatthours
2026-02-11 17:00:00+00:00,CAL,California,D,Demand,30891,megawatthours
2026-02-11 18:00:00+00:00,CAL,California,D,Demand,31228,megawatthours
2026-02-11 19:00:00+00:00,CAL,California,D,Demand,32204,megawatthours
2026-02-11 20:00:00+00:00,CAL,California,D,Demand,33063,megawatthours
2026-02-11 21:00:00+00:00,CAL,California,D,Demand,32849,megawatthours
2026-02-11 22:00:00+00:00,CAL,California,D,Demand,33500,megawatthours
2026-02-11 23:00:00+00:00,CAL,California,D,Demand,32492,megawatthours
2026-02-12 00:00:00+00:00,CAL,California,D,Demand,30848,megawatthours
2026-02-12 01:00:00+00:00,CAL,California,D,Demand,29731,megawatthours
2026-02-12 02:00:00+00:00,CAL,California,D,Demand,31151,megawatthours
2026-02-12 03:00:00+00:00,CAL,California,D,Demand,31961,megawatthours
2026-02-12 04:00:00+00:00,CAL,California,D,Demand,31360,megawatthours
2026-02-12 05:00:00+00:00,CAL,California,D,Demand,30740,megawatthours
2026-02-12 06:00:00+00:00,CAL,California,D,Demand,30079,megawatthours
2026-02-12 07:00:00+00:00,CAL,California,D,Demand,28566,megawatthours
2026-02-12 08:00:00+00:00,CAL,California,D,Demand,26806,megawatthours
2026-02-12 09:00:00+00:00,CAL,California,D,Demand,26553,megawatthours
2026-02-12 10:00:00+00:00,CAL,California,D,Demand,25506,megawatthours
2026-02-12 11:00:00+00:00,CAL,California,D,Demand,24945,megawatthours
2026-02-12 12:00:00+00:00,CAL,California,D,Demand,24330,megawatthours
2026-02-12 13:00:00+00:00,CAL,California,D,Demand,24704,megawatthours
2026-02-12 14:00:00+00:00,CAL,California,D,Demand,26431,megawatthours
2026-02-12 15:00:00+00:00,CAL,California,D,Demand,28874,megawatthours
2026-02-12 16:00:00+00:00,CAL,California,D,Demand,30130,megawatthours
2026-02-12 17:00:00+00:00,CAL,California,D,Demand,30883,megawatthours
2026-02-12 18:00:00+00:00,CAL,California,D,Demand,31434,megawatthours
2026-02-12 19:00:00+00:00,CAL,California,D,Demand,30579,megawatthours
2026-02-12 20:00:00+00:00,CAL,California,D,Demand,30471,megawatthours
2026-02-12 21:00:00+00:00,CAL,California,D,Demand,30400,megawatthours
2026-02-12 22:00:00+00:00,CAL,California,D,Demand,29134,megawatthours
2026-02-12 23:00:00+00:00,CAL,California,D,Demand,27900,megawatthours
2026-02-13 00:00:00+00:00,CAL,California,D,Demand,27350,megawatthours
2026-02-13 01:00:00+00:00,CAL,California,D,Demand,27436,megawatthours
2026-02-13 02:00:00+00:00,CAL,California,D,Demand,30087,megawatthours
2026-02-13 03:00:00+00:00,CAL,California,D,Demand,31020,megawatthours
2026-02-13 04:00:00+00:00,CAL,California,D,Demand,30549,megawatthours
2026-02-13 05:00:00+00:00,CAL,California,D,Demand,30130,megawatthours
2026-02-13 06:00:00+00:00,CAL,California,D,Demand,29395,megawatthours
2026-02-13 07:00:00+00:00,CAL,California,D,Demand,28196,megawatthours
2026-02-13 08:00:00+00:00,CAL,California,D,Demand,26755,megawatthours
2026-02-13 09:00:00+00:00,CAL,California,D,Demand,26312,megawatthours
2026-02-13 10:00:00+00:00,CAL,California,D,Demand,25635,megawatthours
2026-02-13 11:00:00+00:00,CAL,California,D,Demand,24591,megawatthours
2026-02-13 12:00:00+00:00,CAL,California,D,Demand,24318,megawatthours
2026-02-13 13:00:00+00:00,CAL,California,D,Demand,24524,megawatthours
2026-02-13 14:00:00+00:00,CAL,California,D,Demand,26153,megawatthours
2026-02-13 15:00:00+00:00,CAL,California,D,Demand,28442,megawatthours
2026-02-13 16:00:00+00:00,CAL,California,D,Demand,29441,megawatthours
2026-02-13 17:00:00+00:00,CAL,California,D,Demand,28642,megawatthours
2026-02-13 18:00:00+00:00,CAL,California,D,Demand,28501,megawatthours
2026-02-13 19:00:00+00:00,CAL,California,D,Demand,28959,megawatthours
2026-02-13 20:00:00+00:00,CAL,California,D,Demand,29679,megawatthours
2026-02-13 21:00:00+00:00,CAL,California,D,Demand,29615,megawatthours
2026-02-13 22:00:00+00:00,CAL,California,D,Demand,29705,megawatthours
2026-02-13 23:00:00+00:00,CAL,California,D,Demand,30725,megawatthours
2026-02-14 00:00:00+00:00,CAL,California,D,Demand,30142,megawatthours
2026-02-14 01:00:00+00:00,CAL,California,D,Demand,28112,megawatthours
2026-02-14 02:00:00+00:00,CAL,California,D,Demand,29642,megawatthours
2026-02-14 03:00:00+00:00,CAL,California,D,Demand,30790,megawatthours
2026-02-14 04:00:00+00:00,CAL,California,D,Demand,30303,megawatthours
2026-02-14 05:00:00+00:00,CAL,California,D,Demand,29674,megawatthours
2026-02-14 06:00:00+00:00,CAL,California,D,Demand,29129,megawatthours
2026-02-14 07:00:00+00:00,CAL,California,D,Demand,28018,megawatthours
2026-02-14 08:00:00+00:00,CAL,California,D,Demand,26821,megawatthours
2026-02-14 09:00:00+00:00,CAL,California,D,Demand,26610,megawatthours
2026-02-14 10:00:00+00:00,CAL,California,D,Demand,25443,megawatthours
2026-02-14 11:00:00+00:00,CAL,California,D,Demand,24756,megawatthours
2026-02-14 12:00:00+00:00,CAL,California,D,Demand,24196,megawatthours
2026-02-14 13:00:00+00:00,CAL,California,D,Demand,24260,megawatthours
2026-02-14 14:00:00+00:00,CAL,California,D,Demand,25072,megawatthours
2026-02-14 15:00:00+00:00,CAL,California,D,Demand,26177,megawatthours
2026-02-14 16:00:00+00:00,CAL,California,D,Demand,27347,megawatthours
2026-02-14 17:00:00+00:00,CAL,California,D,Demand,29497,megawatthours
2026-02-14 18:00:00+00:00,CAL,California,D,Demand,31248,megawatthours
2026-02-14 19:00:00+00:00,CAL,California,D,Demand,30446,megawatthours
2026-02-14 20:00:00+00:00,CAL,California,D,Demand,30200,megawatthours
2026-02-14 21:00:00+00:00,CAL,California,D,Demand,29528,megawatthours
2026-02-14 22:00:00+00:00,CAL,California,D,Demand,28180,megawatthours
2026-02-14 23:00:00+00:00,CAL,California,D,Demand,26894,megawatthours
2026-02-15 00:00:00+00:00,CAL,California,D,Demand,25924,megawatthours
2026-02-15 01:00:00+00:00,CAL,California,D,Demand,26606,megawatthours
2026-02-15 02:00:00+00:00,CAL,California,D,Demand,28561,megawatthours
2026-02-15 03:00:00+00:00,CAL,California,D,Demand,29184,megawatthours
2026-02-15 04:00:00+00:00,CAL,California,D,Demand,28695,megawatthours
2026-02-15 05:00:00+00:00,CAL,California,D,Demand,28230,megawatthours
2026-02-15 06:00:00+00:00,CAL,California,D,Demand,27780,megawatthours
2026-02-15 07:00:00+00:00,CAL,California,D,Demand,27116,megawatthours
2026-02-15 08:00:00+00:00,CAL,California,D,Demand,25711,megawatthours
2026-02-15 09:00:00+00:00,CAL,California,D,Demand,25023,megawatthours
2026-02-15 10:00:00+00:00,CAL,California,D,Demand,24051,megawatthours
2026-02-15 11:00:00+00:00,CAL,California,D,Demand,23470,megawatthours
2026-02-15 12:00:00+00:00,CAL,California,D,Demand,22820,megawatthours
2026-02-15 13:00:00+00:00,CAL,California,D,Demand,22852,megawatthours
2026-02-15 14:00:00+00:00,CAL,California,D,Demand,23267,megawatthours
2026-02-15 15:00:00+00:00,CAL,California,D,Demand,23842,megawatthours
2026-02-15 16:00:00+00:00,CAL,California,D,Demand,24099,megawatthours
2026-02-15 17:00:00+00:00,CAL,California,D,Demand,24901,megawatthours
2026-02-15 18:00:00+00:00,CAL,California,D,Demand,27063,megawatthours
2026-02-15 19:00:00+00:00,CAL,California,D,Demand,27738,megawatthours
2026-02-15 20:00:00+00:00,CAL,California,D,Demand,29284,megawatthours
2026-02-15 21:00:00+00:00,CAL,California,D,Demand,29667,megawatthours
2026-02-15 22:00:00+00:00,CAL,California,D,Demand,29550,megawatthours
2026-02-15 23:00:00+00:00,CAL,California,D,Demand,28232,megawatthours
2026-02-16 00:00:00+00:00,CAL,California,D,Demand,27183,megawatthours
2026-02-16 01:00:00+00:00,CAL,California,D,Demand,26960,megawatthours
2026-02-16 02:00:00+00:00,CAL,California,D,Demand,28685,megawatthours
2026-02-16 03:00:00+00:00,CAL,California,D,Demand,29407,megawatthours
2026-02-16 04:00:00+00:00,CAL,California,D,Demand,29178,megawatthours
2026-02-16 05:00:00+00:00,CAL,California,D,Demand,28560,megawatthours
2026-02-16 06:00:00+00:00,CAL,California,D,Demand,28308,megawatthours
2026-02-16 07:00:00+00:00,CAL,California,D,Demand,27281,megawatthours
2026-02-16 08:00:00+00:00,CAL,California,D,Demand,25958,megawatthours
2026-02-16 09:00:00+00:00,CAL,California,D,Demand,26061,megawatthours
2026-02-16 10:00:00+00:00,CAL,California,D,Demand,25489,megawatthours
2026-02-16 11:00:00+00:00,CAL,California,D,Demand,25023,megawatthours
2026-02-16 12:00:00+00:00,CAL,California,D,Demand,24714,megawatthours
2026-02-16 13:00:00+00:00,CAL,California,D,Demand,25653,megawatthours
2026-02-16 14:00:00+00:00,CAL,California,D,Demand,25802,megawatthours
2026-02-16 15:00:00+00:00,CAL,California,D,Demand,27100,megawatthours
2026-02-16 16:00:00+00:00,CAL,California,D,Demand,28165,megawatthours
2026-02-16 17:00:00+00:00,CAL,California,D,Demand,30052,megawatthours
2026-02-16 18:00:00+00:00,CAL,California,D,Demand,31807,megawatthours
2026-02-16 19:00:00+00:00,CAL,California,D,Demand,33788,megawatthours
2026-02-16 20:00:00+00:00,CAL,California,D,Demand,36041,megawatthours
2026-02-16 21:00:00+00:00,CAL,California,D,Demand,36667,megawatthours
2026-02-16 22:00:00+00:00,CAL,California,D,Demand,35838,megawatthours
2026-02-16 23:00:00+00:00,CAL,California,D,Demand,33200,megawatthours
2026-02-17 00:00:00+00:00,CAL,California,D,Demand,32393,megawatthours
2026-02-17 01:00:00+00:00,CAL,California,D,Demand,32462,megawatthours
2026-02-17 02:00:00+00:00,CAL,California,D,Demand,33480,megawatthours
2026-02-17 03:00:00+00:00,CAL,California,D,Demand,33955,megawatthours
2026-02-17 04:00:00+00:00,CAL,California,D,Demand,33120,megawatthours
2026-02-17 05:00:00+00:00,CAL,California,D,Demand,32336,megawatthours
2026-02-17 06:00:00+00:00,CAL,California,D,Demand,31370,megawatthours
2026-02-17 07:00:00+00:00,CAL,California,D,Demand,29959,megawatthours
2026-02-17 08:00:00+00:00,CAL,California,D,Demand,28437,megawatthours
2026-02-17 09:00:00+00:00,CAL,California,D,Demand,27508,megawatthours
2026-02-17 10:00:00+00:00,CAL,California,D,Demand,26596,megawatthours
2026-02-17 11:00:00+00:00,CAL,California,D,Demand,25643,megawatthours
2026-02-17 12:00:00+00:00,CAL,California,D,Demand,25634,megawatthours
2026-02-17 13:00:00+00:00,CAL,California,D,Demand,25854,megawatthours
2026-02-17 14:00:00+00:00,CAL,California,D,Demand,27407,megawatthours
2026-02-17 15:00:00+00:00,CAL,California,D,Demand,29930,megawatthours
2026-02-17 16:00:00+00:00,CAL,California,D,Demand,32127,megawatthours
2026-02-17 17:00:00+00:00,CAL,California,D,Demand,35912,megawatthours
2026-02-17 18:00:00+00:00,CAL,California,D,Demand,36135,megawatthours
2026-02-17 19:00:00+00:00,CAL,California,D,Demand,36324,megawatthours
2026-02-17 20:00:00+00:00,CAL,California,D,Demand,36788,megawatthours
2026-02-17 21:00:00+00:00,CAL,California,D,Demand,36093,megawatthours
2026-02-17 22:00:00+00:00,CAL,California,D,Demand,35023,megawatthours
2026-02-17 23:00:00+00:00,CAL,California,D,Demand,33792,megawatthours
2026-02-18 00:00:00+00:00,CAL,California,D,Demand,33440,megawatthours
2026-02-18 01:00:00+00:00,CAL,California,D,Demand,32364,megawatthours
2026-02-18 02:00:00+00:00,CAL,California,D,Demand,33662,megawatthours
2026-02-18 03:00:00+00:00,CAL,California,D,Demand,34462,megawatthours
2026-02-18 04:00:00+00:00,CAL,California,D,Demand,33889,megawatthours
2026-02-18 05:00:00+00:00,CAL,California,D,Demand,33225,megawatthours
2026-02-18 06:00:00+00:00,CAL,California,D,Demand,32299,megawatthours
2026-02-18 07:00:00+00:00,CAL,California,D,Demand,30538,megawatthours
2026-02-18 08:00:00+00:00,CAL,California,D,Demand,29177,megawatthours
2026-02-18 09:00:00+00:00,CAL,California,D,Demand,28232,megawatthours
2026-02-18 10:00:00+00:00,CAL,California,D,Demand,27468,megawatthours
2026-02-18 11:00:00+00:00,CAL,California,D,Demand,27181,megawatthours
2026-02-18 12:00:00+00:00,CAL,California,D,Demand,26825,megawatthours
2026-02-18 13:00:00+00:00,CAL,California,D,Demand,27141,megawatthours
2026-02-18 14:00:00+00:00,CAL,California,D,Demand,28473,megawatthours
2026-02-18 15:00:00+00:00,CAL,California,D,Demand,31161,megawatthours
2026-02-18 16:00:00+00:00,CAL,California,D,Demand,32308,megawatthours
2026-02-18 17:00:00+00:00,CAL,California,D,Demand,32572,megawatthours
2026-02-18 18:00:00+00:00,CAL,California,D,Demand,33139,megawatthours
2026-02-18 19:00:00+00:00,CAL,California,D,Demand,33084,megawatthours
2026-02-18 20:00:00+00:00,CAL,California,D,Demand,32657,megawatthours
2026-02-18 21:00:00+00:00,CAL,California,D,Demand,33341,megawatthours
2026-02-18 22:00:00+00:00,CAL,California,D,Demand,33053,megawatthours
2026-02-18 23:00:00+00:00,CAL,California,D,Demand,31475,megawatthours
2026-02-19 00:00:00+00:00,CAL,California,D,Demand,30249,megawatthours
2026-02-19 01:00:00+00:00,CAL,California,D,Demand,30225,megawatthours
2026-02-19 02:00:00+00:00,CAL,California,D,Demand,32646,megawatthours
2026-02-19 03:00:00+00:00,CAL,California,D,Demand,34164,megawatthours
2026-02-19 04:00:00+00:00,CAL,California,D,Demand,33693,megawatthours
2026-02-19 05:00:00+00:00,CAL,California,D,Demand,33140,megawatthours
2026-02-19 06:00:00+00:00,CAL,California,D,Demand,32412,megawatthours
2026-02-19 07:00:00+00:00,CAL,California,D,Demand,30759,megawatthours
2026-02-19 08:00:00+00:00,CAL,California,D,Demand,29226,megawatthours
2026-02-19 09:00:00+00:00,CAL,California,D,Demand,29314,megawatthours
2026-02-19 10:00:00+00:00,CAL,California,D,Demand,27251,megawatthours
2026-02-19 11:00:00+00:00,CAL,California,D,Demand,26999,megawatthours
2026-02-19 12:00:00+00:00,CAL,California,D,Demand,26876,megawatthours
2026-02-19 13:00:00+00:00,CAL,California,D,Demand,27169,megawatthours
2026-02-19 14:00:00+00:00,CAL,California,D,Demand,28633,megawatthours
2026-02-19 15:00:00+00:00,CAL,California,D,Demand,30933,megawatthours
2026-02-19 16:00:00+00:00,CAL,California,D,Demand,33748,megawatthours
2026-02-19 17:00:00+00:00,CAL,California,D,Demand,36259,megawatthours
2026-02-19 18:00:00+00:00,CAL,California,D,Demand,36454,megawatthours
2026-02-19 19:00:00+00:00,CAL,California,D,Demand,35582,megawatthours
2026-02-19 20:00:00+00:00,CAL,California,D,Demand,35349,megawatthours
2026-02-19 21:00:00+00:00,CAL,California,D,Demand,33732,megawatthours
2026-02-19 22:00:00+00:00,CAL,California,D,Demand,33157,megawatthours
2026-02-19 23:00:00+00:00,CAL,California,D,Demand,32933,megawatthours
2026-02-20 00:00:00+00:00,CAL,California,D,Demand,32426,megawatthours
2026-02-20 01:00:00+00:00,CAL,California,D,Demand,31736,megawatthours
2026-02-20 02:00:00+00:00,CAL,California,D,Demand,33324,megawatthours
2026-02-20 03:00:00+00:00,CAL,California,D,Demand,34870,megawatthours
2026-02-20 04:00:00+00:00,CAL,California,D,Demand,34462,megawatthours
2026-02-20 05:00:00+00:00,CAL,California,D,Demand,33860,megawatthours
2026-02-20 06:00:00+00:00,CAL,California,D,Demand,33278,megawatthours
2026-02-20 07:00:00+00:00,CAL,California,D,Demand,31467,megawatthours
2026-02-20 08:00:00+00:00,CAL,California,D,Demand,29696,megawatthours
2026-02-20 09:00:00+00:00,CAL,California,D,Demand,29207,megawatthours
2026-02-20 10:00:00+00:00,CAL,California,D,Demand,28035,megawatthours
2026-02-20 11:00:00+00:00,CAL,California,D,Demand,27961,megawatthours
2026-02-20 12:00:00+00:00,CAL,California,D,Demand,28003,megawatthours
2026-02-20 13:00:00+00:00,CAL,California,D,Demand,28049,megawatthours
2026-02-20 14:00:00+00:00,CAL,California,D,Demand,30153,megawatthours
2026-02-20 15:00:00+00:00,CAL,California,D,Demand,32430,megawatthours
2026-02-20 16:00:00+00:00,CAL,California,D,Demand,33987,megawatthours
2026-02-20 17:00:00+00:00,CAL,California,D,Demand,34655,megawatthours
2026-02-20 18:00:00+00:00,CAL,California,D,Demand,33810,megawatthours
2026-02-20 19:00:00+00:00,CAL,California,D,Demand,33816,megawatthours
2026-02-20 20:00:00+00:00,CAL,California,D,Demand,33096,megawatthours
2026-02-20 21:00:00+00:00,CAL,California,D,Demand,31918,megawatthours
2026-02-20 22:00:00+00:00,CAL,California,D,Demand,32233,megawatthours
2026-02-20 23:00:00+00:00,CAL,California,D,Demand,32005,megawatthours
2026-02-21 00:00:00+00:00,CAL,California,D,Demand,31113,megawatthours
2026-02-21 01:00:00+00:00,CAL,California,D,Demand,29128,megawatthours
2026-02-21 02:00:00+00:00,CAL,California,D,Demand,31384,megawatthours
2026-02-21 03:00:00+00:00,CAL,California,D,Demand,33157,megawatthours
2026-02-21 04:00:00+00:00,CAL,California,D,Demand,33184,megawatthours
2026-02-21 05:00:00+00:00,CAL,California,D,Demand,32756,megawatthours
2026-02-21 06:00:00+00:00,CAL,California,D,Demand,32523,megawatthours
2026-02-21 07:00:00+00:00,CAL,California,D,Demand,31290,megawatthours
2026-02-21 08:00:00+00:00,CAL,California,D,Demand,29837,megawatthours
2026-02-21 09:00:00+00:00,CAL,California,D,Demand,29615,megawatthours
2026-02-21 10:00:00+00:00,CAL,California,D,Demand,28618,megawatthours
2026-02-21 11:00:00+00:00,CAL,California,D,Demand,27860,megawatthours
2026-02-21 12:00:00+00:00,CAL,California,D,Demand,27685,megawatthours
2026-02-21 13:00:00+00:00,CAL,California,D,Demand,27637,megawatthours
2026-02-21 14:00:00+00:00,CAL,California,D,Demand,28196,megawatthours
2026-02-21 15:00:00+00:00,CAL,California,D,Demand,29090,megawatthours
2026-02-21 16:00:00+00:00,CAL,California,D,Demand,29964,megawatthours
2026-02-21 17:00:00+00:00,CAL,California,D,Demand,31186,megawatthours
2026-02-21 18:00:00+00:00,CAL,California,D,Demand,30506,megawatthours
2026-02-21 19:00:00+00:00,CAL,California,D,Demand,29357,megawatthours
2026-02-21 20:00:00+00:00,CAL,California,D,Demand,28039,megawatthours
2026-02-21 21:00:00+00:00,CAL,California,D,Demand,26213,megawatthours
2026-02-21 22:00:00+00:00,CAL,California,D,Demand,24979,megawatthours
2026-02-21 23:00:00+00:00,CAL,California,D,Demand,24560,megawatthours
2026-02-22 00:00:00+00:00,CAL,California,D,Demand,24790,megawatthours
2026-02-22 01:00:00+00:00,CAL,California,D,Demand,25913,megawatthours
2026-02-22 02:00:00+00:00,CAL,California,D,Demand,28667,megawatthours
2026-02-22 03:00:00+00:00,CAL,California,D,Demand,30396,megawatthours
2026-02-22 04:00:00+00:00,CAL,California,D,Demand,30342,megawatthours
2026-02-22 05:00:00+00:00,CAL,California,D,Demand,29922,megawatthours
2026-02-22 06:00:00+00:00,CAL,California,D,Demand,29538,megawatthours
2026-02-22 07:00:00+00:00,CAL,California,D,Demand,28607,megawatthours
2026-02-22 08:00:00+00:00,CAL,California,D,Demand,27428,megawatthours
2026-02-22 09:00:00+00:00,CAL,California,D,Demand,27036,megawatthours
2026-02-22 10:00:00+00:00,CAL,California,D,Demand,26129,megawatthours
2026-02-22 11:00:00+00:00,CAL,California,D,Demand,25667,megawatthours
2026-02-22 12:00:00+00:00,CAL,California,D,Demand,24996,megawatthours
2026-02-22 13:00:00+00:00,CAL,California,D,Demand,25036,megawatthours
2026-02-22 14:00:00+00:00,CAL,California,D,Demand,25688,megawatthours
2026-02-22 15:00:00+00:00,CAL,California,D,Demand,26332,megawatthours
2026-02-22 16:00:00+00:00,CAL,California,D,Demand,27574,megawatthours
2026-02-22 17:00:00+00:00,CAL,California,D,Demand,27761,megawatthours
2026-02-22 18:00:00+00:00,CAL,California,D,Demand,27336,megawatthours
2026-02-22 19:00:00+00:00,CAL,California,D,Demand,27228,megawatthours
2026-02-22 20:00:00+00:00,CAL,California,D,Demand,26812,megawatthours
2026-02-22 21:00:00+00:00,CAL,California,D,Demand,25632,megawatthours
2026-02-22 22:00:00+00:00,CAL,California,D,Demand,25488,megawatthours
2026-02-22 23:00:00+00:00,CAL,California,D,Demand,24990,megawatthours
2026-02-23 00:00:00+00:00,CAL,California,D,Demand,24259,megawatthours
2026-02-23 01:00:00+00:00,CAL,California,D,Demand,25487,megawatthours
2026-02-23 02:00:00+00:00,CAL,California,D,Demand,28438,megawatthours
2026-02-23 03:00:00+00:00,CAL,California,D,Demand,30145,megawatthours
2026-02-23 04:00:00+00:00,CAL,California,D,Demand,29807,megawatthours
2026-02-23 05:00:00+00:00,CAL,California,D,Demand,29258,megawatthours
2026-02-23 06:00:00+00:00,CAL,California,D,Demand,28636,megawatthours
2026-02-23 07:00:00+00:00,CAL,California,D,Demand,27474,megawatthours
2026-02-23 08:00:00+00:00,CAL,California,D,Demand,26273,megawatthours
2026-02-23 09:00:00+00:00,CAL,California,D,Demand,26083,megawatthours
2026-02-23 10:00:00+00:00,CAL,California,D,Demand,25531,megawatthours
2026-02-23 11:00:00+00:00,CAL,California,D,Demand,24980,megawatthours
2026-02-23 12:00:00+00:00,CAL,California,D,Demand,25129,megawatthours
2026-02-23 13:00:00+00:00,CAL,California,D,Demand,25461,megawatthours
2026-02-23 14:00:00+00:00,CAL,California,D,Demand,27183,megawatthours
2026-02-23 15:00:00+00:00,CAL,California,D,Demand,29563,megawatthours
2026-02-23 16:00:00+00:00,CAL,California,D,Demand,30827,megawatthours
2026-02-23 17:00:00+00:00,CAL,California,D,Demand,31572,megawatthours
2026-02-23 18:00:00+00:00,CAL,California,D,Demand,31953,megawatthours
2026-02-23 19:00:00+00:00,CAL,California,D,Demand,31838,megawatthours
2026-02-23 20:00:00+00:00,CAL,California,D,Demand,31853,megawatthours
2026-02-23 21:00:00+00:00,CAL,California,D,Demand,30383,megawatthours
2026-02-23 22:00:00+00:00,CAL,California,D,Demand,30405,megawatthours
2026-02-23 23:00:00+00:00,CAL,California,D,Demand,30319,megawatthours
2026-02-24 00:00:00+00:00,CAL,California,D,Demand,30570,megawatthours
2026-02-24 01:00:00+00:00,CAL,California,D,Demand,29954,megawatthours
2026-02-24 02:00:00+00:00,CAL,California,D,Demand,31606,megawatthours
2026-02-24 03:00:00+00:00,CAL,California,D,Demand,32605,megawatthours
2026-02-24 04:00:00+00:00,CAL,California,D,Demand,31977,megawatthours
2026-02-24 05:00:00+00:00,CAL,California,D,Demand,30979,megawatthours
2026-02-24 06:00:00+00:00,CAL,California,D,Demand,30011,megawatthours
2026-02-24 07:00:00+00:00,CAL,California,D,Demand,28406,megawatthours
2026-02-24 08:00:00+00:00,CAL,California,D,Demand,26710,megawatthours
2026-02-24 09:00:00+00:00,CAL,California,D,Demand,26137,megawatthours
2026-02-24 10:00:00+00:00,CAL,California,D,Demand,25529,megawatthours
2026-02-24 11:00:00+00:00,CAL,California,D,Demand,25183,megawatthours
2026-02-24 12:00:00+00:00,CAL,California,D,Demand,25041,megawatthours
2026-02-24 13:00:00+00:00,CAL,California,D,Demand,25328,megawatthours
2026-02-24 14:00:00+00:00,CAL,California,D,Demand,26699,megawatthours
2026-02-24 15:00:00+00:00,CAL,California,D,Demand,28822,megawatthours
2026-02-24 16:00:00+00:00,CAL,California,D,Demand,30685,megawatthours
2026-02-24 17:00:00+00:00,CAL,California,D,Demand,32061,megawatthours
2026-02-24 18:00:00+00:00,CAL,California,D,Demand,32865,megawatthours
2026-02-24 19:00:00+00:00,CAL,California,D,Demand,34051,megawatthours
2026-02-24 20:00:00+00:00,CAL,California,D,Demand,33608,megawatthours
2026-02-24 21:00:00+00:00,CAL,California,D,Demand,33318,megawatthours
2026-02-24 22:00:00+00:00,CAL,California,D,Demand,35303,megawatthours
2026-02-24 23:00:00+00:00,CAL,California,D,Demand,33094,megawatthours
2026-02-25 00:00:00+00:00,CAL,California,D,Demand,31951,megawatthours
2026-02-25 01:00:00+00:00,CAL,California,D,Demand,30757,megawatthours
2026-02-25 02:00:00+00:00,CAL,California,D,Demand,31991,megawatthours
2026-02-25 03:00:00+00:00,CAL,California,D,Demand,32555,megawatthours
2026-02-25 04:00:00+00:00,CAL,California,D,Demand,31877,megawatthours
2026-02-25 05:00:00+00:00,CAL,California,D,Demand,30953,megawatthours
2026-02-25 06:00:00+00:00,CAL,California,D,Demand,30055,megawatthours
2026-02-25 07:00:00+00:00,CAL,California,D,Demand,28566,megawatthours
2026-02-25 08:00:00+00:00,CAL,California,D,Demand,26935,megawatthours
2026-02-25 09:00:00+00:00,CAL,California,D,Demand,26506,megawatthours
2026-02-25 10:00:00+00:00,CAL,California,D,Demand,25847,megawatthours
2026-02-25 11:00:00+00:00,CAL,California,D,Demand,25726,megawatthours
2026-02-25 12:00:00+00:00,CAL,California,D,Demand,25214,megawatthours
2026-02-25 13:00:00+00:00,CAL,California,D,Demand,25433,megawatthours
2026-02-25 14:00:00+00:00,CAL,California,D,Demand,26619,megawatthours
2026-02-25 15:00:00+00:00,CAL,California,D,Demand,28550,megawatthours
2026-02-25 16:00:00+00:00,CAL,California,D,Demand,30191,megawatthours
2026-02-25 17:00:00+00:00,CAL,California,D,Demand,30735,megawatthours
2026-02-25 18:00:00+00:00,CAL,California,D,Demand,32175,megawatthours
2026-02-25 19:00:00+00:00,CAL,California,D,Demand,32603,megawatthours
2026-02-25 20:00:00+00:00,CAL,California,D,Demand,32975,megawatthours
2026-02-25 21:00:00+00:00,CAL,California,D,Demand,32601,megawatthours
2026-02-25 22:00:00+00:00,CAL,California,D,Demand,32975,megawatthours
2026-02-25 23:00:00+00:00,CAL,California,D,Demand,32813,megawatthours
2026-02-26 00:00:00+00:00,CAL,California,D,Demand,33367,megawatthours
2026-02-26 01:00:00+00:00,CAL,California,D,Demand,30891,megawatthours
2026-02-26 02:00:00+00:00,CAL,California,D,Demand,32600,megawatthours
2026-02-26 03:00:00+00:00,CAL,California,D,Demand,33386,megawatthours
2026-02-26 04:00:00+00:00,CAL,California,D,Demand,32819,megawatthours
2026-02-26 05:00:00+00:00,CAL,California,D,Demand,31709,megawatthours
2026-02-26 06:00:00+00:00,CAL,California,D,Demand,30769,megawatthours
2026-02-26 07:00:00+00:00,CAL,California,D,Demand,29124,megawatthours
2026-02-26 08:00:00+00:00,CAL,California,D,Demand,27510,megawatthours
2026-02-26 09:00:00+00:00,CAL,California,D,Demand,27029,megawatthours
2026-02-26 10:00:00+00:00,CAL,California,D,Demand,25857,megawatthours
2026-02-26 11:00:00+00:00,CAL,California,D,Demand,25453,megawatthours
2026-02-26 12:00:00+00:00,CAL,California,D,Demand,25670,megawatthours
2026-02-26 13:00:00+00:00,CAL,California,D,Demand,25091,megawatthours
2026-02-26 14:00:00+00:00,CAL,California,D,Demand,25739,megawatthours
2026-02-26 15:00:00+00:00,CAL,California,D,Demand,27715,megawatthours
2026-02-26 16:00:00+00:00,CAL,California,D,Demand,29509,megawatthours
2026-02-26 17:00:00+00:00,CAL,California,D,Demand,31651,megawatthours
2026-02-26 18:00:00+00:00,CAL,California,D,Demand,33425,megawatthours
2026-02-26 19:00:00+00:00,CAL,California,D,Demand,32401,megawatthours
2026-02-26 20:00:00+00:00,CAL,California,D,Demand,30688,megawatthours
2026-02-26 21:00:00+00:00,CAL,California,D,Demand,30094,megawatthours
2026-02-26 22:00:00+00:00,CAL,California,D,Demand,29463,megawatthours
2026-02-26 23:00:00+00:00,CAL,California,D,Demand,29350,megawatthours
2026-02-27 00:00:00+00:00,CAL,California,D,Demand,30371,megawatthours
2026-02-27 01:00:00+00:00,CAL,California,D,Demand,30729,megawatthours
2026-02-27 02:00:00+00:00,CAL,California,D,Demand,32536,megawatthours
2026-02-27 03:00:00+00:00,CAL,California,D,Demand,33320,megawatthours
2026-02-27 04:00:00+00:00,CAL,California,D,Demand,32580,megawatthours
2026-02-27 05:00:00+00:00,CAL,California,D,Demand,31649,megawatthours
2026-02-27 06:00:00+00:00,CAL,California,D,Demand,30797,megawatthours
2026-02-27 07:00:00+00:00,CAL,California,D,Demand,29315,megawatthours
2026-02-27 08:00:00+00:00,CAL,California,D,Demand,27635,megawatthours
2026-02-27 09:00:00+00:00,CAL,California,D,Demand,26946,megawatthours
2026-02-27 10:00:00+00:00,CAL,California,D,Demand,25569,megawatthours
2026-02-27 11:00:00+00:00,CAL,California,D,Demand,24772,megawatthours
2026-02-27 12:00:00+00:00,CAL,California,D,Demand,24469,megawatthours
2026-02-27 13:00:00+00:00,CAL,California,D,Demand,24521,megawatthours
2026-02-27 14:00:00+00:00,CAL,California,D,Demand,25792,megawatthours
2026-02-27 15:00:00+00:00,CAL,California,D,Demand,27423,megawatthours
2026-02-27 16:00:00+00:00,CAL,California,D,Demand,28820,megawatthours
2026-02-27 17:00:00+00:00,CAL,California,D,Demand,31405,megawatthours
2026-02-27 18:00:00+00:00,CAL,California,D,Demand,32531,megawatthours
2026-02-27 19:00:00+00:00,CAL,California,D,Demand,32000,megawatthours
2026-02-27 20:00:00+00:00,CAL,California,D,Demand,32091,megawatthours
2026-02-27 21:00:00+00:00,CAL,California,D,Demand,32570,megawatthours
2026-02-27 22:00:00+00:00,CAL,California,D,Demand,32219,megawatthours
2026-02-27 23:00:00+00:00,CAL,California,D,Demand,32900,megawatthours
2026-02-28 00:00:00+00:00,CAL,California,D,Demand,33680,megawatthours
2026-02-28 01:00:00+00:00,CAL,California,D,Demand,34122,megawatthours
2026-02-28 02:00:00+00:00,CAL,California,D,Demand,35395,megawatthours
2026-02-28 03:00:00+00:00,CAL,California,D,Demand,34833,megawatthours
2026-02-28 04:00:00+00:00,CAL,California,D,Demand,33684,megawatthours
2026-02-28 05:00:00+00:00,CAL,California,D,Demand,32370,megawatthours
2026-02-28 06:00:00+00:00,CAL,California,D,Demand,31381,megawatthours
2026-02-28 07:00:00+00:00,CAL,California,D,Demand,29975,megawatthours
2026-02-28 08:00:00+00:00,CAL,California,D,Demand,28032,megawatthours
2026-02-28 09:00:00+00:00,CAL,California,D,Demand,27301,megawatthours
2026-02-28 10:00:00+00:00,CAL,California,D,Demand,26015,megawatthours
2026-02-28 11:00:00+00:00,CAL,California,D,Demand,24919,megawatthours
2026-02-28 12:00:00+00:00,CAL,California,D,Demand,24285,megawatthours
2026-02-28 13:00:00+00:00,CAL,California,D,Demand,24092,megawatthours
2026-02-28 14:00:00+00:00,CAL,California,D,Demand,24464,megawatthours
2026-02-28 15:00:00+00:00,CAL,California,D,Demand,24940,megawatthours
2026-02-28 16:00:00+00:00,CAL,California,D,Demand,25389,megawatthours
2026-02-28 17:00:00+00:00,CAL,California,D,Demand,26837,megawatthours
2026-02-28 18:00:00+00:00,CAL,California,D,Demand,27834,megawatthours
2026-02-28 19:00:00+00:00,CAL,California,D,Demand,28882,megawatthours
2026-02-28 20:00:00+00:00,CAL,California,D,Demand,30408,megawatthours
2026-02-28 21:00:00+00:00,CAL,California,D,Demand,31241,megawatthours
2026-02-28 22:00:00+00:00,CAL,California,D,Demand,32504,megawatthours
2026-02-28 23:00:00+00:00,CAL,California,D,Demand,32334,megawatthours
2026-03-01 00:00:00+00:00,CAL,California,D,Demand,32006,megawatthours
2026-03-01 01:00:00+00:00,CAL,California,D,Demand,31205,megawatthours
2026-03-01 02:00:00+00:00,CAL,California,D,Demand,32420,megawatthours
2026-03-01 03:00:00+00:00,CAL,California,D,Demand,32584,megawatthours
2026-03-01 04:00:00+00:00,CAL,California,D,Demand,31485,megawatthours
2026-03-01 05:00:00+00:00,CAL,California,D,Demand,30452,megawatthours
2026-03-01 06:00:00+00:00,CAL,California,D,Demand,29507,megawatthours
2026-03-01 07:00:00+00:00,CAL,California,D,Demand,28064,megawatthours
2026-03-01 08:00:00+00:00,CAL,California,D,Demand,26432,megawatthours
2026-03-01 09:00:00+00:00,CAL,California,D,Demand,25728,megawatthours
2026-03-01 10:00:00+00:00,CAL,California,D,Demand,24745,megawatthours
2026-03-01 11:00:00+00:00,CAL,California,D,Demand,23857,megawatthours
2026-03-01 12:00:00+00:00,CAL,California,D,Demand,23233,megawatthours
2026-03-01 13:00:00+00:00,CAL,California,D,Demand,23024,megawatthours
2026-03-01 14:00:00+00:00,CAL,California,D,Demand,23401,megawatthours
2026-03-01 15:00:00+00:00,CAL,California,D,Demand,23646,megawatthours
2026-03-01 16:00:00+00:00,CAL,California,D,Demand,25130,megawatthours
2026-03-01 17:00:00+00:00,CAL,California,D,Demand,28109,megawatthours
2026-03-01 18:00:00+00:00,CAL,California,D,Demand,28802,megawatthours
2026-03-01 19:00:00+00:00,CAL,California,D,Demand,29604,megawatthours
2026-03-01 20:00:00+00:00,CAL,California,D,Demand,30191,megawatthours
2026-03-01 21:00:00+00:00,CAL,California,D,Demand,30077,megawatthours
2026-03-01 22:00:00+00:00,CAL,California,D,Demand,29919,megawatthours
2026-03-01 23:00:00+00:00,CAL,California,D,Demand,28901,megawatthours
2026-03-02 00:00:00+00:00,CAL,California,D,Demand,29198,megawatthours
2026-03-02 01:00:00+00:00,CAL,California,D,Demand,29023,megawatthours
2026-03-02 02:00:00+00:00,CAL,California,D,Demand,30528,megawatthours
2026-03-02 03:00:00+00:00,CAL,California,D,Demand,31688,megawatthours
2026-03-02 04:00:00+00:00,CAL,California,D,Demand,31183,megawatthours
2026-03-02 05:00:00+00:00,CAL,California,D,Demand,30358,megawatthours
2026-03-02 06:00:00+00:00,CAL,California,D,Demand,29574,megawatthours
2026-03-02 07:00:00+00:00,CAL,California,D,Demand,28031,megawatthours
2026-03-02 08:00:00+00:00,CAL,California,D,Demand,26376,megawatthours
2026-03-02 09:00:00+00:00,CAL,California,D,Demand,25384,megawatthours
2026-03-02 10:00:00+00:00,CAL,California,D,Demand,24256,megawatthours
2026-03-02 11:00:00+00:00,CAL,California,D,Demand,23800,megawatthours
2026-03-02 12:00:00+00:00,CAL,California,D,Demand,23528,megawatthours
2026-03-02 13:00:00+00:00,CAL,California,D,Demand,23841,megawatthours
2026-03-02 14:00:00+00:00,CAL,California,D,Demand,25456,megawatthours
2026-03-02 15:00:00+00:00,CAL,California,D,Demand,27351,megawatthours
2026-03-02 16:00:00+00:00,CAL,California,D,Demand,28768,megawatthours
2026-03-02 17:00:00+00:00,CAL,California,D,Demand,30021,megawatthours
2026-03-02 18:00:00+00:00,CAL,California,D,Demand,30882,megawatthours
2026-03-02 19:00:00+00:00,CAL,California,D,Demand,31238,megawatthours
2026-03-02 20:00:00+00:00,CAL,California,D,Demand,31886,megawatthours
2026-03-02 21:00:00+00:00,CAL,California,D,Demand,32984,megawatthours
2026-03-02 22:00:00+00:00,CAL,California,D,Demand,32782,megawatthours
2026-03-02 23:00:00+00:00,CAL,California,D,Demand,33288,megawatthours
2026-03-03 00:00:00+00:00,CAL,California,D,Demand,32150,megawatthours
2026-03-03 01:00:00+00:00,CAL,California,D,Demand,29623,megawatthours
2026-03-03 02:00:00+00:00,CAL,California,D,Demand,31170,megawatthours
2026-03-03 03:00:00+00:00,CAL,California,D,Demand,32596,megawatthours
2026-03-03 04:00:00+00:00,CAL,California,D,Demand,31990,megawatthours
2026-03-03 05:00:00+00:00,CAL,California,D,Demand,30971,megawatthours
2026-03-03 06:00:00+00:00,CAL,California,D,Demand,30051,megawatthours
2026-03-03 07:00:00+00:00,CAL,California,D,Demand,28660,megawatthours
2026-03-03 08:00:00+00:00,CAL,California,D,Demand,26833,megawatthours
2026-03-03 09:00:00+00:00,CAL,California,D,Demand,26350,megawatthours
2026-03-03 10:00:00+00:00,CAL,California,D,Demand,25340,megawatthours
2026-03-03 11:00:00+00:00,CAL,California,D,Demand,24729,megawatthours
2026-03-03 12:00:00+00:00,CAL,California,D,Demand,24403,megawatthours
2026-03-03 13:00:00+00:00,CAL,California,D,Demand,24682,megawatthours
2026-03-03 14:00:00+00:00,CAL,California,D,Demand,25919,megawatthours
2026-03-03 15:00:00+00:00,CAL,California,D,Demand,27792,megawatthours
2026-03-03 16:00:00+00:00,CAL,California,D,Demand,29113,megawatthours
2026-03-03 17:00:00+00:00,CAL,California,D,Demand,29746,megawatthours
2026-03-03 18:00:00+00:00,CAL,California,D,Demand,30929,megawatthours
2026-03-03 19:00:00+00:00,CAL,California,D,Demand,29664,megawatthours
2026-03-03 20:00:00+00:00,CAL,California,D,Demand,30193,megawatthours
2026-03-03 21:00:00+00:00,CAL,California,D,Demand,29266,megawatthours
2026-03-03 22:00:00+00:00,CAL,California,D,Demand,28335,megawatthours
2026-03-03 23:00:00+00:00,CAL,California,D,Demand,28197,megawatthours
2026-03-04 00:00:00+00:00,CAL,California,D,Demand,27802,megawatthours
2026-03-04 01:00:00+00:00,CAL,California,D,Demand,28856,megawatthours
2026-03-04 02:00:00+00:00,CAL,California,D,Demand,31199,megawatthours
2026-03-04 03:00:00+00:00,CAL,California,D,Demand,32491,megawatthours
2026-03-04 04:00:00+00:00,CAL,California,D,Demand,32070,megawatthours
2026-03-04 05:00:00+00:00,CAL,California,D,Demand,31209,megawatthours
2026-03-04 06:00:00+00:00,CAL,California,D,Demand,30380,megawatthours
2026-03-04 07:00:00+00:00,CAL,California,D,Demand,28875,megawatthours
2026-03-04 08:00:00+00:00,CAL,California,D,Demand,27285,megawatthours
2026-03-04 09:00:00+00:00,CAL,California,D,Demand,26469,megawatthours
2026-03-04 10:00:00+00:00,CAL,California,D,Demand,25304,megawatthours
2026-03-04 11:00:00+00:00,CAL,California,D,Demand,24945,megawatthours
2026-03-04 12:00:00+00:00,CAL,California,D,Demand,24484,megawatthours
2026-03-04 13:00:00+00:00,CAL,California,D,Demand,24758,megawatthours
2026-03-04 14:00:00+00:00,CAL,California,D,Demand,26032,megawatthours
2026-03-04 15:00:00+00:00,CAL,California,D,Demand,27755,megawatthours
2026-03-04 16:00:00+00:00,CAL,California,D,Demand,30133,megawatthours
2026-03-04 17:00:00+00:00,CAL,California,D,Demand,30069,megawatthours
2026-03-04 18:00:00+00:00,CAL,California,D,Demand,30589,megawatthours
2026-03-04 19:00:00+00:00,CAL,California,D,Demand,30171,megawatthours
2026-03-04 20:00:00+00:00,CAL,California,D,Demand,29265,megawatthours
2026-03-04 21:00:00+00:00,CAL,California,D,Demand,28791,megawatthours
2026-03-04 22:00:00+00:00,CAL,California,D,Demand,28505,megawatthours
2026-03-04 23:00:00+00:00,CAL,California,D,Demand,28860,megawatthours
2026-03-05 00:00:00+00:00,CAL,California,D,Demand,29108,megawatthours
2026-03-05 01:00:00+00:00,CAL,California,D,Demand,28976,megawatthours
2026-03-05 02:00:00+00:00,CAL,California,D,Demand,31059,megawatthours
2026-03-05 03:00:00+00:00,CAL,California,D,Demand,32672,megawatthours
2026-03-05 04:00:00+00:00,CAL,California,D,Demand,32478,megawatthours
2026-03-05 05:00:00+00:00,CAL,California,D,Demand,31285,megawatthours
2026-03-05 06:00:00+00:00,CAL,California,D,Demand,30586,megawatthours
2026-03-05 07:00:00+00:00,CAL,California,D,Demand,29218,megawatthours
2026-03-05 08:00:00+00:00,CAL,California,D,Demand,27337,megawatthours
2026-03-05 09:00:00+00:00,CAL,California,D,Demand,26594,megawatthours
2026-03-05 10:00:00+00:00,CAL,California,D,Demand,25509,megawatthours
2026-03-05 11:00:00+00:00,CAL,California,D,Demand,24896,megawatthours
2026-03-05 12:00:00+00:00,CAL,California,D,Demand,24856,megawatthours
2026-03-05 13:00:00+00:00,CAL,California,D,Demand,25216,megawatthours
2026-03-05 14:00:00+00:00,CAL,California,D,Demand,26513,megawatthours
2026-03-05 15:00:00+00:00,CAL,California,D,Demand,28402,megawatthours
2026-03-05 16:00:00+00:00,CAL,California,D,Demand,30170,megawatthours
2026-03-05 17:00:00+00:00,CAL,California,D,Demand,30931,megawatthours
2026-03-05 18:00:00+00:00,CAL,California,D,Demand,30557,megawatthours
2026-03-05 19:00:00+00:00,CAL,California,D,Demand,29782,megawatthours
2026-03-05 20:00:00+00:00,CAL,California,D,Demand,29378,megawatthours
2026-03-05 21:00:00+00:00,CAL,California,D,Demand,29412,megawatthours
2026-03-05 22:00:00+00:00,CAL,California,D,Demand,27682,megawatthours
2026-03-05 23:00:00+00:00,CAL,California,D,Demand,27400,megawatthours
2026-03-06 00:00:00+00:00,CAL,California,D,Demand,27120,megawatthours
2026-03-06 01:00:00+00:00,CAL,California,D,Demand,28501,megawatthours
2026-03-06 02:00:00+00:00,CAL,California,D,Demand,30561,megawatthours
2026-03-06 03:00:00+00:00,CAL,California,D,Demand,31950,megawatthours
2026-03-06 04:00:00+00:00,CAL,California,D,Demand,31645,megawatthours
2026-03-06 05:00:00+00:00,CAL,California,D,Demand,30816,megawatthours
2026-03-06 06:00:00+00:00,CAL,California,D,Demand,30222,megawatthours
2026-03-06 07:00:00+00:00,CAL,California,D,Demand,28743,megawatthours
2026-03-06 08:00:00+00:00,CAL,California,D,Demand,28335,megawatthours
2026-03-06 09:00:00+00:00,CAL,California,D,Demand,26639,megawatthours
2026-03-06 10:00:00+00:00,CAL,California,D,Demand,25922,megawatthours
2026-03-06 11:00:00+00:00,CAL,California,D,Demand,25415,megawatthours
2026-03-06 12:00:00+00:00,CAL,California,D,Demand,25168,megawatthours
2026-03-06 13:00:00+00:00,CAL,California,D,Demand,25735,megawatthours
2026-03-06 14:00:00+00:00,CAL,California,D,Demand,27020,megawatthours
2026-03-06 15:00:00+00:00,CAL,California,D,Demand,28712,megawatthours
2026-03-06 16:00:00+00:00,CAL,California,D,Demand,29636,megawatthours
2026-03-06 17:00:00+00:00,CAL,California,D,Demand,29454,megawatthours
2026-03-06 18:00:00+00:00,CAL,California,D,Demand,28841,megawatthours
2026-03-06 19:00:00+00:00,CAL,California,D,Demand,28857,megawatthours
2026-03-06 20:00:00+00:00,CAL,California,D,Demand,29502,megawatthours
2026-03-06 21:00:00+00:00,CAL,California,D,Demand,29305,megawatthours
2026-03-06 22:00:00+00:00,CAL,California,D,Demand,29105,megawatthours
2026-03-06 23:00:00+00:00,CAL,California,D,Demand,28413,megawatthours
2026-03-07 00:00:00+00:00,CAL,California,D,Demand,27482,megawatthours
2026-03-07 01:00:00+00:00,CAL,California,D,Demand,28300,megawatthours
2026-03-07 02:00:00+00:00,CAL,California,D,Demand,30192,megawatthours
2026-03-07 03:00:00+00:00,CAL,California,D,Demand,31323,megawatthours
2026-03-07 04:00:00+00:00,CAL,California,D,Demand,30815,megawatthours
2026-03-07 05:00:00+00:00,CAL,California,D,Demand,30053,megawatthours
2026-03-07 06:00:00+00:00,CAL,California,D,Demand,29561,megawatthours
2026-03-07 07:00:00+00:00,CAL,California,D,Demand,28552,megawatthours
2026-03-07 08:00:00+00:00,CAL,California,D,Demand,27026,megawatthours
2026-03-07 09:00:00+00:00,CAL,California,D,Demand,26597,megawatthours
2026-03-07 10:00:00+00:00,CAL,California,D,Demand,25645,megawatthours
2026-03-07 11:00:00+00:00,CAL,California,D,Demand,25203,megawatthours
2026-03-07 12:00:00+00:00,CAL,California,D,Demand,24936,megawatthours
2026-03-07 13:00:00+00:00,CAL,California,D,Demand,24604,megawatthours
2026-03-07 14:00:00+00:00,CAL,California,D,Demand,25111,megawatthours
2026-03-07 15:00:00+00:00,CAL,California,D,Demand,25505,megawatthours
2026-03-07 16:00:00+00:00,CAL,California,D,Demand,25917,megawatthours
2026-03-07 17:00:00+00:00,CAL,California,D,Demand,26002,megawatthours
2026-03-07 18:00:00+00:00,CAL,California,D,Demand,26100,megawatthours
2026-03-07 19:00:00+00:00,CAL,California,D,Demand,27344,megawatthours
2026-03-07 20:00:00+00:00,CAL,California,D,Demand,26635,megawatthours
2026-03-07 21:00:00+00:00,CAL,California,D,Demand,26094,megawatthours
2026-03-07 22:00:00+00:00,CAL,California,D,Demand,25994,megawatthours
2026-03-07 23:00:00+00:00,CAL,California,D,Demand,25838,megawatthours
2026-03-08 00:00:00+00:00,CAL,California,D,Demand,26155,megawatthours
2026-03-08 01:00:00+00:00,CAL,California,D,Demand,26421,megawatthours
2026-03-08 02:00:00+00:00,CAL,California,D,Demand,28735,megawatthours
2026-03-08 03:00:00+00:00,CAL,California,D,Demand,30132,megawatthours
2026-03-08 04:00:00+00:00,CAL,California,D,Demand,29095,megawatthours
2026-03-08 05:00:00+00:00,CAL,California,D,Demand,28516,megawatthours
2026-03-08 06:00:00+00:00,CAL,California,D,Demand,28003,megawatthours
2026-03-08 07:00:00+00:00,CAL,California,D,Demand,27061,megawatthours
2026-03-08 08:00:00+00:00,CAL,California,D,Demand,25817,megawatthours
2026-03-08 09:00:00+00:00,CAL,California,D,Demand,25426,megawatthours
2026-03-08 10:00:00+00:00,CAL,California,D,Demand,24325,megawatthours
2026-03-08 11:00:00+00:00,CAL,California,D,Demand,23652,megawatthours
2026-03-08 12:00:00+00:00,CAL,California,D,Demand,23726,megawatthours
2026-03-08 13:00:00+00:00,CAL,California,D,Demand,23880,megawatthours
2026-03-08 14:00:00+00:00,CAL,California,D,Demand,24476,megawatthours
2026-03-08 15:00:00+00:00,CAL,California,D,Demand,24656,megawatthours
2026-03-08 16:00:00+00:00,CAL,California,D,Demand,24403,megawatthours
2026-03-08 17:00:00+00:00,CAL,California,D,Demand,25440,megawatthours
2026-03-08 18:00:00+00:00,CAL,California,D,Demand,26535,megawatthours
2026-03-08 19:00:00+00:00,CAL,California,D,Demand,26345,megawatthours
2026-03-08 20:00:00+00:00,CAL,California,D,Demand,26201,megawatthours
2026-03-08 21:00:00+00:00,CAL,California,D,Demand,26343,megawatthours
2026-03-08 22:00:00+00:00,CAL,California,D,Demand,26171,megawatthours
2026-03-08 23:00:00+00:00,CAL,California,D,Demand,26108,megawatthours
2026-03-09 00:00:00+00:00,CAL,California,D,Demand,25886,megawatthours
2026-03-09 01:00:00+00:00,CAL,California,D,Demand,28449,megawatthours
2026-03-09 02:00:00+00:00,CAL,California,D,Demand,30398,megawatthours
2026-03-09 03:00:00+00:00,CAL,California,D,Demand,31598,megawatthours
2026-03-09 04:00:00+00:00,CAL,California,D,Demand,30993,megawatthours
2026-03-09 05:00:00+00:00,CAL,California,D,Demand,30109,megawatthours
2026-03-09 06:00:00+00:00,CAL,California,D,Demand,28584,megawatthours
2026-03-09 07:00:00+00:00,CAL,California,D,Demand,26860,megawatthours
2026-03-09 08:00:00+00:00,CAL,California,D,Demand,25603,megawatthours
2026-03-09 09:00:00+00:00,CAL,California,D,Demand,24715,megawatthours
2026-03-09 10:00:00+00:00,CAL,California,D,Demand,24584,megawatthours
2026-03-09 11:00:00+00:00,CAL,California,D,Demand,24067,megawatthours
2026-03-09 12:00:00+00:00,CAL,California,D,Demand,24602,megawatthours
2026-03-09 13:00:00+00:00,CAL,California,D,Demand,25210,megawatthours
2026-03-09 14:00:00+00:00,CAL,California,D,Demand,27329,megawatthours
2026-03-09 15:00:00+00:00,CAL,California,D,Demand,28938,megawatthours
2026-03-09 16:00:00+00:00,CAL,California,D,Demand,29521,megawatthours
2026-03-09 17:00:00+00:00,CAL,California,D,Demand,30089,megawatthours
2026-03-09 18:00:00+00:00,CAL,California,D,Demand,30898,megawatthours
2026-03-09 19:00:00+00:00,CAL,California,D,Demand,30465,megawatthours
2026-03-09 20:00:00+00:00,CAL,California,D,Demand,30975,megawatthours
2026-03-09 21:00:00+00:00,CAL,California,D,Demand,30385,megawatthours
2026-03-09 22:00:00+00:00,CAL,California,D,Demand,29640,megawatthours
2026-03-09 23:00:00+00:00,CAL,California,D,Demand,29565,megawatthours
2026-03-10 00:00:00+00:00,CAL,California,D,Demand,29238,megawatthours
2026-03-10 01:00:00+00:00,CAL,California,D,Demand,29068,megawatthours
2026-03-10 02:00:00+00:00,CAL,California,D,Demand,31077,megawatthours
2026-03-10 03:00:00+00:00,CAL,California,D,Demand,32184,megawatthours
2026-03-10 04:00:00+00:00,CAL,California,D,Demand,31664,megawatthours
2026-03-10 05:00:00+00:00,CAL,California,D,Demand,30745,megawatthours
2026-03-10 06:00:00+00:00,CAL,California,D,Demand,28996,megawatthours
2026-03-10 07:00:00+00:00,CAL,California,D,Demand,27180,megawatthours
2026-03-10 08:00:00+00:00,CAL,California,D,Demand,26521,megawatthours
2026-03-10 09:00:00+00:00,CAL,California,D,Demand,26075,megawatthours
2026-03-10 10:00:00+00:00,CAL,California,D,Demand,25695,megawatthours
2026-03-10 11:00:00+00:00,CAL,California,D,Demand,25175,megawatthours
2026-03-10 12:00:00+00:00,CAL,California,D,Demand,25043,megawatthours
2026-03-10 13:00:00+00:00,CAL,California,D,Demand,25483,megawatthours
2026-03-10 14:00:00+00:00,CAL,California,D,Demand,27697,megawatthours
2026-03-10 15:00:00+00:00,CAL,California,D,Demand,29664,megawatthours
2026-03-10 16:00:00+00:00,CAL,California,D,Demand,30383,megawatthours
2026-03-10 17:00:00+00:00,CAL,California,D,Demand,30837,megawatthours
2026-03-10 18:00:00+00:00,CAL,California,D,Demand,29897,megawatthours
2026-03-10 19:00:00+00:00,CAL,California,D,Demand,29638,megawatthours
2026-03-10 20:00:00+00:00,CAL,California,D,Demand,30150,megawatthours
2026-03-10 21:00:00+00:00,CAL,California,D,Demand,31158,megawatthours
2026-03-10 22:00:00+00:00,CAL,California,D,Demand,30927,megawatthours
2026-03-10 23:00:00+00:00,CAL,California,D,Demand,30450,megawatthours
2026-03-11 00:00:00+00:00,CAL,California,D,Demand,29703,megawatthours
2026-03-11 01:00:00+00:00,CAL,California,D,Demand,29472,megawatthours
2026-03-11 02:00:00+00:00,CAL,California,D,Demand,30347,megawatthours
2026-03-11 03:00:00+00:00,CAL,California,D,Demand,31667,megawatthours
2026-03-11 04:00:00+00:00,CAL,California,D,Demand,31317,megawatthours
2026-03-11 05:00:00+00:00,CAL,California,D,Demand,30520,megawatthours
2026-03-11 06:00:00+00:00,CAL,California,D,Demand,28928,megawatthours
2026-03-11 07:00:00+00:00,CAL,California,D,Demand,27355,megawatthours
2026-03-11 08:00:00+00:00,CAL,California,D,Demand,26642,megawatthours
2026-03-11 09:00:00+00:00,CAL,California,D,Demand,25520,megawatthours
2026-03-11 10:00:00+00:00,CAL,California,D,Demand,25321,megawatthours
2026-03-11 11:00:00+00:00,CAL,California,D,Demand,24606,megawatthours
2026-03-11 12:00:00+00:00,CAL,California,D,Demand,24607,megawatthours
2026-03-11 13:00:00+00:00,CAL,California,D,Demand,25960,megawatthours
2026-03-11 14:00:00+00:00,CAL,California,D,Demand,28297,megawatthours
2026-03-11 15:00:00+00:00,CAL,California,D,Demand,30306,megawatthours
2026-03-11 16:00:00+00:00,CAL,California,D,Demand,30798,megawatthours
2026-03-11 17:00:00+00:00,CAL,California,D,Demand,30771,megawatthours
2026-03-11 18:00:00+00:00,CAL,California,D,Demand,30074,megawatthours
2026-03-11 19:00:00+00:00,CAL,California,D,Demand,29795,megawatthours
2026-03-11 20:00:00+00:00,CAL,California,D,Demand,29312,megawatthours
2026-03-11 21:00:00+00:00,CAL,California,D,Demand,29802,megawatthours
2026-03-11 22:00:00+00:00,CAL,California,D,Demand,29078,megawatthours
2026-03-11 23:00:00+00:00,CAL,California,D,Demand,28522,megawatthours
2026-03-12 00:00:00+00:00,CAL,California,D,Demand,28699,megawatthours
2026-03-12 01:00:00+00:00,CAL,California,D,Demand,30022,megawatthours
2026-03-12 02:00:00+00:00,CAL,California,D,Demand,31646,megawatthours
2026-03-12 03:00:00+00:00,CAL,California,D,Demand,32824,megawatthours
2026-03-12 04:00:00+00:00,CAL,California,D,Demand,32160,megawatthours
2026-03-12 05:00:00+00:00,CAL,California,D,Demand,31291,megawatthours
2026-03-12 06:00:00+00:00,CAL,California,D,Demand,29675,megawatthours
2026-03-12 07:00:00+00:00,CAL,California,D,Demand,27613,megawatthours
2026-03-12 08:00:00+00:00,CAL,California,D,Demand,26830,megawatthours
2026-03-12 09:00:00+00:00,CAL,California,D,Demand,25615,megawatthours
2026-03-12 10:00:00+00:00,CAL,California,D,Demand,24942,megawatthours
2026-03-12 11:00:00+00:00,CAL,California,D,Demand,24453,megawatthours
2026-03-12 12:00:00+00:00,CAL,California,D,Demand,24531,megawatthours
2026-03-12 13:00:00+00:00,CAL,California,D,Demand,25876,megawatthours
2026-03-12 14:00:00+00:00,CAL,California,D,Demand,28276,megawatthours
2026-03-12 15:00:00+00:00,CAL,California,D,Demand,30118,megawatthours
2026-03-12 16:00:00+00:00,CAL,California,D,Demand,31153,megawatthours
2026-03-12 17:00:00+00:00,CAL,California,D,Demand,32230,megawatthours
2026-03-12 18:00:00+00:00,CAL,California,D,Demand,32427,megawatthours
2026-03-12 19:00:00+00:00,CAL,California,D,Demand,32012,megawatthours
2026-03-12 20:00:00+00:00,CAL,California,D,Demand,32430,megawatthours
2026-03-12 21:00:00+00:00,CAL,California,D,Demand,32084,megawatthours
2026-03-12 22:00:00+00:00,CAL,California,D,Demand,32310,megawatthours
2026-03-12 23:00:00+00:00,CAL,California,D,Demand,32851,megawatthours
2026-03-13 00:00:00+00:00,CAL,California,D,Demand,32762,megawatthours
2026-03-13 01:00:00+00:00,CAL,California,D,Demand,34072,megawatthours
2026-03-13 02:00:00+00:00,CAL,California,D,Demand,35173,megawatthours
2026-03-13 03:00:00+00:00,CAL,California,D,Demand,35625,megawatthours
2026-03-13 04:00:00+00:00,CAL,California,D,Demand,34279,megawatthours
2026-03-13 05:00:00+00:00,CAL,California,D,Demand,32975,megawatthours
2026-03-13 06:00:00+00:00,CAL,California,D,Demand,30879,megawatthours
2026-03-13 07:00:00+00:00,CAL,California,D,Demand,28893,megawatthours
2026-03-13 08:00:00+00:00,CAL,California,D,Demand,28073,megawatthours
2026-03-13 09:00:00+00:00,CAL,California,D,Demand,26749,megawatthours
2026-03-13 10:00:00+00:00,CAL,California,D,Demand,25784,megawatthours
2026-03-13 11:00:00+00:00,CAL,California,D,Demand,25344,megawatthours
2026-03-13 12:00:00+00:00,CAL,California,D,Demand,25370,megawatthours
2026-03-13 13:00:00+00:00,CAL,California,D,Demand,26539,megawatthours
2026-03-13 14:00:00+00:00,CAL,California,D,Demand,28485,megawatthours
2026-03-13 15:00:00+00:00,CAL,California,D,Demand,30203,megawatthours
2026-03-13 16:00:00+00:00,CAL,California,D,Demand,31906,megawatthours
2026-03-13 17:00:00+00:00,CAL,California,D,Demand,32705,megawatthours
2026-03-13 18:00:00+00:00,CAL,California,D,Demand,33439,megawatthours
2026-03-13 19:00:00+00:00,CAL,California,D,Demand,33966,megawatthours
2026-03-13 20:00:00+00:00,CAL,California,D,Demand,33334,megawatthours
2026-03-13 21:00:00+00:00,CAL,California,D,Demand,33179,megawatthours
2026-03-13 22:00:00+00:00,CAL,California,D,Demand,33725,megawatthours
2026-03-13 23:00:00+00:00,CAL,California,D,Demand,33831,megawatthours
2026-03-14 00:00:00+00:00,CAL,California,D,Demand,33628,megawatthours
2026-03-14 01:00:00+00:00,CAL,California,D,Demand,33539,megawatthours
2026-03-14 02:00:00+00:00,CAL,California,D,Demand,34575,megawatthours
2026-03-14 03:00:00+00:00,CAL,California,D,Demand,34642,megawatthours
2026-03-14 04:00:00+00:00,CAL,California,D,Demand,33559,megawatthours
2026-03-14 05:00:00+00:00,CAL,California,D,Demand,32544,megawatthours
2026-03-14 06:00:00+00:00,CAL,California,D,Demand,30881,megawatthours
2026-03-14 07:00:00+00:00,CAL,California,D,Demand,29114,megawatthours
2026-03-14 08:00:00+00:00,CAL,California,D,Demand,28072,megawatthours
2026-03-14 09:00:00+00:00,CAL,California,D,Demand,26474,megawatthours
2026-03-14 10:00:00+00:00,CAL,California,D,Demand,26028,megawatthours
2026-03-14 11:00:00+00:00,CAL,California,D,Demand,25551,megawatthours
2026-03-14 12:00:00+00:00,CAL,California,D,Demand,25154,megawatthours
2026-03-14 13:00:00+00:00,CAL,California,D,Demand,25134,megawatthours
2026-03-14 14:00:00+00:00,CAL,California,D,Demand,25339,megawatthours
2026-03-14 15:00:00+00:00,CAL,California,D,Demand,25875,megawatthours
2026-03-14 16:00:00+00:00,CAL,California,D,Demand,27066,megawatthours
2026-03-14 17:00:00+00:00,CAL,California,D,Demand,26989,megawatthours
2026-03-14 18:00:00+00:00,CAL,California,D,Demand,27310,megawatthours
2026-03-14 19:00:00+00:00,CAL,California,D,Demand,28624,megawatthours
2026-03-14 20:00:00+00:00,CAL,California,D,Demand,29307,megawatthours
2026-03-14 21:00:00+00:00,CAL,California,D,Demand,29111,megawatthours
2026-03-14 22:00:00+00:00,CAL,California,D,Demand,28707,megawatthours
2026-03-14 23:00:00+00:00,CAL,California,D,Demand,28947,megawatthours
2026-03-15 00:00:00+00:00,CAL,California,D,Demand,28352,megawatthours
2026-03-15 01:00:00+00:00,CAL,California,D,Demand,29385,megawatthours
2026-03-15 02:00:00+00:00,CAL,California,D,Demand,31119,megawatthours
2026-03-15 03:00:00+00:00,CAL,California,D,Demand,31710,megawatthours
2026-03-15 04:00:00+00:00,CAL,California,D,Demand,31061,megawatthours
2026-03-15 05:00:00+00:00,CAL,California,D,Demand,30257,megawatthours
2026-03-15 06:00:00+00:00,CAL,California,D,Demand,28995,megawatthours
2026-03-15 07:00:00+00:00,CAL,California,D,Demand,27368,megawatthours
2026-03-15 08:00:00+00:00,CAL,California,D,Demand,26663,megawatthours
2026-03-15 09:00:00+00:00,CAL,California,D,Demand,25081,megawatthours
2026-03-15 10:00:00+00:00,CAL,California,D,Demand,24143,megawatthours
2026-03-15 11:00:00+00:00,CAL,California,D,Demand,23467,megawatthours
2026-03-15 12:00:00+00:00,CAL,California,D,Demand,23146,megawatthours
2026-03-15 13:00:00+00:00,CAL,California,D,Demand,23249,megawatthours
2026-03-15 14:00:00+00:00,CAL,California,D,Demand,23878,megawatthours
2026-03-15 15:00:00+00:00,CAL,California,D,Demand,24503,megawatthours
2026-03-15 16:00:00+00:00,CAL,California,D,Demand,25143,megawatthours
2026-03-15 17:00:00+00:00,CAL,California,D,Demand,25723,megawatthours
2026-03-15 18:00:00+00:00,CAL,California,D,Demand,27051,megawatthours
2026-03-15 19:00:00+00:00,CAL,California,D,Demand,27526,megawatthours
2026-03-15 20:00:00+00:00,CAL,California,D,Demand,27225,megawatthours
2026-03-15 21:00:00+00:00,CAL,California,D,Demand,27392,megawatthours
2026-03-15 22:00:00+00:00,CAL,California,D,Demand,26697,megawatthours
2026-03-15 23:00:00+00:00,CAL,California,D,Demand,27736,megawatthours
2026-03-16 00:00:00+00:00,CAL,California,D,Demand,27086,megawatthours
2026-03-16 01:00:00+00:00,CAL,California,D,Demand,29357,megawatthours
2026-03-16 02:00:00+00:00,CAL,California,D,Demand,31257,megawatthours
2026-03-16 03:00:00+00:00,CAL,California,D,Demand,32268,megawatthours
2026-03-16 04:00:00+00:00,CAL,California,D,Demand,31742,megawatthours
2026-03-16 05:00:00+00:00,CAL,California,D,Demand,30712,megawatthours
2026-03-16 06:00:00+00:00,CAL,California,D,Demand,29029,megawatthours
2026-03-16 07:00:00+00:00,CAL,California,D,Demand,27148,megawatthours
2026-03-16 08:00:00+00:00,CAL,California,D,Demand,26300,megawatthours
2026-03-16 09:00:00+00:00,CAL,California,D,Demand,25153,megawatthours
2026-03-16 10:00:00+00:00,CAL,California,D,Demand,24794,megawatthours
2026-03-16 11:00:00+00:00,CAL,California,D,Demand,24427,megawatthours
2026-03-16 12:00:00+00:00,CAL,California,D,Demand,24839,megawatthours
2026-03-16 13:00:00+00:00,CAL,California,D,Demand,25548,megawatthours
2026-03-16 14:00:00+00:00,CAL,California,D,Demand,27514,megawatthours
2026-03-16 15:00:00+00:00,CAL,California,D,Demand,29203,megawatthours
2026-03-16 16:00:00+00:00,CAL,California,D,Demand,29709,megawatthours
2026-03-16 17:00:00+00:00,CAL,California,D,Demand,30583,megawatthours
2026-03-16 18:00:00+00:00,CAL,California,D,Demand,31530,megawatthours
2026-03-16 19:00:00+00:00,CAL,California,D,Demand,33460,megawatthours
2026-03-16 20:00:00+00:00,CAL,California,D,Demand,34086,megawatthours
2026-03-16 21:00:00+00:00,CAL,California,D,Demand,34631,megawatthours
2026-03-16 22:00:00+00:00,CAL,California,D,Demand,34797,megawatthours
2026-03-16 23:00:00+00:00,CAL,California,D,Demand,35172,megawatthours
2026-03-17 00:00:00+00:00,CAL,California,D,Demand,36210,megawatthours
2026-03-17 01:00:00+00:00,CAL,California,D,Demand,36515,megawatthours
2026-03-17 02:00:00+00:00,CAL,California,D,Demand,37333,megawatthours
2026-03-17 03:00:00+00:00,CAL,California,D,Demand,37140,megawatthours
2026-03-17 04:00:00+00:00,CAL,California,D,Demand,35732,megawatthours
2026-03-17 05:00:00+00:00,CAL,California,D,Demand,34190,megawatthours
2026-03-17 06:00:00+00:00,CAL,California,D,Demand,31960,megawatthours
2026-03-17 07:00:00+00:00,CAL,California,D,Demand,29526,megawatthours
2026-03-17 08:00:00+00:00,CAL,California,D,Demand,28350,megawatthours
2026-03-17 09:00:00+00:00,CAL,California,D,Demand,27074,megawatthours
2026-03-17 10:00:00+00:00,CAL,California,D,Demand,25969,megawatthours
2026-03-17 11:00:00+00:00,CAL,California,D,Demand,25831,megawatthours
2026-03-17 12:00:00+00:00,CAL,California,D,Demand,26068,megawatthours
2026-03-17 13:00:00+00:00,CAL,California,D,Demand,26516,megawatthours
2026-03-17 14:00:00+00:00,CAL,California,D,Demand,28440,megawatthours
2026-03-17 15:00:00+00:00,CAL,California,D,Demand,29998,megawatthours
2026-03-17 16:00:00+00:00,CAL,California,D,Demand,31856,megawatthours
2026-03-17 17:00:00+00:00,CAL,California,D,Demand,35254,megawatthours
2026-03-17 18:00:00+00:00,CAL,California,D,Demand,35868,megawatthours
2026-03-17 19:00:00+00:00,CAL,California,D,Demand,36199,megawatthours
2026-03-17 20:00:00+00:00,CAL,California,D,Demand,36613,megawatthours
2026-03-17 21:00:00+00:00,CAL,California,D,Demand,36528,megawatthours
2026-03-17 22:00:00+00:00,CAL,California,D,Demand,37812,megawatthours
2026-03-17 23:00:00+00:00,CAL,California,D,Demand,38628,megawatthours
2026-03-18 00:00:00+00:00,CAL,California,D,Demand,40655,megawatthours
2026-03-18 01:00:00+00:00,CAL,California,D,Demand,41554,megawatthours
2026-03-18 02:00:00+00:00,CAL,California,D,Demand,41666,megawatthours
2026-03-18 03:00:00+00:00,CAL,California,D,Demand,41057,megawatthours
2026-03-18 04:00:00+00:00,CAL,California,D,Demand,39490,megawatthours
2026-03-18 05:00:00+00:00,CAL,California,D,Demand,37474,megawatthours
2026-03-18 06:00:00+00:00,CAL,California,D,Demand,34520,megawatthours
2026-03-18 07:00:00+00:00,CAL,California,D,Demand,31870,megawatthours
2026-03-18 08:00:00+00:00,CAL,California,D,Demand,30411,megawatthours
2026-03-18 09:00:00+00:00,CAL,California,D,Demand,28585,megawatthours
2026-03-18 10:00:00+00:00,CAL,California,D,Demand,27574,megawatthours
2026-03-18 11:00:00+00:00,CAL,California,D,Demand,26651,megawatthours
2026-03-18 12:00:00+00:00,CAL,California,D,Demand,26816,megawatthours
2026-03-18 13:00:00+00:00,CAL,California,D,Demand,27584,megawatthours
2026-03-18 14:00:00+00:00,CAL,California,D,Demand,29447,megawatthours
2026-03-18 15:00:00+00:00,CAL,California,D,Demand,30979,megawatthours
2026-03-18 16:00:00+00:00,CAL,California,D,Demand,33747,megawatthours
2026-03-18 17:00:00+00:00,CAL,California,D,Demand,36181,megawatthours
2026-03-18 18:00:00+00:00,CAL,California,D,Demand,36972,megawatthours
2026-03-18 19:00:00+00:00,CAL,California,D,Demand,37129,megawatthours
2026-03-18 20:00:00+00:00,CAL,California,D,Demand,37487,megawatthours
2026-03-18 21:00:00+00:00,CAL,California,D,Demand,37600,megawatthours
2026-03-18 22:00:00+00:00,CAL,California,D,Demand,38648,megawatthours
2026-03-18 23:00:00+00:00,CAL,California,D,Demand,39855,megawatthours
2026-03-19 00:00:00+00:00,CAL,California,D,Demand,41768,megawatthours
2026-03-19 01:00:00+00:00,CAL,California,D,Demand,43014,megawatthours
2026-03-19 02:00:00+00:00,CAL,California,D,Demand,43181,megawatthours
2026-03-19 03:00:00+00:00,CAL,California,D,Demand,42258,megawatthours
2026-03-19 04:00:00+00:00,CAL,California,D,Demand,40429,megawatthours
2026-03-19 05:00:00+00:00,CAL,California,D,Demand,38454,megawatthours
2026-03-19 06:00:00+00:00,CAL,California,D,Demand,35714,megawatthours
2026-03-19 07:00:00+00:00,CAL,California,D,Demand,32490,megawatthours
2026-03-19 08:00:00+00:00,CAL,California,D,Demand,30772,megawatthours
2026-03-19 09:00:00+00:00,CAL,California,D,Demand,29068,megawatthours
2026-03-19 10:00:00+00:00,CAL,California,D,Demand,27959,megawatthours
2026-03-19 11:00:00+00:00,CAL,California,D,Demand,27203,megawatthours
2026-03-19 12:00:00+00:00,CAL,California,D,Demand,26632,megawatthours
2026-03-19 13:00:00+00:00,CAL,California,D,Demand,27340,megawatthours
2026-03-19 14:00:00+00:00,CAL,California,D,Demand,29318,megawatthours
2026-03-19 15:00:00+00:00,CAL,California,D,Demand,31150,megawatthours
2026-03-19 16:00:00+00:00,CAL,California,D,Demand,34022,megawatthours
2026-03-19 17:00:00+00:00,CAL,California,D,Demand,36184,megawatthours
2026-03-19 18:00:00+00:00,CAL,California,D,Demand,36376,megawatthours
2026-03-19 19:00:00+00:00,CAL,California,D,Demand,36766,megawatthours
2026-03-19 20:00:00+00:00,CAL,California,D,Demand,37410,megawatthours
2026-03-19 21:00:00+00:00,CAL,California,D,Demand,37994,megawatthours
2026-03-19 22:00:00+00:00,CAL,California,D,Demand,38651,megawatthours
2026-03-19 23:00:00+00:00,CAL,California,D,Demand,40845,megawatthours
2026-03-20 00:00:00+00:00,CAL,California,D,Demand,42451,megawatthours
2026-03-20 01:00:00+00:00,CAL,California,D,Demand,43840,megawatthours
2026-03-20 02:00:00+00:00,CAL,California,D,Demand,43940,megawatthours
2026-03-20 03:00:00+00:00,CAL,California,D,Demand,42955,megawatthours
2026-03-20 04:00:00+00:00,CAL,California,D,Demand,41180,megawatthours
2026-03-20 05:00:00+00:00,CAL,California,D,Demand,38981,megawatthours
2026-03-20 06:00:00+00:00,CAL,California,D,Demand,35645,megawatthours
2026-03-20 07:00:00+00:00,CAL,California,D,Demand,32694,megawatthours
2026-03-20 08:00:00+00:00,CAL,California,D,Demand,31310,megawatthours
2026-03-20 09:00:00+00:00,CAL,California,D,Demand,29131,megawatthours
2026-03-20 10:00:00+00:00,CAL,California,D,Demand,28428,megawatthours
2026-03-20 11:00:00+00:00,CAL,California,D,Demand,27878,megawatthours
2026-03-20 12:00:00+00:00,CAL,California,D,Demand,27676,megawatthours
2026-03-20 13:00:00+00:00,CAL,California,D,Demand,28001,megawatthours
2026-03-20 14:00:00+00:00,CAL,California,D,Demand,29781,megawatthours
2026-03-20 15:00:00+00:00,CAL,California,D,Demand,31358,megawatthours
2026-03-20 16:00:00+00:00,CAL,California,D,Demand,35211,megawatthours
2026-03-20 17:00:00+00:00,CAL,California,D,Demand,38134,megawatthours
2026-03-20 18:00:00+00:00,CAL,California,D,Demand,38774,megawatthours
2026-03-20 19:00:00+00:00,CAL,California,D,Demand,38368,megawatthours
2026-03-20 20:00:00+00:00,CAL,California,D,Demand,38251,megawatthours
2026-03-20 21:00:00+00:00,CAL,California,D,Demand,38585,megawatthours
2026-03-20 22:00:00+00:00,CAL,California,D,Demand,39987,megawatthours
2026-03-20 23:00:00+00:00,CAL,California,D,Demand,41228,megawatthours
2026-03-21 00:00:00+00:00,CAL,California,D,Demand,43154,megawatthours
2026-03-21 01:00:00+00:00,CAL,California,D,Demand,44406,megawatthours
2026-03-21 02:00:00+00:00,CAL,California,D,Demand,43956,megawatthours
2026-03-21 03:00:00+00:00,CAL,California,D,Demand,42332,megawatthours
2026-03-21 04:00:00+00:00,CAL,California,D,Demand,40351,megawatthours
2026-03-21 05:00:00+00:00,CAL,California,D,Demand,38380,megawatthours
2026-03-21 06:00:00+00:00,CAL,California,D,Demand,35807,megawatthours
2026-03-21 07:00:00+00:00,CAL,California,D,Demand,33373,megawatthours
2026-03-21 08:00:00+00:00,CAL,California,D,Demand,31480,megawatthours
2026-03-21 09:00:00+00:00,CAL,California,D,Demand,29585,megawatthours
2026-03-21 10:00:00+00:00,CAL,California,D,Demand,27879,megawatthours
2026-03-21 11:00:00+00:00,CAL,California,D,Demand,26842,megawatthours
2026-03-21 12:00:00+00:00,CAL,California,D,Demand,26301,megawatthours
2026-03-21 13:00:00+00:00,CAL,California,D,Demand,26253,megawatthours
2026-03-21 14:00:00+00:00,CAL,California,D,Demand,26892,megawatthours
2026-03-21 15:00:00+00:00,CAL,California,D,Demand,27364,megawatthours
2026-03-21 16:00:00+00:00,CAL,California,D,Demand,29102,megawatthours
2026-03-21 17:00:00+00:00,CAL,California,D,Demand,31181,megawatthours
2026-03-21 18:00:00+00:00,CAL,California,D,Demand,33830,megawatthours
2026-03-21 19:00:00+00:00,CAL,California,D,Demand,34416,megawatthours
2026-03-21 20:00:00+00:00,CAL,California,D,Demand,34695,megawatthours
2026-03-21 21:00:00+00:00,CAL,California,D,Demand,34321,megawatthours
2026-03-21 22:00:00+00:00,CAL,California,D,Demand,33869,megawatthours
2026-03-21 23:00:00+00:00,CAL,California,D,Demand,34240,megawatthours
2026-03-22 00:00:00+00:00,CAL,California,D,Demand,34721,megawatthours
2026-03-22 01:00:00+00:00,CAL,California,D,Demand,35711,megawatthours
2026-03-22 02:00:00+00:00,CAL,California,D,Demand,36322,megawatthours
2026-03-22 03:00:00+00:00,CAL,California,D,Demand,35885,megawatthours
2026-03-22 04:00:00+00:00,CAL,California,D,Demand,34373,megawatthours
2026-03-22 05:00:00+00:00,CAL,California,D,Demand,33017,megawatthours
2026-03-22 06:00:00+00:00,CAL,California,D,Demand,31382,megawatthours
2026-03-22 07:00:00+00:00,CAL,California,D,Demand,29405,megawatthours
2026-03-22 08:00:00+00:00,CAL,California,D,Demand,28052,megawatthours
2026-03-22 09:00:00+00:00,CAL,California,D,Demand,26570,megawatthours
2026-03-22 10:00:00+00:00,CAL,California,D,Demand,25425,megawatthours
2026-03-22 11:00:00+00:00,CAL,California,D,Demand,24557,megawatthours
2026-03-22 12:00:00+00:00,CAL,California,D,Demand,24032,megawatthours
2026-03-22 13:00:00+00:00,CAL,California,D,Demand,24088,megawatthours
2026-03-22 14:00:00+00:00,CAL,California,D,Demand,24609,megawatthours
2026-03-22 15:00:00+00:00,CAL,California,D,Demand,25062,megawatthours
2026-03-22 16:00:00+00:00,CAL,California,D,Demand,26303,megawatthours
2026-03-22 17:00:00+00:00,CAL,California,D,Demand,29180,megawatthours
2026-03-22 18:00:00+00:00,CAL,California,D,Demand,28801,megawatthours
2026-03-22 19:00:00+00:00,CAL,California,D,Demand,29738,megawatthours
2026-03-22 20:00:00+00:00,CAL,California,D,Demand,29773,megawatthours
2026-03-22 21:00:00+00:00,CAL,California,D,Demand,28941,megawatthours
2026-03-22 22:00:00+00:00,CAL,California,D,Demand,28186,megawatthours
2026-03-22 23:00:00+00:00,CAL,California,D,Demand,28719,megawatthours
2026-03-23 00:00:00+00:00,CAL,California,D,Demand,31313,megawatthours
2026-03-23 01:00:00+00:00,CAL,California,D,Demand,32699,megawatthours
2026-03-23 02:00:00+00:00,CAL,California,D,Demand,34175,megawatthours
2026-03-23 03:00:00+00:00,CAL,California,D,Demand,34139,megawatthours
2026-03-23 04:00:00+00:00,CAL,California,D,Demand,33560,megawatthours
2026-03-23 05:00:00+00:00,CAL,California,D,Demand,32363,megawatthours
2026-03-23 06:00:00+00:00,CAL,California,D,Demand,30496,megawatthours
2026-03-23 07:00:00+00:00,CAL,California,D,Demand,28422,megawatthours
2026-03-23 08:00:00+00:00,CAL,California,D,Demand,27235,megawatthours
2026-03-23 09:00:00+00:00,CAL,California,D,Demand,26294,megawatthours
2026-03-23 10:00:00+00:00,CAL,California,D,Demand,25553,megawatthours
2026-03-23 11:00:00+00:00,CAL,California,D,Demand,25413,megawatthours
2026-03-23 12:00:00+00:00,CAL,California,D,Demand,25181,megawatthours
2026-03-23 13:00:00+00:00,CAL,California,D,Demand,26109,megawatthours
2026-03-23 14:00:00+00:00,CAL,California,D,Demand,28382,megawatthours
2026-03-23 15:00:00+00:00,CAL,California,D,Demand,29787,megawatthours
2026-03-23 16:00:00+00:00,CAL,California,D,Demand,31134,megawatthours
2026-03-23 17:00:00+00:00,CAL,California,D,Demand,32497,megawatthours
2026-03-23 18:00:00+00:00,CAL,California,D,Demand,33118,megawatthours
2026-03-23 19:00:00+00:00,CAL,California,D,Demand,33351,megawatthours
2026-03-23 20:00:00+00:00,CAL,California,D,Demand,34317,megawatthours
2026-03-23 21:00:00+00:00,CAL,California,D,Demand,34984,megawatthours
2026-03-23 22:00:00+00:00,CAL,California,D,Demand,35445,megawatthours
2026-03-23 23:00:00+00:00,CAL,California,D,Demand,34699,megawatthours
2026-03-24 00:00:00+00:00,CAL,California,D,Demand,35205,megawatthours
2026-03-24 01:00:00+00:00,CAL,California,D,Demand,36325,megawatthours
2026-03-24 02:00:00+00:00,CAL,California,D,Demand,36591,megawatthours
2026-03-24 03:00:00+00:00,CAL,California,D,Demand,36594,megawatthours
2026-03-24 04:00:00+00:00,CAL,California,D,Demand,35525,megawatthours
2026-03-24 05:00:00+00:00,CAL,California,D,Demand,34094,megawatthours
2026-03-24 06:00:00+00:00,CAL,California,D,Demand,31946,megawatthours
2026-03-24 07:00:00+00:00,CAL,California,D,Demand,29990,megawatthours
2026-03-24 08:00:00+00:00,CAL,California,D,Demand,28925,megawatthours
2026-03-24 09:00:00+00:00,CAL,California,D,Demand,27795,megawatthours
2026-03-24 10:00:00+00:00,CAL,California,D,Demand,27045,megawatthours
2026-03-24 11:00:00+00:00,CAL,California,D,Demand,26751,megawatthours
2026-03-24 12:00:00+00:00,CAL,California,D,Demand,26002,megawatthours
2026-03-24 13:00:00+00:00,CAL,California,D,Demand,27047,megawatthours
2026-03-24 14:00:00+00:00,CAL,California,D,Demand,29062,megawatthours
2026-03-24 15:00:00+00:00,CAL,California,D,Demand,30740,megawatthours
2026-03-24 16:00:00+00:00,CAL,California,D,Demand,32205,megawatthours
2026-03-24 17:00:00+00:00,CAL,California,D,Demand,34091,megawatthours
2026-03-24 18:00:00+00:00,CAL,California,D,Demand,33804,megawatthours
2026-03-24 19:00:00+00:00,CAL,California,D,Demand,34162,megawatthours
2026-03-24 20:00:00+00:00,CAL,California,D,Demand,33765,megawatthours
2026-03-24 21:00:00+00:00,CAL,California,D,Demand,34823,megawatthours
2026-03-24 22:00:00+00:00,CAL,California,D,Demand,34225,megawatthours
2026-03-24 23:00:00+00:00,CAL,California,D,Demand,33867,megawatthours
2026-03-25 00:00:00+00:00,CAL,California,D,Demand,34231,megawatthours
2026-03-25 01:00:00+00:00,CAL,California,D,Demand,36459,megawatthours
2026-03-25 02:00:00+00:00,CAL,California,D,Demand,37268,megawatthours
2026-03-25 03:00:00+00:00,CAL,California,D,Demand,36921,megawatthours
2026-03-25 04:00:00+00:00,CAL,California,D,Demand,35862,megawatthours
2026-03-25 05:00:00+00:00,CAL,California,D,Demand,34668,megawatthours
2026-03-25 06:00:00+00:00,CAL,California,D,Demand,32576,megawatthours
2026-03-25 07:00:00+00:00,CAL,California,D,Demand,30153,megawatthours
2026-03-25 08:00:00+00:00,CAL,California,D,Demand,28972,megawatthours
2026-03-25 09:00:00+00:00,CAL,California,D,Demand,27995,megawatthours
2026-03-25 10:00:00+00:00,CAL,California,D,Demand,27252,megawatthours
2026-03-25 11:00:00+00:00,CAL,California,D,Demand,26642,megawatthours
2026-03-25 12:00:00+00:00,CAL,California,D,Demand,26416,megawatthours
2026-03-25 13:00:00+00:00,CAL,California,D,Demand,27008,megawatthours
2026-03-25 14:00:00+00:00,CAL,California,D,Demand,29028,megawatthours
2026-03-25 15:00:00+00:00,CAL,California,D,Demand,30622,megawatthours
2026-03-25 16:00:00+00:00,CAL,California,D,Demand,32435,megawatthours
2026-03-25 17:00:00+00:00,CAL,California,D,Demand,33276,megawatthours
2026-03-25 18:00:00+00:00,CAL,California,D,Demand,34213,megawatthours
2026-03-25 19:00:00+00:00,CAL,California,D,Demand,34290,megawatthours
2026-03-25 20:00:00+00:00,CAL,California,D,Demand,34679,megawatthours
2026-03-25 21:00:00+00:00,CAL,California,D,Demand,32719,megawatthours
2026-03-25 22:00:00+00:00,CAL,California,D,Demand,32531,megawatthours
2026-03-25 23:00:00+00:00,CAL,California,D,Demand,33299,megawatthours
2026-03-26 00:00:00+00:00,CAL,California,D,Demand,34323,megawatthours
2026-03-26 01:00:00+00:00,CAL,California,D,Demand,35837,megawatthours
2026-03-26 02:00:00+00:00,CAL,California,D,Demand,36478,megawatthours
2026-03-26 03:00:00+00:00,CAL,California,D,Demand,36079,megawatthours
2026-03-26 04:00:00+00:00,CAL,California,D,Demand,35050,megawatthours
2026-03-26 05:00:00+00:00,CAL,California,D,Demand,34103,megawatthours
2026-03-26 06:00:00+00:00,CAL,California,D,Demand,31997,megawatthours
2026-03-26 07:00:00+00:00,CAL,California,D,Demand,29799,megawatthours
2026-03-26 08:00:00+00:00,CAL,California,D,Demand,28624,megawatthours
2026-03-26 09:00:00+00:00,CAL,California,D,Demand,27984,megawatthours
2026-03-26 10:00:00+00:00,CAL,California,D,Demand,27187,megawatthours
2026-03-26 11:00:00+00:00,CAL,California,D,Demand,27050,megawatthours
2026-03-26 12:00:00+00:00,CAL,California,D,Demand,26164,megawatthours
2026-03-26 13:00:00+00:00,CAL,California,D,Demand,26622,megawatthours
2026-03-26 14:00:00+00:00,CAL,California,D,Demand,28514,megawatthours
2026-03-26 15:00:00+00:00,CAL,California,D,Demand,29698,megawatthours
2026-03-26 16:00:00+00:00,CAL,California,D,Demand,31354,megawatthours
2026-03-26 17:00:00+00:00,CAL,California,D,Demand,33842,megawatthours
2026-03-26 18:00:00+00:00,CAL,California,D,Demand,33052,megawatthours
2026-03-26 19:00:00+00:00,CAL,California,D,Demand,33081,megawatthours
2026-03-26 20:00:00+00:00,CAL,California,D,Demand,32885,megawatthours
2026-03-26 21:00:00+00:00,CAL,California,D,Demand,32377,megawatthours
2026-03-26 22:00:00+00:00,CAL,California,D,Demand,32642,megawatthours
2026-03-26 23:00:00+00:00,CAL,California,D,Demand,31728,megawatthours
2026-03-27 00:00:00+00:00,CAL,California,D,Demand,33388,megawatthours
2026-03-27 01:00:00+00:00,CAL,California,D,Demand,35261,megawatthours
2026-03-27 02:00:00+00:00,CAL,California,D,Demand,36234,megawatthours
2026-03-27 03:00:00+00:00,CAL,California,D,Demand,36116,megawatthours
2026-03-27 04:00:00+00:00,CAL,California,D,Demand,34980,megawatthours
2026-03-27 05:00:00+00:00,CAL,California,D,Demand,33906,megawatthours
2026-03-27 06:00:00+00:00,CAL,California,D,Demand,32059,megawatthours
2026-03-27 07:00:00+00:00,CAL,California,D,Demand,29983,megawatthours
2026-03-27 08:00:00+00:00,CAL,California,D,Demand,28972,megawatthours
2026-03-27 09:00:00+00:00,CAL,California,D,Demand,27354,megawatthours
2026-03-27 10:00:00+00:00,CAL,California,D,Demand,26483,megawatthours
2026-03-27 11:00:00+00:00,CAL,California,D,Demand,25944,megawatthours
2026-03-27 12:00:00+00:00,CAL,California,D,Demand,25685,megawatthours
2026-03-27 13:00:00+00:00,CAL,California,D,Demand,26811,megawatthours
2026-03-27 14:00:00+00:00,CAL,California,D,Demand,28479,megawatthours
2026-03-27 15:00:00+00:00,CAL,California,D,Demand,29504,megawatthours
2026-03-27 16:00:00+00:00,CAL,California,D,Demand,31107,megawatthours
2026-03-27 17:00:00+00:00,CAL,California,D,Demand,32439,megawatthours
2026-03-27 18:00:00+00:00,CAL,California,D,Demand,33305,megawatthours
2026-03-27 19:00:00+00:00,CAL,California,D,Demand,33957,megawatthours
2026-03-27 20:00:00+00:00,CAL,California,D,Demand,34341,megawatthours
2026-03-27 21:00:00+00:00,CAL,California,D,Demand,32559,megawatthours
2026-03-27 22:00:00+00:00,CAL,California,D,Demand,32596,megawatthours
2026-03-27 23:00:00+00:00,CAL,California,D,Demand,32999,megawatthours
2026-03-28 00:00:00+00:00,CAL,California,D,Demand,32873,megawatthours
2026-03-28 01:00:00+00:00,CAL,California,D,Demand,33805,megawatthours
2026-03-28 02:00:00+00:00,CAL,California,D,Demand,34635,megawatthours
2026-03-28 03:00:00+00:00,CAL,California,D,Demand,34741,megawatthours
2026-03-28 04:00:00+00:00,CAL,California,D,Demand,33462,megawatthours
2026-03-28 05:00:00+00:00,CAL,California,D,Demand,32349,megawatthours
2026-03-28 06:00:00+00:00,CAL,California,D,Demand,30531,megawatthours
2026-03-28 07:00:00+00:00,CAL,California,D,Demand,28848,megawatthours
2026-03-28 08:00:00+00:00,CAL,California,D,Demand,27950,megawatthours
2026-03-28 09:00:00+00:00,CAL,California,D,Demand,26164,megawatthours
2026-03-28 10:00:00+00:00,CAL,California,D,Demand,25216,megawatthours
2026-03-28 11:00:00+00:00,CAL,California,D,Demand,24459,megawatthours
2026-03-28 12:00:00+00:00,CAL,California,D,Demand,24682,megawatthours
2026-03-28 13:00:00+00:00,CAL,California,D,Demand,24608,megawatthours
2026-03-28 14:00:00+00:00,CAL,California,D,Demand,25242,megawatthours
2026-03-28 15:00:00+00:00,CAL,California,D,Demand,25898,megawatthours
2026-03-28 16:00:00+00:00,CAL,California,D,Demand,27540,megawatthours
2026-03-28 17:00:00+00:00,CAL,California,D,Demand,29474,megawatthours
2026-03-28 18:00:00+00:00,CAL,California,D,Demand,30670,megawatthours
2026-03-28 19:00:00+00:00,CAL,California,D,Demand,30165,megawatthours
2026-03-28 20:00:00+00:00,CAL,California,D,Demand,28916,megawatthours
2026-03-28 21:00:00+00:00,CAL,California,D,Demand,28774,megawatthours
2026-03-28 22:00:00+00:00,CAL,California,D,Demand,28607,megawatthours
2026-03-28 23:00:00+00:00,CAL,California,D,Demand,28465,megawatthours
2026-03-29 00:00:00+00:00,CAL,California,D,Demand,29516,megawatthours
2026-03-29 01:00:00+00:00,CAL,California,D,Demand,31358,megawatthours
2026-03-29 02:00:00+00:00,CAL,California,D,Demand,32948,megawatthours
2026-03-29 03:00:00+00:00,CAL,California,D,Demand,33322,megawatthours
2026-03-29 04:00:00+00:00,CAL,California,D,Demand,32277,megawatthours
2026-03-29 05:00:00+00:00,CAL,California,D,Demand,31201,megawatthours
2026-03-29 06:00:00+00:00,CAL,California,D,Demand,29654,megawatthours
2026-03-29 07:00:00+00:00,CAL,California,D,Demand,27849,megawatthours
2026-03-29 08:00:00+00:00,CAL,California,D,Demand,26644,megawatthours
2026-03-29 09:00:00+00:00,CAL,California,D,Demand,25218,megawatthours
2026-03-29 10:00:00+00:00,CAL,California,D,Demand,24113,megawatthours
2026-03-29 11:00:00+00:00,CAL,California,D,Demand,23368,megawatthours
2026-03-29 12:00:00+00:00,CAL,California,D,Demand,22981,megawatthours
2026-03-29 13:00:00+00:00,CAL,California,D,Demand,23017,megawatthours
2026-03-29 14:00:00+00:00,CAL,California,D,Demand,23568,megawatthours
2026-03-29 15:00:00+00:00,CAL,California,D,Demand,24055,megawatthours
2026-03-29 16:00:00+00:00,CAL,California,D,Demand,25163,megawatthours
2026-03-29 17:00:00+00:00,CAL,California,D,Demand,26107,megawatthours
2026-03-29 18:00:00+00:00,CAL,California,D,Demand,27587,megawatthours
2026-03-29 19:00:00+00:00,CAL,California,D,Demand,28670,megawatthours
2026-03-29 20:00:00+00:00,CAL,California,D,Demand,29041,megawatthours
2026-03-29 21:00:00+00:00,CAL,California,D,Demand,29145,megawatthours
2026-03-29 22:00:00+00:00,CAL,California,D,Demand,29493,megawatthours
2026-03-29 23:00:00+00:00,CAL,California,D,Demand,29543,megawatthours
2026-03-30 00:00:00+00:00,CAL,California,D,Demand,31454,megawatthours
2026-03-30 01:00:00+00:00,CAL,California,D,Demand,32822,megawatthours
2026-03-30 02:00:00+00:00,CAL,California,D,Demand,34324,megawatthours
2026-03-30 03:00:00+00:00,CAL,California,D,Demand,34575,megawatthours
2026-03-30 04:00:00+00:00,CAL,California,D,Demand,34099,megawatthours
2026-03-30 05:00:00+00:00,CAL,California,D,Demand,32475,megawatthours
2026-03-30 06:00:00+00:00,CAL,California,D,Demand,30768,megawatthours
2026-03-30 07:00:00+00:00,CAL,California,D,Demand,28415,megawatthours
2026-03-30 08:00:00+00:00,CAL,California,D,Demand,27247,megawatthours
2026-03-30 09:00:00+00:00,CAL,California,D,Demand,26357,megawatthours
2026-03-30 10:00:00+00:00,CAL,California,D,Demand,25979,megawatthours
2026-03-30 11:00:00+00:00,CAL,California,D,Demand,25318,megawatthours
2026-03-30 12:00:00+00:00,CAL,California,D,Demand,24577,megawatthours
2026-03-30 13:00:00+00:00,CAL,California,D,Demand,25318,megawatthours
2026-03-30 14:00:00+00:00,CAL,California,D,Demand,27398,megawatthours
2026-03-30 15:00:00+00:00,CAL,California,D,Demand,28600,megawatthours
2026-03-30 16:00:00+00:00,CAL,California,D,Demand,30061,megawatthours
2026-03-30 17:00:00+00:00,CAL,California,D,Demand,31236,megawatthours
2026-03-30 18:00:00+00:00,CAL,California,D,Demand,32445,megawatthours
2026-03-30 19:00:00+00:00,CAL,California,D,Demand,34684,megawatthours
2026-03-30 20:00:00+00:00,CAL,California,D,Demand,36016,megawatthours
2026-03-30 21:00:00+00:00,CAL,California,D,Demand,36569,megawatthours
2026-03-30 22:00:00+00:00,CAL,California,D,Demand,36124,megawatthours
2026-03-30 23:00:00+00:00,CAL,California,D,Demand,33967,megawatthours
2026-03-31 00:00:00+00:00,CAL,California,D,Demand,32591,megawatthours
2026-03-31 01:00:00+00:00,CAL,California,D,Demand,33016,megawatthours
2026-03-31 02:00:00+00:00,CAL,California,D,Demand,33289,megawatthours
2026-03-31 03:00:00+00:00,CAL,California,D,Demand,33645,megawatthours
2026-03-31 04:00:00+00:00,CAL,California,D,Demand,33352,megawatthours
2026-03-31 05:00:00+00:00,CAL,California,D,Demand,32388,megawatthours
2026-03-31 06:00:00+00:00,CAL,California,D,Demand,30572,megawatthours
2026-03-31 07:00:00+00:00,CAL,California,D,Demand,28839,megawatthours
2026-03-31 08:00:00+00:00,CAL,California,D,Demand,28131,megawatthours
2026-03-31 09:00:00+00:00,CAL,California,D,Demand,26888,megawatthours
2026-03-31 10:00:00+00:00,CAL,California,D,Demand,27242,megawatthours
2026-03-31 11:00:00+00:00,CAL,California,D,Demand,26992,megawatthours
2026-03-31 12:00:00+00:00,CAL,California,D,Demand,26825,megawatthours
2026-03-31 13:00:00+00:00,CAL,California,D,Demand,26840,megawatthours
2026-03-31 14:00:00+00:00,CAL,California,D,Demand,28443,megawatthours
2026-03-31 15:00:00+00:00,CAL,California,D,Demand,29951,megawatthours
2026-03-31 16:00:00+00:00,CAL,California,D,Demand,30956,megawatthours
2026-03-31 17:00:00+00:00,CAL,California,D,Demand,31765,megawatthours
2026-03-31 18:00:00+00:00,CAL,California,D,Demand,32915,megawatthours
2026-03-31 19:00:00+00:00,CAL,California,D,Demand,34284,megawatthours
2026-03-31 20:00:00+00:00,CAL,California,D,Demand,35140,megawatthours
2026-03-31 21:00:00+00:00,CAL,California,D,Demand,34605,megawatthours
2026-03-31 22:00:00+00:00,CAL,California,D,Demand,33400,megawatthours
2026-03-31 23:00:00+00:00,CAL,California,D,Demand,32539,megawatthours
2026-04-01 00:00:00+00:00,CAL,California,D,Demand,32390,megawatthours
2026-04-01 01:00:00+00:00,CAL,California,D,Demand,32686,megawatthours
2026-04-01 02:00:00+00:00,CAL,California,D,Demand,32697,megawatthours
2026-04-01 03:00:00+00:00,CAL,California,D,Demand,32617,megawatthours
2026-04-01 04:00:00+00:00,CAL,California,D,Demand,32086,megawatthours
2026-04-01 05:00:00+00:00,CAL,California,D,Demand,31373,megawatthours
2026-04-01 06:00:00+00:00,CAL,California,D,Demand,29785,megawatthours
2026-04-01 07:00:00+00:00,CAL,California,D,Demand,28303,megawatthours
2026-04-01 08:00:00+00:00,CAL,California,D,Demand,27453,megawatthours
2026-04-01 09:00:00+00:00,CAL,California,D,Demand,27248,megawatthours
2026-04-01 10:00:00+00:00,CAL,California,D,Demand,26285,megawatthours
2026-04-01 11:00:00+00:00,CAL,California,D,Demand,25946,megawatthours
2026-04-01 12:00:00+00:00,CAL,California,D,Demand,25296,megawatthours
2026-04-01 13:00:00+00:00,CAL,California,D,Demand,26383,megawatthours
2026-04-01 14:00:00+00:00,CAL,California,D,Demand,28200,megawatthours
2026-04-01 15:00:00+00:00,CAL,California,D,Demand,28923,megawatthours
2026-04-01 16:00:00+00:00,CAL,California,D,Demand,30139,megawatthours
2026-04-01 17:00:00+00:00,CAL,California,D,Demand,30919,megawatthours
2026-04-01 18:00:00+00:00,CAL,California,D,Demand,31238,megawatthours
2026-04-01 19:00:00+00:00,CAL,California,D,Demand,32602,megawatthours
2026-04-01 20:00:00+00:00,CAL,California,D,Demand,33240,megawatthours
2026-04-01 21:00:00+00:00,CAL,California,D,Demand,33586,megawatthours
2026-04-01 22:00:00+00:00,CAL,California,D,Demand,34458,megawatthours
2026-04-01 23:00:00+00:00,CAL,California,D,Demand,33394,megawatthours
2026-04-02 00:00:00+00:00,CAL,California,D,Demand,32776,megawatthours
2026-04-02 01:00:00+00:00,CAL,California,D,Demand,31802,megawatthours
2026-04-02 02:00:00+00:00,CAL,California,D,Demand,31771,megawatthours
2026-04-02 03:00:00+00:00,CAL,California,D,Demand,32551,megawatthours
2026-04-02 04:00:00+00:00,CAL,California,D,Demand,32358,megawatthours
2026-04-02 05:00:00+00:00,CAL,California,D,Demand,31770,megawatthours
2026-04-02 06:00:00+00:00,CAL,California,D,Demand,30253,megawatthours
2026-04-02 07:00:00+00:00,CAL,California,D,Demand,28653,megawatthours
2026-04-02 08:00:00+00:00,CAL,California,D,Demand,27855,megawatthours
2026-04-02 09:00:00+00:00,CAL,California,D,Demand,26845,megawatthours
2026-04-02 10:00:00+00:00,CAL,California,D,Demand,26182,megawatthours
2026-04-02 11:00:00+00:00,CAL,California,D,Demand,26223,megawatthours
2026-04-02 12:00:00+00:00,CAL,California,D,Demand,26166,megawatthours
2026-04-02 13:00:00+00:00,CAL,California,D,Demand,27381,megawatthours
2026-04-02 14:00:00+00:00,CAL,California,D,Demand,28391,megawatthours
2026-04-02 15:00:00+00:00,CAL,California,D,Demand,29803,megawatthours
2026-04-02 16:00:00+00:00,CAL,California,D,Demand,30553,megawatthours
2026-04-02 17:00:00+00:00,CAL,California,D,Demand,30435,megawatthours
2026-04-02 18:00:00+00:00,CAL,California,D,Demand,30242,megawatthours
2026-04-02 19:00:00+00:00,CAL,California,D,Demand,30099,megawatthours
2026-04-02 20:00:00+00:00,CAL,California,D,Demand,31059,megawatthours
2026-04-02 21:00:00+00:00,CAL,California,D,Demand,31527,megawatthours
2026-04-02 22:00:00+00:00,CAL,California,D,Demand,31202,megawatthours
2026-04-02 23:00:00+00:00,CAL,California,D,Demand,30561,megawatthours
2026-04-03 00:00:00+00:00,CAL,California,D,Demand,29860,megawatthours
2026-04-03 01:00:00+00:00,CAL,California,D,Demand,29574,megawatthours
2026-04-03 02:00:00+00:00,CAL,California,D,Demand,30669,megawatthours
2026-04-03 03:00:00+00:00,CAL,California,D,Demand,31883,megawatthours
2026-04-03 04:00:00+00:00,CAL,California,D,Demand,32006,megawatthours
2026-04-03 05:00:00+00:00,CAL,California,D,Demand,31963,megawatthours
2026-04-03 06:00:00+00:00,CAL,California,D,Demand,30688,megawatthours
2026-04-03 07:00:00+00:00,CAL,California,D,Demand,29109,megawatthours
2026-04-03 08:00:00+00:00,CAL,California,D,Demand,27973,megawatthours
2026-04-03 09:00:00+00:00,CAL,California,D,Demand,27228,megawatthours
2026-04-03 10:00:00+00:00,CAL,California,D,Demand,26700,megawatthours
2026-04-03 11:00:00+00:00,CAL,California,D,Demand,26035,megawatthours
2026-04-03 12:00:00+00:00,CAL,California,D,Demand,25600,megawatthours
2026-04-03 13:00:00+00:00,CAL,California,D,Demand,26494,megawatthours
2026-04-03 14:00:00+00:00,CAL,California,D,Demand,27888,megawatthours
2026-04-03 15:00:00+00:00,CAL,California,D,Demand,29104,megawatthours
2026-04-03 16:00:00+00:00,CAL,California,D,Demand,29494,megawatthours
2026-04-03 17:00:00+00:00,CAL,California,D,Demand,29393,megawatthours
2026-04-03 18:00:00+00:00,CAL,California,D,Demand,29884,megawatthours
2026-04-03 19:00:00+00:00,CAL,California,D,Demand,29737,megawatthours
2026-04-03 20:00:00+00:00,CAL,California,D,Demand,28559,megawatthours
2026-04-03 21:00:00+00:00,CAL,California,D,Demand,27891,megawatthours
2026-04-03 22:00:00+00:00,CAL,California,D,Demand,27306,megawatthours
2026-04-03 23:00:00+00:00,CAL,California,D,Demand,26838,megawatthours
2026-04-04 00:00:00+00:00,CAL,California,D,Demand,27548,megawatthours
2026-04-04 01:00:00+00:00,CAL,California,D,Demand,29624,megawatthours
2026-04-04 02:00:00+00:00,CAL,California,D,Demand,31218,megawatthours
2026-04-04 03:00:00+00:00,CAL,California,D,Demand,32164,megawatthours
2026-04-04 04:00:00+00:00,CAL,California,D,Demand,31611,megawatthours
2026-04-04 05:00:00+00:00,CAL,California,D,Demand,31101,megawatthours
2026-04-04 06:00:00+00:00,CAL,California,D,Demand,29785,megawatthours
2026-04-04 07:00:00+00:00,CAL,California,D,Demand,28090,megawatthours
2026-04-04 08:00:00+00:00,CAL,California,D,Demand,27278,megawatthours
2026-04-04 09:00:00+00:00,CAL,California,D,Demand,25926,megawatthours
2026-04-04 10:00:00+00:00,CAL,California,D,Demand,25009,megawatthours
2026-04-04 11:00:00+00:00,CAL,California,D,Demand,24305,megawatthours
2026-04-04 12:00:00+00:00,CAL,California,D,Demand,24029,megawatthours
2026-04-04 13:00:00+00:00,CAL,California,D,Demand,24326,megawatthours
2026-04-04 14:00:00+00:00,CAL,California,D,Demand,24999,megawatthours
2026-04-04 15:00:00+00:00,CAL,California,D,Demand,26117,megawatthours
2026-04-04 16:00:00+00:00,CAL,California,D,Demand,27747,megawatthours
2026-04-04 17:00:00+00:00,CAL,California,D,Demand,27773,megawatthours
2026-04-04 18:00:00+00:00,CAL,California,D,Demand,27315,megawatthours
2026-04-04 19:00:00+00:00,CAL,California,D,Demand,27799,megawatthours
2026-04-04 20:00:00+00:00,CAL,California,D,Demand,26674,megawatthours
2026-04-04 21:00:00+00:00,CAL,California,D,Demand,25888,megawatthours
2026-04-04 22:00:00+00:00,CAL,California,D,Demand,26396,megawatthours
2026-04-04 23:00:00+00:00,CAL,California,D,Demand,26707,megawatthours
2026-04-05 00:00:00+00:00,CAL,California,D,Demand,28303,megawatthours
2026-04-05 01:00:00+00:00,CAL,California,D,Demand,30137,megawatthours
2026-04-05 02:00:00+00:00,CAL,California,D,Demand,31544,megawatthours
2026-04-05 03:00:00+00:00,CAL,California,D,Demand,32194,megawatthours
2026-04-05 04:00:00+00:00,CAL,California,D,Demand,31968,megawatthours
2026-04-05 05:00:00+00:00,CAL,California,D,Demand,31029,megawatthours
2026-04-05 06:00:00+00:00,CAL,California,D,Demand,29319,megawatthours
2026-04-05 07:00:00+00:00,CAL,California,D,Demand,27777,megawatthours
2026-04-05 08:00:00+00:00,CAL,California,D,Demand,27074,megawatthours
2026-04-05 09:00:00+00:00,CAL,California,D,Demand,25707,megawatthours
2026-04-05 10:00:00+00:00,CAL,California,D,Demand,24518,megawatthours
2026-04-05 11:00:00+00:00,CAL,California,D,Demand,23791,megawatthours
2026-04-05 12:00:00+00:00,CAL,California,D,Demand,23414,megawatthours
2026-04-05 13:00:00+00:00,CAL,California,D,Demand,23758,megawatthours
2026-04-05 14:00:00+00:00,CAL,California,D,Demand,24002,megawatthours
2026-04-05 15:00:00+00:00,CAL,California,D,Demand,24651,megawatthours
2026-04-05 16:00:00+00:00,CAL,California,D,Demand,25692,megawatthours
2026-04-05 17:00:00+00:00,CAL,California,D,Demand,26291,megawatthours
2026-04-05 18:00:00+00:00,CAL,California,D,Demand,27077,megawatthours
2026-04-05 19:00:00+00:00,CAL,California,D,Demand,27587,megawatthours
2026-04-05 20:00:00+00:00,CAL,California,D,Demand,27404,megawatthours
2026-04-05 21:00:00+00:00,CAL,California,D,Demand,27403,megawatthours
2026-04-05 22:00:00+00:00,CAL,California,D,Demand,26614,megawatthours
2026-04-05 23:00:00+00:00,CAL,California,D,Demand,26222,megawatthours
2026-04-06 00:00:00+00:00,CAL,California,D,Demand,27589,megawatthours
2026-04-06 01:00:00+00:00,CAL,California,D,Demand,29433,megawatthours
2026-04-06 02:00:00+00:00,CAL,California,D,Demand,31014,megawatthours
2026-04-06 03:00:00+00:00,CAL,California,D,Demand,31952,megawatthours
2026-04-06 04:00:00+00:00,CAL,California,D,Demand,31980,megawatthours
2026-04-06 05:00:00+00:00,CAL,California,D,Demand,31070,megawatthours
2026-04-06 06:00:00+00:00,CAL,California,D,Demand,29512,megawatthours
2026-04-06 07:00:00+00:00,CAL,California,D,Demand,27664,megawatthours
2026-04-06 08:00:00+00:00,CAL,California,D,Demand,26641,megawatthours
2026-04-06 09:00:00+00:00,CAL,California,D,Demand,25292,megawatthours
2026-04-06 10:00:00+00:00,CAL,California,D,Demand,24754,megawatthours
2026-04-06 11:00:00+00:00,CAL,California,D,Demand,25262,megawatthours
2026-04-06 12:00:00+00:00,CAL,California,D,Demand,25193,megawatthours
2026-04-06 13:00:00+00:00,CAL,California,D,Demand,25979,megawatthours
2026-04-06 14:00:00+00:00,CAL,California,D,Demand,27584,megawatthours
2026-04-06 15:00:00+00:00,CAL,California,D,Demand,29005,megawatthours
2026-04-06 16:00:00+00:00,CAL,California,D,Demand,29230,megawatthours
2026-04-06 17:00:00+00:00,CAL,California,D,Demand,31035,megawatthours
2026-04-06 18:00:00+00:00,CAL,California,D,Demand,29776,megawatthours
2026-04-06 19:00:00+00:00,CAL,California,D,Demand,30674,megawatthours
2026-04-06 20:00:00+00:00,CAL,California,D,Demand,32204,megawatthours
2026-04-06 21:00:00+00:00,CAL,California,D,Demand,31953,megawatthours
2026-04-06 22:00:00+00:00,CAL,California,D,Demand,33071,megawatthours
2026-04-06 23:00:00+00:00,CAL,California,D,Demand,33942,megawatthours
2026-04-07 00:00:00+00:00,CAL,California,D,Demand,34284,megawatthours
2026-04-07 01:00:00+00:00,CAL,California,D,Demand,33476,megawatthours
2026-04-07 02:00:00+00:00,CAL,California,D,Demand,34373,megawatthours
2026-04-07 03:00:00+00:00,CAL,California,D,Demand,34660,megawatthours
2026-04-07 04:00:00+00:00,CAL,California,D,Demand,34397,megawatthours
2026-04-07 05:00:00+00:00,CAL,California,D,Demand,33408,megawatthours
2026-04-07 06:00:00+00:00,CAL,California,D,Demand,31373,megawatthours
2026-04-07 07:00:00+00:00,CAL,California,D,Demand,29065,megawatthours
2026-04-07 08:00:00+00:00,CAL,California,D,Demand,28032,megawatthours
2026-04-07 09:00:00+00:00,CAL,California,D,Demand,27105,megawatthours
2026-04-07 10:00:00+00:00,CAL,California,D,Demand,26481,megawatthours
2026-04-07 11:00:00+00:00,CAL,California,D,Demand,26326,megawatthours
2026-04-07 12:00:00+00:00,CAL,California,D,Demand,25942,megawatthours
2026-04-07 13:00:00+00:00,CAL,California,D,Demand,26792,megawatthours
2026-04-07 14:00:00+00:00,CAL,California,D,Demand,28515,megawatthours
2026-04-07 15:00:00+00:00,CAL,California,D,Demand,30059,megawatthours
2026-04-07 16:00:00+00:00,CAL,California,D,Demand,31273,megawatthours
2026-04-07 17:00:00+00:00,CAL,California,D,Demand,31167,megawatthours
2026-04-07 18:00:00+00:00,CAL,California,D,Demand,30651,megawatthours
2026-04-07 19:00:00+00:00,CAL,California,D,Demand,30007,megawatthours
2026-04-07 20:00:00+00:00,CAL,California,D,Demand,29964,megawatthours
2026-04-07 21:00:00+00:00,CAL,California,D,Demand,30255,megawatthours
2026-04-07 22:00:00+00:00,CAL,California,D,Demand,30080,megawatthours
2026-04-07 23:00:00+00:00,CAL,California,D,Demand,30010,megawatthours
2026-04-08 00:00:00+00:00,CAL,California,D,Demand,31497,megawatthours
2026-04-08 01:00:00+00:00,CAL,California,D,Demand,32741,megawatthours
2026-04-08 02:00:00+00:00,CAL,California,D,Demand,34592,megawatthours
2026-04-08 03:00:00+00:00,CAL,California,D,Demand,34551,megawatthours
2026-04-08 04:00:00+00:00,CAL,California,D,Demand,34209,megawatthours
2026-04-08 05:00:00+00:00,CAL,California,D,Demand,33112,megawatthours
2026-04-08 06:00:00+00:00,CAL,California,D,Demand,31244,megawatthours
2026-04-08 07:00:00+00:00,CAL,California,D,Demand,29217,megawatthours
2026-04-08 08:00:00+00:00,CAL,California,D,Demand,28341,megawatthours
2026-04-08 09:00:00+00:00,CAL,California,D,Demand,26937,megawatthours
2026-04-08 10:00:00+00:00,CAL,California,D,Demand,26154,megawatthours
2026-04-08 11:00:00+00:00,CAL,California,D,Demand,25827,megawatthours
2026-04-08 12:00:00+00:00,CAL,California,D,Demand,25473,megawatthours
2026-04-08 13:00:00+00:00,CAL,California,D,Demand,26878,megawatthours
2026-04-08 14:00:00+00:00,CAL,California,D,Demand,28717,megawatthours
2026-04-08 15:00:00+00:00,CAL,California,D,Demand,30280,megawatthours
2026-04-08 16:00:00+00:00,CAL,California,D,Demand,32135,megawatthours
2026-04-08 17:00:00+00:00,CAL,California,D,Demand,31942,megawatthours
2026-04-08 18:00:00+00:00,CAL,California,D,Demand,31956,megawatthours
2026-04-08 19:00:00+00:00,CAL,California,D,Demand,31367,megawatthours
2026-04-08 20:00:00+00:00,CAL,California,D,Demand,30894,megawatthours
2026-04-08 21:00:00+00:00,CAL,California,D,Demand,31406,megawatthours
2026-04-08 22:00:00+00:00,CAL,California,D,Demand,31522,megawatthours
2026-04-08 23:00:00+00:00,CAL,California,D,Demand,31907,megawatthours
2026-04-09 00:00:00+00:00,CAL,California,D,Demand,32638,megawatthours
2026-04-09 01:00:00+00:00,CAL,California,D,Demand,34016,megawatthours
2026-04-09 02:00:00+00:00,CAL,California,D,Demand,35067,megawatthours
2026-04-09 03:00:00+00:00,CAL,California,D,Demand,35349,megawatthours
2026-04-09 04:00:00+00:00,CAL,California,D,Demand,34897,megawatthours
2026-04-09 05:00:00+00:00,CAL,California,D,Demand,33829,megawatthours
2026-04-09 06:00:00+00:00,CAL,California,D,Demand,31938,megawatthours
2026-04-09 07:00:00+00:00,CAL,California,D,Demand,29870,megawatthours
2026-04-09 08:00:00+00:00,CAL,California,D,Demand,29055,megawatthours
2026-04-09 09:00:00+00:00,CAL,California,D,Demand,27403,megawatthours
2026-04-09 10:00:00+00:00,CAL,California,D,Demand,26647,megawatthours
2026-04-09 11:00:00+00:00,CAL,California,D,Demand,26120,megawatthours
2026-04-09 12:00:00+00:00,CAL,California,D,Demand,26025,megawatthours
2026-04-09 13:00:00+00:00,CAL,California,D,Demand,27158,megawatthours
2026-04-09 14:00:00+00:00,CAL,California,D,Demand,28760,megawatthours
2026-04-09 15:00:00+00:00,CAL,California,D,Demand,30056,megawatthours
2026-04-09 16:00:00+00:00,CAL,California,D,Demand,32430,megawatthours
2026-04-09 17:00:00+00:00,CAL,California,D,Demand,33755,megawatthours
2026-04-09 18:00:00+00:00,CAL,California,D,Demand,34278,megawatthours
2026-04-09 19:00:00+00:00,CAL,California,D,Demand,34483,megawatthours
2026-04-09 20:00:00+00:00,CAL,California,D,Demand,34175,megawatthours
2026-04-09 21:00:00+00:00,CAL,California,D,Demand,34067,megawatthours
2026-04-09 22:00:00+00:00,CAL,California,D,Demand,33346,megawatthours
2026-04-09 23:00:00+00:00,CAL,California,D,Demand,32082,megawatthours
2026-04-10 00:00:00+00:00,CAL,California,D,Demand,31990,megawatthours
2026-04-10 01:00:00+00:00,CAL,California,D,Demand,32229,megawatthours
2026-04-10 02:00:00+00:00,CAL,California,D,Demand,33078,megawatthours
2026-04-10 03:00:00+00:00,CAL,California,D,Demand,34129,megawatthours
2026-04-10 04:00:00+00:00,CAL,California,D,Demand,33932,megawatthours
2026-04-10 05:00:00+00:00,CAL,California,D,Demand,32919,megawatthours
2026-04-10 06:00:00+00:00,CAL,California,D,Demand,31209,megawatthours
2026-04-10 07:00:00+00:00,CAL,California,D,Demand,29234,megawatthours
2026-04-10 08:00:00+00:00,CAL,California,D,Demand,28281,megawatthours
2026-04-10 09:00:00+00:00,CAL,California,D,Demand,26937,megawatthours
2026-04-10 10:00:00+00:00,CAL,California,D,Demand,26109,megawatthours
2026-04-10 11:00:00+00:00,CAL,California,D,Demand,25908,megawatthours
2026-04-10 12:00:00+00:00,CAL,California,D,Demand,25556,megawatthours
2026-04-10 13:00:00+00:00,CAL,California,D,Demand,26660,megawatthours
2026-04-10 14:00:00+00:00,CAL,California,D,Demand,28339,megawatthours
2026-04-10 15:00:00+00:00,CAL,California,D,Demand,29325,megawatthours
2026-04-10 16:00:00+00:00,CAL,California,D,Demand,31196,megawatthours
2026-04-10 17:00:00+00:00,CAL,California,D,Demand,32443,megawatthours
2026-04-10 18:00:00+00:00,CAL,California,D,Demand,33014,megawatthours
2026-04-10 19:00:00+00:00,CAL,California,D,Demand,35806,megawatthours
2026-04-10 20:00:00+00:00,CAL,California,D,Demand,35082,megawatthours
2026-04-10 21:00:00+00:00,CAL,California,D,Demand,35268,megawatthours
2026-04-10 22:00:00+00:00,CAL,California,D,Demand,34851,megawatthours
2026-04-10 23:00:00+00:00,CAL,California,D,Demand,32489,megawatthours
2026-04-11 00:00:00+00:00,CAL,California,D,Demand,31708,megawatthours
2026-04-11 01:00:00+00:00,CAL,California,D,Demand,31311,megawatthours
2026-04-11 02:00:00+00:00,CAL,California,D,Demand,31314,megawatthours
2026-04-11 03:00:00+00:00,CAL,California,D,Demand,32140,megawatthours
2026-04-11 04:00:00+00:00,CAL,California,D,Demand,31685,megawatthours
2026-04-11 05:00:00+00:00,CAL,California,D,Demand,31176,megawatthours
2026-04-11 06:00:00+00:00,CAL,California,D,Demand,29624,megawatthours
2026-04-11 07:00:00+00:00,CAL,California,D,Demand,28040,megawatthours
2026-04-11 08:00:00+00:00,CAL,California,D,Demand,27553,megawatthours
2026-04-11 09:00:00+00:00,CAL,California,D,Demand,26729,megawatthours
2026-04-11 10:00:00+00:00,CAL,California,D,Demand,25645,megawatthours
2026-04-11 11:00:00+00:00,CAL,California,D,Demand,25126,megawatthours
2026-04-11 12:00:00+00:00,CAL,California,D,Demand,24740,megawatthours
2026-04-11 13:00:00+00:00,CAL,California,D,Demand,25239,megawatthours
2026-04-11 14:00:00+00:00,CAL,California,D,Demand,25528,megawatthours
2026-04-11 15:00:00+00:00,CAL,California,D,Demand,26735,megawatthours
2026-04-11 16:00:00+00:00,CAL,California,D,Demand,29525,megawatthours
2026-04-11 17:00:00+00:00,CAL,California,D,Demand,29546,megawatthours
2026-04-11 18:00:00+00:00,CAL,California,D,Demand,29286,megawatthours
2026-04-11 19:00:00+00:00,CAL,California,D,Demand,29375,megawatthours
2026-04-11 20:00:00+00:00,CAL,California,D,Demand,29737,megawatthours
2026-04-11 21:00:00+00:00,CAL,California,D,Demand,28939,megawatthours
2026-04-11 22:00:00+00:00,CAL,California,D,Demand,28779,megawatthours
2026-04-11 23:00:00+00:00,CAL,California,D,Demand,28293,megawatthours
2026-04-12 00:00:00+00:00,CAL,California,D,Demand,28645,megawatthours
2026-04-12 01:00:00+00:00,CAL,California,D,Demand,29084,megawatthours
2026-04-12 02:00:00+00:00,CAL,California,D,Demand,29568,megawatthours
2026-04-12 03:00:00+00:00,CAL,California,D,Demand,29971,megawatthours
2026-04-12 04:00:00+00:00,CAL,California,D,Demand,29925,megawatthours
2026-04-12 05:00:00+00:00,CAL,California,D,Demand,29727,megawatthours
2026-04-12 06:00:00+00:00,CAL,California,D,Demand,28621,megawatthours
2026-04-12 07:00:00+00:00,CAL,California,D,Demand,27449,megawatthours
2026-04-12 08:00:00+00:00,CAL,California,D,Demand,26578,megawatthours
2026-04-12 09:00:00+00:00,CAL,California,D,Demand,25396,megawatthours
2026-04-12 10:00:00+00:00,CAL,California,D,Demand,24657,megawatthours
2026-04-12 11:00:00+00:00,CAL,California,D,Demand,24184,megawatthours
2026-04-12 12:00:00+00:00,CAL,California,D,Demand,23848,megawatthours
2026-04-12 13:00:00+00:00,CAL,California,D,Demand,24032,megawatthours
2026-04-12 14:00:00+00:00,CAL,California,D,Demand,24907,megawatthours
2026-04-12 15:00:00+00:00,CAL,California,D,Demand,25231,megawatthours
2026-04-12 16:00:00+00:00,CAL,California,D,Demand,26373,megawatthours
2026-04-12 17:00:00+00:00,CAL,California,D,Demand,27756,megawatthours
2026-04-12 18:00:00+00:00,CAL,California,D,Demand,28397,megawatthours
2026-04-12 19:00:00+00:00,CAL,California,D,Demand,28339,megawatthours
2026-04-12 20:00:00+00:00,CAL,California,D,Demand,29022,megawatthours
2026-04-12 21:00:00+00:00,CAL,California,D,Demand,28132,megawatthours
2026-04-12 22:00:00+00:00,CAL,California,D,Demand,28791,megawatthours
2026-04-12 23:00:00+00:00,CAL,California,D,Demand,28384,megawatthours
2026-04-13 00:00:00+00:00,CAL,California,D,Demand,28012,megawatthours
2026-04-13 01:00:00+00:00,CAL,California,D,Demand,27965,megawatthours
2026-04-13 02:00:00+00:00,CAL,California,D,Demand,28419,megawatthours
2026-04-13 03:00:00+00:00,CAL,California,D,Demand,29611,megawatthours
2026-04-13 04:00:00+00:00,CAL,California,D,Demand,29848,megawatthours
2026-04-13 05:00:00+00:00,CAL,California,D,Demand,29558,megawatthours
2026-04-13 06:00:00+00:00,CAL,California,D,Demand,28001,megawatthours
2026-04-13 07:00:00+00:00,CAL,California,D,Demand,26643,megawatthours
2026-04-13 08:00:00+00:00,CAL,California,D,Demand,26733,megawatthours
2026-04-13 09:00:00+00:00,CAL,California,D,Demand,25185,megawatthours
2026-04-13 10:00:00+00:00,CAL,California,D,Demand,25015,megawatthours
2026-04-13 11:00:00+00:00,CAL,California,D,Demand,24435,megawatthours
2026-04-13 12:00:00+00:00,CAL,California,D,Demand,24757,megawatthours
2026-04-13 13:00:00+00:00,CAL,California,D,Demand,25952,megawatthours
2026-04-13 14:00:00+00:00,CAL,California,D,Demand,27901,megawatthours
2026-04-13 15:00:00+00:00,CAL,California,D,Demand,29375,megawatthours
2026-04-13 16:00:00+00:00,CAL,California,D,Demand,31107,megawatthours
2026-04-13 17:00:00+00:00,CAL,California,D,Demand,31838,megawatthours
2026-04-13 18:00:00+00:00,CAL,California,D,Demand,30693,megawatthours
2026-04-13 19:00:00+00:00,CAL,California,D,Demand,31350,megawatthours
2026-04-13 20:00:00+00:00,CAL,California,D,Demand,30558,megawatthours
2026-04-13 21:00:00+00:00,CAL,California,D,Demand,29668,megawatthours
2026-04-13 22:00:00+00:00,CAL,California,D,Demand,29016,megawatthours
2026-04-13 23:00:00+00:00,CAL,California,D,Demand,28366,megawatthours
2026-04-14 00:00:00+00:00,CAL,California,D,Demand,27522,megawatthours
2026-04-14 01:00:00+00:00,CAL,California,D,Demand,28642,megawatthours
2026-04-14 02:00:00+00:00,CAL,California,D,Demand,29402,megawatthours
2026-04-14 03:00:00+00:00,CAL,California,D,Demand,31268,megawatthours
2026-04-14 04:00:00+00:00,CAL,California,D,Demand,31562,megawatthours
2026-04-14 05:00:00+00:00,CAL,California,D,Demand,31130,megawatthours
2026-04-14 06:00:00+00:00,CAL,California,D,Demand,29929,megawatthours
2026-04-14 07:00:00+00:00,CAL,California,D,Demand,27990,megawatthours
2026-04-14 08:00:00+00:00,CAL,California,D,Demand,26848,megawatthours
2026-04-14 09:00:00+00:00,CAL,California,D,Demand,26017,megawatthours
2026-04-14 10:00:00+00:00,CAL,California,D,Demand,25455,megawatthours
2026-04-14 11:00:00+00:00,CAL,California,D,Demand,24813,megawatthours
2026-04-14 12:00:00+00:00,CAL,California,D,Demand,25050,megawatthours
2026-04-14 13:00:00+00:00,CAL,California,D,Demand,26229,megawatthours
2026-04-14 14:00:00+00:00,CAL,California,D,Demand,28240,megawatthours
2026-04-14 15:00:00+00:00,CAL,California,D,Demand,29704,megawatthours
2026-04-14 16:00:00+00:00,CAL,California,D,Demand,30762,megawatthours
2026-04-14 17:00:00+00:00,CAL,California,D,Demand,29919,megawatthours
2026-04-14 18:00:00+00:00,CAL,California,D,Demand,28831,megawatthours
2026-04-14 19:00:00+00:00,CAL,California,D,Demand,27445,megawatthours
2026-04-14 20:00:00+00:00,CAL,California,D,Demand,27173,megawatthours
2026-04-14 21:00:00+00:00,CAL,California,D,Demand,27629,megawatthours
2026-04-14 22:00:00+00:00,CAL,California,D,Demand,27661,megawatthours
2026-04-14 23:00:00+00:00,CAL,California,D,Demand,27940,megawatthours
2026-04-15 00:00:00+00:00,CAL,California,D,Demand,27715,megawatthours
2026-04-15 01:00:00+00:00,CAL,California,D,Demand,29524,megawatthours
2026-04-15 02:00:00+00:00,CAL,California,D,Demand,29955,megawatthours
2026-04-15 03:00:00+00:00,CAL,California,D,Demand,31093,megawatthours
2026-04-15 04:00:00+00:00,CAL,California,D,Demand,31538,megawatthours
2026-04-15 05:00:00+00:00,CAL,California,D,Demand,30920,megawatthours
2026-04-15 06:00:00+00:00,CAL,California,D,Demand,29398,megawatthours
2026-04-15 07:00:00+00:00,CAL,California,D,Demand,27642,megawatthours
2026-04-15 08:00:00+00:00,CAL,California,D,Demand,26999,megawatthours
2026-04-15 09:00:00+00:00,CAL,California,D,Demand,26204,megawatthours
2026-04-15 10:00:00+00:00,CAL,California,D,Demand,25359,megawatthours
2026-04-15 11:00:00+00:00,CAL,California,D,Demand,24892,megawatthours
2026-04-15 12:00:00+00:00,CAL,California,D,Demand,25162,megawatthours
2026-04-15 13:00:00+00:00,CAL,California,D,Demand,26480,megawatthours
2026-04-15 14:00:00+00:00,CAL,California,D,Demand,28213,megawatthours
2026-04-15 15:00:00+00:00,CAL,California,D,Demand,29501,megawatthours
2026-04-15 16:00:00+00:00,CAL,California,D,Demand,30005,megawatthours
2026-04-15 17:00:00+00:00,CAL,California,D,Demand,30383,megawatthours
2026-04-15 18:00:00+00:00,CAL,California,D,Demand,29652,megawatthours
2026-04-15 19:00:00+00:00,CAL,California,D,Demand,29197,megawatthours
2026-04-15 20:00:00+00:00,CAL,California,D,Demand,30285,megawatthours
2026-04-15 21:00:00+00:00,CAL,California,D,Demand,29982,megawatthours
2026-04-15 22:00:00+00:00,CAL,California,D,Demand,29322,megawatthours
2026-04-15 23:00:00+00:00,CAL,California,D,Demand,28721,megawatthours
2026-04-16 00:00:00+00:00,CAL,California,D,Demand,28563,megawatthours
2026-04-16 01:00:00+00:00,CAL,California,D,Demand,29514,megawatthours
2026-04-16 02:00:00+00:00,CAL,California,D,Demand,30520,megawatthours
2026-04-16 03:00:00+00:00,CAL,California,D,Demand,31843,megawatthours
2026-04-16 04:00:00+00:00,CAL,California,D,Demand,31965,megawatthours
2026-04-16 05:00:00+00:00,CAL,California,D,Demand,31291,megawatthours
2026-04-16 06:00:00+00:00,CAL,California,D,Demand,29838,megawatthours
2026-04-16 07:00:00+00:00,CAL,California,D,Demand,27966,megawatthours
2026-04-16 08:00:00+00:00,CAL,California,D,Demand,27167,megawatthours
2026-04-16 09:00:00+00:00,CAL,California,D,Demand,25812,megawatthours
2026-04-16 10:00:00+00:00,CAL,California,D,Demand,25242,megawatthours
2026-04-16 11:00:00+00:00,CAL,California,D,Demand,24694,megawatthours
2026-04-16 12:00:00+00:00,CAL,California,D,Demand,24518,megawatthours
2026-04-16 13:00:00+00:00,CAL,California,D,Demand,26225,megawatthours
2026-04-16 14:00:00+00:00,CAL,California,D,Demand,27782,megawatthours
2026-04-16 15:00:00+00:00,CAL,California,D,Demand,28667,megawatthours
2026-04-16 16:00:00+00:00,CAL,California,D,Demand,28385,megawatthours
2026-04-16 17:00:00+00:00,CAL,California,D,Demand,28551,megawatthours
2026-04-16 18:00:00+00:00,CAL,California,D,Demand,28247,megawatthours
2026-04-16 19:00:00+00:00,CAL,California,D,Demand,28555,megawatthours
2026-04-16 20:00:00+00:00,CAL,California,D,Demand,29965,megawatthours
2026-04-16 21:00:00+00:00,CAL,California,D,Demand,30499,megawatthours
2026-04-16 22:00:00+00:00,CAL,California,D,Demand,30829,megawatthours
2026-04-16 23:00:00+00:00,CAL,California,D,Demand,30264,megawatthours
2026-04-17 00:00:00+00:00,CAL,California,D,Demand,29490,megawatthours
2026-04-17 01:00:00+00:00,CAL,California,D,Demand,29427,megawatthours
2026-04-17 02:00:00+00:00,CAL,California,D,Demand,29984,megawatthours
2026-04-17 03:00:00+00:00,CAL,California,D,Demand,31656,megawatthours
2026-04-17 04:00:00+00:00,CAL,California,D,Demand,32022,megawatthours
2026-04-17 05:00:00+00:00,CAL,California,D,Demand,31306,megawatthours
2026-04-17 06:00:00+00:00,CAL,California,D,Demand,29676,megawatthours
2026-04-17 07:00:00+00:00,CAL,California,D,Demand,27905,megawatthours
2026-04-17 08:00:00+00:00,CAL,California,D,Demand,27614,megawatthours
2026-04-17 09:00:00+00:00,CAL,California,D,Demand,26307,megawatthours
2026-04-17 10:00:00+00:00,CAL,California,D,Demand,25361,megawatthours
2026-04-17 11:00:00+00:00,CAL,California,D,Demand,24786,megawatthours
2026-04-17 12:00:00+00:00,CAL,California,D,Demand,24933,megawatthours
2026-04-17 13:00:00+00:00,CAL,California,D,Demand,25958,megawatthours
2026-04-17 14:00:00+00:00,CAL,California,D,Demand,27458,megawatthours
2026-04-17 15:00:00+00:00,CAL,California,D,Demand,28654,megawatthours
2026-04-17 16:00:00+00:00,CAL,California,D,Demand,29887,megawatthours
2026-04-17 17:00:00+00:00,CAL,California,D,Demand,29568,megawatthours
2026-04-17 18:00:00+00:00,CAL,California,D,Demand,28327,megawatthours
2026-04-17 19:00:00+00:00,CAL,California,D,Demand,28478,megawatthours
2026-04-17 20:00:00+00:00,CAL,California,D,Demand,29407,megawatthours
2026-04-17 21:00:00+00:00,CAL,California,D,Demand,29098,megawatthours
2026-04-17 22:00:00+00:00,CAL,California,D,Demand,28781,megawatthours
2026-04-17 23:00:00+00:00,CAL,California,D,Demand,27850,megawatthours
2026-04-18 00:00:00+00:00,CAL,California,D,Demand,27766,megawatthours
2026-04-18 01:00:00+00:00,CAL,California,D,Demand,29156,megawatthours
2026-04-18 02:00:00+00:00,CAL,California,D,Demand,29909,megawatthours
2026-04-18 03:00:00+00:00,CAL,California,D,Demand,31123,megawatthours
2026-04-18 04:00:00+00:00,CAL,California,D,Demand,31356,megawatthours
2026-04-18 05:00:00+00:00,CAL,California,D,Demand,30721,megawatthours
2026-04-18 06:00:00+00:00,CAL,California,D,Demand,29346,megawatthours
2026-04-18 07:00:00+00:00,CAL,California,D,Demand,27763,megawatthours
2026-04-18 08:00:00+00:00,CAL,California,D,Demand,24585,megawatthours
2026-04-18 09:00:00+00:00,CAL,California,D,Demand,23523,megawatthours
2026-04-18 10:00:00+00:00,CAL,California,D,Demand,22511,megawatthours
2026-04-18 11:00:00+00:00,CAL,California,D,Demand,22057,megawatthours
2026-04-18 12:00:00+00:00,CAL,California,D,Demand,21843,megawatthours
2026-04-18 13:00:00+00:00,CAL,California,D,Demand,22223,megawatthours
2026-04-18 14:00:00+00:00,CAL,California,D,Demand,22863,megawatthours
2026-04-18 15:00:00+00:00,CAL,California,D,Demand,23252,megawatthours
2026-04-18 16:00:00+00:00,CAL,California,D,Demand,23676,megawatthours
2026-04-18 17:00:00+00:00,CAL,California,D,Demand,23974,megawatthours
2026-04-18 18:00:00+00:00,CAL,California,D,Demand,23738,megawatthours
2026-04-18 19:00:00+00:00,CAL,California,D,Demand,24104,megawatthours
2026-04-18 20:00:00+00:00,CAL,California,D,Demand,25117,megawatthours
2026-04-18 21:00:00+00:00,CAL,California,D,Demand,24402,megawatthours
2026-04-18 22:00:00+00:00,CAL,California,D,Demand,23518,megawatthours
2026-04-18 23:00:00+00:00,CAL,California,D,Demand,23520,megawatthours
2026-04-19 00:00:00+00:00,CAL,California,D,Demand,24133,megawatthours
2026-04-19 01:00:00+00:00,CAL,California,D,Demand,25235,megawatthours
2026-04-19 02:00:00+00:00,CAL,California,D,Demand,26509,megawatthours
2026-04-19 03:00:00+00:00,CAL,California,D,Demand,27641,megawatthours
2026-04-19 04:00:00+00:00,CAL,California,D,Demand,27746,megawatthours
2026-04-19 05:00:00+00:00,CAL,California,D,Demand,27135,megawatthours
2026-04-19 06:00:00+00:00,CAL,California,D,Demand,26011,megawatthours
2026-04-19 07:00:00+00:00,CAL,California,D,Demand,24677,megawatthours
2026-04-19 08:00:00+00:00,CAL,California,D,Demand,26059,megawatthours
2026-04-19 09:00:00+00:00,CAL,California,D,Demand,25160,megawatthours
2026-04-19 10:00:00+00:00,CAL,California,D,Demand,24178,megawatthours
2026-04-19 11:00:00+00:00,CAL,California,D,Demand,23352,megawatthours
2026-04-19 12:00:00+00:00,CAL,California,D,Demand,23051,megawatthours
2026-04-19 13:00:00+00:00,CAL,California,D,Demand,23277,megawatthours
2026-04-19 14:00:00+00:00,CAL,California,D,Demand,23531,megawatthours
2026-04-19 15:00:00+00:00,CAL,California,D,Demand,23499,megawatthours
2026-04-19 16:00:00+00:00,CAL,California,D,Demand,24373,megawatthours
2026-04-19 17:00:00+00:00,CAL,California,D,Demand,24613,megawatthours
2026-04-19 18:00:00+00:00,CAL,California,D,Demand,25198,megawatthours
2026-04-19 19:00:00+00:00,CAL,California,D,Demand,25725,megawatthours
2026-04-19 20:00:00+00:00,CAL,California,D,Demand,26259,megawatthours
2026-04-19 21:00:00+00:00,CAL,California,D,Demand,26816,megawatthours
2026-04-19 22:00:00+00:00,CAL,California,D,Demand,26631,megawatthours
2026-04-19 23:00:00+00:00,CAL,California,D,Demand,27128,megawatthours
2026-04-20 00:00:00+00:00,CAL,California,D,Demand,27514,megawatthours
2026-04-20 01:00:00+00:00,CAL,California,D,Demand,28196,megawatthours
2026-04-20 02:00:00+00:00,CAL,California,D,Demand,30397,megawatthours
2026-04-20 03:00:00+00:00,CAL,California,D,Demand,31093,megawatthours
2026-04-20 04:00:00+00:00,CAL,California,D,Demand,31201,megawatthours
2026-04-20 05:00:00+00:00,CAL,California,D,Demand,30364,megawatthours
2026-04-20 06:00:00+00:00,CAL,California,D,Demand,28744,megawatthours
2026-04-20 07:00:00+00:00,CAL,California,D,Demand,26474,megawatthours
2026-04-20 08:00:00+00:00,CAL,California,D,Demand,25924,megawatthours
2026-04-20 09:00:00+00:00,CAL,California,D,Demand,24907,megawatthours
2026-04-20 10:00:00+00:00,CAL,California,D,Demand,23976,megawatthours
2026-04-20 11:00:00+00:00,CAL,California,D,Demand,23641,megawatthours
2026-04-20 12:00:00+00:00,CAL,California,D,Demand,23859,megawatthours
2026-04-20 13:00:00+00:00,CAL,California,D,Demand,25213,megawatthours
2026-04-20 14:00:00+00:00,CAL,California,D,Demand,26805,megawatthours
2026-04-20 15:00:00+00:00,CAL,California,D,Demand,28347,megawatthours
2026-04-20 16:00:00+00:00,CAL,California,D,Demand,29884,megawatthours
2026-04-20 17:00:00+00:00,CAL,California,D,Demand,30323,megawatthours
2026-04-20 18:00:00+00:00,CAL,California,D,Demand,30460,megawatthours
2026-04-20 19:00:00+00:00,CAL,California,D,Demand,30339,megawatthours
2026-04-20 20:00:00+00:00,CAL,California,D,Demand,31048,megawatthours
2026-04-20 21:00:00+00:00,CAL,California,D,Demand,31199,megawatthours
2026-04-20 22:00:00+00:00,CAL,California,D,Demand,30564,megawatthours
2026-04-20 23:00:00+00:00,CAL,California,D,Demand,30911,megawatthours
2026-04-21 00:00:00+00:00,CAL,California,D,Demand,31534,megawatthours
2026-04-21 01:00:00+00:00,CAL,California,D,Demand,31563,megawatthours
2026-04-21 02:00:00+00:00,CAL,California,D,Demand,31615,megawatthours
2026-04-21 03:00:00+00:00,CAL,California,D,Demand,32288,megawatthours
2026-04-21 04:00:00+00:00,CAL,California,D,Demand,32541,megawatthours
2026-04-21 05:00:00+00:00,CAL,California,D,Demand,31685,megawatthours
2026-04-21 06:00:00+00:00,CAL,California,D,Demand,30024,megawatthours
2026-04-21 07:00:00+00:00,CAL,California,D,Demand,28324,megawatthours
2026-04-21 08:00:00+00:00,CAL,California,D,Demand,27153,megawatthours
2026-04-21 09:00:00+00:00,CAL,California,D,Demand,26148,megawatthours
2026-04-21 10:00:00+00:00,CAL,California,D,Demand,25374,megawatthours
2026-04-21 11:00:00+00:00,CAL,California,D,Demand,25036,megawatthours
2026-04-21 12:00:00+00:00,CAL,California,D,Demand,25337,megawatthours
2026-04-21 13:00:00+00:00,CAL,California,D,Demand,26186,megawatthours
2026-04-21 14:00:00+00:00,CAL,California,D,Demand,27754,megawatthours
2026-04-21 15:00:00+00:00,CAL,California,D,Demand,29853,megawatthours
2026-04-21 16:00:00+00:00,CAL,California,D,Demand,31185,megawatthours
2026-04-21 17:00:00+00:00,CAL,California,D,Demand,31272,megawatthours
2026-04-21 18:00:00+00:00,CAL,California,D,Demand,32346,megawatthours
2026-04-21 19:00:00+00:00,CAL,California,D,Demand,32278,megawatthours
2026-04-21 20:00:00+00:00,CAL,California,D,Demand,32639,megawatthours
2026-04-21 21:00:00+00:00,CAL,California,D,Demand,32916,megawatthours
2026-04-21 22:00:00+00:00,CAL,California,D,Demand,32731,megawatthours
2026-04-21 23:00:00+00:00,CAL,California,D,Demand,31037,megawatthours
2026-04-22 00:00:00+00:00,CAL,California,D,Demand,30241,megawatthours
2026-04-22 01:00:00+00:00,CAL,California,D,Demand,29426,megawatthours
2026-04-22 02:00:00+00:00,CAL,California,D,Demand,29745,megawatthours
2026-04-22 03:00:00+00:00,CAL,California,D,Demand,30906,megawatthours
2026-04-22 04:00:00+00:00,CAL,California,D,Demand,31556,megawatthours
2026-04-22 05:00:00+00:00,CAL,California,D,Demand,30970,megawatthours
2026-04-22 06:00:00+00:00,CAL,California,D,Demand,29646,megawatthours
2026-04-22 07:00:00+00:00,CAL,California,D,Demand,28012,megawatthours
2026-04-22 08:00:00+00:00,CAL,California,D,Demand,27176,megawatthours
2026-04-22 09:00:00+00:00,CAL,California,D,Demand,25846,megawatthours
2026-04-22 10:00:00+00:00,CAL,California,D,Demand,25172,megawatthours
2026-04-22 11:00:00+00:00,CAL,California,D,Demand,25008,megawatthours
2026-04-22 12:00:00+00:00,CAL,California,D,Demand,25227,megawatthours
2026-04-22 13:00:00+00:00,CAL,California,D,Demand,26469,megawatthours
2026-04-22 14:00:00+00:00,CAL,California,D,Demand,28437,megawatthours
2026-04-22 15:00:00+00:00,CAL,California,D,Demand,30019,megawatthours
2026-04-22 16:00:00+00:00,CAL,California,D,Demand,30789,megawatthours
2026-04-22 17:00:00+00:00,CAL,California,D,Demand,30257,megawatthours
2026-04-22 18:00:00+00:00,CAL,California,D,Demand,29995,megawatthours
2026-04-22 19:00:00+00:00,CAL,California,D,Demand,29575,megawatthours
2026-04-22 20:00:00+00:00,CAL,California,D,Demand,29115,megawatthours
2026-04-22 21:00:00+00:00,CAL,California,D,Demand,29033,megawatthours
2026-04-22 22:00:00+00:00,CAL,California,D,Demand,29647,megawatthours
2026-04-22 23:00:00+00:00,CAL,California,D,Demand,28289,megawatthours
2026-04-23 00:00:00+00:00,CAL,California,D,Demand,27053,megawatthours
2026-04-23 01:00:00+00:00,CAL,California,D,Demand,28237,megawatthours
2026-04-23 02:00:00+00:00,CAL,California,D,Demand,29473,megawatthours
2026-04-23 03:00:00+00:00,CAL,California,D,Demand,31056,megawatthours
2026-04-23 04:00:00+00:00,CAL,California,D,Demand,31567,megawatthours
2026-04-23 05:00:00+00:00,CAL,California,D,Demand,30922,megawatthours
2026-04-23 06:00:00+00:00,CAL,California,D,Demand,29786,megawatthours
2026-04-23 07:00:00+00:00,CAL,California,D,Demand,27959,megawatthours
2026-04-23 08:00:00+00:00,CAL,California,D,Demand,27040,megawatthours
2026-04-23 09:00:00+00:00,CAL,California,D,Demand,26011,megawatthours
2026-04-23 10:00:00+00:00,CAL,California,D,Demand,25386,megawatthours
2026-04-23 11:00:00+00:00,CAL,California,D,Demand,25375,megawatthours
2026-04-23 12:00:00+00:00,CAL,California,D,Demand,25375,megawatthours
2026-04-23 13:00:00+00:00,CAL,California,D,Demand,26623,megawatthours
2026-04-23 14:00:00+00:00,CAL,California,D,Demand,28239,megawatthours
2026-04-23 15:00:00+00:00,CAL,California,D,Demand,29606,megawatthours
2026-04-23 16:00:00+00:00,CAL,California,D,Demand,30029,megawatthours
2026-04-23 17:00:00+00:00,CAL,California,D,Demand,30045,megawatthours
2026-04-23 18:00:00+00:00,CAL,California,D,Demand,29444,megawatthours
2026-04-23 19:00:00+00:00,CAL,California,D,Demand,27722,megawatthours
2026-04-23 20:00:00+00:00,CAL,California,D,Demand,26930,megawatthours
2026-04-23 21:00:00+00:00,CAL,California,D,Demand,26359,megawatthours
2026-04-23 22:00:00+00:00,CAL,California,D,Demand,26651,megawatthours
2026-04-23 23:00:00+00:00,CAL,California,D,Demand,27148,megawatthours
2026-04-24 00:00:00+00:00,CAL,California,D,Demand,26825,megawatthours
2026-04-24 01:00:00+00:00,CAL,California,D,Demand,29085,megawatthours
2026-04-24 02:00:00+00:00,CAL,California,D,Demand,30728,megawatthours
2026-04-24 03:00:00+00:00,CAL,California,D,Demand,32002,megawatthours
2026-04-24 04:00:00+00:00,CAL,California,D,Demand,32290,megawatthours
2026-04-24 05:00:00+00:00,CAL,California,D,Demand,31470,megawatthours
2026-04-24 06:00:00+00:00,CAL,California,D,Demand,29824,megawatthours
2026-04-24 07:00:00+00:00,CAL,California,D,Demand,27780,megawatthours
2026-04-24 08:00:00+00:00,CAL,California,D,Demand,27226,megawatthours
2026-04-24 09:00:00+00:00,CAL,California,D,Demand,25944,megawatthours
2026-04-24 10:00:00+00:00,CAL,California,D,Demand,24837,megawatthours
2026-04-24 11:00:00+00:00,CAL,California,D,Demand,24421,megawatthours
2026-04-24 12:00:00+00:00,CAL,California,D,Demand,24613,megawatthours
2026-04-24 13:00:00+00:00,CAL,California,D,Demand,25695,megawatthours
2026-04-24 14:00:00+00:00,CAL,California,D,Demand,27123,megawatthours
2026-04-24 15:00:00+00:00,CAL,California,D,Demand,28714,megawatthours
2026-04-24 16:00:00+00:00,CAL,California,D,Demand,29700,megawatthours
2026-04-24 17:00:00+00:00,CAL,California,D,Demand,29285,megawatthours
2026-04-24 18:00:00+00:00,CAL,California,D,Demand,28399,megawatthours
2026-04-24 19:00:00+00:00,CAL,California,D,Demand,28993,megawatthours
2026-04-24 20:00:00+00:00,CAL,California,D,Demand,28743,megawatthours
2026-04-24 21:00:00+00:00,CAL,California,D,Demand,28606,megawatthours
2026-04-24 22:00:00+00:00,CAL,California,D,Demand,28676,megawatthours
2026-04-24 23:00:00+00:00,CAL,California,D,Demand,28077,megawatthours
2026-04-25 00:00:00+00:00,CAL,California,D,Demand,28412,megawatthours
2026-04-25 01:00:00+00:00,CAL,California,D,Demand,29323,megawatthours
2026-04-25 02:00:00+00:00,CAL,California,D,Demand,29970,megawatthours
2026-04-25 03:00:00+00:00,CAL,California,D,Demand,30953,megawatthours
2026-04-25 04:00:00+00:00,CAL,California,D,Demand,31236,megawatthours
2026-04-25 05:00:00+00:00,CAL,California,D,Demand,30817,megawatthours
2026-04-25 06:00:00+00:00,CAL,California,D,Demand,29417,megawatthours
2026-04-25 07:00:00+00:00,CAL,California,D,Demand,27853,megawatthours
2026-04-25 08:00:00+00:00,CAL,California,D,Demand,26956,megawatthours
2026-04-25 09:00:00+00:00,CAL,California,D,Demand,25934,megawatthours
2026-04-25 10:00:00+00:00,CAL,California,D,Demand,24836,megawatthours
2026-04-25 11:00:00+00:00,CAL,California,D,Demand,24245,megawatthours
2026-04-25 12:00:00+00:00,CAL,California,D,Demand,23990,megawatthours
2026-04-25 13:00:00+00:00,CAL,California,D,Demand,24295,megawatthours
2026-04-25 14:00:00+00:00,CAL,California,D,Demand,24932,megawatthours
2026-04-25 15:00:00+00:00,CAL,California,D,Demand,25219,megawatthours
2026-04-25 16:00:00+00:00,CAL,California,D,Demand,27079,megawatthours
2026-04-25 17:00:00+00:00,CAL,California,D,Demand,28229,megawatthours
2026-04-25 18:00:00+00:00,CAL,California,D,Demand,28280,megawatthours
2026-04-25 19:00:00+00:00,CAL,California,D,Demand,29103,megawatthours
2026-04-25 20:00:00+00:00,CAL,California,D,Demand,29916,megawatthours
2026-04-25 21:00:00+00:00,CAL,California,D,Demand,30713,megawatthours
2026-04-25 22:00:00+00:00,CAL,California,D,Demand,29569,megawatthours
2026-04-25 23:00:00+00:00,CAL,California,D,Demand,29145,megawatthours
2026-04-26 00:00:00+00:00,CAL,California,D,Demand,28325,megawatthours
2026-04-26 01:00:00+00:00,CAL,California,D,Demand,27379,megawatthours
2026-04-26 02:00:00+00:00,CAL,California,D,Demand,27755,megawatthours
2026-04-26 03:00:00+00:00,CAL,California,D,Demand,28937,megawatthours
2026-04-26 04:00:00+00:00,CAL,California,D,Demand,29022,megawatthours
2026-04-26 05:00:00+00:00,CAL,California,D,Demand,28427,megawatthours
2026-04-26 06:00:00+00:00,CAL,California,D,Demand,27196,megawatthours
2026-04-26 07:00:00+00:00,CAL,California,D,Demand,25990,megawatthours
2026-04-26 08:00:00+00:00,CAL,California,D,Demand,25461,megawatthours
2026-04-26 09:00:00+00:00,CAL,California,D,Demand,24271,megawatthours
2026-04-26 10:00:00+00:00,CAL,California,D,Demand,23470,megawatthours
2026-04-26 11:00:00+00:00,CAL,California,D,Demand,23008,megawatthours
2026-04-26 12:00:00+00:00,CAL,California,D,Demand,22883,megawatthours
2026-04-26 13:00:00+00:00,CAL,California,D,Demand,22987,megawatthours
2026-04-26 14:00:00+00:00,CAL,California,D,Demand,23111,megawatthours
2026-04-26 15:00:00+00:00,CAL,California,D,Demand,24723,megawatthours
2026-04-26 16:00:00+00:00,CAL,California,D,Demand,25754,megawatthours
2026-04-26 17:00:00+00:00,CAL,California,D,Demand,27114,megawatthours
2026-04-26 18:00:00+00:00,CAL,California,D,Demand,26745,megawatthours
2026-04-26 19:00:00+00:00,CAL,California,D,Demand,26473,megawatthours
2026-04-26 20:00:00+00:00,CAL,California,D,Demand,27087,megawatthours
2026-04-26 21:00:00+00:00,CAL,California,D,Demand,26953,megawatthours
2026-04-26 22:00:00+00:00,CAL,California,D,Demand,26900,megawatthours
2026-04-26 23:00:00+00:00,CAL,California,D,Demand,26345,megawatthours
2026-04-27 00:00:00+00:00,CAL,California,D,Demand,26174,megawatthours
2026-04-27 01:00:00+00:00,CAL,California,D,Demand,26236,megawatthours
2026-04-27 02:00:00+00:00,CAL,California,D,Demand,26796,megawatthours
2026-04-27 03:00:00+00:00,CAL,California,D,Demand,28298,megawatthours
2026-04-27 04:00:00+00:00,CAL,California,D,Demand,29078,megawatthours
2026-04-27 05:00:00+00:00,CAL,California,D,Demand,28619,megawatthours
2026-04-27 06:00:00+00:00,CAL,California,D,Demand,27258,megawatthours
2026-04-27 07:00:00+00:00,CAL,California,D,Demand,26048,megawatthours
2026-04-27 08:00:00+00:00,CAL,California,D,Demand,25387,megawatthours
2026-04-27 09:00:00+00:00,CAL,California,D,Demand,24363,megawatthours
2026-04-27 10:00:00+00:00,CAL,California,D,Demand,23843,megawatthours
2026-04-27 11:00:00+00:00,CAL,California,D,Demand,23471,megawatthours
2026-04-27 12:00:00+00:00,CAL,California,D,Demand,23769,megawatthours
2026-04-27 13:00:00+00:00,CAL,California,D,Demand,25275,megawatthours
2026-04-27 14:00:00+00:00,CAL,California,D,Demand,27171,megawatthours
2026-04-27 15:00:00+00:00,CAL,California,D,Demand,29599,megawatthours
2026-04-27 16:00:00+00:00,CAL,California,D,Demand,29349,megawatthours
2026-04-27 17:00:00+00:00,CAL,California,D,Demand,29742,megawatthours
2026-04-27 18:00:00+00:00,CAL,California,D,Demand,28681,megawatthours
2026-04-27 19:00:00+00:00,CAL,California,D,Demand,27658,megawatthours
2026-04-27 20:00:00+00:00,CAL,California,D,Demand,26871,megawatthours
2026-04-27 21:00:00+00:00,CAL,California,D,Demand,27430,megawatthours
2026-04-27 22:00:00+00:00,CAL,California,D,Demand,27208,megawatthours
2026-04-27 23:00:00+00:00,CAL,California,D,Demand,26847,megawatthours
2026-04-28 00:00:00+00:00,CAL,California,D,Demand,26191,megawatthours
2026-04-28 01:00:00+00:00,CAL,California,D,Demand,27053,megawatthours
2026-04-28 02:00:00+00:00,CAL,California,D,Demand,28565,megawatthours
2026-04-28 03:00:00+00:00,CAL,California,D,Demand,30184,megawatthours
2026-04-28 04:00:00+00:00,CAL,California,D,Demand,31001,megawatthours
2026-04-28 05:00:00+00:00,CAL,California,D,Demand,30217,megawatthours
2026-04-28 06:00:00+00:00,CAL,California,D,Demand,28679,megawatthours
2026-04-28 07:00:00+00:00,CAL,California,D,Demand,26993,megawatthours
2026-04-28 08:00:00+00:00,CAL,California,D,Demand,26554,megawatthours
2026-04-28 09:00:00+00:00,CAL,California,D,Demand,25140,megawatthours
2026-04-28 10:00:00+00:00,CAL,California,D,Demand,24402,megawatthours
2026-04-28 11:00:00+00:00,CAL,California,D,Demand,24190,megawatthours
2026-04-28 12:00:00+00:00,CAL,California,D,Demand,24536,megawatthours
2026-04-28 13:00:00+00:00,CAL,California,D,Demand,25702,megawatthours
2026-04-28 14:00:00+00:00,CAL,California,D,Demand,27244,megawatthours
2026-04-28 15:00:00+00:00,CAL,California,D,Demand,29268,megawatthours
2026-04-28 16:00:00+00:00,CAL,California,D,Demand,29173,megawatthours
2026-04-28 17:00:00+00:00,CAL,California,D,Demand,28220,megawatthours
2026-04-28 18:00:00+00:00,CAL,California,D,Demand,27726,megawatthours
2026-04-28 19:00:00+00:00,CAL,California,D,Demand,27525,megawatthours
2026-04-28 20:00:00+00:00,CAL,California,D,Demand,27444,megawatthours
2026-04-28 21:00:00+00:00,CAL,California,D,Demand,26819,megawatthours
2026-04-28 22:00:00+00:00,CAL,California,D,Demand,26233,megawatthours
2026-04-28 23:00:00+00:00,CAL,California,D,Demand,25769,megawatthours
2026-04-29 00:00:00+00:00,CAL,California,D,Demand,26146,megawatthours
2026-04-29 01:00:00+00:00,CAL,California,D,Demand,28100,megawatthours
2026-04-29 02:00:00+00:00,CAL,California,D,Demand,29602,megawatthours
2026-04-29 03:00:00+00:00,CAL,California,D,Demand,30912,megawatthours
2026-04-29 04:00:00+00:00,CAL,California,D,Demand,30970,megawatthours
2026-04-29 05:00:00+00:00,CAL,California,D,Demand,30558,megawatthours
2026-04-29 06:00:00+00:00,CAL,California,D,Demand,29569,megawatthours
2026-04-29 07:00:00+00:00,CAL,California,D,Demand,27508,megawatthours
2026-04-29 08:00:00+00:00,CAL,California,D,Demand,26474,megawatthours
2026-04-29 09:00:00+00:00,CAL,California,D,Demand,25115,megawatthours
2026-04-29 10:00:00+00:00,CAL,California,D,Demand,24370,megawatthours
2026-04-29 11:00:00+00:00,CAL,California,D,Demand,24181,megawatthours
2026-04-29 12:00:00+00:00,CAL,California,D,Demand,24413,megawatthours
2026-04-29 13:00:00+00:00,CAL,California,D,Demand,25731,megawatthours
2026-04-29 14:00:00+00:00,CAL,California,D,Demand,27059,megawatthours
2026-04-29 15:00:00+00:00,CAL,California,D,Demand,28517,megawatthours
2026-04-29 16:00:00+00:00,CAL,California,D,Demand,28807,megawatthours
2026-04-29 17:00:00+00:00,CAL,California,D,Demand,28632,megawatthours
2026-04-29 18:00:00+00:00,CAL,California,D,Demand,28219,megawatthours
2026-04-29 19:00:00+00:00,CAL,California,D,Demand,27775,megawatthours
2026-04-29 20:00:00+00:00,CAL,California,D,Demand,28733,megawatthours
2026-04-29 21:00:00+00:00,CAL,California,D,Demand,28314,megawatthours
2026-04-29 22:00:00+00:00,CAL,California,D,Demand,28633,megawatthours
2026-04-29 23:00:00+00:00,CAL,California,D,Demand,28701,megawatthours
2026-04-30 00:00:00+00:00,CAL,California,D,Demand,28398,megawatthours
2026-04-30 01:00:00+00:00,CAL,California,D,Demand,29782,megawatthours
2026-04-30 02:00:00+00:00,CAL,California,D,Demand,30148,megawatthours
2026-04-30 03:00:00+00:00,CAL,California,D,Demand,31259,megawatthours
2026-04-30 04:00:00+00:00,CAL,California,D,Demand,31921,megawatthours
2026-04-30 05:00:00+00:00,CAL,California,D,Demand,31343,megawatthours
2026-04-30 06:00:00+00:00,CAL,California,D,Demand,29508,megawatthours
2026-04-30 07:00:00+00:00,CAL,California,D,Demand,27473,megawatthours
2026-04-30 08:00:00+00:00,CAL,California,D,Demand,26974,megawatthours
2026-04-30 09:00:00+00:00,CAL,California,D,Demand,25597,megawatthours
2026-04-30 10:00:00+00:00,CAL,California,D,Demand,24878,megawatthours
2026-04-30 11:00:00+00:00,CAL,California,D,Demand,24230,megawatthours
2026-04-30 12:00:00+00:00,CAL,California,D,Demand,24643,megawatthours
2026-04-30 13:00:00+00:00,CAL,California,D,Demand,25734,megawatthours
2026-04-30 14:00:00+00:00,CAL,California,D,Demand,26921,megawatthours
2026-04-30 15:00:00+00:00,CAL,California,D,Demand,28888,megawatthours
2026-04-30 16:00:00+00:00,CAL,California,D,Demand,29578,megawatthours
2026-04-30 17:00:00+00:00,CAL,California,D,Demand,28567,megawatthours
2026-04-30 18:00:00+00:00,CAL,California,D,Demand,28366,megawatthours
2026-04-30 19:00:00+00:00,CAL,California,D,Demand,28712,megawatthours
2026-04-30 20:00:00+00:00,CAL,California,D,Demand,29128,megawatthours
2026-04-30 21:00:00+00:00,CAL,California,D,Demand,29294,megawatthours
2026-04-30 22:00:00+00:00,CAL,California,D,Demand,29611,megawatthours
2026-04-30 23:00:00+00:00,CAL,California,D,Demand,29151,megawatthours
2026-05-01 00:00:00+00:00,CAL,California,D,Demand,30798,megawatthours
2026-05-01 01:00:00+00:00,CAL,California,D,Demand,31273,megawatthours
2026-05-01 02:00:00+00:00,CAL,California,D,Demand,31467,megawatthours
2026-05-01 03:00:00+00:00,CAL,California,D,Demand,32657,megawatthours
2026-05-01 04:00:00+00:00,CAL,California,D,Demand,32976,megawatthours
2026-05-01 05:00:00+00:00,CAL,California,D,Demand,32207,megawatthours
2026-05-01 06:00:00+00:00,CAL,California,D,Demand,30549,megawatthours
2026-05-01 07:00:00+00:00,CAL,California,D,Demand,28351,megawatthours
2026-05-01 08:00:00+00:00,CAL,California,D,Demand,27479,megawatthours
2026-05-01 09:00:00+00:00,CAL,California,D,Demand,26388,megawatthours
2026-05-01 10:00:00+00:00,CAL,California,D,Demand,25353,megawatthours
2026-05-01 11:00:00+00:00,CAL,California,D,Demand,24856,megawatthours
2026-05-01 12:00:00+00:00,CAL,California,D,Demand,25108,megawatthours
2026-05-01 13:00:00+00:00,CAL,California,D,Demand,26357,megawatthours
2026-05-01 14:00:00+00:00,CAL,California,D,Demand,27810,megawatthours
2026-05-01 15:00:00+00:00,CAL,California,D,Demand,30492,megawatthours
2026-05-01 16:00:00+00:00,CAL,California,D,Demand,32135,megawatthours
2026-05-01 17:00:00+00:00,CAL,California,D,Demand,32417,megawatthours
2026-05-01 18:00:00+00:00,CAL,California,D,Demand,31980,megawatthours
2026-05-01 19:00:00+00:00,CAL,California,D,Demand,31225,megawatthours
2026-05-01 20:00:00+00:00,CAL,California,D,Demand,30149,megawatthours
2026-05-01 21:00:00+00:00,CAL,California,D,Demand,30762,megawatthours
2026-05-01 22:00:00+00:00,CAL,California,D,Demand,30252,megawatthours
2026-05-01 23:00:00+00:00,CAL,California,D,Demand,29666,megawatthours
2026-05-02 00:00:00+00:00,CAL,California,D,Demand,30281,megawatthours
2026-05-02 01:00:00+00:00,CAL,California,D,Demand,31132,megawatthours
2026-05-02 02:00:00+00:00,CAL,California,D,Demand,32440,megawatthours
2026-05-02 03:00:00+00:00,CAL,California,D,Demand,32678,megawatthours
2026-05-02 04:00:00+00:00,CAL,California,D,Demand,32407,megawatthours
2026-05-02 05:00:00+00:00,CAL,California,D,Demand,31239,megawatthours
2026-05-02 06:00:00+00:00,CAL,California,D,Demand,29238,megawatthours
2026-05-02 07:00:00+00:00,CAL,California,D,Demand,27485,megawatthours
2026-05-02 08:00:00+00:00,CAL,California,D,Demand,26646,megawatthours
2026-05-02 09:00:00+00:00,CAL,California,D,Demand,25280,megawatthours
2026-05-02 10:00:00+00:00,CAL,California,D,Demand,24184,megawatthours
2026-05-02 11:00:00+00:00,CAL,California,D,Demand,24213,megawatthours
2026-05-02 12:00:00+00:00,CAL,California,D,Demand,24148,megawatthours
2026-05-02 13:00:00+00:00,CAL,California,D,Demand,24474,megawatthours
2026-05-02 14:00:00+00:00,CAL,California,D,Demand,24989,megawatthours
2026-05-02 15:00:00+00:00,CAL,California,D,Demand,26635,megawatthours
2026-05-02 16:00:00+00:00,CAL,California,D,Demand,29642,megawatthours
2026-05-02 17:00:00+00:00,CAL,California,D,Demand,31330,megawatthours
2026-05-02 18:00:00+00:00,CAL,California,D,Demand,31798,megawatthours
2026-05-02 19:00:00+00:00,CAL,California,D,Demand,29957,megawatthours
2026-05-02 20:00:00+00:00,CAL,California,D,Demand,28577,megawatthours
2026-05-02 21:00:00+00:00,CAL,California,D,Demand,27956,megawatthours
2026-05-02 22:00:00+00:00,CAL,California,D,Demand,26585,megawatthours
2026-05-02 23:00:00+00:00,CAL,California,D,Demand,26140,megawatthours
2026-05-03 00:00:00+00:00,CAL,California,D,Demand,26217,megawatthours
2026-05-03 01:00:00+00:00,CAL,California,D,Demand,27693,megawatthours
2026-05-03 02:00:00+00:00,CAL,California,D,Demand,29011,megawatthours
2026-05-03 03:00:00+00:00,CAL,California,D,Demand,30205,megawatthours
2026-05-03 04:00:00+00:00,CAL,California,D,Demand,30532,megawatthours
2026-05-03 05:00:00+00:00,CAL,California,D,Demand,29997,megawatthours
2026-05-03 06:00:00+00:00,CAL,California,D,Demand,28767,megawatthours
2026-05-03 07:00:00+00:00,CAL,California,D,Demand,27275,megawatthours
2026-05-03 08:00:00+00:00,CAL,California,D,Demand,26285,megawatthours
2026-05-03 09:00:00+00:00,CAL,California,D,Demand,24526,megawatthours
2026-05-03 10:00:00+00:00,CAL,California,D,Demand,23792,megawatthours
2026-05-03 11:00:00+00:00,CAL,California,D,Demand,23351,megawatthours
2026-05-03 12:00:00+00:00,CAL,California,D,Demand,23766,megawatthours
2026-05-03 13:00:00+00:00,CAL,California,D,Demand,23681,megawatthours
2026-05-03 14:00:00+00:00,CAL,California,D,Demand,23660,megawatthours
2026-05-03 15:00:00+00:00,CAL,California,D,Demand,24676,megawatthours
2026-05-03 16:00:00+00:00,CAL,California,D,Demand,25735,megawatthours
2026-05-03 17:00:00+00:00,CAL,California,D,Demand,27746,megawatthours
2026-05-03 18:00:00+00:00,CAL,California,D,Demand,28130,megawatthours
2026-05-03 19:00:00+00:00,CAL,California,D,Demand,28001,megawatthours
2026-05-03 20:00:00+00:00,CAL,California,D,Demand,28412,megawatthours
2026-05-03 21:00:00+00:00,CAL,California,D,Demand,28488,megawatthours
2026-05-03 22:00:00+00:00,CAL,California,D,Demand,29021,megawatthours
2026-05-03 23:00:00+00:00,CAL,California,D,Demand,27774,megawatthours
2026-05-04 00:00:00+00:00,CAL,California,D,Demand,26566,megawatthours
2026-05-04 01:00:00+00:00,CAL,California,D,Demand,26472,megawatthours
2026-05-04 02:00:00+00:00,CAL,California,D,Demand,27570,megawatthours
2026-05-04 03:00:00+00:00,CAL,California,D,Demand,28936,megawatthours
2026-05-04 04:00:00+00:00,CAL,California,D,Demand,29562,megawatthours
2026-05-04 05:00:00+00:00,CAL,California,D,Demand,29106,megawatthours
2026-05-04 06:00:00+00:00,CAL,California,D,Demand,27924,megawatthours
2026-05-04 07:00:00+00:00,CAL,California,D,Demand,26441,megawatthours
2026-05-04 08:00:00+00:00,CAL,California,D,Demand,26294,megawatthours
2026-05-04 09:00:00+00:00,CAL,California,D,Demand,24985,megawatthours
2026-05-04 10:00:00+00:00,CAL,California,D,Demand,24447,megawatthours
2026-05-04 11:00:00+00:00,CAL,California,D,Demand,24694,megawatthours
2026-05-04 12:00:00+00:00,CAL,California,D,Demand,24514,megawatthours
2026-05-04 13:00:00+00:00,CAL,California,D,Demand,25867,megawatthours
2026-05-04 14:00:00+00:00,CAL,California,D,Demand,27473,megawatthours
2026-05-04 15:00:00+00:00,CAL,California,D,Demand,28567,megawatthours
2026-05-04 16:00:00+00:00,CAL,California,D,Demand,29750,megawatthours
2026-05-04 17:00:00+00:00,CAL,California,D,Demand,31945,megawatthours
2026-05-04 18:00:00+00:00,CAL,California,D,Demand,33553,megawatthours
2026-05-04 19:00:00+00:00,CAL,California,D,Demand,34465,megawatthours
2026-05-04 20:00:00+00:00,CAL,California,D,Demand,34541,megawatthours
2026-05-04 21:00:00+00:00,CAL,California,D,Demand,33622,megawatthours
2026-05-04 22:00:00+00:00,CAL,California,D,Demand,32386,megawatthours
2026-05-04 23:00:00+00:00,CAL,California,D,Demand,30931,megawatthours
2026-05-05 00:00:00+00:00,CAL,California,D,Demand,29947,megawatthours
2026-05-05 01:00:00+00:00,CAL,California,D,Demand,29749,megawatthours
2026-05-05 02:00:00+00:00,CAL,California,D,Demand,30289,megawatthours
2026-05-05 03:00:00+00:00,CAL,California,D,Demand,30909,megawatthours
2026-05-05 04:00:00+00:00,CAL,California,D,Demand,31490,megawatthours
2026-05-05 05:00:00+00:00,CAL,California,D,Demand,31031,megawatthours
2026-05-05 06:00:00+00:00,CAL,California,D,Demand,29329,megawatthours
2026-05-05 07:00:00+00:00,CAL,California,D,Demand,27757,megawatthours
2026-05-05 08:00:00+00:00,CAL,California,D,Demand,26732,megawatthours
2026-05-05 09:00:00+00:00,CAL,California,D,Demand,25691,megawatthours
2026-05-05 10:00:00+00:00,CAL,California,D,Demand,25032,megawatthours
2026-05-05 11:00:00+00:00,CAL,California,D,Demand,24551,megawatthours
2026-05-05 12:00:00+00:00,CAL,California,D,Demand,24775,megawatthours
2026-05-05 13:00:00+00:00,CAL,California,D,Demand,25995,megawatthours
2026-05-05 14:00:00+00:00,CAL,California,D,Demand,27740,megawatthours
2026-05-05 15:00:00+00:00,CAL,California,D,Demand,30877,megawatthours
2026-05-05 16:00:00+00:00,CAL,California,D,Demand,33470,megawatthours
2026-05-05 17:00:00+00:00,CAL,California,D,Demand,33599,megawatthours
2026-05-05 18:00:00+00:00,CAL,California,D,Demand,33139,megawatthours
2026-05-05 19:00:00+00:00,CAL,California,D,Demand,32678,megawatthours
2026-05-05 20:00:00+00:00,CAL,California,D,Demand,32353,megawatthours
2026-05-05 21:00:00+00:00,CAL,California,D,Demand,32551,megawatthours
2026-05-05 22:00:00+00:00,CAL,California,D,Demand,32295,megawatthours
2026-05-05 23:00:00+00:00,CAL,California,D,Demand,31407,megawatthours
2026-05-06 00:00:00+00:00,CAL,California,D,Demand,30558,megawatthours
2026-05-06 01:00:00+00:00,CAL,California,D,Demand,29950,megawatthours
2026-05-06 02:00:00+00:00,CAL,California,D,Demand,29696,megawatthours
2026-05-06 03:00:00+00:00,CAL,California,D,Demand,30690,megawatthours
2026-05-06 04:00:00+00:00,CAL,California,D,Demand,31442,megawatthours
2026-05-06 05:00:00+00:00,CAL,California,D,Demand,30794,megawatthours
2026-05-06 06:00:00+00:00,CAL,California,D,Demand,29354,megawatthours
2026-05-06 07:00:00+00:00,CAL,California,D,Demand,27802,megawatthours
2026-05-06 08:00:00+00:00,CAL,California,D,Demand,26787,megawatthours
2026-05-06 09:00:00+00:00,CAL,California,D,Demand,25569,megawatthours
2026-05-06 10:00:00+00:00,CAL,California,D,Demand,24676,megawatthours
2026-05-06 11:00:00+00:00,CAL,California,D,Demand,24333,megawatthours
2026-05-06 12:00:00+00:00,CAL,California,D,Demand,24759,megawatthours
2026-05-06 13:00:00+00:00,CAL,California,D,Demand,26221,megawatthours
2026-05-06 14:00:00+00:00,CAL,California,D,Demand,28071,megawatthours
2026-05-06 15:00:00+00:00,CAL,California,D,Demand,31792,megawatthours
2026-05-06 16:00:00+00:00,CAL,California,D,Demand,32413,megawatthours
2026-05-06 17:00:00+00:00,CAL,California,D,Demand,31441,megawatthours
2026-05-06 18:00:00+00:00,CAL,California,D,Demand,29729,megawatthours
2026-05-06 19:00:00+00:00,CAL,California,D,Demand,29072,megawatthours
2026-05-06 20:00:00+00:00,CAL,California,D,Demand,29337,megawatthours
2026-05-06 21:00:00+00:00,CAL,California,D,Demand,30338,megawatthours
2026-05-06 22:00:00+00:00,CAL,California,D,Demand,29840,megawatthours
2026-05-06 23:00:00+00:00,CAL,California,D,Demand,29294,megawatthours
2026-05-07 00:00:00+00:00,CAL,California,D,Demand,29193,megawatthours
2026-05-07 01:00:00+00:00,CAL,California,D,Demand,30936,megawatthours
2026-05-07 02:00:00+00:00,CAL,California,D,Demand,31941,megawatthours
2026-05-07 03:00:00+00:00,CAL,California,D,Demand,32491,megawatthours
2026-05-07 04:00:00+00:00,CAL,California,D,Demand,32914,megawatthours
2026-05-07 05:00:00+00:00,CAL,California,D,Demand,32076,megawatthours
2026-05-07 06:00:00+00:00,CAL,California,D,Demand,30117,megawatthours
2026-05-07 07:00:00+00:00,CAL,California,D,Demand,28279,megawatthours
2026-05-07 08:00:00+00:00,CAL,California,D,Demand,26459,megawatthours
2026-05-07 09:00:00+00:00,CAL,California,D,Demand,25709,megawatthours
2026-05-07 10:00:00+00:00,CAL,California,D,Demand,24214,megawatthours
2026-05-07 11:00:00+00:00,CAL,California,D,Demand,24209,megawatthours
2026-05-07 12:00:00+00:00,CAL,California,D,Demand,24394,megawatthours
2026-05-07 13:00:00+00:00,CAL,California,D,Demand,25604,megawatthours
2026-05-07 14:00:00+00:00,CAL,California,D,Demand,27824,megawatthours
2026-05-07 15:00:00+00:00,CAL,California,D,Demand,29900,megawatthours
2026-05-07 16:00:00+00:00,CAL,California,D,Demand,31516,megawatthours
2026-05-07 17:00:00+00:00,CAL,California,D,Demand,32230,megawatthours
2026-05-07 18:00:00+00:00,CAL,California,D,Demand,31652,megawatthours
2026-05-07 19:00:00+00:00,CAL,California,D,Demand,30145,megawatthours
2026-05-07 20:00:00+00:00,CAL,California,D,Demand,29835,megawatthours
2026-05-07 21:00:00+00:00,CAL,California,D,Demand,30024,megawatthours
2026-05-07 22:00:00+00:00,CAL,California,D,Demand,31522,megawatthours
2026-05-07 23:00:00+00:00,CAL,California,D,Demand,32634,megawatthours
2026-05-08 00:00:00+00:00,CAL,California,D,Demand,33074,megawatthours
2026-05-08 01:00:00+00:00,CAL,California,D,Demand,33388,megawatthours
2026-05-08 02:00:00+00:00,CAL,California,D,Demand,34108,megawatthours
2026-05-08 03:00:00+00:00,CAL,California,D,Demand,34683,megawatthours
2026-05-08 04:00:00+00:00,CAL,California,D,Demand,34620,megawatthours
2026-05-08 05:00:00+00:00,CAL,California,D,Demand,33639,megawatthours
2026-05-08 06:00:00+00:00,CAL,California,D,Demand,31929,megawatthours
2026-05-08 07:00:00+00:00,CAL,California,D,Demand,29740,megawatthours
2026-05-08 08:00:00+00:00,CAL,California,D,Demand,28674,megawatthours
2026-05-08 09:00:00+00:00,CAL,California,D,Demand,27481,megawatthours
2026-05-08 10:00:00+00:00,CAL,California,D,Demand,26439,megawatthours
2026-05-08 11:00:00+00:00,CAL,California,D,Demand,25933,megawatthours
2026-05-08 12:00:00+00:00,CAL,California,D,Demand,25879,megawatthours
2026-05-08 13:00:00+00:00,CAL,California,D,Demand,26888,megawatthours
2026-05-08 14:00:00+00:00,CAL,California,D,Demand,28230,megawatthours
2026-05-08 15:00:00+00:00,CAL,California,D,Demand,31939,megawatthours
2026-05-08 16:00:00+00:00,CAL,California,D,Demand,34328,megawatthours
2026-05-08 17:00:00+00:00,CAL,California,D,Demand,34707,megawatthours
2026-05-08 18:00:00+00:00,CAL,California,D,Demand,32236,megawatthours
2026-05-08 19:00:00+00:00,CAL,California,D,Demand,30022,megawatthours
2026-05-08 20:00:00+00:00,CAL,California,D,Demand,30626,megawatthours
2026-05-08 21:00:00+00:00,CAL,California,D,Demand,30670,megawatthours
2026-05-08 22:00:00+00:00,CAL,California,D,Demand,31012,megawatthours
2026-05-08 23:00:00+00:00,CAL,California,D,Demand,30552,megawatthours
2026-05-09 00:00:00+00:00,CAL,California,D,Demand,31452,megawatthours
2026-05-09 01:00:00+00:00,CAL,California,D,Demand,32724,megawatthours
2026-05-09 02:00:00+00:00,CAL,California,D,Demand,34018,megawatthours
2026-05-09 03:00:00+00:00,CAL,California,D,Demand,34344,megawatthours
2026-05-09 04:00:00+00:00,CAL,California,D,Demand,34216,megawatthours
2026-05-09 05:00:00+00:00,CAL,California,D,Demand,33436,megawatthours
2026-05-09 06:00:00+00:00,CAL,California,D,Demand,31828,megawatthours
2026-05-09 07:00:00+00:00,CAL,California,D,Demand,29695,megawatthours
2026-05-09 08:00:00+00:00,CAL,California,D,Demand,28462,megawatthours
2026-05-09 09:00:00+00:00,CAL,California,D,Demand,27172,megawatthours
2026-05-09 10:00:00+00:00,CAL,California,D,Demand,25914,megawatthours
2026-05-09 11:00:00+00:00,CAL,California,D,Demand,25034,megawatthours
2026-05-09 12:00:00+00:00,CAL,California,D,Demand,24867,megawatthours
2026-05-09 13:00:00+00:00,CAL,California,D,Demand,25075,megawatthours
2026-05-09 14:00:00+00:00,CAL,California,D,Demand,25882,megawatthours
2026-05-09 15:00:00+00:00,CAL,California,D,Demand,28056,megawatthours
2026-05-09 16:00:00+00:00,CAL,California,D,Demand,29904,megawatthours
2026-05-09 17:00:00+00:00,CAL,California,D,Demand,29509,megawatthours
2026-05-09 18:00:00+00:00,CAL,California,D,Demand,28416,megawatthours
2026-05-09 19:00:00+00:00,CAL,California,D,Demand,27260,megawatthours
2026-05-09 20:00:00+00:00,CAL,California,D,Demand,27558,megawatthours
2026-05-09 21:00:00+00:00,CAL,California,D,Demand,28214,megawatthours
2026-05-09 22:00:00+00:00,CAL,California,D,Demand,29291,megawatthours
2026-05-09 23:00:00+00:00,CAL,California,D,Demand,28696,megawatthours
2026-05-10 00:00:00+00:00,CAL,California,D,Demand,30091,megawatthours
2026-05-10 01:00:00+00:00,CAL,California,D,Demand,31757,megawatthours
2026-05-10 02:00:00+00:00,CAL,California,D,Demand,33165,megawatthours
2026-05-10 03:00:00+00:00,CAL,California,D,Demand,33475,megawatthours
2026-05-10 04:00:00+00:00,CAL,California,D,Demand,33239,megawatthours
2026-05-10 05:00:00+00:00,CAL,California,D,Demand,32259,megawatthours
2026-05-10 06:00:00+00:00,CAL,California,D,Demand,30608,megawatthours
2026-05-10 07:00:00+00:00,CAL,California,D,Demand,28740,megawatthours
2026-05-10 08:00:00+00:00,CAL,California,D,Demand,27829,megawatthours
2026-05-10 09:00:00+00:00,CAL,California,D,Demand,26557,megawatthours
2026-05-10 10:00:00+00:00,CAL,California,D,Demand,25203,megawatthours
2026-05-10 11:00:00+00:00,CAL,California,D,Demand,24609,megawatthours
2026-05-10 12:00:00+00:00,CAL,California,D,Demand,24218,megawatthours
2026-05-10 13:00:00+00:00,CAL,California,D,Demand,24140,megawatthours
2026-05-10 14:00:00+00:00,CAL,California,D,Demand,24489,megawatthours
2026-05-10 15:00:00+00:00,CAL,California,D,Demand,26748,megawatthours
2026-05-10 16:00:00+00:00,CAL,California,D,Demand,29803,megawatthours
2026-05-10 17:00:00+00:00,CAL,California,D,Demand,29486,megawatthours
2026-05-10 18:00:00+00:00,CAL,California,D,Demand,28916,megawatthours
2026-05-10 19:00:00+00:00,CAL,California,D,Demand,27385,megawatthours
2026-05-10 20:00:00+00:00,CAL,California,D,Demand,27142,megawatthours
2026-05-10 21:00:00+00:00,CAL,California,D,Demand,26540,megawatthours
2026-05-10 22:00:00+00:00,CAL,California,D,Demand,26463,megawatthours
2026-05-10 23:00:00+00:00,CAL,California,D,Demand,27617,megawatthours
2026-05-11 00:00:00+00:00,CAL,California,D,Demand,29495,megawatthours
2026-05-11 01:00:00+00:00,CAL,California,D,Demand,32220,megawatthours
2026-05-11 02:00:00+00:00,CAL,California,D,Demand,33901,megawatthours
2026-05-11 03:00:00+00:00,CAL,California,D,Demand,34525,megawatthours
2026-05-11 04:00:00+00:00,CAL,California,D,Demand,34549,megawatthours
2026-05-11 05:00:00+00:00,CAL,California,D,Demand,33696,megawatthours
2026-05-11 06:00:00+00:00,CAL,California,D,Demand,31495,megawatthours
2026-05-11 07:00:00+00:00,CAL,California,D,Demand,29046,megawatthours
2026-05-11 08:00:00+00:00,CAL,California,D,Demand,27757,megawatthours
2026-05-11 09:00:00+00:00,CAL,California,D,Demand,26243,megawatthours
2026-05-11 10:00:00+00:00,CAL,California,D,Demand,25257,megawatthours
2026-05-11 11:00:00+00:00,CAL,California,D,Demand,24701,megawatthours
2026-05-11 12:00:00+00:00,CAL,California,D,Demand,24848,megawatthours
2026-05-11 13:00:00+00:00,CAL,California,D,Demand,26191,megawatthours
2026-05-11 14:00:00+00:00,CAL,California,D,Demand,27552,megawatthours
2026-05-11 15:00:00+00:00,CAL,California,D,Demand,30953,megawatthours
2026-05-11 16:00:00+00:00,CAL,California,D,Demand,34125,megawatthours
2026-05-11 17:00:00+00:00,CAL,California,D,Demand,34674,megawatthours
2026-05-11 18:00:00+00:00,CAL,California,D,Demand,35024,megawatthours
2026-05-11 19:00:00+00:00,CAL,California,D,Demand,34445,megawatthours
2026-05-11 20:00:00+00:00,CAL,California,D,Demand,34025,megawatthours
2026-05-11 21:00:00+00:00,CAL,California,D,Demand,34055,megawatthours
2026-05-11 22:00:00+00:00,CAL,California,D,Demand,34520,megawatthours
2026-05-11 23:00:00+00:00,CAL,California,D,Demand,35632,megawatthours
2026-05-12 00:00:00+00:00,CAL,California,D,Demand,37612,megawatthours
2026-05-12 01:00:00+00:00,CAL,California,D,Demand,39552,megawatthours
2026-05-12 02:00:00+00:00,CAL,California,D,Demand,40855,megawatthours
2026-05-12 03:00:00+00:00,CAL,California,D,Demand,40550,megawatthours
2026-05-12 04:00:00+00:00,CAL,California,D,Demand,39586,megawatthours
2026-05-12 05:00:00+00:00,CAL,California,D,Demand,37849,megawatthours
2026-05-12 06:00:00+00:00,CAL,California,D,Demand,35130,megawatthours
2026-05-12 07:00:00+00:00,CAL,California,D,Demand,32371,megawatthours
2026-05-12 08:00:00+00:00,CAL,California,D,Demand,30629,megawatthours
2026-05-12 09:00:00+00:00,CAL,California,D,Demand,28818,megawatthours
2026-05-12 10:00:00+00:00,CAL,California,D,Demand,27726,megawatthours
2026-05-12 11:00:00+00:00,CAL,California,D,Demand,26965,megawatthours
2026-05-12 12:00:00+00:00,CAL,California,D,Demand,27028,megawatthours
2026-05-12 13:00:00+00:00,CAL,California,D,Demand,27695,megawatthours
2026-05-12 14:00:00+00:00,CAL,California,D,Demand,29168,megawatthours
2026-05-12 15:00:00+00:00,CAL,California,D,Demand,31784,megawatthours
2026-05-12 16:00:00+00:00,CAL,California,D,Demand,35053,megawatthours
2026-05-12 17:00:00+00:00,CAL,California,D,Demand,36384,megawatthours
2026-05-12 18:00:00+00:00,CAL,California,D,Demand,36461,megawatthours
2026-05-12 19:00:00+00:00,CAL,California,D,Demand,35816,megawatthours
2026-05-12 20:00:00+00:00,CAL,California,D,Demand,34047,megawatthours
2026-05-12 21:00:00+00:00,CAL,California,D,Demand,32545,megawatthours
2026-05-12 22:00:00+00:00,CAL,California,D,Demand,32194,megawatthours
2026-05-12 23:00:00+00:00,CAL,California,D,Demand,31729,megawatthours
2026-05-13 00:00:00+00:00,CAL,California,D,Demand,32496,megawatthours
2026-05-13 01:00:00+00:00,CAL,California,D,Demand,34108,megawatthours
2026-05-13 02:00:00+00:00,CAL,California,D,Demand,34809,megawatthours
2026-05-13 03:00:00+00:00,CAL,California,D,Demand,35343,megawatthours
2026-05-13 04:00:00+00:00,CAL,California,D,Demand,35382,megawatthours
2026-05-13 05:00:00+00:00,CAL,California,D,Demand,34499,megawatthours
2026-05-13 06:00:00+00:00,CAL,California,D,Demand,32490,megawatthours
2026-05-13 07:00:00+00:00,CAL,California,D,Demand,30067,megawatthours
2026-05-13 08:00:00+00:00,CAL,California,D,Demand,28929,megawatthours
2026-05-13 09:00:00+00:00,CAL,California,D,Demand,27620,megawatthours
2026-05-13 10:00:00+00:00,CAL,California,D,Demand,26597,megawatthours
2026-05-13 11:00:00+00:00,CAL,California,D,Demand,26145,megawatthours
2026-05-13 12:00:00+00:00,CAL,California,D,Demand,26169,megawatthours
2026-05-13 13:00:00+00:00,CAL,California,D,Demand,27251,megawatthours
2026-05-13 14:00:00+00:00,CAL,California,D,Demand,28838,megawatthours
2026-05-13 15:00:00+00:00,CAL,California,D,Demand,31057,megawatthours
2026-05-13 16:00:00+00:00,CAL,California,D,Demand,32412,megawatthours
2026-05-13 17:00:00+00:00,CAL,California,D,Demand,32651,megawatthours
2026-05-13 18:00:00+00:00,CAL,California,D,Demand,31642,megawatthours
2026-05-13 19:00:00+00:00,CAL,California,D,Demand,30987,megawatthours
2026-05-13 20:00:00+00:00,CAL,California,D,Demand,31833,megawatthours
2026-05-13 21:00:00+00:00,CAL,California,D,Demand,31809,megawatthours
2026-05-13 22:00:00+00:00,CAL,California,D,Demand,31976,megawatthours
2026-05-13 23:00:00+00:00,CAL,California,D,Demand,31053,megawatthours
2026-05-14 00:00:00+00:00,CAL,California,D,Demand,31141,megawatthours
2026-05-14 01:00:00+00:00,CAL,California,D,Demand,32273,megawatthours
2026-05-14 02:00:00+00:00,CAL,California,D,Demand,33594,megawatthours
2026-05-14 03:00:00+00:00,CAL,California,D,Demand,34288,megawatthours
2026-05-14 04:00:00+00:00,CAL,California,D,Demand,34619,megawatthours
2026-05-14 05:00:00+00:00,CAL,California,D,Demand,33778,megawatthours
2026-05-14 06:00:00+00:00,CAL,California,D,Demand,31920,megawatthours
2026-05-14 07:00:00+00:00,CAL,California,D,Demand,30031,megawatthours
2026-05-14 08:00:00+00:00,CAL,California,D,Demand,28905,megawatthours
2026-05-14 09:00:00+00:00,CAL,California,D,Demand,27308,megawatthours
2026-05-14 10:00:00+00:00,CAL,California,D,Demand,26212,megawatthours
2026-05-14 11:00:00+00:00,CAL,California,D,Demand,25814,megawatthours
2026-05-14 12:00:00+00:00,CAL,California,D,Demand,26137,megawatthours
2026-05-14 13:00:00+00:00,CAL,California,D,Demand,27147,megawatthours
2026-05-14 14:00:00+00:00,CAL,California,D,Demand,28521,megawatthours
2026-05-14 15:00:00+00:00,CAL,California,D,Demand,31896,megawatthours
2026-05-14 16:00:00+00:00,CAL,California,D,Demand,34497,megawatthours
2026-05-14 17:00:00+00:00,CAL,California,D,Demand,33127,megawatthours
2026-05-14 18:00:00+00:00,CAL,California,D,Demand,32612,megawatthours
2026-05-14 19:00:00+00:00,CAL,California,D,Demand,31911,megawatthours
2026-05-14 20:00:00+00:00,CAL,California,D,Demand,31405,megawatthours
2026-05-14 21:00:00+00:00,CAL,California,D,Demand,30707,megawatthours
2026-05-14 22:00:00+00:00,CAL,California,D,Demand,30235,megawatthours
2026-05-14 23:00:00+00:00,CAL,California,D,Demand,31578,megawatthours
2026-05-15 00:00:00+00:00,CAL,California,D,Demand,33419,megawatthours
2026-05-15 01:00:00+00:00,CAL,California,D,Demand,34933,megawatthours
2026-05-15 02:00:00+00:00,CAL,California,D,Demand,35085,megawatthours
2026-05-15 03:00:00+00:00,CAL,California,D,Demand,35340,megawatthours
2026-05-15 04:00:00+00:00,CAL,California,D,Demand,35431,megawatthours
2026-05-15 05:00:00+00:00,CAL,California,D,Demand,34606,megawatthours
2026-05-15 06:00:00+00:00,CAL,California,D,Demand,32590,megawatthours
2026-05-15 07:00:00+00:00,CAL,California,D,Demand,30366,megawatthours
2026-05-15 08:00:00+00:00,CAL,California,D,Demand,29681,megawatthours
2026-05-15 09:00:00+00:00,CAL,California,D,Demand,28159,megawatthours
2026-05-15 10:00:00+00:00,CAL,California,D,Demand,27038,megawatthours
2026-05-15 11:00:00+00:00,CAL,California,D,Demand,26446,megawatthours
2026-05-15 12:00:00+00:00,CAL,California,D,Demand,26551,megawatthours
2026-05-15 13:00:00+00:00,CAL,California,D,Demand,27638,megawatthours
2026-05-15 14:00:00+00:00,CAL,California,D,Demand,29601,megawatthours
2026-05-15 15:00:00+00:00,CAL,California,D,Demand,32434,megawatthours
2026-05-15 16:00:00+00:00,CAL,California,D,Demand,34395,megawatthours
2026-05-15 17:00:00+00:00,CAL,California,D,Demand,34754,megawatthours
2026-05-15 18:00:00+00:00,CAL,California,D,Demand,34098,megawatthours
2026-05-15 19:00:00+00:00,CAL,California,D,Demand,33986,megawatthours
2026-05-15 20:00:00+00:00,CAL,California,D,Demand,33535,megawatthours
2026-05-15 21:00:00+00:00,CAL,California,D,Demand,32788,megawatthours
2026-05-15 22:00:00+00:00,CAL,California,D,Demand,32902,megawatthours
2026-05-15 23:00:00+00:00,CAL,California,D,Demand,32661,megawatthours
2026-05-16 00:00:00+00:00,CAL,California,D,Demand,32626,megawatthours
2026-05-16 01:00:00+00:00,CAL,California,D,Demand,33293,megawatthours
2026-05-16 02:00:00+00:00,CAL,California,D,Demand,34115,megawatthours
2026-05-16 03:00:00+00:00,CAL,California,D,Demand,34261,megawatthours
2026-05-16 04:00:00+00:00,CAL,California,D,Demand,34588,megawatthours
2026-05-16 05:00:00+00:00,CAL,California,D,Demand,33786,megawatthours
2026-05-16 06:00:00+00:00,CAL,California,D,Demand,32052,megawatthours
2026-05-16 07:00:00+00:00,CAL,California,D,Demand,29884,megawatthours
2026-05-16 08:00:00+00:00,CAL,California,D,Demand,29346,megawatthours
2026-05-16 09:00:00+00:00,CAL,California,D,Demand,27765,megawatthours
2026-05-16 10:00:00+00:00,CAL,California,D,Demand,26536,megawatthours
2026-05-16 11:00:00+00:00,CAL,California,D,Demand,26120,megawatthours
2026-05-16 12:00:00+00:00,CAL,California,D,Demand,25808,megawatthours
2026-05-16 13:00:00+00:00,CAL,California,D,Demand,26129,megawatthours
2026-05-16 14:00:00+00:00,CAL,California,D,Demand,26694,megawatthours
2026-05-16 15:00:00+00:00,CAL,California,D,Demand,28351,megawatthours
2026-05-16 16:00:00+00:00,CAL,California,D,Demand,28412,megawatthours
2026-05-16 17:00:00+00:00,CAL,California,D,Demand,27525,megawatthours
2026-05-16 18:00:00+00:00,CAL,California,D,Demand,27022,megawatthours
2026-05-16 19:00:00+00:00,CAL,California,D,Demand,26436,megawatthours
2026-05-16 20:00:00+00:00,CAL,California,D,Demand,27615,megawatthours
2026-05-16 21:00:00+00:00,CAL,California,D,Demand,28747,megawatthours
2026-05-16 22:00:00+00:00,CAL,California,D,Demand,29782,megawatthours
2026-05-16 23:00:00+00:00,CAL,California,D,Demand,28929,megawatthours
2026-05-17 00:00:00+00:00,CAL,California,D,Demand,28372,megawatthours
2026-05-17 01:00:00+00:00,CAL,California,D,Demand,29637,megawatthours
2026-05-17 02:00:00+00:00,CAL,California,D,Demand,32375,megawatthours
2026-05-17 03:00:00+00:00,CAL,California,D,Demand,30900,megawatthours
2026-05-17 04:00:00+00:00,CAL,California,D,Demand,31560,megawatthours
2026-05-17 05:00:00+00:00,CAL,California,D,Demand,31345,megawatthours
2026-05-17 06:00:00+00:00,CAL,California,D,Demand,30022,megawatthours
2026-05-17 07:00:00+00:00,CAL,California,D,Demand,28516,megawatthours
2026-05-17 08:00:00+00:00,CAL,California,D,Demand,27487,megawatthours
2026-05-17 09:00:00+00:00,CAL,California,D,Demand,26308,megawatthours
2026-05-17 10:00:00+00:00,CAL,California,D,Demand,25180,megawatthours
2026-05-17 11:00:00+00:00,CAL,California,D,Demand,24540,megawatthours
2026-05-17 12:00:00+00:00,CAL,California,D,Demand,24197,megawatthours
2026-05-17 13:00:00+00:00,CAL,California,D,Demand,24281,megawatthours
2026-05-17 14:00:00+00:00,CAL,California,D,Demand,24014,megawatthours
2026-05-17 15:00:00+00:00,CAL,California,D,Demand,25938,megawatthours
2026-05-17 16:00:00+00:00,CAL,California,D,Demand,26374,megawatthours
2026-05-17 17:00:00+00:00,CAL,California,D,Demand,25950,megawatthours
2026-05-17 18:00:00+00:00,CAL,California,D,Demand,26481,megawatthours
2026-05-17 19:00:00+00:00,CAL,California,D,Demand,25296,megawatthours
2026-05-17 20:00:00+00:00,CAL,California,D,Demand,26231,megawatthours
2026-05-17 21:00:00+00:00,CAL,California,D,Demand,25177,megawatthours
2026-05-17 22:00:00+00:00,CAL,California,D,Demand,25224,megawatthours
2026-05-17 23:00:00+00:00,CAL,California,D,Demand,24691,megawatthours
2026-05-18 00:00:00+00:00,CAL,California,D,Demand,24784,megawatthours
2026-05-18 01:00:00+00:00,CAL,California,D,Demand,26810,megawatthours
2026-05-18 02:00:00+00:00,CAL,California,D,Demand,30681,megawatthours
2026-05-18 03:00:00+00:00,CAL,California,D,Demand,29951,megawatthours
2026-05-18 04:00:00+00:00,CAL,California,D,Demand,30753,megawatthours
2026-05-18 05:00:00+00:00,CAL,California,D,Demand,30446,megawatthours
2026-05-18 06:00:00+00:00,CAL,California,D,Demand,29125,megawatthours
2026-05-18 07:00:00+00:00,CAL,California,D,Demand,27160,megawatthours
2026-05-18 08:00:00+00:00,CAL,California,D,Demand,26568,megawatthours
2026-05-18 09:00:00+00:00,CAL,California,D,Demand,25515,megawatthours
2026-05-18 10:00:00+00:00,CAL,California,D,Demand,24857,megawatthours
2026-05-18 11:00:00+00:00,CAL,California,D,Demand,24479,megawatthours
2026-05-18 12:00:00+00:00,CAL,California,D,Demand,24823,megawatthours
2026-05-18 13:00:00+00:00,CAL,California,D,Demand,25794,megawatthours
2026-05-18 14:00:00+00:00,CAL,California,D,Demand,27037,megawatthours
2026-05-18 15:00:00+00:00,CAL,California,D,Demand,29224,megawatthours
2026-05-18 16:00:00+00:00,CAL,California,D,Demand,30403,megawatthours
2026-05-18 17:00:00+00:00,CAL,California,D,Demand,30430,megawatthours
2026-05-18 18:00:00+00:00,CAL,California,D,Demand,29691,megawatthours
2026-05-18 19:00:00+00:00,CAL,California,D,Demand,29103,megawatthours
2026-05-18 20:00:00+00:00,CAL,California,D,Demand,29807,megawatthours
2026-05-18 21:00:00+00:00,CAL,California,D,Demand,30154,megawatthours
2026-05-18 22:00:00+00:00,CAL,California,D,Demand,30505,megawatthours
2026-05-18 23:00:00+00:00,CAL,California,D,Demand,30412,megawatthours
2026-05-19 00:00:00+00:00,CAL,California,D,Demand,31131,megawatthours
2026-05-19 01:00:00+00:00,CAL,California,D,Demand,32397,megawatthours
2026-05-19 02:00:00+00:00,CAL,California,D,Demand,33911,megawatthours
2026-05-19 03:00:00+00:00,CAL,California,D,Demand,35006,megawatthours
2026-05-19 04:00:00+00:00,CAL,California,D,Demand,35045,megawatthours
2026-05-19 05:00:00+00:00,CAL,California,D,Demand,34134,megawatthours
2026-05-19 06:00:00+00:00,CAL,California,D,Demand,32365,megawatthours
2026-05-19 07:00:00+00:00,CAL,California,D,Demand,30103,megawatthours
2026-05-19 08:00:00+00:00,CAL,California,D,Demand,28677,megawatthours
2026-05-19 09:00:00+00:00,CAL,California,D,Demand,27076,megawatthours
2026-05-19 10:00:00+00:00,CAL,California,D,Demand,26018,megawatthours
2026-05-19 11:00:00+00:00,CAL,California,D,Demand,25685,megawatthours
2026-05-19 12:00:00+00:00,CAL,California,D,Demand,26049,megawatthours
2026-05-19 13:00:00+00:00,CAL,California,D,Demand,26980,megawatthours
2026-05-19 14:00:00+00:00,CAL,California,D,Demand,28383,megawatthours
2026-05-19 15:00:00+00:00,CAL,California,D,Demand,30345,megawatthours
2026-05-19 16:00:00+00:00,CAL,California,D,Demand,32196,megawatthours
2026-05-19 17:00:00+00:00,CAL,California,D,Demand,33205,megawatthours
2026-05-19 18:00:00+00:00,CAL,California,D,Demand,33514,megawatthours
2026-05-19 19:00:00+00:00,CAL,California,D,Demand,32935,megawatthours
2026-05-19 20:00:00+00:00,CAL,California,D,Demand,32526,megawatthours
2026-05-19 21:00:00+00:00,CAL,California,D,Demand,32406,megawatthours
2026-05-19 22:00:00+00:00,CAL,California,D,Demand,32744,megawatthours
2026-05-19 23:00:00+00:00,CAL,California,D,Demand,33769,megawatthours
2026-05-20 00:00:00+00:00,CAL,California,D,Demand,34432,megawatthours
2026-05-20 01:00:00+00:00,CAL,California,D,Demand,35966,megawatthours
2026-05-20 02:00:00+00:00,CAL,California,D,Demand,37252,megawatthours
2026-05-20 03:00:00+00:00,CAL,California,D,Demand,37872,megawatthours
2026-05-20 04:00:00+00:00,CAL,California,D,Demand,37712,megawatthours
2026-05-20 05:00:00+00:00,CAL,California,D,Demand,36333,megawatthours
2026-05-20 06:00:00+00:00,CAL,California,D,Demand,34063,megawatthours
2026-05-20 07:00:00+00:00,CAL,California,D,Demand,31404,megawatthours
2026-05-20 08:00:00+00:00,CAL,California,D,Demand,29936,megawatthours
2026-05-20 09:00:00+00:00,CAL,California,D,Demand,28251,megawatthours
2026-05-20 10:00:00+00:00,CAL,California,D,Demand,27006,megawatthours
2026-05-20 11:00:00+00:00,CAL,California,D,Demand,26853,megawatthours
2026-05-20 12:00:00+00:00,CAL,California,D,Demand,26580,megawatthours
2026-05-20 13:00:00+00:00,CAL,California,D,Demand,27284,megawatthours
2026-05-20 14:00:00+00:00,CAL,California,D,Demand,28269,megawatthours
2026-05-20 15:00:00+00:00,CAL,California,D,Demand,30293,megawatthours
2026-05-20 16:00:00+00:00,CAL,California,D,Demand,32605,megawatthours
2026-05-20 17:00:00+00:00,CAL,California,D,Demand,34000,megawatthours
2026-05-20 18:00:00+00:00,CAL,California,D,Demand,33935,megawatthours
2026-05-20 19:00:00+00:00,CAL,California,D,Demand,33724,megawatthours
2026-05-20 20:00:00+00:00,CAL,California,D,Demand,33991,megawatthours
2026-05-20 21:00:00+00:00,CAL,California,D,Demand,34773,megawatthours
2026-05-20 22:00:00+00:00,CAL,California,D,Demand,35992,megawatthours
2026-05-20 23:00:00+00:00,CAL,California,D,Demand,37159,megawatthours
2026-05-21 00:00:00+00:00,CAL,California,D,Demand,37916,megawatthours
2026-05-21 01:00:00+00:00,CAL,California,D,Demand,38602,megawatthours
2026-05-21 02:00:00+00:00,CAL,California,D,Demand,39318,megawatthours
2026-05-21 03:00:00+00:00,CAL,California,D,Demand,39315,megawatthours
2026-05-21 04:00:00+00:00,CAL,California,D,Demand,38909,megawatthours
2026-05-21 05:00:00+00:00,CAL,California,D,Demand,37428,megawatthours
2026-05-21 06:00:00+00:00,CAL,California,D,Demand,34929,megawatthours
2026-05-21 07:00:00+00:00,CAL,California,D,Demand,32014,megawatthours
2026-05-21 08:00:00+00:00,CAL,California,D,Demand,30578,megawatthours
2026-05-21 09:00:00+00:00,CAL,California,D,Demand,28822,megawatthours
2026-05-21 10:00:00+00:00,CAL,California,D,Demand,27205,megawatthours
2026-05-21 11:00:00+00:00,CAL,California,D,Demand,26694,megawatthours
2026-05-21 12:00:00+00:00,CAL,California,D,Demand,26663,megawatthours
2026-05-21 13:00:00+00:00,CAL,California,D,Demand,27493,megawatthours
2026-05-21 14:00:00+00:00,CAL,California,D,Demand,28920,megawatthours
2026-05-21 15:00:00+00:00,CAL,California,D,Demand,31245,megawatthours
2026-05-21 16:00:00+00:00,CAL,California,D,Demand,32889,megawatthours
2026-05-21 17:00:00+00:00,CAL,California,D,Demand,33632,megawatthours
2026-05-21 18:00:00+00:00,CAL,California,D,Demand,33883,megawatthours
2026-05-21 19:00:00+00:00,CAL,California,D,Demand,33893,megawatthours
2026-05-21 20:00:00+00:00,CAL,California,D,Demand,34824,megawatthours
2026-05-21 21:00:00+00:00,CAL,California,D,Demand,36129,megawatthours
2026-05-21 22:00:00+00:00,CAL,California,D,Demand,37079,megawatthours
2026-05-21 23:00:00+00:00,CAL,California,D,Demand,38356,megawatthours
2026-05-22 00:00:00+00:00,CAL,California,D,Demand,39332,megawatthours
2026-05-22 01:00:00+00:00,CAL,California,D,Demand,39094,megawatthours
2026-05-22 02:00:00+00:00,CAL,California,D,Demand,39158,megawatthours
2026-05-22 03:00:00+00:00,CAL,California,D,Demand,38732,megawatthours
2026-05-22 04:00:00+00:00,CAL,California,D,Demand,38045,megawatthours
2026-05-22 05:00:00+00:00,CAL,California,D,Demand,37147,megawatthours
2026-05-22 06:00:00+00:00,CAL,California,D,Demand,34620,megawatthours
2026-05-22 07:00:00+00:00,CAL,California,D,Demand,31880,megawatthours
2026-05-22 08:00:00+00:00,CAL,California,D,Demand,30737,megawatthours
2026-05-22 09:00:00+00:00,CAL,California,D,Demand,28832,megawatthours
2026-05-22 10:00:00+00:00,CAL,California,D,Demand,27641,megawatthours
2026-05-22 11:00:00+00:00,CAL,California,D,Demand,27142,megawatthours
2026-05-22 12:00:00+00:00,CAL,California,D,Demand,27053,megawatthours
2026-05-22 13:00:00+00:00,CAL,California,D,Demand,27895,megawatthours
2026-05-22 14:00:00+00:00,CAL,California,D,Demand,29125,megawatthours
2026-05-22 15:00:00+00:00,CAL,California,D,Demand,31938,megawatthours
2026-05-22 16:00:00+00:00,CAL,California,D,Demand,34623,megawatthours
2026-05-22 17:00:00+00:00,CAL,California,D,Demand,35350,megawatthours
2026-05-22 18:00:00+00:00,CAL,California,D,Demand,34893,megawatthours
2026-05-22 19:00:00+00:00,CAL,California,D,Demand,33559,megawatthours
2026-05-22 20:00:00+00:00,CAL,California,D,Demand,32833,megawatthours
2026-05-22 21:00:00+00:00,CAL,California,D,Demand,32138,megawatthours
2026-05-22 22:00:00+00:00,CAL,California,D,Demand,33274,megawatthours
2026-05-22 23:00:00+00:00,CAL,California,D,Demand,33547,megawatthours
2026-05-23 00:00:00+00:00,CAL,California,D,Demand,34819,megawatthours
2026-05-23 01:00:00+00:00,CAL,California,D,Demand,35956,megawatthours
2026-05-23 02:00:00+00:00,CAL,California,D,Demand,36419,megawatthours
2026-05-23 03:00:00+00:00,CAL,California,D,Demand,36036,megawatthours
2026-05-23 04:00:00+00:00,CAL,California,D,Demand,35658,megawatthours
2026-05-23 05:00:00+00:00,CAL,California,D,Demand,34789,megawatthours
2026-05-23 06:00:00+00:00,CAL,California,D,Demand,32987,megawatthours
2026-05-23 07:00:00+00:00,CAL,California,D,Demand,30969,megawatthours
2026-05-23 08:00:00+00:00,CAL,California,D,Demand,29889,megawatthours
2026-05-23 09:00:00+00:00,CAL,California,D,Demand,28437,megawatthours
2026-05-23 10:00:00+00:00,CAL,California,D,Demand,26952,megawatthours
2026-05-23 11:00:00+00:00,CAL,California,D,Demand,26092,megawatthours
2026-05-23 12:00:00+00:00,CAL,California,D,Demand,25554,megawatthours
2026-05-23 13:00:00+00:00,CAL,California,D,Demand,25667,megawatthours
2026-05-23 14:00:00+00:00,CAL,California,D,Demand,25811,megawatthours
2026-05-23 15:00:00+00:00,CAL,California,D,Demand,27966,megawatthours
2026-05-23 16:00:00+00:00,CAL,California,D,Demand,29185,megawatthours
2026-05-23 17:00:00+00:00,CAL,California,D,Demand,29863,megawatthours
2026-05-23 18:00:00+00:00,CAL,California,D,Demand,29723,megawatthours
2026-05-23 19:00:00+00:00,CAL,California,D,Demand,28336,megawatthours
2026-05-23 20:00:00+00:00,CAL,California,D,Demand,28223,megawatthours
2026-05-23 21:00:00+00:00,CAL,California,D,Demand,29206,megawatthours
2026-05-23 22:00:00+00:00,CAL,California,D,Demand,29238,megawatthours
2026-05-23 23:00:00+00:00,CAL,California,D,Demand,29144,megawatthours
2026-05-24 00:00:00+00:00,CAL,California,D,Demand,29410,megawatthours
2026-05-24 01:00:00+00:00,CAL,California,D,Demand,30628,megawatthours
2026-05-24 02:00:00+00:00,CAL,California,D,Demand,31871,megawatthours
2026-05-24 03:00:00+00:00,CAL,California,D,Demand,32378,megawatthours
2026-05-24 04:00:00+00:00,CAL,California,D,Demand,32573,megawatthours
2026-05-24 05:00:00+00:00,CAL,California,D,Demand,32148,megawatthours
2026-05-24 06:00:00+00:00,CAL,California,D,Demand,30575,megawatthours
2026-05-24 07:00:00+00:00,CAL,California,D,Demand,28958,megawatthours
2026-05-24 08:00:00+00:00,CAL,California,D,Demand,28430,megawatthours
2026-05-24 09:00:00+00:00,CAL,California,D,Demand,26930,megawatthours
2026-05-24 10:00:00+00:00,CAL,California,D,Demand,25985,megawatthours
2026-05-24 11:00:00+00:00,CAL,California,D,Demand,25137,megawatthours
2026-05-24 12:00:00+00:00,CAL,California,D,Demand,24558,megawatthours
2026-05-24 13:00:00+00:00,CAL,California,D,Demand,24665,megawatthours
2026-05-24 14:00:00+00:00,CAL,California,D,Demand,24321,megawatthours
2026-05-24 15:00:00+00:00,CAL,California,D,Demand,26370,megawatthours
2026-05-24 16:00:00+00:00,CAL,California,D,Demand,28944,megawatthours
2026-05-24 17:00:00+00:00,CAL,California,D,Demand,29161,megawatthours
2026-05-24 18:00:00+00:00,CAL,California,D,Demand,30192,megawatthours
2026-05-24 19:00:00+00:00,CAL,California,D,Demand,28509,megawatthours
2026-05-24 20:00:00+00:00,CAL,California,D,Demand,28239,megawatthours
2026-05-24 21:00:00+00:00,CAL,California,D,Demand,27815,megawatthours
2026-05-24 22:00:00+00:00,CAL,California,D,Demand,26652,megawatthours
2026-05-24 23:00:00+00:00,CAL,California,D,Demand,26514,megawatthours
2026-05-25 00:00:00+00:00,CAL,California,D,Demand,27125,megawatthours
2026-05-25 01:00:00+00:00,CAL,California,D,Demand,29159,megawatthours
2026-05-25 02:00:00+00:00,CAL,California,D,Demand,30525,megawatthours
2026-05-25 03:00:00+00:00,CAL,California,D,Demand,31337,megawatthours
2026-05-25 04:00:00+00:00,CAL,California,D,Demand,31578,megawatthours
2026-05-25 05:00:00+00:00,CAL,California,D,Demand,31136,megawatthours
2026-05-25 06:00:00+00:00,CAL,California,D,Demand,29772,megawatthours
2026-05-25 07:00:00+00:00,CAL,California,D,Demand,28263,megawatthours
2026-05-25 08:00:00+00:00,CAL,California,D,Demand,27204,megawatthours
2026-05-25 09:00:00+00:00,CAL,California,D,Demand,25871,megawatthours
2026-05-25 10:00:00+00:00,CAL,California,D,Demand,24912,megawatthours
2026-05-25 11:00:00+00:00,CAL,California,D,Demand,24447,megawatthours
2026-05-25 12:00:00+00:00,CAL,California,D,Demand,24134,megawatthours
2026-05-25 13:00:00+00:00,CAL,California,D,Demand,24107,megawatthours
2026-05-25 14:00:00+00:00,CAL,California,D,Demand,24250,megawatthours
2026-05-25 15:00:00+00:00,CAL,California,D,Demand,26416,megawatthours
2026-05-25 16:00:00+00:00,CAL,California,D,Demand,28630,megawatthours
2026-05-25 17:00:00+00:00,CAL,California,D,Demand,29390,megawatthours
2026-05-25 18:00:00+00:00,CAL,California,D,Demand,29203,megawatthours
2026-05-25 19:00:00+00:00,CAL,California,D,Demand,29061,megawatthours
2026-05-25 20:00:00+00:00,CAL,California,D,Demand,29058,megawatthours
2026-05-25 21:00:00+00:00,CAL,California,D,Demand,28921,megawatthours
2026-05-25 22:00:00+00:00,CAL,California,D,Demand,28131,megawatthours
2026-05-25 23:00:00+00:00,CAL,California,D,Demand,28270,megawatthours
2026-05-26 00:00:00+00:00,CAL,California,D,Demand,28197,megawatthours
2026-05-26 01:00:00+00:00,CAL,California,D,Demand,29962,megawatthours
2026-05-26 02:00:00+00:00,CAL,California,D,Demand,31410,megawatthours
2026-05-26 03:00:00+00:00,CAL,California,D,Demand,31870,megawatthours
2026-05-26 04:00:00+00:00,CAL,California,D,Demand,32352,megawatthours
2026-05-26 05:00:00+00:00,CAL,California,D,Demand,31845,megawatthours
2026-05-26 06:00:00+00:00,CAL,California,D,Demand,30093,megawatthours
2026-05-26 07:00:00+00:00,CAL,California,D,Demand,28172,megawatthours
2026-05-26 08:00:00+00:00,CAL,California,D,Demand,27248,megawatthours
2026-05-26 09:00:00+00:00,CAL,California,D,Demand,26018,megawatthours
2026-05-26 10:00:00+00:00,CAL,California,D,Demand,24974,megawatthours
2026-05-26 11:00:00+00:00,CAL,California,D,Demand,24656,megawatthours
2026-05-26 12:00:00+00:00,CAL,California,D,Demand,25004,megawatthours
2026-05-26 13:00:00+00:00,CAL,California,D,Demand,25900,megawatthours
2026-05-26 14:00:00+00:00,CAL,California,D,Demand,27307,megawatthours
2026-05-26 15:00:00+00:00,CAL,California,D,Demand,29781,megawatthours
2026-05-26 16:00:00+00:00,CAL,California,D,Demand,32210,megawatthours
2026-05-26 17:00:00+00:00,CAL,California,D,Demand,32741,megawatthours
2026-05-26 18:00:00+00:00,CAL,California,D,Demand,31333,megawatthours
2026-05-26 19:00:00+00:00,CAL,California,D,Demand,30804,megawatthours
2026-05-26 20:00:00+00:00,CAL,California,D,Demand,31113,megawatthours
2026-05-26 21:00:00+00:00,CAL,California,D,Demand,30604,megawatthours
2026-05-26 22:00:00+00:00,CAL,California,D,Demand,30872,megawatthours
2026-05-26 23:00:00+00:00,CAL,California,D,Demand,30795,megawatthours
2026-05-27 00:00:00+00:00,CAL,California,D,Demand,30366,megawatthours
2026-05-27 01:00:00+00:00,CAL,California,D,Demand,30517,megawatthours
2026-05-27 02:00:00+00:00,CAL,California,D,Demand,30668,megawatthours
2026-05-27 03:00:00+00:00,CAL,California,D,Demand,31185,megawatthours
2026-05-27 04:00:00+00:00,CAL,California,D,Demand,31833,megawatthours
2026-05-27 05:00:00+00:00,CAL,California,D,Demand,31558,megawatthours
2026-05-27 06:00:00+00:00,CAL,California,D,Demand,30264,megawatthours
2026-05-27 07:00:00+00:00,CAL,California,D,Demand,28740,megawatthours
2026-05-27 08:00:00+00:00,CAL,California,D,Demand,27624,megawatthours
2026-05-27 09:00:00+00:00,CAL,California,D,Demand,26568,megawatthours
2026-05-27 10:00:00+00:00,CAL,California,D,Demand,25613,megawatthours
2026-05-27 11:00:00+00:00,CAL,California,D,Demand,25288,megawatthours
2026-05-27 12:00:00+00:00,CAL,California,D,Demand,25448,megawatthours
2026-05-27 13:00:00+00:00,CAL,California,D,Demand,26549,megawatthours
2026-05-27 14:00:00+00:00,CAL,California,D,Demand,27967,megawatthours
2026-05-27 15:00:00+00:00,CAL,California,D,Demand,30009,megawatthours
2026-05-27 16:00:00+00:00,CAL,California,D,Demand,32535,megawatthours
2026-05-27 17:00:00+00:00,CAL,California,D,Demand,32547,megawatthours
2026-05-27 18:00:00+00:00,CAL,California,D,Demand,32530,megawatthours
2026-05-27 19:00:00+00:00,CAL,California,D,Demand,32095,megawatthours
2026-05-27 20:00:00+00:00,CAL,California,D,Demand,30986,megawatthours
2026-05-27 21:00:00+00:00,CAL,California,D,Demand,31179,megawatthours
2026-05-27 22:00:00+00:00,CAL,California,D,Demand,30894,megawatthours
2026-05-27 23:00:00+00:00,CAL,California,D,Demand,31859,megawatthours
2026-05-28 00:00:00+00:00,CAL,California,D,Demand,30402,megawatthours
2026-05-28 01:00:00+00:00,CAL,California,D,Demand,30179,megawatthours
2026-05-28 02:00:00+00:00,CAL,California,D,Demand,30755,megawatthours
2026-05-28 03:00:00+00:00,CAL,California,D,Demand,31861,megawatthours
2026-05-28 04:00:00+00:00,CAL,California,D,Demand,32520,megawatthours
2026-05-28 05:00:00+00:00,CAL,California,D,Demand,32013,megawatthours
2026-05-28 06:00:00+00:00,CAL,California,D,Demand,30595,megawatthours
2026-05-28 07:00:00+00:00,CAL,California,D,Demand,29283,megawatthours
2026-05-28 08:00:00+00:00,CAL,California,D,Demand,28274,megawatthours
2026-05-28 09:00:00+00:00,CAL,California,D,Demand,26887,megawatthours
2026-05-28 10:00:00+00:00,CAL,California,D,Demand,26002,megawatthours
2026-05-28 11:00:00+00:00,CAL,California,D,Demand,25224,megawatthours
2026-05-28 12:00:00+00:00,CAL,California,D,Demand,25532,megawatthours
2026-05-28 13:00:00+00:00,CAL,California,D,Demand,26521,megawatthours
2026-05-28 14:00:00+00:00,CAL,California,D,Demand,27670,megawatthours
2026-05-28 15:00:00+00:00,CAL,California,D,Demand,29911,megawatthours
2026-05-28 16:00:00+00:00,CAL,California,D,Demand,31318,megawatthours
2026-05-28 17:00:00+00:00,CAL,California,D,Demand,31658,megawatthours
2026-05-28 18:00:00+00:00,CAL,California,D,Demand,31667,megawatthours
2026-05-28 19:00:00+00:00,CAL,California,D,Demand,32176,megawatthours
2026-05-28 20:00:00+00:00,CAL,California,D,Demand,31222,megawatthours
2026-05-28 21:00:00+00:00,CAL,California,D,Demand,30954,megawatthours
2026-05-28 22:00:00+00:00,CAL,California,D,Demand,30792,megawatthours
2026-05-28 23:00:00+00:00,CAL,California,D,Demand,29782,megawatthours
2026-05-29 00:00:00+00:00,CAL,California,D,Demand,29015,megawatthours
2026-05-29 01:00:00+00:00,CAL,California,D,Demand,29138,megawatthours
2026-05-29 02:00:00+00:00,CAL,California,D,Demand,30025,megawatthours
2026-05-29 03:00:00+00:00,CAL,California,D,Demand,31026,megawatthours
2026-05-29 04:00:00+00:00,CAL,California,D,Demand,32055,megawatthours
2026-05-29 05:00:00+00:00,CAL,California,D,Demand,31823,megawatthours
2026-05-29 06:00:00+00:00,CAL,California,D,Demand,30563,megawatthours
2026-05-29 07:00:00+00:00,CAL,California,D,Demand,28780,megawatthours
2026-05-29 08:00:00+00:00,CAL,California,D,Demand,28060,megawatthours
2026-05-29 09:00:00+00:00,CAL,California,D,Demand,26770,megawatthours
2026-05-29 10:00:00+00:00,CAL,California,D,Demand,25842,megawatthours
2026-05-29 11:00:00+00:00,CAL,California,D,Demand,25225,megawatthours
2026-05-29 12:00:00+00:00,CAL,California,D,Demand,25332,megawatthours
2026-05-29 13:00:00+00:00,CAL,California,D,Demand,26527,megawatthours
2026-05-29 14:00:00+00:00,CAL,California,D,Demand,27808,megawatthours
2026-05-29 15:00:00+00:00,CAL,California,D,Demand,30446,megawatthours
2026-05-29 16:00:00+00:00,CAL,California,D,Demand,32376,megawatthours
2026-05-29 17:00:00+00:00,CAL,California,D,Demand,33048,megawatthours
2026-05-29 18:00:00+00:00,CAL,California,D,Demand,32226,megawatthours
2026-05-29 19:00:00+00:00,CAL,California,D,Demand,31257,megawatthours
2026-05-29 20:00:00+00:00,CAL,California,D,Demand,31988,megawatthours
2026-05-29 21:00:00+00:00,CAL,California,D,Demand,33275,megawatthours
2026-05-29 22:00:00+00:00,CAL,California,D,Demand,32467,megawatthours
2026-05-29 23:00:00+00:00,CAL,California,D,Demand,31811,megawatthours
2026-05-30 00:00:00+00:00,CAL,California,D,Demand,30341,megawatthours
2026-05-30 01:00:00+00:00,CAL,California,D,Demand,30074,megawatthours
2026-05-30 02:00:00+00:00,CAL,California,D,Demand,31105,megawatthours
2026-05-30 03:00:00+00:00,CAL,California,D,Demand,31879,megawatthours
2026-05-30 04:00:00+00:00,CAL,California,D,Demand,32622,megawatthours
2026-05-30 05:00:00+00:00,CAL,California,D,Demand,32464,megawatthours
2026-05-30 06:00:00+00:00,CAL,California,D,Demand,31112,megawatthours
2026-05-30 07:00:00+00:00,CAL,California,D,Demand,29440,megawatthours
2026-05-30 08:00:00+00:00,CAL,California,D,Demand,28632,megawatthours
2026-05-30 09:00:00+00:00,CAL,California,D,Demand,27811,megawatthours
2026-05-30 10:00:00+00:00,CAL,California,D,Demand,26590,megawatthours
2026-05-30 11:00:00+00:00,CAL,California,D,Demand,26025,megawatthours
2026-05-30 12:00:00+00:00,CAL,California,D,Demand,25831,megawatthours
2026-05-30 13:00:00+00:00,CAL,California,D,Demand,26128,megawatthours
2026-05-30 14:00:00+00:00,CAL,California,D,Demand,26275,megawatthours
2026-05-30 15:00:00+00:00,CAL,California,D,Demand,27878,megawatthours
2026-05-30 16:00:00+00:00,CAL,California,D,Demand,28320,megawatthours
2026-05-30 17:00:00+00:00,CAL,California,D,Demand,27350,megawatthours
2026-05-30 18:00:00+00:00,CAL,California,D,Demand,26579,megawatthours
2026-05-30 19:00:00+00:00,CAL,California,D,Demand,25875,megawatthours
2026-05-30 20:00:00+00:00,CAL,California,D,Demand,25869,megawatthours
2026-05-30 21:00:00+00:00,CAL,California,D,Demand,25667,megawatthours
2026-05-30 22:00:00+00:00,CAL,California,D,Demand,26461,megawatthours
2026-05-30 23:00:00+00:00,CAL,California,D,Demand,25948,megawatthours
2026-05-31 00:00:00+00:00,CAL,California,D,Demand,27436,megawatthours
2026-05-31 01:00:00+00:00,CAL,California,D,Demand,29791,megawatthours
2026-05-31 02:00:00+00:00,CAL,California,D,Demand,31510,megawatthours
2026-05-31 03:00:00+00:00,CAL,California,D,Demand,31708,megawatthours
2026-05-31 04:00:00+00:00,CAL,California,D,Demand,32128,megawatthours
2026-05-31 05:00:00+00:00,CAL,California,D,Demand,31740,megawatthours
2026-05-31 06:00:00+00:00,CAL,California,D,Demand,30359,megawatthours
2026-05-31 07:00:00+00:00,CAL,California,D,Demand,29053,megawatthours
2026-05-31 08:00:00+00:00,CAL,California,D,Demand,27884,megawatthours
2026-05-31 09:00:00+00:00,CAL,California,D,Demand,26486,megawatthours
2026-05-31 10:00:00+00:00,CAL,California,D,Demand,25283,megawatthours
2026-05-31 11:00:00+00:00,CAL,California,D,Demand,24612,megawatthours
2026-05-31 12:00:00+00:00,CAL,California,D,Demand,24163,megawatthours
2026-05-31 13:00:00+00:00,CAL,California,D,Demand,23876,megawatthours
2026-05-31 14:00:00+00:00,CAL,California,D,Demand,23640,megawatthours
2026-05-31 15:00:00+00:00,CAL,California,D,Demand,25482,megawatthours
2026-05-31 16:00:00+00:00,CAL,California,D,Demand,26383,megawatthours
2026-05-31 17:00:00+00:00,CAL,California,D,Demand,26812,megawatthours
2026-05-31 18:00:00+00:00,CAL,California,D,Demand,26750,megawatthours
2026-05-31 19:00:00+00:00,CAL,California,D,Demand,26818,megawatthours
2026-05-31 20:00:00+00:00,CAL,California,D,Demand,26322,megawatthours
2026-05-31 21:00:00+00:00,CAL,California,D,Demand,25735,megawatthours
2026-05-31 22:00:00+00:00,CAL,California,D,Demand,26248,megawatthours
2026-05-31 23:00:00+00:00,CAL,California,D,Demand,26115,megawatthours
2026-06-01 00:00:00+00:00,CAL,California,D,Demand,27751,megawatthours
2026-06-01 01:00:00+00:00,CAL,California,D,Demand,30834,megawatthours
2026-06-01 02:00:00+00:00,CAL,California,D,Demand,33557,megawatthours
2026-06-01 03:00:00+00:00,CAL,California,D,Demand,34718,megawatthours
2026-06-01 04:00:00+00:00,CAL,California,D,Demand,34562,megawatthours
2026-06-01 05:00:00+00:00,CAL,California,D,Demand,34009,megawatthours
2026-06-01 06:00:00+00:00,CAL,California,D,Demand,32529,megawatthours
2026-06-01 07:00:00+00:00,CAL,California,D,Demand,29843,megawatthours
2026-06-01 08:00:00+00:00,CAL,California,D,Demand,28530,megawatthours
2026-06-01 09:00:00+00:00,CAL,California,D,Demand,27020,megawatthours
2026-06-01 10:00:00+00:00,CAL,California,D,Demand,25869,megawatthours
2026-06-01 11:00:00+00:00,CAL,California,D,Demand,25302,megawatthours
2026-06-01 12:00:00+00:00,CAL,California,D,Demand,25575,megawatthours
2026-06-01 13:00:00+00:00,CAL,California,D,Demand,26560,megawatthours
2026-06-01 14:00:00+00:00,CAL,California,D,Demand,27821,megawatthours
2026-06-01 15:00:00+00:00,CAL,California,D,Demand,30810,megawatthours
2026-06-01 16:00:00+00:00,CAL,California,D,Demand,33071,megawatthours
2026-06-01 17:00:00+00:00,CAL,California,D,Demand,33544,megawatthours
2026-06-01 18:00:00+00:00,CAL,California,D,Demand,33252,megawatthours
2026-06-01 19:00:00+00:00,CAL,California,D,Demand,33852,megawatthours
2026-06-01 20:00:00+00:00,CAL,California,D,Demand,33814,megawatthours
2026-06-01 21:00:00+00:00,CAL,California,D,Demand,34106,megawatthours
2026-06-01 22:00:00+00:00,CAL,California,D,Demand,34863,megawatthours
2026-06-01 23:00:00+00:00,CAL,California,D,Demand,35465,megawatthours
2026-06-02 00:00:00+00:00,CAL,California,D,Demand,36737,megawatthours
2026-06-02 01:00:00+00:00,CAL,California,D,Demand,38324,megawatthours
2026-06-02 02:00:00+00:00,CAL,California,D,Demand,38782,megawatthours
2026-06-02 03:00:00+00:00,CAL,California,D,Demand,38844,megawatthours
2026-06-02 04:00:00+00:00,CAL,California,D,Demand,38123,megawatthours
2026-06-02 05:00:00+00:00,CAL,California,D,Demand,37083,megawatthours
2026-06-02 06:00:00+00:00,CAL,California,D,Demand,34483,megawatthours
2026-06-02 07:00:00+00:00,CAL,California,D,Demand,31922,megawatthours
2026-06-02 08:00:00+00:00,CAL,California,D,Demand,30559,megawatthours
2026-06-02 09:00:00+00:00,CAL,California,D,Demand,28743,megawatthours
2026-06-02 10:00:00+00:00,CAL,California,D,Demand,27393,megawatthours
2026-06-02 11:00:00+00:00,CAL,California,D,Demand,26975,megawatthours
2026-06-02 12:00:00+00:00,CAL,California,D,Demand,26717,megawatthours
2026-06-02 13:00:00+00:00,CAL,California,D,Demand,27618,megawatthours
2026-06-02 14:00:00+00:00,CAL,California,D,Demand,29225,megawatthours
2026-06-02 15:00:00+00:00,CAL,California,D,Demand,31614,megawatthours
2026-06-02 16:00:00+00:00,CAL,California,D,Demand,34174,megawatthours
2026-06-02 17:00:00+00:00,CAL,California,D,Demand,33602,megawatthours
2026-06-02 18:00:00+00:00,CAL,California,D,Demand,33211,megawatthours
2026-06-02 19:00:00+00:00,CAL,California,D,Demand,33715,megawatthours
2026-06-02 20:00:00+00:00,CAL,California,D,Demand,33381,megawatthours
2026-06-02 21:00:00+00:00,CAL,California,D,Demand,34373,megawatthours
2026-06-02 22:00:00+00:00,CAL,California,D,Demand,34935,megawatthours
2026-06-02 23:00:00+00:00,CAL,California,D,Demand,34732,megawatthours
2026-06-03 00:00:00+00:00,CAL,California,D,Demand,35748,megawatthours
2026-06-03 01:00:00+00:00,CAL,California,D,Demand,37048,megawatthours
2026-06-03 02:00:00+00:00,CAL,California,D,Demand,38165,megawatthours
2026-06-03 03:00:00+00:00,CAL,California,D,Demand,38017,megawatthours
2026-06-03 04:00:00+00:00,CAL,California,D,Demand,38120,megawatthours
2026-06-03 05:00:00+00:00,CAL,California,D,Demand,36937,megawatthours
2026-06-03 06:00:00+00:00,CAL,California,D,Demand,34261,megawatthours
2026-06-03 07:00:00+00:00,CAL,California,D,Demand,31852,megawatthours
2026-06-03 08:00:00+00:00,CAL,California,D,Demand,30461,megawatthours
2026-06-03 09:00:00+00:00,CAL,California,D,Demand,28916,megawatthours
2026-06-03 10:00:00+00:00,CAL,California,D,Demand,27496,megawatthours
2026-06-03 11:00:00+00:00,CAL,California,D,Demand,26880,megawatthours
2026-06-03 12:00:00+00:00,CAL,California,D,Demand,26938,megawatthours
2026-06-03 13:00:00+00:00,CAL,California,D,Demand,27738,megawatthours
2026-06-03 14:00:00+00:00,CAL,California,D,Demand,28855,megawatthours
2026-06-03 15:00:00+00:00,CAL,California,D,Demand,31326,megawatthours
2026-06-03 16:00:00+00:00,CAL,California,D,Demand,34235,megawatthours
2026-06-03 17:00:00+00:00,CAL,California,D,Demand,33268,megawatthours
2026-06-03 18:00:00+00:00,CAL,California,D,Demand,33071,megawatthours
2026-06-03 19:00:00+00:00,CAL,California,D,Demand,33220,megawatthours
2026-06-03 20:00:00+00:00,CAL,California,D,Demand,34115,megawatthours
2026-06-03 21:00:00+00:00,CAL,California,D,Demand,35254,megawatthours
2026-06-03 22:00:00+00:00,CAL,California,D,Demand,36709,megawatthours
2026-06-03 23:00:00+00:00,CAL,California,D,Demand,37695,megawatthours
2026-06-04 00:00:00+00:00,CAL,California,D,Demand,38518,megawatthours
2026-06-04 01:00:00+00:00,CAL,California,D,Demand,39551,megawatthours
2026-06-04 02:00:00+00:00,CAL,California,D,Demand,40202,megawatthours
2026-06-04 03:00:00+00:00,CAL,California,D,Demand,40204,megawatthours
2026-06-04 04:00:00+00:00,CAL,California,D,Demand,39522,megawatthours
2026-06-04 05:00:00+00:00,CAL,California,D,Demand,38647,megawatthours
2026-06-04 06:00:00+00:00,CAL,California,D,Demand,35714,megawatthours
2026-06-04 07:00:00+00:00,CAL,California,D,Demand,33480,megawatthours
2026-06-04 08:00:00+00:00,CAL,California,D,Demand,31561,megawatthours
2026-06-04 09:00:00+00:00,CAL,California,D,Demand,29784,megawatthours
2026-06-04 10:00:00+00:00,CAL,California,D,Demand,28448,megawatthours
2026-06-04 11:00:00+00:00,CAL,California,D,Demand,27440,megawatthours
2026-06-04 12:00:00+00:00,CAL,California,D,Demand,27675,megawatthours
2026-06-04 13:00:00+00:00,CAL,California,D,Demand,28472,megawatthours
2026-06-04 14:00:00+00:00,CAL,California,D,Demand,29834,megawatthours
2026-06-04 15:00:00+00:00,CAL,California,D,Demand,32911,megawatthours
2026-06-04 16:00:00+00:00,CAL,California,D,Demand,36208,megawatthours
2026-06-04 17:00:00+00:00,CAL,California,D,Demand,35872,megawatthours
2026-06-04 18:00:00+00:00,CAL,California,D,Demand,35909,megawatthours
2026-06-04 19:00:00+00:00,CAL,California,D,Demand,35241,megawatthours
2026-06-04 20:00:00+00:00,CAL,California,D,Demand,35303,megawatthours
2026-06-04 21:00:00+00:00,CAL,California,D,Demand,34766,megawatthours
2026-06-04 22:00:00+00:00,CAL,California,D,Demand,35224,megawatthours
2026-06-04 23:00:00+00:00,CAL,California,D,Demand,37175,megawatthours
2026-06-05 00:00:00+00:00,CAL,California,D,Demand,38705,megawatthours
2026-06-05 01:00:00+00:00,CAL,California,D,Demand,39664,megawatthours
2026-06-05 02:00:00+00:00,CAL,California,D,Demand,40539,megawatthours
2026-06-05 03:00:00+00:00,CAL,California,D,Demand,40373,megawatthours
2026-06-05 04:00:00+00:00,CAL,California,D,Demand,39837,megawatthours
2026-06-05 05:00:00+00:00,CAL,California,D,Demand,38665,megawatthours
2026-06-05 06:00:00+00:00,CAL,California,D,Demand,36172,megawatthours
2026-06-05 07:00:00+00:00,CAL,California,D,Demand,33787,megawatthours
2026-06-05 08:00:00+00:00,CAL,California,D,Demand,32087,megawatthours
2026-06-05 09:00:00+00:00,CAL,California,D,Demand,30371,megawatthours
2026-06-05 10:00:00+00:00,CAL,California,D,Demand,29467,megawatthours
2026-06-05 11:00:00+00:00,CAL,California,D,Demand,28399,megawatthours
2026-06-05 12:00:00+00:00,CAL,California,D,Demand,28158,megawatthours
2026-06-05 13:00:00+00:00,CAL,California,D,Demand,28779,megawatthours
2026-06-05 14:00:00+00:00,CAL,California,D,Demand,29876,megawatthours
2026-06-05 15:00:00+00:00,CAL,California,D,Demand,32148,megawatthours
2026-06-05 16:00:00+00:00,CAL,California,D,Demand,35575,megawatthours
2026-06-05 17:00:00+00:00,CAL,California,D,Demand,35634,megawatthours
2026-06-05 18:00:00+00:00,CAL,California,D,Demand,36623,megawatthours
2026-06-05 19:00:00+00:00,CAL,California,D,Demand,37527,megawatthours
2026-06-05 20:00:00+00:00,CAL,California,D,Demand,37629,megawatthours
2026-06-05 21:00:00+00:00,CAL,California,D,Demand,38100,megawatthours
2026-06-05 22:00:00+00:00,CAL,California,D,Demand,38264,megawatthours
2026-06-05 23:00:00+00:00,CAL,California,D,Demand,38670,megawatthours
2026-06-06 00:00:00+00:00,CAL,California,D,Demand,39507,megawatthours
2026-06-06 01:00:00+00:00,CAL,California,D,Demand,40027,megawatthours
2026-06-06 02:00:00+00:00,CAL,California,D,Demand,40511,megawatthours
2026-06-06 03:00:00+00:00,CAL,California,D,Demand,40025,megawatthours
2026-06-06 04:00:00+00:00,CAL,California,D,Demand,38984,megawatthours
2026-06-06 05:00:00+00:00,CAL,California,D,Demand,37938,megawatthours
2026-06-06 06:00:00+00:00,CAL,California,D,Demand,35849,megawatthours
2026-06-06 07:00:00+00:00,CAL,California,D,Demand,33300,megawatthours
2026-06-06 08:00:00+00:00,CAL,California,D,Demand,31997,megawatthours
2026-06-06 09:00:00+00:00,CAL,California,D,Demand,29958,megawatthours
2026-06-06 10:00:00+00:00,CAL,California,D,Demand,28634,megawatthours
2026-06-06 11:00:00+00:00,CAL,California,D,Demand,27397,megawatthours
2026-06-06 12:00:00+00:00,CAL,California,D,Demand,27035,megawatthours
2026-06-06 13:00:00+00:00,CAL,California,D,Demand,27032,megawatthours
2026-06-06 14:00:00+00:00,CAL,California,D,Demand,27101,megawatthours
2026-06-06 15:00:00+00:00,CAL,California,D,Demand,29184,megawatthours
2026-06-06 16:00:00+00:00,CAL,California,D,Demand,31441,megawatthours
2026-06-06 17:00:00+00:00,CAL,California,D,Demand,31662,megawatthours
2026-06-06 18:00:00+00:00,CAL,California,D,Demand,31579,megawatthours
2026-06-06 19:00:00+00:00,CAL,California,D,Demand,30533,megawatthours
2026-06-06 20:00:00+00:00,CAL,California,D,Demand,31823,megawatthours
2026-06-06 21:00:00+00:00,CAL,California,D,Demand,32065,megawatthours
2026-06-06 22:00:00+00:00,CAL,California,D,Demand,31829,megawatthours
2026-06-06 23:00:00+00:00,CAL,California,D,Demand,30931,megawatthours
2026-06-07 00:00:00+00:00,CAL,California,D,Demand,31227,megawatthours
2026-06-07 01:00:00+00:00,CAL,California,D,Demand,32563,megawatthours
2026-06-07 02:00:00+00:00,CAL,California,D,Demand,34136,megawatthours
2026-06-07 03:00:00+00:00,CAL,California,D,Demand,34085,megawatthours
2026-06-07 04:00:00+00:00,CAL,California,D,Demand,34043,megawatthours
2026-06-07 05:00:00+00:00,CAL,California,D,Demand,33613,megawatthours
2026-06-07 06:00:00+00:00,CAL,California,D,Demand,32033,megawatthours
2026-06-07 07:00:00+00:00,CAL,California,D,Demand,30024,megawatthours
2026-06-07 08:00:00+00:00,CAL,California,D,Demand,29115,megawatthours
2026-06-07 09:00:00+00:00,CAL,California,D,Demand,27753,megawatthours
2026-06-07 10:00:00+00:00,CAL,California,D,Demand,26768,megawatthours
2026-06-07 11:00:00+00:00,CAL,California,D,Demand,25965,megawatthours
2026-06-07 12:00:00+00:00,CAL,California,D,Demand,25641,megawatthours
2026-06-07 13:00:00+00:00,CAL,California,D,Demand,25734,megawatthours
2026-06-07 14:00:00+00:00,CAL,California,D,Demand,25856,megawatthours
2026-06-07 15:00:00+00:00,CAL,California,D,Demand,27141,megawatthours
2026-06-07 16:00:00+00:00,CAL,California,D,Demand,28757,megawatthours
2026-06-07 17:00:00+00:00,CAL,California,D,Demand,28048,megawatthours
2026-06-07 18:00:00+00:00,CAL,California,D,Demand,27270,megawatthours
2026-06-07 19:00:00+00:00,CAL,California,D,Demand,28233,megawatthours
2026-06-07 20:00:00+00:00,CAL,California,D,Demand,28364,megawatthours
2026-06-07 21:00:00+00:00,CAL,California,D,Demand,28797,megawatthours
2026-06-07 22:00:00+00:00,CAL,California,D,Demand,28195,megawatthours
2026-06-07 23:00:00+00:00,CAL,California,D,Demand,28254,megawatthours
2026-06-08 00:00:00+00:00,CAL,California,D,Demand,29241,megawatthours
2026-06-08 01:00:00+00:00,CAL,California,D,Demand,32487,megawatthours
2026-06-08 02:00:00+00:00,CAL,California,D,Demand,33880,megawatthours
2026-06-08 03:00:00+00:00,CAL,California,D,Demand,33952,megawatthours
2026-06-08 04:00:00+00:00,CAL,California,D,Demand,34010,megawatthours
2026-06-08 05:00:00+00:00,CAL,California,D,Demand,33449,megawatthours
2026-06-08 06:00:00+00:00,CAL,California,D,Demand,31723,megawatthours
2026-06-08 07:00:00+00:00,CAL,California,D,Demand,29389,megawatthours
2026-06-08 08:00:00+00:00,CAL,California,D,Demand,28551,megawatthours
2026-06-08 09:00:00+00:00,CAL,California,D,Demand,27316,megawatthours
2026-06-08 10:00:00+00:00,CAL,California,D,Demand,26666,megawatthours
2026-06-08 11:00:00+00:00,CAL,California,D,Demand,25815,megawatthours
2026-06-08 12:00:00+00:00,CAL,California,D,Demand,25802,megawatthours
2026-06-08 13:00:00+00:00,CAL,California,D,Demand,26833,megawatthours
2026-06-08 14:00:00+00:00,CAL,California,D,Demand,28149,megawatthours
2026-06-08 15:00:00+00:00,CAL,California,D,Demand,31232,megawatthours
2026-06-08 16:00:00+00:00,CAL,California,D,Demand,33392,megawatthours
2026-06-08 17:00:00+00:00,CAL,California,D,Demand,32934,megawatthours
2026-06-08 18:00:00+00:00,CAL,California,D,Demand,33882,megawatthours
2026-06-08 19:00:00+00:00,CAL,California,D,Demand,32979,megawatthours
2026-06-08 20:00:00+00:00,CAL,California,D,Demand,34375,megawatthours
2026-06-08 21:00:00+00:00,CAL,California,D,Demand,34507,megawatthours
2026-06-08 22:00:00+00:00,CAL,California,D,Demand,33631,megawatthours
2026-06-08 23:00:00+00:00,CAL,California,D,Demand,33667,megawatthours
2026-06-09 00:00:00+00:00,CAL,California,D,Demand,34835,megawatthours
2026-06-09 01:00:00+00:00,CAL,California,D,Demand,35495,megawatthours
2026-06-09 02:00:00+00:00,CAL,California,D,Demand,35602,megawatthours
2026-06-09 03:00:00+00:00,CAL,California,D,Demand,35527,megawatthours
2026-06-09 04:00:00+00:00,CAL,California,D,Demand,35654,megawatthours
2026-06-09 05:00:00+00:00,CAL,California,D,Demand,35196,megawatthours
2026-06-09 06:00:00+00:00,CAL,California,D,Demand,33237,megawatthours
2026-06-09 07:00:00+00:00,CAL,California,D,Demand,31221,megawatthours
2026-06-09 08:00:00+00:00,CAL,California,D,Demand,29916,megawatthours
2026-06-09 09:00:00+00:00,CAL,California,D,Demand,28593,megawatthours
2026-06-09 10:00:00+00:00,CAL,California,D,Demand,27435,megawatthours
2026-06-09 11:00:00+00:00,CAL,California,D,Demand,26798,megawatthours
2026-06-09 12:00:00+00:00,CAL,California,D,Demand,26813,megawatthours
2026-06-09 13:00:00+00:00,CAL,California,D,Demand,27853,megawatthours
2026-06-09 14:00:00+00:00,CAL,California,D,Demand,28946,megawatthours
2026-06-09 15:00:00+00:00,CAL,California,D,Demand,31915,megawatthours
2026-06-09 16:00:00+00:00,CAL,California,D,Demand,33960,megawatthours
2026-06-09 17:00:00+00:00,CAL,California,D,Demand,33621,megawatthours
2026-06-09 18:00:00+00:00,CAL,California,D,Demand,33643,megawatthours
2026-06-09 19:00:00+00:00,CAL,California,D,Demand,34387,megawatthours
2026-06-09 20:00:00+00:00,CAL,California,D,Demand,35033,megawatthours
2026-06-09 21:00:00+00:00,CAL,California,D,Demand,35645,megawatthours
2026-06-09 22:00:00+00:00,CAL,California,D,Demand,35615,megawatthours
2026-06-09 23:00:00+00:00,CAL,California,D,Demand,36261,megawatthours
2026-06-10 00:00:00+00:00,CAL,California,D,Demand,36774,megawatthours
2026-06-10 01:00:00+00:00,CAL,California,D,Demand,38276,megawatthours
2026-06-10 02:00:00+00:00,CAL,California,D,Demand,38971,megawatthours
2026-06-10 03:00:00+00:00,CAL,California,D,Demand,39177,megawatthours
2026-06-10 04:00:00+00:00,CAL,California,D,Demand,38635,megawatthours
2026-06-10 05:00:00+00:00,CAL,California,D,Demand,38072,megawatthours
2026-06-10 06:00:00+00:00,CAL,California,D,Demand,35939,megawatthours
2026-06-10 07:00:00+00:00,CAL,California,D,Demand,33397,megawatthours
2026-06-10 08:00:00+00:00,CAL,California,D,Demand,32036,megawatthours
2026-06-10 09:00:00+00:00,CAL,California,D,Demand,30363,megawatthours
2026-06-10 10:00:00+00:00,CAL,California,D,Demand,28861,megawatthours
2026-06-10 11:00:00+00:00,CAL,California,D,Demand,28104,megawatthours
2026-06-10 12:00:00+00:00,CAL,California,D,Demand,28227,megawatthours
2026-06-10 13:00:00+00:00,CAL,California,D,Demand,28931,megawatthours
2026-06-10 14:00:00+00:00,CAL,California,D,Demand,30647,megawatthours
2026-06-10 15:00:00+00:00,CAL,California,D,Demand,33759,megawatthours
2026-06-10 16:00:00+00:00,CAL,California,D,Demand,36446,megawatthours
2026-06-10 17:00:00+00:00,CAL,California,D,Demand,37415,megawatthours
2026-06-10 18:00:00+00:00,CAL,California,D,Demand,38163,megawatthours
2026-06-10 19:00:00+00:00,CAL,California,D,Demand,38557,megawatthours
2026-06-10 20:00:00+00:00,CAL,California,D,Demand,38586,megawatthours
2026-06-10 21:00:00+00:00,CAL,California,D,Demand,39837,megawatthours
2026-06-10 22:00:00+00:00,CAL,California,D,Demand,40615,megawatthours
2026-06-10 23:00:00+00:00,CAL,California,D,Demand,41578,megawatthours
2026-06-11 00:00:00+00:00,CAL,California,D,Demand,43225,megawatthours
2026-06-11 01:00:00+00:00,CAL,California,D,Demand,44709,megawatthours
2026-06-11 02:00:00+00:00,CAL,California,D,Demand,45009,megawatthours
2026-06-11 03:00:00+00:00,CAL,California,D,Demand,44209,megawatthours
2026-06-11 04:00:00+00:00,CAL,California,D,Demand,43176,megawatthours
2026-06-11 05:00:00+00:00,CAL,California,D,Demand,41871,megawatthours
2026-06-11 06:00:00+00:00,CAL,California,D,Demand,39006,megawatthours
2026-06-11 07:00:00+00:00,CAL,California,D,Demand,36164,megawatthours
2026-06-11 08:00:00+00:00,CAL,California,D,Demand,34242,megawatthours
2026-06-11 09:00:00+00:00,CAL,California,D,Demand,32194,megawatthours
2026-06-11 10:00:00+00:00,CAL,California,D,Demand,30590,megawatthours
2026-06-11 11:00:00+00:00,CAL,California,D,Demand,29591,megawatthours
2026-06-11 12:00:00+00:00,CAL,California,D,Demand,29412,megawatthours
2026-06-11 13:00:00+00:00,CAL,California,D,Demand,30113,megawatthours
2026-06-11 14:00:00+00:00,CAL,California,D,Demand,31762,megawatthours
2026-06-11 15:00:00+00:00,CAL,California,D,Demand,36121,megawatthours
2026-06-11 16:00:00+00:00,CAL,California,D,Demand,40171,megawatthours
2026-06-11 17:00:00+00:00,CAL,California,D,Demand,40649,megawatthours
2026-06-11 18:00:00+00:00,CAL,California,D,Demand,41028,megawatthours
2026-06-11 19:00:00+00:00,CAL,California,D,Demand,41067,megawatthours
2026-06-11 20:00:00+00:00,CAL,California,D,Demand,41765,megawatthours
2026-06-11 21:00:00+00:00,CAL,California,D,Demand,42156,megawatthours
2026-06-11 22:00:00+00:00,CAL,California,D,Demand,43319,megawatthours
2026-06-11 23:00:00+00:00,CAL,California,D,Demand,45109,megawatthours
2026-06-12 00:00:00+00:00,CAL,California,D,Demand,45516,megawatthours
2026-06-12 01:00:00+00:00,CAL,California,D,Demand,46524,megawatthours
2026-06-12 02:00:00+00:00,CAL,California,D,Demand,47096,megawatthours
2026-06-12 03:00:00+00:00,CAL,California,D,Demand,46537,megawatthours
2026-06-12 04:00:00+00:00,CAL,California,D,Demand,45364,megawatthours
2026-06-12 05:00:00+00:00,CAL,California,D,Demand,43648,megawatthours
2026-06-12 06:00:00+00:00,CAL,California,D,Demand,40789,megawatthours
2026-06-12 07:00:00+00:00,CAL,California,D,Demand,37178,megawatthours
2026-06-12 08:00:00+00:00,CAL,California,D,Demand,35528,megawatthours
2026-06-12 09:00:00+00:00,CAL,California,D,Demand,33201,megawatthours
2026-06-12 10:00:00+00:00,CAL,California,D,Demand,31354,megawatthours
2026-06-12 11:00:00+00:00,CAL,California,D,Demand,30137,megawatthours
2026-06-12 12:00:00+00:00,CAL,California,D,Demand,29687,megawatthours
2026-06-12 13:00:00+00:00,CAL,California,D,Demand,30249,megawatthours
2026-06-12 14:00:00+00:00,CAL,California,D,Demand,31157,megawatthours
2026-06-12 15:00:00+00:00,CAL,California,D,Demand,35124,megawatthours
2026-06-12 16:00:00+00:00,CAL,California,D,Demand,38843,megawatthours
2026-06-12 17:00:00+00:00,CAL,California,D,Demand,39776,megawatthours
2026-06-12 18:00:00+00:00,CAL,California,D,Demand,40768,megawatthours
2026-06-12 19:00:00+00:00,CAL,California,D,Demand,41016,megawatthours
2026-06-12 20:00:00+00:00,CAL,California,D,Demand,41892,megawatthours
2026-06-12 21:00:00+00:00,CAL,California,D,Demand,42935,megawatthours
2026-06-12 22:00:00+00:00,CAL,California,D,Demand,44417,megawatthours
2026-06-12 23:00:00+00:00,CAL,California,D,Demand,45913,megawatthours
2026-06-13 00:00:00+00:00,CAL,California,D,Demand,46792,megawatthours
2026-06-13 01:00:00+00:00,CAL,California,D,Demand,47988,megawatthours
2026-06-13 02:00:00+00:00,CAL,California,D,Demand,48325,megawatthours
2026-06-13 03:00:00+00:00,CAL,California,D,Demand,47340,megawatthours
2026-06-13 04:00:00+00:00,CAL,California,D,Demand,45379,megawatthours
2026-06-13 05:00:00+00:00,CAL,California,D,Demand,43459,megawatthours
2026-06-13 06:00:00+00:00,CAL,California,D,Demand,40563,megawatthours
2026-06-13 07:00:00+00:00,CAL,California,D,Demand,37522,megawatthours
2026-06-13 08:00:00+00:00,CAL,California,D,Demand,35005,megawatthours
2026-06-13 09:00:00+00:00,CAL,California,D,Demand,32732,megawatthours
2026-06-13 10:00:00+00:00,CAL,California,D,Demand,31185,megawatthours
2026-06-13 11:00:00+00:00,CAL,California,D,Demand,29601,megawatthours
2026-06-13 12:00:00+00:00,CAL,California,D,Demand,29023,megawatthours
2026-06-13 13:00:00+00:00,CAL,California,D,Demand,28694,megawatthours
2026-06-13 14:00:00+00:00,CAL,California,D,Demand,28896,megawatthours
2026-06-13 15:00:00+00:00,CAL,California,D,Demand,32112,megawatthours
2026-06-13 16:00:00+00:00,CAL,California,D,Demand,36382,megawatthours
2026-06-13 17:00:00+00:00,CAL,California,D,Demand,37138,megawatthours
2026-06-13 18:00:00+00:00,CAL,California,D,Demand,37275,megawatthours
2026-06-13 19:00:00+00:00,CAL,California,D,Demand,37966,megawatthours
2026-06-13 20:00:00+00:00,CAL,California,D,Demand,37722,megawatthours
2026-06-13 21:00:00+00:00,CAL,California,D,Demand,37749,megawatthours
2026-06-13 22:00:00+00:00,CAL,California,D,Demand,39175,megawatthours
2026-06-13 23:00:00+00:00,CAL,California,D,Demand,40668,megawatthours
2026-06-14 00:00:00+00:00,CAL,California,D,Demand,41974,megawatthours
2026-06-14 01:00:00+00:00,CAL,California,D,Demand,43137,megawatthours
2026-06-14 02:00:00+00:00,CAL,California,D,Demand,43211,megawatthours
2026-06-14 03:00:00+00:00,CAL,California,D,Demand,42590,megawatthours
2026-06-14 04:00:00+00:00,CAL,California,D,Demand,40996,megawatthours
2026-06-14 05:00:00+00:00,CAL,California,D,Demand,39593,megawatthours
2026-06-14 06:00:00+00:00,CAL,California,D,Demand,37144,megawatthours
2026-06-14 07:00:00+00:00,CAL,California,D,Demand,34635,megawatthours
2026-06-14 08:00:00+00:00,CAL,California,D,Demand,33017,megawatthours
2026-06-14 09:00:00+00:00,CAL,California,D,Demand,31192,megawatthours
2026-06-14 10:00:00+00:00,CAL,California,D,Demand,29403,megawatthours
2026-06-14 11:00:00+00:00,CAL,California,D,Demand,28115,megawatthours
2026-06-14 12:00:00+00:00,CAL,California,D,Demand,27436,megawatthours
2026-06-14 13:00:00+00:00,CAL,California,D,Demand,27281,megawatthours
2026-06-14 14:00:00+00:00,CAL,California,D,Demand,28059,megawatthours
2026-06-14 15:00:00+00:00,CAL,California,D,Demand,31198,megawatthours
2026-06-14 16:00:00+00:00,CAL,California,D,Demand,34561,megawatthours
2026-06-14 17:00:00+00:00,CAL,California,D,Demand,34756,megawatthours
2026-06-14 18:00:00+00:00,CAL,California,D,Demand,34871,megawatthours
2026-06-14 19:00:00+00:00,CAL,California,D,Demand,34770,megawatthours
2026-06-14 20:00:00+00:00,CAL,California,D,Demand,33974,megawatthours
2026-06-14 21:00:00+00:00,CAL,California,D,Demand,34314,megawatthours
2026-06-14 22:00:00+00:00,CAL,California,D,Demand,35213,megawatthours
2026-06-14 23:00:00+00:00,CAL,California,D,Demand,36690,megawatthours
2026-06-15 00:00:00+00:00,CAL,California,D,Demand,38654,megawatthours
2026-06-15 01:00:00+00:00,CAL,California,D,Demand,40430,megawatthours
2026-06-15 02:00:00+00:00,CAL,California,D,Demand,41664,megawatthours
2026-06-15 03:00:00+00:00,CAL,California,D,Demand,41428,megawatthours
2026-06-15 04:00:00+00:00,CAL,California,D,Demand,40268,megawatthours
2026-06-15 05:00:00+00:00,CAL,California,D,Demand,39074,megawatthours
2026-06-15 06:00:00+00:00,CAL,California,D,Demand,36607,megawatthours
2026-06-15 07:00:00+00:00,CAL,California,D,Demand,33845,megawatthours
2026-06-15 08:00:00+00:00,CAL,California,D,Demand,32223,megawatthours
2026-06-15 09:00:00+00:00,CAL,California,D,Demand,30034,megawatthours
2026-06-15 10:00:00+00:00,CAL,California,D,Demand,29028,megawatthours
2026-06-15 11:00:00+00:00,CAL,California,D,Demand,28241,megawatthours
2026-06-15 12:00:00+00:00,CAL,California,D,Demand,28286,megawatthours
2026-06-15 13:00:00+00:00,CAL,California,D,Demand,28839,megawatthours
2026-06-15 14:00:00+00:00,CAL,California,D,Demand,30814,megawatthours
2026-06-15 15:00:00+00:00,CAL,California,D,Demand,35916,megawatthours
2026-06-15 16:00:00+00:00,CAL,California,D,Demand,39739,megawatthours
2026-06-15 17:00:00+00:00,CAL,California,D,Demand,40405,megawatthours
2026-06-15 18:00:00+00:00,CAL,California,D,Demand,40609,megawatthours
2026-06-15 19:00:00+00:00,CAL,California,D,Demand,40061,megawatthours
2026-06-15 20:00:00+00:00,CAL,California,D,Demand,39531,megawatthours
2026-06-15 21:00:00+00:00,CAL,California,D,Demand,39762,megawatthours
2026-06-15 22:00:00+00:00,CAL,California,D,Demand,40596,megawatthours
2026-06-15 23:00:00+00:00,CAL,California,D,Demand,41624,megawatthours
2026-06-16 00:00:00+00:00,CAL,California,D,Demand,42831,megawatthours
2026-06-16 01:00:00+00:00,CAL,California,D,Demand,44563,megawatthours
2026-06-16 02:00:00+00:00,CAL,California,D,Demand,45141,megawatthours
2026-06-16 03:00:00+00:00,CAL,California,D,Demand,44191,megawatthours
2026-06-16 04:00:00+00:00,CAL,California,D,Demand,42782,megawatthours
2026-06-16 05:00:00+00:00,CAL,California,D,Demand,41374,megawatthours
2026-06-16 06:00:00+00:00,CAL,California,D,Demand,38665,megawatthours
2026-06-16 07:00:00+00:00,CAL,California,D,Demand,35105,megawatthours
2026-06-16 08:00:00+00:00,CAL,California,D,Demand,33541,megawatthours
2026-06-16 09:00:00+00:00,CAL,California,D,Demand,31697,megawatthours
2026-06-16 10:00:00+00:00,CAL,California,D,Demand,30285,megawatthours
2026-06-16 11:00:00+00:00,CAL,California,D,Demand,29302,megawatthours
2026-06-16 12:00:00+00:00,CAL,California,D,Demand,28919,megawatthours
2026-06-16 13:00:00+00:00,CAL,California,D,Demand,29872,megawatthours
2026-06-16 14:00:00+00:00,CAL,California,D,Demand,31638,megawatthours
2026-06-16 15:00:00+00:00,CAL,California,D,Demand,36336,megawatthours
2026-06-16 16:00:00+00:00,CAL,California,D,Demand,39683,megawatthours
2026-06-16 17:00:00+00:00,CAL,California,D,Demand,40703,megawatthours
2026-06-16 18:00:00+00:00,CAL,California,D,Demand,39921,megawatthours
2026-06-16 19:00:00+00:00,CAL,California,D,Demand,39845,megawatthours
2026-06-16 20:00:00+00:00,CAL,California,D,Demand,38786,megawatthours
2026-06-16 21:00:00+00:00,CAL,California,D,Demand,38093,megawatthours
2026-06-16 22:00:00+00:00,CAL,California,D,Demand,38403,megawatthours
2026-06-16 23:00:00+00:00,CAL,California,D,Demand,39418,megawatthours
2026-06-17 00:00:00+00:00,CAL,California,D,Demand,41223,megawatthours
2026-06-17 01:00:00+00:00,CAL,California,D,Demand,43052,megawatthours
2026-06-17 02:00:00+00:00,CAL,California,D,Demand,44053,megawatthours
2026-06-17 03:00:00+00:00,CAL,California,D,Demand,43413,megawatthours
2026-06-17 04:00:00+00:00,CAL,California,D,Demand,42437,megawatthours
2026-06-17 05:00:00+00:00,CAL,California,D,Demand,41294,megawatthours
2026-06-17 06:00:00+00:00,CAL,California,D,Demand,38386,megawatthours
2026-06-17 07:00:00+00:00,CAL,California,D,Demand,35654,megawatthours
2026-06-17 08:00:00+00:00,CAL,California,D,Demand,33763,megawatthours
2026-06-17 09:00:00+00:00,CAL,California,D,Demand,31793,megawatthours
2026-06-17 10:00:00+00:00,CAL,California,D,Demand,30137,megawatthours
2026-06-17 11:00:00+00:00,CAL,California,D,Demand,29491,megawatthours
2026-06-17 12:00:00+00:00,CAL,California,D,Demand,29193,megawatthours
2026-06-17 13:00:00+00:00,CAL,California,D,Demand,29926,megawatthours
2026-06-17 14:00:00+00:00,CAL,California,D,Demand,31166,megawatthours
2026-06-17 15:00:00+00:00,CAL,California,D,Demand,33957,megawatthours
2026-06-17 16:00:00+00:00,CAL,California,D,Demand,36699,megawatthours
2026-06-17 17:00:00+00:00,CAL,California,D,Demand,36669,megawatthours
2026-06-17 18:00:00+00:00,CAL,California,D,Demand,37299,megawatthours
2026-06-17 19:00:00+00:00,CAL,California,D,Demand,38121,megawatthours
2026-06-17 20:00:00+00:00,CAL,California,D,Demand,37708,megawatthours
2026-06-17 21:00:00+00:00,CAL,California,D,Demand,38431,megawatthours
2026-06-17 22:00:00+00:00,CAL,California,D,Demand,38729,megawatthours
2026-06-17 23:00:00+00:00,CAL,California,D,Demand,38716,megawatthours
2026-06-18 00:00:00+00:00,CAL,California,D,Demand,39525,megawatthours
2026-06-18 01:00:00+00:00,CAL,California,D,Demand,40791,megawatthours
2026-06-18 02:00:00+00:00,CAL,California,D,Demand,41069,megawatthours
2026-06-18 03:00:00+00:00,CAL,California,D,Demand,40427,megawatthours
2026-06-18 04:00:00+00:00,CAL,California,D,Demand,39823,megawatthours
2026-06-18 05:00:00+00:00,CAL,California,D,Demand,38781,megawatthours
2026-06-18 06:00:00+00:00,CAL,California,D,Demand,36678,megawatthours
2026-06-18 07:00:00+00:00,CAL,California,D,Demand,33471,megawatthours
2026-06-18 08:00:00+00:00,CAL,California,D,Demand,32726,megawatthours
2026-06-18 09:00:00+00:00,CAL,California,D,Demand,30763,megawatthours
2026-06-18 10:00:00+00:00,CAL,California,D,Demand,29399,megawatthours
2026-06-18 11:00:00+00:00,CAL,California,D,Demand,28727,megawatthours
2026-06-18 12:00:00+00:00,CAL,California,D,Demand,28560,megawatthours
2026-06-18 13:00:00+00:00,CAL,California,D,Demand,29178,megawatthours
2026-06-18 14:00:00+00:00,CAL,California,D,Demand,30465,megawatthours
2026-06-18 15:00:00+00:00,CAL,California,D,Demand,33645,megawatthours
2026-06-18 16:00:00+00:00,CAL,California,D,Demand,36326,megawatthours
2026-06-18 17:00:00+00:00,CAL,California,D,Demand,36819,megawatthours
2026-06-18 18:00:00+00:00,CAL,California,D,Demand,36780,megawatthours
2026-06-18 19:00:00+00:00,CAL,California,D,Demand,35878,megawatthours
2026-06-18 20:00:00+00:00,CAL,California,D,Demand,36473,megawatthours
2026-06-18 21:00:00+00:00,CAL,California,D,Demand,36182,megawatthours
2026-06-18 22:00:00+00:00,CAL,California,D,Demand,35923,megawatthours
2026-06-18 23:00:00+00:00,CAL,California,D,Demand,36752,megawatthours
2026-06-19 00:00:00+00:00,CAL,California,D,Demand,37384,megawatthours
2026-06-19 01:00:00+00:00,CAL,California,D,Demand,37897,megawatthours
2026-06-19 02:00:00+00:00,CAL,California,D,Demand,37752,megawatthours
2026-06-19 03:00:00+00:00,CAL,California,D,Demand,37369,megawatthours
2026-06-19 04:00:00+00:00,CAL,California,D,Demand,37065,megawatthours
2026-06-19 05:00:00+00:00,CAL,California,D,Demand,36587,megawatthours
2026-06-19 06:00:00+00:00,CAL,California,D,Demand,34536,megawatthours
2026-06-19 07:00:00+00:00,CAL,California,D,Demand,32443,megawatthours
2026-06-19 08:00:00+00:00,CAL,California,D,Demand,31017,megawatthours
2026-06-19 09:00:00+00:00,CAL,California,D,Demand,29440,megawatthours
2026-06-19 10:00:00+00:00,CAL,California,D,Demand,28103,megawatthours
2026-06-19 11:00:00+00:00,CAL,California,D,Demand,27341,megawatthours
2026-06-19 12:00:00+00:00,CAL,California,D,Demand,27475,megawatthours
2026-06-19 13:00:00+00:00,CAL,California,D,Demand,28310,megawatthours
2026-06-19 14:00:00+00:00,CAL,California,D,Demand,29272,megawatthours
2026-06-19 15:00:00+00:00,CAL,California,D,Demand,31898,megawatthours
2026-06-19 16:00:00+00:00,CAL,California,D,Demand,34127,megawatthours
2026-06-19 17:00:00+00:00,CAL,California,D,Demand,34032,megawatthours
2026-06-19 18:00:00+00:00,CAL,California,D,Demand,33287,megawatthours
2026-06-19 19:00:00+00:00,CAL,California,D,Demand,33865,megawatthours
2026-06-19 20:00:00+00:00,CAL,California,D,Demand,33732,megawatthours
2026-06-19 21:00:00+00:00,CAL,California,D,Demand,34555,megawatthours
2026-06-19 22:00:00+00:00,CAL,California,D,Demand,34874,megawatthours
2026-06-19 23:00:00+00:00,CAL,California,D,Demand,34467,megawatthours
2026-06-20 00:00:00+00:00,CAL,California,D,Demand,34261,megawatthours
2026-06-20 01:00:00+00:00,CAL,California,D,Demand,34324,megawatthours
2026-06-20 02:00:00+00:00,CAL,California,D,Demand,35090,megawatthours
2026-06-20 03:00:00+00:00,CAL,California,D,Demand,35514,megawatthours
2026-06-20 04:00:00+00:00,CAL,California,D,Demand,35442,megawatthours
2026-06-20 05:00:00+00:00,CAL,California,D,Demand,35044,megawatthours
2026-06-20 06:00:00+00:00,CAL,California,D,Demand,33485,megawatthours
2026-06-20 07:00:00+00:00,CAL,California,D,Demand,31634,megawatthours
2026-06-20 08:00:00+00:00,CAL,California,D,Demand,30173,megawatthours
2026-06-20 09:00:00+00:00,CAL,California,D,Demand,28426,megawatthours
2026-06-20 10:00:00+00:00,CAL,California,D,Demand,27119,megawatthours
2026-06-20 11:00:00+00:00,CAL,California,D,Demand,26314,megawatthours
2026-06-20 12:00:00+00:00,CAL,California,D,Demand,25956,megawatthours
2026-06-20 13:00:00+00:00,CAL,California,D,Demand,26100,megawatthours
2026-06-20 14:00:00+00:00,CAL,California,D,Demand,26503,megawatthours
2026-06-20 15:00:00+00:00,CAL,California,D,Demand,28658,megawatthours
2026-06-20 16:00:00+00:00,CAL,California,D,Demand,29935,megawatthours
2026-06-20 17:00:00+00:00,CAL,California,D,Demand,29680,megawatthours
2026-06-20 18:00:00+00:00,CAL,California,D,Demand,29492,megawatthours
2026-06-20 19:00:00+00:00,CAL,California,D,Demand,29093,megawatthours
2026-06-20 20:00:00+00:00,CAL,California,D,Demand,29297,megawatthours
2026-06-20 21:00:00+00:00,CAL,California,D,Demand,30023,megawatthours
2026-06-20 22:00:00+00:00,CAL,California,D,Demand,29835,megawatthours
2026-06-20 23:00:00+00:00,CAL,California,D,Demand,30366,megawatthours
2026-06-21 00:00:00+00:00,CAL,California,D,Demand,31476,megawatthours
2026-06-21 01:00:00+00:00,CAL,California,D,Demand,33129,megawatthours
2026-06-21 02:00:00+00:00,CAL,California,D,Demand,34288,megawatthours
2026-06-21 03:00:00+00:00,CAL,California,D,Demand,34453,megawatthours
2026-06-21 04:00:00+00:00,CAL,California,D,Demand,34294,megawatthours
2026-06-21 05:00:00+00:00,CAL,California,D,Demand,33834,megawatthours
2026-06-21 06:00:00+00:00,CAL,California,D,Demand,32321,megawatthours
2026-06-21 07:00:00+00:00,CAL,California,D,Demand,30927,megawatthours
2026-06-21 08:00:00+00:00,CAL,California,D,Demand,29418,megawatthours
2026-06-21 09:00:00+00:00,CAL,California,D,Demand,27781,megawatthours
2026-06-21 10:00:00+00:00,CAL,California,D,Demand,26493,megawatthours
2026-06-21 11:00:00+00:00,CAL,California,D,Demand,25557,megawatthours
2026-06-21 12:00:00+00:00,CAL,California,D,Demand,25032,megawatthours
2026-06-21 13:00:00+00:00,CAL,California,D,Demand,24835,megawatthours
2026-06-21 14:00:00+00:00,CAL,California,D,Demand,25274,megawatthours
2026-06-21 15:00:00+00:00,CAL,California,D,Demand,28662,megawatthours
2026-06-21 16:00:00+00:00,CAL,California,D,Demand,30500,megawatthours
2026-06-21 17:00:00+00:00,CAL,California,D,Demand,30293,megawatthours
2026-06-21 18:00:00+00:00,CAL,California,D,Demand,29778,megawatthours
2026-06-21 19:00:00+00:00,CAL,California,D,Demand,28564,megawatthours
2026-06-21 20:00:00+00:00,CAL,California,D,Demand,28237,megawatthours
2026-06-21 21:00:00+00:00,CAL,California,D,Demand,28339,megawatthours
2026-06-21 22:00:00+00:00,CAL,California,D,Demand,28201,megawatthours
2026-06-21 23:00:00+00:00,CAL,California,D,Demand,29086,megawatthours
2026-06-22 00:00:00+00:00,CAL,California,D,Demand,31084,megawatthours
2026-06-22 01:00:00+00:00,CAL,California,D,Demand,33485,megawatthours
2026-06-22 02:00:00+00:00,CAL,California,D,Demand,34978,megawatthours
2026-06-22 03:00:00+00:00,CAL,California,D,Demand,35249,megawatthours
2026-06-22 04:00:00+00:00,CAL,California,D,Demand,35066,megawatthours
2026-06-22 05:00:00+00:00,CAL,California,D,Demand,34524,megawatthours
2026-06-22 06:00:00+00:00,CAL,California,D,Demand,32607,megawatthours
2026-06-22 07:00:00+00:00,CAL,California,D,Demand,30313,megawatthours
2026-06-22 08:00:00+00:00,CAL,California,D,Demand,29010,megawatthours
2026-06-22 09:00:00+00:00,CAL,California,D,Demand,27476,megawatthours
2026-06-22 10:00:00+00:00,CAL,California,D,Demand,26367,megawatthours
2026-06-22 11:00:00+00:00,CAL,California,D,Demand,25968,megawatthours
2026-06-22 12:00:00+00:00,CAL,California,D,Demand,26262,megawatthours
2026-06-22 13:00:00+00:00,CAL,California,D,Demand,27149,megawatthours
2026-06-22 14:00:00+00:00,CAL,California,D,Demand,29281,megawatthours
2026-06-22 15:00:00+00:00,CAL,California,D,Demand,34603,megawatthours
2026-06-22 16:00:00+00:00,CAL,California,D,Demand,36462,megawatthours
2026-06-22 17:00:00+00:00,CAL,California,D,Demand,36161,megawatthours
2026-06-22 18:00:00+00:00,CAL,California,D,Demand,35127,megawatthours
2026-06-22 19:00:00+00:00,CAL,California,D,Demand,34153,megawatthours
2026-06-22 20:00:00+00:00,CAL,California,D,Demand,33213,megawatthours
2026-06-22 21:00:00+00:00,CAL,California,D,Demand,33804,megawatthours
2026-06-22 22:00:00+00:00,CAL,California,D,Demand,34284,megawatthours
2026-06-22 23:00:00+00:00,CAL,California,D,Demand,35683,megawatthours
2026-06-23 00:00:00+00:00,CAL,California,D,Demand,37438,megawatthours
2026-06-23 01:00:00+00:00,CAL,California,D,Demand,39423,megawatthours
2026-06-23 02:00:00+00:00,CAL,California,D,Demand,40186,megawatthours
2026-06-23 03:00:00+00:00,CAL,California,D,Demand,39953,megawatthours
2026-06-23 04:00:00+00:00,CAL,California,D,Demand,39231,megawatthours
2026-06-23 05:00:00+00:00,CAL,California,D,Demand,38167,megawatthours
2026-06-23 06:00:00+00:00,CAL,California,D,Demand,35615,megawatthours
2026-06-23 07:00:00+00:00,CAL,California,D,Demand,32831,megawatthours
2026-06-23 08:00:00+00:00,CAL,California,D,Demand,31519,megawatthours
2026-06-23 09:00:00+00:00,CAL,California,D,Demand,29699,megawatthours
2026-06-23 10:00:00+00:00,CAL,California,D,Demand,28476,megawatthours
2026-06-23 11:00:00+00:00,CAL,California,D,Demand,27831,megawatthours
2026-06-23 12:00:00+00:00,CAL,California,D,Demand,27735,megawatthours
2026-06-23 13:00:00+00:00,CAL,California,D,Demand,28547,megawatthours
2026-06-23 14:00:00+00:00,CAL,California,D,Demand,30191,megawatthours
2026-06-23 15:00:00+00:00,CAL,California,D,Demand,34503,megawatthours
2026-06-23 16:00:00+00:00,CAL,California,D,Demand,37015,megawatthours
2026-06-23 17:00:00+00:00,CAL,California,D,Demand,37020,megawatthours
2026-06-23 18:00:00+00:00,CAL,California,D,Demand,36996,megawatthours
2026-06-23 19:00:00+00:00,CAL,California,D,Demand,35736,megawatthours
2026-06-23 20:00:00+00:00,CAL,California,D,Demand,35398,megawatthours
2026-06-23 21:00:00+00:00,CAL,California,D,Demand,36627,megawatthours
2026-06-23 22:00:00+00:00,CAL,California,D,Demand,37818,megawatthours
2026-06-23 23:00:00+00:00,CAL,California,D,Demand,38784,megawatthours
2026-06-24 00:00:00+00:00,CAL,California,D,Demand,39891,megawatthours
2026-06-24 01:00:00+00:00,CAL,California,D,Demand,40267,megawatthours
2026-06-24 02:00:00+00:00,CAL,California,D,Demand,40843,megawatthours
2026-06-24 03:00:00+00:00,CAL,California,D,Demand,40928,megawatthours
2026-06-24 04:00:00+00:00,CAL,California,D,Demand,40183,megawatthours
2026-06-24 05:00:00+00:00,CAL,California,D,Demand,39363,megawatthours
2026-06-24 06:00:00+00:00,CAL,California,D,Demand,36965,megawatthours
2026-06-24 07:00:00+00:00,CAL,California,D,Demand,34006,megawatthours
2026-06-24 08:00:00+00:00,CAL,California,D,Demand,32833,megawatthours
2026-06-24 09:00:00+00:00,CAL,California,D,Demand,30738,megawatthours
2026-06-24 10:00:00+00:00,CAL,California,D,Demand,29368,megawatthours
2026-06-24 11:00:00+00:00,CAL,California,D,Demand,28401,megawatthours
2026-06-24 12:00:00+00:00,CAL,California,D,Demand,28252,megawatthours
2026-06-24 13:00:00+00:00,CAL,California,D,Demand,29235,megawatthours
2026-06-24 14:00:00+00:00,CAL,California,D,Demand,30074,megawatthours
2026-06-24 15:00:00+00:00,CAL,California,D,Demand,31716,megawatthours
2026-06-24 16:00:00+00:00,CAL,California,D,Demand,33435,megawatthours
2026-06-24 17:00:00+00:00,CAL,California,D,Demand,34017,megawatthours
2026-06-24 18:00:00+00:00,CAL,California,D,Demand,35041,megawatthours
2026-06-24 19:00:00+00:00,CAL,California,D,Demand,34996,megawatthours
2026-06-24 20:00:00+00:00,CAL,California,D,Demand,36144,megawatthours
2026-06-24 21:00:00+00:00,CAL,California,D,Demand,36022,megawatthours
2026-06-24 22:00:00+00:00,CAL,California,D,Demand,37139,megawatthours
2026-06-24 23:00:00+00:00,CAL,California,D,Demand,39401,megawatthours
2026-06-25 00:00:00+00:00,CAL,California,D,Demand,40813,megawatthours
2026-06-25 01:00:00+00:00,CAL,California,D,Demand,42247,megawatthours
2026-06-25 02:00:00+00:00,CAL,California,D,Demand,41897,megawatthours
2026-06-25 03:00:00+00:00,CAL,California,D,Demand,40738,megawatthours
2026-06-25 04:00:00+00:00,CAL,California,D,Demand,39638,megawatthours
2026-06-25 05:00:00+00:00,CAL,California,D,Demand,38929,megawatthours
2026-06-25 06:00:00+00:00,CAL,California,D,Demand,36554,megawatthours
2026-06-25 07:00:00+00:00,CAL,California,D,Demand,34035,megawatthours
2026-06-25 08:00:00+00:00,CAL,California,D,Demand,32103,megawatthours
2026-06-25 09:00:00+00:00,CAL,California,D,Demand,30275,megawatthours
2026-06-25 10:00:00+00:00,CAL,California,D,Demand,28926,megawatthours
2026-06-25 11:00:00+00:00,CAL,California,D,Demand,28188,megawatthours
2026-06-25 12:00:00+00:00,CAL,California,D,Demand,28288,megawatthours
2026-06-25 13:00:00+00:00,CAL,California,D,Demand,29086,megawatthours
2026-06-25 14:00:00+00:00,CAL,California,D,Demand,29808,megawatthours
2026-06-25 15:00:00+00:00,CAL,California,D,Demand,33042,megawatthours
2026-06-25 16:00:00+00:00,CAL,California,D,Demand,35960,megawatthours
2026-06-25 17:00:00+00:00,CAL,California,D,Demand,36354,megawatthours
2026-06-25 18:00:00+00:00,CAL,California,D,Demand,36205,megawatthours
2026-06-25 19:00:00+00:00,CAL,California,D,Demand,35671,megawatthours
2026-06-25 20:00:00+00:00,CAL,California,D,Demand,36064,megawatthours
2026-06-25 21:00:00+00:00,CAL,California,D,Demand,36448,megawatthours
2026-06-25 22:00:00+00:00,CAL,California,D,Demand,36662,megawatthours
2026-06-25 23:00:00+00:00,CAL,California,D,Demand,38078,megawatthours
2026-06-26 00:00:00+00:00,CAL,California,D,Demand,39699,megawatthours
2026-06-26 01:00:00+00:00,CAL,California,D,Demand,40348,megawatthours
2026-06-26 02:00:00+00:00,CAL,California,D,Demand,40396,megawatthours
2026-06-26 03:00:00+00:00,CAL,California,D,Demand,39665,megawatthours
2026-06-26 04:00:00+00:00,CAL,California,D,Demand,38868,megawatthours
2026-06-26 05:00:00+00:00,CAL,California,D,Demand,38005,megawatthours
2026-06-26 06:00:00+00:00,CAL,California,D,Demand,35566,megawatthours
2026-06-26 07:00:00+00:00,CAL,California,D,Demand,33248,megawatthours
2026-06-26 08:00:00+00:00,CAL,California,D,Demand,31612,megawatthours
2026-06-26 09:00:00+00:00,CAL,California,D,Demand,29922,megawatthours
2026-06-26 10:00:00+00:00,CAL,California,D,Demand,28555,megawatthours
2026-06-26 11:00:00+00:00,CAL,California,D,Demand,27884,megawatthours
2026-06-26 12:00:00+00:00,CAL,California,D,Demand,27762,megawatthours
2026-06-26 13:00:00+00:00,CAL,California,D,Demand,28475,megawatthours
2026-06-26 14:00:00+00:00,CAL,California,D,Demand,29400,megawatthours
2026-06-26 15:00:00+00:00,CAL,California,D,Demand,31525,megawatthours
2026-06-26 16:00:00+00:00,CAL,California,D,Demand,34180,megawatthours
2026-06-26 17:00:00+00:00,CAL,California,D,Demand,35298,megawatthours
2026-06-26 18:00:00+00:00,CAL,California,D,Demand,35980,megawatthours
2026-06-26 19:00:00+00:00,CAL,California,D,Demand,35100,megawatthours
2026-06-26 20:00:00+00:00,CAL,California,D,Demand,36104,megawatthours
2026-06-26 21:00:00+00:00,CAL,California,D,Demand,35774,megawatthours
2026-06-26 22:00:00+00:00,CAL,California,D,Demand,35531,megawatthours
2026-06-26 23:00:00+00:00,CAL,California,D,Demand,36238,megawatthours
2026-06-27 00:00:00+00:00,CAL,California,D,Demand,37279,megawatthours
2026-06-27 01:00:00+00:00,CAL,California,D,Demand,37800,megawatthours
2026-06-27 02:00:00+00:00,CAL,California,D,Demand,37675,megawatthours
2026-06-27 03:00:00+00:00,CAL,California,D,Demand,37008,megawatthours
2026-06-27 04:00:00+00:00,CAL,California,D,Demand,36544,megawatthours
2026-06-27 05:00:00+00:00,CAL,California,D,Demand,36138,megawatthours
2026-06-27 06:00:00+00:00,CAL,California,D,Demand,34297,megawatthours
2026-06-27 07:00:00+00:00,CAL,California,D,Demand,31912,megawatthours
2026-06-27 08:00:00+00:00,CAL,California,D,Demand,30773,megawatthours
2026-06-27 09:00:00+00:00,CAL,California,D,Demand,29410,megawatthours
2026-06-27 10:00:00+00:00,CAL,California,D,Demand,28255,megawatthours
2026-06-27 11:00:00+00:00,CAL,California,D,Demand,27058,megawatthours
2026-06-27 12:00:00+00:00,CAL,California,D,Demand,26817,megawatthours
2026-06-27 13:00:00+00:00,CAL,California,D,Demand,26900,megawatthours
2026-06-27 14:00:00+00:00,CAL,California,D,Demand,27124,megawatthours
2026-06-27 15:00:00+00:00,CAL,California,D,Demand,29017,megawatthours
2026-06-27 16:00:00+00:00,CAL,California,D,Demand,30941,megawatthours
2026-06-27 17:00:00+00:00,CAL,California,D,Demand,31977,megawatthours
2026-06-27 18:00:00+00:00,CAL,California,D,Demand,32134,megawatthours
2026-06-27 19:00:00+00:00,CAL,California,D,Demand,32265,megawatthours
2026-06-27 20:00:00+00:00,CAL,California,D,Demand,31341,megawatthours
2026-06-27 21:00:00+00:00,CAL,California,D,Demand,31777,megawatthours
2026-06-27 22:00:00+00:00,CAL,California,D,Demand,30986,megawatthours
2026-06-27 23:00:00+00:00,CAL,California,D,Demand,30378,megawatthours
2026-06-28 00:00:00+00:00,CAL,California,D,Demand,30757,megawatthours
2026-06-28 01:00:00+00:00,CAL,California,D,Demand,33114,megawatthours
2026-06-28 02:00:00+00:00,CAL,California,D,Demand,33775,megawatthours
2026-06-28 03:00:00+00:00,CAL,California,D,Demand,33812,megawatthours
2026-06-28 04:00:00+00:00,CAL,California,D,Demand,33774,megawatthours
2026-06-28 05:00:00+00:00,CAL,California,D,Demand,33346,megawatthours
2026-06-28 06:00:00+00:00,CAL,California,D,Demand,31860,megawatthours
2026-06-28 07:00:00+00:00,CAL,California,D,Demand,29994,megawatthours
2026-06-28 08:00:00+00:00,CAL,California,D,Demand,29160,megawatthours
2026-06-28 09:00:00+00:00,CAL,California,D,Demand,27599,megawatthours
2026-06-28 10:00:00+00:00,CAL,California,D,Demand,26400,megawatthours
2026-06-28 11:00:00+00:00,CAL,California,D,Demand,25756,megawatthours
2026-06-28 12:00:00+00:00,CAL,California,D,Demand,25357,megawatthours
2026-06-28 13:00:00+00:00,CAL,California,D,Demand,25099,megawatthours
2026-06-28 14:00:00+00:00,CAL,California,D,Demand,25221,megawatthours
2026-06-28 15:00:00+00:00,CAL,California,D,Demand,27275,megawatthours
2026-06-28 16:00:00+00:00,CAL,California,D,Demand,28928,megawatthours
2026-06-28 17:00:00+00:00,CAL,California,D,Demand,29892,megawatthours
2026-06-28 18:00:00+00:00,CAL,California,D,Demand,30088,megawatthours
2026-06-28 19:00:00+00:00,CAL,California,D,Demand,29478,megawatthours
2026-06-28 20:00:00+00:00,CAL,California,D,Demand,28528,megawatthours
2026-06-28 21:00:00+00:00,CAL,California,D,Demand,27706,megawatthours
2026-06-28 22:00:00+00:00,CAL,California,D,Demand,27865,megawatthours
2026-06-28 23:00:00+00:00,CAL,California,D,Demand,27363,megawatthours
2026-06-29 00:00:00+00:00,CAL,California,D,Demand,28643,megawatthours
2026-06-29 01:00:00+00:00,CAL,California,D,Demand,30658,megawatthours
2026-06-29 02:00:00+00:00,CAL,California,D,Demand,32661,megawatthours
2026-06-29 03:00:00+00:00,CAL,California,D,Demand,32989,megawatthours
2026-06-29 04:00:00+00:00,CAL,California,D,Demand,33355,megawatthours
2026-06-29 05:00:00+00:00,CAL,California,D,Demand,33217,megawatthours
2026-06-29 06:00:00+00:00,CAL,California,D,Demand,31643,megawatthours
2026-06-29 07:00:00+00:00,CAL,California,D,Demand,29576,megawatthours
2026-06-29 08:00:00+00:00,CAL,California,D,Demand,29074,megawatthours
2026-06-29 09:00:00+00:00,CAL,California,D,Demand,27598,megawatthours
2026-06-29 10:00:00+00:00,CAL,California,D,Demand,26710,megawatthours
2026-06-29 11:00:00+00:00,CAL,California,D,Demand,26121,megawatthours
2026-06-29 12:00:00+00:00,CAL,California,D,Demand,26205,megawatthours
2026-06-29 13:00:00+00:00,CAL,California,D,Demand,27341,megawatthours
2026-06-29 14:00:00+00:00,CAL,California,D,Demand,28882,megawatthours
2026-06-29 15:00:00+00:00,CAL,California,D,Demand,32461,megawatthours
2026-06-29 16:00:00+00:00,CAL,California,D,Demand,34668,megawatthours
2026-06-29 17:00:00+00:00,CAL,California,D,Demand,35496,megawatthours
2026-06-29 18:00:00+00:00,CAL,California,D,Demand,35310,megawatthours
2026-06-29 19:00:00+00:00,CAL,California,D,Demand,35407,megawatthours
2026-06-29 20:00:00+00:00,CAL,California,D,Demand,34763,megawatthours
2026-06-29 21:00:00+00:00,CAL,California,D,Demand,34860,megawatthours
2026-06-29 22:00:00+00:00,CAL,California,D,Demand,34086,megawatthours
2026-06-29 23:00:00+00:00,CAL,California,D,Demand,34317,megawatthours
2026-06-30 00:00:00+00:00,CAL,California,D,Demand,35516,megawatthours
2026-06-30 01:00:00+00:00,CAL,California,D,Demand,37386,megawatthours
2026-06-30 02:00:00+00:00,CAL,California,D,Demand,37426,megawatthours
2026-06-30 03:00:00+00:00,CAL,California,D,Demand,37260,megawatthours
2026-06-30 04:00:00+00:00,CAL,California,D,Demand,37093,megawatthours
2026-06-30 05:00:00+00:00,CAL,California,D,Demand,36633,megawatthours
2026-06-30 06:00:00+00:00,CAL,California,D,Demand,34363,megawatthours
2026-06-30 07:00:00+00:00,CAL,California,D,Demand,31986,megawatthours
2026-06-30 08:00:00+00:00,CAL,California,D,Demand,30696,megawatthours
2026-06-30 09:00:00+00:00,CAL,California,D,Demand,28908,megawatthours
2026-06-30 10:00:00+00:00,CAL,California,D,Demand,27647,megawatthours
2026-06-30 11:00:00+00:00,CAL,California,D,Demand,27138,megawatthours
2026-06-30 12:00:00+00:00,CAL,California,D,Demand,27203,megawatthours
2026-06-30 13:00:00+00:00,CAL,California,D,Demand,27996,megawatthours
2026-06-30 14:00:00+00:00,CAL,California,D,Demand,29562,megawatthours
2026-06-30 15:00:00+00:00,CAL,California,D,Demand,32847,megawatthours
2026-06-30 16:00:00+00:00,CAL,California,D,Demand,34356,megawatthours
2026-06-30 17:00:00+00:00,CAL,California,D,Demand,35202,megawatthours
2026-06-30 18:00:00+00:00,CAL,California,D,Demand,35504,megawatthours
2026-06-30 19:00:00+00:00,CAL,California,D,Demand,35829,megawatthours
2026-06-30 20:00:00+00:00,CAL,California,D,Demand,35367,megawatthours
2026-06-30 21:00:00+00:00,CAL,California,D,Demand,35565,megawatthours
2026-06-30 22:00:00+00:00,CAL,California,D,Demand,36188,megawatthours
2026-06-30 23:00:00+00:00,CAL,California,D,Demand,36912,megawatthours
2026-07-01 00:00:00+00:00,CAL,California,D,Demand,36808,megawatthours
2026-07-01 01:00:00+00:00,CAL,California,D,Demand,37459,megawatthours
2026-07-01 02:00:00+00:00,CAL,California,D,Demand,37626,megawatthours
2026-07-01 03:00:00+00:00,CAL,California,D,Demand,37514,megawatthours
2026-07-01 04:00:00+00:00,CAL,California,D,Demand,37089,megawatthours
2026-07-01 05:00:00+00:00,CAL,California,D,Demand,36664,megawatthours
2026-07-01 06:00:00+00:00,CAL,California,D,Demand,34821,megawatthours
2026-07-01 07:00:00+00:00,CAL,California,D,Demand,32058,megawatthours
2026-07-01 08:00:00+00:00,CAL,California,D,Demand,30715,megawatthours
2026-07-01 09:00:00+00:00,CAL,California,D,Demand,29215,megawatthours
2026-07-01 10:00:00+00:00,CAL,California,D,Demand,28105,megawatthours
2026-07-01 11:00:00+00:00,CAL,California,D,Demand,27372,megawatthours
2026-07-01 12:00:00+00:00,CAL,California,D,Demand,27347,megawatthours
2026-07-01 13:00:00+00:00,CAL,California,D,Demand,28059,megawatthours
2026-07-01 14:00:00+00:00,CAL,California,D,Demand,29320,megawatthours
2026-07-01 15:00:00+00:00,CAL,California,D,Demand,31987,megawatthours
2026-07-01 16:00:00+00:00,CAL,California,D,Demand,33947,megawatthours
2026-07-01 17:00:00+00:00,CAL,California,D,Demand,34331,megawatthours
2026-07-01 18:00:00+00:00,CAL,California,D,Demand,34473,megawatthours
2026-07-01 19:00:00+00:00,CAL,California,D,Demand,34926,megawatthours
2026-07-01 20:00:00+00:00,CAL,California,D,Demand,34712,megawatthours
2026-07-01 21:00:00+00:00,CAL,California,D,Demand,34601,megawatthours
2026-07-01 22:00:00+00:00,CAL,California,D,Demand,34758,megawatthours
2026-07-01 23:00:00+00:00,CAL,California,D,Demand,35489,megawatthours
2026-07-02 00:00:00+00:00,CAL,California,D,Demand,35754,megawatthours
2026-07-02 01:00:00+00:00,CAL,California,D,Demand,36579,megawatthours
2026-07-02 02:00:00+00:00,CAL,California,D,Demand,37239,megawatthours
2026-07-02 03:00:00+00:00,CAL,California,D,Demand,37063,megawatthours
2026-07-02 04:00:00+00:00,CAL,California,D,Demand,37133,megawatthours
2026-07-02 05:00:00+00:00,CAL,California,D,Demand,36559,megawatthours
2026-07-02 06:00:00+00:00,CAL,California,D,Demand,34573,megawatthours
2026-07-02 07:00:00+00:00,CAL,California,D,Demand,32063,megawatthours
2026-07-02 08:00:00+00:00,CAL,California,D,Demand,30645,megawatthours
2026-07-02 09:00:00+00:00,CAL,California,D,Demand,29072,megawatthours
2026-07-02 10:00:00+00:00,CAL,California,D,Demand,27693,megawatthours
2026-07-02 11:00:00+00:00,CAL,California,D,Demand,27060,megawatthours
2026-07-02 12:00:00+00:00,CAL,California,D,Demand,27156,megawatthours
2026-07-02 13:00:00+00:00,CAL,California,D,Demand,28102,megawatthours
2026-07-02 14:00:00+00:00,CAL,California,D,Demand,29293,megawatthours
2026-07-02 15:00:00+00:00,CAL,California,D,Demand,33176,megawatthours
2026-07-02 16:00:00+00:00,CAL,California,D,Demand,34486,megawatthours
2026-07-02 17:00:00+00:00,CAL,California,D,Demand,35229,megawatthours
2026-07-02 18:00:00+00:00,CAL,California,D,Demand,34942,megawatthours
2026-07-02 19:00:00+00:00,CAL,California,D,Demand,35518,megawatthours
2026-07-02 20:00:00+00:00,CAL,California,D,Demand,34894,megawatthours
2026-07-02 21:00:00+00:00,CAL,California,D,Demand,34440,megawatthours
2026-07-02 22:00:00+00:00,CAL,California,D,Demand,34184,megawatthours
2026-07-02 23:00:00+00:00,CAL,California,D,Demand,36300,megawatthours
2026-07-03 00:00:00+00:00,CAL,California,D,Demand,35859,megawatthours
2026-07-03 01:00:00+00:00,CAL,California,D,Demand,37620,megawatthours
2026-07-03 02:00:00+00:00,CAL,California,D,Demand,38237,megawatthours
2026-07-03 03:00:00+00:00,CAL,California,D,Demand,38414,megawatthours
2026-07-03 04:00:00+00:00,CAL,California,D,Demand,38176,megawatthours
2026-07-03 05:00:00+00:00,CAL,California,D,Demand,37332,megawatthours
2026-07-03 06:00:00+00:00,CAL,California,D,Demand,35039,megawatthours
2026-07-03 07:00:00+00:00,CAL,California,D,Demand,32434,megawatthours
2026-07-03 08:00:00+00:00,CAL,California,D,Demand,30910,megawatthours
2026-07-03 09:00:00+00:00,CAL,California,D,Demand,29094,megawatthours
2026-07-03 10:00:00+00:00,CAL,California,D,Demand,27768,megawatthours
2026-07-03 11:00:00+00:00,CAL,California,D,Demand,26895,megawatthours
2026-07-03 12:00:00+00:00,CAL,California,D,Demand,26576,megawatthours
2026-07-03 13:00:00+00:00,CAL,California,D,Demand,26952,megawatthours
2026-07-03 14:00:00+00:00,CAL,California,D,Demand,27144,megawatthours
2026-07-03 15:00:00+00:00,CAL,California,D,Demand,30799,megawatthours
2026-07-03 16:00:00+00:00,CAL,California,D,Demand,33683,megawatthours
2026-07-03 17:00:00+00:00,CAL,California,D,Demand,33840,megawatthours
2026-07-03 18:00:00+00:00,CAL,California,D,Demand,33633,megawatthours
2026-07-03 19:00:00+00:00,CAL,California,D,Demand,32926,megawatthours
2026-07-03 20:00:00+00:00,CAL,California,D,Demand,33098,megawatthours
2026-07-03 21:00:00+00:00,CAL,California,D,Demand,32972,megawatthours
2026-07-03 22:00:00+00:00,CAL,California,D,Demand,34519,megawatthours
2026-07-03 23:00:00+00:00,CAL,California,D,Demand,35098,megawatthours
2026-07-04 00:00:00+00:00,CAL,California,D,Demand,37026,megawatthours
2026-07-04 01:00:00+00:00,CAL,California,D,Demand,38409,megawatthours
2026-07-04 02:00:00+00:00,CAL,California,D,Demand,39243,megawatthours
2026-07-04 03:00:00+00:00,CAL,California,D,Demand,39476,megawatthours
2026-07-04 04:00:00+00:00,CAL,California,D,Demand,38716,megawatthours
2026-07-04 05:00:00+00:00,CAL,California,D,Demand,37608,megawatthours
2026-07-04 06:00:00+00:00,CAL,California,D,Demand,35606,megawatthours
2026-07-04 07:00:00+00:00,CAL,California,D,Demand,33091,megawatthours
2026-07-04 08:00:00+00:00,CAL,California,D,Demand,31509,megawatthours
2026-07-04 09:00:00+00:00,CAL,California,D,Demand,29522,megawatthours
2026-07-04 10:00:00+00:00,CAL,California,D,Demand,28076,megawatthours
2026-07-04 11:00:00+00:00,CAL,California,D,Demand,27062,megawatthours
2026-07-04 12:00:00+00:00,CAL,California,D,Demand,26550,megawatthours
2026-07-04 13:00:00+00:00,CAL,California,D,Demand,26565,megawatthours
2026-07-04 14:00:00+00:00,CAL,California,D,Demand,26847,megawatthours
2026-07-04 15:00:00+00:00,CAL,California,D,Demand,30522,megawatthours
2026-07-04 16:00:00+00:00,CAL,California,D,Demand,33950,megawatthours
2026-07-04 17:00:00+00:00,CAL,California,D,Demand,34398,megawatthours
2026-07-04 18:00:00+00:00,CAL,California,D,Demand,34913,megawatthours
2026-07-04 19:00:00+00:00,CAL,California,D,Demand,34877,megawatthours
2026-07-04 20:00:00+00:00,CAL,California,D,Demand,33312,megawatthours
2026-07-04 21:00:00+00:00,CAL,California,D,Demand,32706,megawatthours
2026-07-04 22:00:00+00:00,CAL,California,D,Demand,33184,megawatthours
2026-07-04 23:00:00+00:00,CAL,California,D,Demand,34951,megawatthours
2026-07-05 00:00:00+00:00,CAL,California,D,Demand,35803,megawatthours
2026-07-05 01:00:00+00:00,CAL,California,D,Demand,37288,megawatthours
2026-07-05 02:00:00+00:00,CAL,California,D,Demand,38413,megawatthours
2026-07-05 03:00:00+00:00,CAL,California,D,Demand,38192,megawatthours
2026-07-05 04:00:00+00:00,CAL,California,D,Demand,37182,megawatthours
2026-07-05 05:00:00+00:00,CAL,California,D,Demand,35853,megawatthours
2026-07-05 06:00:00+00:00,CAL,California,D,Demand,34731,megawatthours
2026-07-05 07:00:00+00:00,CAL,California,D,Demand,33112,megawatthours
2026-07-05 08:00:00+00:00,CAL,California,D,Demand,31288,megawatthours
2026-07-05 09:00:00+00:00,CAL,California,D,Demand,29616,megawatthours
2026-07-05 10:00:00+00:00,CAL,California,D,Demand,27975,megawatthours
2026-07-05 11:00:00+00:00,CAL,California,D,Demand,26895,megawatthours
2026-07-05 12:00:00+00:00,CAL,California,D,Demand,26409,megawatthours
2026-07-05 13:00:00+00:00,CAL,California,D,Demand,26338,megawatthours
2026-07-05 14:00:00+00:00,CAL,California,D,Demand,26122,megawatthours
2026-07-05 15:00:00+00:00,CAL,California,D,Demand,27968,megawatthours
2026-07-05 16:00:00+00:00,CAL,California,D,Demand,31504,megawatthours
2026-07-05 17:00:00+00:00,CAL,California,D,Demand,32162,megawatthours
2026-07-05 18:00:00+00:00,CAL,California,D,Demand,32581,megawatthours
2026-07-05 19:00:00+00:00,CAL,California,D,Demand,33139,megawatthours
2026-07-05 20:00:00+00:00,CAL,California,D,Demand,33427,megawatthours
2026-07-05 21:00:00+00:00,CAL,California,D,Demand,33966,megawatthours
2026-07-05 22:00:00+00:00,CAL,California,D,Demand,34010,megawatthours
2026-07-05 23:00:00+00:00,CAL,California,D,Demand,34961,megawatthours
2026-07-06 00:00:00+00:00,CAL,California,D,Demand,36427,megawatthours
2026-07-06 01:00:00+00:00,CAL,California,D,Demand,38181,megawatthours
2026-07-06 02:00:00+00:00,CAL,California,D,Demand,38932,megawatthours
2026-07-06 03:00:00+00:00,CAL,California,D,Demand,38515,megawatthours
2026-07-06 04:00:00+00:00,CAL,California,D,Demand,37676,megawatthours
2026-07-06 05:00:00+00:00,CAL,California,D,Demand,37026,megawatthours
2026-07-06 06:00:00+00:00,CAL,California,D,Demand,34652,megawatthours
2026-07-06 07:00:00+00:00,CAL,California,D,Demand,32279,megawatthours
2026-07-06 08:00:00+00:00,CAL,California,D,Demand,31035,megawatthours
2026-07-06 09:00:00+00:00,CAL,California,D,Demand,29175,megawatthours
2026-07-06 10:00:00+00:00,CAL,California,D,Demand,27926,megawatthours
2026-07-06 11:00:00+00:00,CAL,California,D,Demand,27078,megawatthours
2026-07-06 12:00:00+00:00,CAL,California,D,Demand,27069,megawatthours
2026-07-06 13:00:00+00:00,CAL,California,D,Demand,28017,megawatthours
2026-07-06 14:00:00+00:00,CAL,California,D,Demand,29509,megawatthours
2026-07-06 15:00:00+00:00,CAL,California,D,Demand,33143,megawatthours
2026-07-06 16:00:00+00:00,CAL,California,D,Demand,37051,megawatthours
2026-07-06 17:00:00+00:00,CAL,California,D,Demand,37763,megawatthours
2026-07-06 18:00:00+00:00,CAL,California,D,Demand,38319,megawatthours
2026-07-06 19:00:00+00:00,CAL,California,D,Demand,38104,megawatthours
2026-07-06 20:00:00+00:00,CAL,California,D,Demand,37717,megawatthours
2026-07-06 21:00:00+00:00,CAL,California,D,Demand,37385,megawatthours
2026-07-06 22:00:00+00:00,CAL,California,D,Demand,38498,megawatthours
2026-07-06 23:00:00+00:00,CAL,California,D,Demand,40246,megawatthours
2026-07-07 00:00:00+00:00,CAL,California,D,Demand,41906,megawatthours
2026-07-07 01:00:00+00:00,CAL,California,D,Demand,43177,megawatthours
2026-07-07 02:00:00+00:00,CAL,California,D,Demand,43517,megawatthours
2026-07-07 03:00:00+00:00,CAL,California,D,Demand,42684,megawatthours
2026-07-07 04:00:00+00:00,CAL,California,D,Demand,41620,megawatthours
2026-07-07 05:00:00+00:00,CAL,California,D,Demand,40293,megawatthours
2026-07-07 06:00:00+00:00,CAL,California,D,Demand,37546,megawatthours
2026-07-07 07:00:00+00:00,CAL,California,D,Demand,34468,megawatthours
2026-07-07 08:00:00+00:00,CAL,California,D,Demand,32526,megawatthours
2026-07-07 09:00:00+00:00,CAL,California,D,Demand,30374,megawatthours
2026-07-07 10:00:00+00:00,CAL,California,D,Demand,28828,megawatthours
2026-07-07 11:00:00+00:00,CAL,California,D,Demand,27813,megawatthours
2026-07-07 12:00:00+00:00,CAL,California,D,Demand,27916,megawatthours
2026-07-07 13:00:00+00:00,CAL,California,D,Demand,28728,megawatthours
2026-07-07 14:00:00+00:00,CAL,California,D,Demand,29917,megawatthours
2026-07-07 15:00:00+00:00,CAL,California,D,Demand,33760,megawatthours
2026-07-07 16:00:00+00:00,CAL,California,D,Demand,37538,megawatthours
2026-07-07 17:00:00+00:00,CAL,California,D,Demand,37673,megawatthours
2026-07-07 18:00:00+00:00,CAL,California,D,Demand,38241,megawatthours
2026-07-07 19:00:00+00:00,CAL,California,D,Demand,37991,megawatthours
2026-07-07 20:00:00+00:00,CAL,California,D,Demand,37217,megawatthours
2026-07-07 21:00:00+00:00,CAL,California,D,Demand,37988,megawatthours
2026-07-07 22:00:00+00:00,CAL,California,D,Demand,39319,megawatthours
2026-07-07 23:00:00+00:00,CAL,California,D,Demand,40060,megawatthours
2026-07-08 00:00:00+00:00,CAL,California,D,Demand,41181,megawatthours
2026-07-08 01:00:00+00:00,CAL,California,D,Demand,42778,megawatthours
2026-07-08 02:00:00+00:00,CAL,California,D,Demand,43333,megawatthours
2026-07-08 03:00:00+00:00,CAL,California,D,Demand,42879,megawatthours
2026-07-08 04:00:00+00:00,CAL,California,D,Demand,41734,megawatthours
2026-07-08 05:00:00+00:00,CAL,California,D,Demand,40499,megawatthours
2026-07-08 06:00:00+00:00,CAL,California,D,Demand,37762,megawatthours
2026-07-08 07:00:00+00:00,CAL,California,D,Demand,34652,megawatthours
2026-07-08 08:00:00+00:00,CAL,California,D,Demand,32875,megawatthours
2026-07-08 09:00:00+00:00,CAL,California,D,Demand,31048,megawatthours
2026-07-08 10:00:00+00:00,CAL,California,D,Demand,30137,megawatthours
2026-07-08 11:00:00+00:00,CAL,California,D,Demand,29367,megawatthours
2026-07-08 12:00:00+00:00,CAL,California,D,Demand,28780,megawatthours
2026-07-08 13:00:00+00:00,CAL,California,D,Demand,29252,megawatthours
2026-07-08 14:00:00+00:00,CAL,California,D,Demand,31175,megawatthours
2026-07-08 15:00:00+00:00,CAL,California,D,Demand,35022,megawatthours
2026-07-08 16:00:00+00:00,CAL,California,D,Demand,38165,megawatthours
2026-07-08 17:00:00+00:00,CAL,California,D,Demand,38673,megawatthours
2026-07-08 18:00:00+00:00,CAL,California,D,Demand,38212,megawatthours
2026-07-08 19:00:00+00:00,CAL,California,D,Demand,37586,megawatthours
2026-07-08 20:00:00+00:00,CAL,California,D,Demand,36856,megawatthours
2026-07-08 21:00:00+00:00,CAL,California,D,Demand,36652,megawatthours
2026-07-08 22:00:00+00:00,CAL,California,D,Demand,38050,megawatthours
2026-07-08 23:00:00+00:00,CAL,California,D,Demand,40145,megawatthours
2026-07-09 00:00:00+00:00,CAL,California,D,Demand,41670,megawatthours
2026-07-09 01:00:00+00:00,CAL,California,D,Demand,43551,megawatthours
2026-07-09 02:00:00+00:00,CAL,California,D,Demand,44367,megawatthours
2026-07-09 03:00:00+00:00,CAL,California,D,Demand,43585,megawatthours
2026-07-09 04:00:00+00:00,CAL,California,D,Demand,42523,megawatthours
2026-07-09 05:00:00+00:00,CAL,California,D,Demand,41511,megawatthours
2026-07-09 06:00:00+00:00,CAL,California,D,Demand,38556,megawatthours
2026-07-09 07:00:00+00:00,CAL,California,D,Demand,35458,megawatthours
2026-07-09 08:00:00+00:00,CAL,California,D,Demand,33406,megawatthours
2026-07-09 09:00:00+00:00,CAL,California,D,Demand,31255,megawatthours
2026-07-09 10:00:00+00:00,CAL,California,D,Demand,29647,megawatthours
2026-07-09 11:00:00+00:00,CAL,California,D,Demand,28820,megawatthours
2026-07-09 12:00:00+00:00,CAL,California,D,Demand,28552,megawatthours
2026-07-09 13:00:00+00:00,CAL,California,D,Demand,29112,megawatthours
2026-07-09 14:00:00+00:00,CAL,California,D,Demand,30707,megawatthours
2026-07-09 15:00:00+00:00,CAL,California,D,Demand,35726,megawatthours
2026-07-09 16:00:00+00:00,CAL,California,D,Demand,39502,megawatthours
2026-07-09 17:00:00+00:00,CAL,California,D,Demand,40138,megawatthours
2026-07-09 18:00:00+00:00,CAL,California,D,Demand,39063,megawatthours
2026-07-09 19:00:00+00:00,CAL,California,D,Demand,38742,megawatthours
2026-07-09 20:00:00+00:00,CAL,California,D,Demand,39275,megawatthours
2026-07-09 21:00:00+00:00,CAL,California,D,Demand,39019,megawatthours
2026-07-09 22:00:00+00:00,CAL,California,D,Demand,40216,megawatthours
2026-07-09 23:00:00+00:00,CAL,California,D,Demand,41636,megawatthours
2026-07-10 00:00:00+00:00,CAL,California,D,Demand,44215,megawatthours
2026-07-10 01:00:00+00:00,CAL,California,D,Demand,46034,megawatthours
2026-07-10 02:00:00+00:00,CAL,California,D,Demand,46148,megawatthours
2026-07-10 03:00:00+00:00,CAL,California,D,Demand,45144,megawatthours
2026-07-10 04:00:00+00:00,CAL,California,D,Demand,43954,megawatthours
2026-07-10 05:00:00+00:00,CAL,California,D,Demand,42663,megawatthours
2026-07-10 06:00:00+00:00,CAL,California,D,Demand,39628,megawatthours
2026-07-10 07:00:00+00:00,CAL,California,D,Demand,36353,megawatthours
2026-07-10 08:00:00+00:00,CAL,California,D,Demand,34277,megawatthours
2026-07-10 09:00:00+00:00,CAL,California,D,Demand,32054,megawatthours
2026-07-10 10:00:00+00:00,CAL,California,D,Demand,30250,megawatthours
2026-07-10 11:00:00+00:00,CAL,California,D,Demand,29231,megawatthours
2026-07-10 12:00:00+00:00,CAL,California,D,Demand,29149,megawatthours
2026-07-10 13:00:00+00:00,CAL,California,D,Demand,29946,megawatthours
2026-07-10 14:00:00+00:00,CAL,California,D,Demand,31081,megawatthours
2026-07-10 15:00:00+00:00,CAL,California,D,Demand,35184,megawatthours
2026-07-10 16:00:00+00:00,CAL,California,D,Demand,38494,megawatthours
2026-07-10 17:00:00+00:00,CAL,California,D,Demand,39442,megawatthours
2026-07-10 18:00:00+00:00,CAL,California,D,Demand,39752,megawatthours
2026-07-10 19:00:00+00:00,CAL,California,D,Demand,39294,megawatthours
2026-07-10 20:00:00+00:00,CAL,California,D,Demand,40027,megawatthours
2026-07-10 21:00:00+00:00,CAL,California,D,Demand,39676,megawatthours
2026-07-10 22:00:00+00:00,CAL,California,D,Demand,40880,megawatthours
2026-07-10 23:00:00+00:00,CAL,California,D,Demand,41380,megawatthours
2026-07-11 00:00:00+00:00,CAL,California,D,Demand,43025,megawatthours
2026-07-11 01:00:00+00:00,CAL,California,D,Demand,43993,megawatthours
2026-07-11 02:00:00+00:00,CAL,California,D,Demand,44386,megawatthours
2026-07-11 03:00:00+00:00,CAL,California,D,Demand,43852,megawatthours
2026-07-11 04:00:00+00:00,CAL,California,D,Demand,42598,megawatthours
2026-07-11 05:00:00+00:00,CAL,California,D,Demand,41341,megawatthours
2026-07-11 06:00:00+00:00,CAL,California,D,Demand,38728,megawatthours
2026-07-11 07:00:00+00:00,CAL,California,D,Demand,35654,megawatthours
2026-07-11 08:00:00+00:00,CAL,California,D,Demand,33943,megawatthours
2026-07-11 09:00:00+00:00,CAL,California,D,Demand,31875,megawatthours
2026-07-11 10:00:00+00:00,CAL,California,D,Demand,30187,megawatthours
2026-07-11 11:00:00+00:00,CAL,California,D,Demand,28956,megawatthours
2026-07-11 12:00:00+00:00,CAL,California,D,Demand,28236,megawatthours
2026-07-11 13:00:00+00:00,CAL,California,D,Demand,28394,megawatthours
2026-07-11 14:00:00+00:00,CAL,California,D,Demand,29012,megawatthours
2026-07-11 15:00:00+00:00,CAL,California,D,Demand,32954,megawatthours
2026-07-11 16:00:00+00:00,CAL,California,D,Demand,35887,megawatthours
2026-07-11 17:00:00+00:00,CAL,California,D,Demand,36652,megawatthours
2026-07-11 18:00:00+00:00,CAL,California,D,Demand,36604,megawatthours
2026-07-11 19:00:00+00:00,CAL,California,D,Demand,35693,megawatthours
2026-07-11 20:00:00+00:00,CAL,California,D,Demand,35860,megawatthours
2026-07-11 21:00:00+00:00,CAL,California,D,Demand,35834,megawatthours
2026-07-11 22:00:00+00:00,CAL,California,D,Demand,37231,megawatthours
2026-07-11 23:00:00+00:00,CAL,California,D,Demand,39062,megawatthours
2026-07-12 00:00:00+00:00,CAL,California,D,Demand,40789,megawatthours
2026-07-12 01:00:00+00:00,CAL,California,D,Demand,41739,megawatthours
2026-07-12 02:00:00+00:00,CAL,California,D,Demand,41516,megawatthours
2026-07-12 03:00:00+00:00,CAL,California,D,Demand,40730,megawatthours
2026-07-12 04:00:00+00:00,CAL,California,D,Demand,39977,megawatthours
2026-07-12 05:00:00+00:00,CAL,California,D,Demand,39302,megawatthours
2026-07-12 06:00:00+00:00,CAL,California,D,Demand,37045,megawatthours
2026-07-12 07:00:00+00:00,CAL,California,D,Demand,34736,megawatthours
2026-07-12 08:00:00+00:00,CAL,California,D,Demand,32938,megawatthours
2026-07-12 09:00:00+00:00,CAL,California,D,Demand,31150,megawatthours
2026-07-12 10:00:00+00:00,CAL,California,D,Demand,29420,megawatthours
2026-07-12 11:00:00+00:00,CAL,California,D,Demand,28496,megawatthours
2026-07-12 12:00:00+00:00,CAL,California,D,Demand,28007,megawatthours
2026-07-12 13:00:00+00:00,CAL,California,D,Demand,27879,megawatthours
2026-07-12 14:00:00+00:00,CAL,California,D,Demand,28583,megawatthours
2026-07-12 15:00:00+00:00,CAL,California,D,Demand,30653,megawatthours
2026-07-12 16:00:00+00:00,CAL,California,D,Demand,31930,megawatthours
2026-07-12 17:00:00+00:00,CAL,California,D,Demand,33132,megawatthours
2026-07-12 18:00:00+00:00,CAL,California,D,Demand,35665,megawatthours
2026-07-12 19:00:00+00:00,CAL,California,D,Demand,37058,megawatthours
2026-07-12 20:00:00+00:00,CAL,California,D,Demand,37192,megawatthours
2026-07-12 21:00:00+00:00,CAL,California,D,Demand,37894,megawatthours
2026-07-12 22:00:00+00:00,CAL,California,D,Demand,38093,megawatthours
2026-07-12 23:00:00+00:00,CAL,California,D,Demand,38232,megawatthours
2026-07-13 00:00:00+00:00,CAL,California,D,Demand,38306,megawatthours
2026-07-13 01:00:00+00:00,CAL,California,D,Demand,39292,megawatthours
2026-07-13 02:00:00+00:00,CAL,California,D,Demand,40068,megawatthours
2026-07-13 03:00:00+00:00,CAL,California,D,Demand,40202,megawatthours
2026-07-13 04:00:00+00:00,CAL,California,D,Demand,40064,megawatthours
2026-07-13 05:00:00+00:00,CAL,California,D,Demand,39739,megawatthours
2026-07-13 06:00:00+00:00,CAL,California,D,Demand,37609,megawatthours
2026-07-13 07:00:00+00:00,CAL,California,D,Demand,35040,megawatthours
2026-07-13 08:00:00+00:00,CAL,California,D,Demand,33332,megawatthours
2026-07-13 09:00:00+00:00,CAL,California,D,Demand,31750,megawatthours
2026-07-13 10:00:00+00:00,CAL,California,D,Demand,30509,megawatthours
2026-07-13 11:00:00+00:00,CAL,California,D,Demand,30183,megawatthours
2026-07-13 12:00:00+00:00,CAL,California,D,Demand,29988,megawatthours
2026-07-13 13:00:00+00:00,CAL,California,D,Demand,30744,megawatthours
2026-07-13 14:00:00+00:00,CAL,California,D,Demand,32371,megawatthours
2026-07-13 15:00:00+00:00,CAL,California,D,Demand,34337,megawatthours
2026-07-13 16:00:00+00:00,CAL,California,D,Demand,35869,megawatthours
2026-07-13 17:00:00+00:00,CAL,California,D,Demand,39181,megawatthours
2026-07-13 18:00:00+00:00,CAL,California,D,Demand,40449,megawatthours
2026-07-13 19:00:00+00:00,CAL,California,D,Demand,41588,megawatthours
2026-07-13 20:00:00+00:00,CAL,California,D,Demand,42976,megawatthours
2026-07-13 21:00:00+00:00,CAL,California,D,Demand,44946,megawatthours
2026-07-13 22:00:00+00:00,CAL,California,D,Demand,46193,megawatthours
2026-07-13 23:00:00+00:00,CAL,California,D,Demand,46729,megawatthours
2026-07-14 00:00:00+00:00,CAL,California,D,Demand,46050,megawatthours
2026-07-14 01:00:00+00:00,CAL,California,D,Demand,46332,megawatthours
2026-07-14 02:00:00+00:00,CAL,California,D,Demand,46244,megawatthours
2026-07-14 03:00:00+00:00,CAL,California,D,Demand,45507,megawatthours
2026-07-14 04:00:00+00:00,CAL,California,D,Demand,44318,megawatthours
2026-07-14 05:00:00+00:00,CAL,California,D,Demand,43442,megawatthours
2026-07-14 06:00:00+00:00,CAL,California,D,Demand,40588,megawatthours
2026-07-14 07:00:00+00:00,CAL,California,D,Demand,37679,megawatthours
2026-07-14 08:00:00+00:00,CAL,California,D,Demand,36083,megawatthours
2026-07-14 09:00:00+00:00,CAL,California,D,Demand,34123,megawatthours
2026-07-14 10:00:00+00:00,CAL,California,D,Demand,32358,megawatthours
2026-07-14 11:00:00+00:00,CAL,California,D,Demand,31277,megawatthours
2026-07-14 12:00:00+00:00,CAL,California,D,Demand,31048,megawatthours
2026-07-14 13:00:00+00:00,CAL,California,D,Demand,31755,megawatthours
2026-07-14 14:00:00+00:00,CAL,California,D,Demand,33251,megawatthours
2026-07-14 15:00:00+00:00,CAL,California,D,Demand,37051,megawatthours
2026-07-14 16:00:00+00:00,CAL,California,D,Demand,40480,megawatthours
2026-07-14 17:00:00+00:00,CAL,California,D,Demand,41958,megawatthours
2026-07-14 18:00:00+00:00,CAL,California,D,Demand,44306,megawatthours
2026-07-14 19:00:00+00:00,CAL,California,D,Demand,45746,megawatthours
2026-07-14 20:00:00+00:00,CAL,California,D,Demand,46690,megawatthours
2026-07-14 21:00:00+00:00,CAL,California,D,Demand,47430,megawatthours
2026-07-14 22:00:00+00:00,CAL,California,D,Demand,48878,megawatthours
2026-07-14 23:00:00+00:00,CAL,California,D,Demand,50231,megawatthours
2026-07-15 00:00:00+00:00,CAL,California,D,Demand,51428,megawatthours
2026-07-15 01:00:00+00:00,CAL,California,D,Demand,52638,megawatthours
2026-07-15 02:00:00+00:00,CAL,California,D,Demand,52870,megawatthours
2026-07-15 03:00:00+00:00,CAL,California,D,Demand,51920,megawatthours
2026-07-15 04:00:00+00:00,CAL,California,D,Demand,49863,megawatthours
2026-07-15 05:00:00+00:00,CAL,California,D,Demand,48103,megawatthours
2026-07-15 06:00:00+00:00,CAL,California,D,Demand,44545,megawatthours
2026-07-15 07:00:00+00:00,CAL,California,D,Demand,40716,megawatthours
2026-07-15 08:00:00+00:00,CAL,California,D,Demand,38212,megawatthours
2026-07-15 09:00:00+00:00,CAL,California,D,Demand,35848,megawatthours
2026-07-15 10:00:00+00:00,CAL,California,D,Demand,34263,megawatthours
2026-07-15 11:00:00+00:00,CAL,California,D,Demand,33270,megawatthours
2026-07-15 12:00:00+00:00,CAL,California,D,Demand,32709,megawatthours
2026-07-15 13:00:00+00:00,CAL,California,D,Demand,32847,megawatthours
2026-07-15 14:00:00+00:00,CAL,California,D,Demand,34050,megawatthours
2026-07-15 15:00:00+00:00,CAL,California,D,Demand,39381,megawatthours
2026-07-15 16:00:00+00:00,CAL,California,D,Demand,43787,megawatthours
2026-07-15 17:00:00+00:00,CAL,California,D,Demand,45064,megawatthours
2026-07-15 18:00:00+00:00,CAL,California,D,Demand,44930,megawatthours
2026-07-15 19:00:00+00:00,CAL,California,D,Demand,45651,megawatthours
2026-07-15 20:00:00+00:00,CAL,California,D,Demand,47401,megawatthours
2026-07-15 21:00:00+00:00,CAL,California,D,Demand,49036,megawatthours
2026-07-15 22:00:00+00:00,CAL,California,D,Demand,50799,megawatthours
2026-07-15 23:00:00+00:00,CAL,California,D,Demand,52410,megawatthours
2026-07-16 00:00:00+00:00,CAL,California,D,Demand,53302,megawatthours
2026-07-16 01:00:00+00:00,CAL,California,D,Demand,53883,megawatthours
2026-07-16 02:00:00+00:00,CAL,California,D,Demand,54147,megawatthours
2026-07-16 03:00:00+00:00,CAL,California,D,Demand,53115,megawatthours
2026-07-16 04:00:00+00:00,CAL,California,D,Demand,50934,megawatthours
2026-07-16 05:00:00+00:00,CAL,California,D,Demand,48749,megawatthours
2026-07-16 06:00:00+00:00,CAL,California,D,Demand,45097,megawatthours
2026-07-16 07:00:00+00:00,CAL,California,D,Demand,41254,megawatthours
2026-07-16 08:00:00+00:00,CAL,California,D,Demand,38493,megawatthours
2026-07-16 09:00:00+00:00,CAL,California,D,Demand,35705,megawatthours
2026-07-16 10:00:00+00:00,CAL,California,D,Demand,33913,megawatthours
2026-07-16 11:00:00+00:00,CAL,California,D,Demand,32572,megawatthours
2026-07-16 12:00:00+00:00,CAL,California,D,Demand,31894,megawatthours
2026-07-16 13:00:00+00:00,CAL,California,D,Demand,32242,megawatthours
2026-07-16 14:00:00+00:00,CAL,California,D,Demand,33721,megawatthours
2026-07-16 15:00:00+00:00,CAL,California,D,Demand,37048,megawatthours
2026-07-16 16:00:00+00:00,CAL,California,D,Demand,39696,megawatthours
2026-07-16 17:00:00+00:00,CAL,California,D,Demand,41105,megawatthours
2026-07-16 18:00:00+00:00,CAL,California,D,Demand,42098,megawatthours
2026-07-16 19:00:00+00:00,CAL,California,D,Demand,41767,megawatthours
2026-07-16 20:00:00+00:00,CAL,California,D,Demand,43388,megawatthours
2026-07-16 21:00:00+00:00,CAL,California,D,Demand,44721,megawatthours
2026-07-16 22:00:00+00:00,CAL,California,D,Demand,45447,megawatthours
2026-07-16 23:00:00+00:00,CAL,California,D,Demand,49059,megawatthours
2026-07-17 00:00:00+00:00,CAL,California,D,Demand,49083,megawatthours
2026-07-17 01:00:00+00:00,CAL,California,D,Demand,50284,megawatthours
2026-07-17 02:00:00+00:00,CAL,California,D,Demand,49880,megawatthours
2026-07-17 03:00:00+00:00,CAL,California,D,Demand,48573,megawatthours
2026-07-17 04:00:00+00:00,CAL,California,D,Demand,46973,megawatthours
2026-07-17 05:00:00+00:00,CAL,California,D,Demand,45242,megawatthours
2026-07-17 06:00:00+00:00,CAL,California,D,Demand,42182,megawatthours
2026-07-17 07:00:00+00:00,CAL,California,D,Demand,38771,megawatthours
2026-07-17 08:00:00+00:00,CAL,California,D,Demand,36440,megawatthours
2026-07-17 09:00:00+00:00,CAL,California,D,Demand,33949,megawatthours
2026-07-17 10:00:00+00:00,CAL,California,D,Demand,32111,megawatthours
2026-07-17 11:00:00+00:00,CAL,California,D,Demand,31142,megawatthours
2026-07-17 12:00:00+00:00,CAL,California,D,Demand,30941,megawatthours
2026-07-17 13:00:00+00:00,CAL,California,D,Demand,31500,megawatthours
2026-07-17 14:00:00+00:00,CAL,California,D,Demand,32223,megawatthours
2026-07-17 15:00:00+00:00,CAL,California,D,Demand,34788,megawatthours
2026-07-17 16:00:00+00:00,CAL,California,D,Demand,38142,megawatthours
2026-07-17 17:00:00+00:00,CAL,California,D,Demand,40394,megawatthours
2026-07-17 18:00:00+00:00,CAL,California,D,Demand,41461,megawatthours
2026-07-17 19:00:00+00:00,CAL,California,D,Demand,41850,megawatthours
2026-07-17 20:00:00+00:00,CAL,California,D,Demand,42151,megawatthours
2026-07-17 21:00:00+00:00,CAL,California,D,Demand,43460,megawatthours
2026-07-17 22:00:00+00:00,CAL,California,D,Demand,43490,megawatthours
2026-07-17 23:00:00+00:00,CAL,California,D,Demand,44871,megawatthours
2026-07-18 00:00:00+00:00,CAL,California,D,Demand,46000,megawatthours
2026-07-18 01:00:00+00:00,CAL,California,D,Demand,46445,megawatthours
2026-07-18 02:00:00+00:00,CAL,California,D,Demand,46606,megawatthours
2026-07-18 03:00:00+00:00,CAL,California,D,Demand,45644,megawatthours
2026-07-18 04:00:00+00:00,CAL,California,D,Demand,44311,megawatthours
2026-07-18 05:00:00+00:00,CAL,California,D,Demand,42939,megawatthours
2026-07-18 06:00:00+00:00,CAL,California,D,Demand,40312,megawatthours
2026-07-18 07:00:00+00:00,CAL,California,D,Demand,37584,megawatthours
2026-07-18 08:00:00+00:00,CAL,California,D,Demand,35558,megawatthours
2026-07-18 09:00:00+00:00,CAL,California,D,Demand,33609,megawatthours
2026-07-18 10:00:00+00:00,CAL,California,D,Demand,31924,megawatthours
2026-07-18 11:00:00+00:00,CAL,California,D,Demand,30683,megawatthours
2026-07-18 12:00:00+00:00,CAL,California,D,Demand,30231,megawatthours
2026-07-18 13:00:00+00:00,CAL,California,D,Demand,30107,megawatthours
2026-07-18 14:00:00+00:00,CAL,California,D,Demand,30311,megawatthours
2026-07-18 15:00:00+00:00,CAL,California,D,Demand,34003,megawatthours
2026-07-18 16:00:00+00:00,CAL,California,D,Demand,38342,megawatthours
2026-07-18 17:00:00+00:00,CAL,California,D,Demand,39331,megawatthours
2026-07-18 18:00:00+00:00,CAL,California,D,Demand,39266,megawatthours
2026-07-18 19:00:00+00:00,CAL,California,D,Demand,38848,megawatthours
2026-07-18 20:00:00+00:00,CAL,California,D,Demand,39149,megawatthours
2026-07-18 21:00:00+00:00,CAL,California,D,Demand,39335,megawatthours
2026-07-18 22:00:00+00:00,CAL,California,D,Demand,40281,megawatthours
2026-07-18 23:00:00+00:00,CAL,California,D,Demand,41723,megawatthours
2026-07-19 00:00:00+00:00,CAL,California,D,Demand,42299,megawatthours
2026-07-19 01:00:00+00:00,CAL,California,D,Demand,43934,megawatthours
2026-07-19 02:00:00+00:00,CAL,California,D,Demand,44852,megawatthours
2026-07-19 03:00:00+00:00,CAL,California,D,Demand,44309,megawatthours
2026-07-19 04:00:00+00:00,CAL,California,D,Demand,43179,megawatthours
2026-07-19 05:00:00+00:00,CAL,California,D,Demand,41934,megawatthours
2026-07-19 06:00:00+00:00,CAL,California,D,Demand,39389,megawatthours
2026-07-19 07:00:00+00:00,CAL,California,D,Demand,36533,megawatthours
2026-07-19 08:00:00+00:00,CAL,California,D,Demand,34526,megawatthours
2026-07-19 09:00:00+00:00,CAL,California,D,Demand,32593,megawatthours
2026-07-19 10:00:00+00:00,CAL,California,D,Demand,30817,megawatthours
2026-07-19 11:00:00+00:00,CAL,California,D,Demand,29609,megawatthours
2026-07-19 12:00:00+00:00,CAL,California,D,Demand,28935,megawatthours
2026-07-19 13:00:00+00:00,CAL,California,D,Demand,28448,megawatthours
2026-07-19 14:00:00+00:00,CAL,California,D,Demand,28221,megawatthours
2026-07-19 15:00:00+00:00,CAL,California,D,Demand,30923,megawatthours
2026-07-19 16:00:00+00:00,CAL,California,D,Demand,34091,megawatthours
2026-07-19 17:00:00+00:00,CAL,California,D,Demand,35749,megawatthours
2026-07-19 18:00:00+00:00,CAL,California,D,Demand,36676,megawatthours
2026-07-19 19:00:00+00:00,CAL,California,D,Demand,37607,megawatthours
2026-07-19 20:00:00+00:00,CAL,California,D,Demand,39075,megawatthours
2026-07-19 21:00:00+00:00,CAL,California,D,Demand,40162,megawatthours
2026-07-19 22:00:00+00:00,CAL,California,D,Demand,40550,megawatthours
2026-07-19 23:00:00+00:00,CAL,California,D,Demand,42257,megawatthours
2026-07-20 00:00:00+00:00,CAL,California,D,Demand,43918,megawatthours
2026-07-20 01:00:00+00:00,CAL,California,D,Demand,45534,megawatthours
2026-07-20 02:00:00+00:00,CAL,California,D,Demand,46126,megawatthours
2026-07-20 03:00:00+00:00,CAL,California,D,Demand,45205,megawatthours
2026-07-20 04:00:00+00:00,CAL,California,D,Demand,44315,megawatthours
2026-07-20 05:00:00+00:00,CAL,California,D,Demand,42739,megawatthours
2026-07-20 06:00:00+00:00,CAL,California,D,Demand,39828,megawatthours
2026-07-20 07:00:00+00:00,CAL,California,D,Demand,36916,megawatthours
2026-07-20 08:00:00+00:00,CAL,California,D,Demand,34838,megawatthours
2026-07-20 09:00:00+00:00,CAL,California,D,Demand,32565,megawatthours
2026-07-20 10:00:00+00:00,CAL,California,D,Demand,31283,megawatthours
2026-07-20 11:00:00+00:00,CAL,California,D,Demand,30942,megawatthours
2026-07-20 12:00:00+00:00,CAL,California,D,Demand,30747,megawatthours
2026-07-20 13:00:00+00:00,CAL,California,D,Demand,31354,megawatthours
2026-07-20 14:00:00+00:00,CAL,California,D,Demand,32546,megawatthours
2026-07-20 15:00:00+00:00,CAL,California,D,Demand,34721,megawatthours
2026-07-20 16:00:00+00:00,CAL,California,D,Demand,37400,megawatthours
2026-07-20 17:00:00+00:00,CAL,California,D,Demand,40051,megawatthours
2026-07-20 18:00:00+00:00,CAL,California,D,Demand,41856,megawatthours
2026-07-20 19:00:00+00:00,CAL,California,D,Demand,44204,megawatthours
2026-07-20 20:00:00+00:00,CAL,California,D,Demand,44528,megawatthours
2026-07-20 21:00:00+00:00,CAL,California,D,Demand,46060,megawatthours
2026-07-20 22:00:00+00:00,CAL,California,D,Demand,47348,megawatthours
2026-07-20 23:00:00+00:00,CAL,California,D,Demand,48415,megawatthours
2026-07-21 00:00:00+00:00,CAL,California,D,Demand,48559,megawatthours
2026-07-21 01:00:00+00:00,CAL,California,D,Demand,48444,megawatthours
2026-07-21 02:00:00+00:00,CAL,California,D,Demand,47444,megawatthours
2026-07-21 03:00:00+00:00,CAL,California,D,Demand,46576,megawatthours
2026-07-21 04:00:00+00:00,CAL,California,D,Demand,45827,megawatthours
2026-07-21 05:00:00+00:00,CAL,California,D,Demand,44782,megawatthours
2026-07-21 06:00:00+00:00,CAL,California,D,Demand,42148,megawatthours
2026-07-21 07:00:00+00:00,CAL,California,D,Demand,38798,megawatthours
2026-07-21 08:00:00+00:00,CAL,California,D,Demand,36632,megawatthours
2026-07-21 09:00:00+00:00,CAL,California,D,Demand,34901,megawatthours
2026-07-21 10:00:00+00:00,CAL,California,D,Demand,32914,megawatthours
2026-07-21 11:00:00+00:00,CAL,California,D,Demand,32195,megawatthours
2026-07-21 12:00:00+00:00,CAL,California,D,Demand,32148,megawatthours
2026-07-21 13:00:00+00:00,CAL,California,D,Demand,32520,megawatthours
2026-07-21 14:00:00+00:00,CAL,California,D,Demand,32986,megawatthours
2026-07-21 15:00:00+00:00,CAL,California,D,Demand,36090,megawatthours
2026-07-21 16:00:00+00:00,CAL,California,D,Demand,38135,megawatthours
2026-07-21 17:00:00+00:00,CAL,California,D,Demand,42150,megawatthours
2026-07-21 18:00:00+00:00,CAL,California,D,Demand,44562,megawatthours
2026-07-21 19:00:00+00:00,CAL,California,D,Demand,45838,megawatthours
2026-07-21 20:00:00+00:00,CAL,California,D,Demand,47858,megawatthours
2026-07-21 21:00:00+00:00,CAL,California,D,Demand,47653,megawatthours
2026-07-21 22:00:00+00:00,CAL,California,D,Demand,48041,megawatthours
2026-07-21 23:00:00+00:00,CAL,California,D,Demand,49328,megawatthours
2026-07-22 00:00:00+00:00,CAL,California,D,Demand,51299,megawatthours
2026-07-22 01:00:00+00:00,CAL,California,D,Demand,52005,megawatthours
2026-07-22 02:00:00+00:00,CAL,California,D,Demand,52163,megawatthours
2026-07-22 03:00:00+00:00,CAL,California,D,Demand,51264,megawatthours
2026-07-22 04:00:00+00:00,CAL,California,D,Demand,49803,megawatthours
2026-07-22 05:00:00+00:00,CAL,California,D,Demand,48144,megawatthours
2026-07-22 06:00:00+00:00,CAL,California,D,Demand,44662,megawatthours
2026-07-22 07:00:00+00:00,CAL,California,D,Demand,41619,megawatthours
2026-07-22 08:00:00+00:00,CAL,California,D,Demand,39364,megawatthours
2026-07-22 09:00:00+00:00,CAL,California,D,Demand,36650,megawatthours
2026-07-22 10:00:00+00:00,CAL,California,D,Demand,35091,megawatthours
2026-07-22 11:00:00+00:00,CAL,California,D,Demand,34007,megawatthours
2026-07-22 12:00:00+00:00,CAL,California,D,Demand,33218,megawatthours
2026-07-22 13:00:00+00:00,CAL,California,D,Demand,33223,megawatthours
2026-07-22 14:00:00+00:00,CAL,California,D,Demand,34218,megawatthours
2026-07-22 15:00:00+00:00,CAL,California,D,Demand,38160,megawatthours
2026-07-22 16:00:00+00:00,CAL,California,D,Demand,41700,megawatthours
2026-07-22 17:00:00+00:00,CAL,California,D,Demand,43730,megawatthours
2026-07-22 18:00:00+00:00,CAL,California,D,Demand,44943,megawatthours
2026-07-22 19:00:00+00:00,CAL,California,D,Demand,45015,megawatthours
2026-07-22 20:00:00+00:00,CAL,California,D,Demand,44868,megawatthours
2026-07-22 21:00:00+00:00,CAL,California,D,Demand,45123,megawatthours
2026-07-22 22:00:00+00:00,CAL,California,D,Demand,45337,megawatthours
2026-07-22 23:00:00+00:00,CAL,California,D,Demand,46753,megawatthours
2026-07-23 00:00:00+00:00,CAL,California,D,Demand,47366,megawatthours
2026-07-23 01:00:00+00:00,CAL,California,D,Demand,48875,megawatthours
2026-07-23 02:00:00+00:00,CAL,California,D,Demand,48910,megawatthours
2026-07-23 03:00:00+00:00,CAL,California,D,Demand,47737,megawatthours
2026-07-23 04:00:00+00:00,CAL,California,D,Demand,46242,megawatthours
2026-07-23 05:00:00+00:00,CAL,California,D,Demand,44892,megawatthours
2026-07-23 06:00:00+00:00,CAL,California,D,Demand,41946,megawatthours
2026-07-23 07:00:00+00:00,CAL,California,D,Demand,38804,megawatthours
2026-07-23 08:00:00+00:00,CAL,California,D,Demand,36657,megawatthours
2026-07-23 09:00:00+00:00,CAL,California,D,Demand,34716,megawatthours
2026-07-23 10:00:00+00:00,CAL,California,D,Demand,33316,megawatthours
2026-07-23 11:00:00+00:00,CAL,California,D,Demand,32186,megawatthours
2026-07-23 12:00:00+00:00,CAL,California,D,Demand,31525,megawatthours
2026-07-23 13:00:00+00:00,CAL,California,D,Demand,31931,megawatthours
2026-07-23 14:00:00+00:00,CAL,California,D,Demand,32855,megawatthours
2026-07-23 15:00:00+00:00,CAL,California,D,Demand,38260,megawatthours
2026-07-23 16:00:00+00:00,CAL,California,D,Demand,42009,megawatthours
2026-07-23 17:00:00+00:00,CAL,California,D,Demand,43048,megawatthours
2026-07-23 18:00:00+00:00,CAL,California,D,Demand,42805,megawatthours
2026-07-23 19:00:00+00:00,CAL,California,D,Demand,42012,megawatthours
2026-07-23 20:00:00+00:00,CAL,California,D,Demand,42570,megawatthours
2026-07-23 21:00:00+00:00,CAL,California,D,Demand,43695,megawatthours
2026-07-23 22:00:00+00:00,CAL,California,D,Demand,45409,megawatthours
2026-07-23 23:00:00+00:00,CAL,California,D,Demand,47831,megawatthours
2026-07-24 00:00:00+00:00,CAL,California,D,Demand,49295,megawatthours
2026-07-24 01:00:00+00:00,CAL,California,D,Demand,51515,megawatthours
2026-07-24 02:00:00+00:00,CAL,California,D,Demand,51315,megawatthours
2026-07-24 03:00:00+00:00,CAL,California,D,Demand,50156,megawatthours
2026-07-24 04:00:00+00:00,CAL,California,D,Demand,48989,megawatthours
2026-07-24 05:00:00+00:00,CAL,California,D,Demand,47629,megawatthours
2026-07-24 06:00:00+00:00,CAL,California,D,Demand,43849,megawatthours
2026-07-24 07:00:00+00:00,CAL,California,D,Demand,40359,megawatthours
2026-07-24 08:00:00+00:00,CAL,California,D,Demand,37852,megawatthours
2026-07-24 09:00:00+00:00,CAL,California,D,Demand,35491,megawatthours
2026-07-24 10:00:00+00:00,CAL,California,D,Demand,34064,megawatthours
2026-07-24 11:00:00+00:00,CAL,California,D,Demand,33055,megawatthours
2026-07-24 12:00:00+00:00,CAL,California,D,Demand,32398,megawatthours
2026-07-24 13:00:00+00:00,CAL,California,D,Demand,32940,megawatthours
2026-07-24 14:00:00+00:00,CAL,California,D,Demand,34815,megawatthours
2026-07-24 15:00:00+00:00,CAL,California,D,Demand,39480,megawatthours
2026-07-24 16:00:00+00:00,CAL,California,D,Demand,41957,megawatthours
2026-07-24 17:00:00+00:00,CAL,California,D,Demand,43097,megawatthours
2026-07-24 18:00:00+00:00,CAL,California,D,Demand,43784,megawatthours
2026-07-24 19:00:00+00:00,CAL,California,D,Demand,43682,megawatthours
2026-07-24 20:00:00+00:00,CAL,California,D,Demand,43382,megawatthours
2026-07-24 21:00:00+00:00,CAL,California,D,Demand,44657,megawatthours
2026-07-24 22:00:00+00:00,CAL,California,D,Demand,46468,megawatthours
2026-07-24 23:00:00+00:00,CAL,California,D,Demand,48418,megawatthours
2026-07-25 00:00:00+00:00,CAL,California,D,Demand,49777,megawatthours
2026-07-25 01:00:00+00:00,CAL,California,D,Demand,50866,megawatthours
2026-07-25 02:00:00+00:00,CAL,California,D,Demand,50620,megawatthours
2026-07-25 03:00:00+00:00,CAL,California,D,Demand,49195,megawatthours
2026-07-25 04:00:00+00:00,CAL,California,D,Demand,47454,megawatthours
2026-07-25 05:00:00+00:00,CAL,California,D,Demand,45773,megawatthours
2026-07-25 06:00:00+00:00,CAL,California,D,Demand,43070,megawatthours
2026-07-25 07:00:00+00:00,CAL,California,D,Demand,39675,megawatthours
2026-07-25 08:00:00+00:00,CAL,California,D,Demand,37218,megawatthours
2026-07-25 09:00:00+00:00,CAL,California,D,Demand,35052,megawatthours
2026-07-25 10:00:00+00:00,CAL,California,D,Demand,33257,megawatthours
2026-07-25 11:00:00+00:00,CAL,California,D,Demand,31956,megawatthours
2026-07-25 12:00:00+00:00,CAL,California,D,Demand,30986,megawatthours
2026-07-25 13:00:00+00:00,CAL,California,D,Demand,30757,megawatthours
2026-07-25 14:00:00+00:00,CAL,California,D,Demand,31163,megawatthours
2026-07-25 15:00:00+00:00,CAL,California,D,Demand,34333,megawatthours
2026-07-25 16:00:00+00:00,CAL,California,D,Demand,38838,megawatthours
2026-07-25 17:00:00+00:00,CAL,California,D,Demand,39665,megawatthours
2026-07-25 18:00:00+00:00,CAL,California,D,Demand,40439,megawatthours
2026-07-25 19:00:00+00:00,CAL,California,D,Demand,40200,megawatthours
2026-07-25 20:00:00+00:00,CAL,California,D,Demand,40171,megawatthours
2026-07-25 21:00:00+00:00,CAL,California,D,Demand,40720,megawatthours
2026-07-25 22:00:00+00:00,CAL,California,D,Demand,42585,megawatthours
2026-07-25 23:00:00+00:00,CAL,California,D,Demand,44661,megawatthours
2026-07-26 00:00:00+00:00,CAL,California,D,Demand,46063,megawatthours
2026-07-26 01:00:00+00:00,CAL,California,D,Demand,47368,megawatthours
2026-07-26 02:00:00+00:00,CAL,California,D,Demand,47699,megawatthours
2026-07-26 03:00:00+00:00,CAL,California,D,Demand,46690,megawatthours
2026-07-26 04:00:00+00:00,CAL,California,D,Demand,45162,megawatthours
2026-07-26 05:00:00+00:00,CAL,California,D,Demand,43437,megawatthours
2026-07-26 06:00:00+00:00,CAL,California,D,Demand,40591,megawatthours
2026-07-26 07:00:00+00:00,CAL,California,D,Demand,37875,megawatthours
2026-07-26 08:00:00+00:00,CAL,California,D,Demand,35750,megawatthours
2026-07-26 09:00:00+00:00,CAL,California,D,Demand,33995,megawatthours
2026-07-26 10:00:00+00:00,CAL,California,D,Demand,32223,megawatthours
2026-07-26 11:00:00+00:00,CAL,California,D,Demand,31168,megawatthours
2026-07-26 12:00:00+00:00,CAL,California,D,Demand,31016,megawatthours
2026-07-26 13:00:00+00:00,CAL,California,D,Demand,30287,megawatthours
2026-07-26 14:00:00+00:00,CAL,California,D,Demand,29920,megawatthours
2026-07-26 15:00:00+00:00,CAL,California,D,Demand,32656,megawatthours
2026-07-26 16:00:00+00:00,CAL,California,D,Demand,37024,megawatthours
2026-07-26 17:00:00+00:00,CAL,California,D,Demand,38355,megawatthours
2026-07-26 18:00:00+00:00,CAL,California,D,Demand,38587,megawatthours
2026-07-26 19:00:00+00:00,CAL,California,D,Demand,38952,megawatthours
2026-07-26 20:00:00+00:00,CAL,California,D,Demand,38872,megawatthours
2026-07-26 21:00:00+00:00,CAL,California,D,Demand,38336,megawatthours
2026-07-26 22:00:00+00:00,CAL,California,D,Demand,39154,megawatthours
2026-07-26 23:00:00+00:00,CAL,California,D,Demand,41327,megawatthours
2026-07-27 00:00:00+00:00,CAL,California,D,Demand,42356,megawatthours
2026-07-27 01:00:00+00:00,CAL,California,D,Demand,44991,megawatthours
2026-07-27 02:00:00+00:00,CAL,California,D,Demand,46791,megawatthours
2026-07-27 03:00:00+00:00,CAL,California,D,Demand,46187,megawatthours
2026-07-27 04:00:00+00:00,CAL,California,D,Demand,44811,megawatthours
2026-07-27 05:00:00+00:00,CAL,California,D,Demand,43290,megawatthours
2026-07-27 06:00:00+00:00,CAL,California,D,Demand,40283,megawatthours
2026-07-27 07:00:00+00:00,CAL,California,D,Demand,37190,megawatthours
2026-07-27 08:00:00+00:00,CAL,California,D,Demand,35088,megawatthours
2026-07-27 09:00:00+00:00,CAL,California,D,Demand,33413,megawatthours
2026-07-27 10:00:00+00:00,CAL,California,D,Demand,32765,megawatthours
2026-07-27 11:00:00+00:00,CAL,California,D,Demand,32232,megawatthours
2026-07-27 12:00:00+00:00,CAL,California,D,Demand,32097,megawatthours
2026-07-27 13:00:00+00:00,CAL,California,D,Demand,31946,megawatthours
2026-07-27 14:00:00+00:00,CAL,California,D,Demand,33092,megawatthours
2026-07-27 15:00:00+00:00,CAL,California,D,Demand,38659,megawatthours
2026-07-27 16:00:00+00:00,CAL,California,D,Demand,42374,megawatthours
2026-07-27 17:00:00+00:00,CAL,California,D,Demand,43477,megawatthours
2026-07-27 18:00:00+00:00,CAL,California,D,Demand,44011,megawatthours
2026-07-27 19:00:00+00:00,CAL,California,D,Demand,43230,megawatthours
2026-07-27 20:00:00+00:00,CAL,California,D,Demand,42108,megawatthours
2026-07-27 21:00:00+00:00,CAL,California,D,Demand,42589,megawatthours
2026-07-27 22:00:00+00:00,CAL,California,D,Demand,44070,megawatthours
2026-07-27 23:00:00+00:00,CAL,California,D,Demand,45763,megawatthours
2026-07-28 00:00:00+00:00,CAL,California,D,Demand,47532,megawatthours
2026-07-28 01:00:00+00:00,CAL,California,D,Demand,49219,megawatthours
2026-07-28 02:00:00+00:00,CAL,California,D,Demand,49994,megawatthours
2026-07-28 03:00:00+00:00,CAL,California,D,Demand,48730,megawatthours
2026-07-28 04:00:00+00:00,CAL,California,D,Demand,46974,megawatthours
2026-07-28 05:00:00+00:00,CAL,California,D,Demand,45008,megawatthours
2026-07-28 06:00:00+00:00,CAL,California,D,Demand,41836,megawatthours
2026-07-28 07:00:00+00:00,CAL,California,D,Demand,38235,megawatthours
2026-07-28 08:00:00+00:00,CAL,California,D,Demand,35860,megawatthours
2026-07-28 09:00:00+00:00,CAL,California,D,Demand,34284,megawatthours
2026-07-28 10:00:00+00:00,CAL,California,D,Demand,32898,megawatthours
2026-07-28 11:00:00+00:00,CAL,California,D,Demand,32034,megawatthours
2026-07-28 12:00:00+00:00,CAL,California,D,Demand,31337,megawatthours
2026-07-28 13:00:00+00:00,CAL,California,D,Demand,31597,megawatthours
2026-07-28 14:00:00+00:00,CAL,California,D,Demand,32708,megawatthours
2026-07-28 15:00:00+00:00,CAL,California,D,Demand,37575,megawatthours
2026-07-28 16:00:00+00:00,CAL,California,D,Demand,41519,megawatthours
2026-07-28 17:00:00+00:00,CAL,California,D,Demand,41913,megawatthours
2026-07-28 18:00:00+00:00,CAL,California,D,Demand,42530,megawatthours
2026-07-28 19:00:00+00:00,CAL,California,D,Demand,41662,megawatthours
2026-07-28 20:00:00+00:00,CAL,California,D,Demand,40613,megawatthours
2026-07-28 21:00:00+00:00,CAL,California,D,Demand,41070,megawatthours
2026-07-28 22:00:00+00:00,CAL,California,D,Demand,42287,megawatthours
2026-07-28 23:00:00+00:00,CAL,California,D,Demand,44457,megawatthours
2026-07-29 00:00:00+00:00,CAL,California,D,Demand,46943,megawatthours
2026-07-29 01:00:00+00:00,CAL,California,D,Demand,49105,megawatthours
2026-07-29 02:00:00+00:00,CAL,California,D,Demand,49788,megawatthours
2026-07-29 03:00:00+00:00,CAL,California,D,Demand,48656,megawatthours
2026-07-29 04:00:00+00:00,CAL,California,D,Demand,47028,megawatthours
2026-07-29 05:00:00+00:00,CAL,California,D,Demand,45080,megawatthours
2026-07-29 06:00:00+00:00,CAL,California,D,Demand,41979,megawatthours
2026-07-29 07:00:00+00:00,CAL,California,D,Demand,39190,megawatthours
2026-07-29 08:00:00+00:00,CAL,California,D,Demand,36795,megawatthours
2026-07-29 09:00:00+00:00,CAL,California,D,Demand,34698,megawatthours
2026-07-29 10:00:00+00:00,CAL,California,D,Demand,33287,megawatthours
2026-07-29 11:00:00+00:00,CAL,California,D,Demand,32488,megawatthours
2026-07-29 12:00:00+00:00,CAL,California,D,Demand,31391,megawatthours
2026-07-29 13:00:00+00:00,CAL,California,D,Demand,31393,megawatthours
2026-07-29 14:00:00+00:00,CAL,California,D,Demand,32423,megawatthours
2026-07-29 15:00:00+00:00,CAL,California,D,Demand,36488,megawatthours
2026-07-29 16:00:00+00:00,CAL,California,D,Demand,40150,megawatthours
2026-07-29 17:00:00+00:00,CAL,California,D,Demand,40971,megawatthours
2026-07-29 18:00:00+00:00,CAL,California,D,Demand,41106,megawatthours
2026-07-29 19:00:00+00:00,CAL,California,D,Demand,41847,megawatthours
2026-07-29 20:00:00+00:00,CAL,California,D,Demand,42486,megawatthours
2026-07-29 21:00:00+00:00,CAL,California,D,Demand,41901,megawatthours
2026-07-29 22:00:00+00:00,CAL,California,D,Demand,43360,megawatthours
2026-07-29 23:00:00+00:00,CAL,California,D,Demand,45288,megawatthours
2026-07-30 00:00:00+00:00,CAL,California,D,Demand,47036,megawatthours
2026-07-30 01:00:00+00:00,CAL,California,D,Demand,49079,megawatthours
2026-07-30 02:00:00+00:00,CAL,California,D,Demand,49578,megawatthours
2026-07-30 03:00:00+00:00,CAL,California,D,Demand,48629,megawatthours
2026-07-30 04:00:00+00:00,CAL,California,D,Demand,46926,megawatthours
2026-07-30 05:00:00+00:00,CAL,California,D,Demand,44970,megawatthours
2026-07-30 06:00:00+00:00,CAL,California,D,Demand,41761,megawatthours
2026-07-30 07:00:00+00:00,CAL,California,D,Demand,38337,megawatthours
2026-07-30 08:00:00+00:00,CAL,California,D,Demand,36223,megawatthours
2026-07-30 09:00:00+00:00,CAL,California,D,Demand,34382,megawatthours
2026-07-30 10:00:00+00:00,CAL,California,D,Demand,32824,megawatthours
2026-07-30 11:00:00+00:00,CAL,California,D,Demand,31673,megawatthours
2026-07-30 12:00:00+00:00,CAL,California,D,Demand,31422,megawatthours
2026-07-30 13:00:00+00:00,CAL,California,D,Demand,31904,megawatthours
2026-07-30 14:00:00+00:00,CAL,California,D,Demand,32902,megawatthours
2026-07-30 15:00:00+00:00,CAL,California,D,Demand,37483,megawatthours
2026-07-30 16:00:00+00:00,CAL,California,D,Demand,41417,megawatthours
2026-07-30 17:00:00+00:00,CAL,California,D,Demand,42333,megawatthours
2026-07-30 18:00:00+00:00,CAL,California,D,Demand,42738,megawatthours
2026-07-30 19:00:00+00:00,CAL,California,D,Demand,42814,megawatthours
2026-07-30 20:00:00+00:00,CAL,California,D,Demand,42497,megawatthours
2026-07-30 21:00:00+00:00,CAL,California,D,Demand,43377,megawatthours
2026-07-30 22:00:00+00:00,CAL,California,D,Demand,45426,megawatthours
2026-07-30 23:00:00+00:00,CAL,California,D,Demand,47599,megawatthours
2026-07-31 00:00:00+00:00,CAL,California,D,Demand,49358,megawatthours
2026-07-31 01:00:00+00:00,CAL,California,D,Demand,50326,megawatthours
2026-07-31 02:00:00+00:00,CAL,California,D,Demand,50311,megawatthours
2026-07-31 03:00:00+00:00,CAL,California,D,Demand,49402,megawatthours
2026-07-31 04:00:00+00:00,CAL,California,D,Demand,47369,megawatthours
2026-07-31 05:00:00+00:00,CAL,California,D,Demand,45147,megawatthours
2026-07-31 06:00:00+00:00,CAL,California,D,Demand,41772,megawatthours
2026-07-31 07:00:00+00:00,CAL,California,D,Demand,38633,megawatthours
2026-07-31 08:00:00+00:00,CAL,California,D,Demand,36408,megawatthours
2026-07-31 09:00:00+00:00,CAL,California,D,Demand,34411,megawatthours
2026-07-31 10:00:00+00:00,CAL,California,D,Demand,33021,megawatthours
2026-07-31 11:00:00+00:00,CAL,California,D,Demand,31920,megawatthours
2026-07-31 12:00:00+00:00,CAL,California,D,Demand,31544,megawatthours
2026-07-31 13:00:00+00:00,CAL,California,D,Demand,31718,megawatthours
2026-07-31 14:00:00+00:00,CAL,California,D,Demand,32743,megawatthours
2026-07-31 15:00:00+00:00,CAL,California,D,Demand,37528,megawatthours
2026-07-31 16:00:00+00:00,CAL,California,D,Demand,42223,megawatthours
2026-07-31 17:00:00+00:00,CAL,California,D,Demand,42993,megawatthours
2026-07-31 18:00:00+00:00,CAL,California,D,Demand,43786,megawatthours
2026-07-31 19:00:00+00:00,CAL,California,D,Demand,43501,megawatthours
2026-07-31 20:00:00+00:00,CAL,California,D,Demand,43613,megawatthours
2026-07-31 21:00:00+00:00,CAL,California,D,Demand,44325,megawatthours
2026-07-31 22:00:00+00:00,CAL,California,D,Demand,46403,megawatthours
2026-07-31 23:00:00+00:00,CAL,California,D,Demand,49137,megawatthours
2026-08-01 00:00:00+00:00,CAL,California,D,Demand,50561,megawatthours
2026-08-01 01:00:00+00:00,CAL,California,D,Demand,51548,megawatthours
2026-08-01 02:00:00+00:00,CAL,California,D,Demand,51678,megawatthours
2026-08-01 03:00:00+00:00,CAL,California,D,Demand,50309,megawatthours
2026-08-01 04:00:00+00:00,CAL,California,D,Demand,48115,megawatthours
2026-08-01 05:00:00+00:00,CAL,California,D,Demand,46023,megawatthours
2026-08-01 06:00:00+00:00,CAL,California,D,Demand,42940,megawatthours
2026-08-01 07:00:00+00:00,CAL,California,D,Demand,39644,megawatthours
2026-08-01 08:00:00+00:00,CAL,California,D,Demand,37337,megawatthours
2026-08-01 09:00:00+00:00,CAL,California,D,Demand,35211,megawatthours
2026-08-01 10:00:00+00:00,CAL,California,D,Demand,33225,megawatthours
2026-08-01 11:00:00+00:00,CAL,California,D,Demand,31619,megawatthours
2026-08-01 12:00:00+00:00,CAL,California,D,Demand,30976,megawatthours
2026-08-01 13:00:00+00:00,CAL,California,D,Demand,30784,megawatthours
2026-08-01 14:00:00+00:00,CAL,California,D,Demand,30730,megawatthours
2026-08-01 15:00:00+00:00,CAL,California,D,Demand,34161,megawatthours
2026-08-01 16:00:00+00:00,CAL,California,D,Demand,39043,megawatthours
2026-08-01 17:00:00+00:00,CAL,California,D,Demand,40615,megawatthours
2026-08-01 18:00:00+00:00,CAL,California,D,Demand,40598,megawatthours
2026-08-01 19:00:00+00:00,CAL,California,D,Demand,41256,megawatthours
2026-08-01 20:00:00+00:00,CAL,California,D,Demand,42070,megawatthours
2026-08-01 21:00:00+00:00,CAL,California,D,Demand,42915,megawatthours
2026-08-01 22:00:00+00:00,CAL,California,D,Demand,44109,megawatthours
2026-08-01 23:00:00+00:00,CAL,California,D,Demand,47097,megawatthours
2026-08-02 00:00:00+00:00,CAL,California,D,Demand,49197,megawatthours
2026-08-02 01:00:00+00:00,CAL,California,D,Demand,50980,megawatthours
2026-08-02 02:00:00+00:00,CAL,California,D,Demand,51111,megawatthours
2026-08-02 03:00:00+00:00,CAL,California,D,Demand,49785,megawatthours
2026-08-02 04:00:00+00:00,CAL,California,D,Demand,48125,megawatthours
2026-08-02 05:00:00+00:00,CAL,California,D,Demand,46081,megawatthours
2026-08-02 06:00:00+00:00,CAL,California,D,Demand,42699,megawatthours
2026-08-02 07:00:00+00:00,CAL,California,D,Demand,39555,megawatthours
2026-08-02 08:00:00+00:00,CAL,California,D,Demand,37118,megawatthours
2026-08-02 09:00:00+00:00,CAL,California,D,Demand,34790,megawatthours
2026-08-02 10:00:00+00:00,CAL,California,D,Demand,32856,megawatthours
2026-08-02 11:00:00+00:00,CAL,California,D,Demand,31277,megawatthours
2026-08-02 12:00:00+00:00,CAL,California,D,Demand,30327,megawatthours
2026-08-02 13:00:00+00:00,CAL,California,D,Demand,29989,megawatthours
2026-08-02 14:00:00+00:00,CAL,California,D,Demand,29817,megawatthours
2026-08-02 15:00:00+00:00,CAL,California,D,Demand,33247,megawatthours
2026-08-02 16:00:00+00:00,CAL,California,D,Demand,38376,megawatthours
2026-08-02 17:00:00+00:00,CAL,California,D,Demand,39395,megawatthours
2026-08-02 18:00:00+00:00,CAL,California,D,Demand,40778,megawatthours
2026-08-02 19:00:00+00:00,CAL,California,D,Demand,41648,megawatthours
2026-08-02 20:00:00+00:00,CAL,California,D,Demand,41776,megawatthours
2026-08-02 21:00:00+00:00,CAL,California,D,Demand,42864,megawatthours
2026-08-02 22:00:00+00:00,CAL,California,D,Demand,45051,megawatthours
2026-08-02 23:00:00+00:00,CAL,California,D,Demand,47532,megawatthours
2026-08-03 00:00:00+00:00,CAL,California,D,Demand,49113,megawatthours
2026-08-03 01:00:00+00:00,CAL,California,D,Demand,50756,megawatthours
2026-08-03 02:00:00+00:00,CAL,California,D,Demand,51467,megawatthours
2026-08-03 03:00:00+00:00,CAL,California,D,Demand,50156,megawatthours
2026-08-03 04:00:00+00:00,CAL,California,D,Demand,48547,megawatthours
2026-08-03 05:00:00+00:00,CAL,California,D,Demand,46068,megawatthours
2026-08-03 06:00:00+00:00,CAL,California,D,Demand,42691,megawatthours
2026-08-03 07:00:00+00:00,CAL,California,D,Demand,38962,megawatthours
2026-08-03 08:00:00+00:00,CAL,California,D,Demand,36930,megawatthours
2026-08-03 09:00:00+00:00,CAL,California,D,Demand,34668,megawatthours
2026-08-03 10:00:00+00:00,CAL,California,D,Demand,33220,megawatthours
2026-08-03 11:00:00+00:00,CAL,California,D,Demand,32545,megawatthours
2026-08-03 12:00:00+00:00,CAL,California,D,Demand,32252,megawatthours
2026-08-03 13:00:00+00:00,CAL,California,D,Demand,32625,megawatthours
2026-08-03 14:00:00+00:00,CAL,California,D,Demand,34323,megawatthours
2026-08-03 15:00:00+00:00,CAL,California,D,Demand,39979,megawatthours
2026-08-03 16:00:00+00:00,CAL,California,D,Demand,44624,megawatthours
2026-08-03 17:00:00+00:00,CAL,California,D,Demand,45606,megawatthours
2026-08-03 18:00:00+00:00,CAL,California,D,Demand,46338,megawatthours
2026-08-03 19:00:00+00:00,CAL,California,D,Demand,46536,megawatthours
2026-08-03 20:00:00+00:00,CAL,California,D,Demand,47035,megawatthours
2026-08-03 21:00:00+00:00,CAL,California,D,Demand,48562,megawatthours
2026-08-03 22:00:00+00:00,CAL,California,D,Demand,50607,megawatthours
2026-08-03 23:00:00+00:00,CAL,California,D,Demand,52369,megawatthours
2026-08-04 00:00:00+00:00,CAL,California,D,Demand,53669,megawatthours
2026-08-04 01:00:00+00:00,CAL,California,D,Demand,54156,megawatthours
2026-08-04 02:00:00+00:00,CAL,California,D,Demand,54089,megawatthours
2026-08-04 03:00:00+00:00,CAL,California,D,Demand,52512,megawatthours
2026-08-04 04:00:00+00:00,CAL,California,D,Demand,50476,megawatthours
2026-08-04 05:00:00+00:00,CAL,California,D,Demand,47973,megawatthours
2026-08-04 06:00:00+00:00,CAL,California,D,Demand,44205,megawatthours
2026-08-04 07:00:00+00:00,CAL,California,D,Demand,40413,megawatthours
2026-08-04 08:00:00+00:00,CAL,California,D,Demand,37981,megawatthours
2026-08-04 09:00:00+00:00,CAL,California,D,Demand,35705,megawatthours
2026-08-04 10:00:00+00:00,CAL,California,D,Demand,34037,megawatthours
2026-08-04 11:00:00+00:00,CAL,California,D,Demand,33431,megawatthours
2026-08-04 12:00:00+00:00,CAL,California,D,Demand,33008,megawatthours
2026-08-04 13:00:00+00:00,CAL,California,D,Demand,33373,megawatthours
2026-08-04 14:00:00+00:00,CAL,California,D,Demand,34069,megawatthours
2026-08-04 15:00:00+00:00,CAL,California,D,Demand,38957,megawatthours
2026-08-04 16:00:00+00:00,CAL,California,D,Demand,43339,megawatthours
2026-08-04 17:00:00+00:00,CAL,California,D,Demand,44177,megawatthours
2026-08-04 18:00:00+00:00,CAL,California,D,Demand,43926,megawatthours
2026-08-04 19:00:00+00:00,CAL,California,D,Demand,44423,megawatthours
2026-08-04 20:00:00+00:00,CAL,California,D,Demand,44826,megawatthours
2026-08-04 21:00:00+00:00,CAL,California,D,Demand,46098,megawatthours
2026-08-04 22:00:00+00:00,CAL,California,D,Demand,47578,megawatthours
2026-08-04 23:00:00+00:00,CAL,California,D,Demand,49605,megawatthours
2026-08-05 00:00:00+00:00,CAL,California,D,Demand,50220,megawatthours
2026-08-05 01:00:00+00:00,CAL,California,D,Demand,50832,megawatthours
2026-08-05 02:00:00+00:00,CAL,California,D,Demand,51023,megawatthours
2026-08-05 03:00:00+00:00,CAL,California,D,Demand,49470,megawatthours
2026-08-05 04:00:00+00:00,CAL,California,D,Demand,48038,megawatthours
2026-08-05 05:00:00+00:00,CAL,California,D,Demand,45922,megawatthours
2026-08-05 06:00:00+00:00,CAL,California,D,Demand,42598,megawatthours
2026-08-05 07:00:00+00:00,CAL,California,D,Demand,38851,megawatthours
2026-08-05 08:00:00+00:00,CAL,California,D,Demand,36651,megawatthours
2026-08-05 09:00:00+00:00,CAL,California,D,Demand,34606,megawatthours
2026-08-05 10:00:00+00:00,CAL,California,D,Demand,32959,megawatthours
2026-08-05 11:00:00+00:00,CAL,California,D,Demand,31999,megawatthours
2026-08-05 12:00:00+00:00,CAL,California,D,Demand,31842,megawatthours
2026-08-05 13:00:00+00:00,CAL,California,D,Demand,32367,megawatthours
2026-08-05 14:00:00+00:00,CAL,California,D,Demand,33543,megawatthours
2026-08-05 15:00:00+00:00,CAL,California,D,Demand,36659,megawatthours
2026-08-05 16:00:00+00:00,CAL,California,D,Demand,42515,megawatthours
2026-08-05 17:00:00+00:00,CAL,California,D,Demand,43967,megawatthours
2026-08-05 18:00:00+00:00,CAL,California,D,Demand,44760,megawatthours
2026-08-05 19:00:00+00:00,CAL,California,D,Demand,44708,megawatthours
2026-08-05 20:00:00+00:00,CAL,California,D,Demand,44117,megawatthours
2026-08-05 21:00:00+00:00,CAL,California,D,Demand,44499,megawatthours
2026-08-05 22:00:00+00:00,CAL,California,D,Demand,46123,megawatthours
2026-08-05 23:00:00+00:00,CAL,California,D,Demand,48472,megawatthours
2026-08-06 00:00:00+00:00,CAL,California,D,Demand,49179,megawatthours
2026-08-06 01:00:00+00:00,CAL,California,D,Demand,49816,megawatthours
2026-08-06 02:00:00+00:00,CAL,California,D,Demand,50214,megawatthours
2026-08-06 03:00:00+00:00,CAL,California,D,Demand,48841,megawatthours
2026-08-06 04:00:00+00:00,CAL,California,D,Demand,47300,megawatthours
2026-08-06 05:00:00+00:00,CAL,California,D,Demand,45402,megawatthours
2026-08-06 06:00:00+00:00,CAL,California,D,Demand,41973,megawatthours
2026-08-06 07:00:00+00:00,CAL,California,D,Demand,38559,megawatthours
2026-08-06 08:00:00+00:00,CAL,California,D,Demand,36273,megawatthours
2026-08-06 09:00:00+00:00,CAL,California,D,Demand,34371,megawatthours
2026-08-06 10:00:00+00:00,CAL,California,D,Demand,33574,megawatthours
2026-08-06 11:00:00+00:00,CAL,California,D,Demand,33064,megawatthours
2026-08-06 12:00:00+00:00,CAL,California,D,Demand,32656,megawatthours
2026-08-06 13:00:00+00:00,CAL,California,D,Demand,32653,megawatthours
2026-08-06 14:00:00+00:00,CAL,California,D,Demand,33832,megawatthours
2026-08-06 15:00:00+00:00,CAL,California,D,Demand,37750,megawatthours
2026-08-06 16:00:00+00:00,CAL,California,D,Demand,42763,megawatthours
2026-08-06 17:00:00+00:00,CAL,California,D,Demand,43595,megawatthours
2026-08-06 18:00:00+00:00,CAL,California,D,Demand,43580,megawatthours
2026-08-06 19:00:00+00:00,CAL,California,D,Demand,43988,megawatthours
2026-08-06 20:00:00+00:00,CAL,California,D,Demand,44989,megawatthours
2026-08-06 21:00:00+00:00,CAL,California,D,Demand,45576,megawatthours
2026-08-06 22:00:00+00:00,CAL,California,D,Demand,46926,megawatthours
2026-08-06 23:00:00+00:00,CAL,California,D,Demand,49269,megawatthours
2026-08-07 00:00:00+00:00,CAL,California,D,Demand,50564,megawatthours
2026-08-07 01:00:00+00:00,CAL,California,D,Demand,51620,megawatthours
2026-08-07 02:00:00+00:00,CAL,California,D,Demand,51062,megawatthours
2026-08-07 03:00:00+00:00,CAL,California,D,Demand,49409,megawatthours
2026-08-07 04:00:00+00:00,CAL,California,D,Demand,48177,megawatthours
2026-08-07 05:00:00+00:00,CAL,California,D,Demand,46051,megawatthours
2026-08-07 06:00:00+00:00,CAL,California,D,Demand,42668,megawatthours
2026-08-07 07:00:00+00:00,CAL,California,D,Demand,39440,megawatthours
2026-08-07 08:00:00+00:00,CAL,California,D,Demand,37066,megawatthours
2026-08-07 09:00:00+00:00,CAL,California,D,Demand,34880,megawatthours
2026-08-07 10:00:00+00:00,CAL,California,D,Demand,33016,megawatthours
2026-08-07 11:00:00+00:00,CAL,California,D,Demand,32661,megawatthours
2026-08-07 12:00:00+00:00,CAL,California,D,Demand,32100,megawatthours
2026-08-07 13:00:00+00:00,CAL,California,D,Demand,32411,megawatthours
2026-08-07 14:00:00+00:00,CAL,California,D,Demand,33947,megawatthours
2026-08-07 15:00:00+00:00,CAL,California,D,Demand,38009,megawatthours
2026-08-07 16:00:00+00:00,CAL,California,D,Demand,43386,megawatthours
2026-08-07 17:00:00+00:00,CAL,California,D,Demand,44416,megawatthours
2026-08-07 18:00:00+00:00,CAL,California,D,Demand,45703,megawatthours
2026-08-07 19:00:00+00:00,CAL,California,D,Demand,46191,megawatthours
2026-08-07 20:00:00+00:00,CAL,California,D,Demand,45980,megawatthours
2026-08-07 21:00:00+00:00,CAL,California,D,Demand,46405,megawatthours
2026-08-07 22:00:00+00:00,CAL,California,D,Demand,47883,megawatthours
2026-08-07 23:00:00+00:00,CAL,California,D,Demand,50622,megawatthours
2026-08-08 00:00:00+00:00,CAL,California,D,Demand,51795,megawatthours
2026-08-08 01:00:00+00:00,CAL,California,D,Demand,52385,megawatthours
2026-08-08 02:00:00+00:00,CAL,California,D,Demand,51639,megawatthours
2026-08-08 03:00:00+00:00,CAL,California,D,Demand,49677,megawatthours
2026-08-08 04:00:00+00:00,CAL,California,D,Demand,48003,megawatthours
2026-08-08 05:00:00+00:00,CAL,California,D,Demand,46176,megawatthours
2026-08-08 06:00:00+00:00,CAL,California,D,Demand,43152,megawatthours
2026-08-08 07:00:00+00:00,CAL,California,D,Demand,39684,megawatthours
2026-08-08 08:00:00+00:00,CAL,California,D,Demand,37628,megawatthours
2026-08-08 09:00:00+00:00,CAL,California,D,Demand,35099,megawatthours
2026-08-08 10:00:00+00:00,CAL,California,D,Demand,33451,megawatthours
2026-08-08 11:00:00+00:00,CAL,California,D,Demand,32124,megawatthours
2026-08-08 12:00:00+00:00,CAL,California,D,Demand,31423,megawatthours
2026-08-08 13:00:00+00:00,CAL,California,D,Demand,31009,megawatthours
2026-08-08 14:00:00+00:00,CAL,California,D,Demand,31008,megawatthours
2026-08-08 15:00:00+00:00,CAL,California,D,Demand,34740,megawatthours
2026-08-08 16:00:00+00:00,CAL,California,D,Demand,39600,megawatthours
2026-08-08 17:00:00+00:00,CAL,California,D,Demand,41440,megawatthours
2026-08-08 18:00:00+00:00,CAL,California,D,Demand,42709,megawatthours
2026-08-08 19:00:00+00:00,CAL,California,D,Demand,42939,megawatthours
2026-08-08 20:00:00+00:00,CAL,California,D,Demand,42867,megawatthours
2026-08-08 21:00:00+00:00,CAL,California,D,Demand,43318,megawatthours
2026-08-08 22:00:00+00:00,CAL,California,D,Demand,45276,megawatthours
2026-08-08 23:00:00+00:00,CAL,California,D,Demand,47357,megawatthours
2026-08-09 00:00:00+00:00,CAL,California,D,Demand,48750,megawatthours
2026-08-09 01:00:00+00:00,CAL,California,D,Demand,49919,megawatthours
2026-08-09 02:00:00+00:00,CAL,California,D,Demand,50358,megawatthours
2026-08-09 03:00:00+00:00,CAL,California,D,Demand,49223,megawatthours
2026-08-09 04:00:00+00:00,CAL,California,D,Demand,47559,megawatthours
2026-08-09 05:00:00+00:00,CAL,California,D,Demand,45496,megawatthours
2026-08-09 06:00:00+00:00,CAL,California,D,Demand,42427,megawatthours
2026-08-09 07:00:00+00:00,CAL,California,D,Demand,39350,megawatthours
2026-08-09 08:00:00+00:00,CAL,California,D,Demand,37372,megawatthours
2026-08-09 09:00:00+00:00,CAL,California,D,Demand,35079,megawatthours
2026-08-09 10:00:00+00:00,CAL,California,D,Demand,33295,megawatthours
2026-08-09 11:00:00+00:00,CAL,California,D,Demand,32103,megawatthours
2026-08-09 12:00:00+00:00,CAL,California,D,Demand,31364,megawatthours
2026-08-09 13:00:00+00:00,CAL,California,D,Demand,30870,megawatthours
2026-08-09 14:00:00+00:00,CAL,California,D,Demand,30487,megawatthours
2026-08-09 15:00:00+00:00,CAL,California,D,Demand,34189,megawatthours
2026-08-09 16:00:00+00:00,CAL,California,D,Demand,38982,megawatthours
2026-08-09 17:00:00+00:00,CAL,California,D,Demand,41877,megawatthours
2026-08-09 18:00:00+00:00,CAL,California,D,Demand,41203,megawatthours
2026-08-09 19:00:00+00:00,CAL,California,D,Demand,41674,megawatthours
2026-08-09 20:00:00+00:00,CAL,California,D,Demand,41825,megawatthours
2026-08-09 21:00:00+00:00,CAL,California,D,Demand,43151,megawatthours
2026-08-09 22:00:00+00:00,CAL,California,D,Demand,45283,megawatthours
2026-08-09 23:00:00+00:00,CAL,California,D,Demand,47679,megawatthours
2026-08-10 00:00:00+00:00,CAL,California,D,Demand,49779,megawatthours
