time_local,Actual,LinReg,XGBoost,LinReg_norm,XGB_norm
2026-02-14 21:00:00,-42,0.0,0.0,133.81772204660754,0.0
2026-02-14 22:00:00,-48,0.0,21.800781,40.46266149917893,14.308816061820835
2026-02-14 23:00:00,-51,0.0,0.0,24.37140342943415,0.0
2026-02-15 00:00:00,-51,0.0,0.0,122.4009717641335,0.932289995616884
2026-02-15 01:00:00,-50,0.0,76.55303,162.4251457382665,48.44814594928175
2026-02-15 02:00:00,-50,0.0,62.255154,122.26139857084479,5.790724575170316
2026-02-15 03:00:00,-51,0.0,59.421654,180.43203735472576,63.868753323331475
2026-02-15 04:00:00,-52,0.0,200.93456,352.66166084065327,218.0893785841763
2026-02-15 05:00:00,-51,0.0,68.443726,353.1147226721898,46.04238300584257
2026-02-15 06:00:00,-50,0.0,0.0,397.0880638680019,0.0
2026-02-15 07:00:00,138,0.0,163.72719,0.0,153.97490835562348
2026-02-15 08:00:00,3955,2550.768247932526,1239.869,3506.530205180056,1470.800578057766
2026-02-15 09:00:00,10160,5245.023570232228,4623.7417,5797.3535711229615,5118.981255054474
2026-02-15 10:00:00,13950,9860.431299121869,10925.225,9572.887706555639,11597.315958023071
2026-02-15 11:00:00,15271,12865.415129482626,12183.076,12320.159662270904,12904.293633699417
2026-02-15 12:00:00,15803,13840.01699321116,12509.057,13000.862739187947,12884.7223777771
2026-02-15 13:00:00,15220,13248.577141808535,11843.228,12401.876442166093,12261.064695596695
2026-02-15 14:00:00,14819,12169.1381408979,10564.321,11442.398887375035,11261.466868400574
2026-02-15 15:00:00,12960,11444.262573957627,10612.027,10928.632100447921,10823.364784240723
2026-02-15 16:00:00,9239,9217.874926416966,10680.51,9174.724503774356,11121.649393558502
2026-02-15 17:00:00,3440,4537.140073120645,7847.018,4645.147743391437,7410.078251838684
2026-02-15 18:00:00,178,955.0355361307647,3031.1177,1252.500681564107,3086.9824317097664
2026-02-15 19:00:00,-55,64.1096344147918,133.74176,535.1192889709465,105.964962746948
2026-02-15 20:00:00,-48,0.0,0.0,0.0,0.0
2026-02-15 21:00:00,-47,0.0,0.0,93.88099127374906,0.0
2026-02-15 22:00:00,-47,0.0,0.0,0.0,0.0
2026-02-15 23:00:00,-51,145.25587669441802,33.911827,136.07939446358273,0.0
2026-02-16 00:00:00,-50,251.49162073583193,18.91436,227.21554531796357,0.0
2026-02-16 01:00:00,-50,170.58948549667093,36.56827,277.7016962407581,10.855909966863692
2026-02-16 02:00:00,-50,0.0,27.706135,94.34793713648669,6.846349271479994
2026-02-16 03:00:00,-51,25.702277200079152,62.37935,224.98684577797184,67.25649547018111
2026-02-16 04:00:00,-51,14.02119624847137,0.7814653,206.44401872858532,0.0
2026-02-16 05:00:00,-51,239.99052914223694,37.94488,372.01835324218695,4.890259780338965
2026-02-16 06:00:00,-51,455.9517880470012,0.0,421.1322369537574,0.0
2026-02-16 07:00:00,29,481.51108130466855,0.0,364.68428591341114,0.0
2026-02-16 08:00:00,1403,778.8619203613353,892.7059,736.6691382115719,755.8630950450897
2026-02-16 09:00:00,3659,2435.760573564032,2475.4463,2263.6607955309673,2695.948856949806
2026-02-16 10:00:00,5175,2413.228679794037,1994.8618,2221.3643954400704,2234.708373337984
2026-02-16 11:00:00,6682,2121.4701355282577,1690.6799,2005.308947917628,2152.091847091913
2026-02-16 12:00:00,8267,1738.0029232871111,4861.932,2118.9211632776137,5320.168419599533
2026-02-16 13:00:00,8982,4193.152838464686,7039.033,4652.608187043188,7182.221923112869
2026-02-16 14:00:00,8056,4751.573133426911,8045.2256,5473.3861679691845,8992.633158802986
2026-02-16 15:00:00,5780,5089.934745837516,6685.3213,5449.216858883951,6418.417470574379
2026-02-16 16:00:00,4497,4790.969912347562,5357.517,5267.914436064068,5716.207447886467
2026-02-16 17:00:00,2738,3694.9474314355184,3900.9954,4296.515021634917,3969.027149140835
2026-02-16 18:00:00,104,791.610061959087,1820.2416,1138.3577924506062,1554.0319060385227
2026-02-16 19:00:00,-50,594.3123659008443,40.53276,630.1389053783176,26.244380628224462
2026-02-16 20:00:00,-49,0.0,0.0,350.1768180624115,0.0
2026-02-16 21:00:00,-48,0.0,20.659964,0.0,4.559434796799906
2026-02-16 22:00:00,-49,325.0485972060369,0.0,646.1305363143784,0.0
2026-02-16 23:00:00,-48,0.0,0.0,30.1640894739892,0.0
2026-02-17 00:00:00,-48,0.0,0.0,0.0,0.0
2026-02-17 01:00:00,-48,0.0,0.0,0.0,0.0
2026-02-17 02:00:00,-49,0.0,0.0,0.0,0.0
2026-02-17 03:00:00,-45,0.0,7.4202604,237.50680213322573,0.0
2026-02-17 04:00:00,-44,0.0,0.0,27.399697553028762,0.0
2026-02-17 05:00:00,-49,0.0,0.0,0.0,0.0
2026-02-17 06:00:00,-49,0.0,0.0,0.0,0.0
2026-02-17 07:00:00,264,0.0,378.59268,0.0,221.44400928542018
2026-02-17 08:00:00,5923,3510.2943271320664,2285.5696,4191.378790424366,2871.7390374541283
2026-02-17 09:00:00,13595,7471.324236759781,7400.6963,8306.367699667428,7501.64288520813
2026-02-17 10:00:00,15243,9500.567035539048,11268.257,10135.425636615995,11315.158744812012
2026-02-17 11:00:00,14579,8459.498405390947,10493.742,9089.629628284465,11129.902800321579
2026-02-17 12:00:00,13877,10110.54900422865,12644.789,10704.62245133356,13558.638855457306
2026-02-17 13:00:00,13012,8538.181919192128,11921.287,9361.861176026972,12640.808715820312
2026-02-17 14:00:00,12052,9234.46613181882,11732.143,10160.870059896317,12304.59745502472
2026-02-17 15:00:00,9649,7455.095973892176,10263.59,8187.466794295433,10407.652639389038
2026-02-17 16:00:00,8148,7010.251901217034,7644.428,7745.331534347968,7573.206184387207
2026-02-17 17:00:00,3949,4024.509080926724,3778.116,4710.5848639207425,4799.235847949982
2026-02-17 18:00:00,243,740.927646369083,1929.3872,1114.338653201648,2031.2437611222267
2026-02-17 19:00:00,-53,355.73262144019463,127.116104,747.810239098736,233.3161804229021
2026-02-17 20:00:00,-50,234.65440536766255,105.72981,611.0626215168943,119.51039872504771
2026-02-17 21:00:00,-50,767.9443785437834,23.243711,852.7605785798394,150.87469347193837
2026-02-17 22:00:00,-50,134.9141947688354,0.0,388.44402612413995,5.281345047522336
2026-02-17 23:00:00,-51,1155.3884570723885,0.0,1014.8889194961461,68.00706507917494
2026-02-18 00:00:00,-50,631.9412424864495,0.0,772.123738257768,0.3462323557032505
2026-02-18 01:00:00,-49,1616.3359593530968,90.164795,1543.7592695680291,123.4803953692317
2026-02-18 02:00:00,-50,1657.357609683957,10.554221,1607.9586043609415,33.777371345087886
2026-02-18 03:00:00,-50,717.8409110478651,0.0,1008.912770986896,0.0
2026-02-18 04:00:00,-50,1540.1123028055808,0.0,1618.4421351945084,0.0
2026-02-18 05:00:00,-50,1019.9099481522817,0.0,1297.5621122706266,134.30425072833896
2026-02-18 06:00:00,-50,1316.2511258022005,413.7697,1442.0730140526525,318.0485044643283
2026-02-18 07:00:00,196,1550.2254102565403,861.6678,1701.614408557647,739.136122405529
2026-02-18 08:00:00,5052,7703.988809245755,3631.8987,8695.66778957689,3081.194429755211
2026-02-18 09:00:00,11677,11497.105418956433,10238.777,12399.750194294875,8821.638243198395
2026-02-18 10:00:00,13961,12875.455653755002,11094.542,13761.983792054789,12451.57104420662
2026-02-18 11:00:00,14624,15106.869055225863,12999.236,15453.828423776493,14278.503644943237
2026-02-18 12:00:00,15200,15479.512824805908,11989.5205,15903.852928822836,12797.697818756104
2026-02-18 13:00:00,15259,15280.201919863499,10793.649,15305.92449954491,12471.80520272255
2026-02-18 14:00:00,15990,15250.78467491136,12239.076,15547.498189991136,13245.28641629219
2026-02-18 15:00:00,14735,13349.062392638112,12300.415,13670.119983208679,12644.176045417786
2026-02-18 16:00:00,12694,11288.685542411604,11485.494,11945.493758547376,11736.891985416412
2026-02-18 17:00:00,6831,8218.21078570632,8991.255,8644.026303881185,9099.036570310593
2026-02-18 18:00:00,505,3051.4235452886114,3785.8823,3226.0273614343587,3912.025879740715
2026-02-18 19:00:00,-51,1181.9609259250328,700.88135,1346.149535762309,490.25355414301157
2026-02-18 20:00:00,-45,777.1128525038794,424.21402,1073.0698480418387,284.1468641459942
2026-02-18 21:00:00,-44,315.1774152926846,175.57849,781.6176472695005,168.4664205238223
2026-02-18 22:00:00,-43,427.0276740545514,147.67615,903.4224119528209,172.847253408283
2026-02-18 23:00:00,-44,12.345999961428788,0.0,686.4000612837251,0.0
2026-02-19 00:00:00,-44,0.0,0.0,0.0,0.0
2026-02-19 01:00:00,-44,0.0,0.0,68.12971296150162,0.0
2026-02-19 02:00:00,-44,0.0,0.0,68.5099332285087,1.4794503579614684
2026-02-19 03:00:00,-45,0.0,0.0,0.0,0.0
2026-02-19 04:00:00,-45,0.0,0.0,0.0,0.0
2026-02-19 05:00:00,-45,0.0,8.449367,0.0,0.0
2026-02-19 06:00:00,-45,0.0,82.962364,0.0,1.8060120691952761
2026-02-19 07:00:00,335,0.0,39.30534,0.0,0.0
2026-02-19 08:00:00,5320,0.0,1028.5311,360.5021112742229,1229.7096415758133
2026-02-19 09:00:00,10509,3315.418252333865,3792.7832,3696.4590247827396,4262.261572480202
2026-02-19 10:00:00,12108,6838.697172200147,7567.039,7008.825736715282,8600.402856230736
2026-02-19 11:00:00,12287,8758.178324093416,8222.697,8519.414876819847,10311.510205507278
2026-02-19 12:00:00,11967,9543.824673168989,8344.351,9131.650247773743,8799.521549105644
2026-02-19 13:00:00,12355,10690.292461406005,9567.588,10084.722750294279,10589.833362579346
2026-02-19 14:00:00,11641,7976.81339694155,9792.625,8125.63284110611,10471.282665252686
2026-02-19 15:00:00,10692,8794.097130161806,9641.205,9115.902622430978,9799.707365512848
2026-02-19 16:00:00,9196,8973.094892467992,8581.539,9787.300334378646,8879.26280272007
2026-02-19 17:00:00,5585,7310.5329526199275,6606.3184,7771.2543764591965,7319.337665677071
2026-02-19 18:00:00,421,2986.844244603736,2920.4111,3242.6995875109565,3434.9559019804
2026-02-19 19:00:00,-45,967.5866132409565,104.47957,1153.5467873713058,150.23543709889054
2026-02-19 20:00:00,-40,652.8252996016408,0.0,883.1374658856384,20.989096528384835
2026-02-19 21:00:00,-40,308.69556415789066,0.0,627.9273191639526,0.0
2026-02-19 22:00:00,-41,276.313515081838,0.0,586.9804072748374,0.0
2026-02-19 23:00:00,-41,72.86431177086706,0.0,381.0328394127829,0.0
2026-02-20 00:00:00,-40,215.85534925467073,87.78722,485.82903302162475,151.70062698796391
2026-02-20 01:00:00,-39,0.0,47.73523,312.67216426848734,88.57698224298656
2026-02-20 02:00:00,-46,0.0,0.0,136.6383264465936,0.0
2026-02-20 03:00:00,-48,0.0,0.0,0.0,0.0
2026-02-20 04:00:00,-47,0.0,0.0,0.0,0.0
2026-02-20 05:00:00,-47,0.0,0.0,0.0,0.0
2026-02-20 06:00:00,-43,0.0,0.0,0.0,0.0
2026-02-20 07:00:00,449,0.0,227.12238,0.0,403.9274007305503
2026-02-20 08:00:00,6418,2599.489072917455,2780.4705,3535.6514161467203,3019.769228696823
2026-02-20 09:00:00,12261,6398.927296997312,7960.85,7258.97855021031,8361.603245258331
2026-02-20 10:00:00,13894,10740.544367855842,10636.41,11473.745024175934,11411.735568523407
2026-02-20 11:00:00,15921,13149.490200080803,12217.998,13652.561059210007,12868.32550907135
2026-02-20 12:00:00,16180,13277.492487646461,13068.357,13895.079291639679,13812.257842540741
2026-02-20 13:00:00,15082,15431.312006099943,13789.266,16703.885448069774,14433.475180864334
2026-02-20 14:00:00,15545,15943.18089757015,14891.312,15906.714929947777,15497.641876459122
2026-02-20 15:00:00,14663,13466.24334377631,12685.59,14624.03761803725,13989.746508836746
2026-02-20 16:00:00,12516,10451.972932186796,10409.381,11626.806223345415,10888.899442434311
2026-02-20 17:00:00,7279,8194.806142522797,7792.0024,9117.719513170608,7775.972458362579
2026-02-20 18:00:00,972,2404.759960450585,3590.9832,2802.2803851526446,4050.2469989061356
2026-02-20 19:00:00,-39,107.63795259882409,261.31647,666.3567983497569,244.21476390212774
2026-02-20 20:00:00,-35,0.0,55.683556,379.4155026878664,0.0
2026-02-20 21:00:00,-41,0.0,15.73125,158.53073759673927,0.0
2026-02-20 22:00:00,-46,0.0,0.0,289.3062587551315,0.0
2026-02-20 23:00:00,-45,0.0,0.0,0.0,0.0
2026-02-21 00:00:00,-46,0.0,0.0,0.0,0.0
2026-02-21 01:00:00,-45,0.0,0.0,0.0,0.0
2026-02-21 02:00:00,-45,0.0,0.0,0.0,0.0
2026-02-21 03:00:00,-45,0.0,0.0,0.0,0.0
2026-02-21 04:00:00,-44,0.0,0.0,47.81851278593086,0.0
2026-02-21 05:00:00,-45,0.0,0.0,0.0,0.0
2026-02-21 06:00:00,-44,0.0,0.0,0.0,0.0
2026-02-21 07:00:00,586,0.0,227.87706,0.0,23.67261624801904
2026-02-21 08:00:00,8189,7286.814590967328,567.85394,8595.868583169435,363.0153970643878
2026-02-21 09:00:00,15940,10828.604292935679,10314.092,11638.359760064382,11065.045057296753
2026-02-21 10:00:00,17324,13977.738033387323,14234.945,14606.122453259673,15890.663350582123
2026-02-21 11:00:00,17968,15503.019716421866,15494.087,15775.766680319939,17158.41336107254
2026-02-21 12:00:00,17498,15565.163565263389,14311.271,15362.56143447646,16596.453047275543
2026-02-21 13:00:00,16106,15591.967420063429,13568.477,15603.081041332453,15729.012127876282
2026-02-21 14:00:00,14796,15466.645443048044,14289.363,15459.320230582493,15423.305165290833
2026-02-21 15:00:00,14136,14325.39047426658,14631.715,14545.951271820868,15526.54011797905
2026-02-21 16:00:00,12476,13627.966114836923,12133.694,14337.65419481214,13364.722061634064
2026-02-21 17:00:00,9126,10515.146424331506,9883.548,11372.241273306332,10086.20093178749
2026-02-21 18:00:00,948,3217.66779004211,5274.76,3819.282818159402,5022.447008013725
2026-02-21 19:00:00,-49,725.929979040161,492.29218,1156.447373921085,344.7435716986656
2026-02-21 20:00:00,-43,415.2738434883986,299.4461,921.1466936131873,259.2272339724004
2026-02-21 21:00:00,-43,4.2181526520048465,46.468445,617.3793243663074,71.36437787488103
2026-02-21 22:00:00,-42,0.0,0.0,0.0,0.0
2026-02-21 23:00:00,-43,0.0,0.0,0.0,0.0
2026-02-22 00:00:00,-45,0.0,0.0,0.0,0.0
2026-02-22 01:00:00,-42,0.0,0.0,312.7718035286766,0.0
2026-02-22 02:00:00,-44,212.70226257069726,0.0,597.8868572478034,0.0
2026-02-22 03:00:00,-45,394.23755628244044,0.0,796.3012508534396,0.0
2026-02-22 04:00:00,-44,0.0,0.0,482.29512622262763,0.0
2026-02-22 05:00:00,-45,0.0,0.0,0.0,0.0
2026-02-22 06:00:00,-44,0.0,0.0,259.94677109406916,0.0
2026-02-22 07:00:00,553,612.5044962460825,20.365334,1200.9247010700878,213.77524016797543
2026-02-22 08:00:00,8176,8164.616904726687,3134.5269,9210.665406449843,2626.3950149416924
2026-02-22 09:00:00,14389,12575.249777551457,11092.836,13310.595135138647,11917.805109500885
2026-02-22 10:00:00,14936,14677.229949251338,14078.266,14969.055971520142,16078.699174404144
2026-02-22 11:00:00,16208,16139.336307041369,14753.816,16242.702073901784,16233.749396324158
2026-02-22 12:00:00,15928,16967.09974078038,14350.038,17032.010715166252,16422.063315868378
2026-02-22 13:00:00,13990,16372.205929221811,14849.132,16164.622716995118,14816.361251592636
2026-02-22 14:00:00,13106,15916.345965600893,13591.624,15864.81851587035,13998.880552053452
2026-02-22 15:00:00,13008,14670.321714181504,14481.796,14638.636583222607,14244.939215898514
2026-02-22 16:00:00,12140,13730.56120243937,13606.682,13931.905949111308,14291.490068435669
2026-02-22 17:00:00,8777,10555.347185301818,9494.519,10964.883377135102,10843.59678697586
2026-02-22 18:00:00,955,3355.6445135445038,4682.0547,3628.8645605482493,4945.875830054283
2026-02-22 19:00:00,-41,738.6786472078911,189.64737,974.0062375020933,146.90674313530326
2026-02-22 20:00:00,-33,657.7370109358089,102.80555,893.7370191530526,4.9347517064306885
2026-02-22 21:00:00,-31,0.0,6.6701593,0.0,21.99013460241258
2026-02-22 22:00:00,-32,131.741470575289,187.80258,387.22382366725253,129.27646465972066
2026-02-22 23:00:00,-33,0.0,0.0,0.0,0.0
2026-02-23 00:00:00,-33,0.0,26.860516,0.0,0.0
2026-02-23 01:00:00,-32,0.0,124.88014,19.318989799873492,119.83487741835415
2026-02-23 02:00:00,-34,0.0,0.0,0.0,0.0
2026-02-23 03:00:00,-35,0.0,21.836416,0.0,0.0
2026-02-23 04:00:00,-35,0.0,0.0,0.0,4.215414076927118
2026-02-23 05:00:00,-35,0.0,0.0,0.0,0.0
2026-02-23 06:00:00,-34,0.0,0.0,0.0,0.0
2026-02-23 07:00:00,677,0.0,98.986465,0.0,244.82602880895138
2026-02-23 08:00:00,7483,6170.082676391328,1578.8116,7126.920268478531,2007.7252705693245
2026-02-23 09:00:00,13959,11151.61346434769,8450.798,11962.593814094575,9629.493381500244
2026-02-23 10:00:00,16501,14310.744149384991,13480.98,14466.013944565548,15089.546105146408
2026-02-23 11:00:00,17117,15392.694626154793,15242.948,15453.254094679818,16013.761667490005
2026-02-23 12:00:00,17978,16505.500796104556,15464.856,16259.280565924171,15696.478162050247
2026-02-23 13:00:00,17548,16205.578307844065,13556.531,15970.266634591055,14607.735565423965
2026-02-23 14:00:00,17159,15535.34552904842,13519.61,15496.656636746095,14459.893196582794
2026-02-23 15:00:00,16133,14433.988074396591,13751.632,14585.915573645489,14194.62005853653
2026-02-23 16:00:00,13894,13224.223388632396,11953.322,13160.934725448471,12022.682767152786
2026-02-23 17:00:00,7040,10144.536569777716,9046.051,10528.850818168552,10286.624949932098
2026-02-23 18:00:00,750,3124.1780833948906,4736.938,3389.7743083647924,5120.558208703995
2026-02-23 19:00:00,-50,1065.4139477849103,342.92383,984.9707738020056,337.34301202744246
2026-02-23 20:00:00,-44,845.8274119677681,244.26051,950.5405287283683,242.14923958852887
2026-02-23 21:00:00,-41,866.1188411654048,146.81416,1060.6121761859984,71.7308606095612
2026-02-23 22:00:00,-41,0.0,0.0,0.0,0.0
2026-02-23 23:00:00,-40,0.0,0.0,0.0,0.0
2026-02-24 00:00:00,-44,0.0,0.0,0.0,0.0
2026-02-24 01:00:00,-43,537.9381546495433,0.0,1084.4188397109524,0.0
2026-02-24 02:00:00,-44,23.331892705944483,0.0,276.29681202834365,0.0
2026-02-24 03:00:00,-43,329.901678895435,0.0,554.619133136979,0.0
2026-02-24 04:00:00,-43,292.4353045746552,0.0,582.3391306139991,0.353266669480945
2026-02-24 05:00:00,-43,584.4863327858866,0.0,792.5030274725185,0.0
2026-02-24 06:00:00,-42,896.2622117018336,0.0,763.491244852462,0.0
2026-02-24 07:00:00,514,1468.9121456302473,576.159,1453.7127771585633,494.16134472191334
2026-02-24 08:00:00,6978,7367.594198937932,3780.2373,7864.0140391379055,4054.318460404873
2026-02-24 09:00:00,13068,11495.746508389791,8589.057,11769.863873030805,9439.602508306503
2026-02-24 10:00:00,14267,13567.388419607894,12342.432,14017.572372726345,13443.731427669525
2026-02-24 11:00:00,17039,14869.600528191007,14353.562,15310.4820803018,14562.159125804901
2026-02-24 12:00:00,16565,16505.189266682708,15176.383,16347.825326626178,14445.364311933517
2026-02-24 13:00:00,15651,16873.88425327075,15245.523,16479.751277729305,15010.26942229271
2026-02-24 14:00:00,15400,16751.07385353971,15736.259,16362.009426862987,15042.25474190712
2026-02-24 15:00:00,13578,13988.910914497446,14363.663,14203.25780272867,14543.830677509308
2026-02-24 16:00:00,11155,9776.13589481169,11565.7295,9938.607332664304,11564.843431949615
2026-02-24 17:00:00,5407,6654.440934021915,8551.399,6616.362913425105,9051.184704065323
2026-02-24 18:00:00,528,1962.3993444867401,2712.2732,1893.4571690755304,2395.0646454691887
2026-02-24 19:00:00,-53,1068.0710872063846,277.00974,1062.58884410877,238.39368418604136
2026-02-24 20:00:00,-46,563.8792957088572,0.0,307.15700623919133,0.0
2026-02-24 21:00:00,-41,902.9949721599387,0.0,611.1017884428826,0.0
2026-02-24 22:00:00,-40,1179.2890248491058,0.0,775.5531651786483,59.838142186403275
2026-02-24 23:00:00,-40,1425.1985933657352,0.0,995.8809926924091,68.40127401798964
2026-02-25 00:00:00,-40,1052.9768453275865,0.0,676.716481643686,13.676551239565015
2026-02-25 01:00:00,-46,980.0680622937798,0.0,578.9829858904648,20.792947844602168
2026-02-25 02:00:00,-47,796.4431065880108,16.64531,460.8156056266482,80.4950611051172
2026-02-25 03:00:00,-47,426.8722686619194,0.0,262.507027977431,23.363232230767608
2026-02-25 04:00:00,-47,681.9225378244819,0.0,468.07843177191205,64.57704099733382
2026-02-25 05:00:00,-47,408.43443867490896,0.0,205.03591638536665,19.03985595703125
2026-02-25 06:00:00,-46,482.618037792422,0.0,284.22123121731715,0.0
2026-02-25 07:00:00,584,1348.3520321951928,276.22638,1158.1315506956046,180.68641341850162
2026-02-25 08:00:00,6365,7503.125745980398,4367.355,7676.43716224734,4447.587579846382
2026-02-25 09:00:00,11388,11311.49053515329,8723.212,11297.860892552742,8702.910771846771
2026-02-25 10:00:00,13930,13871.398175531165,13377.882,13518.594824944428,12994.153044462204
2026-02-25 11:00:00,14729,15721.722047462492,15184.276,15145.049578584125,14602.686726808548
2026-02-25 12:00:00,16002,16956.781921268037,16222.379,16062.296806213926,15190.124058008194
2026-02-25 13:00:00,15866,16488.205941559023,15738.727,15814.152633164938,14988.371001005173
2026-02-25 14:00:00,15646,16042.047431277846,15403.932,15428.27595849937,14627.199032306671
2026-02-25 15:00:00,14751,15271.537241159767,14913.56,15033.487445863771,14180.167704105377
2026-02-25 16:00:00,13739,13960.753279232678,13824.337,13909.934107593279,13707.844755649567
2026-02-25 17:00:00,7747,10250.714700768754,9172.287,10215.74849979484,8967.889645814896
2026-02-25 18:00:00,830,3964.6432393178993,3877.1194,3944.4880055166136,4579.552623152733
2026-02-25 19:00:00,6,1361.5515813550865,154.03452,1103.3823805535624,260.2800802588463
2026-02-25 20:00:00,11,957.4080944724446,0.0,835.0204672187233,144.46759506314993
2026-02-25 21:00:00,16,387.4316552365931,0.0,308.7482403348746,0.0
2026-02-25 22:00:00,14,787.8340503700238,0.0,488.2375687132391,0.0
2026-02-25 23:00:00,14,857.9862816222749,0.0,406.29284182013015,0.0
2026-02-26 00:00:00,-47,770.7754099600279,0.0,326.44080595463345,0.0
2026-02-26 01:00:00,-45,237.98639701391903,0.0,0.0,0.0
2026-02-26 02:00:00,-47,5.29866157582228,0.0,0.0,0.0
2026-02-26 03:00:00,-47,0.0,0.0,0.0,0.0
2026-02-26 04:00:00,-47,0.0,59.31975,0.0,11.878072166349739
2026-02-26 05:00:00,-47,0.0,0.0,0.0,0.0
2026-02-26 06:00:00,-46,143.5964738974776,0.0,0.0,0.0
2026-02-26 07:00:00,732,1114.1208630603642,176.22012,744.5154991477918,411.6094245314598
2026-02-26 08:00:00,6829,6448.346917277102,1951.5104,6471.137659774087,1840.3295657336712
2026-02-26 09:00:00,13203,9375.57420319361,6987.341,9535.98776919253,7988.026913881302
2026-02-26 10:00:00,15746,11077.39607273684,12244.148,11362.385926393781,12853.587513685226
2026-02-26 11:00:00,16382,14119.67032490379,14379.707,14069.815947674306,13590.081996202469
2026-02-26 12:00:00,15703,16355.115696413814,15265.271,16259.764518777902,14540.774858236313
2026-02-26 13:00:00,15198,16137.21544286795,16003.622,15248.837298387078,15097.63998413086
2026-02-26 14:00:00,15082,16985.27779273464,15675.975,16567.36598097314,15116.925599098206
2026-02-26 15:00:00,14587,16165.091956842836,14845.467,15854.767191594374,14536.296223640442
2026-02-26 16:00:00,13109,13916.247756303623,14387.542,13944.010980723666,14440.109596252441
2026-02-26 17:00:00,8331,10170.129624085506,10436.717,10136.02446400098,9694.638921260834
2026-02-26 18:00:00,1020,3568.7186317721007,2594.9875,3316.2781204631556,2051.2803962230682
2026-02-26 19:00:00,-49,679.2718392514107,30.385328,434.99390932870153,3.814803321787622
2026-02-26 20:00:00,-44,389.78490664396486,0.0,133.95976394185186,0.0
2026-02-26 21:00:00,-40,95.88929250298679,0.0,0.0,0.0
2026-02-26 22:00:00,-41,143.9020410009407,68.96876,0.0,80.12238050065935
2026-02-26 23:00:00,-40,0.0,0.0,0.0,0.0
2026-02-27 00:00:00,-44,0.0,0.0,0.0,0.0
2026-02-27 01:00:00,-40,0.0,0.0,0.0,0.0
2026-02-27 02:00:00,-43,0.0,0.0,0.0,1.908919812674867
2026-02-27 03:00:00,-43,496.4285107465839,0.0,479.94138593945894,0.0
2026-02-27 04:00:00,-43,748.1227241381039,0.0,563.8160012858207,103.51166736334562
2026-02-27 05:00:00,-43,608.9446885180378,0.0,460.87992825590044,0.0
2026-02-27 06:00:00,-42,0.0,79.13814,0.0,29.085444976575673
2026-02-27 07:00:00,847,1613.7242429244525,408.11063,1294.0719363245942,460.69190476834774
2026-02-27 08:00:00,7706,7375.200515236045,3827.69,7488.010278895376,4835.904062390327
2026-02-27 09:00:00,14222,11566.067747146444,9378.544,11775.224322185959,10607.674604415894
2026-02-27 10:00:00,16496,15539.734324572917,14758.702,15810.22399786946,15718.284962654114
2026-02-27 11:00:00,17403,17065.91137566454,15854.199,16844.259361565964,15905.387333393097
2026-02-27 12:00:00,18149,17445.381135143893,15591.906,16745.209723834414,15662.361853122711
2026-02-27 13:00:00,17980,17795.475663888254,16099.377,17126.22572061552,16139.99636399746
2026-02-27 14:00:00,16563,17057.68052103644,16133.956,16297.114869686988,15671.276374459267
2026-02-27 15:00:00,16350,16243.881585582,15709.739,15891.360610013557,15205.06067019701
2026-02-27 16:00:00,14723,14727.830529776074,15235.878,14491.315830613317,14541.947564423084
2026-02-27 17:00:00,8632,10427.737047672888,11373.355,10433.88955352207,10677.247985422611
2026-02-27 18:00:00,1603,4182.030585798072,5157.035,4248.524328345431,4746.617444068193
2026-02-27 19:00:00,-54,735.3969191504402,286.24756,469.03528415243295,249.3093913057819
2026-02-27 20:00:00,-50,803.1613303928107,46.081154,448.79678060804,0.0
2026-02-27 21:00:00,-47,750.5111928246379,0.0,342.5150170935061,0.0
2026-02-27 22:00:00,-46,405.6898899139369,0.0,49.406793951114246,0.0
2026-02-27 23:00:00,-47,313.5223004546724,0.0,0.0,0.0
2026-02-28 00:00:00,-48,546.9376545092109,0.0,228.86786225423694,0.0
2026-02-28 01:00:00,-46,552.9322158802142,0.0,275.31813977416243,0.0
2026-02-28 02:00:00,-48,461.24966684986066,0.0,276.3269627658567,0.0
2026-02-28 03:00:00,-48,282.1636549119571,0.0,197.7303641149076,0.0
2026-02-28 04:00:00,-48,376.0550537754393,0.0,199.03281512315894,2.3584506648912793
2026-02-28 05:00:00,-48,329.27843072285214,0.0,310.6824159206326,0.0
2026-02-28 06:00:00,-48,252.38381651562622,0.0,299.2744825686128,0.0
2026-02-28 07:00:00,779,335.679893241077,617.1558,412.6773723335632,484.0596833974123
2026-02-28 08:00:00,7108,4889.117890652049,2233.9937,5129.063860481366,2239.433985285461
2026-02-28 09:00:00,14353,9553.591241320984,8792.967,9240.348794714319,8704.912927389145
2026-02-28 10:00:00,16736,14715.360073014665,14853.875,14110.059541452805,14519.781123995781
2026-02-28 11:00:00,17953,16224.887999141101,16769.201,15325.323922410951,15565.409472286701
2026-02-28 12:00:00,18496,17242.234350952003,17047.566,16171.97494334704,16437.95655065775
2026-02-28 13:00:00,19117,17700.92773094258,16649.646,16937.458737610228,16290.512966156006
2026-02-28 14:00:00,19112,17924.412597761537,17160.084,17968.331316870477,16649.22158074379
2026-02-28 15:00:00,17827,17640.20244560495,16359.527,18148.935123935567,16686.109383881092
2026-02-28 16:00:00,15609,15801.12934659019,15424.442,16296.636099874695,15923.320480585098
2026-02-28 17:00:00,8853,12649.61076906716,14016.409,13050.643485143184,14858.555917441845
2026-02-28 18:00:00,1224,5387.018185029516,7493.8115,5212.569633148046,7447.629563868046
2026-02-28 19:00:00,-61,1868.480691665749,255.05565,1478.741384813914,286.8517766436562
2026-02-28 20:00:00,-55,1210.7257646592652,0.0,883.5058411606822,46.60583828529343
2026-02-28 21:00:00,-51,1414.100343631254,95.80636,959.3459668573776,66.16777462139726
2026-02-28 22:00:00,-49,1556.5053332243742,26.381384,1053.638332336167,3.8325411927507957
2026-02-28 23:00:00,-49,1629.6922903885788,74.68434,1108.5570365281546,34.92952197371051
2026-03-01 00:00:00,-50,1272.5960507866312,46.36582,722.0819339581706,35.51059417845681
2026-03-01 01:00:00,-49,1363.766785385098,94.14296,735.4118372266587,51.39983976026997
2026-03-01 02:00:00,-51,980.147432259253,0.0,434.8845994567901,0.0
2026-03-01 03:00:00,-52,1204.2148902642357,0.0,693.2787336921782,12.932070194510743
2026-03-01 04:00:00,-52,1380.1537686335705,204.80815,1019.4773484316031,205.7997263111174
2026-03-01 05:00:00,-52,1022.8379239807291,0.0,727.6946875348624,27.48817194928415
2026-03-01 06:00:00,-51,1009.4138027674044,0.0,654.0040696118425,0.0
2026-03-01 07:00:00,1023,2426.4011365291317,508.66046,2154.603491723649,633.8608439303935
2026-03-01 08:00:00,9192,9125.746924896004,7151.429,9662.031454447233,8010.911206066608
2026-03-01 09:00:00,15791,12418.29346661614,11986.987,13090.324768943266,12387.384180366993
2026-03-01 10:00:00,16748,15075.346266690725,14454.3955,15378.942760383477,15222.928516089916
2026-03-01 11:00:00,17231,17253.538440285713,15979.329,17699.36483184683,16525.558049440384
2026-03-01 12:00:00,17158,18946.88366115718,15862.383,19683.6104611656,16713.90200138092
2026-03-01 13:00:00,16889,18594.409539266766,16201.494,19103.956373032855,16651.777393996716
2026-03-01 14:00:00,16475,14014.70910165045,15281.392,15027.598112100583,16142.785418510437
2026-03-01 15:00:00,15472,13263.993388389837,14822.214,14331.421033020508,15612.829621255398
2026-03-01 16:00:00,14513,13571.346020389974,14313.828,14455.549057733357,15139.150712430477
2026-03-01 17:00:00,8867,10924.714300538368,12101.409,11661.247514505963,12830.661103725433
2026-03-01 18:00:00,1070,3185.7400755963163,4295.5093,3130.884082143049,4657.830069363117
2026-03-01 19:00:00,-52,888.9273635475201,42.333496,935.3494538321045,129.52108701923862
2026-03-01 20:00:00,-48,729.1824381574115,30.617949,706.4265165437836,77.26884956890717
2026-03-01 21:00:00,-44,732.2263420946147,83.41766,643.0052384333285,150.41954105813056
2026-03-01 22:00:00,-44,483.6500522420538,0.0,501.2861604477065,0.0
2026-03-01 23:00:00,-44,0.0,0.0,11.446705388346386,0.0
2026-03-02 00:00:00,-47,107.85030006108445,0.0,200.9389423155987,0.0
2026-03-02 01:00:00,-44,0.0,0.0,0.0,0.0
2026-03-02 02:00:00,-48,0.0,0.0,0.0,0.0
2026-03-02 03:00:00,-48,0.0,0.0,0.0,0.0
2026-03-02 04:00:00,-48,0.0,0.0,0.0,0.0
2026-03-02 05:00:00,-48,0.0,0.0,0.0,0.0
2026-03-02 06:00:00,-47,0.0,0.0,0.0,0.0
2026-03-02 07:00:00,970,61.860597535970555,257.3747,412.26744186253967,352.2388595622033
2026-03-02 08:00:00,8496,4025.674634016804,1234.1469,4780.1403503845,791.6575290001929
2026-03-02 09:00:00,14500,7208.134016690961,6640.9697,7768.442691075966,6488.797363936901
2026-03-02 10:00:00,15676,10094.953149173802,12225.708,10703.146227162797,12306.704573869705
2026-03-02 11:00:00,16170,12221.268271993595,12776.098,12802.750934859041,13767.175801038742
2026-03-02 12:00:00,15904,13976.731246006282,13446.025,14323.907586304189,14639.93076300621
2026-03-02 13:00:00,16861,15170.91433536966,15197.579,15372.406151232151,15221.171465694904
2026-03-02 14:00:00,16870,15572.080735030238,15182.085,16147.292361622296,15611.39048075676
2026-03-02 15:00:00,16626,14864.228257873263,14777.384,15606.992848167623,15542.897420287132
2026-03-02 16:00:00,14741,13900.200892107649,14687.803,14809.901594254945,15932.15017157793
2026-03-02 17:00:00,9260,11157.192124693833,12500.386,12157.91326605911,12959.557044506073
2026-03-02 18:00:00,1331,4506.9692553692685,8342.549,4892.583748435884,8450.924140542746
2026-03-02 19:00:00,16,653.1030681107031,175.56577,592.8339948642979,289.5015955111012
2026-03-02 20:00:00,24,441.8718816521905,116.56503,393.5111020730918,261.83666897099465
2026-03-02 21:00:00,-10,254.6698753503897,4.1907945,204.41048219895052,27.081731197191402
2026-03-02 22:00:00,-11,231.94282643214046,0.054529134,143.51607073664402,0.0
2026-03-02 23:00:00,-11,80.63525745419156,0.0,0.0,0.0
2026-03-03 00:00:00,-14,49.03089872722376,7.17336,0.0,0.0
2026-03-03 01:00:00,-12,0.0,0.0,0.0,0.0
2026-03-03 02:00:00,-14,0.0,0.0,0.0,0.0
2026-03-03 03:00:00,-14,0.0,0.0,0.0,0.0
2026-03-03 04:00:00,-13,0.0,0.0,0.0,0.0
2026-03-03 05:00:00,-13,0.0,0.0,0.0,0.0
2026-03-03 06:00:00,-13,0.0,0.0,0.0,0.0
2026-03-03 07:00:00,1326,393.4119322217707,194.24553,675.1420968026797,366.4636538401246
2026-03-03 08:00:00,10665,7203.412024188736,3046.4304,8226.069046796183,3772.2139998674393
2026-03-03 09:00:00,16694,11732.430866958326,9919.618,12880.692402506098,11845.728387355804
2026-03-03 10:00:00,18163,13005.663852019163,14976.539,13531.052933536603,16729.825982749462
2026-03-03 11:00:00,17825,14288.840371587088,15559.714,14479.00265915269,16522.359579622746
2026-03-03 12:00:00,18546,14712.061663823537,14944.212,14710.023128713012,15925.68372476101
2026-03-03 13:00:00,18168,15331.339043688924,13865.4795,15690.043621297058,15152.303522229195
2026-03-03 14:00:00,17752,15507.387473472598,15488.244,15943.406951338302,16202.751884877682
2026-03-03 15:00:00,17080,15038.940673379213,15442.0625,15355.631376651772,15578.40989279747
2026-03-03 16:00:00,15273,12151.533709049601,12739.565,12500.998802559949,12613.604988455772
2026-03-03 17:00:00,10213,10862.480523251212,10673.547,11776.057766904749,12204.232756733894
2026-03-03 18:00:00,1589,4196.621986539296,7682.693,4447.42632644837,7921.0424083173275
2026-03-03 19:00:00,3,517.3731084790015,385.98123,318.23521998649113,497.17347568273544
2026-03-03 20:00:00,10,167.7894106157587,198.66667,104.03008389261255,182.94672996830195
2026-03-03 21:00:00,-26,0.0,0.0,158.6458498346824,0.0
2026-03-03 22:00:00,-25,0.0,0.0,0.0,0.0
2026-03-03 23:00:00,-27,0.0,0.0,0.0,0.0
2026-03-04 00:00:00,-27,0.0,0.0,0.0,0.0
2026-03-04 01:00:00,-25,0.0,0.0,0.0,0.0
2026-03-04 02:00:00,-28,0.0,0.0,0.0,0.0
2026-03-04 03:00:00,-27,0.0,0.0,0.0,0.0
2026-03-04 04:00:00,-28,8.234754598933705,0.0,0.0,14.325038001756184
2026-03-04 05:00:00,-28,0.0,0.0,0.0,0.0
2026-03-04 06:00:00,-27,0.0,0.0,0.0,0.0
2026-03-04 07:00:00,1114,819.8083650957778,594.8966,1007.1825709738147,900.4846954084933
2026-03-04 08:00:00,8537,5455.6363176920895,3641.1824,6124.87092217906,4806.339569449425
2026-03-04 09:00:00,13978,9597.622135595393,9329.21,10366.171545195477,10406.158311545849
2026-03-04 10:00:00,16639,13814.640778508656,13962.834,14641.837142941897,15402.168166697025
2026-03-04 11:00:00,16825,15514.336286893322,15922.423,15638.71764902782,15257.600065648556
2026-03-04 12:00:00,15943,13402.265601728435,13412.817,13518.62535795672,13820.637078881264
2026-03-04 13:00:00,15031,13881.9980881942,13811.392,14092.18399124199,14534.955547869205
2026-03-04 14:00:00,14741,14638.205941666645,14385.405,15009.498867875456,15028.191042900085
2026-03-04 15:00:00,15052,14178.221819771206,13886.779,14893.034855106514,14687.089676558971
2026-03-04 16:00:00,13339,12951.109605419788,12097.682,13916.558247485831,12455.805454730988
2026-03-04 17:00:00,9190,8253.795038016873,9579.313,8974.592425387722,9446.50000166893
2026-03-04 18:00:00,1275,3018.0197074739026,4999.462,3512.5667702023734,5718.64981508255
2026-03-04 19:00:00,-55,286.88949446313063,250.813,548.10513147627,359.87923709861934
2026-03-04 20:00:00,-53,0.0,167.58066,242.48781906600155,203.89196426328272
2026-03-04 21:00:00,-50,0.0,52.347748,65.25532087780489,52.45154092577286
2026-03-04 22:00:00,-48,0.0,100.24033,47.508029035022105,87.82127356622368
2026-03-04 23:00:00,-50,0.0,39.47713,0.0,22.595408941269852
2026-03-05 00:00:00,-50,0.0,0.0,54.411659918689416,0.12584601051639766
2026-03-05 01:00:00,-49,0.0,0.0,0.0,0.0
2026-03-05 02:00:00,-50,0.0,0.0,0.0,0.0
2026-03-05 03:00:00,-50,0.0,0.8403634,0.0,0.0
2026-03-05 04:00:00,-49,0.0,6.4568377,0.0,0.0
2026-03-05 05:00:00,-50,0.0,0.0,247.19863314036212,82.08746520336717
2026-03-05 06:00:00,-49,140.85707623508006,254.71265,606.1232905114409,282.3814891995862
2026-03-05 07:00:00,1361,1422.5027526808008,3239.991,2092.379772258134,4041.027897298336
2026-03-05 08:00:00,10322,6106.405334432371,7350.909,7481.308901456549,8571.275825560093
2026-03-05 09:00:00,14795,9391.270195134248,12088.544,10870.773597859674,13441.768244743347
2026-03-05 10:00:00,14494,13619.842224996664,14480.308,14696.62573750172,16320.09482049942
2026-03-05 11:00:00,13953,15292.676078270692,15247.692,16045.176209455816,16152.985882282257
2026-03-05 12:00:00,13678,15785.215323655284,14705.843,16005.184050535034,15559.248699903488
2026-03-05 13:00:00,12977,16253.614754759867,13996.719,16425.422273115495,15224.138624727726
2026-03-05 14:00:00,13009,16516.603400328808,14244.866,17255.10458876288,15459.180008113384
2026-03-05 15:00:00,12210,15033.151908802953,14639.099,15748.18908493077,16522.51682537794
2026-03-05 16:00:00,10829,14665.477283461772,14091.84,16054.291766475371,15409.256759762764
2026-03-05 17:00:00,8804,12607.386257542797,13863.107,13984.183179436273,14772.838749468327
2026-03-05 18:00:00,1633,6804.306839702986,8742.219,7289.572984152952,9655.800938606262
2026-03-05 19:00:00,-53,2907.045900886188,572.6248,2597.619239530532,317.1113471649587
2026-03-05 20:00:00,-51,2550.5792689776817,552.933,2334.0587126305213,343.0825346671045
2026-03-05 21:00:00,-45,1861.0080173629322,566.2152,1845.1014703854914,336.18095580115914
2026-03-05 22:00:00,-46,1350.719644136846,538.64136,1468.5044671406886,255.97652275953442
2026-03-05 23:00:00,-47,1056.337306291396,526.362,1234.3939579342102,320.99438438378274
2026-03-06 00:00:00,-45,723.0440768995622,503.65778,965.1868754796537,339.796896006912
2026-03-06 01:00:00,-45,162.3843967680359,248.50732,624.1252660705819,177.43513449840248
2026-03-06 02:00:00,-45,0.0,0.0,0.0,0.0
2026-03-06 03:00:00,-45,0.0,0.0,0.0,0.0
2026-03-06 04:00:00,-45,14.627077995178752,21.79598,208.97728299505758,0.0
2026-03-06 05:00:00,-45,109.10720989025867,0.0,466.92538538685596,0.0
2026-03-06 06:00:00,-44,129.1497640957582,0.0,481.5570512123478,0.0
2026-03-06 07:00:00,1523,2186.729579961402,1257.8887,2913.9651132562685,1336.8985679596663
2026-03-06 08:00:00,9754,9004.416913640833,6187.6196,10465.88510596904,7838.7675550282
2026-03-06 09:00:00,14614,12496.330282380279,13599.754,13906.58616578751,15862.184926211834
2026-03-06 10:00:00,15403,14753.28566110249,14305.209,15860.343786795465,16806.417199611664
2026-03-06 11:00:00,15500,16074.170672322049,15496.39,16741.150833352734,17403.701527178288
2026-03-06 12:00:00,15230,16990.59650303899,15552.315,17222.45705971214,17016.621729910374
2026-03-06 13:00:00,15575,16988.235171385193,15126.326,17254.38303344382,16938.618719637394
2026-03-06 14:00:00,14712,17378.639142369146,13988.542,17743.169713112435,15810.648199677467
2026-03-06 15:00:00,12688,16352.537205511464,14817.528,17086.137998753464,16903.507337749004
2026-03-06 16:00:00,11950,13795.533694445468,14186.97,15020.003956668568,15676.131292879581
2026-03-06 17:00:00,9057,12211.470830945418,14060.247,13244.05292334315,15268.44888329506
2026-03-06 18:00:00,1595,5564.501623770697,9710.622,6177.596033467595,10405.000618159771
2026-03-06 19:00:00,-46,561.2638171879535,405.1464,858.0628072314587,391.4448981266469
2026-03-06 20:00:00,-37,0.0,0.0,0.0,120.00993543956429
2026-03-06 21:00:00,-33,0.0,52.095234,0.0,53.07356254593469
2026-03-06 22:00:00,-35,0.0,84.758156,0.0,0.0
2026-03-06 23:00:00,-34,0.0,0.0,12.889942598070718,0.0
2026-03-07 00:00:00,-33,0.0,0.0,0.0,0.0
2026-03-07 01:00:00,-33,0.0,0.0,0.0,0.0
2026-03-07 02:00:00,-45,1158.7957728727615,0.0,1570.7232431884825,0.0
2026-03-07 03:00:00,-45,580.7928689381733,0.0,628.1525322631936,0.0
2026-03-07 04:00:00,-45,663.2091721516708,220.71802,816.0185811496742,148.25715376483276
2026-03-07 05:00:00,-45,132.87545837951484,65.26534,430.09361003752724,84.640305172652
2026-03-07 06:00:00,-44,994.2059377135511,0.0,1616.9969333936938,0.0
2026-03-07 07:00:00,1527,2795.0222445803593,1290.9055,3453.2125546114357,992.0802765935659
2026-03-07 08:00:00,9738,10475.642437799865,5747.471,11738.188024969959,7805.909459233284
2026-03-07 09:00:00,14785,13665.05836570701,11925.109,14858.713317258216,13826.008502721786
2026-03-07 10:00:00,15732,16037.332246820439,13665.814,16578.270503800784,15944.269489347935
2026-03-07 11:00:00,15693,17320.074666358367,12286.282,17342.760812759414,14552.424639701843
2026-03-07 12:00:00,15409,17843.71742264864,11764.981,17697.226019266025,13943.146335184574
2026-03-07 13:00:00,15727,18385.39803389662,12502.799,18322.174566879876,14601.643700540066
2026-03-07 14:00:00,14747,18697.903048099743,13157.119,18960.915668852038,14045.400515079498
2026-03-07 15:00:00,12791,18176.94102576052,13694.624,18786.202544870233,14656.721874952316
2026-03-07 16:00:00,12099,16037.217988061959,13450.084,16801.06854049334,15246.864054739475
2026-03-07 17:00:00,9151,12251.891539831438,11328.405,13213.519316995511,12566.021055579185
2026-03-07 18:00:00,1609,5268.62670640728,4524.6567,5908.550277132414,3909.1052605956793
2026-03-07 19:00:00,-46,903.848382035193,483.4386,983.4301305354244,319.89156321436167
2026-03-07 20:00:00,-37,1389.1966337451677,604.17523,1706.179256021834,707.6707764975727
2026-03-07 21:00:00,-33,1635.461652557944,599.6054,1911.5700565987206,460.75103594549
2026-03-07 22:00:00,-35,1478.2951473395897,764.94073,1819.2947333727072,652.9743218533695
2026-03-07 23:00:00,-34,181.4997966373312,400.51532,501.0076063572621,481.2729957178235
2026-03-08 00:00:00,-33,22.78251940974951,404.82263,441.1475871629831,591.316466588527
2026-03-08 01:00:00,-50,0.0,302.9878,365.9571005661859,591.6657116897404
2026-03-08 03:00:00,-50,0.0,272.06714,502.84505432996434,517.0413486622274
2026-03-08 04:00:00,-50,334.6225136792277,297.424,596.1640340083613,227.55234064534307
2026-03-08 05:00:00,-50,0.0,140.67874,100.0812707113414,0.0
2026-03-08 06:00:00,-51,0.0,0.0,27.65535788318731,0.0
2026-03-08 07:00:00,-49,143.97360585215574,47.748055,312.44686482117606,0.0
2026-03-08 08:00:00,1642,3189.185112060165,1271.2985,3677.254417232761,1289.800473190844
2026-03-08 09:00:00,8919,9804.932398630073,7345.408,11072.941417323973,9183.261491775513
2026-03-08 10:00:00,11747,13084.443890876264,13550.6455,14174.385110267218,14968.32257026434
2026-03-08 11:00:00,13002,14988.987610732358,15776.621,15838.119701385871,17040.32709723711
2026-03-08 12:00:00,12954,16189.261613009843,15488.691,16663.44426368629,16946.270206928253
2026-03-08 13:00:00,12239,17833.04367626584,15368.226,18284.38487848191,16640.75879651308
2026-03-08 14:00:00,11745,17847.104750414856,16619.727,18120.927337853707,17076.11645901203
2026-03-08 15:00:00,11486,17399.9194362641,17112.135,17691.44017231791,17697.535731077194
2026-03-08 16:00:00,11375,16626.12696638434,17827.756,17271.36837478776,18711.572585701942
2026-03-08 17:00:00,10787,14889.278384992107,16991.422,15923.896495321294,18152.144603967667
2026-03-08 18:00:00,9456,12638.682909624684,11135.473,13641.338330531371,11298.696612656116
2026-03-08 19:00:00,2085,6358.899619870128,6721.839,6728.489476546107,5941.844212114811
2026-03-08 20:00:00,24,1546.3920714858268,655.9479,1256.306330034639,734.2780686579645
2026-03-08 21:00:00,-52,1269.6380464369422,399.66434,1005.7737739900047,323.06827642954886
2026-03-08 22:00:00,-47,1090.5797774852408,0.0,801.8101020327746,0.0
2026-03-08 23:00:00,-48,953.3708219624223,162.37535,851.3340642230618,226.9491023439914
2026-03-09 00:00:00,-47,1197.191451507112,121.65653,1053.7954663597673,313.30882005766034
2026-03-09 01:00:00,-47,722.691969507754,58.057873,668.2795085706629,48.59167128382251
2026-03-09 02:00:00,-47,710.5976292696041,29.232824,587.4084154388839,108.7097484106198
2026-03-09 03:00:00,-48,371.6690452395492,30.166586,292.8837930018879,52.14738469175063
2026-03-09 04:00:00,-49,278.8991004363884,53.92926,208.69092569681118,2.453497855880414
2026-03-09 05:00:00,-49,35.39335898342961,0.0,0.2578262758674302,0.0
2026-03-09 06:00:00,-48,0.0,0.0,0.0,0.0
2026-03-09 07:00:00,-46,0.0,9.001138,0.0,0.0
2026-03-09 08:00:00,1297,2212.8867187461337,1323.7218,2668.7460962276587,1464.3092200309038
2026-03-09 09:00:00,9380,9004.818646912267,5935.631,9979.777790579357,7352.444036453962
2026-03-09 10:00:00,14670,11823.893170571047,12012.226,12443.61210523479,12207.40046107769
2026-03-09 11:00:00,16133,13951.944544253729,14664.025,14065.546570438302,15205.868491113186
2026-03-09 12:00:00,16115,15262.611529363712,16996.03,15098.79807399732,16329.734668970108
2026-03-09 13:00:00,16528,17010.790271332677,17487.836,16561.113029548793,16463.4881362319
2026-03-09 14:00:00,16120,17496.025227604176,17031.707,17067.900942967364,16215.671104967594
2026-03-09 15:00:00,15697,17528.74006483111,16678.252,17064.88941561233,16371.698775291443
2026-03-09 16:00:00,15034,17150.42102483532,15847.513,16908.888566377213,16211.038052499294
2026-03-09 17:00:00,13827,15750.5190809294,14855.135,15911.774550576554,15494.109076082706
2026-03-09 18:00:00,10499,12589.650685303348,14100.387,12922.904289577169,14817.592258751392
2026-03-09 19:00:00,1904,6382.675586065814,9174.459,6442.861760016841,9909.045227348804
2026-03-09 20:00:00,-17,1476.957200208626,659.06726,1091.1093598361715,606.2462673671544
2026-03-09 21:00:00,-55,968.9164589212596,424.4241,828.7512334101531,346.233966069296
2026-03-09 22:00:00,-50,932.3826304122995,543.81366,728.3086174278346,519.062861064449
2026-03-09 23:00:00,-48,886.0383281573331,292.34125,742.7419945972576,304.1961151920259
2026-03-10 00:00:00,-48,690.2285723638906,45.90235,497.5579170889073,98.55440911417827
2026-03-10 01:00:00,-49,522.1498871185404,0.0,387.20235302374965,20.3283691854449
2026-03-10 02:00:00,-49,334.62632029834367,0.0,194.2604974171196,24.55629395355936
2026-03-10 03:00:00,-49,640.683546868976,23.362219,705.4875582579632,177.94860455952585
2026-03-10 04:00:00,-49,303.09309634308283,27.477472,449.5572562460311,152.66552747320384
2026-03-10 05:00:00,-49,314.53288404354225,0.0,450.5982613645024,144.38170108990744
2026-03-10 06:00:00,-49,0.0,0.0,55.259174595870356,9.845572547405027
2026-03-10 07:00:00,-47,0.0,0.0,0.0,0.0
2026-03-10 08:00:00,1745,839.137569753203,957.59937,958.7436325002807,994.2935390844941
2026-03-10 09:00:00,10835,5147.629507748772,3413.3457,5354.635813723776,4003.1134389042854
2026-03-10 10:00:00,15724,11196.744499062102,11436.307,11392.844329844387,11924.165532648563
2026-03-10 11:00:00,16378,14156.985022247733,14901.711,14119.880589055254,15159.23259061575
2026-03-10 12:00:00,16441,16881.510790103275,16824.605,16226.519105585885,17030.98122996092
2026-03-10 13:00:00,17128,18463.844149282435,17171.164,17525.624731869255,17436.6581864357
2026-03-10 14:00:00,17291,18269.138969286447,17441.543,17808.74768140609,17168.72851151228
2026-03-10 15:00:00,16343,17446.653121338826,15930.657,17090.382814103465,15804.429016113281
2026-03-10 16:00:00,15697,16700.176726859012,15789.409,16401.967889655996,15555.368831813335
2026-03-10 17:00:00,13131,14664.971021052395,14209.515,15028.25839317509,14690.79634642601
2026-03-10 18:00:00,9682,11267.414567724521,11288.171,11820.27047798632,11772.26157528162
2026-03-10 19:00:00,1889,5147.310230520903,8123.451,5344.909985139005,8541.499404728413
2026-03-10 20:00:00,-46,957.1264786999045,422.6488,705.869834496983,348.7635004799813
2026-03-10 21:00:00,-44,800.3136328703713,212.66885,565.5696216798478,166.93618509639055
2026-03-10 22:00:00,-38,415.5190149959044,107.67215,304.33946369837787,85.38252222910523
2026-03-10 23:00:00,-38,472.9308307353758,45.84052,426.73713202015097,53.0679453543853
2026-03-11 00:00:00,-39,0.0,0.0,0.0,0.0
2026-03-11 01:00:00,-40,0.0,0.0,0.0,0.0
2026-03-11 02:00:00,-41,0.0,0.0,0.0,0.0
2026-03-11 03:00:00,-40,0.0,0.0,0.0,0.0
2026-03-11 04:00:00,-40,0.0,0.0,0.0,0.0
2026-03-11 05:00:00,-39,0.0,0.0,0.0,0.0
2026-03-11 06:00:00,-40,0.0,0.0,0.0,0.0
2026-03-11 07:00:00,-37,0.0,38.51715,0.0,0.0
2026-03-11 08:00:00,2085,47.66741734451534,922.8947,62.81896607049912,1005.1920657604933
2026-03-11 09:00:00,11572,4185.484477134089,3110.0327,4279.224454560687,3995.271946325898
2026-03-11 10:00:00,16237,10764.732456319412,11787.883,10980.992817011482,12331.068550229073
2026-03-11 11:00:00,16531,15072.002153249166,15207.146,15570.343152921376,16809.674921453
2026-03-11 12:00:00,15065,16281.040733311074,15662.359,16419.60516915549,16977.12227988243
2026-03-11 13:00:00,15169,16964.06380580663,15087.721,16854.08924981185,16737.246159255505
2026-03-11 14:00:00,14532,17445.97755373688,15340.833,17258.110074384553,16461.962396621704
2026-03-11 15:00:00,13629,17403.099234264002,15834.354,17265.930564783026,16501.392339468002
2026-03-11 16:00:00,13819,16620.046328532542,16208.965,16682.879116516735,16350.13331758976
2026-03-11 17:00:00,12245,14645.748417920207,15391.961,15149.123556241137,15551.498079419136
2026-03-11 18:00:00,10949,11827.077381984076,14065.788,12554.760976816817,14259.505423784256
2026-03-11 19:00:00,2380,5718.75328072161,9003.174,6156.89270713489,9030.66132313013
2026-03-11 20:00:00,-43,990.6711116285878,562.62695,908.7383601550656,439.8033802937716
2026-03-11 21:00:00,-48,456.0494934795988,280.75262,477.29868510403304,250.75187586713582
2026-03-11 22:00:00,-43,0.0,0.0,0.0,0.0
2026-03-11 23:00:00,-44,436.4619479330413,420.98276,477.23173584162606,302.7116454709321
2026-03-12 00:00:00,-44,0.0,0.0,0.0,0.0
2026-03-12 01:00:00,-45,0.0,0.0,0.0,0.0
2026-03-12 02:00:00,-45,0.0,0.0,0.0,0.0
2026-03-12 03:00:00,-45,0.0,0.0,0.0,0.0
2026-03-12 04:00:00,-45,0.0,0.0,0.0,0.0
2026-03-12 05:00:00,-45,272.95756812976333,190.87569,427.6899321390856,170.4225293044001
2026-03-12 06:00:00,-44,0.0,3.69265,0.0,17.51758795825299
2026-03-12 07:00:00,-40,0.0,0.0,0.0,0.0
2026-03-12 08:00:00,2449,2271.695840589351,1532.1864,2649.729913844432,1131.3235293105245
2026-03-12 09:00:00,12480,8616.043655946522,5574.544,9665.705315046383,5893.9173011779785
2026-03-12 10:00:00,17261,12201.82428559678,13889.336,13045.436341697026,14865.47700959444
2026-03-12 11:00:00,17770,15217.977041313992,16705.68,15841.90947079382,17187.31883394718
2026-03-12 12:00:00,17744,16599.12496167131,16703.447,16832.361594611404,17642.643288969994
2026-03-12 13:00:00,17973,17381.458023094852,17023.066,17342.77019881534,17458.962015509605
2026-03-12 14:00:00,17639,17698.902692932337,17489.102,17632.2213572219,17525.743604063988
2026-03-12 15:00:00,17387,18375.410972174002,17522.07,18241.919073873672,17821.317766427994
2026-03-12 16:00:00,17157,17730.317805265015,17315.508,17874.1012684131,17554.292824327946
2026-03-12 17:00:00,16304,16490.557853530237,15325.206,16952.740297408876,15400.688005566597
2026-03-12 18:00:00,12540,12987.558993807113,14334.556,13724.40443698353,15196.252571344376
2026-03-12 19:00:00,2412,6249.258255500008,9482.265,6725.828172666047,9419.594455331564
2026-03-12 20:00:00,-10,1763.7463194652237,819.6845,1815.7792803567093,687.0799860991538
2026-03-12 21:00:00,-17,550.7487597964782,315.0132,318.6585895421676,214.82798636052758
2026-03-12 22:00:00,-20,430.2870811508801,136.4125,225.29950415868802,101.7951903603971
2026-03-12 23:00:00,-49,0.0,9.830768,0.0,11.404924060916528
2026-03-13 00:00:00,-49,245.6272158993297,100.94063,0.0,167.7825917089358
2026-03-13 01:00:00,-49,202.4831427372319,14.107999,0.0,115.85802079830319
2026-03-13 02:00:00,-49,359.5045831765201,0.0,51.18183276707645,0.0
2026-03-13 03:00:00,-50,0.0,0.0,0.0,0.0
2026-03-13 04:00:00,-50,177.39567039897202,0.0,0.0,0.0
2026-03-13 05:00:00,-50,1186.3840975324574,84.498314,1248.6125271708263,48.296403743559495
2026-03-13 06:00:00,-49,22.481128262330458,73.55556,0.0,106.34910363238305
2026-03-13 07:00:00,-44,330.7245937106645,35.21482,103.98521232455022,7.779568271507742
2026-03-13 08:00:00,2681,3595.3035532258327,1723.4602,3898.0324004532113,2401.33268712461
2026-03-13 09:00:00,11551,10064.791709739431,6945.809,10909.152630075037,7572.5151681602
2026-03-13 10:00:00,16240,13011.389237080995,10470.885,13967.168475495333,12875.72340720892
2026-03-13 11:00:00,18356,15234.4313918453,14938.539,16166.835675708317,15519.751528799534
2026-03-13 12:00:00,18654,15993.109743978297,15957.203,16451.808059542203,16203.01624006033
2026-03-13 13:00:00,17810,18895.32610008893,15584.608,19520.950968346966,15987.569045126438
2026-03-13 14:00:00,17366,20283.239184013964,17355.355,20690.100840479176,16762.32571774721
2026-03-13 15:00:00,16716,18955.830954940415,17390.232,19359.00608139232,16542.54856723547
2026-03-13 16:00:00,15506,17571.95132206454,16688.762,18559.549060507365,16158.383513748646
2026-03-13 17:00:00,13431,14972.937846171611,13741.473,15405.666217411912,15077.624322593212
2026-03-13 18:00:00,7571,9925.701209812527,12183.325,10218.156638818646,12347.646582782269
2026-03-13 19:00:00,1451,5240.8074312323515,7089.0845,5882.802746333914,7656.298099398613
2026-03-13 20:00:00,-57,1778.6328840907745,435.9042,1902.7401029252503,489.15558014437556
2026-03-13 21:00:00,-51,1608.2580115841547,420.3962,1844.208171813531,318.47104579769075
2026-03-13 22:00:00,-45,1046.6488201984657,399.46182,1429.7581050633385,461.5227009728551
2026-03-13 23:00:00,-49,529.2363989428413,144.31114,728.3151366153148,127.82476638769731
2026-03-14 00:00:00,-48,848.9187382296204,0.0,922.9795266147743,0.0
2026-03-14 01:00:00,-44,814.2470003842172,75.39671,903.7371172367475,200.27014870662242
2026-03-14 02:00:00,-45,1382.8137073968155,0.0,1335.3905490969078,0.0
2026-03-14 03:00:00,-49,1367.687040917036,70.03127,1135.6097425853059,65.92826505145058
2026-03-14 04:00:00,-49,743.1973065997936,27.97974,595.3936134696035,129.13011802453548
2026-03-14 05:00:00,-49,491.2106242371101,0.0,381.7927520970972,70.30265074502677
2026-03-14 06:00:00,-49,0.0,0.0,0.0,0.0
2026-03-14 07:00:00,-44,45.76811270881353,0.0,135.22557210773118,69.49053926789202
2026-03-14 08:00:00,1762,3242.000669802246,2489.3435,3834.369446310791,2370.863188534975
2026-03-14 09:00:00,9817,9553.025028548233,6853.783,10210.324654917422,7057.444732666016
2026-03-14 10:00:00,13690,13849.523617655621,12472.242,14498.480722453205,13524.701707065105
2026-03-14 11:00:00,15251,15458.364770319131,14391.46,15881.54687851974,15020.364078462124
2026-03-14 12:00:00,16266,16941.39468412225,14656.437,16966.300152489013,15204.813349306583
2026-03-14 13:00:00,16225,17914.294590836238,15661.596,17693.799307078913,15939.654668271542
2026-03-14 14:00:00,14809,18307.528709169394,15951.668,18104.482686307136,16220.52977091074
2026-03-14 15:00:00,14134,18281.327683609583,16365.12,18119.289351229934,16673.60264903307
2026-03-14 16:00:00,12902,17673.5332316124,16099.319,17696.95293175158,16488.313594698906
2026-03-14 17:00:00,11662,15713.690916322827,15810.419,16136.551764580983,16054.883901894093
2026-03-14 18:00:00,10092,12589.341428987742,14194.633,13342.875140024371,14136.641794800758
2026-03-14 19:00:00,2431,6584.387753807092,8532.601,7047.196891542973,7676.942302078009
2026-03-14 20:00:00,-45,1609.1216182433218,598.0214,1365.9045078578972,541.4025831911713
2026-03-14 21:00:00,-51,1363.3196283178559,427.00848,1128.2843659779412,418.1019349247217
2026-03-14 22:00:00,-45,1137.7860097038547,132.37291,830.2553909172098,191.15382960997522
2026-03-14 23:00:00,-46,859.2296740578695,0.0,649.8037097666721,0.0
2026-03-15 00:00:00,-45,747.4862262891911,0.0,526.5387836557238,27.810646370169707
2026-03-15 01:00:00,-44,588.9244765033227,0.0,393.70639611199954,0.0
2026-03-15 02:00:00,-45,442.9027351064974,0.0,242.80779277252992,0.0
2026-03-15 03:00:00,-45,381.8176531664835,20.003563,185.18779268278854,113.68843174912035
2026-03-15 04:00:00,-45,626.1239862913262,38.62709,404.33694087962454,67.13747013150714
2026-03-15 05:00:00,-45,149.57267606398318,0.0,150.46026100352643,0.0
2026-03-15 06:00:00,-44,0.0,0.0,0.0,0.0
2026-03-15 07:00:00,-37,0.0,0.0,0.0,0.0
2026-03-15 08:00:00,2398,2376.710708298893,1597.586,2790.721564916966,2015.691887922585
2026-03-15 09:00:00,11176,7523.739017986345,4992.835,8089.201449654765,5795.304272085428
2026-03-15 10:00:00,15464,11266.807754169025,11694.603,11841.750437155066,12442.142165958881
2026-03-15 11:00:00,16513,13451.635918147993,14996.27,13726.47246787056,16123.945553898811
2026-03-15 12:00:00,16874,15760.163694966108,16302.17,15974.786871456106,16765.05131083727
2026-03-15 13:00:00,16630,16368.895984198774,16922.13,16449.98951855631,16419.789768755436
2026-03-15 14:00:00,16611,18150.46095852339,16304.274,17839.62449707623,16546.779389619827
2026-03-15 15:00:00,15249,17681.22369108291,16891.234,17440.557592987494,16850.513239324093
2026-03-15 16:00:00,14834,16949.293352414337,17250.752,16899.524634968282,16572.451468348503
2026-03-15 17:00:00,13847,15192.559290417008,14684.052,15474.854717448607,15104.77200460434
2026-03-15 18:00:00,11117,12237.249700405639,12896.99,12777.642473656853,12442.045311689377
2026-03-15 19:00:00,2422,6362.165776002685,8042.845,6601.027105018947,8253.067959874868
2026-03-15 20:00:00,5,1232.2877834952087,416.96747,904.0536587088715,364.5058444850147
2026-03-15 21:00:00,5,757.9407468741065,62.61204,552.0965127482003,112.12768929079175
2026-03-15 22:00:00,10,742.3224656617658,10.742578,521.6000901988996,35.503234411240555
2026-03-15 23:00:00,11,366.7145632180341,0.0,45.395306610195036,0.0
2026-03-16 00:00:00,12,264.46474722171934,0.0,0.0,0.0
2026-03-16 01:00:00,11,191.49167656377722,0.0,45.279904342477266,0.0
2026-03-16 02:00:00,11,132.94967863350303,0.0,0.0,0.0
2026-03-16 03:00:00,10,65.63903901678896,0.0,0.0,0.0
2026-03-16 04:00:00,10,0.0,0.0,0.0,0.0
2026-03-16 05:00:00,11,0.0,0.0,0.0,0.0
2026-03-16 06:00:00,11,361.918922922433,0.0,619.2047110592721,0.0
2026-03-16 07:00:00,18,239.59911885891188,0.0,414.4397914064888,0.0
2026-03-16 08:00:00,2578,3245.8845293706754,1487.1917,3937.23246586752,1616.3833845332265
2026-03-16 09:00:00,11217,9127.459298354453,4481.636,10021.561261867912,5082.419246286154
2026-03-16 10:00:00,17012,12736.311673430519,12148.89,13533.675586218837,13923.962353050709
2026-03-16 11:00:00,18638,15376.759576174449,14804.225,15646.800510429579,15567.463081419468
2026-03-16 12:00:00,19490,16863.877822890525,17139.24,16766.35234896803,17217.227432370186
2026-03-16 13:00:00,19956,17614.39645512798,17790.209,17558.8364121684,18233.626207709312
2026-03-16 14:00:00,20112,17869.037112068934,17638.29,18205.57188974968,18429.18285012245
2026-03-16 15:00:00,19942,17561.019321084073,17521.025,18169.829662790224,18163.961440086365
2026-03-16 16:00:00,19333,17693.165980865226,17057.37,18373.687295070686,17518.04692840576
2026-03-16 17:00:00,18123,15563.487446897812,15745.365,16613.014406021914,16839.461176872253
2026-03-16 18:00:00,12443,12788.934636346046,14676.367,13830.957059225224,15627.032592773438
2026-03-16 19:00:00,2588,6852.061308833236,8048.5376,7466.7553307267135,8331.0103225708
2026-03-16 20:00:00,-19,1306.9356745830064,575.91534,994.9354040031435,469.639557659626
2026-03-16 21:00:00,-25,908.6998347177032,373.7276,656.3911715964758,268.80056101083755
2026-03-16 22:00:00,-21,290.2238834948812,0.0,0.0,0.0
2026-03-16 23:00:00,-22,0.0,0.0,0.0,0.0
2026-03-17 00:00:00,-22,243.70341244844485,0.0,0.0,0.0
2026-03-17 01:00:00,-22,156.05962704134618,0.0,0.0,0.0
2026-03-17 02:00:00,-22,624.6342492772001,0.0,243.0972836775222,0.0
2026-03-17 03:00:00,-22,600.3590988265623,0.0,115.76333180804333,0.0
2026-03-17 04:00:00,-21,187.58687602432747,0.0,0.0,0.0
2026-03-17 05:00:00,-21,780.0031011842439,151.49402,828.0385501654495,17.29109002277255
2026-03-17 06:00:00,-21,0.0,39.05463,0.0,0.0
2026-03-17 07:00:00,-8,0.0,0.0,0.0,0.0
2026-03-17 08:00:00,2987,4123.338405550952,1652.3099,4808.525252258327,1773.7438967227936
2026-03-17 09:00:00,12614,10074.214299681791,6644.516,11558.353957322037,7375.992723941803
2026-03-17 10:00:00,17116,13240.867547969228,13765.101,14559.911008606854,14695.746417045593
2026-03-17 11:00:00,18375,16474.340267823456,17419.785,17616.78023454711,18285.93494796753
2026-03-17 12:00:00,19103,17954.86452915473,16980.367,18732.956281790557,18347.70989227295
2026-03-17 13:00:00,19596,18567.30519917255,18055.217,19076.55625361916,18591.1857919693
2026-03-17 14:00:00,18961,18876.58958714098,18920.73,19219.221630348686,19593.2160987854
2026-03-17 15:00:00,19081,18071.446199152146,18564.762,18440.09827857709,19809.46196937561
2026-03-17 16:00:00,18138,18054.780405551857,18902.922,18476.45852614932,19653.2815990448
2026-03-17 17:00:00,17012,16526.56891863993,18716.014,17249.103626643042,18766.144872665405
2026-03-17 18:00:00,12538,13872.146041348446,14970.68,15080.858181982298,15484.966524124146
2026-03-17 19:00:00,2726,7985.685311369225,9347.955,8615.934859464667,9166.340465068817
2026-03-17 20:00:00,-43,2245.422205501828,1019.2874,1956.6423301641194,1191.5822975635529
2026-03-17 21:00:00,-54,2085.2999179644503,968.6246,1856.9247097531734,1026.8863245248795
2026-03-17 22:00:00,-51,1792.2849451842267,1135.1295,1558.5003534205614,1039.4569868445396
2026-03-17 23:00:00,-50,1489.7171268658713,643.94556,1315.2759288616767,694.6434069871902
2026-03-18 00:00:00,-49,1839.5967374852216,334.8585,1289.541474657859,408.7632402777672
2026-03-18 01:00:00,-49,1613.0713641258963,222.87128,1092.9217669861503,148.78584104776382
2026-03-18 02:00:00,-50,1279.9587984882455,44.716885,898.8621519245363,0.0
2026-03-18 03:00:00,-49,545.2117796902421,0.0,373.59040033760147,0.0
2026-03-18 04:00:00,-49,195.29967124105724,0.0,89.69050724750716,0.0
2026-03-18 05:00:00,-49,247.78822507537734,8.723233,69.54810819106979,0.0
2026-03-18 06:00:00,-48,114.09864060831524,0.0,0.0,0.0
2026-03-18 07:00:00,-33,113.32687911232642,0.0,0.0,0.0
2026-03-18 08:00:00,3386,4454.558679131188,2331.9763,5291.130588825615,1790.5969351530075
2026-03-18 09:00:00,13526,10302.375234772211,7030.384,11791.424688559317,6835.078355312347
2026-03-18 10:00:00,18759,13111.345433478436,13543.052,14427.29558856989,14195.786779403687
2026-03-18 11:00:00,19976,15001.888389694894,15998.934,15802.18459046827,16719.064049720764
2026-03-18 12:00:00,20493,16324.724446751807,17385.945,16833.3192646033,17481.894464492798
2026-03-18 13:00:00,20438,17403.423227208732,19020.885,18136.359879504584,19670.181892096996
2026-03-18 14:00:00,20303,19088.922104364075,18946.234,19645.20128010967,19057.168507397175
2026-03-18 15:00:00,19929,19083.519029118284,18651.697,19704.53999113884,19189.016062617302
2026-03-18 16:00:00,19493,18602.713142662615,18627.074,19470.96561670637,19090.78358155489
2026-03-18 17:00:00,18001,17015.010893689545,18891.064,18151.739126662953,18991.74126058817
2026-03-18 18:00:00,12861,14076.461082117334,17879.389,15317.266876450542,17933.984076976776
2026-03-18 19:00:00,2914,8491.28160155648,11296.27,9167.030325985372,12843.980264782906
2026-03-18 20:00:00,-16,2700.250995273267,1362.0613,2154.975166113988,1271.4528485946357
2026-03-18 21:00:00,-59,2277.1148069074798,1041.6097,1857.4200052641822,1119.4714427143335
2026-03-18 22:00:00,-54,1630.001979643076,473.04492,1292.748727827102,378.10954099707305
2026-03-18 23:00:00,-52,1569.442972748523,272.30988,1105.5044905292716,130.2290873466991
2026-03-19 00:00:00,-52,1741.1057731307947,347.29523,1175.1114363505512,226.4807032858953
2026-03-19 01:00:00,-53,1659.847239127179,232.99298,1098.7172869388748,53.18460198864341
2026-03-19 02:00:00,-52,1167.9723970198065,0.0,689.1986135576456,0.0
2026-03-19 03:00:00,-52,796.7007773029154,0.0,381.6653290532654,0.0
2026-03-19 04:00:00,-52,546.5555865339784,0.0,172.50233092048603,0.0
2026-03-19 05:00:00,-52,422.27604258915153,55.251785,71.1438369346899,31.320021993946284
2026-03-19 06:00:00,-52,105.01459499938164,0.0,0.0,0.0
2026-03-19 07:00:00,-31,0.0,0.0,0.0,0.0
2026-03-19 08:00:00,3682,4427.734671003809,1386.2112,5301.835916657723,1808.3103636279702
2026-03-19 09:00:00,13961,10146.652852234762,6333.6323,11757.822282240944,5937.625252068043
2026-03-19 10:00:00,19060,13110.61430527264,13119.1875,14577.205929579533,14936.020268082619
2026-03-19 11:00:00,19882,14926.62124528092,15918.238,16001.678784696935,16700.724936425686
2026-03-19 12:00:00,19774,16429.711982342218,17119.047,17253.250033926462,17634.84045392275
2026-03-19 13:00:00,19405,17230.421029387875,18201.059,17929.645648490863,18146.123044610023
2026-03-19 14:00:00,19702,18710.92940623501,18399.656,19280.917570467886,18365.060758709908
2026-03-19 15:00:00,19491,18699.168413872234,19065.197,19445.46149588509,19472.187639534473
2026-03-19 16:00:00,18897,18113.905078870208,18844.193,19089.094900313656,19448.780456900597
2026-03-19 17:00:00,17385,16395.725768229648,18011.107,17647.568410484953,18029.984917759895
2026-03-19 18:00:00,12255,13733.58198646456,16582.977,15128.513682473675,17212.165097773075
2026-03-19 19:00:00,2899,8116.109613036531,11085.001,8930.491426550001,11218.608368754387
2026-03-19 20:00:00,-18,1780.9939835454816,993.3146,1491.8954697205675,1113.3747407197952
2026-03-19 21:00:00,-59,1378.4985558440248,709.7422,1046.236015915057,729.5968166179955
2026-03-19 22:00:00,-55,875.4294213976327,178.84297,460.4695539734397,210.352040768601
2026-03-19 23:00:00,-54,624.9993593648624,532.83075,186.96979834835562,345.55329739674926
2026-03-20 00:00:00,-54,861.8018631006908,249.60588,378.9000098852002,100.27838988834992
2026-03-20 01:00:00,-53,628.9007093527998,0.18771929,203.62449096525816,0.0
2026-03-20 02:00:00,-53,318.4302281389946,0.0,0.0,0.0
2026-03-20 03:00:00,-53,197.1486969314269,0.0,0.0,0.0
2026-03-20 04:00:00,-53,0.0,0.0,0.0,0.0
2026-03-20 05:00:00,-53,0.0,0.0,0.0,0.0
2026-03-20 06:00:00,-52,0.0,0.0,0.0,0.0
2026-03-20 07:00:00,-27,0.0,0.0,0.0,0.0
2026-03-20 08:00:00,3917,4233.342054079806,730.602,5016.749494739766,1010.6695126444101
2026-03-20 09:00:00,14849,9818.533669847078,7724.173,11454.251470110024,8347.03027626872
2026-03-20 10:00:00,19878,13375.76240979748,13570.933,14921.956992776995,14442.48697400093
2026-03-20 11:00:00,20655,15474.137524097147,16296.884,16622.754040825355,17098.223188340664
2026-03-20 12:00:00,20418,17069.743258239323,17401.229,18128.905917887158,18371.817791461945
2026-03-20 13:00:00,20362,18039.7100724104,17941.207,18857.348898654214,18618.709391355515
2026-03-20 14:00:00,20358,18663.297929120876,18132.36,19357.13102836457,19142.337740063667
2026-03-20 15:00:00,20164,18699.006256984878,19242.395,19373.705580749338,19869.550090134144
2026-03-20 16:00:00,19254,17995.461303578373,19038.729,18802.749713821446,19318.82325232029
2026-03-20 17:00:00,17714,16483.431147459414,17960.098,17530.60747750109,17479.013002216816
2026-03-20 18:00:00,12677,13650.99959693498,15284.126,14800.313621152281,15476.054113805294
2026-03-20 19:00:00,3118,8404.997249264501,12239.472,8906.926667373613,12156.386398673058
2026-03-20 20:00:00,46,2439.580820720501,2673.3098,1587.0127602662606,2582.3803804814816
2026-03-20 21:00:00,-46,1590.7323738258037,508.05563,969.6153858698825,451.1132516898215
2026-03-20 22:00:00,-40,1259.4757484232277,275.359,732.1406434370307,241.97645153850317
2026-03-20 23:00:00,-42,1241.6573875679442,62.344772,683.443059550502,115.19771232968196
2026-03-21 00:00:00,-43,1263.8028502895186,24.15562,517.451413954477,19.559145098319277
2026-03-21 01:00:00,-42,1457.3102933793907,0.084715396,796.2141949854029,0.0
2026-03-21 02:00:00,-42,814.7137340921172,0.0,333.8464642814238,0.0
2026-03-21 03:00:00,-42,704.5075325974776,0.0,338.9043778386749,0.0
2026-03-21 04:00:00,-41,371.479722183552,0.0,30.654423758025935,0.0
2026-03-21 05:00:00,-41,351.32306606224074,0.0,0.0,0.0
2026-03-21 06:00:00,-41,2.4074314047766165,0.0,0.0,0.0
2026-03-21 07:00:00,-6,0.0,0.0,0.0,0.0
2026-03-21 08:00:00,3820,2780.614016738735,686.4769,3005.527366347149,1420.3296768665314
2026-03-21 09:00:00,12691,6391.02879577762,5493.9395,6821.9443409362475,6046.238502413034
2026-03-21 10:00:00,17175,11872.032983185209,11392.5625,13549.019765908122,13050.273354649544
2026-03-21 11:00:00,18640,16195.36582599052,15447.55,17790.530062649847,15758.4663900733
2026-03-21 12:00:00,19421,18881.157194492996,17813.371,20655.54469894621,17861.26285403967
2026-03-21 13:00:00,19237,19505.200867273335,18620.338,21001.69155638003,18662.811071276665
2026-03-21 14:00:00,18787,19604.809354450306,18311.092,20845.67075045703,18295.49487411976
2026-03-21 15:00:00,17818,20473.855922596227,17846.242,22496.80527333252,18053.069828152657
2026-03-21 16:00:00,17052,18894.88214794713,17332.896,20581.618448444333,17670.584829747677
2026-03-21 17:00:00,15900,15924.398865524465,15766.854,17374.819993681896,16196.843638122082
2026-03-21 18:00:00,10134,11608.500190987841,13608.861,12892.139479263453,14074.971984922886
2026-03-21 19:00:00,1975,5582.772558550279,7365.565,6046.236291063682,7479.815180450678
2026-03-21 20:00:00,4,1800.6010007969116,1531.4026,1399.6162825519048,1509.692764878273
2026-03-21 21:00:00,-60,1367.7413424415763,71.759094,979.654146847742,63.80040963878855
2026-03-21 22:00:00,-55,1031.6533282247465,0.0,771.432655190132,0.0
2026-03-21 23:00:00,-54,1065.9248118423648,154.97044,852.6497160984862,141.21652582660317
2026-03-22 00:00:00,-54,497.65339180384854,0.0,263.71686842197056,0.0
2026-03-22 01:00:00,-53,262.3941022726476,0.0,0.0,0.0
2026-03-22 02:00:00,-53,309.07449161990644,0.0,8.439694907611962,0.0
2026-03-22 03:00:00,-53,152.54112349154047,0.0,0.0,0.0
2026-03-22 04:00:00,-52,67.16021902738612,0.0,0.0,0.0
2026-03-22 05:00:00,-52,0.0,0.0,0.0,0.0
2026-03-22 06:00:00,-52,0.0,0.0,0.0,0.0
2026-03-22 07:00:00,-22,0.0,0.0,0.0,0.0
2026-03-22 08:00:00,3033,2779.9832469532575,161.52695,3445.09344327122,36.85590845765546
2026-03-22 09:00:00,11645,7788.805825658339,3709.0823,8802.104400843775,3514.78767067194
2026-03-22 10:00:00,17025,12223.938491039551,12688.468,13269.539688460185,12995.526059567928
2026-03-22 11:00:00,18204,15204.87005759143,17130.154,15896.615421833343,17664.420542120934
2026-03-22 12:00:00,18747,17484.52838633776,17886.033,18004.03464222568,18364.045642912388
2026-03-22 13:00:00,19227,18097.621890168066,18572.518,18665.963943467646,18672.34127908945
2026-03-22 14:00:00,19288,18523.936910856075,18889.738,19387.01704243819,19296.995247602463
2026-03-22 15:00:00,19226,18201.82551031049,18120.773,18958.980825111496,18725.278807282448
2026-03-22 16:00:00,18102,17324.598482506648,18231.719,18240.558472530334,18634.182282686234
2026-03-22 17:00:00,17218,15472.52692777897,16934.646,16623.890098023123,17333.38955551386
2026-03-22 18:00:00,12294,12832.166929466504,15092.082,14101.299608884834,15750.675774514675
2026-03-22 19:00:00,3170,7345.014806735129,10731.48,8117.284070002433,11126.296632885933
2026-03-22 20:00:00,-46,1790.371257853426,1942.5851,1399.7164134926495,1786.1229613423347
2026-03-22 21:00:00,-60,1666.983298458441,318.96844,1243.7486383021687,330.4388496559113
2026-03-22 22:00:00,-53,930.1853701085556,216.10133,637.6366260608381,156.79077410604805
2026-03-22 23:00:00,-54,1185.6576239144742,222.07791,1073.7046472844784,209.19541366863996
2026-03-23 00:00:00,-53,479.75763597509376,0.0,200.59922193571654,0.0
2026-03-23 01:00:00,-53,615.1169568177374,0.0,382.7795963836658,0.0
2026-03-23 02:00:00,-52,198.97490411999797,0.0,0.0,0.0
2026-03-23 03:00:00,-53,0.0,0.0,0.0,0.0
2026-03-23 04:00:00,-52,119.94219709155595,134.91202,5.704127045779489,140.8642964833416
2026-03-23 05:00:00,-52,0.0,0.0,0.0,0.0
2026-03-23 06:00:00,-52,79.20254387965406,0.0,0.0,0.0
2026-03-23 07:00:00,-1,231.8607134189624,0.0,4.2651476506528825,0.0
2026-03-23 08:00:00,4293,5161.114392085581,1175.7859,6237.644781943445,2114.105352535844
2026-03-23 09:00:00,14686,9862.196922727106,4615.085,11576.267022752681,5301.32306188345
2026-03-23 10:00:00,18899,13316.74329202639,12475.852,14726.553522638309,13712.667734026909
2026-03-23 11:00:00,20203,15428.601409886345,15588.247,16630.86320930235,16477.265170812607
2026-03-23 12:00:00,20620,17065.914472720306,16761.13,18055.329115069177,16813.85472714901
2026-03-23 13:00:00,20543,18100.238708546287,17837.865,18965.201255283628,18036.320250928402
2026-03-23 14:00:00,20587,18811.926380628684,18330.453,19589.916997822034,18661.594710946083
2026-03-23 15:00:00,20419,19016.722308876495,19017.336,20101.133557751677,18992.80544310808
2026-03-23 16:00:00,19480,17622.8037177993,17741.428,18683.365271838542,18151.176429390907
2026-03-23 17:00:00,16957,15593.812023256029,16768.21,17025.145853146936,16985.066061615944
2026-03-23 18:00:00,12457,12416.228237014955,15044.4,13864.364359534273,14803.717096745968
2026-03-23 19:00:00,3317,6971.784022868142,9765.888,7684.174790044338,10179.812557250261
2026-03-23 20:00:00,-21,1287.1608266095918,1616.1084,976.3890338318799,1727.407106012106
2026-03-23 21:00:00,-57,880.328276537969,240.007,694.6446936180362,194.08035911154002
2026-03-23 22:00:00,-51,768.7036424860871,43.006844,568.3495490637326,18.138858972815797
2026-03-23 23:00:00,-50,524.4321368609262,0.0,285.0130619641277,0.0
2026-03-24 00:00:00,-51,381.58826406366916,0.0,221.31476806819433,40.84506615414284
2026-03-24 01:00:00,-50,84.77024227461925,0.0,25.75181828659903,0.0
2026-03-24 02:00:00,-50,0.0,0.0,0.0,0.0
2026-03-24 03:00:00,-51,0.0,0.0,0.0,0.0
2026-03-24 04:00:00,-52,0.0,33.953667,0.0,0.0
2026-03-24 05:00:00,-52,0.0,0.0,0.0,0.0
2026-03-24 06:00:00,-51,0.0,106.773865,0.0,79.5493394730147
2026-03-24 07:00:00,6,0.0,92.01666,0.0,41.38872239738703
2026-03-24 08:00:00,4416,2609.431126539852,1257.9938,3488.9157473301207,1250.1405682973564
2026-03-24 09:00:00,14311,9042.820727689512,5056.681,10499.888617562725,4472.582481577992
2026-03-24 10:00:00,18170,13127.79288544047,12538.323,14534.885836699248,13615.189011096954
2026-03-24 11:00:00,19297,15158.127058180951,15799.499,16356.916357369884,16338.021460175514
2026-03-24 12:00:00,19898,16709.84082115067,16688.277,17569.190258456823,17412.71890193224
2026-03-24 13:00:00,20045,18181.155537098777,18254.053,18673.268258936645,18262.960928678513
2026-03-24 14:00:00,20476,19006.010765060833,17971.592,19663.398822252573,17984.082006812096
2026-03-24 15:00:00,19905,18870.56329845229,18011.838,19955.098227778704,18009.982602596283
2026-03-24 16:00:00,19200,17150.441497900247,17667.684,18191.420067490977,17926.408306360245
2026-03-24 17:00:00,18011,16024.56010471056,16874.797,17321.87720056519,17327.311447262764
2026-03-24 18:00:00,14034,12903.696806453307,15390.16,14290.081799467964,14925.53779989481
2026-03-24 19:00:00,3655,7499.574291643874,9987.898,8360.708853452601,10816.164144873619
2026-03-24 20:00:00,-4,1568.1084560595937,1740.3729,1138.6590686565748,1738.4774623811245
2026-03-24 21:00:00,-48,1214.411238999076,434.9811,791.3606070187126,418.5834228526801
2026-03-24 22:00:00,-56,902.9813674951702,92.97408,494.5023824820548,150.98379425005987
2026-03-24 23:00:00,-53,693.4311013168144,170.99817,428.0474446605009,88.13906194875017
2026-03-25 00:00:00,-53,541.4129738168558,113.81041,283.723792763141,101.32384276483208
2026-03-25 01:00:00,-53,332.85842989088997,0.0,75.53963707610306,0.0
2026-03-25 02:00:00,-53,39.911396167443854,0.0,0.0,0.0
2026-03-25 03:00:00,-52,0.0,0.0,0.0,0.0
2026-03-25 04:00:00,-53,177.25295715636958,45.324078,155.52256203846932,0.0
2026-03-25 05:00:00,-53,302.61496257050203,122.63978,201.87508741975097,274.91759452968836
2026-03-25 06:00:00,-54,0.0,0.0,0.0,6.472047065617517
2026-03-25 07:00:00,12,0.0,0.0,0.0,0.0
2026-03-25 08:00:00,4866,2419.8901052399397,1367.6387,3096.9292190138667,1827.5055280700326
2026-03-25 09:00:00,14985,8514.09297546271,6550.148,9639.682597480825,7330.078515261412
2026-03-25 10:00:00,17978,13542.08538098559,13426.095,14827.175667036221,14783.228565752506
2026-03-25 11:00:00,19285,15898.365878924127,16867.453,17045.51964255974,17750.598686635494
2026-03-25 12:00:00,19077,17487.98786660815,17786.252,18381.856405503033,18299.653644561768
2026-03-25 13:00:00,18012,18579.73534192364,18283.16,19276.212699312335,18673.45176190138
2026-03-25 14:00:00,16884,18739.130997747146,18251.121,19550.307213251774,18534.597089588642
2026-03-25 15:00:00,16483,18756.04325943313,18172.484,19519.215953804647,18347.016598284245
2026-03-25 16:00:00,16053,17659.954405088534,17026.217,18452.71506204723,17438.90265852213
2026-03-25 17:00:00,15706,15404.380198810417,16493.113,16938.37695194211,16430.468538701534
2026-03-25 18:00:00,13341,13025.603029695005,14673.857,14675.001595556387,14977.274972498417
2026-03-25 19:00:00,3826,7897.081476760859,9502.59,8819.813827186294,10663.21545124054
2026-03-25 20:00:00,39,1154.6471194929718,1333.7965,951.0545366995248,1220.0867421738803
2026-03-25 21:00:00,-58,434.1173051067826,0.0,260.5536947331257,0.0
2026-03-25 22:00:00,-53,674.2484223151096,40.826244,484.2596082685331,112.94664163375273
2026-03-25 23:00:00,-50,620.4937548422186,327.33206,471.0363899137667,279.21594478189945
2026-03-26 00:00:00,-50,200.70560925821792,0.0,0.0,0.0
2026-03-26 01:00:00,-50,276.44917779233856,0.0,0.0,0.0
2026-03-26 02:00:00,-50,230.13514429552788,0.0,167.54210200400505,6.573108253651299
2026-03-26 03:00:00,-49,472.1487519100374,64.27098,401.56969356806985,107.31801268877462
2026-03-26 04:00:00,-49,135.4657460936396,0.0,166.14612840084095,43.11196365393698
2026-03-26 05:00:00,-49,0.0,0.0,0.0,0.0
2026-03-26 06:00:00,-49,0.0,0.0,0.0,0.0
2026-03-26 07:00:00,43,126.34586680203529,0.0,75.14373937674802,0.0
2026-03-26 08:00:00,4409,2637.237242310399,1364.9318,3178.2813000176407,1705.8718033879995
2026-03-26 09:00:00,13059,8362.204919544318,5676.678,9719.86466415069,6573.7159913778305
2026-03-26 10:00:00,17525,13325.3267923965,12384.982,15591.110281273961,14763.41346502304
2026-03-26 11:00:00,18227,15617.815416392652,14618.055,17575.736415908083,16686.074104607105
2026-03-26 12:00:00,19178,16921.250297987142,15681.353,18304.90175144835,16331.20344042778
2026-03-26 13:00:00,19285,18057.145055881374,16372.977,19363.606051265164,17405.291470885277
2026-03-26 14:00:00,18549,18578.073700916942,17417.947,19723.541893037913,18095.36666572094
2026-03-26 15:00:00,18188,18355.716180201605,16595.121,19561.888939738732,17515.431175231934
2026-03-26 16:00:00,17572,17774.517730427506,16228.823,18963.63802792416,16946.95015490055
2026-03-26 17:00:00,17218,15864.269897854796,14694.538,17611.62196603879,16792.957459688187
2026-03-26 18:00:00,13881,12993.554203760345,14325.073,14683.747353566196,15368.913451731205
2026-03-26 19:00:00,3936,7657.824539640396,10918.234,8642.955489619953,11040.560465455055
2026-03-26 20:00:00,140,1366.9272071742453,2197.0696,1207.1609033350537,2150.5913918092847
2026-03-26 21:00:00,-57,692.5057073494445,329.87994,613.3298331826123,156.029462039005
2026-03-26 22:00:00,-51,0.0,0.0,0.0,4.143554395996034
2026-03-26 23:00:00,-52,0.0,0.0,0.0,0.0
2026-03-27 00:00:00,-51,28.397051772697978,0.0,0.0,0.0
2026-03-27 01:00:00,-51,0.0,0.0,0.0,0.0
2026-03-27 02:00:00,-50,0.0,0.0,0.0,0.0
2026-03-27 03:00:00,-50,0.0,0.0,0.0,0.0
2026-03-27 04:00:00,-50,0.0,0.0,0.0,0.0
2026-03-27 05:00:00,-50,60.837882682767486,0.0,10.43762312828105,0.0
2026-03-27 06:00:00,-50,0.0,0.0,0.0,0.0
2026-03-27 07:00:00,51,0.0,0.0,0.0,0.0
2026-03-27 08:00:00,4696,4767.882375027006,1199.9327,5563.22627842296,1871.7500195279717
2026-03-27 09:00:00,13546,10020.030804507376,5805.0435,11526.755576230333,6482.81644821167
2026-03-27 10:00:00,17208,13592.162888988238,12235.618,15213.677900294459,14035.427962839603
2026-03-27 11:00:00,18726,16303.806135638995,16300.377,17856.366214520287,17414.781051278114
2026-03-27 12:00:00,18562,17920.785154065125,17143.592,19394.61784586987,17739.58865582943
2026-03-27 13:00:00,18116,19531.103668936466,17515.33,21418.825558144257,18106.006125211716
2026-03-27 14:00:00,18018,19900.201467289993,17532.457,21755.757219305953,17659.22885030508
2026-03-27 15:00:00,18181,18591.02946740043,16440.85,20098.05768800739,16400.660323798656
2026-03-27 16:00:00,18041,17559.11716878145,15628.974,19099.1047356316,16012.557661235332
2026-03-27 17:00:00,15676,14142.657064330018,13855.855,15238.309690878448,14961.841477453709
2026-03-27 18:00:00,11156,9618.292645197991,13316.972,10185.522593872816,13189.699273109436
2026-03-27 19:00:00,3221,4458.039227238337,8938.089,4628.665786528176,8763.051937669516
2026-03-27 20:00:00,128,1074.1910090438569,1926.8687,532.105065199174,1920.4864570498466
2026-03-27 21:00:00,-57,534.7860936187672,174.04327,211.5148731765088,174.2843217216432
2026-03-27 22:00:00,-51,491.8388818766334,0.0,89.64775115605045,21.886930827749893
2026-03-27 23:00:00,-48,296.20200724677716,5.3931317,22.174859824432673,76.35293585015461
2026-03-28 00:00:00,-47,271.91403038102726,0.0,0.0,0.0
2026-03-28 01:00:00,-48,250.0579663637177,12.967414,0.0,34.86386641860008
2026-03-28 02:00:00,-48,371.93473585662605,168.59628,205.1627642444494,98.08080513495952
2026-03-28 03:00:00,-48,668.5044085614463,168.29106,560.0744702080975,220.31263007316738
2026-03-28 04:00:00,-49,911.3318897764975,165.69797,718.0646942661604,112.16522745788097
2026-03-28 05:00:00,-49,622.5178918607335,26.08165,330.29847278203613,0.0
2026-03-28 06:00:00,-48,569.2349125294677,124.84328,326.8973278875112,163.55202703736722
2026-03-28 07:00:00,11,369.81336104227285,125.12044,70.65310488777257,216.22878567315638
2026-03-28 08:00:00,4718,5876.625787389525,2005.4922,6849.142301465788,2165.216185748577
2026-03-28 09:00:00,14347,10456.320765858907,7128.441,11924.859516664977,7691.6046895086765
2026-03-28 10:00:00,17588,13960.68202342456,14083.056,15479.440483298898,16230.164278149605
2026-03-28 11:00:00,18569,15857.081284640302,16863.547,17138.54909857259,17738.84997546673
2026-03-28 12:00:00,17256,17702.580285423035,17959.375,18525.24042194198,18729.963271915913
2026-03-28 13:00:00,16196,19521.67397226971,17778.863,19977.785962351085,18668.091404736042
2026-03-28 14:00:00,15460,20307.135749447498,18006.414,20582.62792315931,18692.33612537384
2026-03-28 15:00:00,15107,19791.924380405217,17616.926,20051.24769082117,18759.514179825783
2026-03-28 16:00:00,14483,17737.68609584543,17099.674,18026.88845316412,18242.650912106037
2026-03-28 17:00:00,14308,14958.353715476598,16074.289,15507.867258242499,16344.743451476097
2026-03-28 18:00:00,11879,11976.964377131058,14781.075,13062.065554997604,14563.450228571892
2026-03-28 19:00:00,3305,7418.15511705983,10591.694,8480.510913394915,10472.747950851917
2026-03-28 20:00:00,53,1290.8005608943413,1783.4003,1135.2624944530548,1812.0307900384068
2026-03-28 21:00:00,-40,575.5362856458432,56.08582,349.82200631725703,0.0
2026-03-28 22:00:00,-34,236.25021088137055,0.0,20.97393822998698,0.0
2026-03-28 23:00:00,-32,397.30688985262304,0.0,535.0250983348308,0.0
2026-03-29 00:00:00,-33,251.82917326751658,0.0,394.55903321261286,0.0
2026-03-29 01:00:00,-32,0.0,0.0,0.0,0.0
2026-03-29 02:00:00,-32,0.0,0.0,0.0,0.0
2026-03-29 03:00:00,-33,0.0,0.0,0.0,0.0
2026-03-29 04:00:00,-34,0.0,0.0,0.0,0.0
2026-03-29 05:00:00,-33,867.3532161980966,29.497799,961.7475492013572,53.68989530252293
2026-03-29 06:00:00,-32,609.3930085827951,62.910706,536.5990550765,102.49466075794771
2026-03-29 07:00:00,54,575.7251308067125,1.7025934,568.9348349146925,26.16849966638256
2026-03-29 08:00:00,4194,6961.162572648565,4066.857,8457.708680313828,4979.929083958268
2026-03-29 09:00:00,12636,11061.640906404937,8937.627,13240.700839352432,10523.505140841007
2026-03-29 10:00:00,15473,13290.253363599633,11820.53,15105.244414682851,13805.297020375729
2026-03-29 11:00:00,17668,14056.19580023863,13829.236,15443.564814018875,15810.977945923805
2026-03-29 12:00:00,17592,16241.636427509125,16164.569,17145.99608076779,17277.89865553379
2026-03-29 13:00:00,18084,17589.860494242574,18259.45,18274.328204974918,18909.641114473343
2026-03-29 14:00:00,18380,18304.183072940767,18900.924,18986.23052329708,19056.60034149885
2026-03-29 15:00:00,18039,18868.742106122718,18544.137,19666.0483272407,18938.714342415333
2026-03-29 16:00:00,16927,18217.975364262962,18023.416,19212.204644996415,18555.40694653988
2026-03-29 17:00:00,17138,16776.272070649386,18138.236,18021.76947926623,18088.47724020481
2026-03-29 18:00:00,12904,13994.557064848937,16123.587,15374.331225813836,16067.87250906229
2026-03-29 19:00:00,3673,9121.89384891878,11678.441,10168.59158105968,12094.646262824535
2026-03-29 20:00:00,13,2544.038011142544,2685.1926,2225.1268334240244,2973.800333440304
2026-03-29 21:00:00,-31,1533.1381728989036,334.43695,1245.104416754951,353.1787783652544
2026-03-29 22:00:00,-25,714.3191840225963,0.0,370.5977592592879,0.0
2026-03-29 23:00:00,-24,682.2324946541376,0.0,310.7836907764134,7.539303731027758
2026-03-30 00:00:00,-24,498.28188637609765,0.0,7.366531508514468,0.0
2026-03-30 01:00:00,-25,831.8449946800592,0.0,312.2419228480768,54.00561382994056
2026-03-30 02:00:00,-25,1162.4520341694151,22.552046,615.1666235625324,15.37220405152766
2026-03-30 03:00:00,-24,832.9388460765094,0.0,556.6355596359809,0.0
2026-03-30 04:00:00,-25,403.3577635975971,0.0,231.56586768090676,0.0
2026-03-30 05:00:00,-25,0.0,0.0,0.0,0.0
2026-03-30 06:00:00,-24,0.0,0.0,0.0,0.0
2026-03-30 07:00:00,97,0.0,217.07939,0.0,344.624167252332
2026-03-30 08:00:00,3754,2672.5248482213556,1810.1577,3160.65521784497,2220.068281106651
2026-03-30 09:00:00,11644,7798.19989275449,6827.3438,8998.721737271015,7781.241089254618
2026-03-30 10:00:00,14952,12222.702160495905,11432.034,13648.39559749794,12702.111139297485
2026-03-30 11:00:00,16391,15612.457018029185,15830.929,16480.04891216064,16539.609793424606
2026-03-30 12:00:00,18618,18409.00542628327,17414.854,19819.597076877828,16757.536505162716
2026-03-30 13:00:00,18131,20237.255494751258,17849.16,21618.755497325652,17124.885942935944
2026-03-30 14:00:00,17612,20999.479735505272,17671.084,22460.19886472725,17008.75430971384
2026-03-30 15:00:00,16902,18860.50776733353,16387.207,20086.37085873436,15996.994897127151
2026-03-30 16:00:00,13518,17730.150917550553,16564.15,19469.65159201931,16327.367227077484
2026-03-30 17:00:00,9175,14187.611254766936,14761.319,15537.373320183455,15109.50983762741
2026-03-30 18:00:00,4360,7886.49439238034,12201.07,8278.883919550648,12379.449401199818
2026-03-30 19:00:00,949,4172.06042288163,6393.911,4010.165681300098,6499.343805760145
2026-03-30 20:00:00,-57,1588.3631742722673,1367.3866,1305.2931901162692,1506.400404945016
2026-03-30 21:00:00,-56,1168.1735938528755,50.513515,877.2036932664932,105.10841581737623
2026-03-30 22:00:00,-50,805.7717862408817,111.74659,559.8619499937474,105.08413939503953
2026-03-30 23:00:00,-51,392.2171670742382,0.0,305.971306880873,0.0
2026-03-31 00:00:00,-51,180.91740084822277,0.0,118.65737151364895,0.0
2026-03-31 01:00:00,-51,341.22891267265186,232.33362,362.33415338658835,289.35050470288843
2026-03-31 02:00:00,-51,55.20900037540423,63.877453,242.49334334497743,69.54026384046301
2026-03-31 03:00:00,-53,0.0,0.0,0.0,0.0
2026-03-31 04:00:00,-53,187.51724647445553,0.0,121.76001853145368,0.0
2026-03-31 05:00:00,-52,0.0,0.0,0.0,0.0
2026-03-31 06:00:00,-52,253.00283025109866,0.0,119.77029722251856,0.0
2026-03-31 07:00:00,-37,495.44942835709116,0.0,261.1157687277438,0.0
2026-03-31 08:00:00,718,1667.7274381661864,1395.3103,1604.2962210018313,1952.0616569370031
2026-03-31 09:00:00,2569,3370.3110877819718,5788.508,3656.631831634659,6937.833086997271
2026-03-31 10:00:00,4212,9521.855924896327,10801.695,10738.932823385167,11354.562407433987
2026-03-31 11:00:00,6536,8279.911275196726,10787.233,9300.106894875076,12033.393656015396
2026-03-31 12:00:00,9150,12958.28904620598,12664.662,14451.965696536674,13679.2141315341
2026-03-31 13:00:00,10130,14305.694326473702,13872.426,15982.566363414777,14102.582625746727
2026-03-31 14:00:00,9394,13607.612003313963,14341.014,15170.180930296232,14577.454377114773
2026-03-31 15:00:00,7642,10875.719660727249,13222.988,11894.36937819094,13429.727301299572
2026-03-31 16:00:00,5168,7863.144393451887,11006.289,8536.812289270787,12552.77828603983
2026-03-31 17:00:00,2834,4234.132156885642,10762.933,4869.5412038051445,10410.633550286293
2026-03-31 18:00:00,1275,2258.5955113162945,7618.8867,2746.3791904718196,7422.180260717869
2026-03-31 19:00:00,192,814.6287553490765,2048.469,990.7148450493852,2044.0004310384393
2026-03-31 20:00:00,-40,949.8675737583635,1141.7539,1073.8486490511987,1353.5872899368405
2026-03-31 21:00:00,-50,66.28615185774288,0.0,96.34705310647213,0.0
2026-03-31 22:00:00,-46,536.2666589614018,12.153832,338.43838474472847,0.0
2026-03-31 23:00:00,-48,82.08034546565978,0.0,177.33060969115206,0.0
2026-04-01 00:00:00,-49,904.7579943296296,209.59483,1160.7460407856274,307.04820895101875
2026-04-01 01:00:00,-51,828.8397805071663,133.72011,930.3778053653068,174.7153917280957
2026-04-01 02:00:00,-51,106.72965244871966,55.227596,215.1317213503327,38.33796528575476
2026-04-01 03:00:00,-52,269.46853425246536,50.27003,394.680776147224,0.0
2026-04-01 04:00:00,-52,0.0,0.0,0.0,0.0
2026-04-01 05:00:00,-51,484.6669510917163,0.0,631.7645907528392,80.14921429334208
2026-04-01 06:00:00,-49,441.5263832275996,0.0,784.8709640426863,0.0
2026-04-01 07:00:00,96,0.0,285.22263,0.0,278.3801972027868
2026-04-01 08:00:00,5270,4207.3434814758875,1670.8107,5225.204792023509,2200.8321211114526
2026-04-01 09:00:00,14181,9712.220056288785,6853.8174,11405.151606073377,7706.071128845215
2026-04-01 10:00:00,16817,13325.352562371583,12481.597,14875.815387077844,13704.45853292942
2026-04-01 11:00:00,17275,15668.736555223662,15274.981,17232.723905540242,17304.494841992855
2026-04-01 12:00:00,17334,16235.427332827006,14980.932,17590.94686621918,16601.51982575655
2026-04-01 13:00:00,17466,16538.666736311698,15106.244,19009.967078904854,16649.96740847826
2026-04-01 14:00:00,18046,14098.105512974802,15302.056,16313.066558813925,16673.371264636517
2026-04-01 15:00:00,17999,14811.644668388297,15406.758,17109.146955192857,16321.281732022762
2026-04-01 16:00:00,16896,15086.069423477475,15534.503,16761.949185925754,16314.58190113306
2026-04-01 17:00:00,15203,13165.824098992121,14932.883,14928.51644467011,16129.975829422474
2026-04-01 18:00:00,10767,10604.626438509466,10700.5625,11972.459364752915,12665.02569168806
2026-04-01 19:00:00,2873,6898.75976761486,7961.0654,7599.331263364406,8852.342388778925
2026-04-01 20:00:00,10,1283.9502929707542,1518.0472,1240.327367502317,1821.2884555757046
2026-04-01 21:00:00,-52,801.3880824872103,71.44902,866.2783475105837,202.12608870584518
2026-04-01 22:00:00,-46,395.5197734972203,163.43837,665.9999915352796,226.19166011922061
2026-04-01 23:00:00,-51,401.8381563166299,150.2428,823.6419471913522,275.8904019417241
2026-04-02 00:00:00,-51,623.8897321017712,174.38184,901.2289416253236,288.5447852499783
2026-04-02 01:00:00,-48,476.79827543921147,364.27145,645.5323286442177,466.72730022110045
2026-04-02 02:00:00,-52,358.31365380433226,214.78284,544.5856323186472,287.283546240069
2026-04-02 03:00:00,-52,0.0,62.31081,172.73279682418445,144.58345592720434
2026-04-02 04:00:00,-52,0.0,0.0,0.0,46.09427981777117
2026-04-02 05:00:00,-52,27.414981943269595,8.430566,161.53035843191117,20.995851953630336
2026-04-02 06:00:00,-52,0.0,0.0,0.0,0.0
2026-04-02 07:00:00,139,180.15008050340975,471.87653,231.33003185390297,804.2260104976594
2026-04-02 08:00:00,3883,4859.998757256419,1412.6777,6245.082690290371,2410.248003937304
2026-04-02 09:00:00,8218,5852.652913087168,7743.5483,7059.045031799603,8856.71414539218
2026-04-02 10:00:00,11455,8479.905232705536,10423.681,9703.914291597157,12010.735867023468
2026-04-02 11:00:00,13198,10816.690114373177,13226.779,11814.119792381585,13841.915868222713
2026-04-02 12:00:00,13824,13395.225965743135,15155.466,14763.327692971749,14411.705583930016
2026-04-02 13:00:00,14830,13247.640237245323,14520.686,14029.935848652423,15220.762487053871
2026-04-02 14:00:00,15003,14034.031864517263,14925.803,14766.668756206947,16495.469948351383
2026-04-02 15:00:00,15674,13903.462146227364,14936.04,14574.546074609709,16586.77084118128
2026-04-02 16:00:00,15190,14342.776392434658,14222.859,15394.763280295518,15521.146856546402
2026-04-02 17:00:00,14119,12678.437834234226,14260.884,13992.580801672011,15444.086489975452
2026-04-02 18:00:00,11868,10279.655799292508,11543.548,12007.029378508585,13372.58914411068
2026-04-02 19:00:00,4708,4446.52247513861,8169.512,5649.509796297486,7664.429870098829
2026-04-02 20:00:00,87,271.3460316706087,1742.8328,747.3464112280643,2095.9361239895225
2026-04-02 21:00:00,-47,288.40332037975577,91.4182,584.1215509436056,350.9212634526193
2026-04-02 22:00:00,-43,0.0,65.31883,220.24448382213,360.633602142334
2026-04-02 23:00:00,-44,0.0,0.0,0.0,173.691992405802
2026-04-03 00:00:00,-44,0.0,0.0,0.0,100.4037432745099
2026-04-03 01:00:00,-43,0.0,0.0,0.0,0.0
2026-04-03 02:00:00,-44,0.0,180.15123,0.0,286.0400240169838
2026-04-03 03:00:00,-43,0.0,0.0,0.0,57.084843318443745
2026-04-03 04:00:00,-44,0.0,0.0,0.0,3.9210185207775794
2026-04-03 05:00:00,-44,0.0,0.0,0.0,70.55813267827034
2026-04-03 06:00:00,-43,0.0,225.40036,391.79473521407556,354.55091561190784
2026-04-03 07:00:00,211,0.0,1554.8091,189.37102681841563,1689.1159166023135
2026-04-03 08:00:00,5764,6250.571989666218,3939.0447,8096.240457322596,5604.812351167202
2026-04-03 09:00:00,12188,10832.993201461995,10064.459,13225.866229711006,13643.71807783842
2026-04-03 10:00:00,13433,13878.944527789445,14480.98,16039.247476650344,17695.131178200245
2026-04-03 11:00:00,14199,15945.184630265565,15202.09,17855.22797898169,17912.926158607006
2026-04-03 12:00:00,14027,18062.262452972504,16067.492,19459.15655357854,18440.76252311468
2026-04-03 13:00:00,13186,18906.79025940715,16051.677,20202.425128500818,17622.577992975712
2026-04-03 14:00:00,12569,19146.693393226305,16199.597,20429.552916064164,17625.34435093403
2026-04-03 15:00:00,12064,19054.218489389605,16577.96,20276.696295126127,18361.784049868584
2026-04-03 16:00:00,11865,17550.86202502907,16302.826,18891.350138319052,18118.46766293049
2026-04-03 17:00:00,11346,15301.088112231406,15493.557,16841.554709153617,17277.02947497368
2026-04-03 18:00:00,10912,11140.942558590219,14488.716,12307.466584514887,14996.746586859226
2026-04-03 19:00:00,4442,6034.191018806949,8935.708,6926.053655698872,9416.422105282545
2026-04-03 20:00:00,371,643.5818113194018,977.1002,798.9451829438932,990.4685669951141
2026-04-03 21:00:00,-60,1061.981852872923,227.8182,1045.450368639213,42.49179916922003
2026-04-03 22:00:00,-56,928.1453005441635,0.0,994.084619133729,0.0
2026-04-03 23:00:00,-55,716.9040312882016,0.0,799.8327010483656,33.036382743157446
2026-04-04 00:00:00,-54,512.4537758970173,0.0,615.5154254077457,41.116728361230344
2026-04-04 01:00:00,-53,130.0689253217015,0.0,455.53651063048784,128.62437249161303
2026-04-04 02:00:00,-54,586.2220059631245,0.0,1123.5767524680793,113.3448076620698
2026-04-04 03:00:00,-54,446.8645448922557,212.29102,714.40689985206,296.59493923187256
2026-04-04 04:00:00,-54,48.81125630403949,0.0,104.04500145680348,58.16146994708106
2026-04-04 05:00:00,-54,794.2237946751757,280.3815,806.1666043266779,263.83896647952497
2026-04-04 06:00:00,-53,489.2130388585474,141.40561,497.52104752631146,136.58289355924353
2026-04-04 07:00:00,325,1038.029587713836,773.1464,1129.5102426889778,656.599739715457
2026-04-04 08:00:00,6471,8222.240565433993,2810.622,9946.40185005334,2590.741934403777
2026-04-04 09:00:00,12703,11974.781202775042,11181.184,14030.832329920711,13097.190637886524
2026-04-04 10:00:00,13890,15403.634180223678,15276.932,17277.554052589916,17995.84918498993
2026-04-04 11:00:00,15084,17305.80687808936,15421.982,18950.121444582142,17781.833785772324
2026-04-04 12:00:00,15356,18306.08923003791,15356.73,19673.169499303338,17039.18794065714
2026-04-04 13:00:00,14417,18844.888446999543,16536.24,20077.487283490966,17870.455731153488
2026-04-04 14:00:00,13777,18950.016062811697,17692.49,20252.417545739143,17665.228165984154
2026-04-04 15:00:00,14436,18690.90568573407,17264.617,20208.7768820622,17396.213089227676
2026-04-04 16:00:00,14802,17989.318532718728,17647.266,20033.374495724936,18085.358777940273
2026-04-04 17:00:00,15331,17144.114631387107,17329.627,19177.67657249902,18153.51927727461
2026-04-04 18:00:00,13387,14628.74725056018,14527.44,16586.259705575125,15466.317075490952
2026-04-04 19:00:00,4843,9486.215299324293,9554.849,11003.085486745042,10422.637106180191
2026-04-04 20:00:00,188,2426.964255219188,2454.0452,2750.687231444555,2554.33899667114
2026-04-04 21:00:00,-60,1708.841175800293,585.04724,2277.406642427326,556.7583553399891
2026-04-04 22:00:00,-55,1212.0913919821305,319.62772,1664.2373598171273,559.0309516433626
2026-04-04 23:00:00,-54,1203.3792431862248,169.41608,1340.2432699567344,394.6111290715635
2026-04-05 00:00:00,-53,786.9559757429588,95.81188,745.6087557501074,39.84831895795651
2026-04-05 01:00:00,-53,459.75616091532174,113.4407,494.2689536015057,0.0
2026-04-05 02:00:00,-53,527.4845781991389,13.589341,485.9383211582867,62.36424380913377
2026-04-05 03:00:00,-53,390.28785951012105,0.0,296.3945343792666,44.38687979243696
2026-04-05 04:00:00,-53,205.101751585079,0.0,101.04207248251122,93.32989774178714
2026-04-05 05:00:00,-53,0.0,22.94953,82.14835720899485,87.30390108190477
2026-04-05 06:00:00,-53,0.0,0.0,0.0,177.9510810272768
2026-04-05 07:00:00,388,0.0,535.1787,149.16970433744936,814.1462569311261
2026-04-05 08:00:00,7314,6322.319506904783,2367.6768,8140.422360668937,3198.99596773088
2026-04-05 09:00:00,14099,10656.863579257237,9781.484,12827.323611043797,11367.036256492138
2026-04-05 10:00:00,15248,14281.025089816147,15064.137,16280.115780934391,16729.38908994198
2026-04-05 11:00:00,17016,16570.577927861497,16325.311,18198.9868673794,18627.014620900154
2026-04-05 12:00:00,17160,19003.092843416172,17239.773,20006.51227176411,18969.987606704235
2026-04-05 13:00:00,17040,19122.946787124747,18453.232,19980.25482684516,19899.85937654972
2026-04-05 14:00:00,17373,19391.844993285024,18216.195,20201.627281394613,19193.70680361986
2026-04-05 15:00:00,17087,18826.693802768677,18638.477,19882.400025477855,19685.707321465015
2026-04-05 16:00:00,16135,18184.77778733039,18307.416,19357.269100075133,19350.504021942616
2026-04-05 17:00:00,15074,15842.518560165008,16108.248,16641.512207561642,16814.864256978035
2026-04-05 18:00:00,11486,13373.483136063543,13618.125,14965.306326463437,13488.590277135372
2026-04-05 19:00:00,3486,7398.330361483462,9110.966,8184.9399521075875,9581.181682348251
2026-04-05 20:00:00,87,2322.70874184049,2651.9885,2400.992122486583,2650.407609567046
2026-04-05 21:00:00,-61,1517.6002014487449,285.32355,1736.3224384944463,257.61044828686863
2026-04-05 22:00:00,-56,1076.9487086432136,9.5774765,1083.803374239887,0.0
2026-04-05 23:00:00,-52,1148.7843808487341,26.82001,1034.4176801612603,13.295881035737693
2026-04-06 00:00:00,-54,859.5588273557969,67.04412,804.0529067710329,0.0
2026-04-06 01:00:00,-53,761.1376353585565,0.0,801.0606461255869,0.0
2026-04-06 02:00:00,-54,902.928715725553,68.217064,939.7061159105416,110.33238642616197
2026-04-06 03:00:00,-54,682.5745552148064,74.12981,670.6626538890667,121.8268011091277
2026-04-06 04:00:00,-54,343.40726402559403,0.0,354.2323054282671,0.0
2026-04-06 05:00:00,-53,193.2178468811353,0.0,241.15987265265304,0.0
2026-04-06 06:00:00,-53,269.2448603780931,0.0,316.1445655048755,0.0
2026-04-06 07:00:00,41,416.8557960056437,465.22256,451.5054768010042,663.5169426910579
2026-04-06 08:00:00,2931,3249.0856316992104,4265.792,3633.096462583637,4715.741283372045
2026-04-06 09:00:00,9005,8686.825288160744,8421.798,9650.340200411893,9702.855264991522
2026-04-06 10:00:00,12708,13858.998202842886,14081.129,15181.51458177823,14920.37811756134
2026-04-06 11:00:00,14228,14988.5657515762,16763.287,16207.491039946091,16722.97241985798
2026-04-06 12:00:00,15495,17703.483209076174,16001.12,18653.612646312646,16313.545286357403
2026-04-06 13:00:00,16914,18847.02433909109,18631.129,19592.41843677368,18367.36108660698
2026-04-06 14:00:00,17349,19614.750876870512,18814.97,20094.35012268324,18432.329255640507
2026-04-06 15:00:00,16762,19273.2814440487,17672.857,19830.932962183637,18085.624702870846
2026-04-06 16:00:00,18169,18298.06806662206,16925.486,19132.153189021414,17813.625357449055
2026-04-06 17:00:00,18268,16488.204285542677,17127.125,17779.705002206636,17518.529939353466
2026-04-06 18:00:00,14900,13583.76963887873,15456.223,15176.453313110054,15810.85606366396
2026-04-06 19:00:00,5211,9085.694442146902,12086.865,10257.849853767635,12041.838003695011
2026-04-06 20:00:00,212,1921.4397291655887,3022.6472,1664.4686771124277,3053.659067451954
2026-04-06 21:00:00,-28,1156.452166563672,317.5471,935.9787590500536,349.1111887805164
2026-04-06 22:00:00,-23,795.4240355934608,0.0,636.1845986070477,88.71508835814893
2026-04-06 23:00:00,-22,397.045664563404,0.0,271.7730412692417,0.0
2026-04-07 00:00:00,-20,263.0617270313928,0.0,158.2300022583882,0.0
2026-04-07 01:00:00,-21,224.4543451373147,0.0,137.12787567499709,0.0
2026-04-07 02:00:00,-22,119.57425385354873,0.0,45.36302606254898,0.0
2026-04-07 03:00:00,-22,9.93969020691793,0.0,0.0,0.0
2026-04-07 04:00:00,-23,0.0,0.0,0.0,0.0
2026-04-07 05:00:00,-23,0.0,0.0,0.0,0.0
2026-04-07 06:00:00,-22,0.0,0.0,0.0,0.0
2026-04-07 07:00:00,478,0.0,238.06532,20.74873476799729,275.9343765070662
2026-04-07 08:00:00,7868,4512.1706300039305,1097.8226,5428.835595729456,1451.508605517447
2026-04-07 09:00:00,14866,9371.339066627856,8005.6963,10733.80448140765,9199.154665768147
2026-04-07 10:00:00,16587,13594.073427674728,14935.023,14754.208223790733,16454.212187826633
2026-04-07 11:00:00,17152,15809.74707762607,16165.798,16995.507458484644,17156.950826346874
2026-04-07 12:00:00,15532,17356.535489313144,17085.668,18291.767095429906,17624.727552831173
2026-04-07 13:00:00,15989,18169.897254342595,17236.846,19000.956425754128,17413.786295056343
2026-04-07 14:00:00,15911,18789.736013903,17688.22,19543.512424130204,17923.6345615983
2026-04-07 15:00:00,15026,18893.096555923014,18014.203,19702.759821999894,18056.653659045696
2026-04-07 16:00:00,14564,18078.576571968828,16368.378,19110.882258566024,16878.56435805559
2026-04-07 17:00:00,15248,16294.01361067513,16783.041,17653.399343436016,16948.234227597713
2026-04-07 18:00:00,14465,13495.240752390102,15658.39,15118.802779056012,15637.833731174469
2026-04-07 19:00:00,5448,8788.32067550777,12050.01,10110.232191450736,11993.719133734703
2026-04-07 20:00:00,136,1755.7705498706464,2883.867,1770.3620819206565,2905.65029874444
2026-04-07 21:00:00,-59,950.0115564979606,217.5001,951.9574407026863,210.19068927504122
2026-04-07 22:00:00,-54,495.5067516059062,0.0,481.12976672474514,0.0
2026-04-07 23:00:00,-51,444.68187192470623,0.0,340.47096859330054,0.0
2026-04-08 00:00:00,-51,359.06231565698863,0.0,283.5684777942963,0.0
2026-04-08 01:00:00,-51,351.66369959785425,0.0,300.4143080177684,0.0
2026-04-08 02:00:00,-52,164.9737390129494,0.0,165.9395754947922,0.0
2026-04-08 03:00:00,-51,10.259062168952369,0.0,115.25875139312885,0.0
2026-04-08 04:00:00,-51,122.51176257669385,0.0,240.7286371934046,12.23672232212266
2026-04-08 05:00:00,-50,0.0,0.0,0.0,0.0
2026-04-08 06:00:00,-49,0.0,0.0,0.0,0.0
2026-04-08 07:00:00,478,461.7990308523904,0.0,736.9246835363839,0.0
2026-04-08 08:00:00,8112,5296.516856094171,1170.8986,6496.231408985789,1561.281585842371
2026-04-08 09:00:00,15227,10113.643709167349,8711.968,11473.469979228867,9732.627161443233
2026-04-08 10:00:00,17615,14337.553614590463,14752.161,15814.00885866537,15813.149666190147
2026-04-08 11:00:00,18290,16158.665478641207,16137.075,17365.1731382131,16948.193600177765
2026-04-08 12:00:00,18508,17477.265084491948,16815.451,18484.27461745047,17522.57790774107
2026-04-08 13:00:00,18769,18538.876317734826,16597.36,19421.559121321283,17579.71237152815
2026-04-08 14:00:00,18998,19238.58508232738,16861.158,19991.026410375627,18005.816445350647
2026-04-08 15:00:00,19046,19300.819827118234,17010.168,20030.569518109627,17538.023714125156
2026-04-08 16:00:00,18503,18454.29919328147,15941.364,19401.050545476945,16915.73352277279
2026-04-08 17:00:00,17746,16974.216919229653,16818.299,18376.506544386622,17022.689514756203
2026-04-08 18:00:00,15237,14244.984968932815,16602.816,15648.717879099398,16979.18739706278
2026-04-08 19:00:00,5066,9253.494079497048,12698.2295,10476.538178149403,12670.734459757805
2026-04-08 20:00:00,185,1893.367381847409,2820.737,1904.6337664011567,3032.9910986870527
2026-04-08 21:00:00,-61,1263.9567662221498,204.16315,1193.2137388914111,221.15997724235058
2026-04-08 22:00:00,-56,837.8685574485635,0.0,699.8002073666362,0.0
2026-04-08 23:00:00,-53,1127.658680332991,21.388063,883.9759555959937,0.0
2026-04-09 00:00:00,-54,1309.00162780957,102.05298,1067.0980293156238,38.17375558312051
2026-04-09 01:00:00,-53,937.9399498924486,0.0,755.5319395838973,0.0
2026-04-09 02:00:00,-53,706.9407125194657,0.0,535.8637376434721,0.0
2026-04-09 03:00:00,-54,655.9142515502181,0.0,497.2443180646325,0.0
2026-04-09 04:00:00,-54,580.510667102124,0.0,424.98316010418506,0.0
2026-04-09 05:00:00,-54,577.8118585269376,0.0,380.16549277065695,0.0
2026-04-09 06:00:00,-53,503.64681948714224,0.0,264.6877921763501,0.0
2026-04-09 07:00:00,515,738.1713063123643,402.60623,614.5379419878115,639.1513400897384
2026-04-09 08:00:00,6107,5141.867144202544,2537.6575,5755.135279934752,3594.7802904993296
2026-04-09 09:00:00,13156,10557.47472634814,9839.666,11706.828289528954,10841.78404211998
2026-04-09 10:00:00,16215,14625.247881104966,14999.156,15963.2293198126,15690.25664538145
2026-04-09 11:00:00,18028,16900.35917535218,16309.264,18552.568646430285,16527.666563093662
2026-04-09 12:00:00,19535,18948.998453596952,16236.68,20674.23726290232,16484.639663100243
2026-04-09 13:00:00,19462,19850.59893886679,16718.729,21193.784787458397,17580.49044817686
2026-04-09 14:00:00,19510,20337.915011940684,17326.848,21166.60231038166,17573.003922700882
2026-04-09 15:00:00,18755,19017.912741158594,16720.123,19815.851445610588,17052.448484301567
2026-04-09 16:00:00,16747,17309.555127789114,16327.79,18343.1659558442,16379.86770272255
2026-04-09 17:00:00,14560,13815.200421037422,15411.044,14768.0676704336,15314.05781686306
2026-04-09 18:00:00,8852,9289.663763128447,14048.714,9742.909599797522,13422.292483448982
2026-04-09 19:00:00,2520,6114.558391823401,9227.102,6423.510984778391,9450.603923499584
2026-04-09 20:00:00,74,2291.879155529885,2357.3735,1867.425725839936,2580.850850455463
2026-04-09 21:00:00,-58,1453.4771127777367,132.70905,1200.3449787575805,216.73820581287146
2026-04-09 22:00:00,-52,1546.5867547938742,355.5501,952.0455045094741,363.76664564944804
2026-04-09 23:00:00,-53,1396.9365472982372,52.89256,1049.4127638859313,39.291783899534494
2026-04-10 00:00:00,-52,1170.7143642070805,115.306206,770.0838667012642,256.3309153961018
2026-04-10 01:00:00,-51,543.1633794365453,0.0,251.9363370068754,0.0
2026-04-10 02:00:00,-51,347.79046112326387,0.0,109.10677716080322,0.0
2026-04-10 03:00:00,-51,349.32774433066106,0.0,46.42297778848813,17.06600990553852
2026-04-10 04:00:00,-53,474.82202006225634,0.0,230.55678301963653,0.0
2026-04-10 05:00:00,-53,216.84853575228044,15.434501,143.09822697638998,0.0
2026-04-10 06:00:00,-52,202.3910670950263,0.0,150.09913216164608,0.0
2026-04-10 07:00:00,268,252.8944555239782,353.07077,301.8352057193197,311.7941148625687
2026-04-10 08:00:00,6200,3903.7139438282447,1106.1069,4418.498930802229,1062.9878960363567
2026-04-10 09:00:00,14301,9206.147955179236,8542.905,9841.83534186936,9544.661325216293
2026-04-10 10:00:00,17774,12965.059192465491,11665.402,13883.345993942054,13107.199756801128
2026-04-10 11:00:00,19129,14617.189139235052,14838.786,15984.166614441712,15407.162320911884
2026-04-10 12:00:00,19834,16989.841510374798,15713.811,18289.744728522288,16387.275435626507
2026-04-10 13:00:00,18855,16595.286787927893,16151.581,18309.547760427748,16859.021337926388
2026-04-10 14:00:00,18154,17694.999154349913,15521.194,19503.320630088027,16976.220364272594
2026-04-10 15:00:00,18568,16544.261660010336,15569.687,18434.593537543016,16598.922133147717
2026-04-10 16:00:00,16652,15357.88487749275,14713.441,16831.956318567198,15397.364957034588
2026-04-10 17:00:00,15243,14055.72905906404,13980.628,15768.198128962196,15063.247517645359
2026-04-10 18:00:00,11642,11729.154038755094,11852.357,13397.418945873009,13319.980328679085
2026-04-10 19:00:00,4364,7619.280586706198,8273.462,8841.905745615022,9951.84163928032
2026-04-10 20:00:00,57,1366.628828434632,2870.5999,1327.4824773508542,3023.15464630723
2026-04-10 21:00:00,-57,994.4153259078821,513.89655,900.7275504860918,463.69086225517094
2026-04-10 22:00:00,-51,759.0859562041305,440.12854,842.8245934557174,395.9578357078135
2026-04-10 23:00:00,-52,614.7320765864815,249.10973,712.7580065177776,284.09433224704117
2026-04-11 00:00:00,-51,125.75126728577379,119.0502,334.58526418596,216.42824860755354
2026-04-11 01:00:00,-51,0.0,0.0,80.21140422650797,64.25575606757775
2026-04-11 02:00:00,-51,0.0,0.0,0.0,0.0
2026-04-11 03:00:00,-52,44.089411448203464,0.0,297.91863867144286,0.0
2026-04-11 04:00:00,-52,0.0,0.0,0.0,0.0
2026-04-11 05:00:00,-53,0.0,0.0,0.0,0.0
2026-04-11 06:00:00,-53,0.0,0.0,0.0,0.0
2026-04-11 07:00:00,668,251.40336424851648,322.6084,511.44867238815635,417.0876335911453
2026-04-11 08:00:00,8175,5459.560793687135,1204.3218,6731.397548501141,1355.444609373808
2026-04-11 09:00:00,14588,10745.877763605458,9912.461,12533.850198760078,10970.275028944016
2026-04-11 10:00:00,14379,13774.094545052543,13523.828,15645.326461966524,14728.54405850172
2026-04-11 11:00:00,13912,15364.301155190267,15718.236,17253.243111880507,17384.564099907875
2026-04-11 12:00:00,14431,16875.763043627783,15735.379,18564.711401374454,18055.005170702934
2026-04-11 13:00:00,14451,16224.884378608996,15389.49,17935.65940624696,17082.184062302113
2026-04-11 14:00:00,13513,17655.578416869146,16151.707,19374.565734150758,16794.994986355305
2026-04-11 15:00:00,13082,14306.821013881563,14914.693,15883.457289734108,15538.961364626884
2026-04-11 16:00:00,11643,14557.32221612542,13196.845,15948.949492510777,14762.796666920185
2026-04-11 17:00:00,10519,14400.326095236476,14176.097,16200.33663444578,15038.98063659668
2026-04-11 18:00:00,9400,11305.343067241562,11397.447,13108.523896823017,12825.93243509531
2026-04-11 19:00:00,4551,7642.187878435734,9163.515,8782.597327879212,10798.770684599876
2026-04-11 20:00:00,80,1544.666585843389,2801.3286,1682.5280066120395,2971.452561020851
2026-04-11 21:00:00,-52,817.653540390641,533.1436,1077.352239932019,521.1220293212682
2026-04-11 22:00:00,-47,454.5809718022447,422.70282,831.0672379223091,435.57207089848816
2026-04-11 23:00:00,-46,593.1480562592869,357.51743,824.4331017660625,482.6495169661939
2026-04-12 00:00:00,-48,598.4512735928447,255.76283,818.8086443187415,335.92624445445836
2026-04-12 01:00:00,-48,291.91059534768874,79.54011,595.5479523097199,112.37794431857765
2026-04-12 02:00:00,-46,628.5215768502303,84.780014,678.9654706478028,88.8262943783775
2026-04-12 03:00:00,-49,243.88611723182794,0.0,242.69817976724238,0.0
2026-04-12 04:00:00,-48,0.0,0.0,0.0,0.0
2026-04-12 05:00:00,-48,0.0,0.0,0.0,0.0
2026-04-12 06:00:00,-47,108.53072663336752,0.0,55.396533395757686,117.38288850523531
2026-04-12 07:00:00,323,161.7750930638872,540.5676,273.50225376045177,803.9314617030323
2026-04-12 08:00:00,4037,2456.495071683583,1589.544,2967.3441311743177,2525.75929954648
2026-04-12 09:00:00,9352,5961.297331702161,8806.937,6860.63156860555,11224.772574305534
2026-04-12 10:00:00,11556,8596.49290920297,11958.134,9727.922597925995,13569.682607352734
2026-04-12 11:00:00,12525,12117.989852708779,12491.329,13051.216422995416,14237.933490872383
2026-04-12 12:00:00,13067,15527.33100605787,13740.767,16672.692486322416,15372.629013955593
2026-04-12 13:00:00,14360,17588.769854720835,14395.57,19412.591796841516,16346.235585808754
2026-04-12 14:00:00,13657,17690.097459959412,13995.431,19124.574847991273,16205.136556327343
2026-04-12 15:00:00,13824,18434.079512766803,16022.051,19667.890881819283,17358.561320006847
2026-04-12 16:00:00,12943,15192.211107605795,14188.49,16516.59534271696,16380.608845353127
2026-04-12 17:00:00,11993,11919.94141124006,12819.718,13600.223676110534,14866.562790870667
2026-04-12 18:00:00,9659,11382.184335242486,12603.077,13190.648226208894,14222.108495235443
2026-04-12 19:00:00,3377,7950.93766212262,9947.235,9459.072153166526,11465.538051724434
2026-04-12 20:00:00,83,1793.8147136458128,2915.7927,1953.62061422402,3374.367303773761
2026-04-12 21:00:00,-13,1034.211118742067,497.94827,1086.07771959784,474.8509375099093
2026-04-12 22:00:00,-8,969.7090536064734,351.97223,1095.2016954298003,394.3717889394611
2026-04-12 23:00:00,-11,601.1654682399394,310.5348,682.9832903775535,367.3768689762801
2026-04-13 00:00:00,-56,657.0844535892729,190.25697,722.915612562098,277.48218117747456
2026-04-13 01:00:00,-52,531.4090341913234,196.61154,626.4230711242293,244.75056179333478
2026-04-13 02:00:00,-53,387.2484949042091,48.56588,654.9149397230128,66.94830850814469
2026-04-13 03:00:00,-54,160.75129362037706,69.506004,504.9687074606824,78.25308528263122
2026-04-13 04:00:00,-54,0.0,11.747791,378.5689950035468,50.09008371387608
2026-04-13 05:00:00,-54,149.07206690551357,104.796,414.7373018555718,118.92866372829303
2026-04-13 06:00:00,-53,0.0,0.0,0.0,0.0
2026-04-13 07:00:00,417,0.0,403.54816,253.10193401547633,370.7425967976451
2026-04-13 08:00:00,6353,3814.4045771244964,1906.7144,4872.371301219206,1892.801640406251
2026-04-13 09:00:00,13376,8073.682001629159,8810.887,9427.3179763606,10548.948985934258
2026-04-13 10:00:00,14927,11808.103820908485,12999.3545,13309.966924897988,14546.689571142197
2026-04-13 11:00:00,13845,14576.714407480515,14643.607,16698.512772169855,15624.921598434448
2026-04-13 12:00:00,14572,16275.112765130318,15135.991,18385.46145104188,16356.148676276207
2026-04-13 13:00:00,13845,16658.811494025376,14149.62,18681.615181862326,15833.729301095009
2026-04-13 14:00:00,13479,16121.000595049445,14460.521,18058.035430636988,15650.19431591034
2026-04-13 15:00:00,13607,15005.112100183032,15197.305,16274.83292456731,17145.396634340286
2026-04-13 16:00:00,13785,16544.693983329467,14865.592,17977.217370872277,16412.53461062908
2026-04-13 17:00:00,12985,12705.873200514488,13852.807,13989.344127438679,14534.162783324718
2026-04-13 18:00:00,11397,11185.949894598596,12751.214,12997.399768580346,14300.817350149155
2026-04-13 19:00:00,4760,6333.040558324599,9193.86,7600.189203105196,10637.524148225784
2026-04-13 20:00:00,106,1270.3090229350719,2900.5027,1667.6556910748807,3318.452278152108
2026-04-13 21:00:00,-57,648.2677631271117,430.79645,901.1801168512127,378.520554760471
2026-04-13 22:00:00,-53,388.5701336304119,337.39172,610.5597393963678,409.1240437142551
2026-04-13 23:00:00,-53,611.0797212100388,474.98734,718.3141609986221,582.0351124741137
2026-04-14 00:00:00,-53,535.7641834573442,301.88586,579.1456332720217,368.71949748136103
2026-04-14 01:00:00,-51,198.024502005077,68.07925,413.2570225970652,0.9314697456284193
2026-04-14 02:00:00,-51,0.0,18.370901,0.0,0.0
2026-04-14 03:00:00,-51,0.0,48.074333,0.0,0.0
2026-04-14 04:00:00,-54,0.0,42.884583,0.0,0.0
2026-04-14 05:00:00,-53,0.0,72.24656,0.0,150.03353197826073
2026-04-14 06:00:00,-52,0.0,0.0,0.0,0.0
2026-04-14 07:00:00,930,802.282460339592,659.9168,753.6987177958841,802.0415941625834
2026-04-14 08:00:00,9403,7382.880453353222,3885.9614,8820.409180296401,4679.700452908874
2026-04-14 09:00:00,12694,11179.449801719591,12458.45,12927.914785895013,13036.376314759254
2026-04-14 10:00:00,13730,14184.23005943925,15768.89,15815.307124534225,17077.876324653625
2026-04-14 11:00:00,13181,15624.343025739206,16173.119,17054.57954479819,18479.06925559044
2026-04-14 12:00:00,15092,16672.660929692596,15514.401,17809.94127896874,17273.375469446182
2026-04-14 13:00:00,15315,18206.144864817416,15325.754,19653.47182712079,17281.917076706886
2026-04-14 14:00:00,15426,18819.902875834647,15520.994,20420.83701994078,17337.095268666744
2026-04-14 15:00:00,14772,18787.785237537293,15670.668,20025.785055739478,17158.024375140667
2026-04-14 16:00:00,14150,17964.57185409485,15539.582,19182.471232217034,16925.55181592703
2026-04-14 17:00:00,12235,16004.384374585497,15609.286,17574.059003871345,16789.283756017685
2026-04-14 18:00:00,12663,13263.297433079893,13982.577,15092.032258083802,15109.655111432076
2026-04-14 19:00:00,6256,8810.925437595604,12137.813,10348.413365513345,12944.848893284798
2026-04-14 20:00:00,187,1528.7610924331102,3661.374,1786.0927153473194,4376.926452443004
2026-04-14 21:00:00,-59,700.4043066609875,430.5637,878.1137624754091,563.453915733844
2026-04-14 22:00:00,-54,450.38178704220354,341.35114,630.3819332035108,400.25507024489343
2026-04-14 23:00:00,-53,293.0176470764077,256.05362,516.9386777188056,268.33125879988074
2026-04-15 00:00:00,-54,141.1693886748103,0.0,209.38016221100455,0.0
2026-04-15 01:00:00,-54,66.56116182016694,0.0,81.29618642707605,0.0
2026-04-15 02:00:00,-52,59.11100457956263,0.0,58.97283409052752,1.486879320400476
2026-04-15 03:00:00,-52,0.0,36.244095,0.0,64.55362315289676
2026-04-15 04:00:00,-53,0.0,92.28367,0.0,148.6940390174277
2026-04-15 05:00:00,-53,0.0,38.290646,0.0,128.5186488647014
2026-04-15 06:00:00,-52,0.0,0.0,0.0,0.0
2026-04-15 07:00:00,963,989.5286975309336,1216.5842,1257.318536572218,1725.8004762232304
2026-04-15 08:00:00,8857,7876.497766638997,4609.2944,9481.052004421175,5380.953420549631
2026-04-15 09:00:00,13254,12224.339859770553,11708.907,14087.897271449398,13404.986433684826
2026-04-15 10:00:00,14933,14955.690494301074,15651.218,16685.13808612176,18152.855696082115
2026-04-15 11:00:00,15311,16991.29476289109,15903.9795,18583.56317411133,17935.406664311886
2026-04-15 12:00:00,15490,18848.645683426475,15905.51,20421.6072810837,17704.34867799282
2026-04-15 13:00:00,16159,19462.501469044317,16127.881,20897.86785624115,17362.391377687454
2026-04-15 14:00:00,16032,19150.57651567398,15821.167,20214.961342316274,17066.93031281233
2026-04-15 15:00:00,14762,19023.1550167718,16472.84,20313.45384025606,17473.81761699915
2026-04-15 16:00:00,13965,17676.385719051596,16146.096,19020.421701482326,16887.185989022255
2026-04-15 17:00:00,12615,16086.021795558143,14946.338,17740.580326219137,15650.195547044277
2026-04-15 18:00:00,12667,13185.05108500869,14973.209,15041.56989667508,14862.759818136692
2026-04-15 19:00:00,5546,9228.191498135231,12250.579,10893.887204259243,12760.945799052715
2026-04-15 20:00:00,324,2079.5534445138264,4547.2295,2318.2679364591986,4936.569162234664
2026-04-15 21:00:00,-56,1127.0770472468412,669.3141,1216.379804888664,722.1909394674003
2026-04-15 22:00:00,-51,581.8085216898044,37.6189,714.5315972235879,43.01755587919615
2026-04-15 23:00:00,-49,184.53135635530225,95.569984,634.185636379322,176.5796555299312
2026-04-16 00:00:00,-51,0.0,0.0,118.5030428518322,0.0
2026-04-16 01:00:00,-48,0.0,0.0,0.0,0.0
2026-04-16 02:00:00,-48,0.0,0.0,0.0,0.0
2026-04-16 03:00:00,-48,0.0,0.0,0.0,0.0
2026-04-16 04:00:00,-50,0.0,0.0,0.0,0.0
2026-04-16 05:00:00,-49,0.0,0.0,0.0,0.0
2026-04-16 06:00:00,-49,0.0,0.0,0.0,0.0
2026-04-16 07:00:00,353,0.0,558.01245,238.4292104134462,615.2316772844642
2026-04-16 08:00:00,4543,3895.308579070381,2316.2249,4802.422575375265,3543.478939309716
2026-04-16 09:00:00,9220,9117.08612361388,8782.07,10496.641647715815,10591.339389681816
2026-04-16 10:00:00,11717,13190.94088710469,12791.74,14432.275686484925,14067.32418090105
2026-04-16 11:00:00,12784,15666.953524344717,14764.698,17060.382628056122,15661.817451417446
2026-04-16 12:00:00,13993,17960.54961474189,16204.507,19558.224236255268,16620.180122852325
2026-04-16 13:00:00,15515,19425.072003914927,15745.864,20604.750025089932,16915.39249867201
2026-04-16 14:00:00,15876,20117.928519375302,16127.507,21122.196524737195,17070.20512908697
2026-04-16 15:00:00,15700,18856.917013829316,15555.996,20090.65591719713,16815.02553552389
2026-04-16 16:00:00,14907,17804.528431868624,15324.951,19192.24339468015,16385.695890784264
2026-04-16 17:00:00,12217,15798.646615606849,14753.434,17563.652440896014,15945.327899158001
2026-04-16 18:00:00,10786,13138.306983899864,13616.037,15060.021864576918,14877.875680625439
2026-04-16 19:00:00,5123,8665.348082902594,12120.459,10283.027275374523,13130.449721217155
2026-04-16 20:00:00,143,1456.1658601088157,4275.2456,1940.156951562883,4955.023244395852
2026-04-16 21:00:00,-61,14.675096222016236,120.9755,459.9114469909655,111.73742765095085
2026-04-16 22:00:00,-56,0.0,0.0,244.5276271468303,49.193587369518355
2026-04-16 23:00:00,-55,0.0,36.757156,0.0,242.60184834245592
2026-04-17 00:00:00,-56,0.0,39.33817,10.794895325931867,282.8352861944586
2026-04-17 01:00:00,-54,0.0,42.619297,0.0,256.07635921798646
2026-04-17 02:00:00,-54,0.0,30.489403,0.0,206.45966093055904
2026-04-17 03:00:00,-55,0.0,64.95385,0.0,209.0799563890323
2026-04-17 04:00:00,-56,0.0,58.387184,0.0,46.30831437651068
2026-04-17 05:00:00,-57,0.0,0.0,0.0,7.637921887653647
2026-04-17 06:00:00,-56,0.0,0.0,0.0,9.196309621038381
2026-04-17 07:00:00,935,441.3795744613135,516.2522,948.5885228765784,802.5794458016753
2026-04-17 08:00:00,8812,6109.426516917019,3262.7961,7538.279950071306,3932.349521666765
2026-04-17 09:00:00,14197,10444.428751797237,11118.614,12024.935822124666,12349.56116259098
2026-04-17 10:00:00,15513,14507.63788147875,15127.189,16343.363374297942,16270.941896438599
2026-04-17 11:00:00,16315,16395.51285517454,16122.332,18132.54769521266,18478.72084468603
2026-04-17 12:00:00,17188,17732.780691183343,15845.708,19252.07688822449,18090.682201087475
2026-04-17 13:00:00,17440,18104.286046845966,15834.642,19365.316751894603,17689.352235496044
2026-04-17 14:00:00,17584,18337.899513655113,15581.76,19688.757702993276,17588.89170616865
2026-04-17 15:00:00,16804,18275.85405236338,15953.735,19739.006719216042,17867.06518828869
2026-04-17 16:00:00,15500,17652.059027934403,16379.968,19234.530219524626,18447.473434209824
2026-04-17 17:00:00,14677,16288.096746823801,16465.662,18073.576965319648,17989.44359511137
2026-04-17 18:00:00,13760,13919.737470530898,14840.577,15750.296718972339,15482.420307397842
2026-04-17 19:00:00,6339,9686.722648682055,11126.965,11300.52744625451,11989.757344722748
2026-04-17 20:00:00,232,2395.247507553766,4155.776,2872.0743888302923,4373.674719929695
2026-04-17 21:00:00,-62,1161.8562788101553,513.14374,1543.7677714325005,379.24892437644303
2026-04-17 22:00:00,-57,1435.7019636629293,215.26624,1608.718154750418,203.7469342444092
2026-04-17 23:00:00,-55,777.1495799038121,80.73601,946.5174576505202,18.212303806794807
2026-04-18 00:00:00,-57,760.740839074565,0.0,981.9581748743987,29.88358578819316
2026-04-18 01:00:00,-55,713.955831607037,0.0,931.1897254700337,33.271108527551405
2026-04-18 02:00:00,-54,644.9904966412441,0.0,822.401786829718,0.0
2026-04-18 03:00:00,-54,540.4160900239067,0.0,718.9584205968628,0.0
2026-04-18 04:00:00,-56,292.3951465255368,0.0,458.64006109537627,4.304325880584656
2026-04-18 05:00:00,-57,462.6336477119057,98.36411,990.7500146155501,224.46122442372143
2026-04-18 06:00:00,-57,152.61653682445285,4.38296,448.36545093815806,14.305840078450274
2026-04-18 07:00:00,1126,2269.1348151109023,1313.5425,2713.8556164621195,1729.6091429516673
2026-04-18 08:00:00,8788,8653.151679416624,5101.2153,10331.478932747983,6795.319484621286
2026-04-18 09:00:00,12562,13063.241388322484,11466.232,15389.230020964422,14727.746283710003
2026-04-18 10:00:00,13701,16240.543308123502,14906.93,18738.79229745545,17948.153825104237
2026-04-18 11:00:00,13990,18538.84577385498,15376.274,20813.941598738835,17381.089839935303
2026-04-18 12:00:00,14415,19897.620332599454,16380.209,22018.95406901317,18364.38666701317
2026-04-18 13:00:00,15668,20142.594445790506,15970.271,21870.433594514187,17688.14818650484
2026-04-18 14:00:00,15511,20196.65364809503,17668.793,21761.417438783414,18677.0577532053
2026-04-18 15:00:00,14623,19823.357763280226,18605.84,21179.640192719755,18666.59680813551
2026-04-18 16:00:00,14629,19205.759863476636,18144.53,20526.19945560953,18508.179417550564
2026-04-18 17:00:00,15317,17803.19923770341,17040.03,19869.943861682197,17914.529094994068
2026-04-18 18:00:00,13326,15015.933856522006,14633.74,17015.789200361643,15580.469045341015
2026-04-18 19:00:00,5011,10050.468646223793,10069.513,11342.293551555178,11098.37943971157
2026-04-18 20:00:00,153,2284.1660252809115,3622.2866,2688.909356847353,4070.987822189927
2026-04-18 21:00:00,-61,1212.917440426816,103.207504,1464.1426583740617,27.102160866488703
2026-04-18 22:00:00,-56,1387.0140976621187,256.36914,1580.5863823413824,0.0
2026-04-18 23:00:00,-53,1328.6275371463898,219.6038,1467.9946000930538,0.0
2026-04-19 00:00:00,-53,924.2570343822699,92.90823,1058.6768756747938,0.0
2026-04-19 01:00:00,-53,226.5327221570983,74.45484,477.8516408474743,0.0
2026-04-19 02:00:00,-53,275.33521491855254,211.6083,765.7330379062886,130.91054974123836
2026-04-19 03:00:00,-53,349.7250240804033,199.6602,929.4048847918618,235.74683686718345
2026-04-19 04:00:00,-55,165.96591477195625,33.618244,818.792660342997,79.76745697204024
2026-04-19 05:00:00,-55,422.0153011600446,19.909369,1042.1190718524408,217.6767338393256
2026-04-19 06:00:00,-55,553.50605355281,14.814733,1158.2367113174662,159.0957934758626
2026-04-19 07:00:00,773,1522.5283159789187,2434.1719,2215.619990345802,4041.2186957895756
2026-04-19 08:00:00,7207,7285.253305316026,7867.7134,8877.617447506447,9401.334558874369
2026-04-19 09:00:00,14120,11533.271594460035,12415.472,13523.269694873761,14457.954361438751
2026-04-19 10:00:00,14830,15570.960661203892,15923.139,17522.69348796132,17167.964550554752
2026-04-19 11:00:00,16047,17308.36727539959,17122.857,18555.675726235517,17907.265404760838
2026-04-19 12:00:00,16768,18516.606197290534,17110.742,19352.76425735904,17988.5005569458
2026-04-19 13:00:00,16959,19014.081182446982,17301.416,19696.547959052023,18364.71331000328
2026-04-19 14:00:00,16923,18563.62739704428,17489.986,19121.352579748207,18423.356095552444
2026-04-19 15:00:00,16658,18105.987480848184,17728.95,18712.567633672097,18240.92361807823
2026-04-19 16:00:00,16925,17855.076957849808,17405.58,18735.960106578226,18188.396574258804
2026-04-19 17:00:00,16375,16606.956327392807,17575.717,17829.83449059169,17599.524142742157
2026-04-19 18:00:00,12384,14163.194080081808,15186.894,15584.668630596898,15667.778134346008
2026-04-19 19:00:00,4569,9940.564949006693,11180.032,11173.975947312547,11867.263754606247
2026-04-19 20:00:00,123,2725.9990831682153,4132.5645,2759.4490661488285,4254.5144882798195
2026-04-19 21:00:00,-57,1265.0482966181562,663.68536,1215.9405611844459,480.70862255990505
2026-04-19 22:00:00,-52,1042.9584005933739,521.9141,1046.4592760166902,302.7292732335627
2026-04-19 23:00:00,-49,626.730806736271,266.00323,895.6662065882506,53.20777305401862
2026-04-20 00:00:00,-50,223.81424213884566,389.31747,501.3809831526026,376.3801724091172
2026-04-20 01:00:00,-51,0.0,97.22318,40.14538675772498,48.322428171522915
2026-04-20 02:00:00,-53,0.0,42.211452,143.5919826923141,0.5646362053084886
2026-04-20 03:00:00,-53,95.00693481861981,32.486317,344.65402424853727,77.6510127959773
2026-04-20 04:00:00,-53,39.77566879215283,0.0,292.99758411834483,114.6607571374625
2026-04-20 05:00:00,-53,0.0,0.0,0.0,0.0
2026-04-20 06:00:00,-52,0.0,0.0,0.0,0.0
2026-04-20 07:00:00,1141,1044.2115493586089,596.8507,1849.7568606908828,552.3246219009161
2026-04-20 08:00:00,9804,7664.731412847066,3069.812,9670.739971918872,4324.93831127882
2026-04-20 09:00:00,15976,11400.20146254677,11861.228,13398.88210071172,12603.272869586945
2026-04-20 10:00:00,17965,15003.277813538713,15187.66,16520.569259473406,16836.456311941147
2026-04-20 11:00:00,19005,16339.412847649452,17120.654,17462.58591346479,18043.35173010826
2026-04-20 12:00:00,19165,17900.949360215265,17046.648,18711.89357289521,17605.34737110138
2026-04-20 13:00:00,18338,18868.748033465647,17001.748,19450.440393186513,17697.039251327515
2026-04-20 14:00:00,17655,19269.183002500497,17148.777,19863.273047147115,17530.885511636734
2026-04-20 15:00:00,16259,18573.316538437528,17493.693,19399.308884461556,17787.783535718918
2026-04-20 16:00:00,15466,17639.05136650716,16762.791,18641.51582847391,17642.94762969017
2026-04-20 17:00:00,15451,15938.51620804712,15986.482,17160.049861778025,16798.365663290024
2026-04-20 18:00:00,12904,12207.813666511172,13610.82,13199.99784903859,14133.632768392563
2026-04-20 19:00:00,4913,7833.413152243471,9705.1,8923.113432331169,10221.632079482079
2026-04-20 20:00:00,207,1174.9458554183348,3730.7327,1488.4429917363182,4095.679728090763
2026-04-20 21:00:00,-60,167.1499215366539,581.1708,383.1991784873392,247.04847361892462
2026-04-20 22:00:00,-52,142.43660197214922,183.51982,320.51998996386766,10.807374760042876
2026-04-20 23:00:00,-52,80.60104895350105,65.02443,275.07110533057835,20.91369538800791
2026-04-21 00:00:00,-52,206.73855679674534,374.6294,500.7466116569638,336.40796683728695
2026-04-21 01:00:00,-51,0.0,183.74179,151.7436919352318,166.59953836351633
2026-04-21 02:00:00,-51,0.0,0.0,209.55998527670204,22.553036278113723
2026-04-21 03:00:00,-52,0.0,0.0,0.19585810964673156,0.0
2026-04-21 04:00:00,-52,0.0,0.0,0.0,0.0
2026-04-21 05:00:00,-52,12.315090867789422,111.90106,463.4470582733601,113.28137185424566
2026-04-21 06:00:00,-54,0.0,0.0,0.0,0.0
2026-04-21 07:00:00,977,1264.9129141840276,0.0,1732.2884885572157,136.6777269449085
2026-04-21 08:00:00,8428,5776.193683513586,3237.273,6969.4167919504525,3950.473264157772
2026-04-21 09:00:00,14185,7956.219847700999,7780.038,9792.7339087062,10437.50141620636
2026-04-21 10:00:00,15342,9926.247650585896,12425.462,11816.586990737947,14043.94546508789
2026-04-21 11:00:00,15490,9951.716106348013,12825.485,11682.476768807419,15129.710850715637
2026-04-21 12:00:00,16611,11242.13979440314,10408.559,13131.459427121936,11958.770048618317
2026-04-21 13:00:00,17059,14390.715180575193,14809.796,16005.391461493653,15787.14325428009
2026-04-21 14:00:00,17024,12377.39304562712,13414.997,13399.347565094165,14718.861073255539
2026-04-21 15:00:00,17304,15965.387002954743,13328.206,16886.521984534946,15667.221375703812
2026-04-21 16:00:00,15968,15392.126715411789,14498.924,16748.265283402565,15927.30017542839
2026-04-21 17:00:00,14979,12411.869626314414,14471.168,14207.88054910311,16802.81604528427
2026-04-21 18:00:00,12781,10699.934462691397,11587.939,12220.508131947781,12944.561001062393
2026-04-21 19:00:00,5130,7995.630149295803,9271.068,9546.353199610057,10190.231137871742
2026-04-21 20:00:00,226,1899.0367407131844,3244.0867,2214.409762782939,3462.5133365392685
2026-04-21 21:00:00,-59,1201.843350647594,313.05154,1331.039756731258,459.8302887007594
2026-04-21 22:00:00,-52,901.2317228287939,25.67088,1067.832170203561,131.9410248287022
2026-04-21 23:00:00,-51,1034.5949707086147,147.78325,1159.4409730159848,192.84735150635242
2026-04-22 00:00:00,-51,786.521917017013,109.746475,925.0832643053311,184.16435942053795
2026-04-22 01:00:00,-51,613.4656723033468,147.08853,815.1875250019054,253.0599575303495
2026-04-22 02:00:00,-52,591.6983995462924,0.0,819.7932199503056,64.56441454589367
2026-04-22 03:00:00,-53,626.9453306070682,26.904036,762.3151487407627,31.86013738391921
2026-04-22 04:00:00,-52,766.7225452352577,237.02557,809.5599251753409,286.1645513959229
2026-04-22 05:00:00,-53,919.5246831907953,145.83238,937.2968404095525,134.6166522335261
2026-04-22 06:00:00,-52,808.4471294292143,153.29445,1041.145207224957,238.6315319687128
2026-04-22 07:00:00,1300,1802.6922919347999,2853.0696,2422.7644305890813,3654.183029830456
2026-04-22 08:00:00,8062,7896.689683092187,5434.029,9981.948551363512,7268.712062239647
2026-04-22 09:00:00,11629,11656.42015767477,11496.966,13856.637112265731,14071.752671003342
2026-04-22 10:00:00,11968,14212.637274706722,13670.892,16247.521039076608,15907.947589159012
2026-04-22 11:00:00,11566,16203.147651231018,15001.78,17862.796124732027,16384.567400217056
2026-04-22 12:00:00,11674,17736.50637119401,15369.36,19059.21316699913,16959.245558977127
2026-04-22 13:00:00,11384,17812.064556685735,15330.999,18919.90247633801,16653.60101467371
2026-04-22 14:00:00,11380,17611.23093824703,14683.8,18544.406646410614,16580.60443073511
2026-04-22 15:00:00,11164,17216.184378262726,13588.835,18240.7553858376,15125.757331609726
2026-04-22 16:00:00,10972,16806.141715394675,14389.535,18155.592146391195,16007.170840263367
2026-04-22 17:00:00,10663,15630.936010820315,13440.451,17133.590628034686,15394.048426628113
2026-04-22 18:00:00,11038,13270.527400725594,13112.123,15196.363897525312,14769.707501411438
2026-04-22 19:00:00,6627,9532.716234293752,11412.132,11129.998490773802,12830.22554063797
2026-04-22 20:00:00,356,2556.1793074753405,4659.6074,2967.112940677626,5264.212111234665
2026-04-22 21:00:00,-63,1242.2667742134508,862.5084,1473.6189376483362,940.2193121612072
2026-04-22 22:00:00,-58,811.888090630815,642.9429,1181.3936407750784,773.017630636692
2026-04-22 23:00:00,-56,492.33105069629164,390.99426,987.8974207837125,518.4986407607794
2026-04-23 00:00:00,-55,203.86479553118443,160.96298,658.7949374249624,297.80831998959184
2026-04-23 01:00:00,-55,0.0,0.0,321.5356039891492,14.454709622543305
2026-04-23 02:00:00,-56,0.0,0.0,66.44142244681113,0.0
2026-04-23 03:00:00,-55,157.71150977861998,0.0,161.3259934502655,0.0
2026-04-23 04:00:00,-56,0.0,5.8590274,0.0,0.0
2026-04-23 05:00:00,-56,0.0,0.0,0.0,0.0
2026-04-23 06:00:00,-56,0.0,0.0,0.0,0.0
2026-04-23 07:00:00,1333,1774.726922857727,977.9107,2162.2878199804823,1202.2815367132425
2026-04-23 08:00:00,8490,7285.169479398131,4395.2085,8848.268787375655,5566.086123347282
2026-04-23 09:00:00,12525,10547.695042741376,10081.82,11968.509729521737,11229.468913555145
2026-04-23 10:00:00,13768,13742.391131271303,14323.554,15149.310619870652,17052.44638133049
2026-04-23 11:00:00,14609,15727.028184868188,15735.775,16791.532837305927,18474.346346616745
2026-04-23 12:00:00,14113,17448.699916553524,15737.517,18466.93264363517,18115.396692276
2026-04-23 13:00:00,14111,18217.80032327566,14914.197,19088.10895550162,17383.907509088516
2026-04-23 14:00:00,13396,18770.124997778385,15029.002,19567.281625399763,17481.67039346695
2026-04-23 15:00:00,12675,18813.709089298813,14617.369,18951.460035150718,15846.152603030205
2026-04-23 16:00:00,11702,17793.23454115291,13856.058,18079.31928373615,15206.73547577858
2026-04-23 17:00:00,10407,15766.862165409177,14285.296,16652.181778184386,15294.582283735275
2026-04-23 18:00:00,10131,12941.586944684204,12652.013,14278.593770738224,13696.005163550377
2026-04-23 19:00:00,5963,7954.853572245809,9570.277,9048.792051443608,10612.01451253891
2026-04-23 20:00:00,301,2079.4551673277656,3780.8518,2517.6804555047015,4307.40150269866
2026-04-23 21:00:00,-63,1092.2148432833656,618.7777,1356.452529325191,571.8649661317468
2026-04-23 22:00:00,-58,718.5198472613101,71.700745,966.5989099528557,225.49221406504512
2026-04-23 23:00:00,-57,857.2717266924792,123.09559,855.0167987503122,313.7690836787224
2026-04-24 00:00:00,-56,796.8425802947459,70.26015,732.6214957374408,112.77109021227807
2026-04-24 01:00:00,-55,696.7713884878658,87.39026,825.0421053433373,91.90355913713574
2026-04-24 02:00:00,-56,788.1832664899166,0.0,795.8763601004259,63.8801988651976
2026-04-24 03:00:00,-56,533.7762812310239,0.0,647.2554436473523,0.0
2026-04-24 04:00:00,-55,706.5566552856035,0.0,582.066240765753,4.690358791965991
2026-04-24 05:00:00,-55,773.6034752068472,40.07844,571.7452405866737,23.001888915896416
2026-04-24 06:00:00,-55,1053.9852170991708,41.689667,934.7057225474812,36.96475718310103
2026-04-24 07:00:00,1557,2979.6408109037993,1900.8733,3122.3996289162146,2206.2499190866947
2026-04-24 08:00:00,8450,8771.939341242409,5978.77,9645.160024463648,6609.748793244362
2026-04-24 09:00:00,13073,11867.552063810317,10929.066,13183.461369670691,12404.887142419815
2026-04-24 10:00:00,15306,16108.770072097013,14343.514,17460.60941336471,15524.932484030724
2026-04-24 11:00:00,14860,16465.543911378172,15455.088,17384.016596319492,15713.921104550362
2026-04-24 12:00:00,15283,19885.448259898927,16683.648,20860.722338669068,17213.599042773247
2026-04-24 13:00:00,14917,17768.83013797165,15501.126,17954.446175075813,16266.94766330719
2026-04-24 14:00:00,14392,19644.487878074397,16409.557,19761.524039848588,17129.789442777634
2026-04-24 15:00:00,14404,19404.299090581833,16344.953,19446.67479915719,16994.714985966682
2026-04-24 16:00:00,13741,18856.82575498289,16247.0,18998.82042732127,17335.165699243546
2026-04-24 17:00:00,13212,17168.00308224051,16388.744,18016.04767416932,16354.670340418816
2026-04-24 18:00:00,12843,13920.327046218837,13135.04,14995.504674018895,14011.555229306221
2026-04-24 19:00:00,6515,9390.905473519346,11556.605,10380.40528377479,12242.13978254795
2026-04-24 20:00:00,337,1881.48330633987,4454.4897,2191.4233843288634,5176.322442531586
2026-04-24 21:00:00,-66,632.8817696776205,476.24106,785.835567543394,318.1383047066629
2026-04-24 22:00:00,-60,874.4283836119521,222.36807,1062.957276119646,231.84289217926562
2026-04-24 23:00:00,-57,695.6074996593343,135.39624,1004.1399520602317,192.80738035961986
2026-04-25 00:00:00,-56,498.6399643011546,157.58537,893.4002388650882,207.08089437894523
2026-04-25 01:00:00,-55,517.4832474911345,108.97624,874.8385029297796,243.46828150376678
2026-04-25 02:00:00,-56,160.03318644653336,7.5547175,576.1995310457686,130.52854328323156
2026-04-25 03:00:00,-56,126.62137492474812,52.4965,528.4965827588844,108.5576053680852
2026-04-25 04:00:00,-57,381.71464473803826,130.82585,621.81010506833,160.69402880966663
2026-04-25 05:00:00,-56,324.3264233079426,30.06567,597.1700512593789,118.94889026414603
2026-04-25 06:00:00,-57,459.1705217822346,46.63788,733.5963993749835,148.9133189180866
2026-04-25 07:00:00,866,2163.701368525364,2334.0437,2645.3866734358767,3265.481768488884
2026-04-25 08:00:00,5523,5572.334873346121,6636.1675,6406.638263747339,6822.394388437271
2026-04-25 09:00:00,9194,8112.673234168378,10317.323,8985.119181750386,12633.708760023117
2026-04-25 10:00:00,11295,8493.272557901559,11890.281,9395.766094459434,13671.826839327812
2026-04-25 11:00:00,13559,11952.613168666792,14518.776,12980.342029108479,14470.6608440876
2026-04-25 12:00:00,14599,17750.269451489232,16628.482,19469.32001746785,17204.753833413124
2026-04-25 13:00:00,14720,19638.619352510832,16354.662,21070.77890959312,16647.775184988976
2026-04-25 14:00:00,14923,16485.80243266973,14606.493,17658.54940139304,14558.278305530548
2026-04-25 15:00:00,12915,9283.422030909443,13103.437,9944.597985801429,13674.63692522049
2026-04-25 16:00:00,11655,6584.232501499724,10166.659,7130.887175193098,11178.645811915398
2026-04-25 17:00:00,8621,5260.386970427293,9411.589,5466.088830655755,9767.701921641827
2026-04-25 18:00:00,5233,3620.6986626525377,5444.08,3620.6761659090744,5949.664700508118
2026-04-25 19:00:00,1623,2158.4396784514547,3062.8767,2081.0211304687505,4061.8074435293674
2026-04-25 20:00:00,10,1227.1932087861069,1811.6041,1118.9840160134431,2004.741963967681
2026-04-25 21:00:00,-50,1014.0008050514152,371.40338,1041.7601234309936,469.79564493894577
2026-04-25 22:00:00,-47,910.2724578045109,386.36102,953.4437729717763,536.8656463213265
2026-04-25 23:00:00,-42,782.1442964434173,300.3491,918.3679776576772,394.8768428340554
2026-04-26 00:00:00,-47,621.7767321822075,40.153175,769.4568365392937,255.82064903341234
2026-04-26 01:00:00,-46,727.3295751541054,205.37628,787.5864178953087,415.3428050838411
2026-04-26 02:00:00,-46,902.609764058293,3.1034925,1113.6330812247581,136.9968963302672
2026-04-26 03:00:00,-47,869.6554690500552,169.27121,962.7194303076596,407.6964558586478
2026-04-26 04:00:00,-48,1315.1949196603273,20.94404,1441.0816642999748,68.89905645418912
2026-04-26 05:00:00,-48,1231.0762019968815,64.24986,1239.3421093791287,163.97717883065343
2026-04-26 06:00:00,-48,1569.0357514159086,243.3157,1513.51804747587,236.4639953803271
2026-04-26 07:00:00,1385,3387.9238151772324,2535.8083,3764.685061412226,3120.9411525428295
2026-04-26 08:00:00,7779,7718.438628590775,6615.5063,9014.934780576205,7630.022176921368
2026-04-26 09:00:00,10744,9719.444979741504,11610.702,11185.531461431676,12664.843140363693
2026-04-26 10:00:00,11286,12964.374437017726,13618.2295,14094.43710665177,15670.747214436531
2026-04-26 11:00:00,11961,14352.028851842784,13476.57,15143.048717779266,14498.62338578701
2026-04-26 12:00:00,11765,14208.327197860177,13196.174,14900.917152539561,14833.148920059204
2026-04-26 13:00:00,11818,13801.253935701352,12597.852,15041.105438983202,14430.288764476776
2026-04-26 14:00:00,11914,14627.888068901728,13344.426,15649.815119668403,14611.139130353928
2026-04-26 15:00:00,12132,15592.254579230103,14044.61,16384.46604049926,14722.424206256866
2026-04-26 16:00:00,11815,13683.944718049308,13258.941,14585.24191438916,14891.93137729168
2026-04-26 17:00:00,10944,11943.360128455668,12996.939,13065.841495446331,14363.904770731926
2026-04-26 18:00:00,9257,9375.74800590546,11705.641,10393.46417855488,12732.062948465347
2026-04-26 19:00:00,4501,5612.424145916895,9665.577,6020.792925636903,10445.137733221054
2026-04-26 20:00:00,224,2253.942473871627,3477.0757,2408.441284248797,3741.3477073013783
2026-04-26 21:00:00,-52,1376.386249808752,549.86884,1487.3607033550693,595.7652889825404
2026-04-26 22:00:00,-47,1274.105530866529,443.30298,1327.7982490958184,561.6604501307011
2026-04-26 23:00:00,-45,787.6052382011658,297.24313,927.7025130604511,299.64218074828386
2026-04-27 00:00:00,-47,408.9533233426,150.07947,775.5210174520622,258.77893459424376
2026-04-27 01:00:00,-45,192.08072524645877,222.18375,562.5602518178983,184.38135273568332
2026-04-27 02:00:00,-45,103.71858603066767,217.39644,474.2360985509516,162.4086599946022
2026-04-27 03:00:00,-45,0.0,0.0,0.0,0.0
2026-04-27 04:00:00,-47,0.0,0.0,0.0,0.0
2026-04-27 05:00:00,-47,0.0,0.0,0.0,0.0
2026-04-27 06:00:00,-45,0.0,0.0,0.0,0.0
2026-04-27 07:00:00,1782,2131.3530087509344,1480.0481,2575.162288268407,1416.3719547986984
2026-04-27 08:00:00,9558,7031.587743264963,5074.5117,8537.0296371103,4993.20698428154
2026-04-27 09:00:00,13056,10496.67033256872,11898.137,12473.758420927235,14419.930341005325
2026-04-27 10:00:00,13180,12400.769700923163,14262.377,14634.727589336851,15787.75176680088
2026-04-27 11:00:00,12719,13268.670649671789,15617.487,15638.493450061475,16743.72951042652
2026-04-27 12:00:00,11493,17016.085828801482,15752.008,18081.823928562488,15962.019651293755
2026-04-27 13:00:00,11282,16760.966961275917,15361.042,17924.89881732564,15894.414446473122
2026-04-27 14:00:00,12352,16618.199078400787,15782.239,17844.557710626777,16422.1620541811
2026-04-27 15:00:00,12063,16046.717967371365,15080.763,17011.862091147086,16280.118537068367
2026-04-27 16:00:00,11721,15797.857400972527,14353.9375,16929.32011803682,15012.214166164398
2026-04-27 17:00:00,10472,14635.42790588098,14683.722,15802.144694514036,15118.197081685066
2026-04-27 18:00:00,10692,12341.332633327307,14233.797,13201.9315852692,14619.970153331757
2026-04-27 19:00:00,6598,9240.439386326932,11382.392,10091.465036053009,11947.765256762505
2026-04-27 20:00:00,433,2864.752905436736,4441.741,3075.3861237052347,5312.702046513557
2026-04-27 21:00:00,-62,863.9164600000095,595.84766,1115.267794466336,517.7459865286946
2026-04-27 22:00:00,-57,813.9920489632559,441.02316,1030.3888804220874,263.26356775313616
2026-04-27 23:00:00,-54,1146.4176204698033,278.24915,1285.2823747560794,275.4772855620831
2026-04-28 00:00:00,-55,0.0,0.0,96.24054094550497,0.0
2026-04-28 01:00:00,-54,129.5718817385764,9.884975,225.19022678916596,75.30147422570735
2026-04-28 02:00:00,-54,0.0,72.932495,96.76636827521214,95.77388315182179
2026-04-28 03:00:00,-54,0.0,0.0,0.0,0.0
2026-04-28 04:00:00,-54,0.0,0.0,0.0,0.0
2026-04-28 05:00:00,-54,0.0,0.0,0.0,2.8344693144899793
2026-04-28 06:00:00,-52,0.0,0.0,0.0,0.0
2026-04-28 07:00:00,1913,2319.348917905889,1418.5641,2894.2730047209675,2172.581939533353
2026-04-28 08:00:00,10056,8199.468057957718,5377.3447,9361.285841479013,6145.9634456038475
2026-04-28 09:00:00,13941,10917.624620321589,10963.134,12400.288852194128,12168.397785186768
2026-04-28 10:00:00,14907,13832.23846799857,14451.875,15008.1754400852,16043.334812402725
2026-04-28 11:00:00,14963,15431.73829780857,15120.652,16128.62224242967,16547.89832484722
2026-04-28 12:00:00,14987,16615.255025674207,15058.065,17131.648443215243,16975.87901687622
2026-04-28 13:00:00,14915,17294.78453850564,15378.652,17656.491291063146,17221.935906767845
2026-04-28 14:00:00,14015,18758.79455748237,15405.964,18727.12543596658,16325.802234649658
2026-04-28 15:00:00,13731,18719.969709146422,14597.495,18618.20927988296,15857.877418875694
2026-04-28 16:00:00,13064,17906.46529668769,15035.278,18090.422838228515,15451.405646800995
2026-04-28 17:00:00,12305,16535.705907665684,15897.163,17059.62639214649,16268.560182094574
2026-04-28 18:00:00,11752,13666.758245513538,14582.073,14698.336690117885,15139.917615175247
2026-04-28 19:00:00,7047,9934.634609945628,11926.575,11141.756619165184,12492.276439547539
2026-04-28 20:00:00,459,2506.6028525061847,5786.2017,2708.970857959569,6294.708846151829
2026-04-28 21:00:00,-64,627.0701877376187,487.97787,670.0447308285126,520.0700041092932
2026-04-28 22:00:00,-59,402.36857719911904,366.69373,468.5118634966955,380.4566438384354
2026-04-28 23:00:00,-56,232.2784299673508,470.9961,335.42434524684575,444.1494734734297
2026-04-29 00:00:00,-56,133.3949586503345,138.11086,188.96195287627862,151.96038019936532
2026-04-29 01:00:00,-54,181.44334844388413,0.0,216.46786388969835,5.96706508344505
2026-04-29 02:00:00,-54,0.0,0.0,0.0,21.87184566538781
2026-04-29 03:00:00,-55,0.0,0.0,0.0,36.27901969640516
2026-04-29 04:00:00,-55,0.0,18.548325,0.0,84.52109878882766
2026-04-29 05:00:00,-55,0.0,163.75192,0.0,258.3666059151292
2026-04-29 06:00:00,-53,0.0,90.43462,0.0,138.85926538705826
2026-04-29 07:00:00,2059,2981.9182002312236,3195.184,3455.4550717169514,3524.2611833512783
2026-04-29 08:00:00,11044,8449.900636724735,5888.995,9769.401284182226,6187.826277554035
2026-04-29 09:00:00,15535,12640.646874503313,12287.91,13791.427252030016,14244.625668406487
2026-04-29 10:00:00,17146,14024.063283469208,14738.087,15040.134030954214,15723.03467297554
2026-04-29 11:00:00,18211,15985.776315792169,15380.46,16563.36400296656,16583.493140220642
2026-04-29 12:00:00,18152,17122.039712222027,15815.174,17368.56576509619,17099.950752019882
2026-04-29 13:00:00,18639,17867.524614327416,16082.862,17837.569342803727,17372.55509197712
2026-04-29 14:00:00,18289,19144.608720371998,16244.243,18770.29852548388,16529.23141014576
2026-04-29 15:00:00,17886,18920.981692971298,15956.824,18646.44769139804,16647.30348777771
2026-04-29 16:00:00,16815,18104.12581085666,15405.98,18206.967367697118,16356.114987015724
2026-04-29 17:00:00,14792,16668.35967376086,15527.218,17053.389923834744,16219.186842918396
2026-04-29 18:00:00,12879,14168.92626324914,15768.54,14912.866580928852,15275.57371366024
2026-04-29 19:00:00,6637,9927.45677203011,12762.982,10836.56909763927,12617.451165914536
2026-04-29 20:00:00,501,2847.9792908312775,5855.668,2828.776597083937,5923.295762419701
2026-04-29 21:00:00,-45,745.4230682377038,257.2018,631.6733448134364,287.2617729473859
2026-04-29 22:00:00,-39,818.356810447468,374.4734,619.568491028101,357.3055762462318
2026-04-29 23:00:00,-36,533.7180982126574,287.1842,504.08865086818753,295.2550420239568
2026-04-30 00:00:00,-38,72.05027510007494,0.0,130.69392055817593,3.5068380869633984
2026-04-30 01:00:00,-35,297.5637363385622,32.26096,338.3865565733499,150.93935781903565
2026-04-30 02:00:00,-36,109.40021160064316,0.0,165.5776013918211,0.0
2026-04-30 03:00:00,-36,87.35961062164597,0.0,87.70913458322138,0.0
2026-04-30 04:00:00,-36,0.0,13.873958,0.0,41.31090686796233
2026-04-30 05:00:00,-37,0.0,0.0,0.0,0.0
2026-04-30 06:00:00,-33,0.0,0.0,0.0,0.0
2026-04-30 07:00:00,2259,565.8084204698043,1708.9983,747.5254049085612,1726.6959642022848
2026-04-30 08:00:00,11103,4699.92747819861,1610.6167,4858.801901598339,1780.7567205280066
2026-04-30 09:00:00,15778,10541.01669517493,11210.796,10669.666267562185,10701.121544122696
2026-04-30 10:00:00,16527,14646.869066682004,15667.207,15092.555443426621,15584.719810009003
2026-04-30 11:00:00,18132,16271.20165118666,17040.559,16351.90397359699,16582.257742762566
2026-04-30 12:00:00,18278,17648.395298093383,18631.93,17491.390684779424,17275.60890197754
2026-04-30 13:00:00,19119,18766.926805192124,17642.824,18444.58235561791,17274.362864732742
2026-04-30 14:00:00,19283,19344.96695521859,18172.557,18792.42889078784,18056.72766184807
2026-04-30 15:00:00,18930,18681.168834976408,17817.482,18205.11331999497,17341.933785796165
2026-04-30 16:00:00,17803,17581.088820771234,17329.219,17305.70144568098,16864.559657216072
2026-04-30 17:00:00,16897,15890.319499822624,16215.936,16102.301384141874,16145.960284113884
2026-04-30 18:00:00,14053,13396.899466281528,15558.226,13948.363117887711,14490.476855754852
2026-04-30 19:00:00,7065,9804.02866560229,13050.575,10299.53395803758,13287.42080271244
2026-04-30 20:00:00,618,2800.592002526011,5394.582,2591.531672072645,5556.908204615116
2026-04-30 21:00:00,63,969.5963250105469,120.27656,576.7939387709197,183.91521555185318
2026-04-30 22:00:00,68,935.9137366102123,115.27445,539.2392476456293,243.18337165936828
2026-04-30 23:00:00,71,683.846674002154,0.0,332.06433091076934,0.0
2026-05-01 00:00:00,68,605.1239571145652,0.0,259.8068239130911,0.0
2026-05-01 01:00:00,69,450.51824916642727,0.0,198.2253043949321,0.0
2026-05-01 02:00:00,69,218.63328796277438,0.0,19.770652618519513,0.0
2026-05-01 03:00:00,70,65.26428824698223,0.0,0.0,0.0
2026-05-01 04:00:00,68,57.34175028980417,0.0,0.0,0.0
2026-05-01 05:00:00,69,0.0,0.0,0.0,0.0
2026-05-01 06:00:00,73,0.0,0.0,0.0,0.0
2026-05-01 07:00:00,2403,1144.1994300835713,1252.804,1026.5460271815425,1794.1983177512884
2026-05-01 08:00:00,10272,5202.937557493968,3443.3242,5154.824651410603,3486.9861683249474
2026-05-01 09:00:00,15562,10057.885231635539,10846.887,9835.120899635003,10318.372949838638
2026-05-01 10:00:00,17942,14618.45766932865,16532.55,14112.432912964865,15275.700208902359
2026-05-01 11:00:00,19385,17006.826341392585,18106.914,16655.791048422834,16966.045489549637
2026-05-01 12:00:00,19520,18220.087803291186,18713.877,17660.21585358709,17332.471468806267
2026-05-01 13:00:00,18396,18073.420485407136,19082.027,17517.52652684657,18170.31447827816
2026-05-01 14:00:00,18767,18674.080014298903,19074.719,18036.104657962624,18250.045493364334
2026-05-01 15:00:00,18492,18282.55218620052,18598.785,17624.69212886141,18070.429342746735
2026-05-01 16:00:00,16741,18000.66801095731,18045.533,17589.634305246385,17449.76211321354
2026-05-01 17:00:00,16381,16453.36628127095,17079.068,16349.797244471432,16258.416918754578
2026-05-01 18:00:00,14368,13798.33146996651,15244.512,14195.684666827365,14695.36841082573
2026-05-01 19:00:00,7123,9467.842180962445,12580.385,10013.011337395885,12289.704357981682
2026-05-01 20:00:00,522,2888.791617636335,5081.2563,2434.8779157128215,5077.9658896923065
2026-05-01 21:00:00,-43,966.1693949851724,265.5419,343.4812027093133,226.62560995668173
2026-05-01 22:00:00,-50,629.3411647197918,7.9642797,54.35364148379969,58.01079099951312
2026-05-01 23:00:00,-52,266.53299455205206,0.0,0.0,0.0
2026-05-02 00:00:00,-54,211.18664358970454,0.0,0.0,0.0
2026-05-02 01:00:00,-52,703.13125605391,425.59064,310.34521227878935,270.6519206222147
2026-05-02 02:00:00,-52,227.67839858576463,178.16606,0.0,164.93331883102655
2026-05-02 03:00:00,-52,99.24627250537787,120.53273,0.0,0.0
2026-05-02 04:00:00,-55,79.60470256740427,174.86855,0.0,60.04845793126151
2026-05-02 05:00:00,-54,184.5768185778179,54.06164,0.0,0.0
2026-05-02 06:00:00,-50,0.0,0.0,0.0,0.0
2026-05-02 07:00:00,2367,1542.2930448537973,514.53735,1735.0558970555517,843.1701437979937
2026-05-02 08:00:00,11768,5595.031077957172,2864.0823,5747.463563422838,3163.062590420246
2026-05-02 09:00:00,17448,10185.214518841862,11847.187,9979.992959030738,12184.679023265839
2026-05-02 10:00:00,19289,15305.881438000535,16580.787,15450.31822630045,16022.247937321663
2026-05-02 11:00:00,20314,16930.91796783545,17105.594,16847.68174488559,16683.988290190697
2026-05-02 12:00:00,19896,18531.991153245683,17052.318,18600.602191779923,16983.359344363213
2026-05-02 13:00:00,19181,20574.21300989084,17872.133,21019.718585272567,17495.188788414
2026-05-02 14:00:00,18979,19818.764900813894,17477.18,20425.93274319951,16930.604406952858
2026-05-02 15:00:00,17566,19109.236415739506,18152.82,19611.64209542343,17865.822191238403
2026-05-02 16:00:00,16714,17017.055966115313,17905.918,17292.264080709287,17044.741294145584
2026-05-02 17:00:00,16048,16057.995800635468,17149.598,16612.46582351138,17043.181772470474
2026-05-02 18:00:00,14363,14078.027644862628,15177.504,14796.769597549057,15211.373424768448
2026-05-02 19:00:00,6614,9874.686832982994,11501.291,10619.805789307771,11506.278053879738
2026-05-02 20:00:00,471,2702.1390728557535,4978.0254,2729.103727523608,5105.022160351276
2026-05-02 21:00:00,-51,1064.08681079682,552.91534,723.6073902441746,545.4665436670184
2026-05-02 22:00:00,-58,896.129979861681,319.56537,550.9049567941257,397.45209780707955
2026-05-02 23:00:00,-54,39.04918926887558,66.94346,89.80048355801424,64.15959236118942
2026-05-03 00:00:00,-55,233.53143905100205,161.0633,323.17693963762997,94.15441843494773
2026-05-03 01:00:00,-54,474.933969948459,222.52591,619.5984186559199,216.9188855662942
2026-05-03 02:00:00,-54,569.7435404344196,118.19584,616.7652944318835,117.72762568760663
2026-05-03 03:00:00,-54,323.6917507941498,112.407074,448.2452541485726,159.18606742285192
2026-05-03 04:00:00,-56,59.16927368992492,198.83426,337.9975326447654,164.72158234380186
2026-05-03 05:00:00,-56,0.0,0.0,193.9945323442657,0.0
2026-05-03 06:00:00,-55,0.0,27.06495,83.72626428498147,39.54501626943238
2026-05-03 07:00:00,1776,1539.44722514338,2622.789,2182.1329987316913,3717.3632851839066
2026-05-03 08:00:00,9939,5746.878316963428,4793.385,6575.728770434583,5163.041088819504
2026-05-03 09:00:00,13735,9756.99330830264,11612.203,10212.665456413935,12447.466336131096
2026-05-03 10:00:00,16051,13522.456232123663,14372.318,13703.25636685896,14407.489644408226
2026-05-03 11:00:00,17600,16817.791766600312,16744.717,16739.82593887692,16610.258313298225
2026-05-03 12:00:00,17124,19001.708272174204,17179.879,18664.35739159835,17686.243512511253
2026-05-03 13:00:00,17522,20743.0109378563,18796.277,20648.88339586891,19183.863800883293
2026-05-03 14:00:00,17513,21323.184962420022,18777.22,21955.318758510424,18968.82658779621
2026-05-03 15:00:00,17234,19666.17009712758,18164.877,20207.22204449183,17960.312495589256
2026-05-03 16:00:00,15872,17189.94703786076,16954.963,17863.98763829538,16998.31646490097
2026-05-03 17:00:00,14231,14224.71554578303,15492.698,14905.416725394807,16489.616961479187
2026-05-03 18:00:00,12729,11318.835993184974,13816.212,11752.3718070195,14666.226156234741
2026-05-03 19:00:00,6232,7961.1373319731465,11919.655,8530.423699849234,12293.02525794506
2026-05-03 20:00:00,453,2318.287126190955,4846.0815,2291.132644605454,5557.686645448208
2026-05-03 21:00:00,-66,725.0287105905754,534.4958,805.6291270338714,425.10825623199344
2026-05-03 22:00:00,-59,597.6427610907003,525.39514,758.5797154671782,409.61830416694283
2026-05-03 23:00:00,-57,725.5035286511356,439.40564,928.369832922002,387.89000053703785
2026-05-04 00:00:00,-57,862.8916243902513,639.1031,1025.141856050042,604.0109631344676
2026-05-04 01:00:00,-56,620.3271867318408,500.26868,989.7738228734249,573.0393076390028
2026-05-04 02:00:00,-57,527.1320972331669,154.26036,1052.5342076166378,97.18856328073889
2026-05-04 03:00:00,-57,0.0,0.0,244.5930402742673,93.6238477146253
2026-05-04 04:00:00,-57,268.3117978422988,113.067375,636.5362577777712,196.74796577729285
2026-05-04 05:00:00,-57,576.4705917125457,75.22948,914.1881320065565,187.3041683062911
2026-05-04 06:00:00,-56,389.38771578057504,0.0,804.1682469125755,34.33601768570952
2026-05-04 07:00:00,475,1645.3073738223402,1239.3735,2140.9282164314445,1146.2233069241047
2026-05-04 08:00:00,3645,5466.803916893141,5917.431,6863.6043232370275,7670.94748800993
2026-05-04 09:00:00,8283,8200.041943621953,10028.666,10130.23773445786,11855.969308495522
2026-05-04 10:00:00,12736,11213.809317466123,14059.4795,13386.185967834823,15633.471042871475
2026-05-04 11:00:00,15180,12350.829431991697,14947.843,14244.912089420759,16358.585659742355
2026-05-04 12:00:00,16292,10333.9363867662,13715.324,12010.093763198876,15398.953127741814
2026-05-04 13:00:00,17382,13225.722263830881,14382.827,15400.273881598448,16029.732423782349
2026-05-04 14:00:00,16294,16364.77383116888,14088.934,18172.000101157257,15625.29324054718
2026-05-04 15:00:00,14150,16381.079385991838,14225.848,18255.202964929336,15290.778262853622
2026-05-04 16:00:00,12892,15359.065006388919,13322.595,16370.502980753374,15261.279329180717
2026-05-04 17:00:00,11475,14041.668826281493,13971.059,15499.68704545538,15705.592866301537
2026-05-04 18:00:00,8429,10032.573919980108,12723.9795,11393.434477436114,14153.412324666977
2026-05-04 19:00:00,4243,5336.091809548736,9411.954,5955.501269644684,10354.549502253532
2026-05-04 20:00:00,297,2009.4920892717946,4028.509,2103.70571814569,4210.911635965109
2026-05-04 21:00:00,-61,1368.4316797682968,662.85376,1410.721111346342,664.8208057805896
2026-05-04 22:00:00,-55,984.581592626062,477.85513,1157.3924319980479,393.7354824990034
2026-05-04 23:00:00,-55,788.8552005074807,257.52762,1101.86827978075,142.75964938104153
2026-05-05 00:00:00,-56,0.0,0.0,0.0,0.0
2026-05-05 01:00:00,-55,825.2061626373861,83.91441,1112.5547541296944,154.4216863270849
2026-05-05 02:00:00,-54,523.0407983164068,169.05865,737.4656937141018,101.41838177107275
2026-05-05 03:00:00,-55,429.4126837224985,50.87875,629.2321524015409,27.98785144253634
2026-05-05 04:00:00,-55,515.9862587877124,136.19153,665.7078301001021,131.45633344724774
2026-05-05 05:00:00,-55,625.4855479975095,207.5653,807.2202984235316,206.5901571661234
2026-05-05 06:00:00,-51,624.4827138970904,0.0,850.4746839799282,0.0
2026-05-05 07:00:00,1769,1728.508196548466,1650.0491,2359.9274530861,1970.4429230093956
2026-05-05 08:00:00,7439,4022.4236819405105,3387.5154,5003.464998295257,4381.536686658859
2026-05-05 09:00:00,11031,7385.593522136744,9706.284,9230.566871339966,11406.736255407333
2026-05-05 10:00:00,12578,8344.941260683183,12894.737,10203.18721822608,14384.73249387741
2026-05-05 11:00:00,13610,10676.042535080916,14787.478,12731.962549665297,16237.094320178032
2026-05-05 12:00:00,14375,16251.733839350207,15260.595,17767.075489060815,15673.941114664078
2026-05-05 13:00:00,13633,16909.484166168004,15484.974,17528.602431902225,15443.467300772667
2026-05-05 14:00:00,14009,16293.296078625164,15984.534,17247.026848112324,15729.897430419922
2026-05-05 15:00:00,14080,14138.515979965083,15622.148,15914.189128884103,16216.79511141777
2026-05-05 16:00:00,12871,13895.4167562496,15454.723,15198.590992601132,16193.000297784805
2026-05-05 17:00:00,11238,12607.478730029328,15462.464,14048.876683165983,15538.740998387337
2026-05-05 18:00:00,10197,10121.808209002691,12317.689,11743.441787134427,12783.868964672089
2026-05-05 19:00:00,5864,6611.71504798458,8552.268,7705.432203644576,9210.847401857376
2026-05-05 20:00:00,527,2743.875625862621,5331.4766,2970.587089107159,6339.73348993063
2026-05-05 21:00:00,-57,969.5609067279001,604.25684,908.3559172954442,609.9125963523984
2026-05-05 22:00:00,-52,625.9470499913523,304.63474,590.3764299575566,395.06733429059386
2026-05-05 23:00:00,-49,423.1992567460584,33.190125,415.5779348960479,156.64656633138657
2026-05-06 00:00:00,-49,356.62377563528753,87.12401,308.3194040769695,183.33462640084326
2026-05-06 01:00:00,-55,700.7042737967295,66.37298,602.1631372492158,73.65956473676488
2026-05-06 02:00:00,-57,694.3178622331288,37.381115,491.53787153820787,80.15740302298218
2026-05-06 03:00:00,-58,705.6919476163839,75.64886,460.20831848185736,100.59625208657235
2026-05-06 04:00:00,-58,172.09323441520746,59.6986,0.0,0.0
2026-05-06 05:00:00,-58,0.0,2.4414937,0.0,22.399077490437776
2026-05-06 06:00:00,-46,0.0,113.6571,0.0,46.786075928248465
2026-05-06 07:00:00,2736,3473.6692709078898,1876.0763,3929.4899322372753,1829.986988633871
2026-05-06 08:00:00,9375,8732.57134450395,5301.4653,9984.99325563614,5673.650643050671
2026-05-06 09:00:00,12658,12523.0763697799,12328.1,13821.811005837073,12605.124533176422
2026-05-06 10:00:00,13154,15142.817467416859,15438.334,16172.676753710122,16289.178469538689
2026-05-06 11:00:00,13913,17018.14460203989,16320.427,18091.40990960476,16922.221977949142
2026-05-06 12:00:00,15055,18962.878729280863,16979.607,20217.885848277547,17330.905045866966
2026-05-06 13:00:00,15156,19089.500200876326,17948.76,19762.304477211583,18251.929729938507
2026-05-06 14:00:00,16169,18755.68663137542,18470.734,18841.05946921829,18383.097853064537
2026-05-06 15:00:00,15515,18579.440088151972,17704.168,18728.753913112003,17561.5992269516
2026-05-06 16:00:00,14094,17394.414681965965,16687.758,17755.112614766014,16832.02277982235
2026-05-06 17:00:00,12794,15850.05773264445,15460.744,16600.010313581653,16412.11914718151
2026-05-06 18:00:00,12410,14087.076043213707,14891.357,15011.084197224713,15182.893992066383
2026-05-06 19:00:00,7863,10256.797699855098,13077.729,11082.456762757558,14066.109381079674
2026-05-06 20:00:00,721,3399.568292877336,5914.1465,3334.911416311467,6298.758510887623
2026-05-06 21:00:00,-47,972.5117280634549,229.7732,653.1356495181396,321.21825433522463
2026-05-06 22:00:00,-49,825.8294822941334,117.755905,512.6445273035464,198.9418188072741
2026-05-06 23:00:00,-49,630.0632069772164,295.10678,418.05369148817965,259.4561106041074
2026-05-07 00:00:00,-49,24.17566097054805,0.0,0.0,0.0
2026-05-07 01:00:00,-45,149.298748909373,0.0,0.0,12.803367270738818
2026-05-07 02:00:00,-44,356.317132629566,42.31389,171.4824799208617,41.01800532126799
2026-05-07 03:00:00,-45,462.6413226187651,81.02001,412.889669298066,69.29326539719477
2026-05-07 04:00:00,-50,0.0,0.0,0.0,0.0
2026-05-07 05:00:00,-49,361.722910800564,0.0,0.0,0.0
2026-05-07 06:00:00,-35,237.79463413585108,0.0,0.0,0.0
2026-05-07 07:00:00,2904,3906.355546641218,573.93506,4292.837487118037,341.82364635914564
2026-05-07 08:00:00,11804,9433.909924998401,4217.7603,10606.694954270095,4526.966017991304
2026-05-07 09:00:00,16118,13045.63867881814,12604.336,14131.594435420184,13354.641789674759
2026-05-07 10:00:00,17693,15391.086293574619,17046.95,16134.285615364268,17030.412583351135
2026-05-07 11:00:00,16997,16810.51153383297,18070.52,17147.255777435654,18071.490166187286
2026-05-07 12:00:00,17121,18208.80132422103,18192.213,18202.74230065819,17981.188049316406
2026-05-07 13:00:00,17812,19279.555724607948,19249.922,19020.7198401922,18690.50040113926
2026-05-07 14:00:00,18234,19635.216913426662,19761.623,19270.49539194968,19463.942027807236
2026-05-07 15:00:00,18533,19480.266053960237,19552.44,19169.97627127208,19135.653028726578
2026-05-07 16:00:00,18008,18359.550658465992,18304.8,18322.765583429984,17765.43888068199
2026-05-07 17:00:00,16989,16681.738463225076,17718.045,17013.03780999242,17173.382459402084
2026-05-07 18:00:00,15021,14377.469575052404,15709.871,15002.143109426514,15768.495591878891
2026-05-07 19:00:00,8106,10451.862408959356,12398.401,11083.89135150668,13383.475989341736
2026-05-07 20:00:00,780,3735.0963371604303,5713.4585,3489.8534171241245,6176.0793679356575
2026-05-07 21:00:00,-55,1333.889415503113,301.6178,773.455903221482,335.8153106197715
2026-05-07 22:00:00,-61,1057.7854748300506,70.64632,488.64344280499944,136.80387030914426
2026-05-07 23:00:00,-59,939.4143346034944,0.0,347.15732881115866,33.12077718251385
2026-05-08 00:00:00,-60,910.8763477165512,71.8797,340.60783876252407,33.402857784414664
2026-05-08 01:00:00,-59,638.0292901727944,34.481907,177.59344432768117,0.0
2026-05-08 02:00:00,-55,265.30857424130363,0.0,0.0,0.0
2026-05-08 03:00:00,-55,67.94489133924162,0.0,0.0,0.0
2026-05-08 04:00:00,-59,0.0,0.0,0.0,0.0
2026-05-08 05:00:00,-59,0.0,0.0,0.0,0.0
2026-05-08 06:00:00,-46,0.0,0.0,0.0,0.0
2026-05-08 07:00:00,3000,1274.7631057765575,0.0,1405.0317885637244,0.0
2026-05-08 08:00:00,11849,5473.502308624793,2565.8738,5722.277746890144,2547.8455313444138
2026-05-08 09:00:00,16326,10218.011099709396,11086.532,10413.414253709057,11177.495044827461
2026-05-08 10:00:00,18452,14995.721439442266,16433.545,15447.938498067271,16542.281088232994
2026-05-08 11:00:00,17977,16989.861511051316,17907.646,17382.07260824365,17561.249303221703
2026-05-08 12:00:00,17605,18226.396405316245,18620.87,18328.147862349837,18185.63189661503
2026-05-08 13:00:00,17967,19219.489065222348,19450.688,19034.06047767042,18795.471466064453
2026-05-08 14:00:00,17423,19547.233244490326,19512.459,19224.08414688167,18798.822984695435
2026-05-08 15:00:00,17323,19274.76079922496,19281.549,19075.04324298935,18692.079295754433
2026-05-08 16:00:00,17121,18267.238899282558,18834.025,18439.937905749714,18324.75382244587
2026-05-08 17:00:00,17030,16846.1465524367,17717.855,17397.5425694138,17423.369667172432
2026-05-08 18:00:00,16104,14429.631985533131,15823.112,15154.213684633201,15315.97761464119
2026-05-08 19:00:00,8886,10181.667859158739,11696.753,10920.617734206282,11434.22766816616
2026-05-08 20:00:00,889,3441.4626866777726,5993.2075,3355.2641860176172,6628.506534516811
2026-05-08 21:00:00,-65,1050.2496118296094,192.02072,586.7713846526591,210.3409778214991
2026-05-08 22:00:00,-62,624.5341790651855,0.0,252.32963180347255,0.0
2026-05-08 23:00:00,-60,458.7840837856902,0.0,54.84128224006253,0.0
2026-05-09 00:00:00,-61,592.9517282813022,0.0,216.7089655429115,0.0
2026-05-09 01:00:00,-58,520.4185426749918,0.0,210.92674447019934,0.0
2026-05-09 02:00:00,-57,297.1760337003175,0.0,37.892249826954156,8.1900984182721
2026-05-09 03:00:00,-57,206.8115543590593,0.0,0.0,0.0
2026-05-09 04:00:00,-60,0.0,0.0,0.0,0.0
2026-05-09 05:00:00,-59,0.0,0.0,0.0,0.0
2026-05-09 06:00:00,-43,0.0,0.0,0.0,0.0
2026-05-09 07:00:00,3243,2923.8787421738625,60.422226,3320.60765121,294.0523788612336
2026-05-09 08:00:00,11991,6847.703738751974,3474.0813,7307.65137013304,3337.7702002823353
2026-05-09 09:00:00,16392,12309.543753363781,12531.948,12897.86359294765,12225.17032456398
2026-05-09 10:00:00,17214,15475.946302111544,17078.354,16120.371029547274,16998.548940181732
2026-05-09 11:00:00,17190,16923.32688663355,18373.305,17254.89651010949,18083.76655614376
2026-05-09 12:00:00,16507,18418.004957778885,18965.172,18406.826786879334,18513.597609758377
2026-05-09 13:00:00,17710,19276.015532781996,19565.678,18991.12544087132,19218.834379315376
2026-05-09 14:00:00,17664,19673.110194590154,19636.951,19290.664887971383,19303.209587335587
2026-05-09 15:00:00,17384,19572.509097402617,19872.29,19255.570032742144,19375.061400413513
2026-05-09 16:00:00,16857,18602.35994612333,18866.43,18579.390740127812,18548.694112300873
2026-05-09 17:00:00,17088,17116.260486410603,17947.953,17477.858760395342,17451.01727426052
2026-05-09 18:00:00,16164,14862.836465935812,17099.215,15546.633842578465,16479.907486081123
2026-05-09 19:00:00,8924,10856.266929550316,14285.667,11523.72135845543,14631.554647564888
2026-05-09 20:00:00,882,3884.094777672317,7150.8267,3665.6365761326124,6705.318425655365
2026-05-09 21:00:00,-66,1262.8473275488795,223.23174,647.1842921463643,280.41691283509135
2026-05-09 22:00:00,-62,1006.56055308539,10.429773,473.60002427567775,42.68015249771997
2026-05-09 23:00:00,-58,708.4085683029625,282.181,292.01768173682996,57.14870697353035
2026-05-10 00:00:00,-61,660.6755507892876,0.0,311.2540582446034,0.0
2026-05-10 01:00:00,-57,388.82747432815495,58.090588,49.24224230638143,16.59747788636014
2026-05-10 02:00:00,-57,364.70234012152923,0.0,0.0,0.0
2026-05-10 03:00:00,-57,179.79499914451435,0.0,0.0,0.0
2026-05-10 04:00:00,-60,80.18235790956214,0.0,0.0,0.0
2026-05-10 05:00:00,-59,107.71772221698848,117.66885,0.0,94.35043702088296
2026-05-10 06:00:00,-41,0.0,192.63805,0.0,163.2282578535378
2026-05-10 07:00:00,3151,2963.5780738048325,0.0,3523.2917057472496,0.0
2026-05-10 08:00:00,10872,7593.290932286123,3022.5918,8421.23938652449,2411.8809406906366
2026-05-10 09:00:00,15110,12047.982739469146,11721.678,13048.369231884011,11504.549018979073
2026-05-10 10:00:00,15563,14684.267189275575,17069.137,15227.445881245074,16967.745965480804
2026-05-10 11:00:00,16024,16377.341100188642,17875.049,16434.85517984366,17385.146856427193
2026-05-10 12:00:00,15932,17664.705494902777,19072.107,17379.6426558158,18936.439875245094
2026-05-10 13:00:00,15997,18406.5336799272,19486.502,17893.20044491642,19203.60967004299
2026-05-10 14:00:00,15766,18511.75844589098,19429.06,17938.464094739367,19126.423033595085
2026-05-10 15:00:00,15403,18759.596598691154,19191.793,18206.2972575911,18975.274144411087
2026-05-10 16:00:00,15635,18303.179830921472,18579.15,18051.478812201036,18480.421449899673
2026-05-10 17:00:00,15797,16936.96358161373,17853.895,16964.90402351283,17802.002883434296
2026-05-10 18:00:00,15294,14886.85869411775,16621.941,15143.220011240448,16088.321037769318
2026-05-10 19:00:00,8582,10770.657698443505,12837.335,11178.205737976741,13866.359839320183
2026-05-10 20:00:00,860,3960.6459303435577,7152.9927,3566.6045865168608,6652.197824001312
2026-05-10 21:00:00,-62,1522.332096314106,402.44864,716.4868863032867,543.2890933118761
2026-05-10 22:00:00,-58,1280.1792438006287,321.00928,539.3898424334709,386.10784140229225
2026-05-10 23:00:00,-54,1213.8734999069948,210.18051,590.0702639045287,107.7152967499569
2026-05-11 00:00:00,-57,1023.6112160322118,247.90894,400.6923222130885,129.3361411029473
2026-05-11 01:00:00,-53,1013.9573300651973,151.95076,393.54732735542734,159.07790814712644
2026-05-11 02:00:00,-53,575.2712110895482,25.708382,49.72940967596498,0.0
2026-05-11 03:00:00,-52,500.47127460612137,9.210657,18.415860640816135,0.0
2026-05-11 04:00:00,-56,417.2850414736522,88.05008,0.0,14.59362605388742
2026-05-11 05:00:00,-55,245.05968573292967,42.40243,0.0,0.0
2026-05-11 06:00:00,-34,0.0,0.0,0.0,0.0
2026-05-11 07:00:00,3399,4428.496029176781,902.32904,5004.524937602182,1505.0237784981728
2026-05-11 08:00:00,13295,9958.891344600375,5394.9497,11040.747660329438,5556.291188359261
2026-05-11 09:00:00,18807,13056.735751968325,13109.347,14020.997428193563,13353.753056049347
2026-05-11 10:00:00,20547,15576.2542680626,17600.9,16083.567811988623,17025.059597849846
2026-05-11 11:00:00,21625,17407.05784800096,18451.21,17616.353729161023,18804.418346643448
2026-05-11 12:00:00,21788,18596.799291799987,19552.096,19311.16114887502,20556.28478527069
2026-05-11 13:00:00,21961,19097.331077134004,19780.816,19824.218476623333,20716.312245845795
2026-05-11 14:00:00,21094,19333.767442938115,19967.469,20222.900664942594,20927.310858011246
2026-05-11 15:00:00,20677,19303.330326433257,19590.262,20327.509265099587,21210.900855898857
2026-05-11 16:00:00,19576,18903.41261074107,19380.604,20218.035029401388,21029.55902558565
2026-05-11 17:00:00,18691,17683.244630940142,18905.467,19332.633860673894,20033.669229865074
2026-05-11 18:00:00,16493,15699.200405871921,17118.564,17566.685927648217,18627.870479524136
2026-05-11 19:00:00,8936,11822.716166783975,13377.42,13311.487665090399,14326.34885585308
2026-05-11 20:00:00,1032,4692.165459271619,7768.172,4669.330472803543,9116.087201863527
2026-05-11 21:00:00,-65,2043.405136976001,535.7019,1319.264609122079,577.6548436172307
2026-05-11 22:00:00,-60,1721.119458791536,336.19,638.0356773143698,471.51214042678475
2026-05-11 23:00:00,-54,1366.347748933782,0.0,525.6495660812946,0.0
2026-05-12 00:00:00,-56,711.7180523054194,0.0,0.0,0.0
2026-05-12 01:00:00,-55,576.2608601354787,0.0,0.0,0.0
2026-05-12 02:00:00,-55,359.68930561227444,0.0,0.0,0.0
2026-05-12 03:00:00,-55,141.0832221267665,0.0,0.0,0.0
2026-05-12 04:00:00,-55,0.0,0.0,0.0,0.0
2026-05-12 05:00:00,-55,0.0,0.0,0.0,0.0
2026-05-12 06:00:00,-33,0.0,0.0,0.0,0.0
2026-05-12 07:00:00,2907,3728.982796786897,546.4121,4394.6104998103165,632.9697010144591
2026-05-12 08:00:00,12411,6598.249555871447,4790.964,7104.5816639767045,5109.912158429623
2026-05-12 09:00:00,18187,10811.683812843508,13071.249,11455.354575046971,15430.28035402298
2026-05-12 10:00:00,20294,15040.098418462487,16435.271,15902.796586304625,18281.98100155592
2026-05-12 11:00:00,21346,16997.451779266517,17840.295,17718.84563230722,19560.00652104616
2026-05-12 12:00:00,21752,19678.522252928316,18347.973,20011.64215778671,19873.27235019207
2026-05-12 13:00:00,21716,19055.432385437038,17413.729,19239.775208357587,18176.792870283127
2026-05-12 14:00:00,20806,19160.472231135216,17334.662,19238.08921109063,18088.11487352848
2026-05-12 15:00:00,19965,17704.768482182422,16250.538,17868.39609960681,17067.379373908043
2026-05-12 16:00:00,18006,16650.1812720366,16360.508,17155.445017800543,17760.96733689308
2026-05-12 17:00:00,16569,15533.74151751832,15899.946,16565.147210663134,17688.546841979027
2026-05-12 18:00:00,14791,14515.187610930494,15280.421,16119.982773916578,16750.94712793827
2026-05-12 19:00:00,7396,11124.75913629501,13987.737,12496.035048739835,15315.900582015514
2026-05-12 20:00:00,761,4463.864286213658,7988.422,4705.218181212816,9046.066717386246
2026-05-12 21:00:00,-64,793.4534096046409,462.39926,458.0059868540128,411.7724887672812
2026-05-12 22:00:00,-62,802.471889104906,377.22507,484.3323850865026,255.12775249034166
2026-05-12 23:00:00,-57,807.9591036333504,388.3882,624.1142824332495,369.2994788698852
2026-05-13 00:00:00,-58,886.2376840921088,396.19803,655.0711611115647,412.6552714444697
2026-05-13 01:00:00,-57,1021.0476319054342,207.70688,856.4072713979256,386.707367496565
2026-05-13 02:00:00,-57,505.35385972929726,189.08218,499.8447356919528,245.30180984269828
2026-05-13 03:00:00,-57,251.47356423830524,0.0,209.01769185365282,0.0
2026-05-13 04:00:00,-57,178.4297274463488,14.551684,177.35333974577188,0.0
2026-05-13 05:00:00,-57,476.62230197861936,0.0,788.8932222292418,0.0
2026-05-13 06:00:00,-36,355.1563773683765,112.04787,672.5790251031907,123.41460131574422
2026-05-13 07:00:00,2838,2346.32199435602,2701.3064,2855.6190605334755,3990.1675563156605
2026-05-13 08:00:00,11469,6776.9166779458155,7203.714,7886.483925732507,7126.274349272251
2026-05-13 09:00:00,16397,11576.200049316541,13152.589,13012.770074417494,14773.19454050064
2026-05-13 10:00:00,18182,15241.195025718953,16325.4795,16721.09007688353,16401.57969647646
2026-05-13 11:00:00,19194,18001.413198842467,17885.951,19466.05789705908,18687.82427173853
2026-05-13 12:00:00,18201,20711.08711863787,18778.281,22147.701191060485,20174.398721039295
2026-05-13 13:00:00,18447,20183.69597705307,18611.37,21683.50877249311,19252.833982646465
2026-05-13 14:00:00,18988,19313.803948651457,17913.518,20599.948447932777,19099.217606961727
2026-05-13 15:00:00,18344,18873.105700846612,18161.643,20191.675409128122,19589.6627176404
2026-05-13 16:00:00,16200,17908.634031843976,17999.053,19440.82830564152,19419.616055071354
2026-05-13 17:00:00,15379,16808.816801359564,17365.525,18800.32526486336,19275.320908904076
2026-05-13 18:00:00,14258,14971.99189459853,16126.828,17300.571494773187,18361.204253077507
2026-05-13 19:00:00,8721,11525.275328946602,14098.523,13787.923995854848,14892.544500470161
2026-05-13 20:00:00,975,4685.141418063964,7917.6865,5395.630128409016,9922.444239914417
2026-05-13 21:00:00,-65,1206.8641167208043,544.16644,877.3201943622395,614.0543201491237
2026-05-13 22:00:00,-62,895.0602259375501,353.17554,613.888819072825,415.8836192712188
2026-05-13 23:00:00,-58,737.6179403911692,326.21457,603.5270371963256,246.7990143354982
2026-05-14 00:00:00,-57,321.5499243280219,90.50963,146.08884918138264,48.722805278375745
2026-05-14 01:00:00,-57,147.2673170054818,0.0,0.0,0.0
2026-05-14 02:00:00,-58,48.84683921314854,0.0,0.0,0.0
2026-05-14 03:00:00,-58,24.92039840656571,0.0,0.0,0.0
2026-05-14 04:00:00,-58,26.29565190589983,0.0,0.0,0.0
2026-05-14 05:00:00,-58,7.47979273997953,0.0,0.0,0.0
2026-05-14 06:00:00,-22,0.0,0.0,0.0,0.0
2026-05-14 07:00:00,3550,5407.068383397522,1727.4631,6879.525363690447,2445.281427204609
2026-05-14 08:00:00,11946,10285.2220154377,6187.394,12629.782098531194,6719.777244776487
2026-05-14 09:00:00,16209,12596.210202909126,13125.021,14367.609387954657,15091.420085787773
2026-05-14 10:00:00,16720,15403.68736100761,16058.515,16926.433149804918,17882.96666753292
2026-05-14 11:00:00,17423,18048.95129186013,18790.13,19341.233294475114,20044.067747950554
2026-05-14 12:00:00,16829,19965.211462001906,18934.506,21074.809836269458,20461.117175400257
2026-05-14 13:00:00,16580,20897.869285500157,19680.7,21940.01814200068,20701.428446769714
2026-05-14 14:00:00,16415,20158.532233733742,19305.893,21138.688202471905,20470.768267273903
2026-05-14 15:00:00,15275,19529.094642991986,19407.58,20629.02995829144,20559.49338722229
2026-05-14 16:00:00,15405,18417.42296132145,18434.36,19917.760949775377,20048.109870791435
2026-05-14 17:00:00,15092,17101.831413561707,18294.596,18923.334915836487,20007.90593266487
2026-05-14 18:00:00,14157,15315.699498322974,17253.645,17405.98919030869,18700.94022732973
2026-05-14 19:00:00,8527,12008.197904633897,15355.648,13936.212073188863,16147.224404394627
2026-05-14 20:00:00,1039,5065.015755998973,8004.016,5515.867433001713,9751.705128192902
2026-05-14 21:00:00,-62,1600.680273428834,484.65952,1068.0466905168405,641.1346124410629
2026-05-14 22:00:00,-59,1106.6907444135313,66.521774,633.661239498143,151.5742785851471
2026-05-14 23:00:00,-56,1066.9296536131233,27.99164,953.728378684981,27.346295971190557
2026-05-15 00:00:00,-56,625.9010727699906,201.10153,392.34494705197847,170.60557555314153
2026-05-15 01:00:00,-54,512.8218330980035,91.11779,250.3742832937992,43.484266681130975
2026-05-15 02:00:00,-54,206.00070816338985,0.0,0.0,0.0
2026-05-15 03:00:00,-55,0.0,0.0,0.0,0.0
2026-05-15 04:00:00,-56,0.0,0.0,0.0,0.0
2026-05-15 05:00:00,-55,0.0,0.0,0.0,0.0
2026-05-15 06:00:00,-18,0.0,0.0,0.0,0.0
2026-05-15 07:00:00,3553,2979.041509611826,167.36116,3699.225802425072,200.74138972256333
2026-05-15 08:00:00,11899,6999.383305580801,5684.4146,7900.4597901918605,6448.127740591764
2026-05-15 09:00:00,15224,11607.786993136793,13112.186,12719.958208758306,14483.788755118847
2026-05-15 10:00:00,16873,15798.802448251081,17459.033,16934.63980641055,17960.429344177246
2026-05-15 11:00:00,17458,18416.72832407421,18235.191,19645.25545814984,19095.087782621384
2026-05-15 12:00:00,17374,20874.646973667415,18915.113,22074.488478664727,18853.222754836082
2026-05-15 13:00:00,17493,21517.203790829186,19428.344,22565.260653953897,19699.428343594074
2026-05-15 14:00:00,16309,19904.767627991263,19458.104,21092.969820165457,19950.621145784855
2026-05-15 15:00:00,15904,19235.8146304325,17960.543,20593.34759213812,19015.31345152855
2026-05-15 16:00:00,15791,18687.91900651303,18890.967,20314.189104764017,20584.02493649721
2026-05-15 17:00:00,14526,17448.95396689701,18289.615,19371.75237183379,20335.527319192886
2026-05-15 18:00:00,14016,15465.218870527908,17294.318,17671.696280977623,18881.68385487795
2026-05-15 19:00:00,9176,12023.211639441433,14235.837,14091.234307561506,16406.053781926632
2026-05-15 20:00:00,1163,5075.923384851942,8083.028,5643.829017851107,9320.989320069551
2026-05-15 21:00:00,24,1389.6402522394974,425.98605,1028.6734071419673,588.8635370284319
2026-05-15 22:00:00,-13,1162.7981400096623,289.1773,832.1112018714026,304.340913050808
2026-05-15 23:00:00,-59,767.9515039208391,355.9734,738.5905097161378,279.8176676025614
2026-05-16 00:00:00,-57,450.4322607992435,81.65017,364.9340536085295,104.06578524131328
2026-05-16 01:00:00,-57,259.7733987609495,0.0,144.1636786731115,0.0
2026-05-16 02:00:00,-57,46.67487862311373,0.0,6.444613940779048,0.0
2026-05-16 03:00:00,-57,0.0,0.0,0.0,0.0
2026-05-16 04:00:00,-58,0.0,0.0,0.0,0.0
2026-05-16 05:00:00,-57,270.4101184589108,0.0,716.046139802407,0.0
2026-05-16 06:00:00,-17,234.23038701624455,0.0,701.6426375674978,0.0
2026-05-16 07:00:00,3649,3078.3985720410474,2149.1545,4117.86850530234,2494.1342712268233
2026-05-16 08:00:00,11475,6927.873067762799,6716.584,8285.079844176578,8287.241928577423
2026-05-16 09:00:00,14030,11731.843188956791,13242.539,13294.41524710433,15521.379959344864
2026-05-16 10:00:00,14527,15793.714966128133,16369.28,17765.737391117975,18342.163864850998
2026-05-16 11:00:00,14719,18735.761147077665,16440.246,20728.48962982401,18323.95075047016
2026-05-16 12:00:00,14396,20160.03904678461,17270.586,21893.690859390525,18556.231444239616
2026-05-16 13:00:00,14418,20535.259485996903,17876.59,22134.19775412686,18933.75760191679
2026-05-16 14:00:00,14728,19636.84920804225,18053.438,21208.632791858072,19015.89594656229
2026-05-16 15:00:00,15009,19475.248433126486,18206.229,21177.882381022417,18935.278633892536
2026-05-16 16:00:00,14794,18879.749311440886,17442.238,20749.657828446314,18164.703153133392
2026-05-16 17:00:00,13149,16708.165334384852,16152.62,18815.556146292685,18040.660508453846
2026-05-16 18:00:00,14007,12031.690189283805,14685.131,13384.661408025771,15854.341974496841
2026-05-16 19:00:00,8729,8760.947183300294,10366.946,10257.363468780108,11595.068911969662
2026-05-16 20:00:00,1054,3514.14199007775,5223.1816,4218.38189434248,5683.204425126314
2026-05-16 21:00:00,-64,1034.8339479417346,204.67975,1129.4176431364174,181.87090269848704
2026-05-16 22:00:00,-59,1044.1319826141698,216.63449,1171.3421140432743,181.3120101671666
2026-05-16 23:00:00,-58,670.8352388835683,64.09328,957.316533142342,62.58398840809241
2026-05-17 00:00:00,-56,788.255321823638,55.11486,987.3266074609743,88.77349076140672
2026-05-17 01:00:00,-56,822.3481363741585,85.479294,935.089892028351,83.94832320092246
2026-05-17 02:00:00,-56,488.8878937952586,49.57297,644.4956322224324,71.00903868069872
2026-05-17 03:00:00,-57,368.9122818124579,17.657923,531.799700096,47.92890524840914
2026-05-17 04:00:00,-57,121.3994958185076,58.321316,291.24631982785303,106.72507550753653
2026-05-17 05:00:00,-57,178.70099431458675,125.31686,361.9607250717261,165.39589582150802
2026-05-17 06:00:00,-17,151.1968590327415,33.786003,391.19850726418974,150.0055507379584
2026-05-17 07:00:00,3049,2366.0874805406092,1327.9144,3209.714740770287,1920.0891787856817
2026-05-17 08:00:00,8431,6735.6042693613435,6137.5615,8178.839396502281,7024.795206040144
2026-05-17 09:00:00,10233,11076.783725637713,12716.292,12609.028925515177,14546.672039210796
2026-05-17 10:00:00,11514,15029.444982379227,15732.32,16607.52301827502,16605.09560739994
2026-05-17 11:00:00,12329,17869.60935228793,16383.313,19451.236202485157,18657.359126985073
2026-05-17 12:00:00,12384,20371.268400649536,17212.535,21929.448587073057,18748.6066467762
2026-05-17 13:00:00,12933,20700.893083684317,16019.813,22414.271688214903,17082.071338534355
2026-05-17 14:00:00,11622,21466.01607540207,16942.756,23116.352417279595,17918.106171309948
2026-05-17 15:00:00,11508,20314.551474752683,16686.205,22178.57375116686,17638.7533339262
2026-05-17 16:00:00,11823,18761.621834571095,16609.691,20831.80674553139,17990.657563984394
2026-05-17 17:00:00,11896,16413.079888419168,16103.447,18478.361623511515,17727.316140651703
2026-05-17 18:00:00,11771,12764.309398378613,14472.796,14624.871928550625,15719.396855354309
2026-05-17 19:00:00,7689,8291.823064825174,11790.404,9930.278192021377,13378.171293795109
2026-05-17 20:00:00,1055,3327.9655626117637,7876.0664,4201.751575697294,8842.74977105856
2026-05-17 21:00:00,7,776.0220802020513,344.8579,992.8390524573498,233.11459431424737
2026-05-17 22:00:00,-38,317.5568174498344,303.07858,450.8424236800098,235.59111858252436
2026-05-17 23:00:00,-56,0.0,157.88615,82.44433173709724,84.00477797328494
2026-05-18 00:00:00,-55,0.0,155.13885,98.1330202328723,66.29884128202684
2026-05-18 01:00:00,-54,0.0,113.27574,0.0,40.54800237843301
2026-05-18 02:00:00,-54,0.0,45.378235,198.98445772949904,10.480896750232205
2026-05-18 03:00:00,-54,0.0,0.0,372.53892071819496,32.27114268753212
2026-05-18 04:00:00,-55,0.0,67.47067,378.09316406054154,123.06142279598862
2026-05-18 05:00:00,-56,0.0,0.0,214.92906212555158,45.36518568685278
2026-05-18 06:00:00,-17,0.0,0.0,185.376425031461,54.22602835088037
2026-05-18 07:00:00,3576,2221.177284643665,805.73126,3311.3829538353284,939.3743604272604
2026-05-18 08:00:00,10259,6649.296572606358,6589.4365,7931.596800297675,8739.609535247087
2026-05-18 09:00:00,12350,12791.291225540037,13692.515,15069.38045881423,16356.751140475273
2026-05-18 10:00:00,13128,16242.397617521216,16599.021,18849.10202583475,19203.613806784153
2026-05-18 11:00:00,12823,17740.50844566957,17044.098,19999.180908714152,19606.90064370632
2026-05-18 12:00:00,13639,18610.22986669654,16829.857,20658.048455022574,19053.25809431076
2026-05-18 13:00:00,14456,19135.066265978738,15981.803,21011.193609962003,18433.491232275963
2026-05-18 14:00:00,15058,19528.132777208884,16781.42,21277.84561391859,18563.909906864166
2026-05-18 15:00:00,15241,19204.0763872984,17561.764,20944.098113456374,18924.024044454098
2026-05-18 16:00:00,14619,18000.518190041577,18092.117,20006.44561798077,19383.339049756527
2026-05-18 17:00:00,13839,16314.682656931764,17304.389,18727.41264960549,19850.86265361309
2026-05-18 18:00:00,12877,15029.781273170345,16370.642,17769.789441584388,18311.799511373043
2026-05-18 19:00:00,9544,11779.169435710006,12729.913,14370.770829658937,14987.688846588135
2026-05-18 20:00:00,1500,5199.198272375863,5877.1885,6139.929949061945,5929.930341243744
2026-05-18 21:00:00,-57,725.888042126071,214.51903,466.5344595662008,199.93013039976358
2026-05-18 22:00:00,-58,632.8592401088172,26.587954,409.6908276900668,79.35782055510208
2026-05-18 23:00:00,-54,1068.737920938761,14.717726,790.9764093457468,64.87994535174221
2026-05-19 00:00:00,-52,491.34022125236515,16.83422,201.45670626457843,0.0
2026-05-19 01:00:00,-52,250.90486251332777,36.16797,0.0,0.0
2026-05-19 02:00:00,-53,756.252265927742,106.13982,874.4290235513953,111.08085188036785
2026-05-19 03:00:00,-53,497.44983909666644,60.84486,661.5289533871698,0.0
2026-05-19 04:00:00,-52,0.0,0.0,0.0,0.0
2026-05-19 05:00:00,-53,0.0,190.09625,0.0,148.5000935504213
2026-05-19 06:00:00,6,0.0,873.21027,0.0,964.5069758556783
2026-05-19 07:00:00,4033,4690.628133666967,3137.174,6624.8766614283695,4237.554178878665
2026-05-19 08:00:00,11488,9418.208284968594,8695.573,11767.52812426629,10490.39064207673
2026-05-19 09:00:00,14963,13735.317021079954,15532.2705,16321.91734457784,18615.210048139095
2026-05-19 10:00:00,16479,16226.06518467009,17430.371,18754.063503472116,19809.493725419044
2026-05-19 11:00:00,17856,17811.441706086953,17277.732,20020.416956970177,19283.053039610386
2026-05-19 12:00:00,18434,18995.538745407255,18545.434,20937.022129039833,20401.9121183753
2026-05-19 13:00:00,18696,19603.46302810432,18848.703,21289.635806949747,20694.97649616003
2026-05-19 14:00:00,18856,19561.683707753204,18751.97,21076.542962039777,20456.355114877224
2026-05-19 15:00:00,18803,20168.246913126357,18344.123,21654.238166413328,19380.17132395506
2026-05-19 16:00:00,18596,19660.34386050018,18644.6,21583.68426326326,20798.70511740446
2026-05-19 17:00:00,17290,18632.059225769946,18838.795,20937.423920942303,21760.824599921703
2026-05-19 18:00:00,15860,16899.665285053474,18948.955,19608.736617362272,21257.092057585716
2026-05-19 19:00:00,9896,13792.078512183045,17367.566,16404.594453293725,19200.72489321232
2026-05-19 20:00:00,1580,6924.047555798776,10677.12,8147.459661617779,12135.05620700121
2026-05-19 21:00:00,121,2960.6983099903136,1319.2034,2941.0774170422205,1872.9661486670375
2026-05-19 22:00:00,-60,2886.0033365540457,1070.7919,2914.636416328098,1720.5775939747691
2026-05-19 23:00:00,-55,2555.338850491071,793.38324,2565.9359648787918,1059.5706562288105
2026-05-20 00:00:00,-53,2299.0998138048726,977.2888,2277.042172132517,954.4112406522036
2026-05-20 01:00:00,-52,1632.2226993075328,0.0,1819.9286081176338,138.11247679404914
2026-05-20 02:00:00,-53,1655.8477055323638,0.0,1348.4414642631632,14.768486127606593
2026-05-20 03:00:00,-53,1276.0600689485673,0.0,1101.1453031516019,86.22529996931553
2026-05-20 04:00:00,-52,994.7967967876712,0.0,844.708389609789,0.0
2026-05-20 05:00:00,-53,740.3747915811655,0.0,773.3034499112397,16.355834948190022
2026-05-20 06:00:00,11,760.4673607158365,562.6586,867.5536911170204,552.8812152966857
2026-05-20 07:00:00,4126,7290.629571392972,4320.5093,9481.898788471564,5257.637153163552
2026-05-20 08:00:00,12837,11672.348420862083,8196.2295,14620.202698565752,9791.760497361422
2026-05-20 09:00:00,17511,14670.99974378969,13483.62,17370.38075297433,16670.700255930424
2026-05-20 10:00:00,19345,16705.864900927103,16205.281,18978.766419573443,19056.60384106636
2026-05-20 11:00:00,20542,18119.77051344773,17230.854,20013.495349286895,19071.658392488956
2026-05-20 12:00:00,21324,19566.985921323416,18278.96,21321.19809640003,19442.803284347057
2026-05-20 13:00:00,21211,21612.509812341417,18258.3,23902.98693684684,19294.39009463787
2026-05-20 14:00:00,21452,22914.793664145756,18215.924,25756.328647401508,19056.29623132944
2026-05-20 15:00:00,20415,22806.312672437223,17802.564,25817.914388046254,18596.968136250973
2026-05-20 16:00:00,18999,21896.098217279876,18597.814,24990.26263302133,20149.49411314726
2026-05-20 17:00:00,17694,19855.39249929518,18873.049,23167.730317733924,20507.99166339636
2026-05-20 18:00:00,14563,17212.534179944403,17958.873,20090.211283362733,19373.06488454342
2026-05-20 19:00:00,8082,13390.750871761742,16649.193,15738.860439867552,17898.183532178402
2026-05-20 20:00:00,1180,6579.070922193838,9936.117,7519.375455803011,10792.577939271927
2026-05-20 21:00:00,-56,2829.335185960421,1037.9569,2656.580753451655,976.1955731809139
2026-05-20 22:00:00,-59,2602.6590842080514,901.9049,2455.856825435553,1226.4668551385403
2026-05-20 23:00:00,-54,2061.5281594925436,658.0767,1851.5445035227328,592.0662779808044
2026-05-21 00:00:00,-53,1601.5985418917244,227.09464,1315.752039217355,88.29301416967064
2026-05-21 01:00:00,-52,1370.3525028108606,121.08649,1078.9503551213709,29.007503597415052
2026-05-21 02:00:00,-52,1440.2398353352746,142.64853,1161.3521129266942,0.0
2026-05-21 03:00:00,-53,1204.1076336034957,90.80328,899.2186651586461,5.29797020710248
2026-05-21 04:00:00,-53,911.167594796465,44.75377,577.2266491644192,14.1427488141926
2026-05-21 05:00:00,-54,817.7137617926628,0.0,481.54109428915467,0.0
2026-05-21 06:00:00,6,645.2796416983256,327.4716,289.946620114922,366.496998725459
2026-05-21 07:00:00,4110,6831.057847493448,1856.826,8505.776614450904,2772.740173265338
2026-05-21 08:00:00,13243,11478.566088418873,7762.079,14002.068815167779,9504.303779631853
2026-05-21 09:00:00,17984,14550.996162971234,14564.823,16952.153412180534,16716.00397080183
2026-05-21 10:00:00,19716,16514.776548789363,17079.549,18535.52981310613,19507.629091203213
2026-05-21 11:00:00,20285,17742.435418243615,17553.557,19329.150613714508,19189.957243442535
2026-05-21 12:00:00,20393,19056.262733441188,18378.195,20275.30391419414,20045.412067949772
2026-05-21 13:00:00,20537,19858.132700131704,19003.43,20863.07001087842,20267.107059836388
2026-05-21 14:00:00,20844,20195.660580290038,18917.893,21155.02392887398,20143.591933131218
2026-05-21 15:00:00,20609,19986.33709001184,18804.973,21101.0333540923,20093.38347917795
2026-05-21 16:00:00,19596,19277.90178357176,19393.203,20672.558657195565,20780.89255017042
2026-05-21 17:00:00,18158,17892.764779287572,18426.31,19630.291571945938,20642.312400221825
2026-05-21 18:00:00,15404,15837.769852992184,17953.56,17752.633211725773,19257.18895113468
2026-05-21 19:00:00,9518,12526.557970132344,16628.893,14408.852954219423,18111.54819059372
2026-05-21 20:00:00,1472,6136.638077094516,9247.773,6680.249279368511,9877.318545997143
2026-05-21 21:00:00,-59,1852.3168862522107,561.29626,1163.0315556865146,715.4174552410841
2026-05-21 22:00:00,-59,1447.0965211708253,457.4367,870.8030581268897,481.55412573739886
2026-05-21 23:00:00,-56,923.0574603005989,263.02948,555.2513763673246,127.4994602301158
2026-05-22 00:00:00,-54,693.0249791127744,0.0,375.1644053445239,0.0
2026-05-22 01:00:00,-53,592.5424235393466,0.0,316.8665756205501,0.0
2026-05-22 02:00:00,-54,408.1715391589614,0.0,132.23802992609208,0.0
2026-05-22 03:00:00,-54,125.58568153438591,0.0,0.0,0.0
2026-05-22 04:00:00,-56,0.0,0.0,0.0,0.0
2026-05-22 05:00:00,-55,0.0,0.0,0.0,0.0
2026-05-22 06:00:00,11,8.529574910671272,118.87155,0.0,133.41841152170673
2026-05-22 07:00:00,4099,4144.753201271569,762.0391,4973.191383660583,424.42719337530434
2026-05-22 08:00:00,13312,8565.055782313153,5842.1016,9567.416311822139,7278.760422796011
2026-05-22 09:00:00,17985,12888.14091126842,13532.052,14154.760272073945,16094.540673792362
2026-05-22 10:00:00,19925,16512.56442864606,17032.357,17897.150548974547,18954.3373478055
2026-05-22 11:00:00,20577,18421.06311254046,18856.48,19463.87184906427,20287.283640623093
2026-05-22 12:00:00,20304,19272.49048151436,19480.883,20166.036995090064,20852.716151297092
2026-05-22 13:00:00,19638,19810.744833583478,19807.975,20510.780174241783,21030.748886227608
2026-05-22 14:00:00,19789,19973.14237893805,19801.547,20676.052428468418,20808.776391088963
2026-05-22 15:00:00,19379,19182.7935733153,19142.059,20111.167129086614,20639.07922554016
2026-05-22 16:00:00,18337,18118.35422310422,18243.451,19258.94244503769,19838.368462383747
2026-05-22 17:00:00,17971,17343.569499739857,18639.875,18870.819608153874,20395.70887351036
2026-05-22 18:00:00,15872,15462.729746287801,17853.676,17267.34256277479,19345.12475758791
2026-05-22 19:00:00,9452,12226.00362715845,16346.202,13975.363232571946,17349.384199917316
2026-05-22 20:00:00,1472,5609.181947259765,8788.738,6147.075027366306,10099.682425439358
2026-05-22 21:00:00,-59,1177.5587048742445,566.5388,600.2763564558251,613.2218512985855
2026-05-22 22:00:00,-59,716.0897402461978,226.08028,318.7995280539745,185.94757027644664
2026-05-22 23:00:00,-53,516.2969274613752,30.74837,225.24315870680917,4.7854530649347
2026-05-23 00:00:00,-53,444.0625240021923,102.37263,208.71712207722567,110.05375442234799
2026-05-23 01:00:00,-53,299.96455470972114,0.0,102.13183499897882,26.406012873514555
2026-05-23 02:00:00,-54,210.10449102879784,0.0,44.709460726321254,0.0
2026-05-23 03:00:00,-53,25.339842558697455,0.0,0.0,0.0
2026-05-23 04:00:00,-53,0.0,0.0,0.0,0.0
2026-05-23 05:00:00,-53,0.0,0.0,0.0,0.0
2026-05-23 06:00:00,15,0.0,364.41852,0.0,250.23786212317646
2026-05-23 07:00:00,4057,3542.2479650501173,934.2867,4567.816553306943,952.3322569727898
2026-05-23 08:00:00,12372,7761.697542896749,5893.4204,9014.496996867008,6008.963791012764
2026-05-23 09:00:00,16973,12267.102386764413,13409.549,13764.372939713281,15477.81718468666
2026-05-23 10:00:00,18815,15450.90348151638,16848.996,16887.0510882425,18968.772752821445
2026-05-23 11:00:00,19453,17785.71736329091,18344.154,18933.94913588953,19762.907212495804
2026-05-23 12:00:00,19095,20498.595582350084,19217.004,21385.429090211193,20415.539884209633
2026-05-23 13:00:00,19582,20679.520225215347,19587.95,21471.79007894636,20715.518281698227
2026-05-23 14:00:00,19070,19830.23508732928,19709.234,20605.09811320222,20910.040207505226
2026-05-23 15:00:00,18385,19119.36632204753,19486.195,20018.853636718988,20807.612709999084
2026-05-23 16:00:00,18334,18455.13492313923,19012.27,19635.936880971138,20562.672893822193
2026-05-23 17:00:00,17548,17208.254298409032,18206.865,18744.884324590123,20074.41246676445
2026-05-23 18:00:00,15567,15295.044743423292,17171.979,17116.145216304034,18477.96243739128
2026-05-23 19:00:00,9323,12012.464609827888,14434.654,13678.445065287317,16611.51614254713
2026-05-23 20:00:00,1353,5698.960165387871,8823.197,6163.410103103119,10170.098875641823
2026-05-23 21:00:00,-58,1432.7678941508948,602.2967,777.6233954459871,696.8579526618123
2026-05-23 22:00:00,-58,1005.8266459219167,289.02386,528.6777063170018,250.18945040460676
2026-05-23 23:00:00,-53,495.51831719319125,204.71973,349.84650241123467,133.19539446244016
2026-05-24 00:00:00,-52,379.77083184532876,195.30229,279.3044506398471,195.3475225251168
2026-05-24 01:00:00,-52,371.11340765626164,78.18817,274.55564460570264,70.28695857035927
2026-05-24 02:00:00,-52,229.6687467772149,46.144367,208.8148880897799,64.35571004776284
2026-05-24 03:00:00,-52,63.099471394730244,5.594256,102.76798782385202,0.0
2026-05-24 04:00:00,-51,0.0,0.0,0.0,0.0
2026-05-24 05:00:00,-52,0.0,0.0,0.0,0.0
2026-05-24 06:00:00,21,0.0,674.3817,0.0,828.5194196738303
2026-05-24 07:00:00,4140,2272.3596719553243,2022.5294,2858.3846615865436,2574.327147908509
2026-05-24 08:00:00,12505,6742.764945469504,6595.4126,7697.377510415644,8459.728525400162
2026-05-24 09:00:00,16922,11037.845493870784,11923.07,12097.124576338398,13990.560758054256
2026-05-24 10:00:00,18434,15075.81972555564,16651.26,16169.753218436234,17849.998757600784
2026-05-24 11:00:00,19046,17616.63150910064,17761.344,18711.7363780536,19113.037792503834
2026-05-24 12:00:00,19164,19098.198170854266,18725.656,20146.421145021748,20284.199689388275
2026-05-24 13:00:00,19233,19129.965720734734,19261.096,19932.542185814887,20343.40736436844
2026-05-24 14:00:00,19032,19054.361719764995,19207.57,19869.49782937219,20349.979740917683
2026-05-24 15:00:00,18265,18553.719762943787,18050.562,19529.666593496913,19761.87835609913
2026-05-24 16:00:00,17354,18345.34524954154,17848.262,19635.25566311312,19631.319620907307
2026-05-24 17:00:00,16007,16672.087779323032,17257.596,18293.41284123134,19225.58761382103
2026-05-24 18:00:00,15636,15060.88483435955,16745.168,17000.63121876888,18399.368804097176
2026-05-24 19:00:00,9545,11984.711826704344,15761.067,13864.633047862295,16794.57927840948
2026-05-24 20:00:00,1486,5687.406282001066,8845.901,6330.259926862581,10146.42339771986
2026-05-24 21:00:00,-51,1167.4832351402747,215.16193,532.7956683028634,284.27600441593677
2026-05-24 22:00:00,-54,938.5245370245357,10.075392,382.5320760621814,76.34054536698386
2026-05-24 23:00:00,-49,668.7919569798169,0.0,226.27205504934201,3.7022977462183917
2026-05-25 00:00:00,-49,382.08578753488564,0.0,0.0,0.0
2026-05-25 01:00:00,-48,206.04648122966728,0.0,0.0,0.0
2026-05-25 02:00:00,-48,0.0,0.0,0.0,0.0
2026-05-25 03:00:00,-49,0.0,0.0,0.0,0.0
2026-05-25 04:00:00,-49,0.0,0.0,0.0,0.0
2026-05-25 05:00:00,-48,0.0,0.0,0.0,0.0
2026-05-25 06:00:00,14,0.0,184.6962,0.0,276.22613984905183
2026-05-25 07:00:00,4117,6175.091233517829,1750.3276,7834.559768274725,2918.3325162380934
2026-05-25 08:00:00,12589,10649.719845264282,6748.878,13068.349419989183,8245.607932418585
2026-05-25 09:00:00,16478,13532.651379795807,13625.591,15907.512569606637,17147.26496809721
2026-05-25 10:00:00,17234,15657.591151240562,16616.447,17740.75581683914,18424.298282563686
2026-05-25 11:00:00,17323,16776.907117258084,18280.414,18655.92319465145,19854.52909988165
2026-05-25 12:00:00,18112,18944.89010108866,18595.42,20206.301620715232,19706.960200726986
2026-05-25 13:00:00,18914,18833.501681815418,17572.47,19904.652170716327,19018.74689978361
2026-05-25 14:00:00,17526,19067.36127638486,17497.605,20060.674692288783,18864.24958217144
2026-05-25 15:00:00,15836,18937.976450971204,17568.293,20034.374084601313,18909.245687305927
2026-05-25 16:00:00,14433,18353.529300257465,17692.76,19760.32858334974,19287.044112324715
2026-05-25 17:00:00,14170,17081.68513240914,17828.715,18868.83688259993,19700.41007679701
2026-05-25 18:00:00,14580,15326.321178611539,16893.28,17380.753236027012,18891.143836021423
2026-05-25 19:00:00,9813,12397.854033113243,15681.661,14386.493699672186,17176.175047457218
2026-05-25 20:00:00,1516,6038.492171274422,9376.397,6763.871538936436,10865.565875977278
2026-05-25 21:00:00,19,1084.8080617171454,349.33768,831.1775058355812,359.4881599564105
2026-05-25 22:00:00,-56,304.9771128902903,0.0,128.8135490289813,68.66847934783436
2026-05-25 23:00:00,-51,10.154272072673848,0.0,2.0844166788490295,21.399086614255793
2026-05-26 00:00:00,-51,20.855495994127068,77.5981,66.93716324121732,158.3677598591894
2026-05-26 01:00:00,-49,109.87184141482521,12.331978,189.7980030763198,138.55348975630477
2026-05-26 02:00:00,-49,51.403632028343964,0.0,265.3631596181762,24.628436626982875
2026-05-26 03:00:00,-50,0.0,0.0,67.84268536980345,124.69624378578737
2026-05-26 04:00:00,-50,43.85199142793317,8.735007,285.02389126867644,29.302782867569476
2026-05-26 05:00:00,-50,0.0,0.0,188.69740264146625,59.66909981193021
2026-05-26 06:00:00,25,0.0,570.7908,284.3200093495669,713.1439247652888
2026-05-26 07:00:00,3743,2277.206950404792,453.45425,2999.1079769245534,1354.216033525765
2026-05-26 08:00:00,10772,7739.079219813639,8281.936,9378.460051093763,9843.404245257378
2026-05-26 09:00:00,13580,10263.089561916302,11356.811,12591.234473263188,13696.475377738476
2026-05-26 10:00:00,15655,12209.829685221704,12871.203,14210.55998158452,15339.611402332783
2026-05-26 11:00:00,15617,14219.231989229433,14829.002,16833.26611745634,16304.805673241615
2026-05-26 12:00:00,16708,15295.435446258602,15377.931,18233.78109273723,17213.823861300945
2026-05-26 13:00:00,17489,17096.857012585297,15148.962,20964.638013872907,17007.59705775976
2026-05-26 14:00:00,17295,16858.516187623154,14857.564,20804.446756659592,16740.3849876523
2026-05-26 15:00:00,16788,16615.265108940905,15974.14,20006.15631392558,17424.15954554081
2026-05-26 16:00:00,15701,16675.24244350133,15608.611,19184.846459114753,18343.13119930029
2026-05-26 17:00:00,14289,14807.56602324322,13551.888,17258.772551574046,16398.705181658268
2026-05-26 18:00:00,12474,12039.746832959376,13963.268,14371.994497808866,14793.83057242632
2026-05-26 19:00:00,7652,9118.529400134841,12335.828,11286.162779727581,13842.477430701256
2026-05-26 20:00:00,1177,4004.533612803487,8158.1816,5190.752103568697,9249.010605096817
2026-05-26 21:00:00,-49,1276.6411609194702,602.0607,1382.5618074358547,611.4700302090496
2026-05-26 22:00:00,-50,939.3048540173077,655.5896,1069.4320171520149,569.3369454331696
2026-05-26 23:00:00,-45,651.8444151756357,535.525,829.4713034326821,617.8891336619854
2026-05-27 00:00:00,-44,369.7749348395332,406.90497,645.875627656795,458.8119079414755
2026-05-27 01:00:00,-43,0.0,200.3419,226.5082488582645,255.51735740248114
2026-05-27 02:00:00,-43,0.0,0.0,21.438982228969326,3.6918003594182665
2026-05-27 03:00:00,-45,79.79289953310399,0.0,26.911519562743866,0.0
2026-05-27 04:00:00,-45,26.690875075251824,0.0,0.0,0.0
2026-05-27 05:00:00,-46,138.9590623388549,0.0,99.9035325682561,0.0
2026-05-27 06:00:00,35,70.23390482335208,787.6122,39.871515528311,777.976031076163
2026-05-27 07:00:00,3978,4005.2601972135526,2850.6726,4982.123558241409,4406.619762733579
2026-05-27 08:00:00,11458,7973.008212619972,7111.593,9988.455475343484,9375.396974176168
2026-05-27 09:00:00,14264,12207.129191250475,12058.484,14485.815835717252,14565.53309750557
2026-05-27 10:00:00,15806,15685.517691106452,13410.03,17673.01371143947,16467.543004870415
2026-05-27 11:00:00,16378,18499.946152315264,15245.74,20232.818585913203,18973.614660978317
2026-05-27 12:00:00,16388,19349.71573832452,14664.047,21094.33101179679,17528.968073308468
2026-05-27 13:00:00,15052,18247.399555168024,14994.037,19797.1360868144,17333.885905086994
2026-05-27 14:00:00,15128,15043.129408359397,14521.63,16222.278633322781,17346.308102548122
2026-05-27 15:00:00,14767,15582.933943772616,14876.6,16958.882920749824,16507.39221006632
2026-05-27 16:00:00,13419,13598.550386524625,16424.076,14894.58285365294,18115.32589995861
2026-05-27 17:00:00,12557,13557.597296508524,15093.666,15325.768005745134,16776.032374739647
2026-05-27 18:00:00,11001,11547.881560023821,12526.935,13628.975507141826,13274.628547370434
2026-05-27 19:00:00,6931,9596.429749484942,12233.821,11531.784873146331,13489.727601110935
2026-05-27 20:00:00,1309,4594.763047392149,7393.703,5368.787246432023,10117.477321475744
2026-05-27 21:00:00,65,999.3887360644812,611.8959,941.0900716598182,723.3557499200106
2026-05-27 22:00:00,8,1087.2773293701903,611.35077,1133.6465957650503,607.7712276503444
2026-05-27 23:00:00,-57,1624.9980019336563,864.7961,1609.87306236828,738.9722617901862
2026-05-28 00:00:00,-58,1195.7620126180254,509.20255,1158.1026623626897,505.17384939454496
2026-05-28 01:00:00,-56,898.4421954048448,445.41675,903.162856014869,473.26956557668746
2026-05-28 02:00:00,-56,596.401967229499,61.716442,757.6151253746989,45.285624391864985
2026-05-28 03:00:00,-56,0.0,0.0,140.67150403109477,0.0
2026-05-28 04:00:00,-58,86.82473346465122,0.4153864,475.2080842636626,0.0
2026-05-28 05:00:00,-59,242.96581983623037,104.80344,804.1073934701401,133.00567452097312
2026-05-28 06:00:00,35,0.0,221.3106,0.0,414.73879563994706
2026-05-28 07:00:00,4064,4593.07122905225,3327.5205,5928.8981616257315,3888.844181418419
2026-05-28 08:00:00,11021,8411.773856643622,8126.386,10680.153642707834,9436.228435873985
2026-05-28 09:00:00,14178,11432.338473781894,12327.406,14323.941909772773,15193.575315952301
2026-05-28 10:00:00,15110,12727.635373143847,14038.313,15712.757788674926,17149.1014636755
2026-05-28 11:00:00,15701,10838.939476950593,13574.395,13746.191051388652,16515.77752059698
2026-05-28 12:00:00,16567,11166.015964237482,13723.611,14016.564744774425,16004.39531314373
2026-05-28 13:00:00,16563,17049.39952780849,14795.502,20399.55332998972,17499.65613782406
2026-05-28 14:00:00,16313,13249.201932422646,13912.318,16192.396157194247,17052.625887334347
2026-05-28 15:00:00,14651,9457.992331701797,15115.195,11857.4804216888,16036.17990732193
2026-05-28 16:00:00,12212,12943.909678951284,14164.722,14913.264406902057,16609.810544729233
2026-05-28 17:00:00,10353,11532.482092633978,13582.043,13580.354297662388,16444.266765117645
2026-05-28 18:00:00,8659,7898.807507238795,11538.647,9853.934718197368,13535.853353917599
2026-05-28 19:00:00,5342,5607.052743388816,9693.139,6970.7386677092,10729.941397458315
2026-05-28 20:00:00,760,3934.188496046818,5981.8003,4672.181805121843,7219.589399188757
2026-05-28 21:00:00,-50,888.3904308328965,610.6172,1040.6619461924097,692.3731499575078
2026-05-28 22:00:00,-57,729.8871189058582,550.20374,925.9280518802004,614.4047579970211
2026-05-28 23:00:00,-52,947.3574828380761,571.8092,1135.8375224253894,540.8253270369023
2026-05-29 00:00:00,-53,561.9108154555024,363.6565,775.6887214872585,365.6218244805932
2026-05-29 01:00:00,-51,716.6366868369978,343.0492,916.4994415471741,427.70884113386273
2026-05-29 02:00:00,-51,1054.177786015407,102.54477,1094.631747330806,201.68784188851714
2026-05-29 03:00:00,-52,1279.8179790830218,176.98433,1280.8981967159805,315.4924818612635
2026-05-29 04:00:00,-53,981.7077667786507,205.53465,975.2530657943609,300.452472361736
2026-05-29 05:00:00,-54,1032.5843410091593,172.87682,972.1769375762443,250.73625534586608
2026-05-29 06:00:00,34,1317.243887402372,1358.8212,1220.2941458509692,1567.7940552905202
2026-05-29 07:00:00,3889,5854.483888511229,6127.4673,7384.495988582432,7041.28177896142
2026-05-29 08:00:00,11320,7475.1901694801745,7848.324,9627.194772894982,10674.40998607874
2026-05-29 09:00:00,14245,8666.222093773013,11114.843,11340.094302316218,14244.472306728363
2026-05-29 10:00:00,14936,11002.133492795401,13951.322,14110.563621153298,16820.18418931961
2026-05-29 11:00:00,15732,12295.898425142463,13408.219,14641.914761889246,16886.752245366573
2026-05-29 12:00:00,14803,14830.246612856725,14626.621,16856.244911322083,16659.51111537218
2026-05-29 13:00:00,15024,17289.715560356337,16915.623,19890.142111099503,17415.66428089142
2026-05-29 14:00:00,15716,18237.21632440882,18201.457,20028.215720050055,18830.883743047714
2026-05-29 15:00:00,15893,17495.332923038142,17126.854,19693.532670895296,18430.792120456696
2026-05-29 16:00:00,15086,16342.289324917627,17000.604,19089.028458102825,18123.25830423832
2026-05-29 17:00:00,13438,15699.276934605266,15770.817,18461.688906485226,17969.38405996561
2026-05-29 18:00:00,12413,12799.228961826684,14465.412,15536.174251066372,16657.353920280933
2026-05-29 19:00:00,8350,10719.322994987835,13834.417,12944.538930570898,16175.455124378204
2026-05-29 20:00:00,1515,5550.37450048983,9678.649,6615.238838690302,11474.288239479065
2026-05-29 21:00:00,-53,1103.5896237691013,604.248,1064.628278558163,608.9979441929609
2026-05-29 22:00:00,-63,831.3882395841747,404.30423,810.7937478243766,430.57173877581954
2026-05-29 23:00:00,-58,629.888861548533,139.13298,585.0167344274997,208.4914166070521
2026-05-30 00:00:00,-57,504.7244086615374,11.362709,388.51564325806,93.61651359451935
2026-05-30 01:00:00,-57,446.37907303675183,0.0,314.49730829869196,86.91426192363724
2026-05-30 02:00:00,-56,265.59554272757214,0.0,198.76606446058534,0.0
2026-05-30 03:00:00,-57,82.3965615532702,0.0,0.0,0.0
2026-05-30 04:00:00,-57,267.6794700425612,0.0,42.6965648940889,0.0
2026-05-30 05:00:00,-57,385.7687860402539,0.0,27.185346766791696,0.0
2026-05-30 06:00:00,49,354.19793338152476,405.19952,38.48837715085479,470.78189454600215
2026-05-30 07:00:00,4168,6501.2801519145,2189.4836,8162.573415228032,2359.150700867176
2026-05-30 08:00:00,10533,10732.194480029511,8729.765,13242.970364111794,10254.472299546003
2026-05-30 09:00:00,12228,13471.584046857039,13853.102,16046.97808317343,16454.487262248993
2026-05-30 10:00:00,12160,15504.949872067758,15976.633,17839.082876001485,18642.10430198908
2026-05-30 11:00:00,12469,16914.316191182395,15778.444,18946.59527655201,18987.275151252747
2026-05-30 12:00:00,12606,18263.837164958655,15316.488,20063.702544571064,17548.416862547398
2026-05-30 13:00:00,12460,19296.80081184586,15843.3955,20816.89067723575,17763.665139734745
2026-05-30 14:00:00,12555,19737.62323700529,15373.726,21126.923106425136,16791.495327174664
2026-05-30 15:00:00,12412,19396.899846810575,16326.469,20918.2047912308,17706.699743390083
2026-05-30 16:00:00,12121,18679.227245038233,17118.459,20517.336832646546,18374.191928863525
2026-05-30 17:00:00,11920,17484.748359956793,16980.498,19660.85595109949,19251.71087986231
2026-05-30 18:00:00,12952,15728.261976102513,16759.844,18167.075239847225,18556.104473412037
2026-05-30 19:00:00,10076,12620.1569214576,16155.468,15012.212103581911,17118.474005699158
2026-05-30 20:00:00,1887,6593.14518033178,10650.468,7848.921305886847,11597.943426787853
2026-05-30 21:00:00,-50,1463.6079504397649,394.76678,1302.0875824477619,420.6941937766969
2026-05-30 22:00:00,-63,1092.0930753070988,72.697395,964.9414622866758,194.33611234556884
2026-05-30 23:00:00,-57,777.0808795532876,72.75861,712.9890521278675,120.17734630545601
2026-05-31 00:00:00,-57,509.59246320058537,17.989458,347.0967953750213,33.40045288891997
2026-05-31 01:00:00,-56,411.29971774844853,30.572182,290.4526561574298,33.81145396037027
2026-05-31 02:00:00,-57,214.5745667717506,0.0,139.47656354011963,96.99453482916579
2026-05-31 03:00:00,-57,0.0,0.0,0.0,0.0
2026-05-31 04:00:00,-57,0.0,0.0,0.0,0.0
2026-05-31 05:00:00,-57,0.0,0.0,0.0,0.0
2026-05-31 06:00:00,52,0.0,269.46295,0.0,498.4948729816824
2026-05-31 07:00:00,3925,6305.924538552017,3540.0593,8275.089555397852,3080.245519220829
2026-05-31 08:00:00,9514,10730.249208011444,8049.2363,13280.508719444504,8066.896492600441
2026-05-31 09:00:00,12704,13623.603261080068,14087.342,16178.28754732186,16774.93937844038
2026-05-31 10:00:00,14862,15634.596503845856,16237.309,17889.0922283854,18500.453290581703
2026-05-31 11:00:00,16014,16168.192851330012,16606.285,17982.500444008947,18412.654926776886
2026-05-31 12:00:00,16906,17363.941683053294,17078.824,18885.091500990053,18578.38196325302
2026-05-31 13:00:00,16308,19150.823836159703,17840.139,20350.5544546062,19036.51627075672
2026-05-31 14:00:00,15327,19529.10741601841,18118.723,20701.961036124678,19435.628778100014
2026-05-31 15:00:00,15404,19558.294801888478,18398.217,20842.56990943074,19392.33696180582
2026-05-31 16:00:00,15461,19046.570014446166,18314.648,20582.49073545731,19595.968062758446
2026-05-31 17:00:00,15459,17821.682088868034,18209.752,19696.319006102116,19920.212287068367
2026-05-31 18:00:00,15777,15962.16166347056,17733.365,18174.906199064248,19005.090336441994
2026-05-31 19:00:00,10820,13004.803684236951,16638.63,15298.036101802832,17541.748930633068
2026-05-31 20:00:00,2003,7052.792039201115,10025.297,8284.01300147687,11192.896014988422
2026-05-31 21:00:00,-50,1620.843380925803,1745.3843,1283.1692370295866,1767.7153500914574
2026-05-31 22:00:00,-64,1289.6761530667163,381.47372,943.3062981518681,352.7268406711519
2026-05-31 23:00:00,-59,731.0909840182258,247.05844,474.3328433704777,276.666488096118
2026-06-01 00:00:00,-58,364.0723520265533,13.427071,206.7808021960946,39.24734394077677
2026-06-01 01:00:00,-57,560.0642959739798,194.8581,386.8358493501833,243.7085386654362
2026-06-01 02:00:00,-57,354.982214701698,59.892696,132.79685728909539,82.98632692592219
2026-06-01 03:00:00,-57,34.90282435534709,0.0,0.0,0.0
2026-06-01 04:00:00,-58,72.44879785497005,0.0,0.0,0.0
2026-06-01 05:00:00,-57,0.0,0.0,0.0,0.0
2026-06-01 06:00:00,53,41.30367675386606,193.45784,0.0,357.89746582880616
2026-06-01 07:00:00,4823,4748.517933864408,2857.623,5890.531945605219,2357.0473374798894
2026-06-01 08:00:00,13793,9064.387500657567,7514.901,10371.895681720627,7524.75331145525
2026-06-01 09:00:00,18266,13800.154463843515,14065.786,15714.904224460764,15636.496685743332
2026-06-01 10:00:00,19528,16344.726982211425,17648.156,18029.476202197828,18851.764553785324
2026-06-01 11:00:00,20314,17653.360595495407,18768.945,18947.87825123638,19249.196333885193
2026-06-01 12:00:00,20901,18732.701823368177,19041.664,19819.412682147402,19892.653072595596
2026-06-01 13:00:00,20904,19556.917326783554,18294.492,20456.535608658058,19426.07193261385
2026-06-01 14:00:00,20325,19977.751813548697,18496.055,20814.96083379685,19683.585787653923
2026-06-01 15:00:00,20448,19917.80542048242,18289.99,20849.772632239514,19910.81513684988
2026-06-01 16:00:00,19601,19308.993948509145,19051.24,20445.885725423028,20515.424038231373
2026-06-01 17:00:00,18100,17912.56310364975,18434.45,19373.16267278165,20325.920732557774
2026-06-01 18:00:00,16302,16040.308873129663,18019.594,17873.40284480433,19048.08239686489
2026-06-01 19:00:00,10692,12918.694431359796,16634.191,14804.399884683975,17767.898373305798
2026-06-01 20:00:00,2151,7059.386522311885,9933.034,7901.3082104007435,11390.148468077183
2026-06-01 21:00:00,-27,1815.222459122042,1854.296,1184.0444289527138,2091.366443924606
2026-06-01 22:00:00,-64,1297.2948133847385,424.81726,856.9429839955524,511.768683090806
2026-06-01 23:00:00,-60,1169.5800546171995,517.9027,820.5851302911766,334.74590619280934
2026-06-02 00:00:00,-60,883.8874491189781,77.682686,579.6709325190735,26.065931799588725
2026-06-02 01:00:00,-59,597.9236720036188,89.426,376.0002070830739,71.56444912706502
2026-06-02 02:00:00,-59,508.62818539344516,0.0,370.7231995525924,0.0
2026-06-02 03:00:00,-59,396.0931258486744,84.32186,216.8339857806556,75.66912166727707
2026-06-02 04:00:00,-60,224.64134973964246,35.505726,30.97118692616696,0.0
2026-06-02 05:00:00,-60,196.01095151291565,0.40522468,243.40537906442995,0.0
2026-06-02 06:00:00,63,185.02020786595494,888.0603,214.11849018725323,1003.8752954043448
2026-06-02 07:00:00,4246,3045.0539823693252,1116.9066,3841.96519627119,2099.3201190903783
2026-06-02 08:00:00,12111,7192.417544126451,5053.692,8199.799201623397,5579.271603375673
2026-06-02 09:00:00,16469,11688.418735724481,12337.314,12675.45350542145,13216.813624560833
2026-06-02 10:00:00,18474,15492.76035759737,16303.385,16815.00352210627,17406.612700760365
2026-06-02 11:00:00,20100,16692.04463517447,18105.555,17855.611653706354,18857.359124064445
2026-06-02 12:00:00,20123,17573.00468821612,18659.178,18414.986920004587,19776.672420978546
2026-06-02 13:00:00,19282,19008.592813227544,19633.361,19739.879805254648,20124.054133415222
2026-06-02 14:00:00,19894,18496.707384647907,18239.393,19166.345042524874,18553.942042410374
2026-06-02 15:00:00,19709,18391.26851852595,17972.602,19206.911078159625,18451.381029188633
2026-06-02 16:00:00,18934,17986.52092639035,17883.176,19151.72443128986,19759.25516498089
2026-06-02 17:00:00,17584,17230.88275367963,18079.768,18808.137921063077,19842.322883725166
2026-06-02 18:00:00,15773,15968.867241767999,17895.068,17804.838240778277,18890.397718787193
2026-06-02 19:00:00,10454,12946.199289244309,15577.033,14732.169406702997,17071.14922940731
2026-06-02 20:00:00,1964,7193.139794609249,9408.598,7909.039977656677,11358.930661201477
2026-06-02 21:00:00,61,1815.49609140932,1577.4934,1122.7996842454459,1847.7961455658078
2026-06-02 22:00:00,-63,1617.5682731087763,170.00107,1025.16849830665,283.60758727416396
2026-06-02 23:00:00,-58,1198.6372815729137,0.0,784.6894328703777,0.0
2026-06-03 00:00:00,-58,1151.7122278749357,93.53018,819.2005968588194,64.74066195357591
2026-06-03 01:00:00,-57,799.7279624816165,9.832473,475.36321562060857,0.0
2026-06-03 02:00:00,-57,560.0018784520516,0.0,329.3146478978952,0.0
2026-06-03 03:00:00,-58,551.4373816155385,108.62805,391.73655468101776,0.0
2026-06-03 04:00:00,-58,421.5855895486616,43.85567,347.518335625968,0.0
2026-06-03 05:00:00,-58,0.0,0.0,0.0,0.0
2026-06-03 06:00:00,55,402.21519964797517,941.8365,392.5950900176033,907.5304532013834
2026-06-03 07:00:00,4388,4540.233893749043,1850.0374,5435.378724692419,2664.752302519977
2026-06-03 08:00:00,13414,9268.69243398097,7746.753,10954.705906828975,8526.551832079887
2026-06-03 09:00:00,17853,13309.96396087849,13804.3955,15099.085159773003,15294.611370265484
2026-06-03 10:00:00,18731,16253.825062725424,16672.97,18290.296332691625,17541.064335346222
2026-06-03 11:00:00,20192,17663.884199727378,18068.096,19261.517905606757,18842.64883375168
2026-06-03 12:00:00,20680,18706.91026886294,19348.729,19918.821871668715,20792.10001641512
2026-06-03 13:00:00,20723,19511.65074475923,19071.928,20423.24888039789,20412.12345266342
2026-06-03 14:00:00,20976,19748.908714694036,18854.123,20708.905973436318,20036.014917731285
2026-06-03 15:00:00,20837,19388.081640664495,19447.582,20395.09751536301,20811.225488185883
2026-06-03 16:00:00,20348,18816.386289495036,19375.773,20099.88966471692,20468.86370486021
2026-06-03 17:00:00,18940,17536.52911443162,18272.146,19231.28044378345,20048.404390752316
2026-06-03 18:00:00,16544,15814.385890449812,18324.854,17801.587759372484,19453.748955070972
2026-06-03 19:00:00,11178,12864.395920556231,16701.35,14829.156122223521,17763.28553622961
2026-06-03 20:00:00,2397,7061.679176234255,9746.953,7944.225021148645,10377.8957978189
2026-06-03 21:00:00,155,1611.7110345701767,1265.2662,969.5150409801143,1410.2176951095462
2026-06-03 22:00:00,-23,1197.4956680499163,90.2706,584.8970245298474,144.91667532222345
2026-06-03 23:00:00,-18,1073.7019693484026,57.624657,485.07073249414526,39.78717959893402
2026-06-04 00:00:00,-18,786.9509586700333,0.0,271.486146458645,0.0
2026-06-04 01:00:00,-18,450.33256725224055,0.0,26.761597211306803,0.0
2026-06-04 02:00:00,-20,336.34804954011315,0.0,0.0,0.0
2026-06-04 03:00:00,-19,185.39282811094017,0.0,0.0,0.0
2026-06-04 04:00:00,-19,0.0,0.0,0.0,0.0
2026-06-04 05:00:00,-19,0.0,0.0,0.0,0.0
2026-06-04 06:00:00,96,0.0,65.14096,0.0,126.39100163290277
2026-06-04 07:00:00,4990,4219.345589714467,1059.421,5054.867475714288,797.4951778613031
2026-06-04 08:00:00,14456,8801.418437635712,8236.404,10057.23402117999,9238.11140307784
2026-06-04 09:00:00,18935,13518.618108662966,13944.558,15476.922531834822,15925.797752916813
2026-06-04 10:00:00,20257,16054.044963787182,16861.14,17775.505354807126,18264.739148557186
2026-06-04 11:00:00,20802,17501.048293804502,18411.984,18730.30885222426,19165.483289182186
2026-06-04 12:00:00,21081,18537.43740421637,18129.104,19552.29628750578,19402.058738470078
2026-06-04 13:00:00,21560,19395.211998172723,18572.867,20229.936255128145,19813.903670966625
2026-06-04 14:00:00,21268,19809.430167376064,18711.943,20583.012227488474,20005.21205675602
2026-06-04 15:00:00,20704,19752.94204095585,19395.092,20620.342161630375,20835.470371365547
2026-06-04 16:00:00,20212,19098.03626577433,19517.588,20184.495541589647,21237.991456389427
2026-06-04 17:00:00,19733,17818.264226796044,18685.818,19233.639408417934,20675.947888731956
2026-06-04 18:00:00,17473,15876.835144636625,17998.076,17542.735417962467,19267.984089434147
2026-06-04 19:00:00,11035,12818.786692120695,15741.05,14477.849485074845,17003.489486038685
2026-06-04 20:00:00,2111,7272.271544450818,10086.988,7939.493688776178,11068.303599715233
2026-06-04 21:00:00,-54,1955.8185742031192,1657.9686,1150.3314471485082,1806.1310611888766
2026-06-04 22:00:00,-66,1632.9286230535363,275.64426,925.4400948119576,332.05522091686726
2026-06-04 23:00:00,-62,1016.2352051711696,90.298805,607.4639135005373,12.505313704081345
2026-06-05 00:00:00,-60,900.3259683057204,33.548454,573.6913016523565,0.0
2026-06-05 01:00:00,-60,908.4053985868668,103.35103,540.2336013246273,57.33093856694177
2026-06-05 02:00:00,-61,613.5032433945553,0.0,427.7634955152403,0.0
2026-06-05 03:00:00,-62,513.4540464565189,0.0,339.0097983520935,0.0
2026-06-05 04:00:00,-62,462.15191114188747,0.0,296.91327976436173,0.0
2026-06-05 05:00:00,-61,373.367816638377,0.0,266.9756571708674,0.0
2026-06-05 06:00:00,53,400.02278222836367,950.53796,295.36355374426546,1093.2252885363996
2026-06-05 07:00:00,4769,5573.964436758719,4539.2935,6802.02454916835,4986.7170767486095
2026-06-05 08:00:00,13958,10836.879307449126,8850.682,12747.669840792238,9420.628040790558
2026-06-05 09:00:00,17535,14250.811159408484,14324.936,16192.884511603477,16627.78935211897
2026-06-05 10:00:00,19952,16479.713216891436,18050.195,18133.10390569805,19574.88436049223
2026-06-05 11:00:00,20815,17756.944298201946,18747.61,18919.294321878868,20298.74897545576
2026-06-05 12:00:00,21456,19141.67072148012,19294.26,19966.902672282245,20790.025286912918
2026-06-05 13:00:00,21487,19874.190717192236,19453.455,20471.311069624808,20894.702916920185
2026-06-05 14:00:00,21713,19989.604337047967,19541.986,20542.582153314266,20918.946491122246
2026-06-05 15:00:00,21276,19742.043367233586,19420.236,20433.33903110096,21207.581288695335
2026-06-05 16:00:00,19961,19125.957805266047,19296.629,20060.896257193952,21133.69866579771
2026-06-05 17:00:00,18153,17904.97514808448,18459.94,19154.593681470236,20709.050623357296
2026-06-05 18:00:00,16498,15924.11414292521,17745.365,17431.465612958284,19093.3874207139
2026-06-05 19:00:00,11065,12957.23197194597,15618.14,14528.461959491098,17192.501925110817
2026-06-05 20:00:00,2195,7394.5589794989155,9964.657,8001.73092638293,10957.306880325079
2026-06-05 21:00:00,-49,1975.638336451414,1885.4547,1117.9450194716012,2057.1348797380924
2026-06-05 22:00:00,-64,1472.8496489333602,424.53528,884.3068909936445,416.46664607711136
2026-06-05 23:00:00,-60,1095.2449899082103,152.42668,655.428817110552,149.75522922398522
2026-06-06 00:00:00,-60,784.5640405019694,47.042164,467.83862821736255,15.162411688477732
2026-06-06 01:00:00,-60,636.0330624826338,62.265865,352.0568847993458,4.1472935668425635
2026-06-06 02:00:00,-60,445.44097861408227,1.3643917,265.08303479591336,15.931276243471075
2026-06-06 03:00:00,-60,314.7865896033263,44.624866,160.91264071563097,30.4547930926783
2026-06-06 04:00:00,-60,189.11893461962882,14.028667,47.704737170664544,4.497085874027107
2026-06-06 05:00:00,-61,298.79500154740526,146.90042,179.28139446261181,168.0323096588254
2026-06-06 06:00:00,80,234.212137097099,1395.4205,249.33063803594703,1384.3668600320816
2026-06-06 07:00:00,4328,3921.2199532713303,3394.7297,4806.6400467967915,3839.7028714567423
2026-06-06 08:00:00,12965,8739.383801601987,6346.2104,10158.140778448836,6682.368628323078
2026-06-06 09:00:00,16510,12188.145621415137,13152.586,13677.388288088741,14334.3519449234
2026-06-06 10:00:00,17514,15634.460127821505,16490.633,17093.145341622647,16963.83400952816
2026-06-06 11:00:00,18807,18067.498587651982,18487.533,19361.1254242905,19197.34249508381
2026-06-06 12:00:00,17127,19617.049718761507,19410.764,20827.546969415,19891.18570870161
2026-06-06 13:00:00,17419,19941.437981316747,19729.729,21039.080422642804,20289.408111274242
2026-06-06 14:00:00,17522,20350.07488269794,19886.12,21214.10717517779,20770.908977985382
2026-06-06 15:00:00,17657,19556.34123363316,19286.71,20523.772784164394,20382.829842865467
2026-06-06 16:00:00,15555,18594.135069022504,18911.062,19984.25241777714,20184.070756554604
2026-06-06 17:00:00,14243,17392.636202651905,17980.07,19127.388134178724,19366.272599756718
2026-06-06 18:00:00,14116,15443.980120854765,17854.373,17317.85688981282,18446.69227141142
2026-06-06 19:00:00,9462,12447.684086829397,15335.359,14453.399514125555,16765.224146664143
2026-06-06 20:00:00,2070,6977.302606085701,10082.659,8152.514583233314,10961.20828807354
2026-06-06 21:00:00,-20,1208.3847001256527,1559.5261,1086.1980626631794,1770.8377525433898
2026-06-06 22:00:00,-55,905.4864958759135,220.12527,874.21026412647,306.4509849483147
2026-06-06 23:00:00,-50,437.25383841349685,121.406784,527.4558862701974,65.12232096260414
2026-06-07 00:00:00,-49,147.56886720346893,6.562343,318.4905538100937,0.0
2026-06-07 01:00:00,-50,77.297514989933,0.0,259.66218789170034,0.0
2026-06-07 02:00:00,-50,99.68772494572113,0.0,191.91819340303718,0.0
2026-06-07 03:00:00,-50,150.90343374666963,4.7392173,224.52003982776534,45.44847450009547
2026-06-07 04:00:00,-51,135.6014712805404,24.222162,172.85739536301324,88.68654601462185
2026-06-07 05:00:00,-51,0.0,0.0,55.88700339299253,39.468167439918034
2026-06-07 06:00:00,41,0.0,683.39056,15.884715403354623,694.4441161490977
2026-06-07 07:00:00,4454,5358.916196935208,2334.7974,7014.947538556566,2400.1410072892904
2026-06-07 08:00:00,11898,9800.69551732883,9398.615,11968.264715191232,11067.810115158558
2026-06-07 09:00:00,13425,13735.674454700074,13879.083,16222.225262662614,16473.44387590885
2026-06-07 10:00:00,13543,15962.221048296655,16560.967,18182.39358240359,18393.270277440548
2026-06-07 11:00:00,13295,17231.374938714627,17778.459,19137.736558408556,19578.44477957487
2026-06-07 12:00:00,14745,18548.71304392483,18034.918,20048.33706433227,19519.3012444973
2026-06-07 13:00:00,15117,19338.28231927516,18310.822,20544.756865467916,19819.46551680565
2026-06-07 14:00:00,15972,19756.615536293757,18207.75,20850.33803734634,19543.716294765472
2026-06-07 15:00:00,15044,19620.869442727995,18574.635,20777.6553911277,20464.39747327566
2026-06-07 16:00:00,14115,18979.511875802327,19091.326,20420.805892881628,20758.30483263731
2026-06-07 17:00:00,14706,17891.803792525476,18086.566,19753.988950531584,20536.005093097687
2026-06-07 18:00:00,15819,16434.815513546055,18055.861,18837.47332008556,19519.7698584795
2026-06-07 19:00:00,11063,12935.880390131366,15592.292,15209.466521695425,16847.450192809105
2026-06-07 20:00:00,2268,7052.500679923309,10483.98,8236.242433124384,11589.635345935822
2026-06-07 21:00:00,-7,1493.370561644021,1630.57,1097.5904897451144,1758.0400421321392
2026-06-07 22:00:00,-61,906.500564348451,235.9181,760.4362490630588,168.6202553571202
2026-06-07 23:00:00,-57,802.6270493928332,86.83542,740.1119250872435,0.0
2026-06-08 00:00:00,-55,1118.655442824237,0.0,1011.0908045500965,11.748627498338465
2026-06-08 01:00:00,-55,789.731380503229,103.33124,884.4062737568785,113.79198993137106
2026-06-08 02:00:00,-56,595.4899813497977,44.324196,771.9797321526123,15.549336008785758
2026-06-08 03:00:00,-56,582.2102953540671,60.4795,896.0619949528598,103.04242041474208
2026-06-08 04:00:00,-57,651.0250191978412,45.098537,850.164115259472,48.15403916989453
2026-06-08 05:00:00,-57,0.0,0.0,0.0,0.0
2026-06-08 06:00:00,74,375.88409620648054,1234.5387,643.0162216096928,1527.5902807861567
2026-06-08 07:00:00,4615,4836.018634955193,1272.8386,6473.585142499185,2227.2150848582387
2026-06-08 08:00:00,13082,8472.767266552319,6283.8325,10507.470929333358,7508.625398397446
2026-06-08 09:00:00,17798,12884.454823859749,13636.564,15162.665734002903,16015.947040498257
2026-06-08 10:00:00,19537,16744.137568273087,17193.62,19069.747633069426,18754.961733043194
2026-06-08 11:00:00,20475,18578.197531461647,18906.137,20708.10684121436,20457.99657279253
2026-06-08 12:00:00,21018,20605.82808147866,19720.943,22723.39049513207,20867.782483518124
2026-06-08 13:00:00,21189,21416.14528136265,19920.82,23701.119648877615,21050.820748806
2026-06-08 14:00:00,21314,22305.547955171354,18261.465,25584.323531634946,19684.07272732258
2026-06-08 15:00:00,20648,21467.9551426811,18559.13,24364.033135652673,19972.14335554838
2026-06-08 16:00:00,18634,18545.809156391704,18439.006,20457.930520823615,18497.322216153145
2026-06-08 17:00:00,16726,15513.528117919668,17389.578,17498.009333418922,18766.962439715862
2026-06-08 18:00:00,14725,14214.262702885164,16333.825,16091.24916114803,17390.462535083294
2026-06-08 19:00:00,9708,11352.208633692584,15316.801,13124.27347102137,16077.823720812798
2026-06-08 20:00:00,1757,7008.6440632052145,9739.977,8120.004268441449,10625.128942757845
2026-06-08 21:00:00,-42,1419.2921748884155,1963.3534,1203.6774798137658,1971.8451715111732
2026-06-08 22:00:00,-65,936.0245193225546,517.2991,817.3614067276751,329.9375814925879
2026-06-08 23:00:00,-61,953.6426311866044,244.96184,945.8323761652028,222.4819328598678
2026-06-09 00:00:00,-58,781.0770621338934,78.54351,860.4435528634285,0.0
2026-06-09 01:00:00,-58,1043.0638413447532,0.0,1212.252156773564,146.41454453021288
2026-06-09 02:00:00,-58,1014.6701584066623,49.13051,1181.0226009050573,38.251002343255095
2026-06-09 03:00:00,-59,87.84574151943889,0.0,0.0,0.0
2026-06-09 04:00:00,-61,266.59148267039654,0.0,39.052354332141704,0.0
2026-06-09 05:00:00,-60,409.9396983346237,0.0,132.9551587349941,0.0
2026-06-09 06:00:00,62,648.7476867110954,327.37036,422.49085081944804,469.5526418592781
2026-06-09 07:00:00,4990,6865.449750160626,4070.849,8595.691290398277,4705.983267992735
2026-06-09 08:00:00,12990,11033.171363464015,8064.2744,13461.603736501322,10383.488404631615
2026-06-09 09:00:00,16194,13696.099314526393,13911.082,16119.109319608433,16068.649096786976
2026-06-09 10:00:00,16699,15706.585905426866,16459.658,17955.45349120976,18074.15593636036
2026-06-09 11:00:00,17059,17096.146874074213,17777.467,18985.672395282247,19273.71610236168
2026-06-09 12:00:00,16807,18615.43387124846,18377.717,20113.895534814343,19945.68106430769
2026-06-09 13:00:00,17175,19212.40856604849,18680.02,20362.899834706146,20228.456878125668
2026-06-09 14:00:00,17535,19486.884649725056,18986.656,20672.867765497325,20572.096223592758
2026-06-09 15:00:00,17071,19248.707605020318,18834.896,20619.757026455278,20483.69573009014
2026-06-09 16:00:00,17017,18557.408359847286,19118.26,20182.022283396338,20325.20733976364
2026-06-09 17:00:00,15615,17389.910501302034,18301.99,19380.179044183875,19955.790298342705
2026-06-09 18:00:00,14798,15696.56058114818,17714.123,17961.251077529647,19138.883555293083
2026-06-09 19:00:00,10684,12771.852938424803,16062.756,14981.074759753952,17707.161812484264
2026-06-09 20:00:00,2454,7479.972283156498,9818.053,8799.617488158823,9927.695858061314
2026-06-09 21:00:00,-42,1943.9673623276767,2211.1826,1649.9711367582338,2042.9779597073793
2026-06-09 22:00:00,-64,1524.1149517448393,239.02153,1184.2860680642168,240.25907588750124
2026-06-09 23:00:00,-59,1342.151889609313,163.2964,1060.349540762188,224.92996641248465
2026-06-10 00:00:00,-58,1193.765572408969,174.86299,859.0954713273003,217.62910292111337
2026-06-10 01:00:00,-57,1008.1812701303261,72.13242,667.1008839567354,179.78754212521017
2026-06-10 02:00:00,-58,795.9458515154147,16.489958,467.45023784806943,95.39375748345628
2026-06-10 03:00:00,-57,580.7479837266428,10.327062,286.5417597051286,0.0
2026-06-10 04:00:00,-58,366.1742978056327,29.26823,98.42271070359168,11.14231392974034
2026-06-10 05:00:00,-59,180.88437920786328,298.0554,0.0,165.0458261235617
2026-06-10 06:00:00,62,0.0,521.2455,0.0,731.3501670137048
2026-06-10 07:00:00,5001,6537.373319813691,2837.096,8099.144701296536,2367.9712464511395
2026-06-10 08:00:00,13459,10838.974062449874,6052.114,13087.412365989727,6250.282320648432
2026-06-10 09:00:00,17294,13873.72431292306,14541.871,16178.618555761055,17074.502830028534
2026-06-10 10:00:00,19626,15852.244727676618,17560.703,17782.256279940462,18905.97455227375
2026-06-10 11:00:00,21029,16432.922867196634,18302.602,18020.138928787077,19674.238378584385
2026-06-10 12:00:00,21168,18704.31237020188,18949.176,19924.514755688953,20604.270893096924
2026-06-10 13:00:00,21200,19805.089790905848,19164.117,20839.780271477197,20786.116679787636
2026-06-10 14:00:00,21938,20131.880071127103,19641.535,20867.37116755316,20574.92039680481
2026-06-10 15:00:00,21982,19749.44608471779,19257.785,20672.407727072332,20356.112337350845
2026-06-10 16:00:00,20956,19012.861474640158,19270.707,20230.932660651484,20291.683660030365
2026-06-10 17:00:00,19941,17752.0718880941,18627.805,19312.753556770556,20159.203754901886
2026-06-10 18:00:00,17877,16006.956189515397,18275.695,17845.97455554297,18890.071105718613
2026-06-10 19:00:00,11606,13092.12498005772,17015.004,14916.27960455801,17917.69622170925
2026-06-10 20:00:00,2515,7786.606766237483,10888.6875,8681.172387940056,11526.871992230415
2026-06-10 21:00:00,-45,2047.4330584321042,2336.4448,1316.0506121717453,2173.539388179779
2026-06-10 22:00:00,-66,1688.7924021883573,485.26392,1020.256462309722,505.32010632380843
2026-06-10 23:00:00,-62,1373.9395413465418,208.80682,753.835374622393,277.8566224668175
2026-06-11 00:00:00,-61,1383.0017522421313,141.47934,723.2351103602199,230.6648858487606
2026-06-11 01:00:00,-60,1279.2900622234301,116.09753,537.2667094466204,151.8765704156831
2026-06-11 02:00:00,-60,1051.99253069929,81.75166,338.67702380981314,63.378319644369185
2026-06-11 03:00:00,-61,710.5660675525914,76.08563,84.89211059278912,76.87527829129249
2026-06-11 04:00:00,-61,648.7296521876997,0.0,233.794519884921,0.0
2026-06-11 05:00:00,-61,385.43890587773467,29.446608,117.56530322555356,11.66972105205059
2026-06-11 06:00:00,76,591.8791923060189,1202.7076,305.3741305791889,1508.942607998848
2026-06-11 07:00:00,4915,5970.9774840065475,1852.7086,7177.5357114506805,1752.7187946885824
2026-06-11 08:00:00,14223,10899.030152222293,7020.1226,12586.80723992754,6933.800940096378
2026-06-11 09:00:00,18168,13452.454973945212,14860.839,15333.36322672526,16928.703699469566
2026-06-11 10:00:00,20110,15337.858685768548,18075.656,16910.26845638365,19327.32344865799
2026-06-11 11:00:00,20895,16554.678667841614,18879.523,17763.233713356072,19607.94311952591
2026-06-11 12:00:00,21497,17696.941688517123,19301.6,18675.677603897973,20197.552856326103
2026-06-11 13:00:00,21536,18451.714252213198,19659.742,19233.705191773464,20659.369378209114
2026-06-11 14:00:00,21502,19732.567332710205,19451.758,20318.488327476905,20626.386976003647
2026-06-11 15:00:00,20912,19914.550749558046,19480.666,20538.346404989752,20936.815673708916
2026-06-11 16:00:00,19865,19551.39324810808,19628.064,20436.769624992376,21329.92246079445
2026-06-11 17:00:00,17447,18184.25384804052,18848.516,19382.052227767712,20815.508093833923
2026-06-11 18:00:00,14217,16317.911552400037,18251.936,17839.661639546095,19397.26086831093
2026-06-11 19:00:00,8904,13404.063100780899,16433.61,14958.075201784668,17949.5780313015
2026-06-11 20:00:00,2127,8002.262316948463,10405.869,8794.349833308279,10909.599384188652
2026-06-11 21:00:00,-44,2335.1549203302484,2117.2603,1473.1458821222645,2066.064554154873
2026-06-11 22:00:00,-54,2064.5700492887727,602.33203,1183.6696605773695,542.5807347558439
2026-06-11 23:00:00,-50,1758.9052259460223,358.67535,1064.8228958673621,268.2313709333539
2026-06-12 00:00:00,-50,1244.1217103854315,101.88916,707.1459265149678,23.636802738532424
2026-06-12 01:00:00,-49,1085.6602248013178,58.922417,589.3779308596838,60.93413806334138
2026-06-12 02:00:00,-49,850.2557629006087,0.0,377.9713916482267,21.700112375197932
2026-06-12 03:00:00,-49,531.8836915587735,0.0,132.15669767735994,0.0
2026-06-12 04:00:00,-49,658.8899436365873,52.90895,228.08322042889753,0.0
2026-06-12 05:00:00,-50,1135.0468666348816,66.71497,711.9851054842464,0.0
2026-06-12 06:00:00,8,737.8453431725757,1483.8867,352.2808785922901,1766.1289915889502
2026-06-12 07:00:00,4023,6288.027286711544,2178.4646,7407.408102631716,3419.1740575134754
2026-06-12 08:00:00,13097,10717.08599433699,7206.791,12300.783943805127,7411.585881590843
2026-06-12 09:00:00,18001,14364.204556098299,15149.642,16142.178319507564,16807.19303405285
2026-06-12 10:00:00,19310,16624.186484006343,18286.014,18237.962027401954,20302.01612830162
2026-06-12 11:00:00,20777,17907.817475299416,19094.607,19211.70438162934,20570.074630856514
2026-06-12 12:00:00,20851,20152.570142337612,19270.373,21042.843591932047,20390.025540709496
2026-06-12 13:00:00,20738,21025.569657382046,19515.69,21781.056904051937,20609.99338698387
2026-06-12 14:00:00,20581,21252.888094108435,19693.303,21870.747065835276,20684.090784668922
2026-06-12 15:00:00,20275,20617.760854336113,20015.879,21305.414922733533,21158.06361401081
2026-06-12 16:00:00,19544,19833.432329449686,19612.324,20768.837736495112,20945.653170347214
2026-06-12 17:00:00,18231,18387.1741730196,18585.957,19647.605428842537,20546.840334653854
2026-06-12 18:00:00,16132,16291.273143321872,17960.604,17787.952125140448,19042.353816509247
2026-06-12 19:00:00,10568,12953.977522736834,15510.259,14514.964418538897,17198.8716711998
2026-06-12 20:00:00,2388,7186.6517950410525,8726.526,7623.441626926307,8448.694609582424
2026-06-12 21:00:00,101,2289.94890252397,1569.0204,1356.165564672787,1647.1978401094675
2026-06-12 22:00:00,72,1831.1431923100781,47.355408,889.0782161231982,115.76871857326478
2026-06-12 23:00:00,-19,1706.1423350811965,151.65341,869.0967044307896,215.53988540545106
2026-06-13 00:00:00,-20,1666.811514025616,297.59653,853.7888071234427,350.8874320834875
2026-06-13 01:00:00,-19,1326.3314776041816,152.35768,639.469983193143,191.92990142293274
2026-06-13 02:00:00,-19,1097.2864012043801,128.90498,528.7935463072404,89.87440098449588
2026-06-13 03:00:00,-19,893.0793386434161,50.365685,340.74013461470116,0.0
2026-06-13 04:00:00,-21,677.492591169148,0.0,24.814093067601682,0.0
2026-06-13 05:00:00,-21,225.18751793648426,0.0,0.0,0.0
2026-06-13 06:00:00,86,847.5722551850467,1615.2677,550.8982401214315,1768.3298492580652
2026-06-13 07:00:00,4740,6930.337526872809,3016.1572,8355.612897108163,3353.035320162773
2026-06-13 08:00:00,14160,11389.104581962829,8857.431,13396.465213276806,9938.37750196457
2026-06-13 09:00:00,18936,14383.045466827083,15345.312,16260.379024008003,17388.274488329887
2026-06-13 10:00:00,20659,16550.321780327264,18281.354,18116.271317439663,19668.774445533752
2026-06-13 11:00:00,21823,17918.53217911978,19467.898,19113.86840139802,20917.432141423225
2026-06-13 12:00:00,22253,19519.692639370045,19665.174,20265.19920733435,21029.81181883812
2026-06-13 13:00:00,22077,20233.278762963302,19914.135,20939.60406842378,21360.997386217117
2026-06-13 14:00:00,22102,20353.76955492788,19786.826,20999.61300407247,21512.800498068333
2026-06-13 15:00:00,21698,20075.511360191158,19517.223,20856.299688607072,21385.901537656784
2026-06-13 16:00:00,20924,19458.178392640773,19784.31,20523.060115776603,21800.25271344185
2026-06-13 17:00:00,19779,18259.15862699394,18967.488,19650.231705668342,21247.761488437653
2026-06-13 18:00:00,17439,16564.889605240543,18255.29,18223.77731382718,19922.941806435585
2026-06-13 19:00:00,11256,13725.929924960492,16195.397,15355.850328934881,18064.205555200577
2026-06-13 20:00:00,2400,8479.800213766252,10347.207,9118.159360089503,11665.088087201118
2026-06-13 21:00:00,-32,2709.8841732870487,1905.5968,1710.2468881545392,2073.101991020143
2026-06-13 22:00:00,-67,2331.886924317967,140.94826,1197.7309784608062,111.2529564499855
2026-06-13 23:00:00,-64,1672.646420043152,170.05602,799.270457499441,130.09452590625733
2026-06-14 00:00:00,-63,1271.373573664343,14.722616,450.7764823318386,79.77565915649757
2026-06-14 01:00:00,-61,1038.2941778268787,0.0,339.01022645499,7.7130599251249805
2026-06-14 02:00:00,-61,883.5707196853309,0.0,161.96347768395475,0.0
2026-06-14 03:00:00,-62,793.32601107555,0.0,153.75124682534565,0.0
2026-06-14 04:00:00,-63,656.9495573305039,0.0,23.452202195592598,0.0
2026-06-14 05:00:00,-63,705.3942190469343,0.0,305.31792361824444,0.0
2026-06-14 06:00:00,41,758.1662491436437,444.58862,245.7953626941792,530.5011351704597
2026-06-14 07:00:00,4744,7161.367239456498,1665.493,8648.123844049633,2165.4284688308835
2026-06-14 08:00:00,14262,11309.3537166447,8180.1626,13430.055147256406,9003.149844616652
2026-06-14 09:00:00,18900,14273.528425223994,14991.39,16331.302772637131,17358.794404566288
2026-06-14 10:00:00,20945,16528.59402041968,18047.049,18363.2644856907,20607.146759092808
2026-06-14 11:00:00,21861,17950.03318662375,19480.879,19458.57721183729,21251.454136371613
2026-06-14 12:00:00,22007,19178.848666318678,19500.24,20327.883664891204,21238.73413145542
2026-06-14 13:00:00,22026,19855.58926927969,19665.137,20773.78430604978,21337.496547102928
2026-06-14 14:00:00,21971,20314.282704982914,19585.037,21142.766251125442,21349.209827959538
2026-06-14 15:00:00,21269,20297.88893693538,19475.883,21182.52240563109,21357.796826064587
2026-06-14 16:00:00,20378,19644.741783873116,19481.863,20766.285309578376,21513.78600001335
2026-06-14 17:00:00,19576,18376.7706635625,19045.762,19831.489293560426,21213.775598347187
2026-06-14 18:00:00,17365,16592.907388943164,18264.518,18288.34581260004,19621.748271882534
2026-06-14 19:00:00,11294,13607.147904355894,16693.38,15263.826170808848,18412.834494948387
2026-06-14 20:00:00,2604,8172.614798199866,10849.944,8919.7332933153,11791.256211042404
2026-06-14 21:00:00,-43,2311.9875549319604,1909.642,1376.4086241151622,2042.293449394405
2026-06-14 22:00:00,-69,1960.438846062204,143.8601,1062.2041202705248,174.29347573127598
2026-06-14 23:00:00,-64,1540.382526753935,28.57171,863.6038433108097,0.0
2026-06-15 00:00:00,-62,1447.4865548689659,13.76849,737.4533925244102,118.01492523914203
2026-06-15 01:00:00,-62,1269.7189262036345,0.0,617.412213501666,63.51927588577382
2026-06-15 02:00:00,-62,1157.7581357113113,0.0,495.70517923856755,0.0
2026-06-15 03:00:00,-63,937.1986223640379,0.0,349.24636622469126,0.0
2026-06-15 04:00:00,-63,741.8838856636903,0.0,201.46747074892303,0.0
2026-06-15 05:00:00,-63,587.9899658940658,25.831987,133.17381095670333,9.150286961637903
2026-06-15 06:00:00,27,797.4932894639369,734.058,402.0346886754275,908.92119852826
2026-06-15 07:00:00,4541,7025.1485938898,1831.6464,8566.183267881792,2030.4825136512518
2026-06-15 08:00:00,14380,11372.087664104398,8456.529,13554.604676225437,9212.549775391817
2026-06-15 09:00:00,18985,14401.937858781908,15956.282,16548.706970733634,18183.518936038017
2026-06-15 10:00:00,20843,16439.83197820306,18242.178,18308.78674227935,20592.02334970236
2026-06-15 11:00:00,21771,17670.160903850003,19351.676,19160.894122349266,21010.304595828056
2026-06-15 12:00:00,22362,18885.958672210596,19361.568,19981.415986731445,21342.05532258749
2026-06-15 13:00:00,22341,19663.696105060917,18651.28,20612.2011242443,20522.902794241905
2026-06-15 14:00:00,22029,20066.609608053113,18929.422,20922.40385650118,20814.21551012993
2026-06-15 15:00:00,21280,19887.99555974186,19368.053,20928.257509554936,21397.070197105408
2026-06-15 16:00:00,20088,19158.13161014847,19507.215,20483.828190924974,21301.784005522728
2026-06-15 17:00:00,19090,17902.834165717446,18317.066,19463.732063250533,20382.26405954361
2026-06-15 18:00:00,17108,15915.083028569206,17839.121,17695.574239117203,19114.939984202385
2026-06-15 19:00:00,11665,13015.44902858926,16117.405,14798.077684641383,17779.549773573875
2026-06-15 20:00:00,2571,7852.53437366334,10002.631,8635.913944383463,11029.321027994156
2026-06-15 21:00:00,-41,1940.90809762146,1912.9626,941.3986928336175,2056.21687451005
2026-06-15 22:00:00,-67,1702.4075056016964,68.08332,712.87962745827,143.44678808469325
2026-06-15 23:00:00,-63,1411.2062393789174,0.0,517.2961849036366,3.222729115455877
2026-06-16 00:00:00,-62,1270.116177887805,0.0,391.2783654248854,22.001113641774282
2026-06-16 01:00:00,-61,1024.5535512905499,0.0,199.94057109356535,11.970442413934506
2026-06-16 02:00:00,-62,694.2164980012103,0.0,0.0,0.0
2026-06-16 03:00:00,-61,577.8436357746996,0.0,0.0,0.0
2026-06-16 04:00:00,-62,397.8930136324284,0.0,0.0,0.0
2026-06-16 05:00:00,-62,0.0,0.0,0.0,0.0
2026-06-16 06:00:00,37,142.85714374243707,174.8039,0.0,259.33961284160614
2026-06-16 07:00:00,4533,6130.460609848869,803.52405,7311.101383048091,583.353891838342
2026-06-16 08:00:00,14154,10911.344884289967,6789.6763,12961.123248376907,6654.846586704254
2026-06-16 09:00:00,19003,13744.064921962461,13817.991,15711.93311446877,15016.495467424393
2026-06-16 10:00:00,20867,15949.340490964205,17534.102,17733.540275074036,19113.932327628136
2026-06-16 11:00:00,21595,17321.16257442168,18751.838,18732.599329078646,20494.152592778206
2026-06-16 12:00:00,22170,18641.47769412936,19245.535,19715.578360811916,20743.522270202637
2026-06-16 13:00:00,21891,19466.13912328912,19399.125,20336.923000680014,21131.576681613922
2026-06-16 14:00:00,21187,20003.4813275803,18872.232,20954.468207355047,20300.7718334198
2026-06-16 15:00:00,20526,19936.309024953265,18995.83,21096.985798962574,21077.27652132511
2026-06-16 16:00:00,19976,19230.907443709773,19346.916,20491.266826209292,21185.189076304436
2026-06-16 17:00:00,18859,17926.106397174357,18026.148,19510.39607735122,20137.728734493256
2026-06-16 18:00:00,16587,16297.822329170667,17567.861,18118.222424542153,18986.746341347694
2026-06-16 19:00:00,10926,13349.026961533134,15913.837,15076.657747266101,17327.55448758602
2026-06-16 20:00:00,2470,8079.115964037292,10341.474,8858.057320637012,11680.19653236866
2026-06-16 21:00:00,-42,2090.5504353636206,1871.7289,1121.8650214808433,2088.454220831394
2026-06-16 22:00:00,-66,1479.2132599467595,263.0472,568.8656050444908,238.69402419403195
2026-06-16 23:00:00,-63,1241.2761905586021,314.86646,408.36566710578506,333.57581193745136
2026-06-17 00:00:00,-61,1062.5405597010695,0.0,209.23286783157337,59.41968109784648
2026-06-17 01:00:00,-61,953.3839956161974,1.9994141,154.01549357586217,14.630561843630858
2026-06-17 02:00:00,-61,786.0013871003985,0.0,45.18506305261742,0.0
2026-06-17 03:00:00,-60,594.6037645293818,0.0,0.0,0.0
2026-06-17 04:00:00,-61,393.8018989463294,0.0,0.0,0.0
2026-06-17 05:00:00,-61,0.0,0.0,0.0,0.0
2026-06-17 06:00:00,26,49.043007607940126,104.99693,0.0,151.8252554833889
2026-06-17 07:00:00,4528,3286.034987142122,187.69695,3577.743148680618,0.0
2026-06-17 08:00:00,13561,7994.341266624873,5637.4004,8916.655175599088,6588.557845652103
2026-06-17 09:00:00,17701,12604.031629350604,13122.617,13990.820800973182,14735.824458003044
2026-06-17 10:00:00,19107,15913.789555686737,16996.691,17400.228622617666,18882.034029006958
2026-06-17 11:00:00,20978,17715.23092968612,18911.14,19104.340524562864,20324.15719664097
2026-06-17 12:00:00,21522,18673.863146026208,19533.922,19849.311427221073,20953.707968831062
2026-06-17 13:00:00,21737,19526.86457596939,19739.285,20504.883096572335,20949.47874355316
2026-06-17 14:00:00,22039,19779.779580602706,19568.291,20683.738818455502,20762.09593999386
2026-06-17 15:00:00,21759,19516.432836576067,19539.271,20530.452133826537,21054.332341074944
2026-06-17 16:00:00,20862,18763.604738940772,19317.896,20097.12215736696,20745.69752883911
2026-06-17 17:00:00,19731,17672.624314819168,18446.86,19267.101453528947,20212.69918334484
2026-06-17 18:00:00,17460,15983.968777179944,17584.752,17832.858553929673,19190.679504275322
2026-06-17 19:00:00,11743,13152.078901759647,15380.187,14879.77667706415,17310.502965688705
2026-06-17 20:00:00,2543,8018.436646424434,10368.511,8827.701837648829,11818.376105189323
2026-06-17 21:00:00,-32,2155.5298566587335,1934.2147,1288.7354400437466,2153.720976859331
2026-06-17 22:00:00,-66,1584.2139684883623,287.55542,822.4170469773347,252.2356798108667
2026-06-17 23:00:00,-61,1089.0310494811174,186.57396,597.8378038075804,118.13394636288285
2026-06-18 00:00:00,-60,623.202205592419,0.0,236.6280340591516,0.0
2026-06-18 01:00:00,-59,613.0168468914353,0.0,277.30064948337304,0.0
2026-06-18 02:00:00,-59,458.1172054799408,0.0,155.21286331140482,0.0
2026-06-18 03:00:00,-59,373.2742431181273,0.0,67.46128829798096,0.0
2026-06-18 04:00:00,-60,316.0573837325842,0.0,19.73968478068385,0.0
2026-06-18 05:00:00,-60,293.7747814697177,0.0,0.0,0.0
2026-06-18 06:00:00,43,286.9918013041679,125.40433,0.0,167.36892669741064
2026-06-18 07:00:00,4568,2953.2025650758724,318.87177,3196.7123265501205,117.8238749569282
2026-06-18 08:00:00,13870,7031.609828400444,4449.3755,7685.715888673847,4907.4028106331825
2026-06-18 09:00:00,18558,11459.98706395126,12950.587,12476.158830874647,14360.508371829987
2026-06-18 10:00:00,20710,15087.795802701465,16467.398,16106.37106126457,16898.921905875206
2026-06-18 11:00:00,21672,18016.474585625012,17754.842,19028.014642466824,18874.892462968826
2026-06-18 12:00:00,22051,21042.35207488569,18754.172,22026.768310517255,21131.386079907417
2026-06-18 13:00:00,22179,21252.99156834122,19362.742,22270.12350248993,21304.94559466839
2026-06-18 14:00:00,22112,21456.20684347368,19809.684,22324.969334986617,20945.526757121086
2026-06-18 15:00:00,22188,19385.115412803236,19590.23,20400.84301380616,20999.47903597355
2026-06-18 16:00:00,21536,18659.262827984527,19295.643,19836.588594853765,20708.00637459755
2026-06-18 17:00:00,20412,17404.936244102246,18079.938,18931.27965007738,20134.883037686348
2026-06-18 18:00:00,18001,15598.349178068529,16896.908,17265.38534198989,18247.64090716839
2026-06-18 19:00:00,11743,12828.5079156073,14133.54,14506.856409035949,16187.053855419159
2026-06-18 20:00:00,2584,7665.352880869306,9551.067,8457.533302005166,10700.70435923338
2026-06-18 21:00:00,-23,1701.8998877485856,2005.6953,1021.3757252588963,2454.1699123084545
2026-06-18 22:00:00,-62,1040.3871165601086,120.32345,436.58100165472416,146.12732243165374
2026-06-18 23:00:00,-57,827.629200869962,0.0,446.1615342539468,0.0
2026-06-19 00:00:00,-57,424.99740927835137,0.0,201.56862935783568,0.0
2026-06-19 01:00:00,-56,459.07445862271106,0.0,221.62948920245032,0.0
2026-06-19 02:00:00,-56,281.2098009698293,0.0,176.67746817312297,0.0
2026-06-19 03:00:00,-56,212.17627317114284,0.0,193.29640016963612,0.0
2026-06-19 04:00:00,-55,170.7130692920714,0.0,179.16096791906867,0.0
2026-06-19 05:00:00,-56,0.0,0.0,0.0,0.0
2026-06-19 06:00:00,64,322.24569189582235,405.48846,315.315481497696,319.09322700463235
2026-06-19 07:00:00,4757,3514.522320280801,841.14905,4222.076151489584,487.39509615674615
2026-06-19 08:00:00,14285,7224.6350952839875,6049.983,8151.8167591178835,7093.864295661449
2026-06-19 09:00:00,19011,11331.683870443067,13252.761,12435.523738426957,14460.863502502441
2026-06-19 10:00:00,20610,15231.99009993788,16821.586,16559.335953836537,18227.2811794281
2026-06-19 11:00:00,21292,18355.782094163413,18086.863,19807.98525791993,20233.610723018646
2026-06-19 12:00:00,21762,19959.11054582535,18984.23,21388.790694255436,20583.692742705345
2026-06-19 13:00:00,21948,20627.36901985995,19680.254,21962.55779665664,20992.765324115753
2026-06-19 14:00:00,22170,19754.443077065698,19515.988,21064.025221387194,20984.8733471632
2026-06-19 15:00:00,21864,19356.12999932359,19030.455,20744.973057646446,20928.519220232964
2026-06-19 16:00:00,20348,18880.83811800234,19654.484,20500.150916006573,21237.104715943336
2026-06-19 17:00:00,18875,17661.033958514032,18368.055,19594.9041942683,20526.268313884735
2026-06-19 18:00:00,17532,15954.340856045921,17714.545,18157.050249133008,19502.646514177322
2026-06-19 19:00:00,11949,13217.960102571506,16115.975,15332.2272206625,17514.630728960037
2026-06-19 20:00:00,2768,8042.352418125562,10589.828,9191.139446487037,12330.333621740341
2026-06-19 21:00:00,-19,2039.5646494372759,2513.1992,1402.7454522489365,3006.0115023851395
2026-06-19 22:00:00,-61,1454.4861839786872,91.77943,897.5733346524025,163.78533554356545
2026-06-19 23:00:00,-57,1146.540839319091,222.05858,803.273695540988,232.44811123609543
2026-06-20 00:00:00,-55,533.0740344873293,0.0,145.342677481778,0.0
2026-06-20 01:00:00,-54,493.5486137335474,0.0,172.6581903757061,0.0
2026-06-20 02:00:00,-55,338.6451982320009,0.0,2.6645529454388703,0.0
2026-06-20 03:00:00,-55,348.2651580934744,0.0,0.0,0.0
2026-06-20 04:00:00,-55,285.39821029616314,0.0,0.0,0.0
2026-06-20 05:00:00,-56,0.0,0.0,0.0,0.0
2026-06-20 06:00:00,72,41.16505543697076,231.0751,0.0,248.73331097513437
2026-06-20 07:00:00,4926,6475.316542337374,925.9075,8387.910350140788,795.0294576957822
2026-06-20 08:00:00,13330,11013.933058838951,7622.3823,13791.974627339512,9030.809486567974
2026-06-20 09:00:00,16765,13554.43383171529,13674.921,16024.544056889337,16151.741890311241
2026-06-20 10:00:00,17972,16003.857482054511,16995.12,18172.218104609048,18699.193677306175
2026-06-20 11:00:00,19698,17565.33671940369,18235.361,19444.335017766454,20213.49624502659
2026-06-20 12:00:00,19656,19143.37062332369,18799.582,20657.167675453784,20217.780118346214
2026-06-20 13:00:00,19252,20001.78698395148,18964.73,21298.382742316808,20559.956832289696
2026-06-20 14:00:00,19560,19965.686512669017,19516.432,21250.643783377567,20689.96718931198
2026-06-20 15:00:00,18271,19442.86826493755,18907.121,20841.88100399804,20590.471765637398
2026-06-20 16:00:00,17873,18869.043142204704,19204.168,20533.0039159724,21003.429689526558
2026-06-20 17:00:00,16853,17623.24753769597,18418.016,19641.434737345913,20805.855692625046
2026-06-20 18:00:00,17052,15989.747914356187,18133.66,18296.087404522637,19777.604803919792
2026-06-20 19:00:00,12361,13189.621466774937,16271.656,15415.231293440913,17739.654037356377
2026-06-20 20:00:00,2868,8088.037111588588,10713.917,9341.892989853826,12211.354171872139
2026-06-20 21:00:00,-16,1809.8948362633491,2537.8926,1212.9373026754783,2891.0276907384396
2026-06-20 22:00:00,-62,1210.5126965871486,183.54884,636.6368561000205,188.69056618586183
2026-06-20 23:00:00,-59,1057.0097545376238,195.54613,593.1244727524323,79.88737204251811
2026-06-21 00:00:00,-56,624.5693065061887,15.371098,243.71658616516675,0.0
2026-06-21 01:00:00,-55,337.2661313859262,0.0,0.0,0.0
2026-06-21 02:00:00,-56,290.18096854897476,0.0,0.0,0.0
2026-06-21 03:00:00,-55,225.58649444403636,0.0,0.0,0.0
2026-06-21 04:00:00,-56,159.6852781358648,0.0,0.0,0.0
2026-06-21 05:00:00,-55,146.7732651829574,0.0,0.0,0.0
2026-06-21 06:00:00,75,273.28612016992884,325.50342,0.0,446.11937192827463
2026-06-21 07:00:00,5025,6660.935714988676,1849.3748,8299.812188590444,2015.5174122154713
2026-06-21 08:00:00,13463,10860.306376987572,7663.332,13476.635173752195,8497.54056662321
2026-06-21 09:00:00,17210,13331.235062867327,13891.632,15514.620244819938,16292.871124505997
2026-06-21 10:00:00,18209,16210.49586211376,16965.105,18220.363953085016,18823.640597105026
2026-06-21 11:00:00,18915,18149.842256882876,18494.95,19815.576811840172,20353.539182782173
2026-06-21 12:00:00,18865,19204.123617116165,19370.945,20647.993061083598,20970.371622920036
2026-06-21 13:00:00,18962,19757.0735849684,19451.92,20972.943571217806,20578.985013842583
2026-06-21 14:00:00,19526,19724.84567195917,19356.857,20870.43457824999,20621.142645835876
2026-06-21 15:00:00,18876,19321.213669119243,18817.812,20589.565388718074,20546.624042987823
2026-06-21 16:00:00,18186,18700.937483794314,18941.541,20238.0301439108,20802.886038064957
2026-06-21 17:00:00,18141,17538.257712224808,18402.91,19413.726285575758,20411.679367661476
2026-06-21 18:00:00,17790,15856.251893168388,18095.234,18053.764468473164,19636.22898709774
2026-06-21 19:00:00,12328,13069.042924161797,16437.791,15232.630448808224,17856.460894346237
2026-06-21 20:00:00,2950,7942.184262446095,10569.924,9157.001642513422,12204.12863445282
2026-06-21 21:00:00,2,1770.7138120115615,2472.6409,1166.7649171397518,2946.963960081339
2026-06-21 22:00:00,-48,1339.180508524737,279.3686,752.2505588750957,422.05953024700284
2026-06-21 23:00:00,-62,1228.5288542121361,397.17188,805.34766973301,281.01047705858946
2026-06-22 00:00:00,-60,1106.7466211079973,268.10266,686.8238929711529,214.82717923633754
2026-06-22 01:00:00,-59,843.0676954457731,184.98935,451.71426340023737,150.61373089067638
2026-06-22 02:00:00,-60,544.2302281927823,0.0,160.71820912706144,0.0
2026-06-22 03:00:00,-61,326.84659116879175,0.0,0.0,0.0
2026-06-22 04:00:00,-61,85.94577721872975,0.0,0.0,0.0
2026-06-22 05:00:00,-60,0.0,0.0,0.0,0.0
2026-06-22 06:00:00,47,0.0,139.06544,0.0,287.37112174741924
2026-06-22 07:00:00,4977,4989.069466839635,836.20355,6026.301387030323,484.56651851534843
2026-06-22 08:00:00,15092,8862.06442489561,7122.916,10164.716631302037,7461.620958209038
2026-06-22 09:00:00,19524,12833.67862892196,13413.946,14345.221697122131,14998.474942445755
2026-06-22 10:00:00,20947,16109.208327776334,17617.8,17802.885511925997,19271.224053382874
2026-06-22 11:00:00,21780,17699.665101734674,19244.568,19217.248007275542,20232.376477003098
2026-06-22 12:00:00,22087,18993.69204952704,19535.816,20314.91438637823,21109.78144311905
2026-06-22 13:00:00,22090,19649.380641088675,19799.207,20768.01654554779,21345.483778595924
2026-06-22 14:00:00,21868,19732.57596954075,19327.225,20757.73219184181,21017.08370268345
2026-06-22 15:00:00,21753,19497.311875012747,19178.516,20619.109363715404,20993.730328559875
2026-06-22 16:00:00,21255,19020.092065327088,19615.66,20395.366663487188,21173.35177731514
2026-06-22 17:00:00,20390,17929.12990860132,18585.412,19658.323393124243,20784.734890937805
2026-06-22 18:00:00,18206,16322.14803608616,18039.932,18291.219575873125,19769.243653535843
2026-06-22 19:00:00,12009,13481.709570129231,16523.248,15390.921763178256,18058.485374450684
2026-06-22 20:00:00,2749,8299.94582299001,11064.749,9267.582675835885,12540.130119681358
2026-06-22 21:00:00,-21,2089.9384451065443,2677.9314,1254.5245013200615,3057.6122493445873
2026-06-22 22:00:00,-64,1566.235718577991,305.04828,788.7584751176304,428.82489116862416
2026-06-22 23:00:00,-58,1377.58945906584,274.10345,733.1316108250218,340.6090815514326
2026-06-23 00:00:00,-57,972.5481095451241,41.915638,393.71286014190673,53.024069159757346
2026-06-23 01:00:00,-56,829.3344916572132,51.985405,271.1650027303506,70.76775619760156
2026-06-23 02:00:00,-57,697.1485848736356,83.77407,177.84903187868517,59.39325260510668
2026-06-23 03:00:00,-56,542.7130446411684,0.0,87.01307776978904,0.0
2026-06-23 04:00:00,-56,368.9432717741547,0.0,0.0,0.0
2026-06-23 05:00:00,-56,0.0,0.0,0.0,0.0
2026-06-23 06:00:00,43,0.0,792.5152,0.0,877.319578550756
2026-06-23 07:00:00,4602,2773.568540405473,2112.4312,3209.3487168430825,2222.527859687805
2026-06-23 08:00:00,14065,6814.599836111931,5176.5293,7617.57909683996,5668.074228107929
2026-06-23 09:00:00,18426,11290.941969737765,12934.079,12442.112182795308,14437.458146095276
2026-06-23 10:00:00,19564,14820.397588212574,16855.707,16074.491002632509,18262.13996565342
2026-06-23 11:00:00,20697,17428.686665411442,18322.1,18593.673181870385,19700.325808525085
2026-06-23 12:00:00,20516,19167.84031991953,19360.375,20101.095477395636,20466.924539208412
2026-06-23 13:00:00,21000,19065.732743495224,20053.055,19887.481137516737,21322.38365149498
2026-06-23 14:00:00,21630,19207.627204077067,19669.867,20039.99982238992,21192.40528357029
2026-06-23 15:00:00,21541,19198.281319652844,19406.422,20182.373598645016,21168.422790527344
2026-06-23 16:00:00,20062,19028.685949685125,19056.244,20058.312274925618,20709.026027083397
2026-06-23 17:00:00,17953,17576.475418873808,18096.176,18979.21633467067,19793.136843681335
2026-06-23 18:00:00,13999,15674.758480258071,17034.562,17297.69305826657,18301.108018040657
2026-06-23 19:00:00,7956,12768.27313674572,15574.184,14365.158258058651,17306.802893400192
2026-06-23 20:00:00,2174,7711.509443898733,10507.669,8392.157531526813,11244.217121243477
2026-06-23 21:00:00,-39,1744.8687942176475,2385.5786,843.4603469749391,2759.4751926362514
2026-06-23 22:00:00,-64,1269.759049082234,298.99265,482.5248328469751,366.0119238495827
2026-06-23 23:00:00,-59,1382.3458460414613,436.37918,604.189773375359,506.7862373404205
2026-06-24 00:00:00,-60,1094.3895643390879,332.15582,400.41020306946353,334.1778567507863
2026-06-24 01:00:00,-58,924.4345446039242,360.677,259.8772027705837,388.2000701017678
2026-06-24 02:00:00,-59,584.7860730562506,183.40598,56.61039935031452,127.90200266707689
2026-06-24 03:00:00,-59,358.46144620542964,90.22047,0.0,125.82415874674916
2026-06-24 04:00:00,-60,236.25141829260883,0.0,0.0,0.0
2026-06-24 05:00:00,-60,340.05348611406316,49.393856,0.0,0.0
2026-06-24 06:00:00,-40,212.7016532186458,1159.7837,0.0,1019.3161837980151
2026-06-24 07:00:00,2474,4650.9553598533985,2432.62,5499.1794249329505,2583.062983453274
2026-06-24 08:00:00,10059,8747.38346131302,6278.3223,10169.081613845248,7067.534602582455
2026-06-24 09:00:00,13883,12635.4151247203,12631.43,14171.814265419349,13638.239866018295
2026-06-24 10:00:00,16533,15803.421157672965,17084.166,17360.048343748313,18290.978137135506
2026-06-24 11:00:00,18824,17263.151776491693,18929.838,18786.339259697666,20526.58287334442
2026-06-24 12:00:00,19472,19281.15467555318,19362.58,20467.826997179392,21069.833724617958
2026-06-24 13:00:00,20263,20131.264081478752,19824.11,21145.148239318783,21524.121562600136
2026-06-24 14:00:00,20876,20175.03773789889,19896.89,21118.84767060967,21533.131825089455
2026-06-24 15:00:00,20697,19698.593741582168,19546.248,20695.63878713376,21160.554805397987
2026-06-24 16:00:00,20474,18946.50018135655,19121.3,20186.515716964594,20883.221325159073
2026-06-24 17:00:00,19140,17747.449755989815,18596.006,19360.29689853225,20476.71586883068
2026-06-24 18:00:00,17055,16085.265398263575,17832.383,17942.956433538082,19368.372277021408
2026-06-24 19:00:00,11276,13264.420453538514,16367.599,15051.209156934778,17518.078887104988
2026-06-24 20:00:00,2717,8219.138321890587,10937.836,9092.60494714567,12199.236968278885
2026-06-24 21:00:00,-22,2152.698857776498,2632.762,1340.0274679255303,3002.170811355114
2026-06-24 22:00:00,-63,1797.1252677331677,472.37524,1011.3903292115747,555.3775099776685
2026-06-24 23:00:00,-60,1412.268464615925,349.25253,742.1058558742245,415.3748085089028
2026-06-25 00:00:00,-60,1134.425456471924,295.38162,541.5853711646045,269.86004813946784
2026-06-25 01:00:00,-58,792.1332090836713,103.492424,266.59295371015975,152.80647315178066
2026-06-25 02:00:00,-59,518.6381730102448,38.86909,97.01716569631124,0.0
2026-06-25 03:00:00,-61,311.9776576169879,16.164854,0.0,0.0
2026-06-25 04:00:00,-61,237.5552124604228,0.0,0.0,0.0
2026-06-25 05:00:00,-61,0.0,0.0,0.0,0.0
2026-06-25 06:00:00,15,324.7053879226464,822.10547,123.18008192793877,811.997424736619
2026-06-25 07:00:00,4225,4579.889394892418,2050.6504,5608.057091865136,2312.6016610711813
2026-06-25 08:00:00,13402,8301.45235695684,4854.98,9640.137725283541,6180.180360674858
2026-06-25 09:00:00,18653,12630.41150951191,13289.599,14303.965811455942,14917.751787543297
2026-06-25 10:00:00,20905,15966.641580485877,17304.91,17681.073913740835,19029.60506772995
2026-06-25 11:00:00,21804,17760.60567415454,18801.225,19300.188024908206,20383.157088518143
2026-06-25 12:00:00,22224,18670.565680358657,19225.096,20081.896136298867,20682.239156484604
2026-06-25 13:00:00,22321,19545.06822388828,19427.879,20756.428494892505,21105.237658381462
2026-06-25 14:00:00,22092,19928.96813227,19549.883,21043.84049398992,21122.078585386276
2026-06-25 15:00:00,21759,19712.219565663145,19434.438,20900.20769404498,21229.79520714283
2026-06-25 16:00:00,20569,19212.17846649799,19556.312,20598.804770335435,21389.067591190338
2026-06-25 17:00:00,19804,18080.9894300578,18645.535,19795.247884867244,21207.24022758007
2026-06-25 18:00:00,17929,16339.339465035224,18109.617,18338.57607095837,19955.109640717506
2026-06-25 19:00:00,12147,13471.491415345507,16297.49,15441.425602921028,17607.45242714882
2026-06-25 20:00:00,2956,8308.457095547225,10679.037,9362.946077731856,12136.154467821121
2026-06-25 21:00:00,87,2024.8970672109435,2763.9539,1299.8840048899192,3170.5114381313324
2026-06-25 22:00:00,-12,1329.6109905672301,463.64307,731.6372541483707,526.4523264840245
2026-06-25 23:00:00,-42,1086.4136986809299,161.90932,619.0457303168463,192.98235347494483
2026-06-26 00:00:00,-41,992.7802253141635,206.16563,537.2846096804473,274.2709198426455
2026-06-26 01:00:00,-40,789.611694450593,114.56687,386.8463952038043,144.02339365147054
2026-06-26 02:00:00,-41,338.4292662507314,19.317879,160.34186923154004,23.18047471717
2026-06-26 03:00:00,-40,109.20225293222393,72.07277,49.308799408239786,16.634032674017362
2026-06-26 04:00:00,-42,0.0,0.0,0.0,0.0
2026-06-26 05:00:00,-42,0.0,0.0,0.0,0.0
2026-06-26 06:00:00,7,209.07352815140348,205.87422,80.37122810805101,203.5737437568605
2026-06-26 07:00:00,3429,4264.39854737914,933.7719,5240.023952221274,948.107452891767
2026-06-26 08:00:00,12478,8457.90298568923,6698.7905,10058.681143303373,7412.764276027679
2026-06-26 09:00:00,17200,12517.670765923029,13513.065,14597.721032752337,15037.996139645576
2026-06-26 10:00:00,19491,15902.41423269131,17149.334,18115.601537587336,17908.215255618095
2026-06-26 11:00:00,20796,17652.950500293853,18563.67,19651.884999529324,19758.78988301754
2026-06-26 12:00:00,20841,18858.921658793646,19183.521,20661.805962534072,20374.528029441833
2026-06-26 13:00:00,21171,19590.093767474915,18797.758,21181.15745117741,20332.159802556038
2026-06-26 14:00:00,21177,19695.62373981128,19111.643,21060.286278557178,20277.6063952446
2026-06-26 15:00:00,20906,19283.81398785433,19255.996,20891.567758359124,20916.11544764042
2026-06-26 16:00:00,20720,18780.50935094778,19314.117,20621.119329471097,20549.101865172386
2026-06-26 17:00:00,19879,17762.63285978231,18740.041,19954.688931298646,20816.06687915325
2026-06-26 18:00:00,17529,15978.985249964328,17479.654,18433.713352278482,18923.238652467728
2026-06-26 19:00:00,11495,12888.669995220062,15757.751,15228.306802307507,17228.12570786476
2026-06-26 20:00:00,2819,7663.898627950037,9908.141,8831.818098814527,11613.41529250145
2026-06-26 21:00:00,-22,2064.303436912407,2690.4626,1543.5881717607788,3089.9142403006554
2026-06-26 22:00:00,-64,1456.6197751224563,434.761,1093.3392043491292,556.5155387856066
2026-06-26 23:00:00,-61,1130.8166831141825,271.4955,830.3755404069432,303.3749382197857
2026-06-27 00:00:00,-60,900.0872853156579,230.52153,610.6110077917072,322.951703639701
2026-06-27 01:00:00,-58,661.9391482172414,48.76853,367.200272433099,69.5945935305208
2026-06-27 02:00:00,-59,560.6900784344471,6.8570805,382.32245742440125,0.0
2026-06-27 03:00:00,-59,447.6167519193259,0.0,287.3616581214655,0.0
2026-06-27 04:00:00,-59,420.1632318219613,0.0,192.32546599038108,0.0
2026-06-27 05:00:00,-59,309.1876710068941,0.0,46.692367419389,0.0
2026-06-27 06:00:00,27,311.9924476503188,710.08826,96.38278262557527,640.76361733675
2026-06-27 07:00:00,4314,5770.654551337513,2447.9067,7642.66401710297,2707.3261325508356
2026-06-27 08:00:00,12299,8606.758742321896,5650.6914,10960.47713948634,6804.550898373127
2026-06-27 09:00:00,15705,10357.782116645802,11536.779,12400.647900292775,12604.097651839256
2026-06-27 10:00:00,17165,13155.375574446254,13991.278,15212.19469977182,16525.693108320236
2026-06-27 11:00:00,17530,14773.344698857312,16005.954,16885.481654009855,17513.061930298805
2026-06-27 12:00:00,17958,19502.42393569273,18059.469,22906.013314308388,18745.8297829628
2026-06-27 13:00:00,17285,19959.91069715039,18589.41,22550.333196250263,18738.300349116325
2026-06-27 14:00:00,17373,20763.22331312867,18204.17,23630.826005413343,19272.65156686306
2026-06-27 15:00:00,17252,19861.92006356375,18373.936,22162.552354131047,19700.82163953781
2026-06-27 16:00:00,16652,18929.448961172926,18252.277,20876.405402990767,19541.208038449287
2026-06-27 17:00:00,15692,17603.77476222372,17682.969,19915.72122563694,19345.034897446632
2026-06-27 18:00:00,15407,15768.401953702065,16969.129,18377.22736479979,18455.627355337143
2026-06-27 19:00:00,11528,12694.275088879838,14543.821,15157.96177906356,16638.406693696976
2026-06-27 20:00:00,2776,7413.387681608698,9998.975,8841.464391535204,11443.024031281471
2026-06-27 21:00:00,-5,1541.6480894933384,2334.3774,1238.793455284245,2689.215471625328
2026-06-27 22:00:00,-53,1140.5460115047044,229.02144,822.4038192351062,130.15418300405145
2026-06-27 23:00:00,-59,776.170213731235,197.22528,628.5325636473418,160.82770813442767
2026-06-28 00:00:00,-57,520.8473515565183,44.42947,555.7464205784293,97.98490723315626
2026-06-28 01:00:00,-56,370.92815604626503,62.914974,447.8964545890126,121.4989349367097
2026-06-28 02:00:00,-57,320.4586253216062,74.04102,424.88722963502477,170.75593901518732
2026-06-28 03:00:00,-57,400.06171225953767,110.75744,528.026826443082,210.7795379050076
2026-06-28 04:00:00,-58,443.1732430938732,94.62115,570.0959870289839,149.60609514266253
2026-06-28 05:00:00,-58,434.86380686358916,104.419586,595.2913092285507,162.106251552701
2026-06-28 06:00:00,32,513.8561381887239,732.7144,639.6013017098991,833.9950942397118
2026-06-28 07:00:00,4481,3238.9473512707427,1906.1975,3858.3352791587504,3264.538725435734
2026-06-28 08:00:00,11553,7382.272966386085,6940.584,8421.968010556597,8508.788066625595
2026-06-28 09:00:00,13495,12760.957046751795,13449.909,14221.993875700597,15317.884749054909
2026-06-28 10:00:00,14560,16628.438690997562,15698.213,18744.530963627283,17481.80458331108
2026-06-28 11:00:00,16204,17367.00499351553,17218.576,19693.15248186382,19476.70468890667
2026-06-28 12:00:00,15703,21055.949403105413,17725.271,22788.962781930073,19771.27895987034
2026-06-28 13:00:00,14970,20656.145020196265,18142.926,22568.825249551755,18997.465354800224
2026-06-28 14:00:00,14329,19927.287379100395,17666.494,21942.097991808892,18582.866656780243
2026-06-28 15:00:00,14163,19989.531154294527,17907.896,21993.822992804202,18934.48815178871
2026-06-28 16:00:00,13590,19272.262302111216,17976.943,21388.35660907178,18808.57373213768
2026-06-28 17:00:00,14399,18030.676097902535,17562.479,20514.5411866832,19256.26515161991
2026-06-28 18:00:00,15216,16115.510980262137,16604.107,18668.57341537476,18093.46945130825
2026-06-28 19:00:00,11944,12854.820026892237,15850.09,15334.394268041247,17078.73262345791
2026-06-28 20:00:00,2980,7387.5254801685805,10388.193,8828.462218500532,11551.813620686531
2026-06-28 21:00:00,-12,1709.4652390978117,2443.5254,1497.9508651795045,2697.9379988461733
2026-06-28 22:00:00,-64,1354.2446243096656,309.8222,1113.607376792938,253.2174077220261
2026-06-28 23:00:00,-58,1085.2323552730395,318.4466,993.2679873521629,313.2803539596498
2026-06-29 00:00:00,-58,878.9338700886337,315.31766,817.3292777861826,285.42549318261445
2026-06-29 01:00:00,-57,624.908535209639,160.63695,548.3863824327353,109.02202060539275
2026-06-29 02:00:00,-58,492.6017233485254,87.06334,461.273971938961,9.85572954872623
2026-06-29 03:00:00,-58,271.5712612021284,0.0,237.33514512006107,0.0
2026-06-29 04:00:00,-58,0.0,0.0,0.0,0.0
2026-06-29 05:00:00,-59,0.0,0.0,0.0,0.0
2026-06-29 06:00:00,26,39.2862289319919,527.4142,0.0,584.9786714203656
2026-06-29 07:00:00,4567,2745.611033858555,833.2132,3425.3658738814206,1125.7293331325054
2026-06-29 08:00:00,13990,6928.031421840069,4766.0537,7937.2663308497185,6038.087454915047
2026-06-29 09:00:00,17901,11146.002534435425,13398.547,12367.339560209091,14580.254812002182
2026-06-29 10:00:00,19579,14711.209399702493,17046.023,15988.78180931159,17643.156258702278
2026-06-29 11:00:00,20184,17754.194923594827,17414.29,19000.4528190336,19126.990543842316
2026-06-29 12:00:00,20855,19755.065543172368,18102.186,20910.744827463837,18684.746601104736
2026-06-29 13:00:00,20405,21228.229722410273,18424.615,22386.86004565491,18729.131474018097
2026-06-29 14:00:00,19554,21968.9445625233,19223.203,23059.782999070314,21044.466370224953
2026-06-29 15:00:00,18560,20866.97700049502,19466.686,22120.563548623475,21353.2278059721
2026-06-29 16:00:00,18049,18913.842888777817,18994.654,20481.355590641673,20804.777393460274
2026-06-29 17:00:00,17060,17480.706159543122,18180.389,19506.697115908843,19519.78733897209
2026-06-29 18:00:00,17151,15641.450572107366,17524.059,17986.837053989635,18850.003612160683
2026-06-29 19:00:00,11734,12650.317325424596,15839.787,14887.455577745017,17402.11307680607
2026-06-29 20:00:00,2772,7630.665849799283,10622.048,8825.857065959093,11634.241527915001
2026-06-29 21:00:00,-25,1939.3746369090804,2680.7239,1605.8756201571057,2984.4258591234684
2026-06-29 22:00:00,-65,1274.3764313468273,433.7303,1103.544906707089,392.21424367278814
2026-06-29 23:00:00,-59,913.90793064237,266.81537,1020.6782177787724,203.9299765136093
2026-06-30 00:00:00,-57,955.0000387318505,271.38712,1071.8811591494368,234.2745929080993
2026-06-30 01:00:00,-57,962.7019743549299,169.12726,1033.9827508982955,149.11784487962723
2026-06-30 02:00:00,-56,719.182025644739,20.66331,826.6374467121942,0.0
2026-06-30 03:00:00,-58,578.0243604919206,0.0,673.3595433007494,0.0
2026-06-30 04:00:00,-59,504.32134229651365,0.0,563.9972871600385,0.0521521475748159
2026-06-30 05:00:00,-59,383.2727708927705,0.0,362.7525811109048,0.0
2026-06-30 06:00:00,20,559.0533189930593,542.6379,480.80967686427994,434.33847038447857
2026-06-30 07:00:00,4121,3472.457724857639,2177.3457,4008.2219928304967,2287.4830552339554
2026-06-30 08:00:00,12578,8339.016441407497,4272.414,9513.990390383135,3774.0090896487236
2026-06-30 09:00:00,16396,12609.404029437754,13024.041,14158.523786343905,14299.322558283806
2026-06-30 10:00:00,17805,15828.666385267497,16946.234,16997.77232276369,17705.052496790886
2026-06-30 11:00:00,19507,18039.957145524117,18451.56,19742.270754408204,19912.929349780083
2026-06-30 12:00:00,20014,20720.674109105392,18818.453,22163.87636472774,20818.61401104927
2026-06-30 13:00:00,19946,21390.294118256003,19739.438,22751.251196167927,20920.2460398674
2026-06-30 14:00:00,20727,21325.732176206286,19456.559,22554.567777284377,20555.40505027771
2026-06-30 15:00:00,20622,21127.071385468233,19621.617,22212.07459612691,20693.875190734863
2026-06-30 16:00:00,20043,19251.7338831921,18851.08,20616.058626887367,20331.82258415222
2026-06-30 17:00:00,17962,17229.62076535548,17677.863,18972.45273984101,19481.497722029686
2026-06-30 18:00:00,16447,14292.249912718853,16285.479,15460.156923022812,17166.42273724079
2026-06-30 19:00:00,11482,12274.191295249868,14232.182,13906.806998088407,16228.55970954895
2026-06-30 20:00:00,3105,7252.311084132871,9774.187,8187.6430060505945,10864.583839774132
2026-06-30 21:00:00,378,1519.477040394595,2453.9246,1090.585635941768,2903.545424491167
2026-06-30 22:00:00,338,975.2248325473483,428.25113,685.9000358706202,442.1490584090352
2026-06-30 23:00:00,271,681.1612001193853,168.42886,649.6024492394334,29.06628904840909
2026-07-01 00:00:00,25,449.5449440787088,51.152264,477.099997729456,56.43395389057696
2026-07-01 01:00:00,-27,363.2113661448402,147.83147,383.5102778666747,104.62776823807508
2026-07-01 02:00:00,-30,243.54182312917374,0.9614657,263.83544778525805,0.0
2026-07-01 03:00:00,-48,194.50601111051355,0.0,257.8168656551934,0.0
2026-07-01 04:00:00,-49,315.8506417302501,43.84372,342.9753420600065,73.32133902003989
2026-07-01 05:00:00,-49,131.43011387683055,0.0,61.40815457061418,0.0
2026-07-01 06:00:00,19,77.63986861793,449.1681,22.09396191032119,301.5968358926475
2026-07-01 07:00:00,4088,2551.2090972206433,388.22708,3049.5481874627017,678.8454717546701
2026-07-01 08:00:00,12942,6983.106338427668,5900.777,7960.798250924309,6052.9250646829605
2026-07-01 09:00:00,17582,11042.440243472964,11829.682,12127.66277270408,12313.511355042458
2026-07-01 10:00:00,19304,15251.062389587001,16900.309,16558.707126634312,17488.254385113716
2026-07-01 11:00:00,20397,18413.369370445722,17933.69,19670.634383640558,19298.0055924654
2026-07-01 12:00:00,20785,20818.8519987263,18836.28,22132.835353277565,20266.04900085926
2026-07-01 13:00:00,21210,21214.527920598925,19212.658,22598.647788977,20559.863530755043
2026-07-01 14:00:00,20855,22707.70594426922,19433.684,23853.031608909216,20869.07814538479
2026-07-01 15:00:00,20707,20582.835114551854,20008.637,21801.614319500342,21133.24544620514
2026-07-01 16:00:00,19728,19062.637174816264,19506.768,20576.120512904556,21170.945930600166
2026-07-01 17:00:00,18158,18014.865870995673,18367.371,19951.74825982888,20722.00427055359
2026-07-01 18:00:00,16891,15838.385710085837,17171.402,17839.379343544933,18394.14031112194
2026-07-01 19:00:00,12282,12549.618889313537,13934.613,14359.122044400234,16045.809993624687
2026-07-01 20:00:00,2941,7557.072893518307,10515.935,8504.556986472735,11327.119533419609
2026-07-01 21:00:00,-17,1678.2230950325747,2370.6357,1282.8170693447921,2799.391921699047
2026-07-01 22:00:00,-66,1190.5964870745183,390.33295,872.3113891783827,315.19872098229825
2026-07-01 23:00:00,-60,1170.1397553685747,350.41052,888.2366825133024,322.6397474594414
2026-07-02 00:00:00,-59,781.4411838494461,216.54498,613.0874843615272,182.28256263770163
2026-07-02 01:00:00,-59,707.6722348644416,179.66054,511.6104840299201,169.71660573687404
2026-07-02 02:00:00,-59,491.1565666613169,196.42455,344.6661042776067,132.50604811683297
2026-07-02 03:00:00,-58,325.44102182553297,2.7167323,218.76906229613138,0.0
2026-07-02 04:00:00,-59,57.125114903953545,0.0,46.22552650259958,0.0
2026-07-02 05:00:00,-60,125.09655629465487,0.0,163.84681264727232,0.0
2026-07-02 06:00:00,12,139.87420376037608,131.6641,202.2851366726085,194.42806908488274
2026-07-02 07:00:00,4362,2614.217330766467,752.8373,3081.383685262068,252.83959898538888
2026-07-02 08:00:00,14024,7499.038670741118,4329.414,8581.409196882545,4698.591310322285
2026-07-02 09:00:00,18259,12093.079750634399,14007.473,13471.031830418855,16006.492726922035
2026-07-02 10:00:00,20367,15648.606735887905,17124.941,17406.90942190847,19251.082917809486
2026-07-02 11:00:00,21328,18424.862460779885,17927.572,20085.666739484328,19929.92755651474
2026-07-02 12:00:00,22001,20222.073228313668,19642.736,21694.70409758924,20896.592767953873
2026-07-02 13:00:00,21992,19756.663985689513,19546.506,21187.348792025477,21224.417040109634
2026-07-02 14:00:00,21576,19797.405182718183,19351.982,21177.067727838923,20936.26591336727
2026-07-02 15:00:00,20971,19737.192329498008,19568.984,21132.842187164217,21331.685814499855
2026-07-02 16:00:00,20707,19127.050030617425,19063.348,20757.791783382658,21190.82448899746
2026-07-02 17:00:00,19897,17844.720172686568,18301.516,19814.010227319413,20797.563851952553
2026-07-02 18:00:00,18334,16067.36883501531,17621.729,18268.01048968984,19463.69578921795
2026-07-02 19:00:00,12460,13355.370479210964,16422.357,15502.142447195814,17875.49040877819
2026-07-02 20:00:00,2970,8304.382783508276,11052.543,9376.095128173742,12504.374305844307
2026-07-02 21:00:00,67,2000.0277405401348,2332.227,1292.6965271471954,2823.2781142294407
2026-07-02 22:00:00,-58,1517.6890845479356,197.18727,839.7909242916772,275.9926455505192
2026-07-02 23:00:00,-59,1237.8911776638015,209.81288,788.8369223084524,304.87848828546703
2026-07-03 00:00:00,-60,960.6620599192975,61.093277,533.5900935150543,71.11493995506316
2026-07-03 01:00:00,-57,569.840822018642,0.0,232.80971134929453,0.0
2026-07-03 02:00:00,-57,346.48343604099455,0.0,0.0,0.0
2026-07-03 03:00:00,-57,273.83758121807296,0.0,0.0,0.0
2026-07-03 04:00:00,-59,264.3739147792803,0.0,0.0,0.0
2026-07-03 05:00:00,-60,137.1640257443164,0.0,0.0,0.0
2026-07-03 06:00:00,5,171.618182690514,150.34323,0.0,135.64267701935023
2026-07-03 07:00:00,4415,6090.777084383215,747.8977,7520.118050173014,962.4811374396086
2026-07-03 08:00:00,14088,10750.123899531987,5532.0693,13030.118965116018,5582.74664247036
2026-07-03 09:00:00,18878,13895.202190162323,14532.7705,16259.037302583338,16509.382667183876
2026-07-03 10:00:00,20415,16104.331826829679,17494.293,18264.5098814788,19556.926681280136
2026-07-03 11:00:00,21222,17516.893654922238,18775.803,19347.45137800831,20571.167678117752
2026-07-03 12:00:00,21405,18930.812391623338,19213.15,20507.014211784663,21209.554105639458
2026-07-03 13:00:00,21547,19677.029256655103,19230.209,21073.28603521276,21286.07202708721
2026-07-03 14:00:00,21272,19891.99425749015,18463.066,21266.466257945664,20348.78613603115
2026-07-03 15:00:00,20841,20131.111863293838,19099.916,21418.954101808533,20707.727802872658
2026-07-03 16:00:00,20555,19201.234991947833,18962.02,20827.236640317304,20906.873264193535
2026-07-03 17:00:00,19476,17975.95950785616,18194.05,19881.117701365976,20321.415464401245
2026-07-03 18:00:00,17056,15708.625595313333,17006.861,17722.756928737137,18337.60224688053
2026-07-03 19:00:00,11319,12180.02545683984,15897.869,13651.306239445692,17406.45959544182
2026-07-03 20:00:00,2760,6458.894712121728,9336.958,6784.728055350083,9976.685116767883
2026-07-03 21:00:00,-23,1940.0722395966532,2762.2595,1252.581150265891,3204.214951425791
2026-07-03 22:00:00,-64,1452.624110655981,431.23752,838.0561084054444,482.2714673727751
2026-07-03 23:00:00,-61,1270.912341537888,376.69925,806.4675568339496,365.66500042006373
2026-07-04 00:00:00,-62,1155.6400551816814,172.71355,625.206072394698,251.86770105734468
2026-07-04 01:00:00,-58,657.7388589161565,0.0,155.24008884775026,0.0
2026-07-04 02:00:00,-58,352.2940500322161,0.0,0.0,0.0
2026-07-04 03:00:00,-59,92.28223485348144,0.0,0.0,0.0
2026-07-04 04:00:00,-59,36.60730080091935,0.0,0.0,0.0
2026-07-04 05:00:00,-60,63.85296419368433,0.0,0.0,0.0
2026-07-04 06:00:00,7,0.0,0.0,0.0,64.47234969120473
2026-07-04 07:00:00,3121,5227.412093571367,1130.0808,6721.687383958448,1135.9785067141056
2026-07-04 08:00:00,12027,9128.322088497694,5637.065,10770.07421934495,6515.977915406227
2026-07-04 09:00:00,16591,12240.31161771208,13679.342,13806.085739046166,15640.396165251732
2026-07-04 10:00:00,18913,15387.727347306783,17356.494,17469.649125975877,18920.431609153748
2026-07-04 11:00:00,20191,17593.849457925746,18225.88,19266.14908561513,19311.787562012672
2026-07-04 12:00:00,20510,20804.30464726219,18304.139,21866.48821335766,20298.312671542168
2026-07-04 13:00:00,20242,20834.99623373188,18710.96,22069.216228347766,20232.367146849632
2026-07-04 14:00:00,18985,20069.077791828066,17972.72,21536.0408766816,19146.645178556442
2026-07-04 15:00:00,17195,21489.61355563046,17095.578,23255.68565969309,17908.033984065056
2026-07-04 16:00:00,15697,21368.980567058356,16619.979,23983.23677028735,17652.249159693718
2026-07-04 17:00:00,12979,16557.202244366,15472.028,18468.653710142567,16042.125915884972
2026-07-04 18:00:00,9492,13213.437507591138,14046.015,14166.589028245786,14731.685868501663
2026-07-04 19:00:00,5739,9598.61500343825,12096.906,10185.715911214278,12455.433652281761
2026-07-04 20:00:00,1148,5252.521714477192,9149.895,5107.6230755085235,10877.255521059036
2026-07-04 21:00:00,-56,2344.297300742489,2237.8992,1404.9793946377415,2388.2747038006783
2026-07-04 22:00:00,-65,1680.3661586919552,454.31995,982.7521686401698,429.4879568517208
2026-07-04 23:00:00,-59,1448.9774869618022,198.39433,778.8490479859107,216.78730286099017
2026-07-05 00:00:00,-61,1105.9423315080003,79.50186,496.6714822983174,117.9060969343409
2026-07-05 01:00:00,-59,608.136053267267,0.0,40.756836606871545,0.0
2026-07-05 02:00:00,-60,870.6571623257933,0.0,236.83868368623794,0.0
2026-07-05 03:00:00,-60,1087.0416515517327,66.66833,502.4429899851387,137.59711508173496
2026-07-05 04:00:00,-62,555.028343031192,72.27548,320.97927905282336,57.59433445567265
2026-07-05 05:00:00,-62,830.3974158298606,256.2255,658.2067149765601,250.11594391800463
2026-07-05 06:00:00,-29,877.4215161920383,84.71845,776.5026366159134,69.77337114186957
2026-07-05 07:00:00,2081,3915.800564579735,4824.787,4396.186051538912,5069.248317718506
2026-07-05 08:00:00,8721,8018.310779489548,9729.776,9259.924711837004,11004.744737327099
2026-07-05 09:00:00,13812,9969.082878059922,12673.015,12410.06519260322,15455.607144355774
2026-07-05 10:00:00,17069,13322.626450897162,15670.154,16088.120233219348,17296.00124144554
2026-07-05 11:00:00,19294,17331.204334900816,18775.7,20437.518815813357,19598.392549037933
2026-07-05 12:00:00,20587,17793.387938271837,18734.066,19981.99248625067,19751.07784473896
2026-07-05 13:00:00,20950,18982.9312536784,19426.564,21088.486955999168,21033.55942082405
2026-07-05 14:00:00,21280,20303.83061130449,18799.402,21605.856654848754,20172.399584770203
2026-07-05 15:00:00,21132,19510.724451726393,19487.338,20818.87466498146,20653.229043602943
2026-07-05 16:00:00,20528,18781.897028865056,18330.191,20163.3077910417,19370.912744522095
2026-07-05 17:00:00,19524,17602.216720405442,18266.805,19323.742661583565,19397.062498927116
2026-07-05 18:00:00,17880,15894.652249530747,17795.334,17840.90431527922,19004.853503465652
2026-07-05 19:00:00,11716,12898.916880602686,16311.1455,14725.182578502312,17575.09545493126
2026-07-05 20:00:00,2742,7839.240861151931,10797.956,8678.896848368602,11493.286900877953
2026-07-05 21:00:00,-22,2226.9608218241337,2778.667,1400.2613742395754,3014.7691842913628
2026-07-05 22:00:00,-66,1774.1355656849028,362.82047,964.7617113405423,399.88046423345804
2026-07-05 23:00:00,-61,1391.3670423680333,459.31924,670.3670396049537,582.0339250378311
2026-07-06 00:00:00,-62,1020.8520355486517,52.914227,354.6929417406399,79.2357295495458
2026-07-06 01:00:00,-59,1020.3846329921125,46.891323,393.7600839495837,0.0
2026-07-06 02:00:00,-60,691.6261156479013,34.54881,76.22267739961234,27.61006399942562
2026-07-06 03:00:00,-59,521.3754543158102,0.0,23.397771417780636,0.0
2026-07-06 04:00:00,-61,344.17907189951075,0.0,0.0,0.0
2026-07-06 05:00:00,-61,303.80500407295585,30.253914,0.0,0.0
2026-07-06 06:00:00,-20,642.6002076329514,803.5377,431.93147233853307,832.7809247151017
2026-07-06 07:00:00,3857,5894.6607594178095,1416.9889,7253.174132263153,2384.208922818303
2026-07-06 08:00:00,13632,10518.841762954415,6315.0537,12794.235428806933,6754.707885682583
2026-07-06 09:00:00,18957,13627.297602757473,13947.348,16017.477007732221,15770.535811543465
2026-07-06 10:00:00,20799,16049.952590338013,17022.758,18330.484950393515,18440.752424955368
2026-07-06 11:00:00,21856,17731.038489901915,18691.498,19969.58019648602,19861.03770196438
2026-07-06 12:00:00,22340,19017.534363980263,19340.662,20706.287317301194,20752.501876473427
2026-07-06 13:00:00,22481,20159.763788601398,19223.488,21661.446354080137,20965.060099840164
2026-07-06 14:00:00,22342,20804.908726662103,18849.33,22358.126136445197,20609.729075193405
2026-07-06 15:00:00,22189,20939.378837598146,19484.312,22862.027985945133,20942.375788986683
2026-07-06 16:00:00,21568,19343.52550211581,19506.197,20978.899551410137,21010.687562525272
2026-07-06 17:00:00,20335,17978.178939828413,18707.123,19833.757819639784,20549.092661380768
2026-07-06 18:00:00,18375,16175.168700544822,18020.84,18312.258235586654,19193.436269700527
2026-07-06 19:00:00,12201,13260.730480107508,16062.395,15359.259453005032,17553.46863490343
2026-07-06 20:00:00,2826,8063.830015752008,10954.638,9108.088648505764,11996.560452222824
2026-07-06 21:00:00,-22,1861.2200274988363,2365.9153,1115.1894150392206,2677.803600586951
2026-07-06 22:00:00,-66,1401.5474134496226,214.18205,617.0281062328746,325.322824540548
2026-07-06 23:00:00,-60,1114.477379974308,148.35489,442.54005074489396,270.7242827722803
2026-07-07 00:00:00,-59,836.8937637895078,5.380918,265.9661598771959,80.49657878745347
2026-07-07 01:00:00,-58,598.7221578555664,0.0,108.94101745575284,0.0
2026-07-07 02:00:00,-59,637.1183448346083,10.513583,110.44579782722712,0.0
2026-07-07 03:00:00,-59,455.68157597728987,0.0,0.0,0.0
2026-07-07 04:00:00,-60,228.44318805650073,0.0,0.0,0.0
2026-07-07 05:00:00,-61,0.0,0.0,0.0,0.0
2026-07-07 06:00:00,-23,0.0,207.14732,0.0,214.81721645314246
2026-07-07 07:00:00,3795,5394.660227626993,275.487,6763.7478408536335,664.536762136966
2026-07-07 08:00:00,13682,10192.95904374366,5090.9443,12570.859602417104,5119.510161265731
2026-07-07 09:00:00,19015,13297.41204370365,13454.661,15845.542441665988,14941.059186279774
2026-07-07 10:00:00,20790,15550.159297277263,16854.97,17935.91179867064,18305.550710201263
2026-07-07 11:00:00,21629,17027.8250141191,18035.857,19128.27779224402,19580.617164731026
2026-07-07 12:00:00,22157,18584.574942268144,19466.16,20451.0659533988,21314.762052953243
2026-07-07 13:00:00,22149,19559.04894272945,20101.742,21176.245697898707,21720.589998602867
2026-07-07 14:00:00,22036,19987.68213753237,20220.0,21506.190035450334,21724.65011382103
2026-07-07 15:00:00,21851,20089.13420122916,19930.008,21630.357712726505,21432.03506410122
2026-07-07 16:00:00,21216,19377.39194418781,19633.922,21116.351493238202,21298.630129814148
2026-07-07 17:00:00,20060,18036.298404511588,19002.92,20161.76470860341,20826.484288990498
2026-07-07 18:00:00,17937,16222.888337511373,18018.709,18591.190184455467,19515.757159113884
2026-07-07 19:00:00,11775,13144.53944727817,16370.042,15408.716078659785,17711.726030230522
2026-07-07 20:00:00,2769,7897.8609319087045,9804.062,9129.029380360465,10587.469326347113
2026-07-07 21:00:00,-19,1873.486596695937,1521.9866,1234.9968612444516,1709.6391449421644
2026-07-07 22:00:00,-61,1489.926630065489,256.582,850.5090987991294,326.58482693787664
2026-07-07 23:00:00,-57,1061.0206231179209,44.977074,523.2866952098253,100.10910018347204
2026-07-08 00:00:00,-57,865.4341837652937,3.06345,376.28233232666526,76.57369554741308
2026-07-08 01:00:00,-58,605.6090442325803,0.0,169.20105885972495,27.900151500827633
2026-07-08 02:00:00,-57,356.65413412757607,0.0,0.0,0.0
2026-07-08 03:00:00,-58,206.85973806609763,0.0,0.0,0.0
2026-07-08 04:00:00,-58,75.27415238978028,0.0,0.0,0.0
2026-07-08 05:00:00,-58,0.0,0.0,0.0,0.0
2026-07-08 06:00:00,-22,0.0,190.4235,0.0,236.19399944599718
2026-07-08 07:00:00,3675,4869.580375285823,262.65515,6302.1290010370885,666.5093684457242
2026-07-08 08:00:00,13643,9551.19343030727,4984.139,11978.613387135965,5653.894017457962
2026-07-08 09:00:00,18977,13056.89130115699,12989.683,15709.871266684535,15131.742564499378
2026-07-08 10:00:00,20811,15558.045465414521,16865.201,18047.660888796316,18532.673287510872
2026-07-08 11:00:00,21476,17044.092687180317,18170.21,19221.940956931525,19981.310337603092
2026-07-08 12:00:00,21958,18545.006587746877,18868.76,20464.98612123449,20652.503661990166
2026-07-08 13:00:00,22001,19578.658758385616,19674.248,21259.54325270526,21497.322520792484
2026-07-08 14:00:00,21668,19975.855605766767,19884.844,21604.909505846903,21644.149954795837
2026-07-08 15:00:00,21544,20003.35995386865,20071.559,21769.805484400567,21710.770683646202
2026-07-08 16:00:00,20549,19569.447728477768,19883.092,21558.958684644378,21604.43318414688
2026-07-08 17:00:00,17766,18243.245964436985,18975.373,20495.86137747732,20866.415455162525
2026-07-08 18:00:00,16424,16355.127249218232,18196.373,18810.52330542099,19578.014939069748
2026-07-08 19:00:00,11281,13283.825690702386,16456.035,15665.20127345415,17630.06143552065
2026-07-08 20:00:00,2610,7943.306426290459,8822.135,9292.149129224656,9298.139539659023
2026-07-08 21:00:00,-26,1913.0745059333258,2258.3577,1453.8431332797836,2428.324260123074
2026-07-08 22:00:00,-65,1510.2783775713415,138.75833,1037.1323400336482,158.1121235168539
2026-07-08 23:00:00,-60,1328.534524293117,151.55319,924.5606266745888,127.62649338785559
2026-07-09 00:00:00,-61,1113.2582870288888,54.5083,737.1466267148618,0.0
2026-07-09 01:00:00,-59,1068.9596161843037,17.489489,663.2078356153619,90.51442944211885
2026-07-09 02:00:00,-59,927.7748261798397,36.2376,541.2260902918349,77.90459134988487
2026-07-09 03:00:00,-60,634.7976295131102,0.0,283.8884851706904,0.0
2026-07-09 04:00:00,-60,357.6880174002322,0.0,42.13926493844223,0.0
2026-07-09 05:00:00,-61,324.5363155159789,0.0,96.86173330544928,0.0
2026-07-09 06:00:00,-25,360.0451181014464,1.2221841,140.59827387588595,16.46249842364341
2026-07-09 07:00:00,3886,5633.1339169932635,2033.4634,7152.469177640509,2936.2485263347626
2026-07-09 08:00:00,14072,10674.237566791691,5976.7617,13131.030952651934,6870.321286469698
2026-07-09 09:00:00,19375,13873.752017785635,13916.617,16443.797295963694,16040.0854768157
2026-07-09 10:00:00,21160,16115.237779264473,17526.521,18489.130179298136,19266.601421892643
2026-07-09 11:00:00,21917,17619.79888176039,19068.922,19630.803609048507,21038.04175132513
2026-07-09 12:00:00,22337,19135.0146254842,19972.426,20834.247162452823,21584.23042601347
2026-07-09 13:00:00,22218,19937.391840131608,20040.799,21425.460546831157,21604.975872814655
2026-07-09 14:00:00,21465,20232.802102567868,20011.998,21695.292860445552,21664.80026358366
2026-07-09 15:00:00,20622,20262.442836616254,20238.51,21837.530354187387,21741.561900675297
2026-07-09 16:00:00,19583,19856.688742309023,20006.016,21574.819721955897,21599.90541869402
2026-07-09 17:00:00,19178,18424.930703174097,19007.791,20322.126961138514,20943.36066842079
2026-07-09 18:00:00,17719,16484.043364904,17965.746,18515.65008916081,19492.7083004117
2026-07-09 19:00:00,11926,13314.245097730993,15905.345,15264.284911351264,17196.84044188261
2026-07-09 20:00:00,2789,8175.268214375421,10036.65,9175.461252337464,11145.962294101715
2026-07-09 21:00:00,-3,2382.8229856561975,2184.337,1705.0810235750787,2266.759311363101
2026-07-09 22:00:00,-41,1957.211632350164,470.9871,1252.5731355996566,490.15284543298185
2026-07-09 23:00:00,-36,1778.075386521663,228.89082,1098.5419816871347,259.767143137753
2026-07-10 00:00:00,-34,1473.2461224352628,0.0,841.2744873820895,0.0
2026-07-10 01:00:00,-34,1348.5078313171234,0.0,732.2303147106694,0.0
2026-07-10 02:00:00,-34,1102.2133263194519,0.0,489.380285742525,0.0
2026-07-10 03:00:00,-35,884.4929462184182,0.0,331.86455657717573,0.0
2026-07-10 04:00:00,-34,754.3373872826542,0.0,196.92395107706486,0.0
2026-07-10 05:00:00,-34,651.6241654655869,0.0,229.7307442213744,0.0
2026-07-10 06:00:00,-9,629.6928443733404,0.0,222.63832854356664,0.0
2026-07-10 07:00:00,3468,4295.800376663604,299.94427,4969.56792562674,436.9331767465919
2026-07-10 08:00:00,13496,8990.823505898468,5480.3726,10452.91763508757,6971.154850900173
2026-07-10 09:00:00,19183,13703.025607736588,14141.654,15597.482705469405,16043.945936203003
2026-07-10 10:00:00,21147,16409.835847181712,17940.45,18400.751951680886,19615.25544142723
2026-07-10 11:00:00,22007,17927.72633000374,19418.066,19680.56836801751,21129.58997964859
2026-07-10 12:00:00,22350,19317.335626433574,19884.336,20734.754511832427,21594.57367002964
2026-07-10 13:00:00,22409,20308.048124144338,20308.896,21445.549254369664,21716.51916360855
2026-07-10 14:00:00,22182,20342.057181384524,20208.467,21442.250655672484,21472.72867435217
2026-07-10 15:00:00,22053,20201.771129185265,19940.729,21448.024565386848,21542.397839546204
2026-07-10 16:00:00,20737,19601.320350157846,19722.52,21082.17864356491,21446.705077767372
2026-07-10 17:00:00,19384,18334.094428007502,18535.04,20153.51820566783,20724.462839365005
2026-07-10 18:00:00,17550,16488.921065204868,17297.56,18585.77461384964,19054.76256543398
2026-07-10 19:00:00,11839,13543.96255241258,15973.41,15542.451468740166,17359.98203521967
2026-07-10 20:00:00,2671,8354.851568430011,10602.615,9258.346952899235,11609.557773470879
2026-07-10 21:00:00,52,2389.6568196346025,2110.9758,1550.0371988423476,2301.730068616569
2026-07-10 22:00:00,-19,1727.0074874472284,367.26202,938.5543232550324,322.36100482568145
2026-07-10 23:00:00,-61,1360.4643093904988,205.007,759.9189440515694,130.28752079000697
2026-07-11 00:00:00,-60,957.4608718996369,129.10406,525.0083115937671,175.82189511414617
2026-07-11 01:00:00,-59,528.6679431416333,0.0,121.75656755950489,0.0
2026-07-11 02:00:00,-59,71.5012224965958,0.0,0.0,0.0
2026-07-11 03:00:00,-60,2.8916973346972554,0.0,0.0,0.0
2026-07-11 04:00:00,-59,15.733966937975765,0.0,0.0,0.0
2026-07-11 05:00:00,-59,89.47760463027362,0.0,0.0,0.0
2026-07-11 06:00:00,-27,55.87431759035826,23.009308,0.0,0.0
2026-07-11 07:00:00,3308,5232.951132383681,2104.4468,6471.731571477823,3077.308385774493
2026-07-11 08:00:00,12673,10009.703129004163,4504.0034,12167.367603703693,4025.2106220275164
2026-07-11 09:00:00,18402,13196.164255397296,13077.906,15372.647790303972,14168.546557605267
2026-07-11 10:00:00,20522,15769.766081442758,16583.295,17559.533095002804,18175.306769907475
2026-07-11 11:00:00,21542,16838.290241733488,18007.521,18460.04603600367,19157.275784790516
2026-07-11 12:00:00,22102,18195.479996895046,18857.371,19640.31015826689,20730.661549925804
2026-07-11 13:00:00,22143,20077.048529406435,19029.117,21295.31394645716,20422.000335276127
2026-07-11 14:00:00,21477,19349.1261955241,18253.559,20457.909783382052,19482.708089232445
2026-07-11 15:00:00,20855,19657.005666284826,17699.883,20938.47410282059,18677.651560127735
2026-07-11 16:00:00,19610,19817.68270551683,16608.295,21786.04936692056,18014.180494487286
2026-07-11 17:00:00,17793,18617.34163826308,15438.047,20879.82455158348,16589.050573527813
2026-07-11 18:00:00,14451,15662.781630652404,14456.604,17906.122014653327,16319.988211989403
2026-07-11 19:00:00,7736,9496.707958611476,8693.241,10035.462465940684,9488.7023203969
2026-07-11 20:00:00,1490,5293.695595823996,4585.9697,5375.8729003696035,4248.311943307519
2026-07-11 21:00:00,-57,2159.2454064261065,1856.557,1612.8621946871974,1933.5973783284426
2026-07-11 22:00:00,-66,2060.0051605639064,313.03766,1405.9026675998746,463.4484593141824
2026-07-11 23:00:00,-60,2016.8633962105268,490.33212,1300.737856665896,537.7251601703465
2026-07-12 00:00:00,-61,1781.4605771328852,281.0907,1091.1016436294967,244.3335338542238
2026-07-12 01:00:00,-60,1772.4643104838024,293.7782,1264.6441960552734,227.9542393181473
2026-07-12 02:00:00,-61,1582.846962258348,345.6316,1129.9416325838313,432.82272882945836
2026-07-12 03:00:00,-61,1334.1412819385196,134.39206,984.4505811763746,221.54661874473095
2026-07-12 04:00:00,-60,1241.7744906481385,0.0,730.0870036654891,5.346255758908228
2026-07-12 05:00:00,-61,628.551765392699,0.0,207.14071379896228,0.0
2026-07-12 06:00:00,-47,485.71849964182366,0.0,0.0,0.0
2026-07-12 07:00:00,1151,3022.7535952945354,860.7369,3304.055565169388,1785.6594425141811
2026-07-12 08:00:00,4548,8488.774603259328,7324.657,9947.792899584216,7964.681124448776
2026-07-12 09:00:00,7814,13447.446972175068,12170.733,16048.16739806008,14077.074707686901
2026-07-12 10:00:00,10328,12658.191051311142,14210.861,15465.903445989954,15396.231601536274
2026-07-12 11:00:00,14265,15294.346364542944,14803.439,18373.394368647336,16246.774820804596
2026-07-12 12:00:00,15869,15598.336257669373,16249.653,17685.834407991126,16821.384302020073
2026-07-12 13:00:00,16265,19452.04234215173,15683.815,20999.83978943272,16449.110595703125
2026-07-12 14:00:00,17100,18749.96125577659,11302.242,19596.074215769568,13141.22886967659
2026-07-12 15:00:00,15951,19565.19707004417,13821.52,21417.576775418078,14462.57125788927
2026-07-12 16:00:00,14032,13893.083677973602,11889.027,14157.793806335483,13470.78962790966
2026-07-12 17:00:00,12033,13178.838128197465,13591.218,14845.68810950305,13920.837990164757
2026-07-12 18:00:00,9297,9082.853316054501,13164.9375,10693.275581914086,14446.476853966713
2026-07-12 19:00:00,6321,8163.597052822672,11294.975,9346.011466183792,13391.750038385391
2026-07-12 20:00:00,1413,5143.111644070434,5516.021,5341.113915145477,6445.707603096962
2026-07-12 21:00:00,-56,2070.6178958814226,1556.7046,1350.853192410056,1452.1869709640741
2026-07-12 22:00:00,-67,1575.6084005561306,101.026375,875.7495724400834,29.856476626126096
2026-07-12 23:00:00,-63,1319.3779331035785,129.47887,779.01492216491,94.44070448633283
2026-07-13 00:00:00,-62,1408.5327302900396,244.26418,1004.5393261720845,194.9016729472205
2026-07-13 01:00:00,-59,1540.702015222968,312.6307,1152.5534944431004,358.8624288663268
2026-07-13 02:00:00,-60,1202.482262229165,173.49817,764.7566943099629,121.28102448536083
2026-07-13 03:00:00,-59,1181.6458444975488,7.1354275,475.9194326719166,0.0
2026-07-13 04:00:00,-61,1051.2819501689864,0.0,550.0015600966128,103.26849249145016
2026-07-13 05:00:00,-60,1287.543767427148,126.21038,877.9502034452527,198.51739900745451
2026-07-13 06:00:00,-52,1276.2375566977198,155.76509,688.519444369387,176.1783904824406
2026-07-13 07:00:00,1073,4576.479003322065,3373.7954,5175.004002956221,4575.062110230327
2026-07-13 08:00:00,4413,8497.930863510079,7850.327,9765.85793551702,8881.831002861261
2026-07-13 09:00:00,7032,11997.477393652856,11351.085,14181.626673276318,13322.994734108448
2026-07-13 10:00:00,8986,12748.190642423,11964.478,14937.139521572823,13235.652677953243
2026-07-13 11:00:00,11832,16009.133173252612,14485.457,17947.949762049357,15581.240198254585
2026-07-13 12:00:00,13042,18520.326762096796,15696.456,20596.938808635423,16585.450068712234
2026-07-13 13:00:00,13818,15829.77392768996,14874.703,17689.459463012805,16523.064991414547
2026-07-13 14:00:00,14828,17256.031388526804,16054.983,18448.451938589325,16959.318341732025
2026-07-13 15:00:00,15726,17353.920535421992,15761.604,19222.748729107832,16328.683290421963
2026-07-13 16:00:00,14700,16490.48384650932,15814.647,18501.285983045356,18409.700035393238
2026-07-13 17:00:00,12332,13092.060172906404,15158.381,15446.198759630226,17921.94218057394
2026-07-13 18:00:00,11256,14376.519927121379,15834.037,16669.479147821366,17379.05117702484
2026-07-13 19:00:00,7236,12133.211551870749,15146.637,13774.93183026735,16542.395427763462
2026-07-13 20:00:00,1328,7562.167505799298,10033.367,8109.735901558835,11233.042385727167
2026-07-13 21:00:00,-51,2717.7506943028047,2048.098,1684.7628716961935,2237.638201959431
2026-07-13 22:00:00,-63,1882.7510715658154,267.62958,916.671893648659,133.72817113110796
2026-07-13 23:00:00,-60,1688.3045833033702,111.47587,771.8119280058808,112.01460501458496
2026-07-14 00:00:00,-61,1476.0935936982705,0.0,624.5626440888304,0.0
2026-07-14 01:00:00,-59,1561.9820069597527,29.693712,584.9467223274329,111.50118636060506
2026-07-14 02:00:00,-61,1645.2050587957401,372.05554,728.2237063694295,493.41471419483423
2026-07-14 03:00:00,-61,1653.3667621298082,359.09583,812.2440255266662,425.71266979910433
2026-07-14 04:00:00,-60,1483.4621667489373,259.2197,729.2536450401703,331.19671750906855
2026-07-14 05:00:00,-61,1214.9802822888078,201.94261,651.1458766329168,96.32953113829717
2026-07-14 06:00:00,-46,1106.2845659734048,172.06316,380.46694287429585,273.1531495535746
2026-07-14 07:00:00,2104,5627.973587417346,2084.2202,6382.3139429235225,2177.8154861554503
2026-07-14 08:00:00,9818,10700.232334836739,6578.142,12512.010103039132,6439.243578076363
2026-07-14 09:00:00,14833,13903.389885461507,14211.666,15958.039663538102,14659.717321157455
2026-07-14 10:00:00,17890,16287.75716699757,17936.717,18227.254479558793,19081.289991497993
2026-07-14 11:00:00,20321,17736.629909179028,19087.832,19518.761638444852,20241.161731481552
2026-07-14 12:00:00,21217,19075.055144394937,19228.715,20849.550073196675,20535.33114874363
2026-07-14 13:00:00,21525,19480.542930291725,19139.213,21001.476829626477,20008.2839743495
2026-07-14 14:00:00,20800,19665.605191135088,19050.447,21388.450453752685,19923.926035881042
2026-07-14 15:00:00,20147,19076.172383468474,18917.65,20535.804216064622,19601.189755141735
2026-07-14 16:00:00,19477,18880.39740021919,18452.254,20348.595933178203,19773.455217957497
2026-07-14 17:00:00,18700,17902.466074906344,18158.52,19662.565259349605,19550.79474747181
2026-07-14 18:00:00,16901,16389.716698079385,17488.387,18258.452811688956,18910.782571971416
2026-07-14 19:00:00,10663,13266.547706623063,15231.366,14959.616956110895,16667.086524009705
2026-07-14 20:00:00,2281,7786.587867005259,5529.322,8413.726581712215,5310.005273416638
2026-07-14 21:00:00,-47,2537.2108740818885,728.46606,1492.4329648520645,1051.0747218430042
2026-07-14 22:00:00,-64,2224.7140368626506,62.10551,1242.4123796308497,245.36145988944918
2026-07-14 23:00:00,-58,1884.3346882499445,234.05444,1007.0142680252487,314.0758950198069
2026-07-15 00:00:00,-59,1694.1791152007972,0.0,876.0033289507224,0.0
2026-07-15 01:00:00,-57,1579.7150471120212,0.0,829.266832339919,0.0
2026-07-15 02:00:00,-58,1351.0297595407828,194.87886,607.0737362100772,109.78792744874954
2026-07-15 03:00:00,-59,1184.825605971916,71.06579,447.1479053733305,0.0
2026-07-15 04:00:00,-57,1238.751975752817,17.575403,594.3271317218898,28.242569311521947
2026-07-15 05:00:00,-58,750.4518093894121,0.0,37.77458565780625,0.0
2026-07-15 06:00:00,-44,652.9226630092553,0.0,0.0,0.0
2026-07-15 07:00:00,2850,5133.205737514982,901.8809,6056.687047289662,822.3274284601212
2026-07-15 08:00:00,12178,10264.349459303465,5211.2607,12280.19661090685,5305.8674398213625
2026-07-15 09:00:00,18086,13848.418020605466,14805.809,16106.89352258044,15876.052802085876
2026-07-15 10:00:00,20319,16225.988562463433,17490.896,18320.35208093816,18420.819123208523
2026-07-15 11:00:00,21061,17695.69204760358,18333.076,19485.969590320336,19621.099059402943
2026-07-15 12:00:00,21622,19289.873791488564,19188.959,20854.068539188505,20212.568068563938
2026-07-15 13:00:00,21806,20285.50868405922,18775.15,21705.16494098184,20384.452979326248
2026-07-15 14:00:00,21616,20496.444947129894,18680.387,21961.134705207445,20377.51996409893
2026-07-15 15:00:00,20570,20453.415119302274,18647.525,22059.000324774584,20144.607367694378
2026-07-15 16:00:00,19324,20017.795825495952,18320.447,21724.766016094138,20113.55485612154
2026-07-15 17:00:00,17923,18503.98794113729,17304.012,20402.718450428096,18808.026817679405
2026-07-15 18:00:00,15207,16369.982485904595,16126.916,18506.182278601045,18044.360684275627
2026-07-15 19:00:00,10086,13539.697540279176,15267.532,15589.087519982802,16526.782073795795
2026-07-15 20:00:00,2297,8026.4440764243445,8658.29,9014.715580759652,8276.48122355342
2026-07-15 21:00:00,-50,2737.6556091100874,1180.241,2003.4549712926998,1399.2919104993343
2026-07-15 22:00:00,-64,2117.0291051393842,47.425854,1512.6803190914895,291.69335834123194
2026-07-15 23:00:00,-61,1764.5519744973335,327.5253,1201.3550754122714,467.5581953711808
2026-07-16 00:00:00,-61,1666.1026676828124,252.61243,1052.300196899605,5.595396010554396
2026-07-16 01:00:00,-61,1539.1530424860866,43.92987,894.4954294286633,0.0
2026-07-16 02:00:00,-60,1065.3957385435424,0.0,485.24194316570623,0.0
2026-07-16 03:00:00,-61,773.1640599709035,51.842304,321.1034959631617,53.03638563863933
2026-07-16 04:00:00,-61,779.495053166982,40.490685,387.79695292881,0.0
2026-07-16 05:00:00,-60,698.7246951452953,76.78112,278.09414722005914,0.0
2026-07-16 06:00:00,-51,327.4834325218494,0.0,52.08855475125045,0.0
2026-07-16 07:00:00,2172,5099.422078481157,4263.637,6481.372690854023,4357.604751095176
2026-07-16 08:00:00,10137,10351.12690985184,8131.811,12839.233396384232,8663.9401627779
2026-07-16 09:00:00,14936,13755.580666241,14735.248,16308.739729243764,16091.748098015785
2026-07-16 10:00:00,16606,16194.895519009016,18045.05,18561.02098201655,18860.812335431576
2026-07-16 11:00:00,16819,17741.044065894373,19378.807,19712.844787369457,20658.096705198288
2026-07-16 12:00:00,17308,19160.020670338934,19917.26,20896.63750938337,21591.100462555885
2026-07-16 13:00:00,16631,20072.293793651348,20064.363,21541.82856849093,21613.57849317789
2026-07-16 14:00:00,16186,20491.31983292162,20188.621,21964.387787412736,21687.08667820692
2026-07-16 15:00:00,17144,20337.784610402232,19948.625,21889.439904660314,21532.768800616264
2026-07-16 16:00:00,18293,19660.723742366703,19788.61,21420.336124521487,21271.963346660137
2026-07-16 17:00:00,17030,18408.06786724693,18752.486,20465.682010426233,20461.293674767017
2026-07-16 18:00:00,15010,16410.815714688502,17700.99,18608.159445676112,18609.022213220596
2026-07-16 19:00:00,9818,13233.024675656787,14264.932,15188.362082957752,15442.768829762936
2026-07-16 20:00:00,2318,7718.897208747752,7828.455,8560.590019722309,8085.459502398968
2026-07-16 21:00:00,85,2151.379591337438,1368.3636,1449.5108099482884,1273.5130082182586
2026-07-16 22:00:00,49,1797.2637772364014,323.60925,1125.0585435111827,432.40348508395255
2026-07-16 23:00:00,-2,1578.3558797478927,227.17665,997.5586145781531,250.79651202168316
2026-07-17 00:00:00,-5,1105.3880357510716,0.0,558.8864744605679,0.0
2026-07-17 01:00:00,-5,821.1102939809289,0.0,338.7542734707662,0.0
2026-07-17 02:00:00,-40,675.6010841589768,0.0,243.3937066255032,0.0
2026-07-17 03:00:00,-57,469.13100114890767,0.0,81.51162031702125,0.0
2026-07-17 04:00:00,-57,340.2894632582879,0.0,0.0,0.0
2026-07-17 05:00:00,-57,291.24664177007435,0.0,0.0,0.0
2026-07-17 06:00:00,-55,137.34228542616165,0.0,0.0,0.0
2026-07-17 07:00:00,1551,4338.925662810106,491.74213,5315.536262775357,0.0
2026-07-17 08:00:00,8925,9607.324111350434,4165.2305,11646.812841682695,3705.662804707885
2026-07-17 09:00:00,14621,13268.0485595155,11555.633,15530.17531362149,12756.26562833786
2026-07-17 10:00:00,17618,15660.706779029944,17653.408,17800.091794202242,18667.928723156452
2026-07-17 11:00:00,19535,17345.17585379689,18938.096,19100.841762801996,20411.292618870735
2026-07-17 12:00:00,20030,18863.29377242708,19540.814,20361.954770379583,20931.382658541203
2026-07-17 13:00:00,19708,19705.04631181978,19980.32,21022.380687322744,21317.652372598648
2026-07-17 14:00:00,19671,20094.653893164017,19993.197,21291.386969619973,21297.94674408436
2026-07-17 15:00:00,19452,19919.39237837037,19681.723,21208.284128651954,20859.808053135872
2026-07-17 16:00:00,19377,19404.326509399543,19488.713,20839.006025164235,20593.893285870552
2026-07-17 17:00:00,18563,17869.41314392416,18078.184,19753.38602602622,19715.623365581036
2026-07-17 18:00:00,15850,15966.416909716689,16514.234,17933.714021760232,17515.62648510933
2026-07-17 19:00:00,9274,12566.913089520134,13003.015,14050.85744640789,14314.9746799469
2026-07-17 20:00:00,2142,7418.9843399185775,7070.6104,8082.709526881796,7318.401899814606
2026-07-17 21:00:00,103,2276.37047721794,1197.303,1467.504791671786,1339.1848693825305
2026-07-17 22:00:00,-41,1941.9615603896427,390.8642,1221.786804995487,537.8373828269541
2026-07-17 23:00:00,-56,1525.543256768654,287.0035,990.9186463899047,351.9576786737889
2026-07-18 00:00:00,-57,1109.098855808118,69.22485,545.1835890864821,164.7729883333668
2026-07-18 01:00:00,-57,1031.7177684647486,86.763695,500.5430185373405,107.721899965778
2026-07-18 02:00:00,-57,852.2984505033182,0.0,248.67211538910283,24.91535335953813
2026-07-18 03:00:00,-57,681.989587683689,0.0,124.58758279540245,0.0
2026-07-18 04:00:00,-56,443.3724003639318,0.0,0.0,0.0
2026-07-18 05:00:00,-56,252.39508670389932,0.0,0.0,0.0
2026-07-18 06:00:00,-54,350.2668722026101,0.0,0.0,0.0
2026-07-18 07:00:00,1784,3968.2623658898474,725.829,4859.020142376706,138.7478319373913
2026-07-18 08:00:00,10581,9094.29761989908,4870.0503,11195.374976760579,4232.54348757863
2026-07-18 09:00:00,16980,12728.781723529453,12354.278,14999.66589495403,12964.581698358059
2026-07-18 10:00:00,19499,15282.783558068088,16684.854,17466.538211716597,18049.08810555935
2026-07-18 11:00:00,20554,16844.2889564296,18467.744,18810.696987397136,20118.08396154642
2026-07-18 12:00:00,21279,19297.45664807459,18941.705,20894.18953826724,20841.696991324425
2026-07-18 13:00:00,21623,19811.755544909705,19591.354,21336.05995245429,21168.919498384
2026-07-18 14:00:00,21790,20078.427508563214,19575.492,21661.280002173313,21233.98183977604
2026-07-18 15:00:00,20753,19778.39118333599,19439.025,21528.66620452643,20739.975695431232
2026-07-18 16:00:00,19930,19296.713671734793,19021.25,20981.67292600688,20147.83268034458
2026-07-18 17:00:00,18670,17852.58104373451,17724.602,19597.327553139385,19251.55085617304
2026-07-18 18:00:00,15692,15527.26009754308,16549.783,17394.619759933023,17563.125813245773
2026-07-18 19:00:00,9966,12212.816094551763,15182.272,13856.320326701925,16383.711921334267
2026-07-18 20:00:00,2196,6967.227885014396,9502.712,7610.658088834842,9284.607162237167
2026-07-18 21:00:00,-51,2304.3156551220673,1941.7336,1562.7811743086388,2086.337438866496
2026-07-18 22:00:00,-63,2032.1383321601506,624.0515,1359.5490277799104,714.4914215020835
2026-07-18 23:00:00,-60,1946.4604401205543,565.6448,1397.4986023982422,563.328424282372
2026-07-19 00:00:00,-58,1718.5638967455006,576.4167,1181.516728599649,486.8761113565415
2026-07-19 01:00:00,-58,1363.2713263077303,250.94395,854.041289362601,296.09761606063694
2026-07-19 02:00:00,-58,999.3408610306506,167.03038,576.8851428327695,55.034414775902405
2026-07-19 03:00:00,-59,900.2249698695796,126.05729,519.8341003251115,5.255161870081793
2026-07-19 04:00:00,-59,628.6839684411461,0.0,305.4561038264944,0.0
2026-07-19 05:00:00,-58,364.7541061860693,0.0,51.491056012725394,0.0
2026-07-19 06:00:00,-56,543.1260082599401,0.0,330.45837231625114,0.0
2026-07-19 07:00:00,1448,4611.783602610974,1695.6414,5707.621267434955,2098.3286809697747
2026-07-19 08:00:00,8002,9707.307888658272,7092.6245,11921.424855418956,6174.525405824184
2026-07-19 09:00:00,12756,13351.83056980036,14281.405,15799.452177054269,15910.949693381786
2026-07-19 10:00:00,15074,15738.990982217154,17458.705,17977.87065284268,18546.16814571619
2026-07-19 11:00:00,16999,17290.071062204755,18429.658,19239.43245327107,20039.258767545223
2026-07-19 12:00:00,18114,18802.088768447047,19220.14,20895.35437080794,20695.82227742672
2026-07-19 13:00:00,18925,19475.40505697108,19372.38,21739.644777828176,20820.86444634199
2026-07-19 14:00:00,19187,19041.043229458402,19463.79,21831.14955637511,20943.705041229725
2026-07-19 15:00:00,20303,17999.47043352251,19365.932,20056.638182483708,20067.307061851025
2026-07-19 16:00:00,19492,19549.21723030231,19230.785,21215.867050096796,20769.372001588345
2026-07-19 17:00:00,19121,18290.076082631364,18446.324,20103.454542973523,19836.175288259983
2026-07-19 18:00:00,16682,16204.240023538361,17562.816,18230.870467828358,18925.192631065845
2026-07-19 19:00:00,9724,13040.092534083225,15944.093,14874.791716027972,17257.82122850418
2026-07-19 20:00:00,1925,7538.179825822674,9776.45,8169.187627953864,10067.814777582884
2026-07-19 21:00:00,-50,2342.36879151021,1354.5597,1485.5539487472586,1490.4488669931889
2026-07-19 22:00:00,-51,2167.734771120833,421.06277,1387.7881740646721,632.1684399154037
2026-07-19 23:00:00,-47,1908.0340379375157,453.32782,1211.077910831407,492.53874936141074
2026-07-20 00:00:00,-47,1791.2893519592626,513.039,1123.3901909482183,500.4762829877436
2026-07-20 01:00:00,-48,1471.190503751277,382.87595,850.5314394226762,393.8753952383995
2026-07-20 02:00:00,-48,1125.1985656373581,44.68723,568.7527463259099,100.83476831158623
2026-07-20 03:00:00,-48,898.548550928117,0.0,344.07572247855376,0.0
2026-07-20 04:00:00,-48,685.0186538177768,0.0,129.40922387396728,0.0
2026-07-20 05:00:00,-48,521.542163055632,0.0,0.0,0.0
2026-07-20 06:00:00,-45,625.8222193226547,0.0,112.54794899316683,0.0
2026-07-20 07:00:00,1101,4632.407397184448,1051.7048,5555.993967508314,616.2617995720357
2026-07-20 08:00:00,6256,9572.204893832191,4734.7783,11640.538051855341,4031.3594186306
2026-07-20 09:00:00,10849,12586.087864940964,11704.909,14509.001313380037,11839.617569446564
2026-07-20 10:00:00,14150,15833.818854847697,16080.758,17682.201724214516,17094.371441602707
2026-07-20 11:00:00,17304,17561.31341270733,17634.6,19399.167744701175,18891.511094391346
2026-07-20 12:00:00,18892,19424.12114360609,18846.89,21156.580021473852,20083.12409156561
2026-07-20 13:00:00,19291,19913.1033659,18747.295,21657.34713958794,20447.11543083191
2026-07-20 14:00:00,19116,20338.207495857252,18571.63,22805.35908316774,20247.59359717369
2026-07-20 15:00:00,18489,17833.236879957785,17624.871,20146.80025354587,18744.15839135647
2026-07-20 16:00:00,17686,17776.836148151015,15950.501,19379.844147837342,16000.194509804249
2026-07-20 17:00:00,16099,15303.408524907241,14012.93,16540.976759590685,14708.927793562412
2026-07-20 18:00:00,14087,14683.953912416073,14882.309,16498.60020200583,15386.289009153843
2026-07-20 19:00:00,8656,12659.956004240272,14885.723,14857.678555481916,16142.315962076187
2026-07-20 20:00:00,1628,6811.500880834905,9434.341,7503.574775341226,10190.263430655003
2026-07-20 21:00:00,-7,2643.274964852042,1846.1891,2079.246098123981,1907.085864432156
2026-07-20 22:00:00,-18,2307.3932665603243,491.4219,1765.7347811526577,556.2854057271034
2026-07-20 23:00:00,-13,2043.404607160871,653.8945,1504.206425364241,593.9448587112129
2026-07-21 00:00:00,-13,1596.0854493004917,354.15863,1204.8758983400633,236.3357642982155
2026-07-21 01:00:00,-12,1443.9318552597342,281.93777,1064.4918847638596,189.69014489743859
2026-07-21 02:00:00,-13,1531.914037434928,112.17689,1030.6336292256433,81.64248517155647
2026-07-21 03:00:00,-13,1332.6235523750738,175.88118,807.9094039013698,30.460408819722943
2026-07-21 04:00:00,-13,1074.6284403029185,36.57275,601.337453921073,62.19780573947355
2026-07-21 05:00:00,-13,830.3198656587383,0.0,279.1042525523236,0.0
2026-07-21 06:00:00,-9,609.4978884477805,0.0,151.57013101913725,0.0
2026-07-21 07:00:00,1162,4656.916020268141,1535.3512,5398.987320725353,1373.0236015245318
2026-07-21 08:00:00,6144,9901.372095658975,5992.1436,11851.060879017534,6412.573444992304
2026-07-21 09:00:00,10395,13857.423768966459,12121.695,16154.727429984248,13870.749836087227
2026-07-21 10:00:00,14909,16196.389145545,15670.22,18497.474183678576,16753.934130489826
2026-07-21 11:00:00,17697,16366.470925685968,16779.406,18903.30499226442,17330.240016281605
2026-07-21 12:00:00,19077,19202.34487621411,17675.89,22530.38952039128,18306.00362074375
2026-07-21 13:00:00,20171,20444.03735085445,18498.094,22798.84459922819,19686.769748091698
2026-07-21 14:00:00,19764,20879.751585494734,18498.225,23457.6032606745,20322.129540741444
2026-07-21 15:00:00,19616,20440.357309861265,18862.945,22458.700068682538,19911.332978844643
2026-07-21 16:00:00,18625,19911.069963008405,18186.602,21789.685297451542,18866.944047391415
2026-07-21 17:00:00,18407,18510.663655167496,18017.729,20362.892955163898,18804.54021048546
2026-07-21 18:00:00,15942,16824.53323251587,17211.77,18740.127461506145,18584.48062568903
2026-07-21 19:00:00,10004,13710.06075545738,16037.931,15345.676235863391,17714.4609131217
2026-07-21 20:00:00,1937,8101.475481168636,10720.791,8537.042578669932,11598.423945963383
2026-07-21 21:00:00,-39,3231.0194706872862,2246.714,2297.7241721776563,2124.923608124256
2026-07-21 22:00:00,-45,2565.841966149608,463.86905,1726.2428563530955,622.5138996429741
2026-07-21 23:00:00,-42,2367.8767595142463,858.71783,1649.7932066975836,777.7450519129634
2026-07-22 00:00:00,-42,1981.0631731998328,404.759,1227.5627624107567,325.62209891621023
2026-07-22 01:00:00,-42,1934.12175329811,212.80164,1155.310049594857,70.81808651518077
2026-07-22 02:00:00,-41,1506.2685469196858,100.30576,877.9372723297732,55.82663135812618
2026-07-22 03:00:00,-41,1056.122817342788,0.0,668.1123438787233,60.90102688083425
2026-07-22 04:00:00,-41,1051.0534907332003,0.0,644.7607407120119,23.95915508433245
2026-07-22 05:00:00,-41,834.5853331390572,0.0,393.9219523439399,0.0
2026-07-22 06:00:00,-36,1004.9041167977357,0.0,514.8384142718546,0.0
2026-07-22 07:00:00,1983,4387.255575436656,3277.2556,4907.894048071796,3456.7408926039934
2026-07-22 08:00:00,10062,9181.325358103311,7342.5366,10644.0719237723,8027.917083978653
2026-07-22 09:00:00,15128,13021.007840023642,12222.528,14763.305191194575,13676.413694143295
2026-07-22 10:00:00,17930,15957.591290844106,17302.719,17962.64624669552,18145.16543930769
2026-07-22 11:00:00,19457,17625.215358298112,18716.604,19585.473564586533,20192.414889395237
2026-07-22 12:00:00,19763,18779.276832719213,19480.398,20530.347369506,20927.18988609314
2026-07-22 13:00:00,20391,19533.678663562114,19492.352,21102.88857624204,20779.851922750473
2026-07-22 14:00:00,20631,20012.619085451945,19656.805,21515.30149386008,20974.91164958477
2026-07-22 15:00:00,19798,19701.893484699496,19627.723,21306.31175912246,20826.771043002605
2026-07-22 16:00:00,18920,18871.73131218682,19106.604,20748.63695019231,20474.318202793598
2026-07-22 17:00:00,17929,17528.479257055697,18724.371,19678.87901979309,19940.26967459917
2026-07-22 18:00:00,16408,15662.08405073954,17801.018,18002.84631876842,19072.578833401203
2026-07-22 19:00:00,10274,12462.098723770046,15873.953,14580.699005824186,17008.36399757862
2026-07-22 20:00:00,2129,6852.729787547465,9536.951,7724.500144143544,9745.83826097846
2026-07-22 21:00:00,-19,1951.6906626627579,1323.7361,1360.5390176987069,1274.9705627821386
2026-07-22 22:00:00,-33,1631.7264274920863,285.6053,1065.3592199171073,444.6245323885232
2026-07-22 23:00:00,-28,1135.4580667302507,147.13379,664.3001869333808,68.31632734974846
2026-07-23 00:00:00,-30,1018.8476341286969,183.32361,591.3223923008092,57.570950402645394
2026-07-23 01:00:00,-29,1000.2365783159667,228.39606,590.7516858336713,80.004960850114
2026-07-23 02:00:00,-27,867.5098876143493,133.1242,537.5742177516029,239.9613935891539
2026-07-23 03:00:00,-28,775.8919883087628,61.416363,483.03425182879766,144.19564520940185
2026-07-23 04:00:00,-28,583.3357081466092,0.0,311.06862977057517,0.0
2026-07-23 05:00:00,-28,334.31931673135796,0.0,2.2547694007068118,0.0
2026-07-23 06:00:00,-20,199.44451434445,0.0,0.0,0.0
2026-07-23 07:00:00,2555,3971.2320346478828,1852.6434,4975.238359225726,1692.3605407476425
2026-07-23 08:00:00,12354,9509.13734769777,4548.4097,11824.136010154387,4367.910475894809
2026-07-23 09:00:00,18159,12948.568927861972,11977.781,15486.851741482482,13113.716564178467
2026-07-23 10:00:00,20133,15315.669669703173,16981.166,17746.66403822191,18437.46291565895
2026-07-23 11:00:00,20791,16799.324089199814,18576.133,18877.8862798926,19411.72441148758
2026-07-23 12:00:00,21205,18298.21848637302,19326.377,20174.477833989935,20718.628601193428
2026-07-23 13:00:00,21329,19387.14653604916,19504.396,21021.685369220213,21029.82772284746
2026-07-23 14:00:00,20154,19953.24207681059,19712.111,21490.116086477345,21109.963409483433
2026-07-23 15:00:00,19769,19845.087302534237,19456.375,21429.35141241879,20864.65607190132
2026-07-23 16:00:00,19433,19100.07587619455,18522.729,20858.78101403119,20252.287519156933
2026-07-23 17:00:00,17960,17664.35099862286,18250.695,19705.213861157386,19704.285862326622
2026-07-23 18:00:00,16089,15673.028554221848,17083.334,17929.664677750945,18419.471111357212
2026-07-23 19:00:00,9754,12557.240599316721,15890.603,14575.480138715444,17159.155068814754
2026-07-23 20:00:00,1921,6664.427519331155,9461.718,7473.344644086756,9988.545382857323
2026-07-23 21:00:00,-6,1873.132737290939,1517.456,1188.1745342447875,1609.244086354971
2026-07-23 22:00:00,-11,1540.8928849791464,223.0129,919.2390612640081,526.0338205546141
2026-07-23 23:00:00,-7,1255.0957657329054,212.92519,756.7499881468013,245.5979230767116
2026-07-24 00:00:00,-9,1147.1959193603388,172.22423,676.2589118414036,161.66322733275592
2026-07-24 01:00:00,-7,1013.1213595013587,166.34636,585.4571061418355,86.40659865783527
2026-07-24 02:00:00,-7,805.9556783385424,9.42783,354.8325863172909,26.846593266469426
2026-07-24 03:00:00,-8,638.7567950711509,0.0,165.34776269543585,0.0
2026-07-24 04:00:00,-9,323.9393525659252,0.0,11.45357489030575,0.0
2026-07-24 05:00:00,-8,104.07528689326409,0.0,0.0,0.0
2026-07-24 06:00:00,-2,0.0,0.0,0.0,0.0
2026-07-24 07:00:00,2325,3103.531048662545,1794.0527,3901.905152918845,1774.5954610481858
2026-07-24 08:00:00,11367,8557.03244036912,4103.8667,10723.586262790997,3569.68177421391
2026-07-24 09:00:00,17434,11758.764811748333,10051.395,14136.299561538268,11710.323669314384
2026-07-24 10:00:00,20037,15186.24266242392,15431.575,17271.795321352787,16947.263953447342
2026-07-24 11:00:00,21093,16570.282652674698,17534.883,18262.397775242975,19043.01503074169
2026-07-24 12:00:00,21115,18075.07089623371,18888.268,19688.89174512135,20466.559764802456
2026-07-24 13:00:00,20761,19020.099239756004,19332.906,20481.045140475548,20853.40030694008
2026-07-24 14:00:00,20297,19852.41899634076,19001.123,21247.434104933134,20396.84370058775
2026-07-24 15:00:00,19851,19531.350696940674,18480.256,21033.38759896548,19580.932058155537
2026-07-24 16:00:00,18867,18730.02303719647,17283.072,20422.079823415355,18950.798156380653
2026-07-24 17:00:00,18233,16439.74456349163,16350.801,18295.270294035538,17888.769833266735
2026-07-24 18:00:00,15527,14875.615277656845,15245.992,16616.03585553752,16833.927780091763
2026-07-24 19:00:00,9615,11938.197547050953,14147.115,13743.954210962645,15138.695679306984
2026-07-24 20:00:00,1749,6556.49673483785,9634.726,7296.578218825438,10645.496144652367
2026-07-24 21:00:00,-9,1935.2777189887647,484.75378,1292.8784812859915,575.4337733779103
2026-07-24 22:00:00,-14,1733.0663929870207,460.77094,1109.8184239361462,605.5666035301983
2026-07-24 23:00:00,-12,1322.6691952799538,339.6201,795.5495568152136,471.87935388833284
2026-07-25 00:00:00,-11,1232.7507130559989,229.52707,732.5885571462984,495.8321912139654
2026-07-25 01:00:00,-10,995.2994751996039,70.436295,508.5687788417615,178.68811620026827
2026-07-25 02:00:00,-10,626.2280695627442,32.990566,167.86522547787686,32.718478894094005
2026-07-25 03:00:00,-9,645.4832477187329,0.0,297.23871284311474,0.0
2026-07-25 04:00:00,-9,617.9014652806727,0.0,310.62367164396636,0.0
2026-07-25 05:00:00,-9,274.3310296524173,0.0,0.0,0.0
2026-07-25 06:00:00,-3,370.4671005963969,0.0,38.45938768537071,0.0
2026-07-25 07:00:00,2345,3910.8127527732413,2558.848,4794.047374128208,2639.441541649401
2026-07-25 08:00:00,10778,9328.637537824616,5511.496,11580.38676085744,5072.127075701952
2026-07-25 09:00:00,17236,12938.16833065563,12082.321,15520.095956827747,13501.070315599442
2026-07-25 10:00:00,20148,15634.886516859227,16166.894,18176.277662923138,17904.447505891323
2026-07-25 11:00:00,21263,17273.645662807852,17390.066,19651.82606856017,18821.69721221924
2026-07-25 12:00:00,21334,19780.094152057165,18536.938,22081.563792051296,20586.80349391699
2026-07-25 13:00:00,21311,20225.877501531206,19080.598,22304.857444740028,20631.805114209652
2026-07-25 14:00:00,20412,18879.729636981592,18861.303,20537.755366625956,20566.200084149837
2026-07-25 15:00:00,20096,19488.24431675994,19105.97,21174.69049993915,20178.89859163761
2026-07-25 16:00:00,20031,18968.126345071563,18338.475,20924.50714595905,19623.75220400095
2026-07-25 17:00:00,19342,17564.725816623486,17343.12,19634.11326730004,18648.1279566288
2026-07-25 18:00:00,16054,15133.191378133426,16072.866,17147.92792088179,17356.124255776405
2026-07-25 19:00:00,9672,10999.151152095841,13641.315,12678.739815240775,14683.689420580864
2026-07-25 20:00:00,1812,5653.625597787781,7568.5703,6199.326574834314,8339.27834224701
2026-07-25 21:00:00,-7,2108.7410332742083,542.1836,1548.7395782829958,426.07303852401674
2026-07-25 22:00:00,-67,1681.2104028512495,429.81503,1331.6463942763714,429.77986174449325
2026-07-25 23:00:00,-62,1657.5213198121173,267.33813,1196.241037308176,463.36734913289547
2026-07-26 00:00:00,-61,1460.1178962455879,259.44257,935.7049628865684,259.8048717249185
2026-07-26 01:00:00,-60,1105.6907345207946,0.0,702.2157363201084,31.97868609998841
2026-07-26 02:00:00,-61,670.1423178097211,87.663635,592.6359036745323,59.74970303173177
2026-07-26 03:00:00,-61,766.823048625346,114.42662,703.2527360399223,125.23034076718614
2026-07-26 04:00:00,-62,799.048554009074,198.71333,737.1875590954005,246.54884259495884
2026-07-26 05:00:00,-61,998.746796155021,109.315,819.045788251028,305.07534484099597
2026-07-26 06:00:00,-55,853.8101046203019,125.501686,741.1722655206108,186.33368248585612
2026-07-26 07:00:00,1585,4816.957775434716,3458.4531,6021.437956292056,4823.77264174819
2026-07-26 08:00:00,8253,10352.256145830605,10297.29,13074.693946166763,12439.44800400734
2026-07-26 09:00:00,14692,10831.812425964747,12212.898,12091.360173108971,13264.54113471508
2026-07-26 10:00:00,16509,14693.712602020223,15562.054,16266.2253534401,16600.362617313862
2026-07-26 11:00:00,16182,17490.359915374986,15978.567,19348.957286510326,18111.00017273426
2026-07-26 12:00:00,17662,20016.139661274086,16599.297,21509.731282054483,18215.64126765728
2026-07-26 13:00:00,17776,18856.904766803473,16328.53,19862.79560268659,17017.917998075485
2026-07-26 14:00:00,17080,20474.684526177072,17206.844,21587.567611072158,18063.08009338379
2026-07-26 15:00:00,16078,17906.239456446554,17384.357,18950.69814526571,17377.400331497192
2026-07-26 16:00:00,16730,16461.4597804012,16688.453,17943.30147195433,17850.09824079275
2026-07-26 17:00:00,15020,16191.33338158438,17132.715,17792.126831073245,18216.364852547646
2026-07-26 18:00:00,12794,15103.766550767694,17172.506,17382.575619345957,18140.675193071365
2026-07-26 19:00:00,7958,12863.562664031597,16509.535,14965.88292283011,17844.00672799349
2026-07-26 20:00:00,1549,6917.076231832094,9942.306,7747.06356077733,10457.58181861043
2026-07-26 21:00:00,-63,2237.430944747006,791.43933,1754.6459071449653,810.508289013058
2026-07-26 22:00:00,-65,1898.6411965515063,510.3181,1463.6535144731838,622.3961914759129
2026-07-26 23:00:00,-61,1616.4348116950887,395.14728,1295.5455902044553,476.55212943814695
2026-07-27 00:00:00,-61,1489.4846452547354,523.5132,1281.6282032847375,615.6791211143136
2026-07-27 01:00:00,-58,1308.6876962682436,247.42307,1071.2657298381862,246.91436183732003
2026-07-27 02:00:00,-59,1026.1098234535075,258.15646,868.1110482581644,151.31299033761024
2026-07-27 03:00:00,-58,743.3252644562035,221.94803,624.2823591355476,133.9878953951411
2026-07-27 04:00:00,-58,489.2319917869845,0.0,294.5483809193628,0.0
2026-07-27 05:00:00,-58,183.94228560196007,0.0,0.0,0.0
2026-07-27 06:00:00,-56,142.56325970272428,0.0,0.0,0.0
2026-07-27 07:00:00,2152,4165.531933250366,3406.7544,5401.055996549887,4012.4993124604225
2026-07-27 08:00:00,11562,9920.26371090474,6384.8345,12502.36252991794,7176.453303933144
2026-07-27 09:00:00,18013,13397.448769682866,13450.709,16204.655171087188,15777.649276912212
2026-07-27 10:00:00,20458,15863.642929972975,17585.1,18501.496261288507,19182.30512213707
2026-07-27 11:00:00,21230,17428.538820945098,19273.28,19673.500776755973,20819.476235330105
2026-07-27 12:00:00,21384,19055.014036619916,19971.18,21017.88825136891,21517.597637414932
2026-07-27 13:00:00,20500,20092.54248805096,20122.633,21803.675991602922,21579.724100112915
2026-07-27 14:00:00,19966,20614.49978788875,20086.91,22244.90884600846,21645.317070424557
2026-07-27 15:00:00,21007,20649.121335194563,20181.627,22326.797611786093,21481.029801011086
2026-07-27 16:00:00,20323,19882.935007020915,19916.855,21746.398396807002,21299.19023811817
2026-07-27 17:00:00,19446,18443.460044476727,19191.822,20568.75409364004,20664.862223923206
2026-07-27 18:00:00,17544,16319.283386599534,18218.85,18658.133009406432,19449.356185674667
2026-07-27 19:00:00,10691,12871.21047694701,16599.326,15007.572511166674,17784.63926768303
2026-07-27 20:00:00,1935,6683.303979480126,10327.061,7565.618591243637,10919.629630297422
2026-07-27 21:00:00,65,2012.9772978387828,619.0196,1583.1692166832784,697.657646143809
2026-07-27 22:00:00,61,1714.388419553531,304.7313,1296.5574165661083,449.9347996264696
2026-07-27 23:00:00,52,1498.2994903584322,268.13544,1119.9728813467764,304.7101605916396
2026-07-28 00:00:00,-42,1400.0856004307188,219.90898,1050.3032935700842,326.58759063016623
2026-07-28 01:00:00,-40,1146.9086262566925,164.29771,900.3321874458932,163.82063462631777
2026-07-28 02:00:00,-47,1013.3381632152905,106.23794,750.0012618111807,164.5944684674032
2026-07-28 03:00:00,-49,761.6648015052424,0.0,515.8368668570893,0.0
2026-07-28 04:00:00,-48,498.2831411052248,0.0,284.7741904138374,0.0
2026-07-28 05:00:00,-48,155.16435811360952,0.0,0.0,0.0
2026-07-28 06:00:00,-46,72.39479674167069,0.0,0.0,0.0
2026-07-28 07:00:00,1708,3659.5942613403276,739.3761,4745.35293175868,609.4566679242998
2026-07-28 08:00:00,10387,9822.061132634259,6717.2876,12375.97561999196,7550.730268418789
2026-07-28 09:00:00,16680,13536.13145546669,13375.833,16291.368301929806,15223.908519923687
2026-07-28 10:00:00,18974,16027.610960093974,17593.848,18599.13365328321,18810.641103088856
2026-07-28 11:00:00,20079,17575.068140904037,18790.646,19775.479437687427,20435.091861903667
2026-07-28 12:00:00,20429,18954.01918618883,19972.113,20899.231519422967,21583.352744340897
2026-07-28 13:00:00,20587,19978.146013389713,20035.572,21749.793324652983,21587.3110216856
2026-07-28 14:00:00,20738,20599.394752963744,20163.07,22285.030111055774,21804.63974350691
2026-07-28 15:00:00,20369,20658.4776586221,20093.455,22346.691399323845,21668.802760004997
2026-07-28 16:00:00,19949,20068.658181745912,19967.895,21936.010256557744,21511.08671337366
2026-07-28 17:00:00,18794,18513.775321905312,19367.893,20649.40121437567,21081.340267181396
2026-07-28 18:00:00,16567,16413.285896133108,18325.314,18738.73991090457,19622.110738277435
2026-07-28 19:00:00,10037,13063.61120996147,17070.193,15143.698863564723,18303.869045317173
2026-07-28 20:00:00,1838,6617.988024760549,10199.939,7439.699957298808,11150.640136420727
2026-07-28 21:00:00,39,1933.8433830937838,608.89526,1439.1547589971094,648.2237334046513
2026-07-28 22:00:00,-40,1706.4286785400545,361.05298,1211.897223667099,448.19802839308977
2026-07-28 23:00:00,-41,1449.4321604043025,204.49579,1081.314421036561,200.92438655812293
2026-07-29 00:00:00,-41,1350.6477305066555,151.13179,1004.9094041107993,207.49288752209395
2026-07-29 01:00:00,-40,1252.7157534578791,13.680661,903.436505220434,65.4406898196321
2026-07-29 02:00:00,-40,1101.8415682769664,44.943596,768.6992357080755,9.427650557132438
2026-07-29 03:00:00,-39,847.2916315315997,0.0,623.8092235623355,0.0
2026-07-29 04:00:00,-39,783.0885349586551,0.0,499.7807964174988,0.0
2026-07-29 05:00:00,-39,486.1841185134617,0.0,313.67473258141115,0.0
2026-07-29 06:00:00,-36,429.6565401579801,0.0,261.8909812282223,0.0
2026-07-29 07:00:00,2062,2986.3475661460916,760.2251,3451.779699445498,792.9317085407674
2026-07-29 08:00:00,11555,8350.25946801111,4171.4097,9899.512542442912,4639.179101362824
2026-07-29 09:00:00,18438,13193.764144855602,12882.322,15365.532799719875,14136.135314404964
2026-07-29 10:00:00,20590,16089.424850052736,17885.898,18371.027511261556,18932.252943634987
2026-07-29 11:00:00,21550,17678.11759981468,19361.332,19751.16627997102,20502.756428956985
2026-07-29 12:00:00,21944,19233.829397609567,19907.611,21085.10973633308,21478.629911124706
2026-07-29 13:00:00,21825,20292.4578042669,20015.803,21936.90651364373,21537.001772224903
2026-07-29 14:00:00,21057,20771.66908926334,20172.717,22339.316030302845,21722.311862647533
2026-07-29 15:00:00,19882,20589.37004683545,20172.645,22215.03679323663,21837.873729526997
2026-07-29 16:00:00,19076,19916.006429365985,19981.34,21673.664841422767,21668.938097178936
2026-07-29 17:00:00,17937,18583.64191983945,19175.908,20556.204439426496,21064.421780467033
2026-07-29 18:00:00,16603,16495.09407954272,18193.527,18662.869065827002,19267.72431844473
2026-07-29 19:00:00,10486,13119.151228354509,16436.83,15003.18768717971,17750.983190476894
2026-07-29 20:00:00,1798,6631.317619899808,10037.439,7187.955187844677,10138.456092476845
2026-07-29 21:00:00,-42,2196.9908396581186,705.1013,1430.9674909883051,738.0591843686998
2026-07-29 22:00:00,-46,1844.6668875040004,465.78488,1160.1471301926986,445.8144694156945
2026-07-29 23:00:00,-40,1506.5562049552727,279.5775,1031.9177230795349,395.22202524356544
2026-07-30 00:00:00,-40,1468.8256141036481,290.14075,1014.1477508379006,375.1539761722088
2026-07-30 01:00:00,-39,1105.3778473651037,0.0,729.0777980074009,0.0
2026-07-30 02:00:00,-39,922.9969772095092,0.0,525.7132957653919,0.0
2026-07-30 03:00:00,-39,782.8681083115061,0.0,308.7244390444484,0.0
2026-07-30 04:00:00,-40,588.3721279152442,0.0,143.63103811126973,0.0
2026-07-30 05:00:00,-40,233.06212627290142,0.0,0.0,0.0
2026-07-30 06:00:00,-36,481.1575763843939,0.0,544.6188625546613,0.0
2026-07-30 07:00:00,2263,3681.4503697784057,2602.7026,4444.999451583133,3612.2982443124056
2026-07-30 08:00:00,12056,9496.915238184625,6651.182,11597.349633536389,6997.399542868137
2026-07-30 09:00:00,18635,13323.774623043384,12924.148,15721.39246163335,14636.404487967491
2026-07-30 10:00:00,20788,16099.187290660979,17838.479,18404.260914650895,19396.340192735195
2026-07-30 11:00:00,21572,17710.469589690667,19360.969,19715.15516313396,20764.036233007908
2026-07-30 12:00:00,21945,19362.40788511731,19984.271,21156.584470014503,21659.058483481407
2026-07-30 13:00:00,21662,20308.002214958313,19894.717,21902.799781528705,21685.063320457935
2026-07-30 14:00:00,21860,20710.655657172418,20018.129,22234.754135579107,21648.956434428692
2026-07-30 15:00:00,21366,20746.48019819315,20032.455,22334.148005922412,21476.76065015793
2026-07-30 16:00:00,20805,20135.05534938063,19805.049,21838.633185676248,21026.81278580427
2026-07-30 17:00:00,19616,18570.23461155053,18990.771,20468.522572116857,20944.7783588171
2026-07-30 18:00:00,17620,16444.791952348554,17997.627,18507.031093201273,19126.33449089527
2026-07-30 19:00:00,10559,13016.081225161855,16568.236,14826.737716565412,18279.332817673683
2026-07-30 20:00:00,1809,6403.42360681884,9987.052,6909.024116689633,9983.905059754848
2026-07-30 21:00:00,-8,2092.4793311356852,662.254,1328.396224809596,780.9665121436119
2026-07-30 22:00:00,-43,1786.2010757310827,304.60834,1081.9385312466,409.60155810043216
2026-07-30 23:00:00,-40,1305.8432882054813,395.45508,894.5907303565039,335.42277988698334
2026-07-31 00:00:00,-40,1142.3333501765392,329.83875,799.526355517171,244.61718918103725
2026-07-31 01:00:00,-40,943.8569472924455,116.38262,614.929928954391,172.801326001063
2026-07-31 02:00:00,-40,607.9897848377841,0.0,293.2817459564292,0.0
2026-07-31 03:00:00,-40,389.6819854304572,0.0,136.35524784955652,0.0
2026-07-31 04:00:00,-40,203.84621512485865,0.0,0.0,0.0
2026-07-31 05:00:00,-39,317.25357962438375,0.0,192.72375925929492,0.0
2026-07-31 06:00:00,-38,274.7266596913246,0.0,203.70324603307373,0.0
2026-07-31 07:00:00,2127,3005.639844396199,2078.7566,3697.993057722542,1765.344461724162
2026-07-31 08:00:00,11460,8596.247214626383,4069.893,10420.041309985314,3319.3227421194315
2026-07-31 09:00:00,18190,12997.514227637781,12084.437,15359.749140262034,13241.393118083477
2026-07-31 10:00:00,20455,15950.023571441008,17887.979,18280.927113198835,19321.321859240532
2026-07-31 11:00:00,21434,16642.478702909368,19362.059,18746.38497413125,20611.68811428547
2026-07-31 12:00:00,21874,18962.947525250547,19602.72,20739.364173573336,20806.604464113712
2026-07-31 13:00:00,21952,20025.774437527107,19889.756,21570.83574957174,21243.313404917717
2026-07-31 14:00:00,21645,20751.713665769184,19768.47,22227.98286036973,21527.703706383705
2026-07-31 15:00:00,20871,20924.214726721533,19947.908,22433.61411841958,21504.871923148632
2026-07-31 16:00:00,20462,20115.989301778773,19901.922,21708.562883530652,21341.877726733685
2026-07-31 17:00:00,19334,18519.822402994265,18990.08,20383.86715238625,20766.784515619278
2026-07-31 18:00:00,16964,16409.43413230325,17773.562,18493.082574428623,19089.72377538681
2026-07-31 19:00:00,10187,13029.35950639956,15769.43,14848.674664211225,17147.189118683338
2026-07-31 20:00:00,1653,6500.899343611489,7430.366,6890.6726055994195,7219.506604909897
2026-07-31 21:00:00,-25,2210.4166806895064,248.24637,1382.3577419977898,397.3179927263409
2026-07-31 22:00:00,-26,1908.9960984401696,217.58061,1202.1486533861623,321.5997750964016
2026-07-31 23:00:00,-23,1464.148462154957,173.51479,898.1368180825003,123.11014910275117
2026-08-01 00:00:00,-23,1398.0709116495382,242.22809,917.3827625133852,317.65374593343586
2026-08-01 01:00:00,-22,1238.5690169098243,158.80583,755.8781804482493,178.33894880395383
2026-08-01 02:00:00,-23,879.145943283228,0.0,458.3165624466128,0.0
2026-08-01 03:00:00,-23,565.7257541390991,0.0,204.06020633360964,0.0
2026-08-01 04:00:00,-23,472.2539104056532,0.0,160.56966582467516,0.0
2026-08-01 05:00:00,-23,243.3207979240933,0.0,0.0,0.0
2026-08-01 06:00:00,-20,152.73942314261967,0.0,0.0,0.0
2026-08-01 07:00:00,2060,3426.903171091628,3059.2124,4125.1665320139455,2835.3111140727997
2026-08-01 08:00:00,11615,8834.362046889772,4107.131,10989.20602217493,3967.6996929496527
2026-08-01 09:00:00,18373,12312.084367494595,11412.2,14703.334461855931,13279.055711627007
2026-08-01 10:00:00,20526,15901.389852859,17243.04,18080.46564157883,18783.126117646694
2026-08-01 11:00:00,21238,17497.191465821932,19103.48,19434.45936109579,20685.4964530468
2026-08-01 12:00:00,21525,19127.4997124606,19235.98,20907.783938895882,21021.929927766323
2026-08-01 13:00:00,21744,20316.93579159167,19231.63,21949.43549086826,21241.468263447285
2026-08-01 14:00:00,21648,20704.653037297583,19283.783,22259.444306487327,21288.21720725298
2026-08-01 15:00:00,21191,20502.24368677738,19863.973,22031.886426659643,21373.775760650635
2026-08-01 16:00:00,20438,19933.72176819518,19414.2,21605.67739250472,21155.19148504734
2026-08-01 17:00:00,19305,18524.399536744226,19049.021,20405.034867090526,20396.148255109787
2026-08-01 18:00:00,17218,16429.15985908869,17888.041,18482.082099351555,18916.953143119812
2026-08-01 19:00:00,9843,13005.172923937025,15707.865,14808.087134465157,16728.538980782032
2026-08-01 20:00:00,1513,6783.25834461804,9791.687,7156.631037577972,10192.83282700181
2026-08-01 21:00:00,10,2559.2738472790934,699.2999,1721.2889642788853,826.2801784202456
2026-08-01 22:00:00,9,2172.2967015642944,141.91193,1356.99611591208,387.0624750033021
2026-08-01 23:00:00,-63,1854.5851741160259,229.58159,1160.2230617347093,186.30028787069023
2026-08-02 00:00:00,-65,1720.9515690007756,83.85063,1084.6237774622193,102.20500485505909
2026-08-02 01:00:00,-64,1624.6426592624011,197.9593,1060.5001437105295,197.96553990617394
2026-08-02 02:00:00,-63,1436.5945419621066,200.88467,923.0002802199826,221.19361986592412
2026-08-02 03:00:00,-62,1187.860496008294,69.81109,714.8113746910177,140.75906712701544
2026-08-02 04:00:00,-63,1004.057118443955,0.0,542.3171732531542,0.0
2026-08-02 05:00:00,-63,773.9056381086148,0.0,278.37226326022187,0.0
2026-08-02 06:00:00,-61,654.1612348301142,0.0,161.74771264948092,0.0
2026-08-02 07:00:00,1875,4123.04266150039,2387.9717,4747.510720811033,2636.7140286043286
2026-08-02 08:00:00,11195,10144.02928032248,5952.788,12270.940639656714,6898.958498477936
2026-08-02 09:00:00,18144,13943.400191057091,13778.675,16256.008798124596,15917.1564437747
2026-08-02 10:00:00,20024,16334.758900873803,18154.852,18469.939132876294,19701.215986430645
2026-08-02 11:00:00,21159,17775.056397774326,19384.863,19697.016593113432,20890.76006680727
2026-08-02 12:00:00,21857,19271.156434221673,19980.402,20950.405360052417,21433.61489111185
2026-08-02 13:00:00,21999,20317.995450276845,19931.771,21802.77935427918,21600.445427417755
2026-08-02 14:00:00,21824,20764.622486350356,20041.775,22156.804762252727,21627.484722793102
2026-08-02 15:00:00,21394,20605.17334529659,20006.916,22062.288986785145,21588.713972389698
2026-08-02 16:00:00,20677,19929.62340018284,19795.348,21566.337488799978,21403.54725897312
2026-08-02 17:00:00,19364,18655.094599841595,18885.62,20510.719900932658,20664.432092905045
2026-08-02 18:00:00,17193,16632.35788632543,17652.72,18638.94581617916,19186.53407382965
2026-08-02 19:00:00,9870,13201.25232438017,15263.366,14886.228102606472,16551.27810227871
2026-08-02 20:00:00,1426,6971.519116266523,9444.192,7317.620675373112,10491.56216904521
2026-08-02 21:00:00,-58,2671.729358021159,310.15155,1765.108176171478,673.8131371811032
2026-08-02 22:00:00,-58,2305.8510849733975,527.0461,1461.7304156102261,686.6199197545648
2026-08-02 23:00:00,-53,2130.9370860712115,570.2233,1352.4530469568622,620.2761882450432
2026-08-03 00:00:00,-53,1743.2533775394295,483.50372,1076.0793866036897,398.5269406065345
2026-08-03 01:00:00,-53,1461.0793544604785,358.33337,875.93725825469,363.91579834371805
2026-08-03 02:00:00,-53,1175.6048250605654,347.0138,678.2348226399694,166.28940744930878
2026-08-03 03:00:00,-53,1122.2282451044193,93.03547,711.1488207091518,0.0
2026-08-03 04:00:00,-54,1103.9767794056897,0.0,704.6493760418119,0.0
2026-08-03 05:00:00,-53,1247.9055375367016,0.0,805.9516629326782,0.0
2026-08-03 06:00:00,-51,1070.8550271940258,9.452284,640.502525352063,0.0
2026-08-03 07:00:00,1804,3907.694338300831,2425.4385,4382.122423807455,3120.3750864714384
2026-08-03 08:00:00,11320,10108.33896118565,5244.6333,12153.102921479323,6887.340271085501
2026-08-03 09:00:00,18417,13877.008414773121,13356.782,16131.896968391364,14988.842588484287
2026-08-03 10:00:00,20757,16246.187742104856,18136.797,18285.57115515823,19794.90281009674
2026-08-03 11:00:00,21866,17680.532207855606,19346.36,19503.242090749467,20804.97773808241
2026-08-03 12:00:00,22420,19224.085824177204,19870.592,20787.30013792487,21416.983158409595
2026-08-03 13:00:00,22417,20307.402420820134,19829.52,21658.43630757053,21401.90043336153
2026-08-03 14:00:00,22211,20738.29501497625,19926.135,21998.22242939099,21602.83727747202
2026-08-03 15:00:00,21706,20637.69438377849,19950.031,21944.348283991592,21577.013336718082
2026-08-03 16:00:00,20659,19939.758091830634,19779.424,21421.05253479835,21374.577063918114
2026-08-03 17:00:00,19449,18568.000929144713,19017.479,20289.756914982216,20900.60618120432
2026-08-03 18:00:00,17124,16412.70271567452,17597.172,18313.54169414958,19057.056597530842
2026-08-03 19:00:00,9680,13033.348120939125,15405.338,14629.817014151535,16863.14720994234
2026-08-03 20:00:00,1482,6511.74308965313,9402.89,6576.770803093961,10087.931107521057
2026-08-03 21:00:00,40,2521.1086994538364,382.15378,1501.359496150461,528.1226694360375
2026-08-03 22:00:00,-9,2072.697729105733,472.7443,1156.4614971268456,594.9747109562159
2026-08-03 23:00:00,-62,1820.1857753575696,380.67282,981.6467073908507,308.1344590866938
2026-08-04 00:00:00,-62,1643.1964587255834,402.73734,907.4421677723611,347.7082086596638
2026-08-04 01:00:00,-60,1447.8720521650976,240.81914,774.6054476834852,204.20078564155847
2026-08-04 02:00:00,-62,1200.4917631442959,242.32887,633.1381869100151,151.42395677044988
2026-08-04 03:00:00,-61,1035.028626962524,190.69716,476.98018048828584,191.1903901323676
2026-08-04 04:00:00,-62,926.3547916047801,145.89778,367.2106717027003,90.87893323693424
2026-08-04 05:00:00,-62,634.9683364429984,82.25371,100.03181219684234,4.863271088557667
2026-08-04 06:00:00,-62,668.129961804405,7.4428563,173.48053678752586,26.431502910796553
2026-08-04 07:00:00,1565,3524.966366987782,2496.0303,3951.7073812570725,2981.470237031579
2026-08-04 08:00:00,10350,9735.569271082466,5759.577,11703.888821433387,7087.209157496691
2026-08-04 09:00:00,17561,13570.691034050622,12849.9795,15752.847625753455,14883.124156057835
2026-08-04 10:00:00,19701,16115.679574872996,17480.965,18137.080459945697,19460.19655930996
2026-08-04 11:00:00,20829,17457.404785548646,18959.592,19174.978573775777,20430.203643977642
2026-08-04 12:00:00,21302,18875.316784231327,19681.824,20394.278552430198,21294.535175323486
2026-08-04 13:00:00,21975,19906.56343766387,19898.36,21210.317669097643,21536.046372175217
2026-08-04 14:00:00,21615,20465.252367717418,19913.016,21661.916230091367,21631.229944586754
2026-08-04 15:00:00,20868,20406.117702416886,19926.707,21625.824256129003,21603.397385776043
2026-08-04 16:00:00,20135,19727.12063053883,19771.748,21100.9163960256,21480.694808006287
2026-08-04 17:00:00,18582,18384.965046892896,18650.275,19906.57479818144,20566.200084149837
2026-08-04 18:00:00,16327,16323.895894808906,17443.93,17940.922292757004,19176.645080327988
2026-08-04 19:00:00,8881,12674.638544127843,15739.771,13943.829283229128,16599.369698047638
2026-08-04 20:00:00,1219,6188.604667014766,8624.285,6066.569237332425,9429.472877204418
2026-08-04 21:00:00,-73,2507.6125845759034,333.33658,1424.3086503568363,408.3488517589867
2026-08-04 22:00:00,-67,2158.5230279236275,546.6969,1212.9634280536181,627.629159078002
2026-08-04 23:00:00,-63,1925.5096324141796,403.46512,1159.355447883181,289.91161429695785
2026-08-05 00:00:00,-63,1469.5417853008184,276.26648,776.0272302382967,236.74920847732574
2026-08-05 01:00:00,-63,1210.8152741111844,186.5083,640.0908158803762,120.4479282880202
2026-08-05 02:00:00,-63,1153.9459655061828,23.172882,607.2996141008291,118.80477713095024
2026-08-05 03:00:00,-64,1020.4249767403371,115.71642,408.1395151684483,55.8492590887472
2026-08-05 04:00:00,-64,842.3574595066857,65.75247,311.22049013473077,24.27036620292347
2026-08-05 05:00:00,-62,775.4942222992513,0.0,360.03417060914745,0.0
2026-08-05 06:00:00,-62,685.7415621093278,46.285793,215.00722795865687,6.431750538293272
2026-08-05 07:00:00,1411,3270.125135699961,2037.3605,3650.063783055915,2208.592800974846
2026-08-05 08:00:00,9219,9212.991707525038,4365.483,11090.033492956069,4976.158949673176
2026-08-05 09:00:00,17236,12907.118271212337,11241.644,14992.621245988996,13334.009304106236
2026-08-05 10:00:00,20063,15441.024416736705,16869.02,17433.856081051017,18729.48167783022
2026-08-05 11:00:00,21109,16959.863364098786,18141.406,18638.525315969204,19860.242525696754
2026-08-05 12:00:00,20881,18482.035129003023,19717.959,19909.13480873795,21186.654028058052
2026-08-05 13:00:00,20450,19583.424154053,19707.975,20824.894544554598,21255.49911046028
2026-08-05 14:00:00,20308,20063.490366020433,19952.293,21192.11688804131,21619.45714712143
2026-08-05 15:00:00,20536,19950.466351257062,19795.299,21166.688915790994,21361.02978348732
2026-08-05 16:00:00,19995,19257.489698378475,19121.613,20676.191564533325,20874.893414974213
2026-08-05 17:00:00,18278,17770.465397253734,17891.344,19551.912089661048,19851.55793786049
2026-08-05 18:00:00,16008,15308.464052555672,15612.965,16669.678262308098,16993.557225465775
2026-08-05 19:00:00,8800,10798.05775326033,13252.968,11404.502990365403,12987.293652296066
2026-08-05 20:00:00,1159,5941.7892027531125,8144.21,5805.459046866104,9133.836107254028
2026-08-05 21:00:00,-72,2359.752919965703,144.21188,1211.5143315506475,315.6689670495689
2026-08-05 22:00:00,-65,1771.63210096902,0.0,798.356426641655,0.0
2026-08-05 23:00:00,-60,1421.368913625518,0.0,663.0703062382586,0.0
2026-08-06 00:00:00,-63,1402.8302837740057,230.9024,683.8961273441951,171.34016468189657
2026-08-06 01:00:00,-61,1148.9394879664114,56.866333,481.0339416537077,105.36736899986863
2026-08-06 02:00:00,-61,960.179349671942,30.046886,368.5582253909258,0.0
2026-08-06 03:00:00,-60,499.51579202957237,0.0,0.0,0.0
2026-08-06 04:00:00,-60,53.22466978318516,0.0,0.0,0.0
2026-08-06 05:00:00,-60,0.0,0.0,0.0,0.0
2026-08-06 06:00:00,-60,490.1663831809028,0.0,146.9018753016002,0.0
2026-08-06 07:00:00,1161,2087.2559678356747,2295.9126,2311.455818883598,2970.4647570848465
2026-08-06 08:00:00,8613,5360.686652081473,3889.0515,5895.068811683866,4248.595436215401
2026-08-06 09:00:00,15961,11032.045445434062,10419.214,12256.735175640475,11723.424352407455
2026-08-06 10:00:00,18824,15347.211778322115,16408.926,17318.35841800223,17787.628202438354
2026-08-06 11:00:00,20011,16898.05680499013,18725.41,18700.60834237243,20326.324758529663
2026-08-06 12:00:00,19687,18539.503600741653,19369.7,20083.848465117953,21247.88353919983
2026-08-06 13:00:00,19869,18597.839510660997,18744.01,19818.232611122417,20234.914021492004
2026-08-06 14:00:00,19269,19908.16012160891,18707.783,21030.657771623853,20324.14118528366
2026-08-06 15:00:00,18434,19325.02677706406,18863.38,20453.39337491298,19858.101975917816
2026-08-06 16:00:00,17654,18219.750512617942,18174.688,19554.422035987845,19270.139466524124
2026-08-06 17:00:00,16781,17758.717369672613,17771.988,19505.151216644852,19661.93584918976
2026-08-06 18:00:00,14735,15066.093985135667,15456.585,16455.3161229407,16582.184854745865
2026-08-06 19:00:00,7721,11817.851925396273,13537.46,13220.022580508066,14221.740839481354
2026-08-06 20:00:00,1006,5464.0333101499255,6458.581,5441.480173946558,7936.60588145256
2026-08-06 21:00:00,1,2209.1368476958887,0.0,1304.3924615327176,0.0
2026-08-06 22:00:00,-45,1851.0400215763393,0.0,1060.9840557441248,0.0
2026-08-06 23:00:00,-42,1703.3841783814569,367.58148,1095.5692207662014,334.57831129431725
2026-08-07 00:00:00,-43,1848.5672296132934,311.41385,1297.9378081173036,202.68498320132494
2026-08-07 01:00:00,-43,1561.1268681879465,189.80869,980.0215354276402,170.409218640998
2026-08-07 02:00:00,-42,996.86729968279,140.68732,502.72656869530545,158.29544641077518
2026-08-07 03:00:00,-43,1231.2899729773999,0.0,810.1109063656834,0.0
2026-08-07 04:00:00,-44,835.0727736173067,14.195137,410.6648732743362,0.0
2026-08-07 05:00:00,-44,558.0170869604117,0.0,51.84452116785276,0.0
2026-08-07 06:00:00,-44,764.9865612315252,0.0,389.16424673817943,0.0
2026-08-07 07:00:00,1225,3291.7234262553866,3039.3723,3700.2353673243233,2953.7679052352905
2026-08-07 08:00:00,9160,9252.385905936388,7846.786,11151.831132304078,7506.213438510895
2026-08-07 09:00:00,16100,13028.743502990063,13012.014,15226.122065725247,14060.78048825264
2026-08-07 10:00:00,18863,15439.99359765568,16514.88,17546.19883352064,18385.90321779251
2026-08-07 11:00:00,20155,16922.03330914284,18244.648,18728.81677876571,19779.14321899414
2026-08-07 12:00:00,20994,18227.229006315036,18396.28,19928.84401138316,20122.235494852066
2026-08-07 13:00:00,20807,21768.23334741892,17467.205,22950.976569045706,18791.235349178314
2026-08-07 14:00:00,20771,19794.89789849532,17303.01,21062.863639548355,18351.540670394897
2026-08-07 15:00:00,20761,18240.891137349965,17359.838,19549.47644401369,18931.38360142708
2026-08-07 16:00:00,19817,18764.30245615461,17255.1,20060.59516309302,18686.79800748825
2026-08-07 17:00:00,18905,17621.439459401758,16565.682,19326.810706752418,18019.127056598663
2026-08-07 18:00:00,16115,15607.82215900151,15744.936,17411.277828016802,16924.225434064865
2026-08-07 19:00:00,8118,12054.420787033787,14008.134,13603.152744988196,14468.416463136673
2026-08-07 20:00:00,1114,5506.246749006552,8259.901,5524.742811653885,8659.462169408798
2026-08-07 21:00:00,30,2261.0909695586897,236.11711,1431.5744458902343,434.6399038285017
2026-08-07 22:00:00,-47,1916.3215826044052,23.044142,1083.743750079103,91.08576723374426
2026-08-07 23:00:00,-43,1626.8640877089629,232.14047,943.9431396584439,284.31190226227045
2026-08-08 00:00:00,-44,1636.7667276651264,436.90884,931.2563052923638,472.2769758850336
2026-08-08 01:00:00,-41,1414.7829107697753,184.56024,748.5830679671723,301.19020350277424
2026-08-08 02:00:00,-42,973.7674351683918,0.0,360.27569481985114,0.0
2026-08-08 03:00:00,-42,729.0461047876142,0.0,108.69727059211382,0.0
2026-08-08 04:00:00,-43,533.2024958804677,0.0,0.0,0.0
2026-08-08 05:00:00,-42,348.2864916214148,0.0,0.0,0.0
2026-08-08 06:00:00,-42,391.9770705607107,0.0,0.0,0.0
2026-08-08 07:00:00,1248,2984.149916140942,1094.8795,3265.7395360081928,582.6282731443644
2026-08-08 08:00:00,9500,9338.7403044233,5687.103,11274.779972991864,6219.3411165475845
2026-08-08 09:00:00,16949,13176.575658997604,13240.657,15430.567159988052,14621.628737449646
2026-08-08 10:00:00,20154,15680.187572632873,16998.129,17774.003224542263,18440.97630262375
2026-08-08 11:00:00,21354,17094.748937616714,18608.111,18922.45242737973,19963.222185373306
2026-08-08 12:00:00,21864,18615.98176093134,18904.674,20338.368780116554,20498.634612560272
2026-08-08 13:00:00,22038,19558.895337409947,19497.094,20950.616714349493,21406.75786972046
2026-08-08 14:00:00,21860,20414.72652721087,19769.436,21759.936389237388,21439.756017923355
2026-08-08 15:00:00,21652,20476.753815439573,19528.816,21827.163293205507,21473.32344532013
2026-08-08 16:00:00,20865,19861.28748464198,19368.305,21421.943498275537,21216.72819852829
2026-08-08 17:00:00,19246,18350.25902650005,18233.918,20146.313475410032,20095.737285614014
2026-08-08 18:00:00,16264,16172.852742944968,17390.854,18163.80199805084,18648.19793820381
2026-08-08 19:00:00,8355,12490.255718372357,14026.769,14129.784312417394,15063.39874625206
2026-08-08 20:00:00,982,5734.508015285221,7674.399,5702.244350762611,7636.153419017792
2026-08-08 21:00:00,-74,2552.66161052218,15.801186,1575.1267315017412,351.5411775559187
2026-08-08 22:00:00,-66,2274.8278113751257,0.0,1273.4519900146804,0.0
2026-08-08 23:00:00,-62,1840.0423006748051,0.0,961.4436267671701,95.19518877379596
2026-08-09 00:00:00,-62,1626.612656374612,0.0,816.2019296127442,0.0
2026-08-09 01:00:00,-59,1555.5257619010663,30.062075,787.6084326332801,90.66717037931085
2026-08-09 02:00:00,-60,1393.0110438937609,0.0,626.059066815246,0.0
2026-08-09 03:00:00,-59,1221.807901833823,0.0,466.09458313721,0.0
2026-08-09 04:00:00,-60,1028.9432311826731,0.0,234.73056621725112,0.0
2026-08-09 05:00:00,-60,747.0682216867299,0.0,0.0,0.0
2026-08-09 06:00:00,-59,704.6291664816845,0.0,41.369227045520674,0.0
2026-08-09 07:00:00,1084,3263.923670024058,3073.6846,3434.1735924645277,2803.56305539608
2026-08-09 08:00:00,9265,9329.028898441304,6077.9478,11120.579365918094,6123.273916244507
2026-08-09 09:00:00,16459,13251.105340396021,11560.594,15183.830538036298,12725.116529464722
2026-08-09 10:00:00,19297,15844.14762872702,16723.195,17685.315637994667,18187.691160440445
2026-08-09 11:00:00,20187,17405.043601486228,18866.953,19046.33157400901,20296.273231506348
2026-08-09 12:00:00,21115,18962.927202082417,19231.264,20361.395386630436,21101.912870407104
2026-08-09 13:00:00,21350,20154.395265516447,19778.34,21382.65954603612,21215.09920477867
2026-08-09 14:00:00,20950,20391.139421317326,19557.486,21539.73641555069,20637.90890097618
2026-08-09 15:00:00,20463,19527.311917548606,18646.441,20652.73522387555,19742.702668905258
2026-08-09 16:00:00,18919,19650.214434626505,18516.58,21015.77190649565,20170.89550256729
2026-08-09 17:00:00,17372,18380.189052364796,17665.074,19904.03471054641,19230.260523557663
